filename,occ,ch,sev,sigma,true,pred_passthrough,pred_gamma,pred_clahe,pred_stretch,pred_dcp,pred_adair
01_03_12_03_0001.bmp,0,12,3,0,9,13,31,41,13,13,15
01_03_12_03_0002.bmp,0,12,3,0,9,13,31,1,13,13,15
01_03_12_03_0003.bmp,0,12,3,0,9,13,31,16,13,13,15
01_03_12_03_0011.bmp,0,12,3,0,9,13,16,16,13,16,41
01_03_12_03_0012.bmp,0,12,3,0,9,16,16,16,16,13,15
01_03_12_03_0015.bmp,0,12,3,0,9,13,13,41,13,15,15
01_03_12_03_0018.bmp,0,12,3,0,9,13,13,16,13,9,15
01_03_12_03_0021.bmp,0,12,3,0,9,13,13,41,13,13,15
01_03_12_03_0022.bmp,0,12,3,0,9,13,13,41,13,16,15
01_03_12_03_0024.bmp,0,12,3,0,9,13,13,41,13,13,15
01_03_12_03_0026.bmp,0,12,3,0,9,13,13,41,13,13,15
01_03_12_03_0029.bmp,0,12,3,0,9,13,13,41,13,13,15
01_03_12_03_0030.bmp,0,12,3,0,9,13,13,13,13,13,15
01_03_12_03_0031.bmp,0,12,3,0,9,13,13,16,13,13,15
01_03_12_03_0037.bmp,0,12,3,0,9,13,16,2,13,9,15
01_03_12_03_0039.bmp,0,12,3,0,9,13,16,41,13,13,15
01_03_12_03_0044.bmp,0,12,3,0,9,13,13,16,13,13,15
01_03_12_03_0046.bmp,0,12,3,0,9,13,13,16,13,16,15
01_03_12_03_0048.bmp,0,12,3,0,9,13,13,16,13,15,15
01_03_12_03_0049.bmp,0,12,3,0,9,13,13,13,13,40,15
01_03_12_03_0052.bmp,0,12,3,0,9,13,13,9,13,13,15
01_03_12_03_0054.bmp,0,12,3,0,9,13,13,13,13,15,15
01_03_12_03_0058.bmp,0,12,3,0,9,13,13,13,13,9,15
01_03_12_03_0061.bmp,0,12,3,0,9,13,13,9,13,9,15
01_03_12_03_0062.bmp,0,12,3,0,9,13,13,13,13,9,15
01_03_12_03_0067.bmp,0,12,3,0,9,13,13,9,13,9,15
01_03_12_03_0070.bmp,0,12,3,0,9,13,13,13,13,15,15
01_03_12_03_0078.bmp,0,12,3,0,9,13,13,13,13,9,15
01_03_12_03_0079.bmp,0,12,3,0,9,13,13,9,9,9,15
01_03_12_03_0081.bmp,0,12,3,0,9,13,13,9,13,9,41
01_03_12_03_0083.bmp,0,12,3,0,9,13,13,13,9,9,15
01_03_12_03_0084.bmp,0,12,3,0,9,13,13,13,9,9,15
01_06_12_03_0001.bmp,1,12,3,0,14,36,32,25,25,14,14
01_06_12_03_0002.bmp,0,12,3,0,14,25,13,25,13,25,14
01_06_12_03_0002.bmp,1,12,3,0,14,36,36,42,36,14,14
01_06_12_03_0004.bmp,0,12,3,0,14,25,32,25,25,14,14
01_06_12_03_0005.bmp,1,12,3,0,14,36,36,13,36,13,14
01_06_12_03_0007.bmp,0,12,3,0,14,25,25,25,25,14,14
01_06_12_03_0007.bmp,1,12,3,0,14,25,36,25,25,14,14
01_06_12_03_0008.bmp,1,12,3,0,14,36,32,1,36,14,14
01_06_12_03_0010.bmp,0,12,3,0,14,25,25,25,25,14,14
01_06_12_03_0013.bmp,1,12,3,0,14,36,32,25,25,14,14
01_06_12_03_0014.bmp,0,12,3,0,14,25,25,2,25,14,14
01_06_12_03_0016.bmp,1,12,3,0,14,25,11,25,25,14,14
01_06_12_03_0020.bmp,0,12,3,0,14,25,25,25,25,14,14
01_06_12_03_0021.bmp,0,12,3,0,14,25,25,2,25,14,14
01_06_12_03_0022.bmp,0,12,3,0,14,25,25,2,25,14,14
01_06_12_03_0022.bmp,1,12,3,0,14,25,11,25,25,14,14
01_06_12_03_0023.bmp,0,12,3,0,14,25,25,25,25,14,14
01_06_12_03_0023.bmp,1,12,3,0,14,13,32,13,13,14,14
01_06_12_03_0024.bmp,0,12,3,0,14,25,25,2,25,14,14
01_06_12_03_0024.bmp,1,12,3,0,14,25,11,11,25,14,14
01_06_12_03_0025.bmp,0,12,3,0,14,25,25,2,25,14,14
01_06_12_03_0025.bmp,1,12,3,0,14,25,32,25,25,14,14
01_06_12_03_0026.bmp,0,12,3,0,14,25,25,2,25,14,14
01_06_12_03_0026.bmp,1,12,3,0,14,25,11,13,25,14,14
01_06_12_03_0027.bmp,1,12,3,0,14,25,11,11,25,13,14
01_06_12_03_0028.bmp,1,12,3,0,14,25,13,25,25,14,14
01_06_12_03_0029.bmp,1,12,3,0,14,25,32,18,25,14,14
01_06_12_03_0030.bmp,0,12,3,0,14,25,25,2,25,14,14
01_06_12_03_0031.bmp,1,12,3,0,14,12,36,0,12,13,3
01_06_12_03_0032.bmp,0,12,3,0,14,25,25,2,25,14,14
01_06_12_03_0032.bmp,1,12,3,0,14,31,36,42,36,13,13
01_06_12_03_0033.bmp,1,12,3,0,14,31,31,16,31,13,13
01_06_12_03_0034.bmp,0,12,3,0,14,25,25,4,25,14,14
01_06_12_03_0034.bmp,1,12,3,0,14,36,36,42,36,13,15
01_06_12_03_0036.bmp,1,12,3,0,14,31,31,2,31,7,14
01_06_12_03_0037.bmp,0,12,3,0,14,25,25,5,25,14,14
01_06_12_03_0037.bmp,1,12,3,0,14,31,36,6,36,17,8
01_06_12_03_0044.bmp,0,12,3,0,14,10,10,0,10,17,17
01_06_12_03_0045.bmp,0,12,3,0,14,31,31,16,36,14,17
01_06_12_03_0051.bmp,0,12,3,0,14,32,32,1,13,14,14
01_06_12_03_0052.bmp,0,12,3,0,14,32,32,25,13,14,14
01_06_12_03_0056.bmp,0,12,3,0,14,36,36,16,36,14,17
01_06_12_03_0057.bmp,0,12,3,0,14,36,36,9,13,14,17
01_06_12_03_0058.bmp,0,12,3,0,14,36,36,13,36,14,14
01_06_12_03_0059.bmp,0,12,3,0,14,36,36,23,13,26,14
01_06_12_03_0064.bmp,0,12,3,0,14,32,32,23,13,14,14
01_06_12_03_0067.bmp,0,12,3,0,14,13,32,25,25,14,14
01_06_12_03_0069.bmp,0,12,3,0,14,25,32,25,25,14,14
01_06_12_03_0070.bmp,0,12,3,0,14,25,32,25,25,14,14
01_06_12_03_0075.bmp,0,12,3,0,14,25,32,24,25,14,14
01_06_12_03_0085.bmp,0,12,3,0,14,2,11,0,1,14,8
01_06_12_03_0086.bmp,0,12,3,0,14,16,16,7,16,17,17
01_11_12_03_0001.bmp,0,12,3,0,12,31,31,1,13,13,13
01_11_12_03_0002.bmp,0,12,3,0,12,36,31,11,36,13,26
01_11_12_03_0003.bmp,0,12,3,0,12,31,31,1,36,41,13
01_11_12_03_0005.bmp,0,12,3,0,12,31,31,1,31,15,15
01_11_12_03_0006.bmp,0,12,3,0,12,31,31,42,31,32,15
01_11_12_03_0013.bmp,0,12,3,0,12,31,31,11,13,32,13
01_11_12_03_0014.bmp,0,12,3,0,12,31,31,11,36,13,13
01_11_12_03_0015.bmp,0,12,3,0,12,36,31,11,13,13,13
01_11_12_03_0016.bmp,0,12,3,0,12,11,11,11,13,18,13
01_11_12_03_0019.bmp,0,12,3,0,12,11,11,11,11,17,18
01_11_12_03_0020.bmp,0,12,3,0,12,32,11,11,32,35,32
01_11_12_03_0021.bmp,0,12,3,0,12,32,32,11,11,1,1
01_11_12_03_0024.bmp,0,12,3,0,12,32,31,11,13,1,1
01_11_12_03_0026.bmp,0,12,3,0,12,32,31,11,32,1,32
01_11_12_03_0027.bmp,0,12,3,0,12,32,31,11,11,1,1
01_11_12_03_0028.bmp,0,12,3,0,12,32,31,11,13,7,7
01_11_12_03_0031.bmp,0,12,3,0,12,32,32,11,13,1,1
01_11_12_03_0033.bmp,0,12,3,0,12,32,11,11,13,1,1
01_11_12_03_0035.bmp,0,12,3,0,12,13,11,11,13,1,15
01_11_12_03_0036.bmp,0,12,3,0,12,32,13,18,1,1,1
01_11_12_03_0042.bmp,0,12,3,0,12,13,13,18,13,1,1
01_11_12_03_0046.bmp,0,12,3,0,12,25,11,11,1,1,15
01_11_12_03_0056.bmp,0,12,3,0,12,13,13,11,1,1,1
01_11_12_03_0061.bmp,0,12,3,0,12,13,13,18,1,1,15
01_11_12_03_0064.bmp,0,12,3,0,12,13,13,18,1,1,15
01_11_12_03_0065.bmp,0,12,3,0,12,13,13,18,1,1,15
01_11_12_03_0066.bmp,0,12,3,0,12,13,13,18,1,15,15
01_11_12_03_0067.bmp,0,12,3,0,12,13,13,18,25,13,15
01_11_12_03_0072.bmp,0,12,3,0,12,25,13,18,1,1,15
01_11_12_03_0075.bmp,0,12,3,0,12,25,13,18,25,15,15
01_12_12_03_0003.bmp,0,12,3,0,17,36,31,16,16,26,17
01_12_12_03_0004.bmp,0,12,3,0,17,16,17,9,9,17,17
01_12_12_03_0004.bmp,1,12,3,0,17,31,31,11,31,25,32
01_12_12_03_0005.bmp,0,12,3,0,17,17,17,16,17,26,17
01_12_12_03_0005.bmp,1,12,3,0,17,31,31,13,31,25,29
01_12_12_03_0006.bmp,1,12,3,0,17,31,31,11,31,25,29
01_12_12_03_0009.bmp,1,12,3,0,17,31,31,11,31,25,29
01_12_12_03_0013.bmp,0,12,3,0,17,17,10,9,17,26,17
01_12_12_03_0014.bmp,0,12,3,0,17,17,17,9,17,17,17
01_12_12_03_0017.bmp,1,12,3,0,17,36,31,1,36,38,36
01_12_12_03_0020.bmp,0,12,3,0,17,17,17,12,17,18,17
01_12_12_03_0020.bmp,1,12,3,0,17,31,36,25,36,14,14
01_12_12_03_0022.bmp,0,12,3,0,17,17,17,16,17,13,17
01_12_12_03_0023.bmp,1,12,3,0,17,36,36,9,36,25,12
01_12_12_03_0027.bmp,0,12,3,0,17,17,17,16,17,7,17
01_12_12_03_0028.bmp,0,12,3,0,17,12,31,32,12,26,14
01_12_12_03_0029.bmp,0,12,3,0,17,31,31,13,13,14,17
01_12_12_03_0030.bmp,0,12,3,0,17,12,31,13,13,14,17
01_12_12_03_0032.bmp,1,12,3,0,17,31,31,12,31,13,29
01_12_12_03_0033.bmp,1,12,3,0,17,31,31,1,31,14,29
01_12_12_03_0034.bmp,1,12,3,0,17,31,31,11,36,25,15
01_12_12_03_0035.bmp,1,12,3,0,17,36,31,1,36,14,29
01_12_12_03_0036.bmp,0,12,3,0,17,36,17,9,36,17,17
01_12_12_03_0036.bmp,1,12,3,0,17,36,36,1,36,25,29
01_12_12_03_0037.bmp,1,12,3,0,17,31,31,1,36,13,29
01_12_12_03_0041.bmp,0,12,3,0,17,36,19,16,36,17,17
01_12_12_03_0042.bmp,0,12,3,0,17,36,19,11,36,17,17
01_12_12_03_0042.bmp,1,12,3,0,17,36,36,25,36,26,14
01_12_12_03_0047.bmp,0,12,3,0,17,36,36,9,36,25,29
01_12_12_03_0048.bmp,0,12,3,0,17,36,36,13,36,17,17
01_12_12_03_0049.bmp,0,12,3,0,17,36,36,1,36,17,17
01_12_12_03_0054.bmp,0,12,3,0,17,36,36,12,36,12,17
01_12_12_03_0055.bmp,0,12,3,0,17,36,36,25,36,17,29
01_12_12_03_0056.bmp,0,12,3,0,17,31,36,9,17,18,17
01_12_12_03_0066.bmp,0,12,3,0,17,17,15,25,17,26,41
01_12_12_03_0068.bmp,0,12,3,0,17,17,31,25,17,17,17
01_12_12_03_0079.bmp,0,12,3,0,17,17,31,25,17,18,17
01_12_12_03_0080.bmp,0,12,3,0,17,17,31,25,17,17,17
01_12_12_03_0081.bmp,0,12,3,0,17,17,11,25,17,17,17
01_12_12_03_0087.bmp,0,12,3,0,17,17,31,16,17,26,17
01_12_12_03_0089.bmp,0,12,3,0,17,17,11,16,9,26,17
01_12_12_03_0090.bmp,0,12,3,0,17,17,17,16,17,17,17
01_12_12_03_0091.bmp,0,12,3,0,17,36,11,25,9,26,17
01_12_12_03_0095.bmp,0,12,3,0,17,17,11,25,9,26,17
01_12_12_03_0096.bmp,0,12,3,0,17,17,17,9,9,26,17
01_12_12_03_0104.bmp,0,12,3,0,17,17,17,13,17,17,17
01_12_12_03_0108.bmp,0,12,3,0,17,17,10,25,17,17,17
01_12_12_03_0113.bmp,0,12,3,0,17,17,10,9,17,17,17
01_13_12_03_0001.bmp,0,12,3,0,13,31,31,13,12,13,13
01_13_12_03_0003.bmp,0,12,3,0,13,12,12,1,13,13,13
01_13_12_03_0004.bmp,0,12,3,0,13,31,31,11,12,13,13
01_13_12_03_0006.bmp,0,12,3,0,13,31,31,12,12,12,13
01_13_12_03_0007.bmp,1,12,3,0,13,13,13,13,13,13,13
01_13_12_03_0008.bmp,1,12,3,0,13,13,13,13,13,13,13
01_13_12_03_0009.bmp,0,12,3,0,13,31,31,42,12,13,13
01_13_12_03_0009.bmp,1,12,3,0,13,13,13,13,13,13,13
01_13_12_03_0010.bmp,0,12,3,0,13,31,31,42,13,7,13
01_13_12_03_0010.bmp,1,12,3,0,13,13,13,13,13,13,13
01_13_12_03_0011.bmp,0,12,3,0,13,31,31,11,12,13,13
01_13_12_03_0012.bmp,0,12,3,0,13,38,31,42,13,13,13
01_13_12_03_0014.bmp,0,12,3,0,13,31,31,13,13,13,13
01_13_12_03_0014.bmp,1,12,3,0,13,13,13,13,13,13,13
01_13_12_03_0017.bmp,0,12,3,0,13,31,31,13,38,13,13
01_13_12_03_0018.bmp,1,12,3,0,13,13,13,13,13,13,13
01_13_12_03_0019.bmp,0,12,3,0,13,31,31,42,13,13,13
01_13_12_03_0020.bmp,0,12,3,0,13,31,31,23,38,13,13
01_13_12_03_0023.bmp,0,12,3,0,13,31,31,25,13,13,13
01_13_12_03_0025.bmp,0,12,3,0,13,31,31,42,13,13,13
01_13_12_03_0027.bmp,0,12,3,0,13,31,31,11,13,13,13
01_13_12_03_0027.bmp,1,12,3,0,13,13,13,13,13,13,13
01_13_12_03_0028.bmp,0,12,3,0,13,13,31,11,13,13,13
01_13_12_03_0029.bmp,0,12,3,0,13,38,31,42,13,13,13
01_13_12_03_0029.bmp,1,12,3,0,13,13,13,13,13,13,13
01_13_12_03_0031.bmp,1,12,3,0,13,13,13,13,13,13,13
01_13_12_03_0032.bmp,1,12,3,0,13,13,13,13,13,13,13
01_13_12_03_0037.bmp,1,12,3,0,13,13,13,13,13,13,13
01_13_12_03_0040.bmp,1,12,3,0,13,13,13,13,13,13,13
01_13_12_03_0042.bmp,0,12,3,0,13,13,13,13,13,13,13
01_13_12_03_0043.bmp,1,12,3,0,13,13,13,13,13,13,13
01_13_12_03_0044.bmp,1,12,3,0,13,13,13,13,13,13,13
01_13_12_03_0045.bmp,1,12,3,0,13,13,13,13,13,13,13
01_13_12_03_0046.bmp,0,12,3,0,13,13,13,13,13,13,13
01_13_12_03_0046.bmp,1,12,3,0,13,13,13,13,13,13,13
01_13_12_03_0047.bmp,0,12,3,0,13,13,13,12,13,13,13
01_13_12_03_0047.bmp,1,12,3,0,13,13,13,13,13,13,13
01_13_12_03_0048.bmp,0,12,3,0,13,13,13,13,13,13,13
01_13_12_03_0049.bmp,0,12,3,0,13,13,13,13,13,13,13
01_13_12_03_0050.bmp,1,12,3,0,13,13,13,13,13,13,13
01_13_12_03_0051.bmp,0,12,3,0,13,13,13,13,13,13,13
01_13_12_03_0051.bmp,1,12,3,0,13,13,13,13,13,13,13
01_13_12_03_0054.bmp,0,12,3,0,13,13,13,13,13,13,13
01_13_12_03_0056.bmp,0,12,3,0,13,13,13,13,13,13,13
01_13_12_03_0059.bmp,0,12,3,0,13,13,13,13,13,13,13
01_13_12_03_0061.bmp,1,12,3,0,13,13,13,13,13,13,13
01_13_12_03_0063.bmp,0,12,3,0,13,13,13,13,13,13,13
01_13_12_03_0064.bmp,0,12,3,0,13,13,13,13,13,13,13
01_13_12_03_0065.bmp,0,12,3,0,13,13,13,13,13,13,13
01_13_12_03_0065.bmp,1,12,3,0,13,31,31,13,31,13,13
01_13_12_03_0066.bmp,1,12,3,0,13,31,31,11,31,13,13
01_13_12_03_0068.bmp,0,12,3,0,13,13,13,13,13,13,13
01_13_12_03_0069.bmp,0,12,3,0,13,13,13,13,13,13,13
01_13_12_03_0070.bmp,0,12,3,0,13,13,13,13,13,13,13
01_13_12_03_0070.bmp,1,12,3,0,13,31,31,11,31,13,13
01_13_12_03_0071.bmp,1,12,3,0,13,31,31,1,31,13,13
01_13_12_03_0072.bmp,0,12,3,0,13,13,13,13,13,13,13
01_13_12_03_0073.bmp,0,12,3,0,13,13,13,13,13,13,13
01_13_12_03_0073.bmp,1,12,3,0,13,31,31,13,31,13,32
01_13_12_03_0074.bmp,0,12,3,0,13,13,13,13,13,13,13
01_13_12_03_0076.bmp,1,12,3,0,13,31,31,13,31,13,32
01_13_12_03_0077.bmp,1,12,3,0,13,31,31,1,31,13,32
01_13_12_03_0078.bmp,1,12,3,0,13,31,31,1,31,13,13
01_13_12_03_0079.bmp,1,12,3,0,13,31,31,13,31,13,13
01_13_12_03_0080.bmp,0,12,3,0,13,13,13,13,13,13,13
01_13_12_03_0081.bmp,1,12,3,0,13,31,31,2,31,13,13
01_13_12_03_0085.bmp,0,12,3,0,13,13,13,13,13,13,13
01_13_12_03_0085.bmp,1,12,3,0,13,31,31,1,31,13,13
01_13_12_03_0086.bmp,0,12,3,0,13,13,13,13,13,13,13
01_13_12_03_0087.bmp,0,12,3,0,13,13,13,13,13,13,13
01_13_12_03_0088.bmp,0,12,3,0,13,13,13,13,13,13,13
01_13_12_03_0088.bmp,1,12,3,0,13,31,31,9,31,13,13
01_13_12_03_0090.bmp,1,12,3,0,13,31,31,1,31,13,13
01_13_12_03_0092.bmp,0,12,3,0,13,13,13,13,13,13,13
01_13_12_03_0092.bmp,1,12,3,0,13,31,31,1,31,13,13
01_13_12_03_0096.bmp,0,12,3,0,13,13,13,13,13,13,13
01_13_12_03_0096.bmp,1,12,3,0,13,31,31,42,31,13,13
01_13_12_03_0098.bmp,0,12,3,0,13,13,13,13,13,13,13
01_13_12_03_0100.bmp,0,12,3,0,13,13,13,13,13,13,13
01_13_12_03_0100.bmp,1,12,3,0,13,31,31,10,31,13,13
01_13_12_03_0101.bmp,0,12,3,0,13,13,13,13,13,13,13
01_13_12_03_0103.bmp,1,12,3,0,13,31,31,1,31,13,13
01_13_12_03_0104.bmp,1,12,3,0,13,31,31,13,13,13,13
01_13_12_03_0105.bmp,1,12,3,0,13,31,31,13,13,13,13
01_13_12_03_0108.bmp,0,12,3,0,13,13,13,13,13,13,13
01_13_12_03_0109.bmp,1,12,3,0,13,31,31,25,13,13,13
01_13_12_03_0111.bmp,0,12,3,0,13,13,13,13,13,13,13
01_13_12_03_0113.bmp,0,12,3,0,13,13,13,13,13,13,13
01_13_12_03_0113.bmp,1,12,3,0,13,13,32,13,13,13,13
01_13_12_03_0114.bmp,1,12,3,0,13,12,31,25,13,13,13
01_13_12_03_0115.bmp,1,12,3,0,13,31,31,13,13,13,13
01_13_12_03_0116.bmp,1,12,3,0,13,31,31,13,13,13,13
01_13_12_03_0118.bmp,0,12,3,0,13,31,31,25,32,13,13
01_13_12_03_0118.bmp,1,12,3,0,13,31,31,1,13,13,13
01_13_12_03_0119.bmp,1,12,3,0,13,31,31,13,13,13,13
01_13_12_03_0121.bmp,0,12,3,0,13,32,31,25,32,13,13
01_13_12_03_0123.bmp,0,12,3,0,13,31,31,25,13,13,13
01_13_12_03_0125.bmp,0,12,3,0,13,32,31,13,13,13,13
01_13_12_03_0128.bmp,0,12,3,0,13,32,31,13,32,13,13
01_13_12_03_0130.bmp,0,12,3,0,13,32,31,13,32,13,13
01_13_12_03_0130.bmp,1,12,3,0,13,31,31,13,13,13,13
01_13_12_03_0131.bmp,0,12,3,0,13,32,31,13,32,13,13
01_13_12_03_0132.bmp,0,12,3,0,13,32,31,13,32,13,13
01_13_12_03_0134.bmp,0,12,3,0,13,32,31,13,13,13,13
01_13_12_03_0140.bmp,1,12,3,0,13,13,31,13,13,13,13
01_13_12_03_0141.bmp,0,12,3,0,13,13,31,13,13,13,13
01_13_12_03_0141.bmp,1,12,3,0,13,13,31,13,13,13,13
01_13_12_03_0142.bmp,1,12,3,0,13,13,31,13,13,13,13
01_13_12_03_0143.bmp,1,12,3,0,13,13,31,13,13,13,13
01_13_12_03_0144.bmp,0,12,3,0,13,32,31,13,13,13,13
01_13_12_03_0144.bmp,1,12,3,0,13,13,31,13,13,13,13
01_13_12_03_0148.bmp,0,12,3,0,13,13,31,13,13,13,13
01_13_12_03_0150.bmp,1,12,3,0,13,13,31,13,13,13,13
01_13_12_03_0151.bmp,0,12,3,0,13,13,31,13,13,13,13
01_13_12_03_0152.bmp,0,12,3,0,13,13,13,13,13,13,13
01_13_12_03_0153.bmp,1,12,3,0,13,13,31,13,13,13,13
01_13_12_03_0155.bmp,0,12,3,0,13,13,13,13,13,13,13
01_13_12_03_0155.bmp,1,12,3,0,13,13,31,13,13,13,13
01_13_12_03_0156.bmp,0,12,3,0,13,13,13,13,13,13,13
01_13_12_03_0158.bmp,0,12,3,0,13,13,13,13,13,13,13
01_13_12_03_0159.bmp,0,12,3,0,13,13,13,13,13,13,13
01_13_12_03_0160.bmp,1,12,3,0,13,13,11,13,13,13,13
01_13_12_03_0161.bmp,0,12,3,0,13,13,13,13,13,13,13
01_13_12_03_0163.bmp,1,12,3,0,13,13,13,13,13,13,13
01_13_12_03_0164.bmp,1,12,3,0,13,13,11,13,13,13,13
01_13_12_03_0168.bmp,1,12,3,0,13,13,13,13,13,13,13
01_13_12_03_0169.bmp,0,12,3,0,13,31,31,1,31,13,13
01_13_12_03_0170.bmp,1,12,3,0,13,13,13,13,13,13,13
01_13_12_03_0172.bmp,1,12,3,0,13,13,13,13,13,13,13
01_13_12_03_0173.bmp,1,12,3,0,13,13,13,13,13,13,13
01_13_12_03_0174.bmp,1,12,3,0,13,13,31,13,13,13,13
01_13_12_03_0176.bmp,1,12,3,0,13,13,13,13,13,13,13
01_13_12_03_0177.bmp,1,12,3,0,13,13,13,13,13,13,13
01_13_12_03_0178.bmp,0,12,3,0,13,31,31,11,31,13,13
01_13_12_03_0179.bmp,1,12,3,0,13,13,13,13,13,13,13
01_13_12_03_0181.bmp,0,12,3,0,13,31,31,1,31,13,13
01_13_12_03_0181.bmp,1,12,3,0,13,13,13,13,13,13,13
01_13_12_03_0182.bmp,0,12,3,0,13,31,31,1,31,13,13
01_13_12_03_0184.bmp,0,12,3,0,13,31,31,42,32,13,13
01_13_12_03_0184.bmp,1,12,3,0,13,13,13,13,13,13,13
01_13_12_03_0185.bmp,1,12,3,0,13,13,13,13,13,13,13
01_13_12_03_0186.bmp,0,12,3,0,13,31,31,1,31,13,13
01_13_12_03_0187.bmp,0,12,3,0,13,31,31,1,31,13,13
01_13_12_03_0188.bmp,0,12,3,0,13,31,31,13,31,13,13
01_13_12_03_0189.bmp,0,12,3,0,13,31,31,1,31,13,13
01_13_12_03_0190.bmp,0,12,3,0,13,31,31,1,31,13,13
01_13_12_03_0192.bmp,0,12,3,0,13,31,31,10,31,13,13
01_13_12_03_0193.bmp,1,12,3,0,13,13,13,13,13,13,13
01_13_12_03_0194.bmp,0,12,3,0,13,31,31,1,31,13,13
01_13_12_03_0196.bmp,0,12,3,0,13,31,31,1,31,13,13
01_13_12_03_0196.bmp,1,12,3,0,13,13,13,13,13,13,13
01_13_12_03_0197.bmp,0,12,3,0,13,31,31,1,31,13,13
01_13_12_03_0199.bmp,0,12,3,0,13,31,31,25,31,13,13
01_13_12_03_0199.bmp,1,12,3,0,13,13,13,13,13,13,13
01_13_12_03_0200.bmp,1,12,3,0,13,13,13,13,13,13,13
01_13_12_03_0201.bmp,1,12,3,0,13,13,13,13,13,13,13
01_13_12_03_0204.bmp,0,12,3,0,13,31,31,13,31,13,13
01_13_12_03_0204.bmp,1,12,3,0,13,13,13,13,13,13,13
01_13_12_03_0205.bmp,0,12,3,0,13,31,31,12,31,13,13
01_13_12_03_0205.bmp,1,12,3,0,13,13,13,13,13,13,13
01_13_12_03_0206.bmp,1,12,3,0,13,13,13,13,13,13,13
01_13_12_03_0207.bmp,1,12,3,0,13,13,13,13,13,13,13
01_13_12_03_0208.bmp,0,12,3,0,13,31,31,13,12,12,13
01_13_12_03_0209.bmp,1,12,3,0,13,13,13,13,13,13,13
01_13_12_03_0210.bmp,0,12,3,0,13,31,31,25,13,13,13
01_13_12_03_0210.bmp,1,12,3,0,13,13,13,13,13,13,13
01_13_12_03_0211.bmp,0,12,3,0,13,31,31,13,13,13,13
01_13_12_03_0212.bmp,0,12,3,0,13,31,31,1,13,13,13
01_13_12_03_0212.bmp,1,12,3,0,13,13,13,13,13,13,13
01_13_12_03_0213.bmp,0,12,3,0,13,31,31,16,31,12,13
01_13_12_03_0214.bmp,0,12,3,0,13,31,31,1,13,13,13
01_13_12_03_0214.bmp,1,12,3,0,13,13,13,13,13,13,13
01_13_12_03_0217.bmp,1,12,3,0,13,13,13,13,13,13,13
01_13_12_03_0218.bmp,0,12,3,0,13,13,31,13,13,13,13
01_13_12_03_0218.bmp,1,12,3,0,13,13,13,13,13,13,13
01_13_12_03_0220.bmp,0,12,3,0,13,13,31,13,13,13,13
01_13_12_03_0221.bmp,1,12,3,0,13,13,13,13,13,13,13
01_13_12_03_0222.bmp,0,12,3,0,13,13,13,13,13,13,13
01_13_12_03_0222.bmp,1,12,3,0,13,13,13,13,13,13,13
01_13_12_03_0223.bmp,1,12,3,0,13,13,13,13,13,13,13
01_13_12_03_0225.bmp,1,12,3,0,13,13,13,13,13,13,13
01_13_12_03_0227.bmp,0,12,3,0,13,13,13,13,13,13,13
01_13_12_03_0230.bmp,1,12,3,0,13,13,13,13,13,13,13
01_13_12_03_0231.bmp,0,12,3,0,13,13,13,13,13,13,13
01_13_12_03_0232.bmp,1,12,3,0,13,13,13,13,13,13,13
01_13_12_03_0235.bmp,0,12,3,0,13,13,13,13,13,13,13
01_13_12_03_0236.bmp,0,12,3,0,13,13,13,13,13,13,13
01_13_12_03_0237.bmp,0,12,3,0,13,13,13,13,13,13,13
01_13_12_03_0238.bmp,0,12,3,0,13,13,13,13,13,13,13
01_13_12_03_0238.bmp,1,12,3,0,13,13,13,13,13,13,13
01_13_12_03_0239.bmp,0,12,3,0,13,13,13,13,13,13,13
01_13_12_03_0240.bmp,0,12,3,0,13,13,13,13,13,13,13
01_13_12_03_0241.bmp,0,12,3,0,13,13,13,13,13,13,13
01_13_12_03_0242.bmp,0,12,3,0,13,13,13,13,13,13,13
01_13_12_03_0242.bmp,1,12,3,0,13,13,13,13,13,13,13
01_13_12_03_0243.bmp,0,12,3,0,13,13,13,13,13,13,13
01_13_12_03_0246.bmp,0,12,3,0,13,13,13,13,13,14,14
01_13_12_03_0248.bmp,1,12,3,0,13,13,13,13,13,13,13
01_13_12_03_0249.bmp,0,12,3,0,13,13,13,13,13,13,13
01_13_12_03_0249.bmp,1,12,3,0,13,13,13,13,13,13,13
01_13_12_03_0252.bmp,0,12,3,0,13,13,13,13,13,13,13
01_13_12_03_0254.bmp,1,12,3,0,13,13,13,13,13,13,13
01_13_12_03_0256.bmp,0,12,3,0,13,13,13,13,13,13,13
01_13_12_03_0257.bmp,0,12,3,0,13,13,13,13,13,13,13
01_13_12_03_0258.bmp,1,12,3,0,13,13,13,13,13,13,13
01_13_12_03_0260.bmp,1,12,3,0,13,13,13,13,13,13,13
01_13_12_03_0262.bmp,1,12,3,0,13,13,13,13,13,13,13
01_13_12_03_0267.bmp,0,12,3,0,13,13,13,13,13,13,13
01_13_12_03_0267.bmp,1,12,3,0,13,13,13,13,13,13,13
01_13_12_03_0268.bmp,1,12,3,0,13,13,13,13,13,13,13
01_13_12_03_0269.bmp,0,12,3,0,13,13,13,13,13,13,13
01_13_12_03_0275.bmp,0,12,3,0,13,13,13,13,13,13,13
01_13_12_03_0277.bmp,0,12,3,0,13,13,13,13,13,13,13
01_13_12_03_0279.bmp,0,12,3,0,13,13,13,13,13,13,13
01_13_12_03_0281.bmp,0,12,3,0,13,13,13,13,13,13,13
01_13_12_03_0285.bmp,0,12,3,0,13,13,13,13,13,13,13
01_13_12_03_0286.bmp,0,12,3,0,13,13,13,13,13,13,13
01_13_12_03_0287.bmp,0,12,3,0,13,13,13,13,13,13,13
01_13_12_03_0290.bmp,0,12,3,0,13,13,13,13,13,13,13
01_13_12_03_0291.bmp,0,12,3,0,13,13,13,13,13,13,13
01_13_12_03_0299.bmp,0,12,3,0,13,13,13,13,13,13,13
01_13_12_03_0302.bmp,0,12,3,0,13,13,13,13,13,13,13
01_13_12_03_0305.bmp,0,12,3,0,13,13,13,13,13,13,13
01_13_12_03_0306.bmp,0,12,3,0,13,13,13,13,13,13,13
01_13_12_03_0308.bmp,0,12,3,0,13,13,13,13,13,13,13
01_13_12_03_0320.bmp,0,12,3,0,13,13,13,13,13,13,13
01_13_12_03_0325.bmp,0,12,3,0,13,13,13,13,13,13,13
01_13_12_03_0328.bmp,0,12,3,0,13,13,13,13,13,13,13
01_13_12_03_0329.bmp,0,12,3,0,13,13,13,13,13,13,13
01_13_12_03_0332.bmp,0,12,3,0,13,13,13,13,13,13,13
01_13_12_03_0339.bmp,0,12,3,0,13,13,13,13,13,13,13
01_13_12_03_0340.bmp,0,12,3,0,13,13,13,13,13,13,13
01_13_12_03_0343.bmp,0,12,3,0,13,13,13,13,13,13,13
01_13_12_03_0347.bmp,0,12,3,0,13,13,13,13,13,13,13
01_13_12_03_0350.bmp,0,12,3,0,13,13,13,13,13,13,13
01_13_12_03_0352.bmp,0,12,3,0,13,13,13,13,13,13,13
01_13_12_03_0353.bmp,0,12,3,0,13,13,13,13,13,13,13
01_13_12_03_0354.bmp,0,12,3,0,13,13,13,13,13,13,13
01_13_12_03_0355.bmp,0,12,3,0,13,13,13,13,13,13,13
01_13_12_03_0357.bmp,0,12,3,0,13,13,13,13,13,13,13
01_13_12_03_0358.bmp,0,12,3,0,13,13,13,13,13,13,13
01_13_12_03_0360.bmp,0,12,3,0,13,13,13,13,13,13,13
01_13_12_03_0363.bmp,0,12,3,0,13,13,13,13,13,13,13
01_13_12_03_0367.bmp,0,12,3,0,13,13,13,13,13,13,15
01_13_12_03_0372.bmp,0,12,3,0,13,13,13,13,13,13,13
01_13_12_03_0373.bmp,0,12,3,0,13,13,13,13,13,13,13
01_13_12_03_0376.bmp,0,12,3,0,13,13,13,13,13,13,13
01_13_12_03_0379.bmp,0,12,3,0,13,13,13,13,13,13,13
01_13_12_03_0381.bmp,0,12,3,0,13,13,13,13,13,13,13
01_13_12_03_0384.bmp,0,12,3,0,13,13,13,13,13,15,15
01_13_12_03_0387.bmp,0,12,3,0,13,31,31,42,31,13,32
01_13_12_03_0388.bmp,0,12,3,0,13,31,31,42,31,15,32
01_13_12_03_0390.bmp,0,12,3,0,13,31,31,11,31,13,13
01_13_12_03_0391.bmp,0,12,3,0,13,31,31,42,31,18,13
01_13_12_03_0395.bmp,0,12,3,0,13,31,31,42,12,13,13
01_13_12_03_0396.bmp,0,12,3,0,13,31,31,13,31,13,13
01_13_12_03_0402.bmp,0,12,3,0,13,31,31,42,12,13,32
01_13_12_03_0407.bmp,0,12,3,0,13,31,31,11,31,13,32
01_13_12_03_0409.bmp,0,12,3,0,13,31,31,11,31,18,13
01_13_12_03_0414.bmp,0,12,3,0,13,31,31,13,13,13,13
01_13_12_03_0423.bmp,0,12,3,0,13,31,31,11,13,13,13
01_13_12_03_0424.bmp,0,12,3,0,13,13,31,11,13,13,13
01_13_12_03_0426.bmp,0,12,3,0,13,31,31,13,13,13,13
01_13_12_03_0427.bmp,0,12,3,0,13,36,31,13,13,13,13
01_13_12_03_0428.bmp,0,12,3,0,13,31,31,13,36,13,13
01_13_12_03_0434.bmp,0,12,3,0,13,13,31,42,13,13,13
01_13_12_03_0437.bmp,0,12,3,0,13,13,31,13,13,13,13
01_13_12_03_0438.bmp,0,12,3,0,13,13,31,25,13,13,13
01_13_12_03_0443.bmp,0,12,3,0,13,13,31,13,13,13,13
01_13_12_03_0445.bmp,0,12,3,0,13,12,31,12,13,13,13
01_13_12_03_0446.bmp,0,12,3,0,13,13,31,13,13,13,13
01_13_12_03_0447.bmp,0,12,3,0,13,13,31,1,13,13,13
01_13_12_03_0449.bmp,0,12,3,0,13,13,13,13,13,13,13
01_13_12_03_0451.bmp,0,12,3,0,13,13,31,13,13,13,13
01_13_12_03_0455.bmp,0,12,3,0,13,13,13,13,13,13,13
01_13_12_03_0460.bmp,0,12,3,0,13,13,13,13,13,13,13
01_13_12_03_0463.bmp,0,12,3,0,13,13,13,13,13,13,13
01_13_12_03_0464.bmp,0,12,3,0,13,13,13,13,13,13,15
01_13_12_03_0467.bmp,0,12,3,0,13,13,13,13,13,13,13
01_13_12_03_0471.bmp,0,12,3,0,13,13,13,13,13,13,13
01_13_12_03_0474.bmp,0,12,3,0,13,13,13,13,13,13,13
01_13_12_03_0477.bmp,0,12,3,0,13,13,13,13,13,13,13
01_13_12_03_0478.bmp,0,12,3,0,13,13,13,13,13,13,13
01_13_12_03_0480.bmp,0,12,3,0,13,13,13,13,13,13,13
01_13_12_03_0488.bmp,0,12,3,0,13,13,13,13,13,13,13
01_13_12_03_0491.bmp,0,12,3,0,13,13,13,13,13,13,13
01_13_12_03_0493.bmp,0,12,3,0,13,13,13,13,13,13,13
01_13_12_03_0495.bmp,0,12,3,0,13,13,13,13,13,13,13
01_13_12_03_0502.bmp,0,12,3,0,13,13,13,13,13,13,13
01_13_12_03_0503.bmp,0,12,3,0,13,13,13,13,13,13,13
01_13_12_03_0505.bmp,0,12,3,0,13,13,13,13,13,13,13
01_13_12_03_0508.bmp,0,12,3,0,13,13,13,13,13,13,13
01_13_12_03_0509.bmp,0,12,3,0,13,13,13,13,13,13,13
01_13_12_03_0513.bmp,0,12,3,0,13,13,13,13,13,13,13
01_13_12_03_0514.bmp,0,12,3,0,13,13,13,13,13,13,13
01_13_12_03_0515.bmp,0,12,3,0,13,13,13,13,13,13,8
01_13_12_03_0517.bmp,0,12,3,0,13,31,31,42,32,13,32
01_13_12_03_0521.bmp,0,12,3,0,13,31,31,11,32,13,32
01_13_12_03_0523.bmp,0,12,3,0,13,31,31,1,13,13,13
01_13_12_03_0525.bmp,0,12,3,0,13,31,31,13,13,13,13
01_13_12_03_0526.bmp,0,12,3,0,13,31,31,42,32,13,32
01_13_12_03_0532.bmp,0,12,3,0,13,32,31,42,32,12,32
01_13_12_03_0534.bmp,0,12,3,0,13,31,31,42,32,13,13
01_13_12_03_0535.bmp,0,12,3,0,13,12,31,13,13,13,13
01_13_12_03_0536.bmp,0,12,3,0,13,32,31,42,32,13,32
01_13_12_03_0538.bmp,0,12,3,0,13,31,31,11,32,11,32
01_13_12_03_0539.bmp,0,12,3,0,13,31,31,13,13,13,13
01_13_12_03_0540.bmp,0,12,3,0,13,32,31,13,32,13,32
01_13_12_03_0547.bmp,0,12,3,0,13,31,31,13,13,15,13
01_13_12_03_0550.bmp,0,12,3,0,13,31,31,11,32,13,13
01_13_12_03_0551.bmp,0,12,3,0,13,31,31,13,13,13,13
01_13_12_03_0554.bmp,0,12,3,0,13,31,31,42,32,16,32
01_13_12_03_0555.bmp,0,12,3,0,13,31,31,12,13,13,13
01_13_12_03_0560.bmp,0,12,3,0,13,31,31,42,32,13,13
01_13_12_03_0561.bmp,0,12,3,0,13,31,31,13,13,13,13
01_13_12_03_0562.bmp,0,12,3,0,13,31,31,10,31,13,32
01_13_12_03_0563.bmp,0,12,3,0,13,31,31,13,13,13,13
01_13_12_03_0569.bmp,0,12,3,0,13,13,31,13,13,13,13
01_13_12_03_0574.bmp,0,12,3,0,13,31,31,13,32,13,13
01_13_12_03_0575.bmp,0,12,3,0,13,13,31,13,13,13,15
01_13_12_03_0576.bmp,0,12,3,0,13,32,31,1,32,13,13
01_13_12_03_0577.bmp,0,12,3,0,13,13,31,13,13,13,15
01_13_12_03_0579.bmp,0,12,3,0,13,13,13,13,13,13,15
01_13_12_03_0581.bmp,0,12,3,0,13,13,31,13,13,13,15
01_13_12_03_0583.bmp,0,12,3,0,13,13,31,13,13,13,15
01_13_12_03_0584.bmp,0,12,3,0,13,32,31,13,32,13,13
01_13_12_03_0588.bmp,0,12,3,0,13,32,31,12,32,13,13
01_13_12_03_0589.bmp,0,12,3,0,13,13,13,13,13,13,15
01_13_12_03_0591.bmp,0,12,3,0,13,13,13,13,13,13,13
01_13_12_03_0600.bmp,0,12,3,0,13,13,13,13,13,13,13
01_13_12_03_0605.bmp,0,12,3,0,13,13,13,13,13,13,13
01_13_12_03_0610.bmp,0,12,3,0,13,13,13,13,13,13,13
01_13_12_03_0613.bmp,0,12,3,0,13,13,13,13,13,13,13
01_13_12_03_0615.bmp,0,12,3,0,13,13,13,13,13,13,13
01_13_12_03_0621.bmp,0,12,3,0,13,13,13,13,13,13,13
01_13_12_03_0622.bmp,0,12,3,0,13,13,13,13,13,13,13
01_13_12_03_0624.bmp,0,12,3,0,13,13,13,13,13,13,13
01_13_12_03_0626.bmp,0,12,3,0,13,13,13,13,13,13,13
01_03_12_04_0002.bmp,0,12,4,0,9,31,31,16,13,13,15
01_03_12_04_0004.bmp,0,12,4,0,9,32,31,16,13,13,15
01_03_12_04_0009.bmp,0,12,4,0,9,13,31,41,13,13,15
01_03_12_04_0010.bmp,0,12,4,0,9,13,16,41,13,13,15
01_03_12_04_0018.bmp,0,12,4,0,9,13,16,16,13,13,15
01_03_12_04_0025.bmp,0,12,4,0,9,13,16,41,13,41,15
01_03_12_04_0028.bmp,0,12,4,0,9,13,16,41,13,16,15
01_03_12_04_0029.bmp,0,12,4,0,9,13,16,16,13,13,15
01_03_12_04_0030.bmp,0,12,4,0,9,13,13,16,13,15,15
01_03_12_04_0038.bmp,0,12,4,0,9,13,31,9,13,9,15
01_03_12_04_0042.bmp,0,12,4,0,9,13,31,41,13,13,15
01_03_12_04_0044.bmp,0,12,4,0,9,13,13,16,13,13,15
01_03_12_04_0046.bmp,0,12,4,0,9,13,13,16,13,16,15
01_03_12_04_0048.bmp,0,12,4,0,9,13,13,16,13,15,15
01_03_12_04_0049.bmp,0,12,4,0,9,13,13,13,13,34,15
01_03_12_04_0055.bmp,0,12,4,0,9,13,13,16,13,15,15
01_03_12_04_0059.bmp,0,12,4,0,9,13,31,13,13,13,15
01_03_12_04_0060.bmp,0,12,4,0,9,13,31,13,13,9,15
01_03_12_04_0065.bmp,0,12,4,0,9,13,13,13,13,9,15
01_03_12_04_0066.bmp,0,12,4,0,9,13,13,13,13,9,15
01_03_12_04_0068.bmp,0,12,4,0,9,13,13,13,13,15,15
01_03_12_04_0069.bmp,0,12,4,0,9,13,13,13,13,15,15
01_03_12_04_0071.bmp,0,12,4,0,9,13,31,13,13,9,15
01_03_12_04_0073.bmp,0,12,4,0,9,13,13,13,13,9,15
01_03_12_04_0074.bmp,0,12,4,0,9,13,13,13,13,15,15
01_03_12_04_0076.bmp,0,12,4,0,9,13,13,13,13,15,15
01_03_12_04_0077.bmp,0,12,4,0,9,13,13,13,13,9,15
01_03_12_04_0078.bmp,0,12,4,0,9,13,13,13,13,9,15
01_03_12_04_0079.bmp,0,12,4,0,9,13,13,13,13,9,15
01_03_12_04_0080.bmp,0,12,4,0,9,13,13,18,13,15,15
01_03_12_04_0081.bmp,0,12,4,0,9,13,13,10,13,9,15
01_03_12_04_0084.bmp,0,12,4,0,9,13,13,13,13,9,15
01_06_12_04_0002.bmp,1,12,4,0,14,36,11,42,11,25,36
01_06_12_04_0003.bmp,0,12,4,0,14,25,32,13,25,14,14
01_06_12_04_0004.bmp,1,12,4,0,14,36,11,12,11,25,36
01_06_12_04_0005.bmp,1,12,4,0,14,36,11,42,11,13,36
01_06_12_04_0006.bmp,0,12,4,0,14,32,32,13,25,14,14
01_06_12_04_0006.bmp,1,12,4,0,14,32,11,23,11,25,14
01_06_12_04_0008.bmp,0,12,4,0,14,25,1,25,25,14,14
01_06_12_04_0008.bmp,1,12,4,0,14,32,11,42,11,0,25
01_06_12_04_0011.bmp,0,12,4,0,14,25,1,2,25,14,14
01_06_12_04_0012.bmp,1,12,4,0,14,32,11,25,11,25,13
01_06_12_04_0014.bmp,1,12,4,0,14,32,11,1,11,14,14
01_06_12_04_0015.bmp,0,12,4,0,14,25,1,4,25,14,14
01_06_12_04_0016.bmp,1,12,4,0,14,11,11,25,11,14,14
01_06_12_04_0017.bmp,1,12,4,0,14,11,11,25,11,14,14
01_06_12_04_0018.bmp,0,12,4,0,14,25,1,4,25,14,14
01_06_12_04_0018.bmp,1,12,4,0,14,32,11,25,11,13,14
01_06_12_04_0020.bmp,0,12,4,0,14,25,1,25,25,14,14
01_06_12_04_0022.bmp,1,12,4,0,14,11,11,42,11,13,14
01_06_12_04_0023.bmp,0,12,4,0,14,25,25,25,25,14,14
01_06_12_04_0023.bmp,1,12,4,0,14,32,11,25,11,14,14
01_06_12_04_0024.bmp,0,12,4,0,14,25,25,25,25,14,14
01_06_12_04_0024.bmp,1,12,4,0,14,11,11,11,11,14,14
01_06_12_04_0025.bmp,0,12,4,0,14,25,25,2,25,14,14
01_06_12_04_0027.bmp,0,12,4,0,14,25,1,2,25,14,14
01_06_12_04_0028.bmp,1,12,4,0,14,11,11,25,11,14,14
01_06_12_04_0031.bmp,0,12,4,0,14,25,25,4,25,14,14
01_06_12_04_0032.bmp,0,12,4,0,14,25,25,5,25,14,14
01_06_12_04_0037.bmp,0,12,4,0,14,25,1,25,25,14,14
01_06_12_04_0038.bmp,0,12,4,0,14,25,25,7,25,14,14
01_06_12_04_0040.bmp,0,12,4,0,14,25,25,25,25,14,14
01_06_12_04_0042.bmp,1,12,4,0,14,31,31,1,36,13,17
01_06_12_04_0044.bmp,1,12,4,0,14,31,31,5,31,25,17
01_06_12_04_0047.bmp,0,12,4,0,14,31,31,16,36,13,17
01_06_12_04_0050.bmp,0,12,4,0,14,36,31,16,36,17,17
01_06_12_04_0055.bmp,0,12,4,0,14,32,36,25,36,14,14
01_06_12_04_0058.bmp,0,12,4,0,14,36,31,25,36,14,14
01_06_12_04_0060.bmp,0,12,4,0,14,36,36,1,36,5,14
01_06_12_04_0062.bmp,0,12,4,0,14,32,32,25,36,14,17
01_06_12_04_0063.bmp,0,12,4,0,14,32,32,19,36,14,17
01_06_12_04_0064.bmp,0,12,4,0,14,32,32,25,36,14,17
01_06_12_04_0065.bmp,0,12,4,0,14,32,32,25,36,17,17
01_06_12_04_0066.bmp,0,12,4,0,14,13,32,13,25,14,14
01_06_12_04_0068.bmp,0,12,4,0,14,19,32,23,25,14,14
01_06_12_04_0070.bmp,0,12,4,0,14,32,32,25,25,14,14
01_06_12_04_0071.bmp,0,12,4,0,14,13,32,25,25,14,14
01_06_12_04_0081.bmp,0,12,4,0,14,25,25,2,25,14,14
01_06_12_04_0086.bmp,0,12,4,0,14,16,16,7,16,17,17
01_06_12_04_0087.bmp,0,12,4,0,14,25,1,25,25,14,14
01_11_12_04_0002.bmp,0,12,4,0,12,31,31,11,13,17,15
01_11_12_04_0004.bmp,0,12,4,0,12,31,31,11,13,17,13
01_11_12_04_0006.bmp,0,12,4,0,12,31,31,42,31,15,7
01_11_12_04_0007.bmp,0,12,4,0,12,31,31,11,13,35,13
01_11_12_04_0008.bmp,0,12,4,0,12,31,31,11,13,11,13
01_11_12_04_0009.bmp,0,12,4,0,12,31,31,11,13,13,13
01_11_12_04_0010.bmp,0,12,4,0,12,31,31,1,13,13,13
01_11_12_04_0012.bmp,0,12,4,0,12,31,31,11,31,0,7
01_11_12_04_0015.bmp,0,12,4,0,12,32,31,11,13,35,13
01_11_12_04_0020.bmp,0,12,4,0,12,32,11,18,11,1,32
01_11_12_04_0021.bmp,0,12,4,0,12,32,11,11,11,1,18
01_11_12_04_0025.bmp,0,12,4,0,12,32,31,11,13,1,26
01_11_12_04_0027.bmp,0,12,4,0,12,13,31,11,13,1,1
01_11_12_04_0028.bmp,0,12,4,0,12,31,31,11,13,1,7
01_11_12_04_0030.bmp,0,12,4,0,12,13,11,11,13,11,15
01_11_12_04_0031.bmp,0,12,4,0,12,32,11,11,13,1,1
01_11_12_04_0032.bmp,0,12,4,0,12,32,31,11,13,1,1
01_11_12_04_0033.bmp,0,12,4,0,12,32,11,11,13,1,1
01_11_12_04_0035.bmp,0,12,4,0,12,11,11,11,13,1,15
01_11_12_04_0036.bmp,0,12,4,0,12,13,11,11,1,1,1
01_11_12_04_0039.bmp,0,12,4,0,12,32,11,11,1,1,18
01_11_12_04_0040.bmp,0,12,4,0,12,11,11,11,1,1,15
01_11_12_04_0049.bmp,0,12,4,0,12,1,11,18,1,1,26
01_11_12_04_0054.bmp,0,12,4,0,12,13,11,18,1,1,15
01_11_12_04_0061.bmp,0,12,4,0,12,13,11,18,13,1,15
01_11_12_04_0062.bmp,0,12,4,0,12,13,11,11,13,1,15
01_11_12_04_0065.bmp,0,12,4,0,12,13,11,18,13,1,15
01_11_12_04_0068.bmp,0,12,4,0,12,13,11,18,13,1,15
01_11_12_04_0070.bmp,0,12,4,0,12,13,11,18,13,13,15
01_11_12_04_0073.bmp,0,12,4,0,12,25,11,18,25,1,15
01_11_12_04_0074.bmp,0,12,4,0,12,25,1,25,25,1,15
01_11_12_04_0076.bmp,0,12,4,0,12,25,1,18,25,15,15
01_11_12_04_0077.bmp,0,12,4,0,12,25,1,25,25,14,26
01_12_12_04_0002.bmp,1,12,4,0,17,12,12,16,12,11,31
01_12_12_04_0004.bmp,0,12,4,0,17,17,11,16,17,16,17
01_12_12_04_0006.bmp,0,12,4,0,17,17,11,25,17,13,17
01_12_12_04_0007.bmp,0,12,4,0,17,17,11,13,17,17,17
01_12_12_04_0008.bmp,1,12,4,0,17,12,12,13,12,18,12
01_12_12_04_0009.bmp,0,12,4,0,17,17,11,42,17,26,17
01_12_12_04_0010.bmp,1,12,4,0,17,31,12,11,12,11,31
01_12_12_04_0011.bmp,1,12,4,0,17,11,12,11,12,18,31
01_12_12_04_0012.bmp,1,12,4,0,17,11,12,11,12,11,11
01_12_12_04_0013.bmp,0,12,4,0,17,17,32,42,17,26,17
01_12_12_04_0013.bmp,1,12,4,0,17,11,12,1,12,11,11
01_12_12_04_0014.bmp,0,12,4,0,17,17,32,16,17,26,17
01_12_12_04_0015.bmp,1,12,4,0,17,11,12,13,12,11,31
01_12_12_04_0017.bmp,0,12,4,0,17,17,32,9,17,14,17
01_12_12_04_0017.bmp,1,12,4,0,17,12,12,13,12,11,31
01_12_12_04_0018.bmp,0,12,4,0,17,17,11,13,17,26,17
01_12_12_04_0018.bmp,1,12,4,0,17,11,12,1,12,11,12
01_12_12_04_0019.bmp,1,12,4,0,17,12,12,11,12,11,31
01_12_12_04_0023.bmp,0,12,4,0,17,17,11,9,17,17,17
01_12_12_04_0023.bmp,1,12,4,0,17,11,12,16,12,13,31
01_12_12_04_0025.bmp,1,12,4,0,17,11,11,11,12,18,36
01_12_12_04_0026.bmp,0,12,4,0,17,17,17,9,17,17,17
01_12_12_04_0027.bmp,1,12,4,0,17,11,12,42,12,18,31
01_12_12_04_0028.bmp,0,12,4,0,17,31,31,13,31,14,14
01_12_12_04_0029.bmp,0,12,4,0,17,31,31,13,31,14,17
01_12_12_04_0031.bmp,1,12,4,0,17,11,11,11,12,13,31
01_12_12_04_0032.bmp,0,12,4,0,17,31,31,13,31,14,17
01_12_12_04_0033.bmp,1,12,4,0,17,11,11,1,12,11,31
01_12_12_04_0034.bmp,1,12,4,0,17,11,11,1,12,11,11
01_12_12_04_0035.bmp,1,12,4,0,17,11,11,9,12,16,11
01_12_12_04_0038.bmp,0,12,4,0,17,36,11,9,36,17,17
01_12_12_04_0038.bmp,1,12,4,0,17,11,11,1,12,16,31
01_12_12_04_0040.bmp,0,12,4,0,17,36,19,13,36,17,17
01_12_12_04_0040.bmp,1,12,4,0,17,11,11,1,12,11,36
01_12_12_04_0042.bmp,1,12,4,0,17,11,11,11,12,11,11
01_12_12_04_0045.bmp,0,12,4,0,17,11,11,1,12,18,11
01_12_12_04_0049.bmp,0,12,4,0,17,11,11,13,12,12,11
01_12_12_04_0052.bmp,0,12,4,0,17,11,11,13,12,13,11
01_12_12_04_0053.bmp,0,12,4,0,17,11,11,11,12,12,11
01_12_12_04_0056.bmp,0,12,4,0,17,11,11,1,12,25,11
01_12_12_04_0058.bmp,0,12,4,0,17,11,11,42,12,25,11
01_12_12_04_0061.bmp,0,12,4,0,17,11,11,1,12,26,11
01_12_12_04_0062.bmp,0,12,4,0,17,11,11,16,12,25,11
01_12_12_04_0063.bmp,0,12,4,0,17,11,11,9,12,25,11
01_12_12_04_0064.bmp,0,12,4,0,17,11,11,16,12,13,11
01_12_12_04_0065.bmp,0,12,4,0,17,11,11,16,12,25,11
01_12_12_04_0066.bmp,0,12,4,0,17,11,11,1,12,13,11
01_12_12_04_0068.bmp,0,12,4,0,17,11,11,1,12,18,11
01_12_12_04_0069.bmp,0,12,4,0,17,11,11,25,12,13,11
01_12_12_04_0072.bmp,0,12,4,0,17,11,11,16,12,13,11
01_12_12_04_0075.bmp,0,12,4,0,17,11,11,1,12,13,11
01_12_12_04_0077.bmp,0,12,4,0,17,11,11,25,12,26,11
01_12_12_04_0078.bmp,0,12,4,0,17,11,11,1,11,17,11
01_12_12_04_0079.bmp,0,12,4,0,17,11,11,42,11,17,11
01_12_12_04_0080.bmp,0,12,4,0,17,11,11,1,11,17,17
01_12_12_04_0081.bmp,0,12,4,0,17,11,11,25,11,17,11
01_12_12_04_0082.bmp,0,12,4,0,17,11,11,25,11,17,17
01_12_12_04_0083.bmp,0,12,4,0,17,11,11,16,11,17,17
01_12_12_04_0085.bmp,0,12,4,0,17,11,11,16,11,7,11
01_12_12_04_0089.bmp,0,12,4,0,17,11,11,16,11,9,11
01_12_12_04_0090.bmp,0,12,4,0,17,11,11,16,11,26,10
01_12_12_04_0091.bmp,0,12,4,0,17,11,11,16,11,9,11
01_12_12_04_0093.bmp,0,12,4,0,17,11,11,16,11,9,17
01_12_12_04_0096.bmp,0,12,4,0,17,11,11,42,11,9,17
01_12_12_04_0100.bmp,0,12,4,0,17,11,11,16,11,26,17
01_12_12_04_0101.bmp,0,12,4,0,17,11,11,16,11,17,17
01_12_12_04_0112.bmp,0,12,4,0,17,11,11,10,11,17,17
01_12_12_04_0114.bmp,0,12,4,0,17,11,11,9,11,17,17
01_13_12_04_0001.bmp,1,12,4,0,13,13,11,13,13,13,13
01_13_12_04_0003.bmp,0,12,4,0,13,31,12,13,12,25,12
01_13_12_04_0004.bmp,0,12,4,0,13,31,12,13,12,13,32
01_13_12_04_0005.bmp,1,12,4,0,13,13,11,13,13,13,13
01_13_12_04_0007.bmp,1,12,4,0,13,13,11,13,13,13,13
01_13_12_04_0010.bmp,1,12,4,0,13,13,11,13,13,13,13
01_13_12_04_0012.bmp,0,12,4,0,13,31,12,11,12,13,13
01_13_12_04_0012.bmp,1,12,4,0,13,13,11,13,13,13,13
01_13_12_04_0014.bmp,0,12,4,0,13,31,12,11,12,12,13
01_13_12_04_0015.bmp,0,12,4,0,13,31,12,42,12,12,13
01_13_12_04_0015.bmp,1,12,4,0,13,13,11,13,13,13,15
01_13_12_04_0016.bmp,0,12,4,0,13,31,12,42,12,13,12
01_13_12_04_0017.bmp,1,12,4,0,13,13,11,13,13,13,13
01_13_12_04_0018.bmp,0,12,4,0,13,31,12,11,12,13,13
01_13_12_04_0020.bmp,0,12,4,0,13,31,12,11,12,13,31
01_13_12_04_0021.bmp,0,12,4,0,13,31,12,1,12,13,13
01_13_12_04_0021.bmp,1,12,4,0,13,13,11,13,13,13,13
01_13_12_04_0022.bmp,1,12,4,0,13,13,11,13,13,13,13
01_13_12_04_0026.bmp,0,12,4,0,13,12,12,16,12,13,13
01_13_12_04_0026.bmp,1,12,4,0,13,13,13,13,13,13,13
01_13_12_04_0027.bmp,1,12,4,0,13,13,11,13,13,13,13
01_13_12_04_0028.bmp,0,12,4,0,13,31,12,13,12,13,13
01_13_12_04_0029.bmp,1,12,4,0,13,13,13,13,13,13,13
01_13_12_04_0030.bmp,0,12,4,0,13,31,12,13,12,13,13
01_13_12_04_0031.bmp,0,12,4,0,13,31,12,11,11,13,13
01_13_12_04_0031.bmp,1,12,4,0,13,13,13,13,13,13,13
01_13_12_04_0032.bmp,0,12,4,0,13,31,12,13,12,13,13
01_13_12_04_0034.bmp,1,12,4,0,13,13,13,13,13,13,13
01_13_12_04_0035.bmp,0,12,4,0,13,31,12,13,11,13,13
01_13_12_04_0036.bmp,0,12,4,0,13,31,12,13,11,13,13
01_13_12_04_0036.bmp,1,12,4,0,13,13,13,13,13,13,13
01_13_12_04_0037.bmp,1,12,4,0,13,13,13,13,13,13,13
01_13_12_04_0040.bmp,1,12,4,0,13,13,13,13,13,13,13
01_13_12_04_0041.bmp,1,12,4,0,13,13,13,13,13,13,13
01_13_12_04_0043.bmp,0,12,4,0,13,12,12,13,13,13,13
01_13_12_04_0044.bmp,1,12,4,0,13,13,13,13,13,13,13
01_13_12_04_0048.bmp,1,12,4,0,13,13,13,13,13,13,13
01_13_12_04_0049.bmp,1,12,4,0,13,13,13,13,13,13,13
01_13_12_04_0050.bmp,0,12,4,0,13,13,12,13,13,13,13
01_13_12_04_0050.bmp,1,12,4,0,13,13,13,13,13,13,13
01_13_12_04_0051.bmp,0,12,4,0,13,13,12,13,13,13,13
01_13_12_04_0052.bmp,1,12,4,0,13,13,13,13,13,13,13
01_13_12_04_0053.bmp,1,12,4,0,13,13,13,13,13,13,13
01_13_12_04_0059.bmp,1,12,4,0,13,13,13,13,13,13,13
01_13_12_04_0063.bmp,1,12,4,0,13,12,12,1,12,18,12
01_13_12_04_0065.bmp,1,12,4,0,13,12,12,11,12,18,12
01_13_12_04_0068.bmp,0,12,4,0,13,13,13,13,13,13,13
01_13_12_04_0068.bmp,1,12,4,0,13,12,12,13,12,13,12
01_13_12_04_0069.bmp,0,12,4,0,13,13,13,13,13,13,13
01_13_12_04_0069.bmp,1,12,4,0,13,12,12,16,12,3,12
01_13_12_04_0074.bmp,0,12,4,0,13,13,12,13,13,13,13
01_13_12_04_0074.bmp,1,12,4,0,13,12,12,11,12,11,12
01_13_12_04_0078.bmp,1,12,4,0,13,12,12,1,12,11,12
01_13_12_04_0080.bmp,1,12,4,0,13,12,12,13,12,13,12
01_13_12_04_0082.bmp,0,12,4,0,13,13,13,13,13,13,13
01_13_12_04_0082.bmp,1,12,4,0,13,12,12,13,12,13,12
01_13_12_04_0083.bmp,1,12,4,0,13,12,12,13,12,13,31
01_13_12_04_0084.bmp,0,12,4,0,13,13,13,13,13,13,13
01_13_12_04_0086.bmp,0,12,4,0,13,13,13,13,13,13,13
01_13_12_04_0090.bmp,1,12,4,0,13,12,12,16,12,25,31
01_13_12_04_0092.bmp,0,12,4,0,13,13,13,13,13,13,13
01_13_12_04_0092.bmp,1,12,4,0,13,12,12,16,12,13,12
01_13_12_04_0093.bmp,1,12,4,0,13,12,12,1,12,13,31
01_13_12_04_0094.bmp,0,12,4,0,13,13,13,13,13,13,13
01_13_12_04_0094.bmp,1,12,4,0,13,12,12,13,12,13,12
01_13_12_04_0097.bmp,1,12,4,0,13,12,12,1,12,18,31
01_13_12_04_0101.bmp,1,12,4,0,13,31,12,13,12,12,11
01_13_12_04_0102.bmp,1,12,4,0,13,31,12,13,12,13,11
01_13_12_04_0104.bmp,0,12,4,0,13,13,13,13,13,13,13
01_13_12_04_0106.bmp,1,12,4,0,13,12,12,11,12,13,31
01_13_12_04_0111.bmp,0,12,4,0,13,13,13,13,13,13,13
01_13_12_04_0111.bmp,1,12,4,0,13,12,12,1,12,0,12
01_13_12_04_0112.bmp,0,12,4,0,13,13,13,13,13,13,13
01_13_12_04_0112.bmp,1,12,4,0,13,12,12,13,12,13,12
01_13_12_04_0115.bmp,1,12,4,0,13,12,12,13,12,13,31
01_13_12_04_0118.bmp,1,12,4,0,13,12,12,1,12,18,31
01_13_12_04_0119.bmp,0,12,4,0,13,31,12,13,12,13,31
01_13_12_04_0120.bmp,1,12,4,0,13,31,12,1,12,13,31
01_13_12_04_0121.bmp,0,12,4,0,13,31,12,13,12,13,31
01_13_12_04_0126.bmp,1,12,4,0,13,12,12,13,12,0,31
01_13_12_04_0127.bmp,1,12,4,0,13,31,12,13,12,13,31
01_13_12_04_0128.bmp,0,12,4,0,13,31,12,25,12,13,31
01_13_12_04_0129.bmp,0,12,4,0,13,31,12,13,12,13,31
01_13_12_04_0129.bmp,1,12,4,0,13,12,12,13,12,13,31
01_13_12_04_0130.bmp,1,12,4,0,13,12,12,11,12,13,31
01_13_12_04_0132.bmp,0,12,4,0,13,31,12,13,12,13,31
01_13_12_04_0134.bmp,1,12,4,0,13,12,12,13,12,13,31
01_13_12_04_0138.bmp,0,12,4,0,13,31,12,25,11,13,13
01_13_12_04_0140.bmp,0,12,4,0,13,31,12,11,13,13,13
01_13_12_04_0142.bmp,0,12,4,0,13,31,12,13,13,13,13
01_13_12_04_0142.bmp,1,12,4,0,13,12,12,13,11,13,13
01_13_12_04_0144.bmp,0,12,4,0,13,31,12,13,13,13,13
01_13_12_04_0145.bmp,1,12,4,0,13,12,12,13,11,13,13
01_13_12_04_0146.bmp,1,12,4,0,13,12,12,13,11,13,13
01_13_12_04_0148.bmp,1,12,4,0,13,12,12,13,11,13,13
01_13_12_04_0151.bmp,1,12,4,0,13,12,12,13,11,13,13
01_13_12_04_0152.bmp,1,12,4,0,13,12,12,13,11,13,13
01_13_12_04_0155.bmp,0,12,4,0,13,31,12,13,13,13,13
01_13_12_04_0157.bmp,0,12,4,0,13,13,12,13,13,13,13
01_13_12_04_0158.bmp,1,12,4,0,13,12,12,13,11,13,13
01_13_12_04_0160.bmp,0,12,4,0,13,13,31,25,13,13,13
01_13_12_04_0161.bmp,0,12,4,0,13,13,31,13,13,13,13
01_13_12_04_0161.bmp,1,12,4,0,13,11,12,13,11,13,13
01_13_12_04_0162.bmp,1,12,4,0,13,12,12,13,11,13,13
01_13_12_04_0165.bmp,1,12,4,0,13,12,12,13,11,13,13
01_13_12_04_0166.bmp,1,12,4,0,13,12,12,13,11,13,13
01_13_12_04_0169.bmp,0,12,4,0,13,12,12,16,12,13,31
01_13_12_04_0170.bmp,0,12,4,0,13,12,12,11,12,11,12
01_13_12_04_0172.bmp,1,12,4,0,13,12,12,13,11,13,13
01_13_12_04_0173.bmp,0,12,4,0,13,31,12,16,12,13,31
01_13_12_04_0175.bmp,0,12,4,0,13,12,12,1,12,13,31
01_13_12_04_0175.bmp,1,12,4,0,13,11,12,13,11,13,13
01_13_12_04_0177.bmp,1,12,4,0,13,11,12,13,11,13,13
01_13_12_04_0179.bmp,0,12,4,0,13,31,12,1,12,13,31
01_13_12_04_0180.bmp,0,12,4,0,13,12,12,16,12,13,12
01_13_12_04_0181.bmp,0,12,4,0,13,12,12,16,12,13,31
01_13_12_04_0182.bmp,1,12,4,0,13,11,12,13,11,13,13
01_13_12_04_0185.bmp,1,12,4,0,13,11,12,13,11,13,13
01_13_12_04_0186.bmp,1,12,4,0,13,11,12,13,11,13,13
01_13_12_04_0191.bmp,1,12,4,0,13,11,12,13,11,13,13
01_13_12_04_0192.bmp,1,12,4,0,13,11,12,13,11,13,13
01_13_12_04_0193.bmp,0,12,4,0,13,31,12,1,12,13,13
01_13_12_04_0195.bmp,0,12,4,0,13,31,12,1,12,13,31
01_13_12_04_0196.bmp,0,12,4,0,13,31,12,11,12,13,31
01_13_12_04_0196.bmp,1,12,4,0,13,11,12,13,11,13,13
01_13_12_04_0197.bmp,1,12,4,0,13,11,12,13,11,13,13
01_13_12_04_0198.bmp,0,12,4,0,13,31,12,11,12,13,31
01_13_12_04_0200.bmp,0,12,4,0,13,31,12,11,12,13,31
01_13_12_04_0200.bmp,1,12,4,0,13,11,12,13,11,13,13
01_13_12_04_0201.bmp,0,12,4,0,13,31,12,13,12,13,31
01_13_12_04_0202.bmp,0,12,4,0,13,31,12,13,12,13,31
01_13_12_04_0202.bmp,1,12,4,0,13,11,12,13,11,13,13
01_13_12_04_0204.bmp,0,12,4,0,13,31,12,13,12,13,31
01_13_12_04_0206.bmp,0,12,4,0,13,31,12,11,12,13,31
01_13_12_04_0206.bmp,1,12,4,0,13,11,12,13,11,13,13
01_13_12_04_0207.bmp,1,12,4,0,13,11,12,13,11,13,13
01_13_12_04_0208.bmp,1,12,4,0,13,11,12,13,11,13,13
01_13_12_04_0211.bmp,0,12,4,0,13,31,12,1,12,13,13
01_13_12_04_0212.bmp,1,12,4,0,13,11,12,13,11,13,13
01_13_12_04_0213.bmp,0,12,4,0,13,31,12,13,12,13,13
01_13_12_04_0214.bmp,1,12,4,0,13,11,12,13,11,13,13
01_13_12_04_0215.bmp,0,12,4,0,13,31,31,13,13,13,13
01_13_12_04_0217.bmp,1,12,4,0,13,11,12,13,11,13,13
01_13_12_04_0218.bmp,0,12,4,0,13,31,31,13,13,13,13
01_13_12_04_0218.bmp,1,12,4,0,13,11,12,13,11,13,13
01_13_12_04_0219.bmp,0,12,4,0,13,31,31,13,13,13,13
01_13_12_04_0219.bmp,1,12,4,0,13,11,12,13,11,13,13
01_13_12_04_0223.bmp,1,12,4,0,13,11,12,13,11,13,13
01_13_12_04_0224.bmp,1,12,4,0,13,11,12,13,11,13,13
01_13_12_04_0228.bmp,0,12,4,0,13,13,31,13,13,13,13
01_13_12_04_0229.bmp,1,12,4,0,13,11,12,13,11,13,13
01_13_12_04_0230.bmp,0,12,4,0,13,13,31,13,13,13,13
01_13_12_04_0231.bmp,1,12,4,0,13,11,12,13,11,13,13
01_13_12_04_0232.bmp,0,12,4,0,13,13,31,13,13,13,13
01_13_12_04_0232.bmp,1,12,4,0,13,11,12,13,11,13,13
01_13_12_04_0234.bmp,1,12,4,0,13,11,12,13,11,13,13
01_13_12_04_0235.bmp,0,12,4,0,13,13,13,13,13,13,13
01_13_12_04_0236.bmp,0,12,4,0,13,13,13,13,13,13,13
01_13_12_04_0236.bmp,1,12,4,0,13,11,12,13,11,13,13
01_13_12_04_0237.bmp,1,12,4,0,13,11,12,13,11,13,13
01_13_12_04_0238.bmp,1,12,4,0,13,11,12,13,11,13,13
01_13_12_04_0239.bmp,0,12,4,0,13,13,13,13,13,13,13
01_13_12_04_0241.bmp,0,12,4,0,13,13,13,13,13,13,13
01_13_12_04_0243.bmp,0,12,4,0,13,13,13,13,13,13,13
01_13_12_04_0244.bmp,0,12,4,0,13,13,13,13,13,13,13
01_13_12_04_0244.bmp,1,12,4,0,13,11,12,13,11,13,13
01_13_12_04_0248.bmp,1,12,4,0,13,11,12,13,11,13,13
01_13_12_04_0249.bmp,0,12,4,0,13,13,13,13,13,13,13
01_13_12_04_0250.bmp,1,12,4,0,13,11,12,13,11,13,13
01_13_12_04_0251.bmp,1,12,4,0,13,11,12,13,11,13,13
01_13_12_04_0253.bmp,0,12,4,0,13,13,13,13,13,13,13
01_13_12_04_0255.bmp,1,12,4,0,13,11,12,13,11,13,13
01_13_12_04_0256.bmp,1,12,4,0,13,11,12,13,11,13,13
01_13_12_04_0258.bmp,1,12,4,0,13,11,12,13,11,13,13
01_13_12_04_0259.bmp,0,12,4,0,13,13,13,13,13,13,13
01_13_12_04_0262.bmp,1,12,4,0,13,11,12,13,11,13,13
01_13_12_04_0263.bmp,0,12,4,0,13,13,13,13,13,13,13
01_13_12_04_0264.bmp,0,12,4,0,13,13,13,13,13,13,13
01_13_12_04_0264.bmp,1,12,4,0,13,11,12,13,11,13,13
01_13_12_04_0268.bmp,1,12,4,0,13,11,12,13,11,13,13
01_13_12_04_0269.bmp,0,12,4,0,13,13,13,13,13,13,13
01_13_12_04_0269.bmp,1,12,4,0,13,11,12,13,11,13,13
01_13_12_04_0271.bmp,0,12,4,0,13,11,12,13,11,13,13
01_13_12_04_0274.bmp,0,12,4,0,13,11,12,13,11,13,13
01_13_12_04_0275.bmp,0,12,4,0,13,11,12,13,11,13,13
01_13_12_04_0276.bmp,0,12,4,0,13,11,12,13,11,13,13
01_13_12_04_0277.bmp,0,12,4,0,13,11,12,13,11,13,13
01_13_12_04_0278.bmp,0,12,4,0,13,11,12,13,11,13,13
01_13_12_04_0279.bmp,0,12,4,0,13,11,12,13,11,13,13
01_13_12_04_0283.bmp,0,12,4,0,13,11,12,13,11,13,13
01_13_12_04_0284.bmp,0,12,4,0,13,11,12,13,11,13,13
01_13_12_04_0285.bmp,0,12,4,0,13,11,12,13,11,13,13
01_13_12_04_0286.bmp,0,12,4,0,13,11,12,13,11,13,13
01_13_12_04_0287.bmp,0,12,4,0,13,11,12,13,11,13,13
01_13_12_04_0289.bmp,0,12,4,0,13,11,12,13,11,13,13
01_13_12_04_0290.bmp,0,12,4,0,13,11,12,13,11,13,13
01_13_12_04_0293.bmp,0,12,4,0,13,11,12,13,11,13,13
01_13_12_04_0294.bmp,0,12,4,0,13,11,12,13,11,13,13
01_13_12_04_0296.bmp,0,12,4,0,13,11,12,13,11,13,13
01_13_12_04_0299.bmp,0,12,4,0,13,12,12,13,11,13,13
01_13_12_04_0301.bmp,0,12,4,0,13,11,12,13,11,13,13
01_13_12_04_0302.bmp,0,12,4,0,13,11,12,13,11,13,13
01_13_12_04_0304.bmp,0,12,4,0,13,11,12,13,11,13,13
01_13_12_04_0306.bmp,0,12,4,0,13,11,12,13,11,13,13
01_13_12_04_0308.bmp,0,12,4,0,13,12,12,13,11,13,13
01_13_12_04_0312.bmp,0,12,4,0,13,12,12,13,11,13,13
01_13_12_04_0315.bmp,0,12,4,0,13,12,12,13,11,13,13
01_13_12_04_0316.bmp,0,12,4,0,13,12,12,13,11,13,13
01_13_12_04_0328.bmp,0,12,4,0,13,11,11,13,11,13,13
01_13_12_04_0333.bmp,0,12,4,0,13,11,11,13,11,13,13
01_13_12_04_0338.bmp,0,12,4,0,13,11,11,13,13,13,13
01_13_12_04_0341.bmp,0,12,4,0,13,13,11,13,13,13,13
01_13_12_04_0342.bmp,0,12,4,0,13,13,11,13,13,13,13
01_13_12_04_0343.bmp,0,12,4,0,13,11,11,13,13,13,13
01_13_12_04_0344.bmp,0,12,4,0,13,13,11,13,13,13,13
01_13_12_04_0348.bmp,0,12,4,0,13,13,11,13,13,13,13
01_13_12_04_0349.bmp,0,12,4,0,13,13,11,13,13,13,13
01_13_12_04_0352.bmp,0,12,4,0,13,13,11,13,13,13,13
01_13_12_04_0356.bmp,0,12,4,0,13,31,31,10,12,14,14
01_13_12_04_0360.bmp,0,12,4,0,13,13,13,13,13,13,13
01_13_12_04_0363.bmp,0,12,4,0,13,13,13,13,13,13,13
01_13_12_04_0367.bmp,0,12,4,0,13,13,13,13,13,13,15
01_13_12_04_0370.bmp,0,12,4,0,13,13,13,13,13,13,13
01_13_12_04_0371.bmp,0,12,4,0,13,13,13,13,13,13,15
01_13_12_04_0372.bmp,0,12,4,0,13,13,13,13,13,13,15
01_13_12_04_0374.bmp,0,12,4,0,13,13,13,13,13,13,13
01_13_12_04_0377.bmp,0,12,4,0,13,13,13,13,13,13,13
01_13_12_04_0378.bmp,0,12,4,0,13,13,13,13,13,13,13
01_13_12_04_0382.bmp,0,12,4,0,13,13,13,13,13,13,13
01_13_12_04_0384.bmp,0,12,4,0,13,13,13,13,13,15,15
01_13_12_04_0387.bmp,0,12,4,0,13,12,12,18,12,13,31
01_13_12_04_0389.bmp,0,12,4,0,13,12,12,13,12,13,12
01_13_12_04_0390.bmp,0,12,4,0,13,12,12,13,12,13,31
01_13_12_04_0393.bmp,0,12,4,0,13,12,12,13,12,18,31
01_13_12_04_0397.bmp,0,12,4,0,13,12,12,42,12,13,12
01_13_12_04_0399.bmp,0,12,4,0,13,12,12,11,12,13,12
01_13_12_04_0400.bmp,0,12,4,0,13,12,12,13,12,12,12
01_13_12_04_0401.bmp,0,12,4,0,13,12,12,11,12,13,12
01_13_12_04_0402.bmp,0,12,4,0,13,12,12,11,12,12,12
01_13_12_04_0406.bmp,0,12,4,0,13,12,12,13,12,13,31
01_13_12_04_0407.bmp,0,12,4,0,13,12,12,11,12,13,12
01_13_12_04_0416.bmp,0,12,4,0,13,12,12,13,12,13,12
01_13_12_04_0419.bmp,0,12,4,0,13,12,12,10,12,13,12
01_13_12_04_0420.bmp,0,12,4,0,13,12,12,9,12,13,12
01_13_12_04_0424.bmp,0,12,4,0,13,12,12,13,12,13,12
01_13_12_04_0429.bmp,0,12,4,0,13,12,12,13,12,13,31
01_13_12_04_0433.bmp,0,12,4,0,13,12,12,25,12,13,13
01_13_12_04_0437.bmp,0,12,4,0,13,12,12,1,12,13,11
01_13_12_04_0444.bmp,0,12,4,0,13,12,12,13,12,13,12
01_13_12_04_0445.bmp,0,12,4,0,13,12,12,11,12,13,12
01_13_12_04_0446.bmp,0,12,4,0,13,12,12,13,12,13,12
01_13_12_04_0447.bmp,0,12,4,0,13,12,12,1,12,13,13
01_13_12_04_0453.bmp,0,12,4,0,13,31,12,13,12,13,13
01_13_12_04_0457.bmp,0,12,4,0,13,12,12,13,11,13,13
01_13_12_04_0459.bmp,0,12,4,0,13,12,12,13,12,13,13
01_13_12_04_0461.bmp,0,12,4,0,13,12,12,13,11,13,13
01_13_12_04_0464.bmp,0,12,4,0,13,31,12,11,11,13,13
01_13_12_04_0466.bmp,0,12,4,0,13,12,12,13,11,13,13
01_13_12_04_0468.bmp,0,12,4,0,13,12,12,13,11,13,13
01_13_12_04_0469.bmp,0,12,4,0,13,13,12,13,11,13,13
01_13_12_04_0472.bmp,0,12,4,0,13,13,11,11,11,13,13
01_13_12_04_0473.bmp,0,12,4,0,13,13,11,13,11,13,13
01_13_12_04_0475.bmp,0,12,4,0,13,13,12,13,13,13,13
01_13_12_04_0476.bmp,0,12,4,0,13,13,11,13,13,13,13
01_13_12_04_0483.bmp,0,12,4,0,13,13,12,13,13,13,13
01_13_12_04_0484.bmp,0,12,4,0,13,13,12,13,13,13,13
01_13_12_04_0486.bmp,0,12,4,0,13,13,12,13,13,13,13
01_13_12_04_0489.bmp,0,12,4,0,13,13,12,13,13,13,13
01_13_12_04_0490.bmp,0,12,4,0,13,13,12,13,13,13,13
01_13_12_04_0492.bmp,0,12,4,0,13,13,11,13,13,13,13
01_13_12_04_0493.bmp,0,12,4,0,13,13,11,13,13,13,13
01_13_12_04_0494.bmp,0,12,4,0,13,13,11,13,13,13,13
01_13_12_04_0495.bmp,0,12,4,0,13,13,12,13,13,13,13
01_13_12_04_0496.bmp,0,12,4,0,13,13,11,11,13,13,13
01_13_12_04_0501.bmp,0,12,4,0,13,13,11,11,13,13,13
01_13_12_04_0503.bmp,0,12,4,0,13,13,11,13,13,13,13
01_13_12_04_0506.bmp,0,12,4,0,13,13,13,13,13,13,13
01_13_12_04_0509.bmp,0,12,4,0,13,13,13,13,13,13,13
01_13_12_04_0512.bmp,0,12,4,0,13,13,13,13,13,13,13
01_13_12_04_0513.bmp,0,12,4,0,13,13,13,13,13,13,13
01_13_12_04_0518.bmp,0,12,4,0,13,31,31,42,31,13,32
01_13_12_04_0519.bmp,0,12,4,0,13,31,31,13,31,13,13
01_13_12_04_0520.bmp,0,12,4,0,13,31,31,42,31,13,32
01_13_12_04_0522.bmp,0,12,4,0,13,31,31,11,31,13,13
01_13_12_04_0525.bmp,0,12,4,0,13,31,31,13,13,13,13
01_13_12_04_0527.bmp,0,12,4,0,13,31,31,11,31,13,13
01_13_12_04_0528.bmp,0,12,4,0,13,31,31,42,31,13,32
01_13_12_04_0529.bmp,0,12,4,0,13,31,31,12,13,13,13
01_13_12_04_0530.bmp,0,12,4,0,13,31,31,42,31,13,32
01_13_12_04_0532.bmp,0,12,4,0,13,31,31,42,31,13,32
01_13_12_04_0533.bmp,0,12,4,0,13,31,12,13,13,13,13
01_13_12_04_0535.bmp,0,12,4,0,13,31,31,13,13,13,13
01_13_12_04_0539.bmp,0,12,4,0,13,31,31,1,13,13,13
01_13_12_04_0540.bmp,0,12,4,0,13,31,31,13,13,13,32
01_13_12_04_0546.bmp,0,12,4,0,13,31,31,1,32,13,32
01_13_12_04_0547.bmp,0,12,4,0,13,31,31,13,12,13,32
01_13_12_04_0549.bmp,0,12,4,0,13,31,31,12,13,13,13
01_13_12_04_0553.bmp,0,12,4,0,13,31,31,13,13,13,13
01_13_12_04_0556.bmp,0,12,4,0,13,31,31,1,31,13,13
01_13_12_04_0557.bmp,0,12,4,0,13,31,31,13,13,13,13
01_13_12_04_0559.bmp,0,12,4,0,13,31,31,13,13,13,13
01_13_12_04_0567.bmp,0,12,4,0,13,31,31,13,13,13,13
01_13_12_04_0576.bmp,0,12,4,0,13,31,31,13,32,13,13
01_13_12_04_0578.bmp,0,12,4,0,13,31,31,11,32,13,13
01_13_12_04_0584.bmp,0,12,4,0,13,31,31,13,32,13,13
01_13_12_04_0585.bmp,0,12,4,0,13,31,31,13,13,13,15
01_13_12_04_0587.bmp,0,12,4,0,13,31,31,13,13,13,13
01_13_12_04_0591.bmp,0,12,4,0,13,13,31,13,13,13,13
01_13_12_04_0593.bmp,0,12,4,0,13,13,31,13,13,13,13
01_13_12_04_0595.bmp,0,12,4,0,13,31,31,13,13,13,13
01_13_12_04_0601.bmp,0,12,4,0,13,13,31,13,13,13,13
01_13_12_04_0603.bmp,0,12,4,0,13,13,31,13,13,13,13
01_13_12_04_0606.bmp,0,12,4,0,13,13,11,13,13,13,13
01_13_12_04_0607.bmp,0,12,4,0,13,13,13,13,13,13,13
01_13_12_04_0608.bmp,0,12,4,0,13,13,31,13,13,13,13
01_13_12_04_0611.bmp,0,12,4,0,13,13,11,13,13,13,13
01_13_12_04_0617.bmp,0,12,4,0,13,13,13,13,13,13,13
01_13_12_04_0619.bmp,0,12,4,0,13,13,11,13,13,13,13
01_13_12_04_0622.bmp,0,12,4,0,13,13,13,13,13,13,13
01_03_12_05_0005.bmp,0,12,5,0,9,31,31,16,16,13,15
01_03_12_05_0006.bmp,0,12,5,0,9,31,31,16,13,16,15
01_03_12_05_0008.bmp,0,12,5,0,9,13,31,16,13,16,13
01_03_12_05_0009.bmp,0,12,5,0,9,31,31,16,13,16,15
01_03_12_05_0014.bmp,0,12,5,0,9,13,31,16,13,13,13
01_03_12_05_0015.bmp,0,12,5,0,9,13,31,16,13,13,15
01_03_12_05_0024.bmp,0,12,5,0,9,13,16,16,13,15,15
01_03_12_05_0028.bmp,0,12,5,0,9,13,16,16,13,13,15
01_03_12_05_0032.bmp,0,12,5,0,9,13,16,41,13,13,15
01_03_12_05_0038.bmp,0,12,5,0,9,13,31,9,13,15,15
01_03_12_05_0039.bmp,0,12,5,0,9,13,16,41,13,15,15
01_03_12_05_0040.bmp,0,12,5,0,9,13,31,41,13,15,15
01_03_12_05_0043.bmp,0,12,5,0,9,13,13,16,13,15,15
01_03_12_05_0045.bmp,0,12,5,0,9,13,13,13,13,15,15
01_03_12_05_0046.bmp,0,12,5,0,9,13,13,16,13,16,15
01_03_12_05_0048.bmp,0,12,5,0,9,13,13,16,13,15,15
01_03_12_05_0051.bmp,0,12,5,0,9,13,13,9,13,13,15
01_03_12_05_0055.bmp,0,12,5,0,9,13,13,16,13,15,15
01_03_12_05_0056.bmp,0,12,5,0,9,13,31,13,13,13,15
01_03_12_05_0059.bmp,0,12,5,0,9,13,31,13,13,13,15
01_03_12_05_0063.bmp,0,12,5,0,9,13,31,13,13,13,15
01_03_12_05_0064.bmp,0,12,5,0,9,13,31,13,13,13,15
01_03_12_05_0066.bmp,0,12,5,0,9,13,31,13,13,9,15
01_03_12_05_0069.bmp,0,12,5,0,9,13,31,13,13,15,15
01_03_12_05_0072.bmp,0,12,5,0,9,13,13,13,13,9,15
01_03_12_05_0073.bmp,0,12,5,0,9,13,13,9,13,41,15
01_03_12_05_0079.bmp,0,12,5,0,9,13,13,13,13,9,15
01_03_12_05_0082.bmp,0,12,5,0,9,13,13,13,13,14,15
01_03_12_05_0085.bmp,0,12,5,0,9,13,13,13,13,9,41
01_06_12_05_0001.bmp,0,12,5,0,14,32,32,18,25,39,14
01_06_12_05_0001.bmp,1,12,5,0,14,11,12,13,12,13,11
01_06_12_05_0002.bmp,1,12,5,0,14,11,12,11,12,13,11
01_06_12_05_0005.bmp,1,12,5,0,14,11,12,13,12,13,11
01_06_12_05_0006.bmp,0,12,5,0,14,32,11,13,1,14,14
01_06_12_05_0006.bmp,1,12,5,0,14,11,12,1,12,0,11
01_06_12_05_0007.bmp,1,12,5,0,14,11,12,1,12,25,11
01_06_12_05_0009.bmp,0,12,5,0,14,1,11,4,25,14,14
01_06_12_05_0009.bmp,1,12,5,0,14,11,12,13,12,13,11
01_06_12_05_0011.bmp,0,12,5,0,14,1,11,2,1,14,14
01_06_12_05_0011.bmp,1,12,5,0,14,11,12,1,12,18,11
01_06_12_05_0012.bmp,0,12,5,0,14,1,11,4,1,14,14
01_06_12_05_0012.bmp,1,12,5,0,14,11,12,1,12,25,11
01_06_12_05_0014.bmp,0,12,5,0,14,25,11,25,25,14,14
01_06_12_05_0014.bmp,1,12,5,0,14,11,12,1,12,16,11
01_06_12_05_0015.bmp,1,12,5,0,14,11,12,1,12,25,11
01_06_12_05_0016.bmp,0,12,5,0,14,25,11,4,25,14,14
01_06_12_05_0017.bmp,0,12,5,0,14,25,11,4,25,14,14
01_06_12_05_0017.bmp,1,12,5,0,14,11,12,1,12,25,11
01_06_12_05_0019.bmp,0,12,5,0,14,25,11,25,25,14,14
01_06_12_05_0019.bmp,1,12,5,0,14,11,12,25,12,25,11
01_06_12_05_0025.bmp,1,12,5,0,14,11,12,25,12,0,11
01_06_12_05_0026.bmp,1,12,5,0,14,11,12,25,12,25,11
01_06_12_05_0029.bmp,0,12,5,0,14,25,11,25,25,14,14
01_06_12_05_0030.bmp,0,12,5,0,14,25,11,4,25,14,14
01_06_12_05_0033.bmp,0,12,5,0,14,25,1,4,25,14,14
01_06_12_05_0033.bmp,1,12,5,0,14,36,31,16,36,13,3
01_06_12_05_0034.bmp,1,12,5,0,14,36,31,16,36,13,17
01_06_12_05_0037.bmp,1,12,5,0,14,36,31,42,36,13,17
01_06_12_05_0038.bmp,0,12,5,0,14,25,1,18,25,14,14
01_06_12_05_0038.bmp,1,12,5,0,14,31,31,13,36,16,17
01_06_12_05_0039.bmp,0,12,5,0,14,25,25,25,25,14,14
01_06_12_05_0039.bmp,1,12,5,0,14,36,31,5,36,13,17
01_06_12_05_0043.bmp,0,12,5,0,14,25,11,0,25,14,14
01_06_12_05_0046.bmp,0,12,5,0,14,36,31,1,36,13,17
01_06_12_05_0048.bmp,0,12,5,0,14,31,31,13,36,17,17
01_06_12_05_0050.bmp,0,12,5,0,14,31,31,1,36,14,17
01_06_12_05_0057.bmp,0,12,5,0,14,36,36,9,36,14,17
01_06_12_05_0061.bmp,0,12,5,0,14,32,36,1,36,14,17
01_06_12_05_0062.bmp,0,12,5,0,14,32,32,25,36,14,14
01_06_12_05_0064.bmp,0,12,5,0,14,32,32,25,36,14,17
01_06_12_05_0065.bmp,0,12,5,0,14,32,32,1,36,13,17
01_06_12_05_0069.bmp,0,12,5,0,14,13,32,25,25,14,14
01_06_12_05_0071.bmp,0,12,5,0,14,13,32,13,25,14,14
01_06_12_05_0072.bmp,0,12,5,0,14,25,32,4,25,14,14
01_06_12_05_0073.bmp,0,12,5,0,14,25,32,25,25,14,14
01_06_12_05_0076.bmp,0,12,5,0,14,25,32,4,25,14,14
01_06_12_05_0077.bmp,0,12,5,0,14,25,25,2,25,14,14
01_06_12_05_0078.bmp,0,12,5,0,14,25,25,24,25,14,14
01_06_12_05_0080.bmp,0,12,5,0,14,25,25,25,25,14,14
01_06_12_05_0082.bmp,0,12,5,0,14,25,25,25,25,14,14
01_06_12_05_0083.bmp,0,12,5,0,14,25,25,2,25,14,14
01_06_12_05_0084.bmp,0,12,5,0,14,25,25,2,25,14,14
01_11_12_05_0001.bmp,0,12,5,0,12,31,31,11,13,13,13
01_11_12_05_0005.bmp,0,12,5,0,12,31,31,11,31,13,7
01_11_12_05_0009.bmp,0,12,5,0,12,31,31,11,13,35,13
01_11_12_05_0015.bmp,0,12,5,0,12,31,31,42,13,13,13
01_11_12_05_0017.bmp,0,12,5,0,12,32,31,18,13,13,13
01_11_12_05_0018.bmp,0,12,5,0,12,32,31,11,11,18,13
01_11_12_05_0021.bmp,0,12,5,0,12,32,11,11,11,1,11
01_11_12_05_0023.bmp,0,12,5,0,12,31,31,11,13,35,32
01_11_12_05_0026.bmp,0,12,5,0,12,31,31,11,11,1,1
01_11_12_05_0028.bmp,0,12,5,0,12,31,31,11,13,17,13
01_11_12_05_0029.bmp,0,12,5,0,12,31,11,11,11,35,11
01_11_12_05_0035.bmp,0,12,5,0,12,11,11,11,1,1,26
01_11_12_05_0036.bmp,0,12,5,0,12,13,11,18,1,1,1
01_11_12_05_0038.bmp,0,12,5,0,12,13,11,18,1,1,18
01_11_12_05_0039.bmp,0,12,5,0,12,11,11,18,1,15,18
01_11_12_05_0040.bmp,0,12,5,0,12,11,11,11,11,1,1
01_11_12_05_0045.bmp,0,12,5,0,12,11,11,18,1,1,18
01_11_12_05_0048.bmp,0,12,5,0,12,11,11,1,1,1,1
01_11_12_05_0049.bmp,0,12,5,0,12,11,11,1,1,1,26
01_11_12_05_0052.bmp,0,12,5,0,12,13,11,18,1,1,15
01_11_12_05_0053.bmp,0,12,5,0,12,13,11,18,1,1,15
01_11_12_05_0054.bmp,0,12,5,0,12,13,11,18,1,1,1
01_11_12_05_0056.bmp,0,12,5,0,12,13,11,18,13,1,15
01_11_12_05_0058.bmp,0,12,5,0,12,1,11,18,1,1,15
01_11_12_05_0059.bmp,0,12,5,0,12,13,11,18,1,1,15
01_11_12_05_0060.bmp,0,12,5,0,12,13,11,18,13,1,15
01_11_12_05_0061.bmp,0,12,5,0,12,13,11,18,13,1,15
01_11_12_05_0062.bmp,0,12,5,0,12,13,11,11,13,1,15
01_11_12_05_0064.bmp,0,12,5,0,12,13,11,18,13,1,15
01_11_12_05_0066.bmp,0,12,5,0,12,13,11,18,13,1,15
01_11_12_05_0069.bmp,0,12,5,0,12,13,11,18,13,1,15
01_11_12_05_0071.bmp,0,12,5,0,12,13,11,25,1,1,15
01_11_12_05_0073.bmp,0,12,5,0,12,25,11,25,25,1,15
01_11_12_05_0079.bmp,0,12,5,0,12,25,1,25,25,15,15
01_11_12_05_0080.bmp,0,12,5,0,12,32,32,32,32,17,17
01_12_12_05_0001.bmp,0,12,5,0,17,31,11,13,11,18,17
01_12_12_05_0002.bmp,0,12,5,0,17,17,11,1,11,26,17
01_12_12_05_0002.bmp,1,12,5,0,17,12,12,11,12,12,12
01_12_12_05_0003.bmp,0,12,5,0,17,31,11,9,16,9,17
01_12_12_05_0005.bmp,0,12,5,0,17,17,11,25,16,17,17
01_12_12_05_0006.bmp,0,12,5,0,17,17,11,16,11,13,17
01_12_12_05_0007.bmp,0,12,5,0,17,17,11,9,17,17,17
01_12_12_05_0009.bmp,1,12,5,0,17,12,12,13,12,11,12
01_12_12_05_0015.bmp,0,12,5,0,17,17,32,9,17,9,17
01_12_12_05_0016.bmp,0,12,5,0,17,17,11,9,16,13,17
01_12_12_05_0017.bmp,0,12,5,0,17,17,19,9,17,14,17
01_12_12_05_0017.bmp,1,12,5,0,17,12,12,13,12,11,12
01_12_12_05_0019.bmp,0,12,5,0,17,17,19,16,17,26,17
01_12_12_05_0019.bmp,1,12,5,0,17,12,12,16,12,11,12
01_12_12_05_0020.bmp,0,12,5,0,17,17,11,16,17,26,17
01_12_12_05_0020.bmp,1,12,5,0,17,12,12,16,12,12,12
01_12_12_05_0023.bmp,1,12,5,0,17,12,12,11,12,11,12
01_12_12_05_0026.bmp,0,12,5,0,17,17,17,16,17,17,17
01_12_12_05_0027.bmp,1,12,5,0,17,12,12,13,12,12,12
01_12_12_05_0030.bmp,0,12,5,0,17,31,31,13,31,14,17
01_12_12_05_0031.bmp,1,12,5,0,17,12,12,12,12,11,12
01_12_12_05_0032.bmp,1,12,5,0,17,12,12,12,12,11,12
01_12_12_05_0033.bmp,0,12,5,0,17,31,31,16,17,17,17
01_12_12_05_0034.bmp,0,12,5,0,17,31,31,16,17,17,17
01_12_12_05_0034.bmp,1,12,5,0,17,12,12,16,12,12,12
01_12_12_05_0035.bmp,1,12,5,0,17,12,12,12,12,12,12
01_12_12_05_0036.bmp,1,12,5,0,17,12,12,12,12,12,12
01_12_12_05_0037.bmp,1,12,5,0,17,12,12,16,12,12,12
01_12_12_05_0040.bmp,0,12,5,0,17,36,19,9,36,17,17
01_12_12_05_0040.bmp,1,12,5,0,17,12,12,11,12,11,12
01_12_12_05_0041.bmp,0,12,5,0,17,36,19,16,36,17,17
01_12_12_05_0041.bmp,1,12,5,0,17,12,12,16,12,11,12
01_12_12_05_0042.bmp,0,12,5,0,17,36,11,13,36,17,17
01_12_12_05_0043.bmp,1,12,5,0,17,12,12,16,12,11,12
01_12_12_05_0044.bmp,0,12,5,0,17,11,12,16,12,11,11
01_12_12_05_0045.bmp,0,12,5,0,17,12,12,16,12,16,12
01_12_12_05_0047.bmp,0,12,5,0,17,12,12,16,12,11,12
01_12_12_05_0052.bmp,0,12,5,0,17,12,12,16,12,11,12
01_12_12_05_0053.bmp,0,12,5,0,17,11,12,13,12,11,11
01_12_12_05_0054.bmp,0,12,5,0,17,12,12,13,12,11,12
01_12_12_05_0058.bmp,0,12,5,0,17,12,12,16,12,11,12
01_12_12_05_0067.bmp,0,12,5,0,17,11,12,1,12,11,11
01_12_12_05_0068.bmp,0,12,5,0,17,11,12,7,12,25,11
01_12_12_05_0069.bmp,0,12,5,0,17,12,12,1,12,11,12
01_12_12_05_0074.bmp,0,12,5,0,17,11,12,1,12,25,11
01_12_12_05_0076.bmp,0,12,5,0,17,11,12,16,12,25,11
01_12_12_05_0077.bmp,0,12,5,0,17,11,12,11,12,16,11
01_12_12_05_0079.bmp,0,12,5,0,17,12,12,11,12,25,12
01_12_12_05_0080.bmp,0,12,5,0,17,11,12,11,12,11,11
01_12_12_05_0083.bmp,0,12,5,0,17,11,12,16,12,25,11
01_12_12_05_0086.bmp,0,12,5,0,17,11,12,1,12,11,11
01_12_12_05_0087.bmp,0,12,5,0,17,11,12,16,12,11,11
01_12_12_05_0089.bmp,0,12,5,0,17,11,12,16,12,9,11
01_12_12_05_0090.bmp,0,12,5,0,17,12,12,16,12,16,12
01_12_12_05_0092.bmp,0,12,5,0,17,11,12,1,12,13,11
01_12_12_05_0093.bmp,0,12,5,0,17,11,12,1,12,11,11
01_12_12_05_0106.bmp,0,12,5,0,17,11,11,1,12,9,11
01_12_12_05_0111.bmp,0,12,5,0,17,11,11,13,12,17,11
01_12_12_05_0112.bmp,0,12,5,0,17,11,11,16,11,17,17
01_12_12_05_0116.bmp,0,12,5,0,17,32,11,13,11,26,17
01_13_12_05_0001.bmp,0,12,5,0,13,12,12,1,12,13,12
01_13_12_05_0001.bmp,1,12,5,0,13,11,12,1,11,13,13
01_13_12_05_0004.bmp,1,12,5,0,13,11,11,13,11,13,13
01_13_12_05_0007.bmp,0,12,5,0,13,12,12,13,12,13,12
01_13_12_05_0007.bmp,1,12,5,0,13,11,11,13,11,13,13
01_13_12_05_0009.bmp,0,12,5,0,13,12,12,11,12,12,12
01_13_12_05_0009.bmp,1,12,5,0,13,11,11,13,13,13,13
01_13_12_05_0010.bmp,0,12,5,0,13,12,12,25,12,11,12
01_13_12_05_0016.bmp,0,12,5,0,13,12,12,13,12,11,12
01_13_12_05_0017.bmp,1,12,5,0,13,13,11,13,13,13,13
01_13_12_05_0019.bmp,0,12,5,0,13,12,12,13,12,25,12
01_13_12_05_0019.bmp,1,12,5,0,13,13,11,13,13,13,13
01_13_12_05_0021.bmp,0,12,5,0,13,12,12,11,12,11,12
01_13_12_05_0022.bmp,0,12,5,0,13,12,12,13,12,13,12
01_13_12_05_0023.bmp,1,12,5,0,13,13,11,13,13,13,13
01_13_12_05_0024.bmp,0,12,5,0,13,12,12,13,12,25,12
01_13_12_05_0024.bmp,1,12,5,0,13,13,11,13,13,13,13
01_13_12_05_0025.bmp,0,12,5,0,13,12,12,23,12,13,12
01_13_12_05_0027.bmp,0,12,5,0,13,12,12,13,12,13,12
01_13_12_05_0028.bmp,1,12,5,0,13,13,11,13,13,13,13
01_13_12_05_0029.bmp,1,12,5,0,13,13,11,13,13,13,13
01_13_12_05_0030.bmp,0,12,5,0,13,12,12,11,12,11,12
01_13_12_05_0030.bmp,1,12,5,0,13,13,13,13,13,13,13
01_13_12_05_0031.bmp,0,12,5,0,13,12,12,13,12,13,12
01_13_12_05_0031.bmp,1,12,5,0,13,13,13,13,13,13,13
01_13_12_05_0032.bmp,0,12,5,0,13,12,12,11,12,11,11
01_13_12_05_0036.bmp,1,12,5,0,13,13,13,13,13,13,13
01_13_12_05_0037.bmp,0,12,5,0,13,12,12,13,12,11,11
01_13_12_05_0037.bmp,1,12,5,0,13,13,13,13,13,13,13
01_13_12_05_0038.bmp,0,12,5,0,13,12,12,13,12,12,12
01_13_12_05_0038.bmp,1,12,5,0,13,13,13,13,13,13,13
01_13_12_05_0041.bmp,0,12,5,0,13,12,12,13,12,13,12
01_13_12_05_0043.bmp,1,12,5,0,13,13,13,13,13,13,13
01_13_12_05_0045.bmp,1,12,5,0,13,13,13,13,13,13,13
01_13_12_05_0049.bmp,0,12,5,0,13,12,12,13,12,13,13
01_13_12_05_0050.bmp,0,12,5,0,13,12,12,13,12,13,13
01_13_12_05_0050.bmp,1,12,5,0,13,13,13,13,13,13,13
01_13_12_05_0052.bmp,1,12,5,0,13,13,13,13,13,13,13
01_13_12_05_0053.bmp,0,12,5,0,13,12,12,13,12,13,13
01_13_12_05_0053.bmp,1,12,5,0,13,13,13,13,13,13,13
01_13_12_05_0054.bmp,0,12,5,0,13,12,12,13,12,13,13
01_13_12_05_0055.bmp,1,12,5,0,13,13,13,13,13,13,13
01_13_12_05_0059.bmp,0,12,5,0,13,12,12,13,12,13,13
01_13_12_05_0060.bmp,1,12,5,0,13,13,13,13,13,13,13
01_13_12_05_0062.bmp,1,12,5,0,13,13,13,13,13,15,15
01_13_12_05_0066.bmp,0,12,5,0,13,11,12,13,12,13,13
01_13_12_05_0070.bmp,1,12,5,0,13,12,12,12,12,12,12
01_13_12_05_0072.bmp,1,12,5,0,13,12,12,12,12,12,12
01_13_12_05_0075.bmp,0,12,5,0,13,11,11,13,12,13,13
01_13_12_05_0075.bmp,1,12,5,0,13,12,12,12,12,12,12
01_13_12_05_0076.bmp,1,12,5,0,13,12,12,12,12,12,12
01_13_12_05_0080.bmp,0,12,5,0,13,13,11,13,11,13,13
01_13_12_05_0081.bmp,1,12,5,0,13,12,12,13,12,12,12
01_13_12_05_0082.bmp,0,12,5,0,13,13,11,13,11,13,13
01_13_12_05_0083.bmp,0,12,5,0,13,13,11,13,11,13,13
01_13_12_05_0084.bmp,1,12,5,0,13,12,12,11,12,12,12
01_13_12_05_0086.bmp,0,12,5,0,13,13,11,13,13,13,13
01_13_12_05_0088.bmp,1,12,5,0,13,12,12,1,12,12,12
01_13_12_05_0089.bmp,0,12,5,0,13,13,11,13,13,13,13
01_13_12_05_0090.bmp,1,12,5,0,13,12,12,11,12,11,12
01_13_12_05_0091.bmp,0,12,5,0,13,13,11,13,13,13,13
01_13_12_05_0091.bmp,1,12,5,0,13,12,12,11,12,12,12
01_13_12_05_0092.bmp,0,12,5,0,13,13,11,13,13,13,13
01_13_12_05_0093.bmp,0,12,5,0,13,13,11,13,13,13,13
01_13_12_05_0093.bmp,1,12,5,0,13,12,12,1,12,11,12
01_13_12_05_0095.bmp,1,12,5,0,13,12,12,1,12,12,12
01_13_12_05_0098.bmp,0,12,5,0,13,13,11,13,13,13,13
01_13_12_05_0101.bmp,0,12,5,0,13,13,13,13,13,13,13
01_13_12_05_0101.bmp,1,12,5,0,13,12,12,1,12,13,12
01_13_12_05_0104.bmp,0,12,5,0,13,13,13,13,13,13,13
01_13_12_05_0106.bmp,1,12,5,0,13,12,12,13,12,12,12
01_13_12_05_0108.bmp,1,12,5,0,13,12,12,1,12,32,12
01_13_12_05_0109.bmp,0,12,5,0,13,13,13,13,13,13,13
01_13_12_05_0111.bmp,1,12,5,0,13,12,12,13,12,25,12
01_13_12_05_0113.bmp,0,12,5,0,13,13,13,13,13,13,13
01_13_12_05_0113.bmp,1,12,5,0,13,12,12,13,12,13,12
01_13_12_05_0114.bmp,1,12,5,0,13,12,12,13,12,13,12
01_13_12_05_0115.bmp,0,12,5,0,13,12,12,11,12,12,11
01_13_12_05_0116.bmp,1,12,5,0,13,12,12,1,12,25,12
01_13_12_05_0117.bmp,1,12,5,0,13,12,12,25,12,25,12
01_13_12_05_0119.bmp,1,12,5,0,13,12,12,1,12,16,12
01_13_12_05_0120.bmp,1,12,5,0,13,12,12,1,12,11,12
01_13_12_05_0121.bmp,1,12,5,0,13,12,12,1,12,25,12
01_13_12_05_0122.bmp,0,12,5,0,13,12,12,11,12,13,12
01_13_12_05_0125.bmp,0,12,5,0,13,12,12,13,12,13,12
01_13_12_05_0128.bmp,0,12,5,0,13,12,12,1,12,13,12
01_13_12_05_0128.bmp,1,12,5,0,13,12,12,11,12,25,12
01_13_12_05_0130.bmp,1,12,5,0,13,12,12,11,12,11,12
01_13_12_05_0131.bmp,0,12,5,0,13,12,12,11,12,13,12
01_13_12_05_0131.bmp,1,12,5,0,13,12,12,11,12,13,12
01_13_12_05_0132.bmp,0,12,5,0,13,12,12,11,12,13,12
01_13_12_05_0132.bmp,1,12,5,0,13,12,12,13,12,11,12
01_13_12_05_0134.bmp,1,12,5,0,13,12,12,13,12,13,12
01_13_12_05_0136.bmp,0,12,5,0,13,12,12,11,12,13,12
01_13_12_05_0137.bmp,0,12,5,0,13,12,12,11,12,13,12
01_13_12_05_0137.bmp,1,12,5,0,13,12,12,11,12,13,12
01_13_12_05_0138.bmp,1,12,5,0,13,12,12,11,12,25,12
01_13_12_05_0139.bmp,1,12,5,0,13,12,12,11,12,13,12
01_13_12_05_0140.bmp,1,12,5,0,13,12,12,11,12,25,12
01_13_12_05_0141.bmp,1,12,5,0,13,12,12,13,12,25,12
01_13_12_05_0146.bmp,1,12,5,0,13,12,12,11,12,13,12
01_13_12_05_0148.bmp,0,12,5,0,13,12,12,11,12,13,13
01_13_12_05_0149.bmp,1,12,5,0,13,12,12,13,12,13,12
01_13_12_05_0150.bmp,0,12,5,0,13,31,12,11,12,13,31
01_13_12_05_0151.bmp,0,12,5,0,13,31,12,25,12,13,31
01_13_12_05_0151.bmp,1,12,5,0,13,12,12,11,12,13,12
01_13_12_05_0153.bmp,0,12,5,0,13,31,12,13,13,13,31
01_13_12_05_0155.bmp,0,12,5,0,13,31,12,13,13,13,31
01_13_12_05_0155.bmp,1,12,5,0,13,12,12,11,12,13,12
01_13_12_05_0156.bmp,0,12,5,0,13,31,12,13,13,13,13
01_13_12_05_0157.bmp,0,12,5,0,13,31,12,13,13,13,13
01_13_12_05_0160.bmp,0,12,5,0,13,13,12,13,13,13,13
01_13_12_05_0161.bmp,1,12,5,0,13,12,12,13,12,13,11
01_13_12_05_0164.bmp,0,12,5,0,13,13,13,13,13,13,13
01_13_12_05_0165.bmp,1,12,5,0,13,12,12,13,12,13,12
01_13_12_05_0168.bmp,0,12,5,0,13,12,12,1,12,11,12
01_13_12_05_0169.bmp,0,12,5,0,13,12,12,13,12,12,12
01_13_12_05_0170.bmp,0,12,5,0,13,12,12,1,12,12,12
01_13_12_05_0170.bmp,1,12,5,0,13,12,12,13,12,13,11
01_13_12_05_0171.bmp,0,12,5,0,13,12,12,11,12,12,12
01_13_12_05_0172.bmp,1,12,5,0,13,12,12,13,12,13,11
01_13_12_05_0174.bmp,0,12,5,0,13,12,12,1,12,11,12
01_13_12_05_0174.bmp,1,12,5,0,13,12,12,1,12,13,12
01_13_12_05_0176.bmp,0,12,5,0,13,12,12,1,12,12,12
01_13_12_05_0177.bmp,0,12,5,0,13,12,12,12,12,12,12
01_13_12_05_0179.bmp,1,12,5,0,13,12,12,11,12,13,11
01_13_12_05_0181.bmp,1,12,5,0,13,12,12,13,12,13,11
01_13_12_05_0182.bmp,1,12,5,0,13,12,12,13,12,13,11
01_13_12_05_0183.bmp,0,12,5,0,13,12,12,13,12,12,12
01_13_12_05_0185.bmp,1,12,5,0,13,12,12,13,12,13,11
01_13_12_05_0186.bmp,0,12,5,0,13,12,12,11,12,12,12
01_13_12_05_0187.bmp,0,12,5,0,13,12,12,16,12,12,12
01_13_12_05_0190.bmp,0,12,5,0,13,12,12,16,12,13,12
01_13_12_05_0194.bmp,0,12,5,0,13,12,12,13,12,13,12
01_13_12_05_0198.bmp,0,12,5,0,13,12,12,13,12,13,12
01_13_12_05_0199.bmp,1,12,5,0,13,12,12,13,12,13,11
01_13_12_05_0201.bmp,1,12,5,0,13,12,12,13,12,13,11
01_13_12_05_0202.bmp,0,12,5,0,13,12,12,11,12,13,12
01_13_12_05_0204.bmp,0,12,5,0,13,12,12,11,12,13,31
01_13_12_05_0204.bmp,1,12,5,0,13,12,12,13,12,13,11
01_13_12_05_0205.bmp,0,12,5,0,13,12,12,13,12,12,12
01_13_12_05_0205.bmp,1,12,5,0,13,12,12,13,12,13,11
01_13_12_05_0206.bmp,1,12,5,0,13,12,12,13,12,13,11
01_13_12_05_0210.bmp,0,12,5,0,13,12,12,11,12,13,12
01_13_12_05_0211.bmp,1,12,5,0,13,12,12,13,12,13,11
01_13_12_05_0212.bmp,0,12,5,0,13,12,12,13,12,13,12
01_13_12_05_0213.bmp,0,12,5,0,13,12,12,16,12,13,31
01_13_12_05_0213.bmp,1,12,5,0,13,12,12,13,12,13,11
01_13_12_05_0216.bmp,0,12,5,0,13,31,12,11,13,13,13
01_13_12_05_0217.bmp,0,12,5,0,13,31,12,13,13,13,13
01_13_12_05_0217.bmp,1,12,5,0,13,12,12,13,12,13,11
01_13_12_05_0218.bmp,0,12,5,0,13,31,12,13,13,13,13
01_13_12_05_0220.bmp,0,12,5,0,13,31,12,13,13,13,13
01_13_12_05_0220.bmp,1,12,5,0,13,12,12,13,12,13,11
01_13_12_05_0221.bmp,0,12,5,0,13,31,12,13,13,13,32
01_13_12_05_0221.bmp,1,12,5,0,13,12,12,13,12,13,11
01_13_12_05_0226.bmp,0,12,5,0,13,31,12,13,13,13,13
01_13_12_05_0228.bmp,0,12,5,0,13,13,12,13,13,13,13
01_13_12_05_0228.bmp,1,12,5,0,13,12,12,13,12,13,11
01_13_12_05_0229.bmp,0,12,5,0,13,13,12,13,13,13,13
01_13_12_05_0229.bmp,1,12,5,0,13,12,12,13,12,13,11
01_13_12_05_0230.bmp,1,12,5,0,13,12,12,13,12,13,11
01_13_12_05_0232.bmp,0,12,5,0,13,13,31,13,13,13,13
01_13_12_05_0232.bmp,1,12,5,0,13,11,12,13,12,13,11
01_13_12_05_0233.bmp,1,12,5,0,13,11,12,13,12,13,11
01_13_12_05_0234.bmp,1,12,5,0,13,11,12,13,12,13,11
01_13_12_05_0236.bmp,1,12,5,0,13,11,12,13,12,13,11
01_13_12_05_0237.bmp,1,12,5,0,13,11,12,13,12,13,11
01_13_12_05_0238.bmp,0,12,5,0,13,13,13,13,13,13,13
01_13_12_05_0240.bmp,0,12,5,0,13,13,13,13,13,13,13
01_13_12_05_0241.bmp,1,12,5,0,13,12,12,13,12,13,11
01_13_12_05_0242.bmp,1,12,5,0,13,12,12,13,12,13,11
01_13_12_05_0244.bmp,1,12,5,0,13,12,12,13,12,13,11
01_13_12_05_0248.bmp,0,12,5,0,13,13,13,13,13,13,13
01_13_12_05_0249.bmp,0,12,5,0,13,13,13,13,13,13,13
01_13_12_05_0249.bmp,1,12,5,0,13,12,12,13,12,13,11
01_13_12_05_0250.bmp,0,12,5,0,13,13,13,13,13,13,13
01_13_12_05_0250.bmp,1,12,5,0,13,12,12,13,12,13,11
01_13_12_05_0252.bmp,0,12,5,0,13,13,13,13,13,13,13
01_13_12_05_0252.bmp,1,12,5,0,13,11,12,13,12,13,11
01_13_12_05_0254.bmp,0,12,5,0,13,13,13,13,13,13,13
01_13_12_05_0255.bmp,0,12,5,0,13,13,13,13,13,13,13
01_13_12_05_0256.bmp,0,12,5,0,13,13,13,13,13,13,13
01_13_12_05_0257.bmp,0,12,5,0,13,13,13,13,13,13,13
01_13_12_05_0258.bmp,0,12,5,0,13,13,13,13,13,13,13
01_13_12_05_0259.bmp,0,12,5,0,13,13,13,13,13,13,13
01_13_12_05_0260.bmp,1,12,5,0,13,12,12,13,12,13,11
01_13_12_05_0261.bmp,0,12,5,0,13,13,13,13,13,13,13
01_13_12_05_0262.bmp,1,12,5,0,13,11,12,13,12,13,11
01_13_12_05_0264.bmp,0,12,5,0,13,13,13,13,13,13,13
01_13_12_05_0266.bmp,1,12,5,0,13,11,12,13,12,13,11
01_13_12_05_0267.bmp,0,12,5,0,13,13,13,13,13,13,13
01_13_12_05_0267.bmp,1,12,5,0,13,11,12,13,12,13,11
01_13_12_05_0268.bmp,0,12,5,0,13,13,13,13,13,13,13
01_13_12_05_0270.bmp,0,12,5,0,13,12,12,13,12,13,11
01_13_12_05_0271.bmp,0,12,5,0,13,12,12,13,12,13,11
01_13_12_05_0275.bmp,0,12,5,0,13,12,12,13,12,13,11
01_13_12_05_0276.bmp,0,12,5,0,13,12,12,13,12,13,11
01_13_12_05_0277.bmp,0,12,5,0,13,12,12,13,12,13,11
01_13_12_05_0279.bmp,0,12,5,0,13,12,12,13,12,13,11
01_13_12_05_0280.bmp,0,12,5,0,13,11,12,13,12,13,11
01_13_12_05_0282.bmp,0,12,5,0,13,11,12,13,12,13,11
01_13_12_05_0284.bmp,0,12,5,0,13,11,12,13,12,13,11
01_13_12_05_0285.bmp,0,12,5,0,13,11,12,13,12,13,11
01_13_12_05_0290.bmp,0,12,5,0,13,12,12,13,12,13,11
01_13_12_05_0292.bmp,0,12,5,0,13,12,12,13,12,13,11
01_13_12_05_0294.bmp,0,12,5,0,13,11,12,13,12,13,11
01_13_12_05_0295.bmp,0,12,5,0,13,12,12,13,12,13,11
01_13_12_05_0297.bmp,0,12,5,0,13,12,12,13,12,13,11
01_13_12_05_0298.bmp,0,12,5,0,13,12,12,13,12,13,11
01_13_12_05_0300.bmp,0,12,5,0,13,12,12,13,12,13,11
01_13_12_05_0301.bmp,0,12,5,0,13,12,12,13,12,13,12
01_13_12_05_0304.bmp,0,12,5,0,13,12,12,13,12,13,11
01_13_12_05_0307.bmp,0,12,5,0,13,12,12,13,12,13,12
01_13_12_05_0309.bmp,0,12,5,0,13,12,12,13,12,13,12
01_13_12_05_0311.bmp,0,12,5,0,13,12,12,13,12,13,13
01_13_12_05_0315.bmp,0,12,5,0,13,12,12,13,12,13,11
01_13_12_05_0316.bmp,0,12,5,0,13,12,12,13,12,13,11
01_13_12_05_0318.bmp,0,12,5,0,13,12,12,13,12,13,12
01_13_12_05_0321.bmp,0,12,5,0,13,11,12,13,12,13,13
01_13_12_05_0327.bmp,0,12,5,0,13,11,12,13,12,13,13
01_13_12_05_0328.bmp,0,12,5,0,13,11,12,13,12,13,12
01_13_12_05_0330.bmp,0,12,5,0,13,12,12,13,12,13,13
01_13_12_05_0334.bmp,0,12,5,0,13,11,12,13,12,13,13
01_13_12_05_0335.bmp,0,12,5,0,13,11,11,13,12,13,13
01_13_12_05_0337.bmp,0,12,5,0,13,11,11,11,11,13,13
01_13_12_05_0340.bmp,0,12,5,0,13,11,11,13,11,13,13
01_13_12_05_0345.bmp,0,12,5,0,13,11,11,11,13,13,13
01_13_12_05_0347.bmp,0,12,5,0,13,13,11,13,13,13,13
01_13_12_05_0356.bmp,0,12,5,0,13,31,31,10,12,14,14
01_13_12_05_0358.bmp,0,12,5,0,13,13,13,13,13,13,13
01_13_12_05_0359.bmp,0,12,5,0,13,13,13,13,13,13,13
01_13_12_05_0360.bmp,0,12,5,0,13,13,13,13,13,13,13
01_13_12_05_0362.bmp,0,12,5,0,13,13,13,13,13,13,13
01_13_12_05_0387.bmp,0,12,5,0,13,12,12,1,12,12,12
01_13_12_05_0390.bmp,0,12,5,0,13,12,12,13,12,12,12
01_13_12_05_0393.bmp,0,12,5,0,13,12,12,16,12,3,12
01_13_12_05_0394.bmp,0,12,5,0,13,12,12,13,12,3,12
01_13_12_05_0397.bmp,0,12,5,0,13,12,12,1,12,12,12
01_13_12_05_0400.bmp,0,12,5,0,13,12,12,11,12,12,12
01_13_12_05_0401.bmp,0,12,5,0,13,12,12,11,12,12,12
01_13_12_05_0407.bmp,0,12,5,0,13,12,12,11,12,11,12
01_13_12_05_0409.bmp,0,12,5,0,13,12,12,13,12,12,12
01_13_12_05_0411.bmp,0,12,5,0,13,12,12,13,12,12,12
01_13_12_05_0416.bmp,0,12,5,0,13,12,12,13,12,12,12
01_13_12_05_0420.bmp,0,12,5,0,13,12,12,10,12,12,12
01_13_12_05_0425.bmp,0,12,5,0,13,12,12,13,12,12,12
01_13_12_05_0430.bmp,0,12,5,0,13,12,12,1,12,11,12
01_13_12_05_0431.bmp,0,12,5,0,13,12,12,1,12,11,12
01_13_12_05_0432.bmp,0,12,5,0,13,12,12,13,12,12,12
01_13_12_05_0437.bmp,0,12,5,0,13,12,12,13,12,11,12
01_13_12_05_0444.bmp,0,12,5,0,13,12,12,13,12,12,12
01_13_12_05_0445.bmp,0,12,5,0,13,12,12,11,12,12,12
01_13_12_05_0448.bmp,0,12,5,0,13,12,12,11,12,12,12
01_13_12_05_0449.bmp,0,12,5,0,13,12,12,13,12,13,12
01_13_12_05_0450.bmp,0,12,5,0,13,12,12,11,12,11,12
01_13_12_05_0452.bmp,0,12,5,0,13,12,12,13,12,12,12
01_13_12_05_0457.bmp,0,12,5,0,13,12,12,13,12,12,12
01_13_12_05_0458.bmp,0,12,5,0,13,12,12,11,12,13,12
01_13_12_05_0459.bmp,0,12,5,0,13,12,12,13,12,13,12
01_13_12_05_0460.bmp,0,12,5,0,13,12,12,13,12,13,12
01_13_12_05_0462.bmp,0,12,5,0,13,12,12,13,12,13,12
01_13_12_05_0466.bmp,0,12,5,0,13,12,12,13,12,13,11
01_13_12_05_0470.bmp,0,12,5,0,13,12,12,13,12,13,13
01_13_12_05_0474.bmp,0,12,5,0,13,12,12,13,12,13,13
01_13_12_05_0477.bmp,0,12,5,0,13,11,12,13,12,13,13
01_13_12_05_0478.bmp,0,12,5,0,13,12,12,11,12,13,13
01_13_12_05_0481.bmp,0,12,5,0,13,12,12,13,12,13,13
01_13_12_05_0484.bmp,0,12,5,0,13,12,12,11,12,13,13
01_13_12_05_0486.bmp,0,12,5,0,13,12,12,13,12,13,13
01_13_12_05_0493.bmp,0,12,5,0,13,11,12,11,12,13,13
01_13_12_05_0496.bmp,0,12,5,0,13,11,12,11,11,13,13
01_13_12_05_0497.bmp,0,12,5,0,13,13,12,11,11,13,13
01_13_12_05_0499.bmp,0,12,5,0,13,13,12,13,13,13,13
01_13_12_05_0501.bmp,0,12,5,0,13,13,11,11,13,13,13
01_13_12_05_0505.bmp,0,12,5,0,13,13,11,13,13,13,13
01_13_12_05_0506.bmp,0,12,5,0,13,13,13,13,13,13,13
01_13_12_05_0507.bmp,0,12,5,0,13,13,13,13,13,13,13
01_13_12_05_0508.bmp,0,12,5,0,13,13,13,13,13,13,13
01_13_12_05_0510.bmp,0,12,5,0,13,13,13,13,13,13,13
01_13_12_05_0511.bmp,0,12,5,0,13,13,13,13,13,13,13
01_13_12_05_0512.bmp,0,12,5,0,13,13,13,13,13,13,13
01_13_12_05_0513.bmp,0,12,5,0,13,13,13,13,13,13,13
01_13_12_05_0515.bmp,0,12,5,0,13,13,10,13,13,13,8
01_13_12_05_0516.bmp,0,12,5,0,13,31,12,42,12,13,32
01_13_12_05_0517.bmp,0,12,5,0,13,31,12,13,12,13,32
01_13_12_05_0521.bmp,0,12,5,0,13,31,12,25,12,13,13
01_13_12_05_0524.bmp,0,12,5,0,13,31,12,42,12,13,32
01_13_12_05_0527.bmp,0,12,5,0,13,31,31,13,13,13,13
01_13_12_05_0530.bmp,0,12,5,0,13,31,12,42,31,13,32
01_13_12_05_0535.bmp,0,12,5,0,13,31,12,13,12,13,13
01_13_12_05_0537.bmp,0,12,5,0,13,31,12,13,13,13,13
01_13_12_05_0538.bmp,0,12,5,0,13,31,31,1,31,13,32
01_13_12_05_0540.bmp,0,12,5,0,13,31,31,13,16,13,32
01_13_12_05_0543.bmp,0,12,5,0,13,31,12,13,12,13,13
01_13_12_05_0546.bmp,0,12,5,0,13,31,31,42,31,13,32
01_13_12_05_0550.bmp,0,12,5,0,13,31,31,42,31,13,13
01_13_12_05_0551.bmp,0,12,5,0,13,31,31,13,31,15,13
01_13_12_05_0552.bmp,0,12,5,0,13,31,31,42,31,13,13
01_13_12_05_0555.bmp,0,12,5,0,13,31,12,13,13,13,13
01_13_12_05_0558.bmp,0,12,5,0,13,31,31,16,31,13,13
01_13_12_05_0559.bmp,0,12,5,0,13,31,31,13,13,13,13
01_13_12_05_0563.bmp,0,12,5,0,13,31,12,13,13,13,13
01_13_12_05_0566.bmp,0,12,5,0,13,31,31,11,31,13,13
01_13_12_05_0568.bmp,0,12,5,0,13,31,31,42,31,13,13
01_13_12_05_0570.bmp,0,12,5,0,13,31,31,13,31,13,13
01_13_12_05_0580.bmp,0,12,5,0,13,31,31,13,32,13,13
01_13_12_05_0582.bmp,0,12,5,0,13,31,31,13,31,13,13
01_13_12_05_0585.bmp,0,12,5,0,13,31,12,13,13,13,15
01_13_12_05_0587.bmp,0,12,5,0,13,31,12,13,13,13,13
01_13_12_05_0591.bmp,0,12,5,0,13,31,12,13,13,13,13
01_13_12_05_0592.bmp,0,12,5,0,13,31,31,13,13,13,13
01_13_12_05_0593.bmp,0,12,5,0,13,31,12,13,13,13,13
01_13_12_05_0601.bmp,0,12,5,0,13,31,12,13,13,13,13
01_13_12_05_0602.bmp,0,12,5,0,13,31,12,13,13,13,13
01_13_12_05_0604.bmp,0,12,5,0,13,31,12,13,13,13,13
01_13_12_05_0606.bmp,0,12,5,0,13,31,12,13,13,13,13
01_13_12_05_0612.bmp,0,12,5,0,13,13,11,13,13,13,13
01_13_12_05_0618.bmp,0,12,5,0,13,13,11,13,13,13,13
01_13_12_05_0620.bmp,0,12,5,0,13,13,11,13,13,13,13
01_13_12_05_0621.bmp,0,12,5,0,13,13,11,13,13,13,13
01_13_12_05_0623.bmp,0,12,5,0,13,13,11,13,13,13,13
01_13_12_05_0624.bmp,0,12,5,0,13,13,13,13,13,13,13
01_03_09_03_0006.bmp,0,9,3,0,9,32,31,42,16,32,7
01_03_09_03_0008.bmp,0,9,3,0,9,32,16,42,16,16,32
01_03_09_03_0009.bmp,0,9,3,0,9,32,16,11,32,13,13
01_03_09_03_0011.bmp,0,9,3,0,9,32,16,11,32,34,11
01_03_09_03_0017.bmp,0,9,3,0,9,32,31,42,32,16,13
01_03_09_03_0019.bmp,0,9,3,0,9,12,16,42,12,11,32
01_03_09_03_0020.bmp,0,9,3,0,9,16,16,42,16,11,16
01_03_09_03_0021.bmp,0,9,3,0,9,16,16,11,11,11,11
01_03_09_03_0023.bmp,0,9,3,0,9,32,16,42,32,11,12
01_03_09_03_0024.bmp,0,9,3,0,9,32,16,11,32,16,32
01_03_09_03_0028.bmp,0,9,3,0,9,32,16,11,16,16,16
01_03_09_03_0038.bmp,0,9,3,0,9,13,16,11,13,25,40
01_03_09_03_0040.bmp,0,9,3,0,9,12,12,18,12,40,12
01_03_09_03_0043.bmp,0,9,3,0,9,12,31,11,12,11,12
01_03_09_03_0054.bmp,0,9,3,0,9,13,13,11,13,26,40
01_03_09_03_0055.bmp,0,9,3,0,9,13,16,16,13,13,40
01_03_09_03_0063.bmp,0,9,3,0,9,13,16,11,13,41,13
01_03_09_03_0065.bmp,0,9,3,0,9,13,16,11,13,13,20
01_03_09_03_0075.bmp,0,9,3,0,9,13,13,13,13,13,13
01_03_09_03_0079.bmp,0,9,3,0,9,13,13,25,13,25,20
01_03_09_03_0080.bmp,0,9,3,0,9,13,13,13,13,26,20
01_03_09_03_0081.bmp,0,9,3,0,9,13,13,13,13,13,41
01_03_09_03_0085.bmp,0,9,3,0,9,13,13,20,13,26,13
01_06_09_03_0001.bmp,0,9,3,0,14,13,11,13,13,13,13
01_06_09_03_0003.bmp,1,9,3,0,14,11,12,18,11,18,11
01_06_09_03_0004.bmp,0,9,3,0,14,18,18,18,18,18,18
01_06_09_03_0007.bmp,0,9,3,0,14,18,18,18,18,1,1
01_06_09_03_0007.bmp,1,9,3,0,14,12,12,18,13,18,35
01_06_09_03_0009.bmp,0,9,3,0,14,13,11,18,18,18,13
01_06_09_03_0010.bmp,1,9,3,0,14,12,12,18,12,18,12
01_06_09_03_0014.bmp,1,9,3,0,14,12,12,13,12,13,12
01_06_09_03_0015.bmp,0,9,3,0,14,25,25,18,18,7,40
01_06_09_03_0015.bmp,1,9,3,0,14,18,12,18,18,18,13
01_06_09_03_0016.bmp,0,9,3,0,14,13,11,18,13,13,13
01_06_09_03_0017.bmp,0,9,3,0,14,18,11,18,18,24,13
01_06_09_03_0018.bmp,0,9,3,0,14,18,18,18,18,18,13
01_06_09_03_0020.bmp,1,9,3,0,14,12,12,18,18,18,32
01_06_09_03_0022.bmp,0,9,3,0,14,25,11,24,13,24,13
01_06_09_03_0025.bmp,1,9,3,0,14,11,12,18,11,18,1
01_06_09_03_0026.bmp,0,9,3,0,14,25,11,18,18,24,13
01_06_09_03_0027.bmp,0,9,3,0,14,13,13,24,18,7,13
01_06_09_03_0028.bmp,0,9,3,0,14,25,11,25,25,24,40
01_06_09_03_0028.bmp,1,9,3,0,14,11,11,7,18,1,1
01_06_09_03_0030.bmp,0,9,3,0,14,13,25,13,13,7,13
01_06_09_03_0030.bmp,1,9,3,0,14,18,12,18,18,18,13
01_06_09_03_0032.bmp,1,9,3,0,14,12,31,11,12,12,12
01_06_09_03_0033.bmp,0,9,3,0,14,13,25,13,13,24,13
01_06_09_03_0033.bmp,1,9,3,0,14,12,31,11,12,11,12
01_06_09_03_0035.bmp,0,9,3,0,14,13,25,13,13,7,13
01_06_09_03_0035.bmp,1,9,3,0,14,12,31,11,12,13,12
01_06_09_03_0036.bmp,1,9,3,0,14,11,12,42,35,35,13
01_06_09_03_0037.bmp,0,9,3,0,14,13,25,24,13,7,13
01_06_09_03_0039.bmp,1,9,3,0,14,12,12,11,12,32,12
01_06_09_03_0040.bmp,0,9,3,0,14,25,25,13,13,24,13
01_06_09_03_0041.bmp,0,9,3,0,14,13,25,24,13,7,13
01_06_09_03_0041.bmp,1,9,3,0,14,12,12,28,13,13,12
01_06_09_03_0042.bmp,0,9,3,0,14,25,25,13,13,14,40
01_06_09_03_0043.bmp,1,9,3,0,14,12,31,11,12,18,12
01_06_09_03_0044.bmp,1,9,3,0,14,12,12,18,12,11,12
01_06_09_03_0054.bmp,0,9,3,0,14,11,12,18,18,18,12
01_06_09_03_0055.bmp,0,9,3,0,14,12,12,18,12,13,12
01_06_09_03_0058.bmp,0,9,3,0,14,12,12,1,12,7,12
01_06_09_03_0059.bmp,0,9,3,0,14,12,12,18,12,18,12
01_06_09_03_0061.bmp,0,9,3,0,14,12,12,18,1,18,12
01_06_09_03_0063.bmp,0,9,3,0,14,18,12,18,18,1,13
01_06_09_03_0064.bmp,0,9,3,0,14,18,11,18,18,18,1
01_06_09_03_0067.bmp,0,9,3,0,14,12,12,18,12,18,12
01_06_09_03_0068.bmp,0,9,3,0,14,12,11,18,12,18,1
01_06_09_03_0073.bmp,0,9,3,0,14,13,11,18,12,7,12
01_06_09_03_0075.bmp,0,9,3,0,14,18,11,28,1,7,13
01_06_09_03_0077.bmp,0,9,3,0,14,18,18,18,18,18,1
01_06_09_03_0080.bmp,0,9,3,0,14,18,18,18,18,18,18
01_06_09_03_0081.bmp,0,9,3,0,14,12,12,13,12,7,13
01_06_09_03_0083.bmp,0,9,3,0,14,13,12,28,12,24,12
01_06_09_03_0087.bmp,0,9,3,0,14,25,25,20,25,25,40
01_06_09_03_0089.bmp,0,9,3,0,14,25,25,2,25,7,25
01_11_09_03_0002.bmp,0,9,3,0,12,32,31,42,32,11,32
01_11_09_03_0006.bmp,0,9,3,0,12,32,31,42,32,11,32
01_11_09_03_0007.bmp,0,9,3,0,12,11,12,42,11,11,32
01_11_09_03_0009.bmp,0,9,3,0,12,11,12,42,13,13,13
01_11_09_03_0010.bmp,0,9,3,0,12,12,31,42,11,11,13
01_11_09_03_0011.bmp,0,9,3,0,12,31,31,11,12,11,32
01_11_09_03_0015.bmp,0,9,3,0,12,12,12,42,12,13,32
01_11_09_03_0016.bmp,0,9,3,0,12,11,31,11,11,18,11
01_11_09_03_0017.bmp,0,9,3,0,12,11,11,11,11,11,13
01_11_09_03_0018.bmp,0,9,3,0,12,11,11,42,11,11,11
01_11_09_03_0022.bmp,0,9,3,0,12,32,11,11,32,11,32
01_11_09_03_0026.bmp,0,9,3,0,12,32,12,11,32,11,32
01_11_09_03_0028.bmp,0,9,3,0,12,12,12,11,12,13,10
01_11_09_03_0029.bmp,0,9,3,0,12,11,12,11,11,11,11
01_11_09_03_0030.bmp,0,9,3,0,12,11,11,11,11,11,11
01_11_09_03_0031.bmp,0,9,3,0,12,11,11,11,18,18,12
01_11_09_03_0033.bmp,0,9,3,0,12,32,11,11,32,18,13
01_11_09_03_0037.bmp,0,9,3,0,12,32,11,11,32,1,32
01_11_09_03_0038.bmp,0,9,3,0,12,11,11,11,1,18,1
01_11_09_03_0043.bmp,0,9,3,0,12,32,12,11,32,18,32
01_11_09_03_0048.bmp,0,9,3,0,12,32,11,18,32,1,32
01_11_09_03_0049.bmp,0,9,3,0,12,1,1,11,13,11,13
01_11_09_03_0050.bmp,0,9,3,0,12,18,11,28,18,18,18
01_11_09_03_0058.bmp,0,9,3,0,12,13,13,28,13,28,13
01_11_09_03_0059.bmp,0,9,3,0,12,13,13,11,13,11,13
01_11_09_03_0060.bmp,0,9,3,0,12,13,13,28,13,11,13
01_11_09_03_0061.bmp,0,9,3,0,12,13,13,11,13,37,13
01_11_09_03_0063.bmp,0,9,3,0,12,13,13,18,13,18,13
01_11_09_03_0065.bmp,0,9,3,0,12,13,13,11,13,13,13
01_11_09_03_0068.bmp,0,9,3,0,12,13,13,18,13,11,13
01_11_09_03_0076.bmp,0,9,3,0,12,13,13,11,13,13,13
01_11_09_03_0078.bmp,0,9,3,0,12,13,25,11,13,13,13
01_12_09_03_0004.bmp,0,9,3,0,17,13,13,42,13,18,17
01_12_09_03_0005.bmp,1,9,3,0,17,12,31,18,12,35,12
01_12_09_03_0006.bmp,1,9,3,0,17,12,31,18,12,13,13
01_12_09_03_0007.bmp,0,9,3,0,17,13,11,11,11,17,13
01_12_09_03_0008.bmp,0,9,3,0,17,17,13,18,18,18,18
01_12_09_03_0010.bmp,0,9,3,0,17,13,11,11,11,11,11
01_12_09_03_0010.bmp,1,9,3,0,17,12,31,18,12,18,12
01_12_09_03_0011.bmp,1,9,3,0,17,19,31,18,19,11,13
01_12_09_03_0012.bmp,1,9,3,0,17,31,31,13,12,18,13
01_12_09_03_0013.bmp,1,9,3,0,17,12,31,18,12,18,12
01_12_09_03_0014.bmp,0,9,3,0,17,25,10,28,25,17,13
01_12_09_03_0016.bmp,1,9,3,0,17,31,31,11,11,11,12
01_12_09_03_0017.bmp,0,9,3,0,17,13,16,13,13,11,13
01_12_09_03_0018.bmp,0,9,3,0,17,7,11,18,7,17,7
01_12_09_03_0019.bmp,0,9,3,0,17,13,16,18,13,17,13
01_12_09_03_0019.bmp,1,9,3,0,17,31,31,18,12,11,12
01_12_09_03_0021.bmp,0,9,3,0,17,13,7,18,13,7,13
01_12_09_03_0022.bmp,0,9,3,0,17,7,7,18,7,7,7
01_12_09_03_0025.bmp,0,9,3,0,17,13,11,18,13,17,13
01_12_09_03_0025.bmp,1,9,3,0,17,31,31,18,11,13,13
01_12_09_03_0026.bmp,1,9,3,0,17,31,31,18,31,17,13
01_12_09_03_0027.bmp,0,9,3,0,17,13,16,42,13,13,7
01_12_09_03_0027.bmp,1,9,3,0,17,31,31,11,19,13,13
01_12_09_03_0028.bmp,0,9,3,0,17,13,12,18,12,7,13
01_12_09_03_0029.bmp,1,9,3,0,17,31,31,11,19,18,13
01_12_09_03_0030.bmp,1,9,3,0,17,19,31,11,11,18,13
01_12_09_03_0032.bmp,0,9,3,0,17,12,12,18,12,18,12
01_12_09_03_0033.bmp,0,9,3,0,17,13,11,18,1,18,13
01_12_09_03_0037.bmp,0,9,3,0,17,13,11,18,13,24,13
01_12_09_03_0037.bmp,1,9,3,0,17,31,31,11,38,35,13
01_12_09_03_0039.bmp,0,9,3,0,17,18,18,18,18,18,18
01_12_09_03_0042.bmp,0,9,3,0,17,13,11,7,7,7,7
01_12_09_03_0042.bmp,1,9,3,0,17,31,31,11,31,31,32
01_12_09_03_0043.bmp,1,9,3,0,17,31,31,42,31,11,13
01_12_09_03_0044.bmp,0,9,3,0,17,31,31,18,11,18,28
01_12_09_03_0046.bmp,0,9,3,0,17,31,31,11,12,18,12
01_12_09_03_0047.bmp,0,9,3,0,17,31,31,11,12,18,13
01_12_09_03_0050.bmp,0,9,3,0,17,31,31,11,12,13,13
01_12_09_03_0052.bmp,0,9,3,0,17,36,31,18,13,13,13
01_12_09_03_0053.bmp,0,9,3,0,17,31,31,11,17,17,17
01_12_09_03_0060.bmp,0,9,3,0,17,17,31,11,7,17,17
01_12_09_03_0061.bmp,0,9,3,0,17,32,11,11,11,26,7
01_12_09_03_0063.bmp,0,9,3,0,17,13,32,11,25,26,13
01_12_09_03_0066.bmp,0,9,3,0,17,13,32,42,13,13,13
01_12_09_03_0072.bmp,0,9,3,0,17,13,11,18,13,18,13
01_12_09_03_0079.bmp,0,9,3,0,17,11,11,11,11,18,18
01_12_09_03_0080.bmp,0,9,3,0,17,11,11,11,11,18,6
01_12_09_03_0081.bmp,0,9,3,0,17,11,11,18,11,18,11
01_12_09_03_0085.bmp,0,9,3,0,17,11,11,11,11,18,7
01_12_09_03_0088.bmp,0,9,3,0,17,11,11,18,11,18,7
01_12_09_03_0089.bmp,0,9,3,0,17,13,13,28,7,26,7
01_12_09_03_0092.bmp,0,9,3,0,17,13,13,18,7,18,13
01_12_09_03_0094.bmp,0,9,3,0,17,13,13,18,18,18,18
01_12_09_03_0100.bmp,0,9,3,0,17,11,11,18,7,18,13
01_12_09_03_0102.bmp,0,9,3,0,17,13,11,42,13,18,7
01_12_09_03_0103.bmp,0,9,3,0,17,11,11,18,11,26,7
01_12_09_03_0107.bmp,0,9,3,0,17,7,16,11,7,18,7
01_12_09_03_0109.bmp,0,9,3,0,17,13,13,7,7,7,7
01_12_09_03_0113.bmp,0,9,3,0,17,7,7,18,7,18,7
01_12_09_03_0114.bmp,0,9,3,0,17,7,7,28,7,13,7
01_12_09_03_0115.bmp,0,9,3,0,17,13,7,18,13,26,26
01_12_09_03_0116.bmp,0,9,3,0,17,13,7,18,13,18,13
01_13_09_03_0003.bmp,0,9,3,0,13,12,12,11,12,13,12
01_13_09_03_0003.bmp,1,9,3,0,13,13,13,13,13,13,13
01_13_09_03_0005.bmp,0,9,3,0,13,12,12,11,12,11,13
01_13_09_03_0006.bmp,1,9,3,0,13,13,13,13,13,13,13
01_13_09_03_0007.bmp,0,9,3,0,13,12,12,42,12,13,13
01_13_09_03_0009.bmp,0,9,3,0,13,12,12,11,12,32,12
01_13_09_03_0010.bmp,1,9,3,0,13,13,13,13,13,13,13
01_13_09_03_0012.bmp,0,9,3,0,13,12,12,11,12,13,12
01_13_09_03_0012.bmp,1,9,3,0,13,13,13,13,13,13,13
01_13_09_03_0013.bmp,0,9,3,0,13,12,12,42,12,13,12
01_13_09_03_0014.bmp,0,9,3,0,13,12,12,18,12,13,12
01_13_09_03_0014.bmp,1,9,3,0,13,13,13,13,13,13,13
01_13_09_03_0015.bmp,1,9,3,0,13,13,13,13,13,13,13
01_13_09_03_0016.bmp,0,9,3,0,13,12,12,11,12,13,12
01_13_09_03_0017.bmp,0,9,3,0,13,12,12,42,12,13,12
01_13_09_03_0018.bmp,1,9,3,0,13,13,13,13,13,13,13
01_13_09_03_0019.bmp,1,9,3,0,13,13,13,13,13,13,13
01_13_09_03_0021.bmp,0,9,3,0,13,12,31,11,12,11,12
01_13_09_03_0023.bmp,1,9,3,0,13,13,13,13,13,13,13
01_13_09_03_0024.bmp,1,9,3,0,13,13,13,13,13,13,13
01_13_09_03_0025.bmp,0,9,3,0,13,12,12,40,12,13,12
01_13_09_03_0025.bmp,1,9,3,0,13,13,13,13,13,13,13
01_13_09_03_0029.bmp,0,9,3,0,13,12,12,42,13,13,13
01_13_09_03_0031.bmp,0,9,3,0,13,12,12,11,12,11,12
01_13_09_03_0031.bmp,1,9,3,0,13,13,13,13,13,13,13
01_13_09_03_0032.bmp,0,9,3,0,13,12,12,42,12,13,12
01_13_09_03_0032.bmp,1,9,3,0,13,13,13,13,13,13,13
01_13_09_03_0033.bmp,1,9,3,0,13,13,13,13,13,13,13
01_13_09_03_0034.bmp,0,9,3,0,13,12,12,42,13,13,13
01_13_09_03_0034.bmp,1,9,3,0,13,13,13,13,13,13,13
01_13_09_03_0036.bmp,0,9,3,0,13,12,12,11,12,13,13
01_13_09_03_0036.bmp,1,9,3,0,13,13,13,13,13,13,13
01_13_09_03_0037.bmp,0,9,3,0,13,13,12,42,13,13,13
01_13_09_03_0037.bmp,1,9,3,0,13,13,13,13,13,13,13
01_13_09_03_0039.bmp,1,9,3,0,13,13,13,13,13,13,13
01_13_09_03_0041.bmp,0,9,3,0,13,13,12,11,13,13,13
01_13_09_03_0041.bmp,1,9,3,0,13,13,13,13,13,13,13
01_13_09_03_0043.bmp,0,9,3,0,13,13,12,40,13,13,12
01_13_09_03_0043.bmp,1,9,3,0,13,13,13,13,13,13,13
01_13_09_03_0044.bmp,0,9,3,0,13,13,12,40,13,13,40
01_13_09_03_0048.bmp,0,9,3,0,13,13,12,12,13,13,40
01_13_09_03_0048.bmp,1,9,3,0,13,13,13,13,13,13,13
01_13_09_03_0049.bmp,0,9,3,0,13,13,12,40,13,13,40
01_13_09_03_0052.bmp,0,9,3,0,13,13,13,13,13,13,13
01_13_09_03_0054.bmp,1,9,3,0,13,13,13,13,13,13,13
01_13_09_03_0055.bmp,1,9,3,0,13,13,13,13,13,13,13
01_13_09_03_0057.bmp,1,9,3,0,13,13,13,13,13,13,13
01_13_09_03_0058.bmp,0,9,3,0,13,13,12,12,13,13,13
01_13_09_03_0058.bmp,1,9,3,0,13,13,13,13,13,13,13
01_13_09_03_0061.bmp,0,9,3,0,13,13,13,40,13,13,40
01_13_09_03_0062.bmp,1,9,3,0,13,13,13,13,13,13,13
01_13_09_03_0063.bmp,1,9,3,0,13,19,31,11,12,11,12
01_13_09_03_0064.bmp,1,9,3,0,13,12,31,18,12,11,12
01_13_09_03_0067.bmp,1,9,3,0,13,12,31,12,12,18,12
01_13_09_03_0068.bmp,1,9,3,0,13,12,31,11,12,18,12
01_13_09_03_0069.bmp,1,9,3,0,13,12,31,18,12,11,12
01_13_09_03_0072.bmp,1,9,3,0,13,19,31,18,12,18,12
01_13_09_03_0073.bmp,1,9,3,0,13,12,31,12,12,12,12
01_13_09_03_0074.bmp,1,9,3,0,13,12,31,18,12,18,12
01_13_09_03_0075.bmp,0,9,3,0,13,13,13,13,13,13,13
01_13_09_03_0076.bmp,1,9,3,0,13,12,31,12,12,18,12
01_13_09_03_0077.bmp,1,9,3,0,13,12,31,18,12,32,12
01_13_09_03_0078.bmp,1,9,3,0,13,12,31,11,12,32,12
01_13_09_03_0081.bmp,0,9,3,0,13,13,13,13,13,13,13
01_13_09_03_0083.bmp,0,9,3,0,13,13,13,13,13,13,13
01_13_09_03_0084.bmp,0,9,3,0,13,13,13,13,13,13,13
01_13_09_03_0085.bmp,0,9,3,0,13,13,13,13,13,13,13
01_13_09_03_0088.bmp,0,9,3,0,13,13,13,13,13,13,13
01_13_09_03_0093.bmp,0,9,3,0,13,13,13,13,13,13,13
01_13_09_03_0093.bmp,1,9,3,0,13,12,31,11,12,11,12
01_13_09_03_0095.bmp,1,9,3,0,13,12,31,18,12,32,12
01_13_09_03_0097.bmp,0,9,3,0,13,13,13,13,13,13,13
01_13_09_03_0097.bmp,1,9,3,0,13,12,12,18,11,11,11
01_13_09_03_0098.bmp,1,9,3,0,13,12,31,11,12,12,12
01_13_09_03_0099.bmp,0,9,3,0,13,13,13,18,18,13,18
01_13_09_03_0100.bmp,1,9,3,0,13,12,31,11,12,13,12
01_13_09_03_0101.bmp,1,9,3,0,13,12,31,11,12,11,12
01_13_09_03_0102.bmp,1,9,3,0,13,12,12,11,12,11,12
01_13_09_03_0105.bmp,0,9,3,0,13,13,13,13,13,13,13
01_13_09_03_0106.bmp,0,9,3,0,13,13,13,13,13,13,13
01_13_09_03_0108.bmp,1,9,3,0,13,12,12,18,12,18,12
01_13_09_03_0109.bmp,1,9,3,0,13,12,12,18,12,18,11
01_13_09_03_0110.bmp,0,9,3,0,13,13,13,13,13,13,13
01_13_09_03_0111.bmp,0,9,3,0,13,13,13,40,40,13,40
01_13_09_03_0111.bmp,1,9,3,0,13,11,12,18,11,18,11
01_13_09_03_0114.bmp,0,9,3,0,13,12,31,11,12,11,12
01_13_09_03_0116.bmp,1,9,3,0,13,12,12,18,12,13,10
01_13_09_03_0117.bmp,1,9,3,0,13,12,12,18,12,18,12
01_13_09_03_0120.bmp,0,9,3,0,13,12,31,11,12,1,12
01_13_09_03_0122.bmp,0,9,3,0,13,32,31,11,32,11,32
01_13_09_03_0124.bmp,1,9,3,0,13,12,12,28,12,18,11
01_13_09_03_0125.bmp,1,9,3,0,13,12,12,18,12,18,12
01_13_09_03_0126.bmp,0,9,3,0,13,12,12,18,12,13,12
01_13_09_03_0128.bmp,0,9,3,0,13,13,12,11,13,13,13
01_13_09_03_0130.bmp,0,9,3,0,13,32,12,18,11,18,10
01_13_09_03_0130.bmp,1,9,3,0,13,11,11,18,18,18,11
01_13_09_03_0132.bmp,1,9,3,0,13,11,11,28,11,18,12
01_13_09_03_0133.bmp,1,9,3,0,13,12,11,28,12,18,12
01_13_09_03_0134.bmp,1,9,3,0,13,12,12,18,12,18,12
01_13_09_03_0136.bmp,1,9,3,0,13,13,11,28,12,18,1
01_13_09_03_0137.bmp,0,9,3,0,13,12,12,18,12,13,12
01_13_09_03_0141.bmp,1,9,3,0,13,12,12,18,12,13,12
01_13_09_03_0143.bmp,1,9,3,0,13,12,12,18,12,18,12
01_13_09_03_0144.bmp,0,9,3,0,13,13,13,13,13,13,13
01_13_09_03_0146.bmp,1,9,3,0,13,12,12,1,12,18,12
01_13_09_03_0147.bmp,0,9,3,0,13,13,12,18,13,18,13
01_13_09_03_0148.bmp,1,9,3,0,13,12,12,1,12,18,12
01_13_09_03_0149.bmp,1,9,3,0,13,12,12,28,12,13,12
01_13_09_03_0150.bmp,0,9,3,0,13,13,13,13,13,13,13
01_13_09_03_0153.bmp,0,9,3,0,13,13,13,13,13,13,13
01_13_09_03_0154.bmp,0,9,3,0,13,13,13,13,13,13,13
01_13_09_03_0156.bmp,0,9,3,0,13,13,13,18,13,13,13
01_13_09_03_0157.bmp,0,9,3,0,13,13,13,13,13,13,13
01_13_09_03_0158.bmp,0,9,3,0,13,13,13,18,13,13,13
01_13_09_03_0158.bmp,1,9,3,0,13,12,11,28,12,24,11
01_13_09_03_0160.bmp,1,9,3,0,13,12,18,18,12,18,12
01_13_09_03_0161.bmp,0,9,3,0,13,13,13,18,13,13,13
01_13_09_03_0163.bmp,0,9,3,0,13,13,13,18,13,13,13
01_13_09_03_0166.bmp,0,9,3,0,13,13,13,18,13,13,13
01_13_09_03_0170.bmp,0,9,3,0,13,12,31,11,12,13,12
01_13_09_03_0172.bmp,0,9,3,0,13,12,31,11,12,13,12
01_13_09_03_0172.bmp,1,9,3,0,13,18,11,12,12,18,1
01_13_09_03_0173.bmp,1,9,3,0,13,13,12,18,18,18,1
01_13_09_03_0174.bmp,0,9,3,0,13,12,31,11,12,35,12
01_13_09_03_0174.bmp,1,9,3,0,13,12,12,1,12,13,12
01_13_09_03_0175.bmp,0,9,3,0,13,19,31,11,12,32,12
01_13_09_03_0175.bmp,1,9,3,0,13,13,11,1,1,7,1
01_13_09_03_0176.bmp,1,9,3,0,13,12,12,40,12,13,1
01_13_09_03_0178.bmp,0,9,3,0,13,19,31,11,12,13,19
01_13_09_03_0178.bmp,1,9,3,0,13,12,12,12,12,13,12
01_13_09_03_0179.bmp,0,9,3,0,13,12,31,11,12,13,13
01_13_09_03_0180.bmp,0,9,3,0,13,12,31,42,12,13,12
01_13_09_03_0181.bmp,1,9,3,0,13,12,11,40,12,13,12
01_13_09_03_0182.bmp,0,9,3,0,13,12,31,11,12,13,12
01_13_09_03_0185.bmp,1,9,3,0,13,12,12,18,12,13,12
01_13_09_03_0186.bmp,1,9,3,0,13,12,12,12,12,13,12
01_13_09_03_0188.bmp,1,9,3,0,13,12,12,12,12,13,12
01_13_09_03_0189.bmp,1,9,3,0,13,12,12,13,12,13,12
01_13_09_03_0191.bmp,0,9,3,0,13,12,31,42,12,32,12
01_13_09_03_0192.bmp,1,9,3,0,13,12,12,40,12,13,40
01_13_09_03_0193.bmp,1,9,3,0,13,13,11,12,12,18,1
01_13_09_03_0194.bmp,0,9,3,0,13,12,31,11,12,13,12
01_13_09_03_0196.bmp,0,9,3,0,13,12,31,12,12,13,12
01_13_09_03_0197.bmp,0,9,3,0,13,12,31,11,12,13,13
01_13_09_03_0198.bmp,0,9,3,0,13,12,31,11,13,13,13
01_13_09_03_0200.bmp,1,9,3,0,13,12,12,20,12,13,12
01_13_09_03_0201.bmp,0,9,3,0,13,12,31,11,12,13,12
01_13_09_03_0202.bmp,0,9,3,0,13,12,31,11,12,13,12
01_13_09_03_0203.bmp,0,9,3,0,13,12,31,11,12,13,12
01_13_09_03_0204.bmp,0,9,3,0,13,12,31,11,12,13,13
01_13_09_03_0204.bmp,1,9,3,0,13,13,12,12,12,24,13
01_13_09_03_0205.bmp,1,9,3,0,13,12,12,11,12,13,12
01_13_09_03_0208.bmp,1,9,3,0,13,13,11,12,12,18,12
01_13_09_03_0210.bmp,1,9,3,0,13,12,12,11,12,13,40
01_13_09_03_0211.bmp,0,9,3,0,13,12,12,11,12,11,13
01_13_09_03_0212.bmp,1,9,3,0,13,12,12,12,12,13,13
01_13_09_03_0215.bmp,0,9,3,0,13,13,12,13,13,13,12
01_13_09_03_0217.bmp,0,9,3,0,13,13,12,35,13,11,13
01_13_09_03_0220.bmp,1,9,3,0,13,13,11,28,13,13,13
01_13_09_03_0222.bmp,0,9,3,0,13,13,13,13,13,13,13
01_13_09_03_0223.bmp,1,9,3,0,13,12,12,40,12,13,12
01_13_09_03_0224.bmp,0,9,3,0,13,13,13,13,13,13,13
01_13_09_03_0224.bmp,1,9,3,0,13,12,11,28,12,13,12
01_13_09_03_0228.bmp,1,9,3,0,13,12,12,12,12,13,13
01_13_09_03_0229.bmp,1,9,3,0,13,12,12,12,12,13,40
01_13_09_03_0230.bmp,0,9,3,0,13,13,13,18,13,13,13
01_13_09_03_0231.bmp,1,9,3,0,13,12,12,40,12,13,40
01_13_09_03_0232.bmp,0,9,3,0,13,13,13,18,13,13,13
01_13_09_03_0232.bmp,1,9,3,0,13,12,12,40,12,13,40
01_13_09_03_0234.bmp,1,9,3,0,13,13,11,11,12,13,13
01_13_09_03_0235.bmp,1,9,3,0,13,12,12,40,12,13,12
01_13_09_03_0236.bmp,0,9,3,0,13,13,13,13,13,13,13
01_13_09_03_0237.bmp,0,9,3,0,13,13,13,18,13,13,13
01_13_09_03_0239.bmp,1,9,3,0,13,13,12,40,12,13,12
01_13_09_03_0240.bmp,0,9,3,0,13,13,18,28,13,13,13
01_13_09_03_0241.bmp,1,9,3,0,13,13,11,13,13,13,13
01_13_09_03_0245.bmp,1,9,3,0,13,13,11,12,13,13,13
01_13_09_03_0246.bmp,1,9,3,0,13,12,11,12,12,13,12
01_13_09_03_0247.bmp,0,9,3,0,13,13,13,1,13,13,13
01_13_09_03_0247.bmp,1,9,3,0,13,12,12,2,12,13,12
01_13_09_03_0248.bmp,0,9,3,0,13,13,13,13,13,13,13
01_13_09_03_0249.bmp,0,9,3,0,13,13,13,13,13,13,13
01_13_09_03_0250.bmp,0,9,3,0,13,13,13,13,13,13,13
01_13_09_03_0250.bmp,1,9,3,0,13,12,12,13,12,13,12
01_13_09_03_0252.bmp,1,9,3,0,13,12,12,12,12,13,12
01_13_09_03_0253.bmp,0,9,3,0,13,13,13,13,13,13,13
01_13_09_03_0256.bmp,0,9,3,0,13,13,13,13,13,13,13
01_13_09_03_0256.bmp,1,9,3,0,13,13,11,13,13,13,12
01_13_09_03_0257.bmp,0,9,3,0,13,13,13,13,13,13,13
01_13_09_03_0257.bmp,1,9,3,0,13,12,12,12,12,18,12
01_13_09_03_0260.bmp,0,9,3,0,13,13,13,28,13,13,13
01_13_09_03_0261.bmp,0,9,3,0,13,13,13,13,13,13,13
01_13_09_03_0262.bmp,1,9,3,0,13,12,12,18,12,18,40
01_13_09_03_0263.bmp,0,9,3,0,13,13,13,13,13,13,13
01_13_09_03_0271.bmp,0,9,3,0,13,12,12,40,12,13,12
01_13_09_03_0272.bmp,0,9,3,0,13,12,12,40,12,13,12
01_13_09_03_0273.bmp,0,9,3,0,13,12,12,12,12,13,40
01_13_09_03_0274.bmp,0,9,3,0,13,12,12,18,12,13,12
01_13_09_03_0277.bmp,0,9,3,0,13,13,12,18,13,13,12
01_13_09_03_0280.bmp,0,9,3,0,13,13,12,20,13,13,13
01_13_09_03_0281.bmp,0,9,3,0,13,13,12,28,12,13,1
01_13_09_03_0282.bmp,0,9,3,0,13,13,12,13,13,13,13
01_13_09_03_0285.bmp,0,9,3,0,13,13,11,18,12,13,12
01_13_09_03_0287.bmp,0,9,3,0,13,13,12,28,12,13,11
01_13_09_03_0288.bmp,0,9,3,0,13,12,12,40,12,13,12
01_13_09_03_0289.bmp,0,9,3,0,13,13,12,12,12,13,12
01_13_09_03_0293.bmp,0,9,3,0,13,12,12,13,12,13,12
01_13_09_03_0296.bmp,0,9,3,0,13,13,12,18,13,13,13
01_13_09_03_0299.bmp,0,9,3,0,13,12,12,1,12,13,12
01_13_09_03_0300.bmp,0,9,3,0,13,12,12,12,12,13,12
01_13_09_03_0301.bmp,0,9,3,0,13,13,11,40,12,24,12
01_13_09_03_0303.bmp,0,9,3,0,13,13,12,28,12,24,12
01_13_09_03_0307.bmp,0,9,3,0,13,12,12,12,12,13,1
01_13_09_03_0311.bmp,0,9,3,0,13,12,12,28,12,13,40
01_13_09_03_0316.bmp,0,9,3,0,13,12,12,13,12,13,12
01_13_09_03_0325.bmp,0,9,3,0,13,12,11,12,12,13,12
01_13_09_03_0331.bmp,0,9,3,0,13,18,12,28,18,13,1
01_13_09_03_0333.bmp,0,9,3,0,13,18,12,28,12,13,12
01_13_09_03_0334.bmp,0,9,3,0,13,18,11,18,18,13,12
01_13_09_03_0336.bmp,0,9,3,0,13,18,18,28,12,13,12
01_13_09_03_0337.bmp,0,9,3,0,13,18,11,28,18,18,12
01_13_09_03_0338.bmp,0,9,3,0,13,13,11,20,11,20,12
01_13_09_03_0341.bmp,0,9,3,0,13,13,11,11,18,13,13
01_13_09_03_0343.bmp,0,9,3,0,13,13,11,13,12,40,40
01_13_09_03_0344.bmp,0,9,3,0,13,13,11,20,13,13,40
01_13_09_03_0348.bmp,0,9,3,0,13,13,25,25,13,13,40
01_13_09_03_0350.bmp,0,9,3,0,13,13,25,13,13,13,40
01_13_09_03_0352.bmp,0,9,3,0,13,12,12,11,12,13,40
01_13_09_03_0353.bmp,0,9,3,0,13,13,13,13,13,13,40
01_13_09_03_0354.bmp,0,9,3,0,13,12,12,18,13,13,13
01_13_09_03_0357.bmp,0,9,3,0,13,13,13,7,13,7,13
01_13_09_03_0358.bmp,0,9,3,0,13,13,13,13,13,7,7
01_13_09_03_0359.bmp,0,9,3,0,13,13,13,28,13,13,13
01_13_09_03_0365.bmp,0,9,3,0,13,13,13,24,13,13,13
01_13_09_03_0371.bmp,0,9,3,0,13,13,13,24,13,13,13
01_13_09_03_0373.bmp,0,9,3,0,13,13,13,18,13,13,13
01_13_09_03_0382.bmp,0,9,3,0,13,13,13,13,13,13,13
01_13_09_03_0384.bmp,0,9,3,0,13,13,13,11,13,13,13
01_13_09_03_0385.bmp,0,9,3,0,13,13,13,13,13,13,13
01_13_09_03_0386.bmp,0,9,3,0,13,12,31,11,12,32,12
01_13_09_03_0387.bmp,0,9,3,0,13,12,31,11,12,32,12
01_13_09_03_0389.bmp,0,9,3,0,13,12,31,11,12,32,12
01_13_09_03_0391.bmp,0,9,3,0,13,12,31,11,12,12,12
01_13_09_03_0398.bmp,0,9,3,0,13,12,31,42,12,13,12
01_13_09_03_0402.bmp,0,9,3,0,13,12,12,42,12,13,10
01_13_09_03_0404.bmp,0,9,3,0,13,12,31,42,12,13,12
01_13_09_03_0408.bmp,0,9,3,0,13,12,31,11,12,13,12
01_13_09_03_0413.bmp,0,9,3,0,13,12,31,12,12,13,12
01_13_09_03_0414.bmp,0,9,3,0,13,12,31,11,12,13,13
01_13_09_03_0415.bmp,0,9,3,0,13,12,31,42,12,13,12
01_13_09_03_0419.bmp,0,9,3,0,13,12,31,11,13,13,12
01_13_09_03_0421.bmp,0,9,3,0,13,12,31,11,13,13,13
01_13_09_03_0422.bmp,0,9,3,0,13,12,31,11,12,13,12
01_13_09_03_0423.bmp,0,9,3,0,13,12,31,42,12,13,12
01_13_09_03_0424.bmp,0,9,3,0,13,12,31,11,13,13,12
01_13_09_03_0429.bmp,0,9,3,0,13,12,31,12,12,13,12
01_13_09_03_0430.bmp,0,9,3,0,13,12,12,13,12,40,13
01_13_09_03_0434.bmp,0,9,3,0,13,13,12,1,13,13,13
01_13_09_03_0435.bmp,0,9,3,0,13,12,12,42,13,13,13
01_13_09_03_0438.bmp,0,9,3,0,13,12,12,18,12,13,13
01_13_09_03_0441.bmp,0,9,3,0,13,13,12,11,13,13,13
01_13_09_03_0442.bmp,0,9,3,0,13,13,12,13,13,35,13
01_13_09_03_0443.bmp,0,9,3,0,13,12,12,11,13,13,13
01_13_09_03_0444.bmp,0,9,3,0,13,13,12,11,13,13,13
01_13_09_03_0448.bmp,0,9,3,0,13,12,12,13,13,13,13
01_13_09_03_0449.bmp,0,9,3,0,13,13,12,11,13,13,13
01_13_09_03_0456.bmp,0,9,3,0,13,12,12,12,12,40,13
01_13_09_03_0458.bmp,0,9,3,0,13,13,12,11,13,13,13
01_13_09_03_0461.bmp,0,9,3,0,13,13,12,40,13,13,13
01_13_09_03_0463.bmp,0,9,3,0,13,13,13,13,13,13,13
01_13_09_03_0468.bmp,0,9,3,0,13,13,13,13,13,13,13
01_13_09_03_0471.bmp,0,9,3,0,13,13,13,40,13,13,13
01_13_09_03_0475.bmp,0,9,3,0,13,13,13,13,13,13,13
01_13_09_03_0477.bmp,0,9,3,0,13,13,13,18,13,13,13
01_13_09_03_0479.bmp,0,9,3,0,13,13,13,1,13,13,13
01_13_09_03_0481.bmp,0,9,3,0,13,13,13,13,13,13,13
01_13_09_03_0484.bmp,0,9,3,0,13,13,13,18,13,13,13
01_13_09_03_0486.bmp,0,9,3,0,13,13,13,40,13,13,13
01_13_09_03_0489.bmp,0,9,3,0,13,13,13,18,12,13,13
01_13_09_03_0491.bmp,0,9,3,0,13,13,13,40,13,13,13
01_13_09_03_0492.bmp,0,9,3,0,13,13,13,13,13,13,13
01_13_09_03_0494.bmp,0,9,3,0,13,13,13,18,13,13,13
01_13_09_03_0501.bmp,0,9,3,0,13,13,13,13,13,13,13
01_13_09_03_0504.bmp,0,9,3,0,13,13,13,13,13,13,13
01_13_09_03_0507.bmp,0,9,3,0,13,13,13,13,13,13,13
01_13_09_03_0511.bmp,0,9,3,0,13,13,13,13,13,13,13
01_13_09_03_0513.bmp,0,9,3,0,13,13,13,13,13,13,13
01_13_09_03_0515.bmp,0,9,3,0,13,13,13,13,13,13,13
01_13_09_03_0516.bmp,0,9,3,0,13,32,31,42,12,32,12
01_13_09_03_0517.bmp,0,9,3,0,13,12,31,42,12,13,12
01_13_09_03_0519.bmp,0,9,3,0,13,12,31,12,12,18,12
01_13_09_03_0521.bmp,0,9,3,0,13,12,31,11,12,32,12
01_13_09_03_0525.bmp,0,9,3,0,13,12,31,12,12,13,12
01_13_09_03_0526.bmp,0,9,3,0,13,12,31,11,12,11,10
01_13_09_03_0527.bmp,0,9,3,0,13,12,31,13,12,13,12
01_13_09_03_0530.bmp,0,9,3,0,13,19,31,11,12,32,12
01_13_09_03_0535.bmp,0,9,3,0,13,12,12,1,12,12,12
01_13_09_03_0540.bmp,0,9,3,0,13,12,31,11,12,32,12
01_13_09_03_0542.bmp,0,9,3,0,13,12,31,11,12,32,12
01_13_09_03_0544.bmp,0,9,3,0,13,32,31,11,13,32,13
01_13_09_03_0545.bmp,0,9,3,0,13,12,12,11,12,12,10
01_13_09_03_0549.bmp,0,9,3,0,13,12,12,12,12,12,12
01_13_09_03_0550.bmp,0,9,3,0,13,12,31,42,12,32,12
01_13_09_03_0557.bmp,0,9,3,0,13,12,12,12,12,18,12
01_13_09_03_0558.bmp,0,9,3,0,13,12,31,42,12,11,12
01_13_09_03_0559.bmp,0,9,3,0,13,12,12,18,12,13,12
01_13_09_03_0565.bmp,0,9,3,0,13,12,12,18,12,13,12
01_13_09_03_0575.bmp,0,9,3,0,13,12,12,11,12,13,12
01_13_09_03_0578.bmp,0,9,3,0,13,12,31,11,12,35,13
01_13_09_03_0581.bmp,0,9,3,0,13,12,12,1,12,18,12
01_13_09_03_0582.bmp,0,9,3,0,13,12,31,11,12,11,13
01_13_09_03_0583.bmp,0,9,3,0,13,12,12,18,12,18,12
01_13_09_03_0584.bmp,0,9,3,0,13,12,31,42,13,35,13
01_13_09_03_0587.bmp,0,9,3,0,13,12,12,18,12,18,12
01_13_09_03_0591.bmp,0,9,3,0,13,13,12,11,12,18,12
01_13_09_03_0592.bmp,0,9,3,0,13,32,31,11,32,32,32
01_13_09_03_0594.bmp,0,9,3,0,13,12,12,11,13,11,13
01_13_09_03_0596.bmp,0,9,3,0,13,12,31,11,12,35,13
01_13_09_03_0599.bmp,0,9,3,0,13,13,12,1,13,18,13
01_13_09_03_0600.bmp,0,9,3,0,13,12,18,18,12,18,12
01_13_09_03_0604.bmp,0,9,3,0,13,13,13,13,13,13,13
01_13_09_03_0605.bmp,0,9,3,0,13,12,12,18,12,18,10
01_13_09_03_0607.bmp,0,9,3,0,13,13,18,18,18,18,13
01_13_09_03_0608.bmp,0,9,3,0,13,13,18,18,13,13,13
01_13_09_03_0609.bmp,0,9,3,0,13,13,13,18,12,13,12
01_13_09_03_0611.bmp,0,9,3,0,13,13,18,25,13,13,13
01_13_09_03_0613.bmp,0,9,3,0,13,12,12,11,12,11,12
01_13_09_03_0615.bmp,0,9,3,0,13,13,12,13,12,13,12
01_13_09_03_0616.bmp,0,9,3,0,13,13,13,11,13,13,13
01_13_09_03_0626.bmp,0,9,3,0,13,13,13,11,40,13,12
01_03_09_04_0004.bmp,0,9,4,0,9,32,31,6,32,32,12
01_03_09_04_0005.bmp,0,9,4,0,9,16,16,11,16,16,16
01_03_09_04_0011.bmp,0,9,4,0,9,32,16,11,16,16,11
01_03_09_04_0015.bmp,0,9,4,0,9,16,16,11,13,11,13
01_03_09_04_0016.bmp,0,9,4,0,9,32,16,42,32,11,13
01_03_09_04_0017.bmp,0,9,4,0,9,32,31,42,32,11,12
01_03_09_04_0024.bmp,0,9,4,0,9,32,16,11,32,11,12
01_03_09_04_0025.bmp,0,9,4,0,9,32,16,42,13,41,13
01_03_09_04_0028.bmp,0,9,4,0,9,12,16,11,16,11,11
01_03_09_04_0029.bmp,0,9,4,0,9,32,16,11,32,11,32
01_03_09_04_0030.bmp,0,9,4,0,9,12,16,25,25,25,13
01_03_09_04_0032.bmp,0,9,4,0,9,32,16,11,12,11,12
01_03_09_04_0033.bmp,0,9,4,0,9,32,16,42,13,11,13
01_03_09_04_0034.bmp,0,9,4,0,9,32,31,42,32,13,13
01_03_09_04_0041.bmp,0,9,4,0,9,12,16,11,13,13,13
01_03_09_04_0047.bmp,0,9,4,0,9,13,16,11,13,11,12
01_03_09_04_0048.bmp,0,9,4,0,9,13,16,11,13,13,13
01_03_09_04_0050.bmp,0,9,4,0,9,13,16,25,12,25,40
01_03_09_04_0051.bmp,0,9,4,0,9,13,16,25,13,25,40
01_03_09_04_0052.bmp,0,9,4,0,9,13,13,25,13,40,40
01_03_09_04_0055.bmp,0,9,4,0,9,13,16,16,12,13,40
01_03_09_04_0057.bmp,0,9,4,0,9,13,16,13,13,26,13
01_03_09_04_0058.bmp,0,9,4,0,9,13,16,25,25,25,25
01_03_09_04_0059.bmp,0,9,4,0,9,13,16,25,13,13,13
01_03_09_04_0064.bmp,0,9,4,0,9,13,13,11,13,13,13
01_03_09_04_0071.bmp,0,9,4,0,9,13,16,13,13,25,6
01_03_09_04_0072.bmp,0,9,4,0,9,13,16,13,13,13,13
01_03_09_04_0074.bmp,0,9,4,0,9,13,11,13,13,18,40
01_03_09_04_0075.bmp,0,9,4,0,9,13,13,13,13,13,13
01_03_09_04_0076.bmp,0,9,4,0,9,13,16,13,13,41,40
01_03_09_04_0077.bmp,0,9,4,0,9,13,13,13,13,13,13
01_03_09_04_0078.bmp,0,9,4,0,9,13,16,11,13,13,13
01_03_09_04_0083.bmp,0,9,4,0,9,13,13,25,13,13,13
01_03_09_04_0084.bmp,0,9,4,0,9,13,16,23,13,26,13
01_06_09_04_0001.bmp,1,9,4,0,14,32,31,12,13,11,13
01_06_09_04_0003.bmp,1,9,4,0,14,12,12,11,12,18,12
01_06_09_04_0005.bmp,0,9,4,0,14,12,12,18,12,24,13
01_06_09_04_0005.bmp,1,9,4,0,14,31,12,11,12,32,13
01_06_09_04_0006.bmp,0,9,4,0,14,13,11,18,13,18,13
01_06_09_04_0006.bmp,1,9,4,0,14,12,12,18,18,18,11
01_06_09_04_0007.bmp,0,9,4,0,14,18,18,18,18,1,1
01_06_09_04_0008.bmp,1,9,4,0,14,11,12,13,11,32,11
01_06_09_04_0010.bmp,0,9,4,0,14,25,11,18,25,24,25
01_06_09_04_0011.bmp,0,9,4,0,14,13,11,18,12,18,13
01_06_09_04_0013.bmp,0,9,4,0,14,13,11,24,13,13,13
01_06_09_04_0014.bmp,0,9,4,0,14,11,11,18,11,13,40
01_06_09_04_0016.bmp,1,9,4,0,14,12,12,18,18,18,18
01_06_09_04_0018.bmp,1,9,4,0,14,11,11,18,13,13,13
01_06_09_04_0020.bmp,0,9,4,0,14,13,11,18,13,24,13
01_06_09_04_0020.bmp,1,9,4,0,14,12,12,18,18,18,32
01_06_09_04_0021.bmp,0,9,4,0,14,13,25,13,13,13,13
01_06_09_04_0021.bmp,1,9,4,0,14,12,12,18,12,13,13
01_06_09_04_0022.bmp,1,9,4,0,14,12,12,18,12,18,12
01_06_09_04_0023.bmp,0,9,4,0,14,13,18,13,13,13,13
01_06_09_04_0023.bmp,1,9,4,0,14,12,12,18,12,35,12
01_06_09_04_0025.bmp,0,9,4,0,14,13,11,24,13,13,13
01_06_09_04_0026.bmp,0,9,4,0,14,25,11,18,13,24,13
01_06_09_04_0027.bmp,0,9,4,0,14,13,25,24,18,7,13
01_06_09_04_0028.bmp,0,9,4,0,14,25,11,25,25,7,40
01_06_09_04_0028.bmp,1,9,4,0,14,18,12,1,18,1,1
01_06_09_04_0031.bmp,1,9,4,0,14,12,31,42,12,11,12
01_06_09_04_0032.bmp,0,9,4,0,14,13,11,18,18,24,13
01_06_09_04_0032.bmp,1,9,4,0,14,12,31,11,12,11,12
01_06_09_04_0033.bmp,0,9,4,0,14,13,25,13,13,24,13
01_06_09_04_0033.bmp,1,9,4,0,14,12,31,11,12,18,12
01_06_09_04_0035.bmp,0,9,4,0,14,13,13,18,13,7,13
01_06_09_04_0036.bmp,1,9,4,0,14,11,12,42,35,11,35
01_06_09_04_0038.bmp,1,9,4,0,14,12,31,42,12,35,12
01_06_09_04_0040.bmp,0,9,4,0,14,13,25,25,13,13,13
01_06_09_04_0044.bmp,0,9,4,0,14,25,11,13,25,14,40
01_06_09_04_0044.bmp,1,9,4,0,14,12,31,18,12,18,12
01_06_09_04_0047.bmp,0,9,4,0,14,12,31,11,12,12,12
01_06_09_04_0048.bmp,0,9,4,0,14,12,12,18,12,12,12
01_06_09_04_0049.bmp,0,9,4,0,14,12,12,11,12,12,12
01_06_09_04_0050.bmp,0,9,4,0,14,12,12,18,12,18,12
01_06_09_04_0053.bmp,0,9,4,0,14,12,12,18,12,18,12
01_06_09_04_0054.bmp,0,9,4,0,14,11,12,18,18,18,13
01_06_09_04_0055.bmp,0,9,4,0,14,12,12,18,12,11,12
01_06_09_04_0056.bmp,0,9,4,0,14,12,12,18,12,18,13
01_06_09_04_0064.bmp,0,9,4,0,14,18,12,18,18,18,1
01_06_09_04_0065.bmp,0,9,4,0,14,12,12,18,12,13,12
01_06_09_04_0066.bmp,0,9,4,0,14,12,12,18,12,28,1
01_06_09_04_0067.bmp,0,9,4,0,14,18,12,18,12,7,12
01_06_09_04_0068.bmp,0,9,4,0,14,12,11,18,12,18,12
01_06_09_04_0076.bmp,0,9,4,0,14,12,12,18,12,18,13
01_06_09_04_0079.bmp,0,9,4,0,14,13,18,28,1,18,1
01_06_09_04_0080.bmp,0,9,4,0,14,18,18,18,18,18,18
01_06_09_04_0084.bmp,0,9,4,0,14,12,12,18,12,18,12
01_06_09_04_0085.bmp,0,9,4,0,14,13,11,18,13,18,13
01_06_09_04_0088.bmp,0,9,4,0,14,13,25,13,13,24,13
01_11_09_04_0001.bmp,0,9,4,0,12,13,31,42,11,11,32
01_11_09_04_0006.bmp,0,9,4,0,12,32,31,42,32,32,32
01_11_09_04_0010.bmp,0,9,4,0,12,12,31,42,12,35,13
01_11_09_04_0014.bmp,0,9,4,0,12,32,31,11,32,1,32
01_11_09_04_0016.bmp,0,9,4,0,12,11,31,11,11,11,11
01_11_09_04_0023.bmp,0,9,4,0,12,12,12,11,12,11,10
01_11_09_04_0026.bmp,0,9,4,0,12,32,12,11,32,11,32
01_11_09_04_0030.bmp,0,9,4,0,12,11,12,11,11,11,11
01_11_09_04_0032.bmp,0,9,4,0,12,32,11,11,32,18,32
01_11_09_04_0034.bmp,0,9,4,0,12,13,11,11,13,11,13
01_11_09_04_0036.bmp,0,9,4,0,12,32,11,11,1,1,32
01_11_09_04_0041.bmp,0,9,4,0,12,32,11,11,13,37,17
01_11_09_04_0045.bmp,0,9,4,0,12,11,11,18,13,18,13
01_11_09_04_0059.bmp,0,9,4,0,12,13,13,18,13,11,13
01_11_09_04_0067.bmp,0,9,4,0,12,13,11,18,13,26,13
01_11_09_04_0068.bmp,0,9,4,0,12,13,1,18,11,28,13
01_11_09_04_0069.bmp,0,9,4,0,12,13,11,11,13,13,13
01_11_09_04_0074.bmp,0,9,4,0,12,13,13,11,13,11,13
01_12_09_04_0001.bmp,0,9,4,0,17,13,31,11,13,13,12
01_12_09_04_0004.bmp,1,9,4,0,17,12,31,18,12,11,13
01_12_09_04_0005.bmp,0,9,4,0,17,13,16,42,11,17,13
01_12_09_04_0006.bmp,1,9,4,0,17,31,31,18,12,13,12
01_12_09_04_0007.bmp,0,9,4,0,17,13,11,11,7,13,13
01_12_09_04_0007.bmp,1,9,4,0,17,12,31,11,12,11,19
01_12_09_04_0010.bmp,1,9,4,0,17,12,31,11,12,18,12
01_12_09_04_0012.bmp,1,9,4,0,17,31,31,13,12,18,12
01_12_09_04_0013.bmp,0,9,4,0,17,11,11,18,17,18,11
01_12_09_04_0017.bmp,1,9,4,0,17,31,31,18,19,11,13
01_12_09_04_0018.bmp,0,9,4,0,17,7,7,18,7,7,7
01_12_09_04_0020.bmp,1,9,4,0,17,12,31,11,12,11,12
01_12_09_04_0021.bmp,0,9,4,0,17,13,11,18,13,7,13
01_12_09_04_0022.bmp,0,9,4,0,17,7,16,18,7,7,7
01_12_09_04_0024.bmp,1,9,4,0,17,12,31,11,11,18,10
01_12_09_04_0025.bmp,0,9,4,0,17,13,11,18,13,18,13
01_12_09_04_0028.bmp,0,9,4,0,17,13,12,18,13,7,13
01_12_09_04_0029.bmp,0,9,4,0,17,12,12,18,12,18,12
01_12_09_04_0029.bmp,1,9,4,0,17,31,31,18,19,18,19
01_12_09_04_0033.bmp,0,9,4,0,17,13,18,18,1,18,7
01_12_09_04_0033.bmp,1,9,4,0,17,32,31,11,32,35,32
01_12_09_04_0034.bmp,0,9,4,0,17,13,11,18,13,18,13
01_12_09_04_0034.bmp,1,9,4,0,17,31,31,18,12,11,13
01_12_09_04_0038.bmp,0,9,4,0,17,13,11,13,13,24,13
01_12_09_04_0040.bmp,0,9,4,0,17,13,11,18,13,18,13
01_12_09_04_0042.bmp,0,9,4,0,17,13,11,7,7,13,13
01_12_09_04_0045.bmp,0,9,4,0,17,31,31,11,11,18,32
01_12_09_04_0049.bmp,0,9,4,0,17,19,31,11,25,1,25
01_12_09_04_0050.bmp,0,9,4,0,17,31,31,11,12,17,13
01_12_09_04_0052.bmp,0,9,4,0,17,36,31,18,13,11,13
01_12_09_04_0056.bmp,0,9,4,0,17,32,11,11,11,18,7
01_12_09_04_0057.bmp,0,9,4,0,17,32,31,11,32,7,7
01_12_09_04_0061.bmp,0,9,4,0,17,32,11,11,11,26,13
01_12_09_04_0063.bmp,0,9,4,0,17,13,32,11,13,26,26
01_12_09_04_0071.bmp,0,9,4,0,17,32,11,11,7,13,32
01_12_09_04_0073.bmp,0,9,4,0,17,11,11,18,11,18,13
01_12_09_04_0076.bmp,0,9,4,0,17,13,11,18,25,17,7
01_12_09_04_0081.bmp,0,9,4,0,17,11,11,11,11,18,7
01_12_09_04_0082.bmp,0,9,4,0,17,11,11,11,11,18,11
01_12_09_04_0083.bmp,0,9,4,0,17,11,11,28,11,18,11
01_12_09_04_0092.bmp,0,9,4,0,17,13,13,18,7,18,7
01_12_09_04_0094.bmp,0,9,4,0,17,13,11,18,25,18,26
01_12_09_04_0096.bmp,0,9,4,0,17,13,16,18,13,18,13
01_12_09_04_0101.bmp,0,9,4,0,17,13,10,28,11,18,13
01_12_09_04_0102.bmp,0,9,4,0,17,13,10,18,7,18,7
01_12_09_04_0104.bmp,0,9,4,0,17,11,11,18,11,18,26
01_12_09_04_0105.bmp,0,9,4,0,17,11,7,28,11,26,11
01_12_09_04_0111.bmp,0,9,4,0,17,11,10,18,7,13,7
01_13_09_04_0003.bmp,0,9,4,0,13,12,12,11,12,13,12
01_13_09_04_0003.bmp,1,9,4,0,13,13,13,13,13,13,13
01_13_09_04_0004.bmp,1,9,4,0,13,13,13,13,13,13,13
01_13_09_04_0011.bmp,1,9,4,0,13,13,13,13,13,13,13
01_13_09_04_0013.bmp,0,9,4,0,13,12,12,11,12,13,12
01_13_09_04_0014.bmp,1,9,4,0,13,13,13,13,13,13,13
01_13_09_04_0016.bmp,0,9,4,0,13,12,12,42,12,13,12
01_13_09_04_0017.bmp,0,9,4,0,13,12,12,11,12,13,12
01_13_09_04_0021.bmp,0,9,4,0,13,12,12,11,12,25,12
01_13_09_04_0022.bmp,0,9,4,0,13,12,12,42,12,13,13
01_13_09_04_0024.bmp,0,9,4,0,13,12,12,11,12,13,12
01_13_09_04_0026.bmp,0,9,4,0,13,12,12,42,12,13,12
01_13_09_04_0026.bmp,1,9,4,0,13,13,13,13,13,13,13
01_13_09_04_0027.bmp,0,9,4,0,13,12,12,11,13,13,12
01_13_09_04_0028.bmp,0,9,4,0,13,13,12,42,13,13,13
01_13_09_04_0028.bmp,1,9,4,0,13,13,13,13,13,13,13
01_13_09_04_0032.bmp,1,9,4,0,13,13,13,13,13,13,13
01_13_09_04_0033.bmp,1,9,4,0,13,13,13,13,13,13,13
01_13_09_04_0034.bmp,0,9,4,0,13,12,12,16,13,13,13
01_13_09_04_0035.bmp,0,9,4,0,13,12,12,11,13,17,13
01_13_09_04_0035.bmp,1,9,4,0,13,13,13,13,13,13,13
01_13_09_04_0036.bmp,1,9,4,0,13,13,13,13,13,13,13
01_13_09_04_0037.bmp,0,9,4,0,13,13,12,42,13,11,13
01_13_09_04_0040.bmp,0,9,4,0,13,13,12,1,13,13,13
01_13_09_04_0040.bmp,1,9,4,0,13,13,13,13,13,13,13
01_13_09_04_0041.bmp,0,9,4,0,13,13,12,11,12,40,12
01_13_09_04_0042.bmp,0,9,4,0,13,13,12,13,12,13,40
01_13_09_04_0042.bmp,1,9,4,0,13,13,13,13,13,13,13
01_13_09_04_0044.bmp,1,9,4,0,13,13,13,13,13,13,13
01_13_09_04_0046.bmp,0,9,4,0,13,13,13,13,13,13,40
01_13_09_04_0051.bmp,0,9,4,0,13,13,13,12,13,35,40
01_13_09_04_0052.bmp,0,9,4,0,13,13,13,11,13,13,13
01_13_09_04_0054.bmp,0,9,4,0,13,13,12,13,13,13,13
01_13_09_04_0055.bmp,0,9,4,0,13,13,12,18,13,13,13
01_13_09_04_0056.bmp,0,9,4,0,13,13,13,1,13,13,40
01_13_09_04_0057.bmp,1,9,4,0,13,13,13,13,13,13,13
01_13_09_04_0058.bmp,0,9,4,0,13,13,12,12,13,13,13
01_13_09_04_0059.bmp,0,9,4,0,13,13,12,40,13,13,13
01_13_09_04_0060.bmp,0,9,4,0,13,13,12,40,13,13,13
01_13_09_04_0060.bmp,1,9,4,0,13,13,13,13,13,13,13
01_13_09_04_0061.bmp,1,9,4,0,13,13,13,13,13,13,13
01_13_09_04_0063.bmp,1,9,4,0,13,19,31,11,12,18,12
01_13_09_04_0066.bmp,1,9,4,0,13,12,31,18,12,18,12
01_13_09_04_0067.bmp,1,9,4,0,13,12,31,11,12,18,12
01_13_09_04_0068.bmp,1,9,4,0,13,12,31,18,12,18,12
01_13_09_04_0069.bmp,1,9,4,0,13,12,31,18,12,11,12
01_13_09_04_0072.bmp,0,9,4,0,13,13,13,40,13,13,13
01_13_09_04_0072.bmp,1,9,4,0,13,19,31,11,12,18,19
01_13_09_04_0073.bmp,0,9,4,0,13,13,13,40,13,13,13
01_13_09_04_0073.bmp,1,9,4,0,13,12,31,18,12,12,31
01_13_09_04_0074.bmp,0,9,4,0,13,13,13,13,13,13,13
01_13_09_04_0076.bmp,0,9,4,0,13,13,13,13,13,13,13
01_13_09_04_0078.bmp,0,9,4,0,13,13,13,13,13,13,13
01_13_09_04_0079.bmp,0,9,4,0,13,13,13,13,13,13,13
01_13_09_04_0079.bmp,1,9,4,0,13,12,31,18,12,18,12
01_13_09_04_0082.bmp,1,9,4,0,13,12,31,18,12,32,12
01_13_09_04_0083.bmp,0,9,4,0,13,13,13,13,13,13,13
01_13_09_04_0084.bmp,0,9,4,0,13,13,13,13,13,13,13
01_13_09_04_0085.bmp,0,9,4,0,13,13,13,13,13,13,13
01_13_09_04_0087.bmp,0,9,4,0,13,13,13,13,13,13,13
01_13_09_04_0088.bmp,1,9,4,0,13,12,31,18,12,18,12
01_13_09_04_0089.bmp,1,9,4,0,13,12,31,11,12,11,12
01_13_09_04_0090.bmp,0,9,4,0,13,13,13,13,13,13,13
01_13_09_04_0090.bmp,1,9,4,0,13,12,31,11,12,32,12
01_13_09_04_0093.bmp,0,9,4,0,13,13,13,18,13,13,13
01_13_09_04_0093.bmp,1,9,4,0,13,12,31,11,12,11,12
01_13_09_04_0094.bmp,1,9,4,0,13,12,31,18,12,11,12
01_13_09_04_0095.bmp,0,9,4,0,13,13,13,18,13,13,13
01_13_09_04_0098.bmp,1,9,4,0,13,12,31,11,12,11,12
01_13_09_04_0099.bmp,1,9,4,0,13,12,31,18,12,18,12
01_13_09_04_0100.bmp,0,9,4,0,13,13,13,13,13,13,13
01_13_09_04_0101.bmp,0,9,4,0,13,13,13,13,13,13,13
01_13_09_04_0101.bmp,1,9,4,0,13,12,31,11,12,18,12
01_13_09_04_0105.bmp,1,9,4,0,13,12,31,11,12,11,12
01_13_09_04_0107.bmp,0,9,4,0,13,13,13,13,13,13,13
01_13_09_04_0108.bmp,0,9,4,0,13,13,13,13,13,40,40
01_13_09_04_0109.bmp,1,9,4,0,13,12,12,11,12,11,11
01_13_09_04_0110.bmp,0,9,4,0,13,13,13,13,13,13,13
01_13_09_04_0110.bmp,1,9,4,0,13,12,12,11,12,18,12
01_13_09_04_0111.bmp,0,9,4,0,13,13,13,40,40,13,40
01_13_09_04_0112.bmp,0,9,4,0,13,13,13,25,40,13,40
01_13_09_04_0113.bmp,1,9,4,0,13,12,12,18,12,1,11
01_13_09_04_0114.bmp,1,9,4,0,13,12,12,18,12,13,10
01_13_09_04_0115.bmp,0,9,4,0,13,12,31,25,12,12,12
01_13_09_04_0115.bmp,1,9,4,0,13,12,12,18,12,18,12
01_13_09_04_0116.bmp,1,9,4,0,13,12,12,28,12,18,12
01_13_09_04_0117.bmp,1,9,4,0,13,12,12,28,12,18,12
01_13_09_04_0118.bmp,0,9,4,0,13,12,31,11,12,13,12
01_13_09_04_0118.bmp,1,9,4,0,13,12,12,18,12,12,12
01_13_09_04_0119.bmp,0,9,4,0,13,12,31,11,12,35,12
01_13_09_04_0119.bmp,1,9,4,0,13,12,12,18,12,18,12
01_13_09_04_0122.bmp,1,9,4,0,13,12,12,11,12,18,12
01_13_09_04_0123.bmp,0,9,4,0,13,12,12,13,12,13,12
01_13_09_04_0124.bmp,0,9,4,0,13,13,12,13,13,32,13
01_13_09_04_0124.bmp,1,9,4,0,13,12,12,18,12,18,11
01_13_09_04_0125.bmp,0,9,4,0,13,12,12,1,13,13,13
01_13_09_04_0125.bmp,1,9,4,0,13,12,12,18,12,18,10
01_13_09_04_0126.bmp,0,9,4,0,13,12,31,18,12,11,12
01_13_09_04_0128.bmp,1,9,4,0,13,12,12,28,12,18,10
01_13_09_04_0129.bmp,0,9,4,0,13,12,12,11,12,13,12
01_13_09_04_0130.bmp,0,9,4,0,13,32,12,18,11,18,10
01_13_09_04_0131.bmp,0,9,4,0,13,12,12,1,12,11,12
01_13_09_04_0131.bmp,1,9,4,0,13,12,11,28,18,18,12
01_13_09_04_0132.bmp,0,9,4,0,13,12,12,18,13,13,12
01_13_09_04_0133.bmp,1,9,4,0,13,12,11,28,12,11,12
01_13_09_04_0134.bmp,1,9,4,0,13,12,12,28,12,18,12
01_13_09_04_0136.bmp,1,9,4,0,13,13,12,28,12,18,12
01_13_09_04_0137.bmp,0,9,4,0,13,12,12,18,12,26,12
01_13_09_04_0137.bmp,1,9,4,0,13,12,12,11,12,18,10
01_13_09_04_0138.bmp,0,9,4,0,13,13,12,18,13,13,13
01_13_09_04_0139.bmp,0,9,4,0,13,32,12,18,13,18,13
01_13_09_04_0139.bmp,1,9,4,0,13,12,12,12,12,13,12
01_13_09_04_0140.bmp,1,9,4,0,13,12,12,18,12,18,12
01_13_09_04_0143.bmp,1,9,4,0,13,12,12,18,12,18,12
01_13_09_04_0146.bmp,0,9,4,0,13,13,13,18,7,13,13
01_13_09_04_0149.bmp,0,9,4,0,13,12,12,18,13,13,13
01_13_09_04_0149.bmp,1,9,4,0,13,12,12,28,12,13,12
01_13_09_04_0150.bmp,0,9,4,0,13,13,13,18,13,13,13
01_13_09_04_0150.bmp,1,9,4,0,13,12,12,11,12,11,12
01_13_09_04_0151.bmp,0,9,4,0,13,13,13,18,13,13,13
01_13_09_04_0154.bmp,0,9,4,0,13,13,12,13,13,13,13
01_13_09_04_0154.bmp,1,9,4,0,13,12,12,12,12,13,12
01_13_09_04_0155.bmp,0,9,4,0,13,13,13,18,13,13,13
01_13_09_04_0159.bmp,0,9,4,0,13,13,13,18,13,13,13
01_13_09_04_0160.bmp,0,9,4,0,13,13,13,13,13,13,13
01_13_09_04_0160.bmp,1,9,4,0,13,18,18,18,18,18,1
01_13_09_04_0162.bmp,1,9,4,0,13,12,11,28,12,13,12
01_13_09_04_0163.bmp,0,9,4,0,13,13,13,18,13,13,13
01_13_09_04_0164.bmp,0,9,4,0,13,13,13,13,13,13,13
01_13_09_04_0164.bmp,1,9,4,0,13,12,11,28,12,18,12
01_13_09_04_0165.bmp,0,9,4,0,13,13,13,18,13,13,13
01_13_09_04_0166.bmp,1,9,4,0,13,12,11,1,12,18,12
01_13_09_04_0168.bmp,1,9,4,0,13,12,11,11,12,18,12
01_13_09_04_0170.bmp,0,9,4,0,13,12,31,13,12,18,12
01_13_09_04_0170.bmp,1,9,4,0,13,12,12,28,12,13,1
01_13_09_04_0171.bmp,0,9,4,0,13,12,31,11,12,13,12
01_13_09_04_0172.bmp,0,9,4,0,13,12,31,11,12,13,12
01_13_09_04_0172.bmp,1,9,4,0,13,18,11,18,12,13,12
01_13_09_04_0173.bmp,0,9,4,0,13,12,31,42,12,13,12
01_13_09_04_0173.bmp,1,9,4,0,13,12,12,18,18,18,40
01_13_09_04_0174.bmp,0,9,4,0,13,12,31,11,12,32,12
01_13_09_04_0174.bmp,1,9,4,0,13,12,12,1,12,13,12
01_13_09_04_0175.bmp,1,9,4,0,13,18,11,18,1,13,1
01_13_09_04_0176.bmp,1,9,4,0,13,12,12,13,12,13,1
01_13_09_04_0177.bmp,1,9,4,0,13,12,12,12,12,13,12
01_13_09_04_0178.bmp,0,9,4,0,13,12,31,11,12,11,12
01_13_09_04_0178.bmp,1,9,4,0,13,12,12,12,12,13,12
01_13_09_04_0179.bmp,0,9,4,0,13,12,31,11,12,13,12
01_13_09_04_0179.bmp,1,9,4,0,13,12,12,18,12,18,12
01_13_09_04_0180.bmp,0,9,4,0,13,12,31,11,12,32,12
01_13_09_04_0182.bmp,0,9,4,0,13,12,31,11,12,13,12
01_13_09_04_0182.bmp,1,9,4,0,13,12,12,28,12,13,12
01_13_09_04_0185.bmp,0,9,4,0,13,12,31,11,12,13,12
01_13_09_04_0193.bmp,1,9,4,0,13,13,12,28,12,18,1
01_13_09_04_0196.bmp,0,9,4,0,13,12,31,18,12,35,12
01_13_09_04_0197.bmp,1,9,4,0,13,12,12,13,12,13,11
01_13_09_04_0199.bmp,0,9,4,0,13,12,31,42,12,13,12
01_13_09_04_0202.bmp,0,9,4,0,13,12,31,13,12,40,12
01_13_09_04_0203.bmp,0,9,4,0,13,12,31,11,12,40,12
01_13_09_04_0206.bmp,0,9,4,0,13,12,31,1,12,13,12
01_13_09_04_0207.bmp,1,9,4,0,13,12,12,1,12,13,12
01_13_09_04_0209.bmp,0,9,4,0,13,12,31,1,12,13,13
01_13_09_04_0209.bmp,1,9,4,0,13,13,11,11,12,13,11
01_13_09_04_0210.bmp,1,9,4,0,13,12,12,11,12,13,12
01_13_09_04_0212.bmp,0,9,4,0,13,12,12,11,12,13,13
01_13_09_04_0212.bmp,1,9,4,0,13,12,12,12,12,13,12
01_13_09_04_0214.bmp,0,9,4,0,13,12,12,28,13,13,13
01_13_09_04_0214.bmp,1,9,4,0,13,12,12,40,12,13,12
01_13_09_04_0215.bmp,1,9,4,0,13,12,12,40,12,13,11
01_13_09_04_0216.bmp,0,9,4,0,13,13,12,11,13,12,13
01_13_09_04_0216.bmp,1,9,4,0,13,12,12,12,12,13,12
01_13_09_04_0217.bmp,1,9,4,0,13,12,12,18,12,13,40
01_13_09_04_0219.bmp,1,9,4,0,13,12,12,40,12,13,12
01_13_09_04_0220.bmp,0,9,4,0,13,13,12,1,13,13,13
01_13_09_04_0221.bmp,0,9,4,0,13,13,13,18,13,13,13
01_13_09_04_0222.bmp,0,9,4,0,13,13,13,18,13,40,13
01_13_09_04_0223.bmp,1,9,4,0,13,12,12,40,12,24,12
01_13_09_04_0226.bmp,0,9,4,0,13,13,13,18,13,13,13
01_13_09_04_0227.bmp,0,9,4,0,13,13,13,13,13,13,13
01_13_09_04_0227.bmp,1,9,4,0,13,12,12,12,12,13,12
01_13_09_04_0231.bmp,0,9,4,0,13,13,13,18,18,24,13
01_13_09_04_0232.bmp,1,9,4,0,13,12,12,40,12,13,40
01_13_09_04_0233.bmp,0,9,4,0,13,13,13,18,13,13,13
01_13_09_04_0235.bmp,0,9,4,0,13,13,13,18,13,13,13
01_13_09_04_0236.bmp,0,9,4,0,13,13,13,13,13,13,13
01_13_09_04_0236.bmp,1,9,4,0,13,12,12,1,12,13,12
01_13_09_04_0238.bmp,1,9,4,0,13,12,12,2,12,13,13
01_13_09_04_0240.bmp,0,9,4,0,13,13,18,28,13,13,7
01_13_09_04_0240.bmp,1,9,4,0,13,13,12,18,13,13,13
01_13_09_04_0242.bmp,1,9,4,0,13,13,12,11,13,13,13
01_13_09_04_0244.bmp,1,9,4,0,13,12,12,11,12,13,12
01_13_09_04_0245.bmp,0,9,4,0,13,13,13,13,13,13,13
01_13_09_04_0246.bmp,0,9,4,0,13,12,12,18,12,18,12
01_13_09_04_0246.bmp,1,9,4,0,13,12,12,12,12,13,12
01_13_09_04_0247.bmp,1,9,4,0,13,12,11,13,12,13,12
01_13_09_04_0249.bmp,0,9,4,0,13,13,13,13,13,13,13
01_13_09_04_0250.bmp,0,9,4,0,13,13,13,13,13,13,13
01_13_09_04_0251.bmp,0,9,4,0,13,13,13,13,13,13,13
01_13_09_04_0252.bmp,0,9,4,0,13,13,13,13,13,13,13
01_13_09_04_0253.bmp,0,9,4,0,13,13,13,13,13,13,13
01_13_09_04_0258.bmp,1,9,4,0,13,12,12,11,12,13,12
01_13_09_04_0259.bmp,1,9,4,0,13,12,12,12,12,13,12
01_13_09_04_0260.bmp,0,9,4,0,13,13,13,28,13,13,13
01_13_09_04_0261.bmp,0,9,4,0,13,13,13,13,13,13,13
01_13_09_04_0262.bmp,0,9,4,0,13,13,13,13,13,13,13
01_13_09_04_0263.bmp,1,9,4,0,13,12,12,13,12,13,12
01_13_09_04_0264.bmp,0,9,4,0,13,13,13,18,13,40,13
01_13_09_04_0264.bmp,1,9,4,0,13,12,12,13,12,13,1
01_13_09_04_0265.bmp,0,9,4,0,13,13,13,13,13,13,13
01_13_09_04_0266.bmp,1,9,4,0,13,12,12,12,12,13,12
01_13_09_04_0267.bmp,0,9,4,0,13,13,13,13,13,13,13
01_13_09_04_0267.bmp,1,9,4,0,13,12,12,40,12,13,12
01_13_09_04_0269.bmp,0,9,4,0,13,13,13,13,13,13,13
01_13_09_04_0272.bmp,0,9,4,0,13,12,12,13,12,13,12
01_13_09_04_0273.bmp,0,9,4,0,13,12,12,12,12,13,1
01_13_09_04_0275.bmp,0,9,4,0,13,12,12,12,12,24,12
01_13_09_04_0278.bmp,0,9,4,0,13,12,12,12,12,13,12
01_13_09_04_0280.bmp,0,9,4,0,13,13,12,20,12,13,1
01_13_09_04_0287.bmp,0,9,4,0,13,12,12,11,12,13,12
01_13_09_04_0289.bmp,0,9,4,0,13,13,12,40,13,13,12
01_13_09_04_0291.bmp,0,9,4,0,13,12,12,13,12,13,13
01_13_09_04_0299.bmp,0,9,4,0,13,12,12,12,12,18,40
01_13_09_04_0306.bmp,0,9,4,0,13,12,12,12,12,13,12
01_13_09_04_0308.bmp,0,9,4,0,13,12,12,40,12,13,12
01_13_09_04_0311.bmp,0,9,4,0,13,12,12,13,12,13,12
01_13_09_04_0312.bmp,0,9,4,0,13,12,12,12,12,13,12
01_13_09_04_0314.bmp,0,9,4,0,13,13,12,13,12,13,1
01_13_09_04_0315.bmp,0,9,4,0,13,12,12,18,12,13,12
01_13_09_04_0316.bmp,0,9,4,0,13,12,12,13,12,13,12
01_13_09_04_0327.bmp,0,9,4,0,13,13,11,25,12,13,12
01_13_09_04_0328.bmp,0,9,4,0,13,12,12,40,12,13,12
01_13_09_04_0333.bmp,0,9,4,0,13,18,12,28,18,13,12
01_13_09_04_0334.bmp,0,9,4,0,13,18,11,18,18,18,12
01_13_09_04_0336.bmp,0,9,4,0,13,18,18,18,18,13,12
01_13_09_04_0337.bmp,0,9,4,0,13,25,11,28,25,18,12
01_13_09_04_0342.bmp,0,9,4,0,13,12,12,12,12,13,40
01_13_09_04_0351.bmp,0,9,4,0,13,13,25,25,13,13,40
01_13_09_04_0352.bmp,0,9,4,0,13,12,12,11,12,13,40
01_13_09_04_0355.bmp,0,9,4,0,13,12,12,25,12,13,40
01_13_09_04_0361.bmp,0,9,4,0,13,13,13,13,13,13,13
01_13_09_04_0363.bmp,0,9,4,0,13,13,13,13,13,13,13
01_13_09_04_0366.bmp,0,9,4,0,13,13,13,13,13,13,13
01_13_09_04_0369.bmp,0,9,4,0,13,13,13,13,13,13,13
01_13_09_04_0372.bmp,0,9,4,0,13,13,13,18,13,13,13
01_13_09_04_0375.bmp,0,9,4,0,13,13,13,13,13,13,13
01_13_09_04_0376.bmp,0,9,4,0,13,13,13,13,13,13,13
01_13_09_04_0377.bmp,0,9,4,0,13,13,13,11,13,13,13
01_13_09_04_0381.bmp,0,9,4,0,13,13,13,13,13,13,13
01_13_09_04_0384.bmp,0,9,4,0,13,13,13,13,13,13,13
01_13_09_04_0389.bmp,0,9,4,0,13,12,31,11,12,32,12
01_13_09_04_0392.bmp,0,9,4,0,13,12,31,42,12,13,12
01_13_09_04_0395.bmp,0,9,4,0,13,12,31,11,12,32,12
01_13_09_04_0398.bmp,0,9,4,0,13,12,31,11,12,11,12
01_13_09_04_0399.bmp,0,9,4,0,13,12,31,11,12,13,12
01_13_09_04_0400.bmp,0,9,4,0,13,12,12,42,12,13,32
01_13_09_04_0401.bmp,0,9,4,0,13,12,12,11,12,35,12
01_13_09_04_0405.bmp,0,9,4,0,13,12,31,25,12,11,12
01_13_09_04_0409.bmp,0,9,4,0,13,12,12,11,12,13,12
01_13_09_04_0413.bmp,0,9,4,0,13,12,12,11,12,11,12
01_13_09_04_0418.bmp,0,9,4,0,13,12,31,42,12,13,13
01_13_09_04_0424.bmp,0,9,4,0,13,12,31,11,12,13,12
01_13_09_04_0425.bmp,0,9,4,0,13,12,31,11,12,13,12
01_13_09_04_0429.bmp,0,9,4,0,13,12,31,12,12,13,12
01_13_09_04_0430.bmp,0,9,4,0,13,12,12,12,12,13,13
01_13_09_04_0432.bmp,0,9,4,0,13,12,12,12,13,13,13
01_13_09_04_0434.bmp,0,9,4,0,13,12,12,42,13,13,13
01_13_09_04_0439.bmp,0,9,4,0,13,13,12,12,13,13,13
01_13_09_04_0442.bmp,0,9,4,0,13,13,12,13,13,35,13
01_13_09_04_0443.bmp,0,9,4,0,13,12,12,11,12,13,13
01_13_09_04_0444.bmp,0,9,4,0,13,12,12,1,13,13,13
01_13_09_04_0448.bmp,0,9,4,0,13,12,12,11,12,13,12
01_13_09_04_0450.bmp,0,9,4,0,13,13,12,13,13,13,13
01_13_09_04_0452.bmp,0,9,4,0,13,13,12,11,13,13,13
01_13_09_04_0455.bmp,0,9,4,0,13,13,12,11,13,13,13
01_13_09_04_0456.bmp,0,9,4,0,13,12,12,11,12,11,13
01_13_09_04_0461.bmp,0,9,4,0,13,13,12,40,13,13,40
01_13_09_04_0462.bmp,0,9,4,0,13,13,13,11,13,13,40
01_13_09_04_0463.bmp,0,9,4,0,13,13,13,12,13,13,13
01_13_09_04_0464.bmp,0,9,4,0,13,13,13,13,13,40,13
01_13_09_04_0465.bmp,0,9,4,0,13,13,12,12,13,13,13
01_13_09_04_0466.bmp,0,9,4,0,13,13,13,11,13,13,13
01_13_09_04_0471.bmp,0,9,4,0,13,13,13,13,13,13,13
01_13_09_04_0473.bmp,0,9,4,0,13,13,13,18,13,13,13
01_13_09_04_0475.bmp,0,9,4,0,13,13,13,11,13,13,13
01_13_09_04_0476.bmp,0,9,4,0,13,13,13,28,13,13,13
01_13_09_04_0480.bmp,0,9,4,0,13,13,13,1,13,13,13
01_13_09_04_0485.bmp,0,9,4,0,13,13,12,18,13,13,13
01_13_09_04_0486.bmp,0,9,4,0,13,13,13,18,13,13,13
01_13_09_04_0490.bmp,0,9,4,0,13,13,12,18,13,13,13
01_13_09_04_0492.bmp,0,9,4,0,13,13,13,13,13,13,13
01_13_09_04_0495.bmp,0,9,4,0,13,13,13,13,13,13,13
01_13_09_04_0497.bmp,0,9,4,0,13,13,13,12,13,13,13
01_13_09_04_0499.bmp,0,9,4,0,13,13,13,13,13,13,13
01_13_09_04_0500.bmp,0,9,4,0,13,13,13,13,13,13,13
01_13_09_04_0501.bmp,0,9,4,0,13,13,13,13,13,13,13
01_13_09_04_0505.bmp,0,9,4,0,13,13,13,18,13,13,13
01_13_09_04_0508.bmp,0,9,4,0,13,13,13,13,13,13,13
01_13_09_04_0510.bmp,0,9,4,0,13,13,13,13,13,13,13
01_13_09_04_0511.bmp,0,9,4,0,13,13,13,18,13,13,13
01_13_09_04_0514.bmp,0,9,4,0,13,13,13,13,13,13,13
01_13_09_04_0516.bmp,0,9,4,0,13,32,31,42,32,32,12
01_13_09_04_0519.bmp,0,9,4,0,13,12,31,42,12,18,12
01_13_09_04_0521.bmp,0,9,4,0,13,12,31,11,12,32,12
01_13_09_04_0523.bmp,0,9,4,0,13,12,31,18,12,13,13
01_13_09_04_0525.bmp,0,9,4,0,13,12,31,11,12,13,12
01_13_09_04_0526.bmp,0,9,4,0,13,12,31,11,12,11,12
01_13_09_04_0533.bmp,0,9,4,0,13,12,12,11,12,13,12
01_13_09_04_0537.bmp,0,9,4,0,13,12,12,12,12,32,12
01_13_09_04_0538.bmp,0,9,4,0,13,12,31,11,12,13,12
01_13_09_04_0539.bmp,0,9,4,0,13,12,31,12,12,13,12
01_13_09_04_0542.bmp,0,9,4,0,13,12,31,11,12,32,12
01_13_09_04_0544.bmp,0,9,4,0,13,13,31,11,13,11,13
01_13_09_04_0545.bmp,0,9,4,0,13,12,12,11,12,12,12
01_13_09_04_0547.bmp,0,9,4,0,13,12,12,11,12,12,12
01_13_09_04_0549.bmp,0,9,4,0,13,12,12,11,12,13,12
01_13_09_04_0550.bmp,0,9,4,0,13,12,31,42,12,32,12
01_13_09_04_0554.bmp,0,9,4,0,13,12,31,42,12,16,12
01_13_09_04_0557.bmp,0,9,4,0,13,12,12,11,12,18,12
01_13_09_04_0559.bmp,0,9,4,0,13,12,12,18,12,12,12
01_13_09_04_0561.bmp,0,9,4,0,13,12,12,12,12,13,12
01_13_09_04_0564.bmp,0,9,4,0,13,12,31,11,12,13,12
01_13_09_04_0565.bmp,0,9,4,0,13,12,12,18,12,13,12
01_13_09_04_0566.bmp,0,9,4,0,13,12,31,42,12,13,12
01_13_09_04_0567.bmp,0,9,4,0,13,12,12,18,12,18,12
01_13_09_04_0570.bmp,0,9,4,0,13,12,31,42,12,13,12
01_13_09_04_0571.bmp,0,9,4,0,13,12,12,12,12,13,12
01_13_09_04_0573.bmp,0,9,4,0,13,12,12,1,12,18,12
01_13_09_04_0581.bmp,0,9,4,0,13,12,12,28,12,13,12
01_13_09_04_0584.bmp,0,9,4,0,13,12,31,11,12,13,13
01_13_09_04_0586.bmp,0,9,4,0,13,12,31,42,13,13,13
01_13_09_04_0588.bmp,0,9,4,0,13,12,31,11,12,13,13
01_13_09_04_0589.bmp,0,9,4,0,13,13,13,28,13,18,13
01_13_09_04_0590.bmp,0,9,4,0,13,12,31,11,13,13,13
01_13_09_04_0592.bmp,0,9,4,0,13,32,31,11,32,32,13
01_13_09_04_0594.bmp,0,9,4,0,13,12,12,11,13,35,13
01_13_09_04_0595.bmp,0,9,4,0,13,12,12,1,12,18,12
01_13_09_04_0600.bmp,0,9,4,0,13,12,18,18,12,18,12
01_13_09_04_0601.bmp,0,9,4,0,13,13,18,28,13,13,13
01_13_09_04_0605.bmp,0,9,4,0,13,12,12,18,12,11,10
01_13_09_04_0607.bmp,0,9,4,0,13,13,12,18,18,18,1
01_13_09_04_0609.bmp,0,9,4,0,13,13,18,18,12,13,12
01_13_09_04_0610.bmp,0,9,4,0,13,18,18,18,18,13,1
01_13_09_04_0612.bmp,0,9,4,0,13,13,18,18,13,18,13
01_13_09_04_0625.bmp,0,9,4,0,13,13,25,11,12,13,40
01_03_09_05_0001.bmp,0,9,5,0,9,12,12,11,13,13,13
01_03_09_05_0006.bmp,0,9,5,0,9,12,31,42,12,11,12
01_03_09_05_0012.bmp,0,9,5,0,9,12,31,11,11,13,13
01_03_09_05_0015.bmp,0,9,5,0,9,16,16,11,13,13,13
01_03_09_05_0018.bmp,0,9,5,0,9,12,31,42,12,32,13
01_03_09_05_0021.bmp,0,9,5,0,9,12,16,11,12,11,12
01_03_09_05_0024.bmp,0,9,5,0,9,12,31,11,12,11,12
01_03_09_05_0036.bmp,0,9,5,0,9,13,12,18,13,13,13
01_03_09_05_0042.bmp,0,9,5,0,9,12,12,18,12,18,12
01_03_09_05_0043.bmp,0,9,5,0,9,12,31,11,12,13,12
01_03_09_05_0044.bmp,0,9,5,0,9,12,12,11,13,11,13
01_03_09_05_0046.bmp,0,9,5,0,9,12,31,11,12,18,13
01_03_09_05_0048.bmp,0,9,5,0,9,13,12,11,13,11,13
01_03_09_05_0050.bmp,0,9,5,0,9,13,16,18,13,11,40
01_03_09_05_0051.bmp,0,9,5,0,9,13,12,18,12,40,12
01_03_09_05_0055.bmp,0,9,5,0,9,13,18,1,12,13,12
01_03_09_05_0056.bmp,0,9,5,0,9,13,18,24,13,13,13
01_03_09_05_0058.bmp,0,9,5,0,9,13,18,25,13,18,13
01_03_09_05_0061.bmp,0,9,5,0,9,13,12,13,13,13,13
01_03_09_05_0062.bmp,0,9,5,0,9,13,18,18,13,18,12
01_03_09_05_0066.bmp,0,9,5,0,9,13,12,13,13,13,13
01_03_09_05_0068.bmp,0,9,5,0,9,13,31,13,13,13,13
01_03_09_05_0069.bmp,0,9,5,0,9,13,12,18,13,13,13
01_03_09_05_0072.bmp,0,9,5,0,9,13,18,13,13,40,13
01_03_09_05_0075.bmp,0,9,5,0,9,13,13,13,13,18,13
01_03_09_05_0077.bmp,0,9,5,0,9,13,13,25,13,13,40
01_03_09_05_0078.bmp,0,9,5,0,9,13,11,13,13,13,13
01_03_09_05_0082.bmp,0,9,5,0,9,13,16,13,13,14,20
01_03_09_05_0083.bmp,0,9,5,0,9,13,13,25,13,24,24
01_06_09_05_0002.bmp,1,9,5,0,14,12,12,18,18,18,13
01_06_09_05_0003.bmp,1,9,5,0,14,12,12,11,12,18,12
01_06_09_05_0004.bmp,1,9,5,0,14,31,31,18,12,13,12
01_06_09_05_0007.bmp,0,9,5,0,14,18,18,18,18,1,1
01_06_09_05_0007.bmp,1,9,5,0,14,12,12,11,12,35,12
01_06_09_05_0012.bmp,0,9,5,0,14,13,11,18,18,13,13
01_06_09_05_0012.bmp,1,9,5,0,14,12,12,18,12,18,13
01_06_09_05_0013.bmp,1,9,5,0,14,11,12,18,11,18,35
01_06_09_05_0014.bmp,0,9,5,0,14,11,12,18,18,28,40
01_06_09_05_0015.bmp,0,9,5,0,14,18,1,18,18,18,40
01_06_09_05_0015.bmp,1,9,5,0,14,18,12,18,18,18,13
01_06_09_05_0016.bmp,1,9,5,0,14,18,12,18,18,18,18
01_06_09_05_0017.bmp,1,9,5,0,14,18,11,18,18,18,13
01_06_09_05_0021.bmp,0,9,5,0,14,13,12,13,13,13,13
01_06_09_05_0022.bmp,1,9,5,0,14,12,12,18,12,18,12
01_06_09_05_0024.bmp,0,9,5,0,14,18,1,18,18,18,40
01_06_09_05_0026.bmp,1,9,5,0,14,18,12,18,18,18,13
01_06_09_05_0029.bmp,0,9,5,0,14,13,18,13,13,7,13
01_06_09_05_0029.bmp,1,9,5,0,14,18,12,18,18,18,12
01_06_09_05_0030.bmp,0,9,5,0,14,13,25,13,13,7,7
01_06_09_05_0030.bmp,1,9,5,0,14,18,12,18,18,18,13
01_06_09_05_0031.bmp,0,9,5,0,14,13,11,18,13,13,13
01_06_09_05_0031.bmp,1,9,5,0,14,12,31,11,12,11,12
01_06_09_05_0035.bmp,0,9,5,0,14,13,25,18,13,7,13
01_06_09_05_0037.bmp,1,9,5,0,14,12,12,11,12,18,12
01_06_09_05_0038.bmp,0,9,5,0,14,13,18,13,13,7,13
01_06_09_05_0039.bmp,0,9,5,0,14,13,25,13,13,24,40
01_06_09_05_0039.bmp,1,9,5,0,14,12,12,11,12,13,12
01_06_09_05_0040.bmp,1,9,5,0,14,12,12,25,12,13,12
01_06_09_05_0041.bmp,1,9,5,0,14,12,12,12,35,18,35
01_06_09_05_0042.bmp,0,9,5,0,14,13,18,13,13,14,40
01_06_09_05_0043.bmp,1,9,5,0,14,12,31,11,12,35,12
01_06_09_05_0046.bmp,0,9,5,0,14,12,31,12,12,18,12
01_06_09_05_0048.bmp,0,9,5,0,14,12,12,18,12,12,12
01_06_09_05_0050.bmp,0,9,5,0,14,12,12,18,12,18,12
01_06_09_05_0051.bmp,0,9,5,0,14,12,12,18,12,18,12
01_06_09_05_0055.bmp,0,9,5,0,14,12,12,18,12,13,13
01_06_09_05_0056.bmp,0,9,5,0,14,12,12,18,12,18,12
01_06_09_05_0059.bmp,0,9,5,0,14,18,12,18,18,18,1
01_06_09_05_0064.bmp,0,9,5,0,14,18,12,18,18,18,1
01_06_09_05_0066.bmp,0,9,5,0,14,12,12,1,12,7,40
01_06_09_05_0067.bmp,0,9,5,0,14,18,12,18,18,18,1
01_06_09_05_0068.bmp,0,9,5,0,14,12,12,18,12,18,12
01_06_09_05_0070.bmp,0,9,5,0,14,18,12,18,18,24,1
01_06_09_05_0074.bmp,0,9,5,0,14,18,12,18,18,18,13
01_06_09_05_0075.bmp,0,9,5,0,14,12,12,1,12,1,12
01_06_09_05_0076.bmp,0,9,5,0,14,12,12,18,12,18,13
01_06_09_05_0080.bmp,0,9,5,0,14,18,18,18,18,18,18
01_06_09_05_0085.bmp,0,9,5,0,14,13,11,18,13,18,13
01_06_09_05_0088.bmp,0,9,5,0,14,13,25,13,13,24,13
01_06_09_05_0089.bmp,0,9,5,0,14,25,25,2,25,39,40
01_11_09_05_0002.bmp,0,9,5,0,12,11,31,42,11,11,37
01_11_09_05_0003.bmp,0,9,5,0,12,38,31,11,18,11,13
01_11_09_05_0013.bmp,0,9,5,0,12,31,31,1,12,35,12
01_11_09_05_0019.bmp,0,9,5,0,12,12,12,11,12,11,35
01_11_09_05_0020.bmp,0,9,5,0,12,18,12,11,18,18,32
01_11_09_05_0021.bmp,0,9,5,0,12,18,12,11,18,11,11
01_11_09_05_0022.bmp,0,9,5,0,12,11,11,18,11,11,11
01_11_09_05_0024.bmp,0,9,5,0,12,12,12,11,12,11,13
01_11_09_05_0027.bmp,0,9,5,0,12,12,12,11,35,32,32
01_11_09_05_0028.bmp,0,9,5,0,12,12,31,11,12,11,13
01_11_09_05_0031.bmp,0,9,5,0,12,11,12,18,12,18,12
01_11_09_05_0033.bmp,0,9,5,0,12,12,12,11,12,18,13
01_11_09_05_0038.bmp,0,9,5,0,12,11,12,18,18,1,13
01_11_09_05_0039.bmp,0,9,5,0,12,12,12,18,11,18,13
01_11_09_05_0041.bmp,0,9,5,0,12,11,11,28,13,11,13
01_11_09_05_0045.bmp,0,9,5,0,12,12,12,18,13,18,13
01_11_09_05_0047.bmp,0,9,5,0,12,18,11,18,18,1,13
01_11_09_05_0049.bmp,0,9,5,0,12,1,11,28,1,13,1
01_11_09_05_0050.bmp,0,9,5,0,12,18,18,28,18,18,18
01_11_09_05_0052.bmp,0,9,5,0,12,12,11,18,18,18,1
01_11_09_05_0060.bmp,0,9,5,0,12,13,11,28,13,11,13
01_11_09_05_0061.bmp,0,9,5,0,12,13,12,18,18,18,13
01_11_09_05_0062.bmp,0,9,5,0,12,13,11,11,13,11,13
01_11_09_05_0064.bmp,0,9,5,0,12,13,11,18,13,18,13
01_11_09_05_0065.bmp,0,9,5,0,12,12,11,18,12,18,13
01_11_09_05_0069.bmp,0,9,5,0,12,13,11,11,13,13,13
01_11_09_05_0077.bmp,0,9,5,0,12,13,13,13,13,13,13
01_11_09_05_0078.bmp,0,9,5,0,12,13,13,28,13,13,13
01_11_09_05_0080.bmp,0,9,5,0,12,13,11,13,13,1,13
01_12_09_05_0002.bmp,0,9,5,0,17,13,18,18,13,18,13
01_12_09_05_0004.bmp,0,9,5,0,17,13,13,42,35,11,13
01_12_09_05_0005.bmp,0,9,5,0,17,13,16,42,13,11,12
01_12_09_05_0006.bmp,1,9,5,0,17,12,31,11,12,35,12
01_12_09_05_0009.bmp,0,9,5,0,17,13,16,18,13,13,12
01_12_09_05_0009.bmp,1,9,5,0,17,12,31,11,12,11,12
01_12_09_05_0011.bmp,0,9,5,0,17,13,16,18,7,18,7
01_12_09_05_0011.bmp,1,9,5,0,17,12,31,18,12,18,12
01_12_09_05_0012.bmp,0,9,5,0,17,13,13,28,13,7,12
01_12_09_05_0012.bmp,1,9,5,0,17,12,31,13,12,18,12
01_12_09_05_0013.bmp,0,9,5,0,17,18,11,18,18,18,18
01_12_09_05_0015.bmp,0,9,5,0,17,7,18,18,7,18,7
01_12_09_05_0017.bmp,1,9,5,0,17,12,31,18,12,18,13
01_12_09_05_0018.bmp,1,9,5,0,17,12,31,11,18,11,12
01_12_09_05_0021.bmp,1,9,5,0,17,12,31,11,12,11,12
01_12_09_05_0022.bmp,1,9,5,0,17,31,31,11,12,0,12
01_12_09_05_0024.bmp,1,9,5,0,17,31,31,13,12,19,35
01_12_09_05_0025.bmp,1,9,5,0,17,12,31,18,12,13,12
01_12_09_05_0028.bmp,1,9,5,0,17,12,31,11,12,11,12
01_12_09_05_0032.bmp,0,9,5,0,17,12,12,18,12,18,12
01_12_09_05_0032.bmp,1,9,5,0,17,31,31,11,13,32,13
01_12_09_05_0033.bmp,0,9,5,0,17,18,18,18,18,18,13
01_12_09_05_0033.bmp,1,9,5,0,17,31,31,18,12,35,35
01_12_09_05_0034.bmp,0,9,5,0,17,13,12,18,13,18,13
01_12_09_05_0035.bmp,0,9,5,0,17,13,18,18,1,24,1
01_12_09_05_0035.bmp,1,9,5,0,17,12,31,11,11,35,35
01_12_09_05_0036.bmp,1,9,5,0,17,38,31,11,13,18,35
01_12_09_05_0037.bmp,0,9,5,0,17,13,11,18,18,24,13
01_12_09_05_0038.bmp,0,9,5,0,17,11,11,13,13,24,7
01_12_09_05_0040.bmp,0,9,5,0,17,13,11,18,18,18,13
01_12_09_05_0040.bmp,1,9,5,0,17,31,31,11,12,13,13
01_12_09_05_0041.bmp,0,9,5,0,17,18,18,18,18,13,13
01_12_09_05_0043.bmp,0,9,5,0,17,13,11,13,13,18,13
01_12_09_05_0044.bmp,0,9,5,0,17,11,31,18,11,18,35
01_12_09_05_0045.bmp,0,9,5,0,17,31,31,18,11,11,35
01_12_09_05_0051.bmp,0,9,5,0,17,12,31,11,12,13,13
01_12_09_05_0052.bmp,0,9,5,0,17,38,31,18,18,13,13
01_12_09_05_0056.bmp,0,9,5,0,17,11,31,11,11,11,7
01_12_09_05_0060.bmp,0,9,5,0,17,25,31,18,25,42,42
01_12_09_05_0061.bmp,0,9,5,0,17,18,12,11,13,11,36
01_12_09_05_0062.bmp,0,9,5,0,17,18,11,11,18,18,13
01_12_09_05_0068.bmp,0,9,5,0,17,11,31,11,11,11,12
01_12_09_05_0072.bmp,0,9,5,0,17,18,18,18,13,18,13
01_12_09_05_0075.bmp,0,9,5,0,17,11,31,28,11,11,13
01_12_09_05_0077.bmp,0,9,5,0,17,13,11,28,7,18,7
01_12_09_05_0078.bmp,0,9,5,0,17,7,11,11,7,11,7
01_12_09_05_0081.bmp,0,9,5,0,17,11,11,18,11,18,7
01_12_09_05_0082.bmp,0,9,5,0,17,11,11,11,11,11,11
01_12_09_05_0085.bmp,0,9,5,0,17,11,11,28,11,7,13
01_12_09_05_0086.bmp,0,9,5,0,17,11,18,11,11,18,7
01_12_09_05_0088.bmp,0,9,5,0,17,11,11,18,11,18,7
01_12_09_05_0092.bmp,0,9,5,0,17,13,13,18,13,18,7
01_12_09_05_0093.bmp,0,9,5,0,17,13,16,18,13,18,7
01_12_09_05_0097.bmp,0,9,5,0,17,13,11,18,7,7,7
01_12_09_05_0098.bmp,0,9,5,0,17,13,11,18,13,13,7
01_12_09_05_0101.bmp,0,9,5,0,17,11,11,13,11,18,13
01_12_09_05_0105.bmp,0,9,5,0,17,13,7,18,7,7,7
01_12_09_05_0107.bmp,0,9,5,0,17,11,11,18,11,7,13
01_12_09_05_0112.bmp,0,9,5,0,17,7,11,28,7,26,7
01_12_09_05_0113.bmp,0,9,5,0,17,7,11,18,7,18,7
01_13_09_05_0002.bmp,1,9,5,0,13,13,13,13,13,13,13
01_13_09_05_0003.bmp,1,9,5,0,13,13,13,12,13,13,13
01_13_09_05_0005.bmp,1,9,5,0,13,13,13,13,13,13,13
01_13_09_05_0006.bmp,0,9,5,0,13,12,12,42,12,13,12
01_13_09_05_0006.bmp,1,9,5,0,13,13,13,13,13,13,13
01_13_09_05_0007.bmp,1,9,5,0,13,13,13,28,13,13,13
01_13_09_05_0010.bmp,1,9,5,0,13,18,13,13,18,13,13
01_13_09_05_0013.bmp,0,9,5,0,13,12,12,11,12,13,12
01_13_09_05_0014.bmp,1,9,5,0,13,13,13,18,13,13,13
01_13_09_05_0016.bmp,1,9,5,0,13,13,13,13,13,13,13
01_13_09_05_0022.bmp,0,9,5,0,13,12,12,11,12,13,12
01_13_09_05_0024.bmp,0,9,5,0,13,12,12,11,12,13,12
01_13_09_05_0024.bmp,1,9,5,0,13,13,13,13,13,13,13
01_13_09_05_0025.bmp,1,9,5,0,13,13,13,13,13,13,13
01_13_09_05_0026.bmp,0,9,5,0,13,12,12,11,12,13,13
01_13_09_05_0028.bmp,1,9,5,0,13,13,13,13,13,13,13
01_13_09_05_0029.bmp,1,9,5,0,13,13,13,13,13,13,13
01_13_09_05_0030.bmp,0,9,5,0,13,12,12,11,12,13,12
01_13_09_05_0031.bmp,1,9,5,0,13,13,13,13,13,13,13
01_13_09_05_0032.bmp,1,9,5,0,13,13,13,13,13,13,13
01_13_09_05_0034.bmp,0,9,5,0,13,12,12,42,12,13,13
01_13_09_05_0035.bmp,1,9,5,0,13,13,13,13,13,13,13
01_13_09_05_0037.bmp,0,9,5,0,13,12,12,42,13,13,13
01_13_09_05_0037.bmp,1,9,5,0,13,13,13,13,13,13,13
01_13_09_05_0038.bmp,0,9,5,0,13,12,12,1,12,13,40
01_13_09_05_0040.bmp,0,9,5,0,13,12,12,11,13,13,13
01_13_09_05_0043.bmp,1,9,5,0,13,13,13,13,13,13,13
01_13_09_05_0045.bmp,1,9,5,0,13,13,13,18,13,13,13
01_13_09_05_0047.bmp,0,9,5,0,13,13,12,40,13,13,40
01_13_09_05_0047.bmp,1,9,5,0,13,13,13,13,13,13,13
01_13_09_05_0048.bmp,0,9,5,0,13,13,12,12,13,13,40
01_13_09_05_0050.bmp,0,9,5,0,13,13,13,13,13,13,13
01_13_09_05_0052.bmp,0,9,5,0,13,12,12,13,13,13,13
01_13_09_05_0053.bmp,0,9,5,0,13,13,13,18,13,18,13
01_13_09_05_0054.bmp,0,9,5,0,13,13,12,13,13,13,13
01_13_09_05_0056.bmp,1,9,5,0,13,13,13,13,13,13,13
01_13_09_05_0058.bmp,0,9,5,0,13,13,12,18,13,13,13
01_13_09_05_0058.bmp,1,9,5,0,13,13,13,24,13,13,13
01_13_09_05_0059.bmp,0,9,5,0,13,13,12,18,13,13,13
01_13_09_05_0059.bmp,1,9,5,0,13,13,13,13,13,13,13
01_13_09_05_0060.bmp,0,9,5,0,13,13,12,13,13,13,13
01_13_09_05_0061.bmp,0,9,5,0,13,13,13,12,13,13,13
01_13_09_05_0061.bmp,1,9,5,0,13,13,13,13,13,13,13
01_13_09_05_0062.bmp,0,9,5,0,13,13,12,13,13,13,13
01_13_09_05_0062.bmp,1,9,5,0,13,13,13,13,13,13,13
01_13_09_05_0065.bmp,1,9,5,0,13,12,31,1,12,12,12
01_13_09_05_0067.bmp,1,9,5,0,13,12,31,12,12,18,12
01_13_09_05_0068.bmp,0,9,5,0,13,13,13,13,13,13,13
01_13_09_05_0068.bmp,1,9,5,0,13,12,31,18,12,35,12
01_13_09_05_0070.bmp,0,9,5,0,13,13,13,13,13,13,13
01_13_09_05_0071.bmp,0,9,5,0,13,13,13,13,13,13,13
01_13_09_05_0073.bmp,0,9,5,0,13,13,12,40,13,13,40
01_13_09_05_0074.bmp,0,9,5,0,13,13,12,18,13,13,13
01_13_09_05_0075.bmp,0,9,5,0,13,13,13,18,13,13,13
01_13_09_05_0078.bmp,1,9,5,0,13,12,31,18,12,32,12
01_13_09_05_0079.bmp,1,9,5,0,13,12,31,18,12,18,12
01_13_09_05_0080.bmp,1,9,5,0,13,12,31,18,12,11,12
01_13_09_05_0082.bmp,1,9,5,0,13,12,31,18,12,32,12
01_13_09_05_0084.bmp,0,9,5,0,13,13,13,18,13,13,13
01_13_09_05_0084.bmp,1,9,5,0,13,12,31,18,12,13,12
01_13_09_05_0085.bmp,0,9,5,0,13,13,13,18,13,13,13
01_13_09_05_0085.bmp,1,9,5,0,13,12,31,11,12,12,12
01_13_09_05_0086.bmp,1,9,5,0,13,12,31,12,12,18,12
01_13_09_05_0088.bmp,1,9,5,0,13,12,12,18,12,18,12
01_13_09_05_0089.bmp,0,9,5,0,13,13,13,13,13,13,13
01_13_09_05_0090.bmp,0,9,5,0,13,13,13,18,13,13,13
01_13_09_05_0090.bmp,1,9,5,0,13,12,31,11,12,32,12
01_13_09_05_0091.bmp,0,9,5,0,13,13,13,18,13,13,13
01_13_09_05_0091.bmp,1,9,5,0,13,12,31,11,12,18,12
01_13_09_05_0093.bmp,1,9,5,0,13,12,31,11,12,18,12
01_13_09_05_0095.bmp,1,9,5,0,13,12,31,11,12,35,12
01_13_09_05_0096.bmp,1,9,5,0,13,12,31,11,12,35,12
01_13_09_05_0097.bmp,1,9,5,0,13,12,12,18,12,11,12
01_13_09_05_0098.bmp,1,9,5,0,13,12,31,18,12,12,12
01_13_09_05_0100.bmp,0,9,5,0,13,13,13,1,18,13,13
01_13_09_05_0101.bmp,1,9,5,0,13,12,31,11,12,18,12
01_13_09_05_0102.bmp,0,9,5,0,13,13,13,11,13,13,13
01_13_09_05_0104.bmp,1,9,5,0,13,12,31,18,12,18,12
01_13_09_05_0105.bmp,0,9,5,0,13,13,13,13,13,13,13
01_13_09_05_0106.bmp,0,9,5,0,13,13,13,1,13,13,13
01_13_09_05_0107.bmp,0,9,5,0,13,13,13,13,13,13,13
01_13_09_05_0110.bmp,1,9,5,0,13,12,12,12,12,18,12
01_13_09_05_0112.bmp,0,9,5,0,13,13,13,25,13,13,40
01_13_09_05_0113.bmp,1,9,5,0,13,12,12,18,18,18,1
01_13_09_05_0115.bmp,1,9,5,0,13,12,12,18,12,18,12
01_13_09_05_0116.bmp,0,9,5,0,13,12,31,11,12,11,12
01_13_09_05_0117.bmp,0,9,5,0,13,12,12,1,13,32,13
01_13_09_05_0117.bmp,1,9,5,0,13,12,12,18,18,18,12
01_13_09_05_0119.bmp,1,9,5,0,13,18,12,18,18,18,12
01_13_09_05_0120.bmp,0,9,5,0,13,12,31,11,12,13,12
01_13_09_05_0120.bmp,1,9,5,0,13,12,12,18,12,35,12
01_13_09_05_0121.bmp,0,9,5,0,13,12,31,11,12,32,12
01_13_09_05_0121.bmp,1,9,5,0,13,12,12,11,12,13,12
01_13_09_05_0122.bmp,1,9,5,0,13,12,12,11,12,13,12
01_13_09_05_0124.bmp,1,9,5,0,13,18,12,18,18,18,18
01_13_09_05_0128.bmp,0,9,5,0,13,13,12,18,13,13,13
01_13_09_05_0129.bmp,1,9,5,0,13,12,12,13,12,13,12
01_13_09_05_0130.bmp,0,9,5,0,13,13,12,28,13,11,13
01_13_09_05_0130.bmp,1,9,5,0,13,18,18,18,18,18,1
01_13_09_05_0131.bmp,0,9,5,0,13,12,12,18,13,13,13
01_13_09_05_0134.bmp,0,9,5,0,13,12,12,18,12,7,12
01_13_09_05_0135.bmp,1,9,5,0,13,12,12,18,12,18,13
01_13_09_05_0137.bmp,0,9,5,0,13,12,12,18,12,18,12
01_13_09_05_0137.bmp,1,9,5,0,13,12,12,28,12,18,12
01_13_09_05_0138.bmp,0,9,5,0,13,13,12,18,13,18,13
01_13_09_05_0139.bmp,0,9,5,0,13,13,12,18,13,13,13
01_13_09_05_0140.bmp,1,9,5,0,13,12,12,18,12,18,12
01_13_09_05_0142.bmp,1,9,5,0,13,18,12,18,18,7,1
01_13_09_05_0143.bmp,1,9,5,0,13,12,12,18,12,18,12
01_13_09_05_0144.bmp,0,9,5,0,13,13,12,18,13,13,13
01_13_09_05_0145.bmp,0,9,5,0,13,13,12,18,13,13,13
01_13_09_05_0145.bmp,1,9,5,0,13,18,11,1,12,18,13
01_13_09_05_0147.bmp,1,9,5,0,13,18,12,18,18,18,12
01_13_09_05_0152.bmp,1,9,5,0,13,12,12,28,18,7,13
01_13_09_05_0153.bmp,1,9,5,0,13,12,12,1,12,13,12
01_13_09_05_0154.bmp,0,9,5,0,13,13,12,13,13,13,13
01_13_09_05_0154.bmp,1,9,5,0,13,12,12,1,12,7,12
01_13_09_05_0155.bmp,0,9,5,0,13,13,13,13,13,13,13
01_13_09_05_0155.bmp,1,9,5,0,13,18,12,28,18,28,12
01_13_09_05_0156.bmp,1,9,5,0,13,12,12,1,12,18,12
01_13_09_05_0158.bmp,1,9,5,0,13,18,18,28,18,18,13
01_13_09_05_0159.bmp,1,9,5,0,13,12,12,12,12,18,12
01_13_09_05_0160.bmp,1,9,5,0,13,18,18,18,18,18,1
01_13_09_05_0161.bmp,0,9,5,0,13,13,13,18,13,24,13
01_13_09_05_0161.bmp,1,9,5,0,13,12,12,40,12,13,12
01_13_09_05_0164.bmp,0,9,5,0,13,13,13,13,13,13,13
01_13_09_05_0165.bmp,1,9,5,0,13,12,12,18,12,18,12
01_13_09_05_0166.bmp,0,9,5,0,13,13,13,18,13,13,13
01_13_09_05_0167.bmp,0,9,5,0,13,13,13,18,13,13,13
01_13_09_05_0167.bmp,1,9,5,0,13,12,12,1,12,7,1
01_13_09_05_0169.bmp,0,9,5,0,13,12,31,11,12,18,12
01_13_09_05_0173.bmp,1,9,5,0,13,18,12,18,18,18,1
01_13_09_05_0175.bmp,1,9,5,0,13,18,18,18,18,18,1
01_13_09_05_0177.bmp,0,9,5,0,13,12,31,11,12,18,12
01_13_09_05_0177.bmp,1,9,5,0,13,12,12,12,12,13,12
01_13_09_05_0180.bmp,0,9,5,0,13,12,31,42,12,12,12
01_13_09_05_0181.bmp,1,9,5,0,13,12,12,12,12,13,12
01_13_09_05_0186.bmp,1,9,5,0,13,12,12,12,12,13,12
01_13_09_05_0187.bmp,0,9,5,0,13,12,31,11,12,13,19
01_13_09_05_0191.bmp,0,9,5,0,13,12,31,42,12,13,12
01_13_09_05_0192.bmp,1,9,5,0,13,12,12,13,12,13,40
01_13_09_05_0194.bmp,0,9,5,0,13,12,31,11,18,35,12
01_13_09_05_0198.bmp,0,9,5,0,13,12,31,18,12,18,13
01_13_09_05_0198.bmp,1,9,5,0,13,12,12,18,12,18,12
01_13_09_05_0200.bmp,0,9,5,0,13,12,31,42,12,13,13
01_13_09_05_0200.bmp,1,9,5,0,13,12,12,18,12,18,12
01_13_09_05_0203.bmp,1,9,5,0,13,12,12,13,12,13,12
01_13_09_05_0204.bmp,1,9,5,0,13,12,12,18,12,24,1
01_13_09_05_0205.bmp,1,9,5,0,13,12,12,18,12,18,12
01_13_09_05_0206.bmp,0,9,5,0,13,12,31,1,12,12,12
01_13_09_05_0209.bmp,0,9,5,0,13,12,12,18,12,35,13
01_13_09_05_0211.bmp,1,9,5,0,13,12,12,18,12,18,12
01_13_09_05_0212.bmp,0,9,5,0,13,12,31,1,12,12,12
01_13_09_05_0213.bmp,0,9,5,0,13,12,12,42,12,35,12
01_13_09_05_0213.bmp,1,9,5,0,13,12,12,18,12,13,12
01_13_09_05_0215.bmp,1,9,5,0,13,18,12,28,18,13,12
01_13_09_05_0216.bmp,0,9,5,0,13,12,12,18,12,13,12
01_13_09_05_0219.bmp,0,9,5,0,13,12,12,28,13,13,13
01_13_09_05_0219.bmp,1,9,5,0,13,12,12,1,12,13,12
01_13_09_05_0222.bmp,0,9,5,0,13,13,12,18,13,13,13
01_13_09_05_0223.bmp,0,9,5,0,13,13,18,18,13,13,13
01_13_09_05_0223.bmp,1,9,5,0,13,12,12,18,12,18,12
01_13_09_05_0224.bmp,0,9,5,0,13,13,12,18,13,13,13
01_13_09_05_0225.bmp,0,9,5,0,13,13,12,18,13,13,13
01_13_09_05_0227.bmp,0,9,5,0,13,13,12,13,13,13,13
01_13_09_05_0227.bmp,1,9,5,0,13,12,12,12,12,18,12
01_13_09_05_0229.bmp,0,9,5,0,13,13,18,18,12,1,13
01_13_09_05_0231.bmp,1,9,5,0,13,12,12,18,12,18,40
01_13_09_05_0233.bmp,0,9,5,0,13,13,12,18,13,13,13
01_13_09_05_0239.bmp,0,9,5,0,13,13,18,1,13,13,13
01_13_09_05_0239.bmp,1,9,5,0,13,18,12,18,12,18,12
01_13_09_05_0240.bmp,1,9,5,0,13,13,12,28,13,13,12
01_13_09_05_0241.bmp,0,9,5,0,13,13,13,13,13,13,13
01_13_09_05_0244.bmp,0,9,5,0,13,18,18,28,18,13,13
01_13_09_05_0244.bmp,1,9,5,0,13,12,12,13,12,13,12
01_13_09_05_0245.bmp,0,9,5,0,13,13,18,13,13,13,13
01_13_09_05_0248.bmp,0,9,5,0,13,13,13,13,13,13,13
01_13_09_05_0248.bmp,1,9,5,0,13,18,12,18,18,18,1
01_13_09_05_0249.bmp,1,9,5,0,13,13,12,13,13,13,13
01_13_09_05_0250.bmp,1,9,5,0,13,12,12,13,12,13,12
01_13_09_05_0251.bmp,1,9,5,0,13,12,12,1,12,1,1
01_13_09_05_0252.bmp,0,9,5,0,13,13,13,13,13,13,13
01_13_09_05_0253.bmp,0,9,5,0,13,13,13,13,13,13,13
01_13_09_05_0255.bmp,1,9,5,0,13,18,12,18,18,18,1
01_13_09_05_0256.bmp,0,9,5,0,13,13,13,1,13,13,13
01_13_09_05_0257.bmp,0,9,5,0,13,13,13,1,13,13,13
01_13_09_05_0257.bmp,1,9,5,0,13,12,12,18,12,18,12
01_13_09_05_0260.bmp,1,9,5,0,13,12,12,13,12,13,13
01_13_09_05_0261.bmp,0,9,5,0,13,13,13,13,13,13,13
01_13_09_05_0262.bmp,1,9,5,0,13,12,11,18,12,18,12
01_13_09_05_0263.bmp,1,9,5,0,13,12,12,13,12,13,12
01_13_09_05_0266.bmp,1,9,5,0,13,12,12,13,12,24,12
01_13_09_05_0267.bmp,1,9,5,0,13,18,12,28,12,13,12
01_13_09_05_0268.bmp,0,9,5,0,13,13,18,13,13,13,13
01_13_09_05_0268.bmp,1,9,5,0,13,12,12,18,12,13,12
01_13_09_05_0269.bmp,0,9,5,0,13,13,18,13,13,13,13
01_13_09_05_0272.bmp,0,9,5,0,13,12,12,13,12,13,12
01_13_09_05_0276.bmp,0,9,5,0,13,12,12,11,12,13,12
01_13_09_05_0277.bmp,0,9,5,0,13,18,12,18,12,13,1
01_13_09_05_0279.bmp,0,9,5,0,13,12,12,28,12,13,12
01_13_09_05_0281.bmp,0,9,5,0,13,12,12,18,12,18,1
01_13_09_05_0285.bmp,0,9,5,0,13,18,11,18,18,13,1
01_13_09_05_0286.bmp,0,9,5,0,13,18,12,13,18,13,12
01_13_09_05_0287.bmp,0,9,5,0,13,13,12,28,13,13,13
01_13_09_05_0291.bmp,0,9,5,0,13,12,12,1,12,18,12
01_13_09_05_0293.bmp,0,9,5,0,13,12,12,18,12,13,12
01_13_09_05_0294.bmp,0,9,5,0,13,12,12,1,12,18,13
01_13_09_05_0295.bmp,0,9,5,0,13,18,12,13,18,13,13
01_13_09_05_0296.bmp,0,9,5,0,13,12,12,18,18,18,12
01_13_09_05_0297.bmp,0,9,5,0,13,12,12,12,12,13,12
01_13_09_05_0302.bmp,0,9,5,0,13,18,18,18,18,13,1
01_13_09_05_0304.bmp,0,9,5,0,13,12,12,28,12,13,12
01_13_09_05_0305.bmp,0,9,5,0,13,12,12,18,12,13,12
01_13_09_05_0306.bmp,0,9,5,0,13,12,12,18,12,18,12
01_13_09_05_0310.bmp,0,9,5,0,13,18,12,18,18,18,1
01_13_09_05_0311.bmp,0,9,5,0,13,12,12,28,12,18,12
01_13_09_05_0312.bmp,0,9,5,0,13,12,12,12,12,18,12
01_13_09_05_0313.bmp,0,9,5,0,13,12,12,18,18,18,1
01_13_09_05_0317.bmp,0,9,5,0,13,12,12,28,1,18,13
01_13_09_05_0322.bmp,0,9,5,0,13,12,12,18,12,1,1
01_13_09_05_0326.bmp,0,9,5,0,13,13,12,28,18,13,40
01_13_09_05_0328.bmp,0,9,5,0,13,12,12,28,12,13,12
01_13_09_05_0330.bmp,0,9,5,0,13,12,12,12,12,13,40
01_13_09_05_0337.bmp,0,9,5,0,13,25,11,28,12,13,12
01_13_09_05_0338.bmp,0,9,5,0,13,13,11,28,13,13,13
01_13_09_05_0339.bmp,0,9,5,0,13,12,11,13,12,13,40
01_13_09_05_0343.bmp,0,9,5,0,13,18,11,28,12,13,40
01_13_09_05_0349.bmp,0,9,5,0,13,25,25,13,13,13,40
01_13_09_05_0351.bmp,0,9,5,0,13,13,25,25,13,13,40
01_13_09_05_0353.bmp,0,9,5,0,13,13,12,13,13,13,40
01_13_09_05_0355.bmp,0,9,5,0,13,12,12,25,12,40,40
01_13_09_05_0358.bmp,0,9,5,0,13,13,13,1,13,7,1
01_13_09_05_0362.bmp,0,9,5,0,13,13,13,18,13,13,13
01_13_09_05_0364.bmp,0,9,5,0,13,13,13,24,13,13,13
01_13_09_05_0367.bmp,0,9,5,0,13,13,13,13,13,13,13
01_13_09_05_0368.bmp,0,9,5,0,13,13,13,18,13,18,13
01_13_09_05_0371.bmp,0,9,5,0,13,13,13,18,13,13,13
01_13_09_05_0373.bmp,0,9,5,0,13,13,13,18,13,24,13
01_13_09_05_0376.bmp,0,9,5,0,13,13,13,24,13,7,13
01_13_09_05_0386.bmp,0,9,5,0,13,12,31,11,12,13,12
01_13_09_05_0388.bmp,0,9,5,0,13,12,31,11,12,10,12
01_13_09_05_0391.bmp,0,9,5,0,13,12,12,11,12,12,12
01_13_09_05_0393.bmp,0,9,5,0,13,12,31,11,12,13,12
01_13_09_05_0394.bmp,0,9,5,0,13,12,31,42,12,16,12
01_13_09_05_0409.bmp,0,9,5,0,13,12,31,42,12,13,12
01_13_09_05_0410.bmp,0,9,5,0,13,12,31,11,12,32,12
01_13_09_05_0412.bmp,0,9,5,0,13,12,31,11,12,13,12
01_13_09_05_0415.bmp,0,9,5,0,13,12,12,42,12,13,13
01_13_09_05_0422.bmp,0,9,5,0,13,12,12,11,12,13,12
01_13_09_05_0425.bmp,0,9,5,0,13,12,31,11,12,13,12
01_13_09_05_0426.bmp,0,9,5,0,13,12,31,11,13,13,13
01_13_09_05_0427.bmp,0,9,5,0,13,12,31,42,12,13,13
01_13_09_05_0431.bmp,0,9,5,0,13,12,31,11,12,13,12
01_13_09_05_0434.bmp,0,9,5,0,13,13,12,12,13,13,13
01_13_09_05_0441.bmp,0,9,5,0,13,12,31,11,13,13,13
01_13_09_05_0442.bmp,0,9,5,0,13,13,12,11,35,35,13
01_13_09_05_0446.bmp,0,9,5,0,13,13,12,18,13,13,13
01_13_09_05_0449.bmp,0,9,5,0,13,12,12,11,12,13,13
01_13_09_05_0452.bmp,0,9,5,0,13,12,12,13,12,35,13
01_13_09_05_0454.bmp,0,9,5,0,13,12,12,28,13,13,13
01_13_09_05_0455.bmp,0,9,5,0,13,13,12,13,13,13,13
01_13_09_05_0458.bmp,0,9,5,0,13,12,12,11,12,13,13
01_13_09_05_0462.bmp,0,9,5,0,13,12,12,11,13,13,40
01_13_09_05_0463.bmp,0,9,5,0,13,13,13,13,13,13,13
01_13_09_05_0465.bmp,0,9,5,0,13,13,12,11,13,40,13
01_13_09_05_0469.bmp,0,9,5,0,13,13,13,18,13,13,13
01_13_09_05_0470.bmp,0,9,5,0,13,12,12,1,12,18,12
01_13_09_05_0473.bmp,0,9,5,0,13,13,13,18,13,18,13
01_13_09_05_0474.bmp,0,9,5,0,13,13,12,18,13,18,13
01_13_09_05_0476.bmp,0,9,5,0,13,13,13,28,13,13,13
01_13_09_05_0477.bmp,0,9,5,0,13,13,12,18,12,13,13
01_13_09_05_0478.bmp,0,9,5,0,13,13,12,18,12,13,13
01_13_09_05_0481.bmp,0,9,5,0,13,13,13,1,13,13,13
01_13_09_05_0483.bmp,0,9,5,0,13,13,12,18,13,13,13
01_13_09_05_0486.bmp,0,9,5,0,13,13,12,18,13,13,13
01_13_09_05_0487.bmp,0,9,5,0,13,13,12,40,12,13,12
01_13_09_05_0492.bmp,0,9,5,0,13,13,12,13,13,24,13
01_13_09_05_0498.bmp,0,9,5,0,13,13,18,18,13,13,13
01_13_09_05_0505.bmp,0,9,5,0,13,13,13,1,13,13,13
01_13_09_05_0507.bmp,0,9,5,0,13,13,13,18,13,13,13
01_13_09_05_0509.bmp,0,9,5,0,13,13,13,18,13,13,13
01_13_09_05_0516.bmp,0,9,5,0,13,12,31,42,12,32,12
01_13_09_05_0517.bmp,0,9,5,0,13,12,31,42,12,13,12
01_13_09_05_0518.bmp,0,9,5,0,13,12,31,11,12,12,12
01_13_09_05_0522.bmp,0,9,5,0,13,12,31,11,12,13,12
01_13_09_05_0523.bmp,0,9,5,0,13,12,12,18,12,18,13
01_13_09_05_0524.bmp,0,9,5,0,13,12,31,42,12,35,12
01_13_09_05_0525.bmp,0,9,5,0,13,12,31,18,12,13,12
01_13_09_05_0527.bmp,0,9,5,0,13,12,31,13,12,0,12
01_13_09_05_0528.bmp,0,9,5,0,13,12,31,13,12,35,12
01_13_09_05_0529.bmp,0,9,5,0,13,12,12,12,12,1,12
01_13_09_05_0531.bmp,0,9,5,0,13,12,12,11,12,13,12
01_13_09_05_0532.bmp,0,9,5,0,13,12,31,12,12,32,12
01_13_09_05_0535.bmp,0,9,5,0,13,12,12,18,12,18,12
01_13_09_05_0537.bmp,0,9,5,0,13,12,12,18,12,12,12
01_13_09_05_0539.bmp,0,9,5,0,13,12,31,11,12,13,12
01_13_09_05_0540.bmp,0,9,5,0,13,12,31,11,12,32,19
01_13_09_05_0542.bmp,0,9,5,0,13,12,31,11,12,32,12
01_13_09_05_0544.bmp,0,9,5,0,13,12,31,11,12,11,13
01_13_09_05_0551.bmp,0,9,5,0,13,12,12,11,12,18,12
01_13_09_05_0552.bmp,0,9,5,0,13,12,31,12,12,32,12
01_13_09_05_0553.bmp,0,9,5,0,13,12,12,12,12,13,12
01_13_09_05_0556.bmp,0,9,5,0,13,12,31,11,12,13,13
01_13_09_05_0559.bmp,0,9,5,0,13,18,12,18,18,18,12
01_13_09_05_0561.bmp,0,9,5,0,13,12,31,18,12,18,12
01_13_09_05_0562.bmp,0,9,5,0,13,12,31,11,12,18,12
01_13_09_05_0563.bmp,0,9,5,0,13,12,12,18,12,12,12
01_13_09_05_0569.bmp,0,9,5,0,13,12,12,18,12,18,12
01_13_09_05_0571.bmp,0,9,5,0,13,12,12,18,12,13,12
01_13_09_05_0572.bmp,0,9,5,0,13,12,31,11,12,18,13
01_13_09_05_0574.bmp,0,9,5,0,13,12,31,13,12,13,13
01_13_09_05_0580.bmp,0,9,5,0,13,12,31,11,12,13,12
01_13_09_05_0583.bmp,0,9,5,0,13,12,12,18,12,18,12
01_13_09_05_0584.bmp,0,9,5,0,13,12,31,11,12,13,13
01_13_09_05_0585.bmp,0,9,5,0,13,12,12,18,12,18,12
01_13_09_05_0587.bmp,0,9,5,0,13,12,12,18,18,18,12
01_13_09_05_0589.bmp,0,9,5,0,13,13,18,18,18,18,13
01_13_09_05_0590.bmp,0,9,5,0,13,12,31,12,13,13,13
01_13_09_05_0592.bmp,0,9,5,0,13,12,31,11,13,18,13
01_13_09_05_0593.bmp,0,9,5,0,13,12,12,18,12,18,12
01_13_09_05_0594.bmp,0,9,5,0,13,12,31,18,35,35,35
01_13_09_05_0597.bmp,0,9,5,0,13,18,12,18,18,18,12
01_13_09_05_0600.bmp,0,9,5,0,13,18,18,18,18,18,12
01_13_09_05_0601.bmp,0,9,5,0,13,18,18,18,18,18,13
01_13_09_05_0604.bmp,0,9,5,0,13,12,12,18,18,18,12
01_13_09_05_0608.bmp,0,9,5,0,13,12,12,18,18,18,12
01_13_09_05_0613.bmp,0,9,5,0,13,12,12,18,12,18,12
01_13_09_05_0616.bmp,0,9,5,0,13,13,12,11,13,13,13
01_13_09_05_0617.bmp,0,9,5,0,13,12,12,13,12,13,12
01_13_09_05_0618.bmp,0,9,5,0,13,12,12,11,12,13,12
01_13_09_05_0626.bmp,0,9,5,0,13,12,12,11,12,13,12
01_03_12_03_0001.bmp,0,12,3,4,9,13,31,0,13,13,13
01_03_12_03_0002.bmp,0,12,3,4,9,13,31,6,13,13,13
01_03_12_03_0003.bmp,0,12,3,4,9,13,32,41,13,13,13
01_03_12_03_0011.bmp,0,12,3,4,9,13,16,41,13,40,13
01_03_12_03_0012.bmp,0,12,3,4,9,13,16,25,13,13,16
01_03_12_03_0015.bmp,0,12,3,4,9,13,13,41,13,41,13
01_03_12_03_0018.bmp,0,12,3,4,9,13,13,41,13,41,13
01_03_12_03_0021.bmp,0,12,3,4,9,13,13,25,13,13,13
01_03_12_03_0022.bmp,0,12,3,4,9,13,13,41,13,41,13
01_03_12_03_0024.bmp,0,12,3,4,9,13,13,2,13,13,13
01_03_12_03_0026.bmp,0,12,3,4,9,13,13,2,13,13,13
01_03_12_03_0029.bmp,0,12,3,4,9,13,13,23,13,16,13
01_03_12_03_0030.bmp,0,12,3,4,9,13,13,41,13,13,13
01_03_12_03_0031.bmp,0,12,3,4,9,13,13,23,13,13,13
01_03_12_03_0037.bmp,0,12,3,4,9,13,13,2,13,13,13
01_03_12_03_0039.bmp,0,12,3,4,9,13,13,23,13,40,13
01_03_12_03_0044.bmp,0,12,3,4,9,13,13,25,13,13,13
01_03_12_03_0046.bmp,0,12,3,4,9,13,13,23,13,13,13
01_03_12_03_0048.bmp,0,12,3,4,9,13,13,23,13,13,13
01_03_12_03_0049.bmp,0,12,3,4,9,13,13,9,13,40,13
01_03_12_03_0052.bmp,0,12,3,4,9,13,13,13,13,13,13
01_03_12_03_0054.bmp,0,12,3,4,9,13,13,25,13,13,13
01_03_12_03_0058.bmp,0,12,3,4,9,13,13,2,13,13,13
01_03_12_03_0061.bmp,0,12,3,4,9,13,13,9,13,41,13
01_03_12_03_0062.bmp,0,12,3,4,9,13,13,25,13,41,13
01_03_12_03_0067.bmp,0,12,3,4,9,13,13,9,13,41,13
01_03_12_03_0070.bmp,0,12,3,4,9,13,13,13,13,14,13
01_03_12_03_0078.bmp,0,12,3,4,9,13,13,41,13,9,13
01_03_12_03_0079.bmp,0,12,3,4,9,13,13,2,9,9,13
01_03_12_03_0081.bmp,0,12,3,4,9,13,13,13,13,14,13
01_03_12_03_0083.bmp,0,12,3,4,9,13,13,23,9,14,13
01_03_12_03_0084.bmp,0,12,3,4,9,13,13,41,9,9,13
01_06_12_03_0001.bmp,1,12,3,4,14,36,32,12,25,14,25
01_06_12_03_0002.bmp,0,12,3,4,14,25,13,25,13,25,13
01_06_12_03_0002.bmp,1,12,3,4,14,36,36,0,36,40,13
01_06_12_03_0004.bmp,0,12,3,4,14,25,32,25,25,25,25
01_06_12_03_0005.bmp,1,12,3,4,14,36,36,25,36,13,13
01_06_12_03_0007.bmp,0,12,3,4,14,25,25,25,25,14,25
01_06_12_03_0007.bmp,1,12,3,4,14,25,11,12,25,14,25
01_06_12_03_0008.bmp,1,12,3,4,14,36,32,23,25,14,36
01_06_12_03_0010.bmp,0,12,3,4,14,25,25,25,25,14,25
01_06_12_03_0013.bmp,1,12,3,4,14,25,11,25,25,4,25
01_06_12_03_0014.bmp,0,12,3,4,14,25,25,25,25,14,25
01_06_12_03_0016.bmp,1,12,3,4,14,25,11,24,25,14,25
01_06_12_03_0020.bmp,0,12,3,4,14,25,25,2,25,14,25
01_06_12_03_0021.bmp,0,12,3,4,14,25,25,24,25,14,25
01_06_12_03_0022.bmp,0,12,3,4,14,25,25,2,25,14,25
01_06_12_03_0022.bmp,1,12,3,4,14,25,11,11,25,24,25
01_06_12_03_0023.bmp,0,12,3,4,14,25,25,25,25,14,25
01_06_12_03_0023.bmp,1,12,3,4,14,13,13,11,25,14,13
01_06_12_03_0024.bmp,0,12,3,4,14,25,25,25,25,14,25
01_06_12_03_0024.bmp,1,12,3,4,14,25,11,11,25,14,25
01_06_12_03_0025.bmp,0,12,3,4,14,25,25,2,25,14,25
01_06_12_03_0025.bmp,1,12,3,4,14,25,11,11,25,25,25
01_06_12_03_0026.bmp,0,12,3,4,14,25,25,2,25,14,25
01_06_12_03_0026.bmp,1,12,3,4,14,25,11,11,25,14,25
01_06_12_03_0027.bmp,1,12,3,4,14,25,11,11,25,13,25
01_06_12_03_0028.bmp,1,12,3,4,14,25,11,25,25,14,25
01_06_12_03_0029.bmp,1,12,3,4,14,25,11,0,25,14,25
01_06_12_03_0030.bmp,0,12,3,4,14,25,25,24,25,14,25
01_06_12_03_0031.bmp,1,12,3,4,14,12,36,0,12,13,12
01_06_12_03_0032.bmp,0,12,3,4,14,25,25,2,25,14,25
01_06_12_03_0032.bmp,1,12,3,4,14,31,36,6,12,12,12
01_06_12_03_0033.bmp,1,12,3,4,14,36,36,42,12,13,12
01_06_12_03_0034.bmp,0,12,3,4,14,25,25,2,25,14,25
01_06_12_03_0034.bmp,1,12,3,4,14,36,36,0,12,25,36
01_06_12_03_0036.bmp,1,12,3,4,14,31,36,6,12,12,36
01_06_12_03_0037.bmp,0,12,3,4,14,25,25,25,25,14,25
01_06_12_03_0037.bmp,1,12,3,4,14,12,36,0,12,4,36
01_06_12_03_0044.bmp,0,12,3,4,14,10,1,0,10,17,1
01_06_12_03_0045.bmp,0,12,3,4,14,31,36,23,12,12,31
01_06_12_03_0051.bmp,0,12,3,4,14,32,32,23,25,14,13
01_06_12_03_0052.bmp,0,12,3,4,14,32,32,25,13,14,13
01_06_12_03_0056.bmp,0,12,3,4,14,13,32,23,25,14,32
01_06_12_03_0057.bmp,0,12,3,4,14,13,32,23,25,14,36
01_06_12_03_0058.bmp,0,12,3,4,14,13,32,25,25,14,13
01_06_12_03_0059.bmp,0,12,3,4,14,13,32,2,25,14,25
01_06_12_03_0064.bmp,0,12,3,4,14,13,32,23,25,14,32
01_06_12_03_0067.bmp,0,12,3,4,14,25,32,25,25,14,32
01_06_12_03_0069.bmp,0,12,3,4,14,25,32,25,25,14,32
01_06_12_03_0070.bmp,0,12,3,4,14,25,32,25,25,14,32
01_06_12_03_0075.bmp,0,12,3,4,14,25,32,24,25,14,25
01_06_12_03_0085.bmp,0,12,3,4,14,2,1,0,1,14,1
01_06_12_03_0086.bmp,0,12,3,4,14,16,16,16,16,17,16
01_11_12_03_0001.bmp,0,12,3,4,12,31,31,0,13,13,31
01_11_12_03_0002.bmp,0,12,3,4,12,36,31,1,36,12,13
01_11_12_03_0003.bmp,0,12,3,4,12,31,31,0,12,13,12
01_11_12_03_0005.bmp,0,12,3,4,12,31,31,1,31,13,13
01_11_12_03_0006.bmp,0,12,3,4,12,31,31,1,12,12,12
01_11_12_03_0013.bmp,0,12,3,4,12,32,31,1,11,7,32
01_11_12_03_0014.bmp,0,12,3,4,12,36,31,0,13,35,36
01_11_12_03_0015.bmp,0,12,3,4,12,12,11,42,13,13,13
01_11_12_03_0016.bmp,0,12,3,4,12,11,11,11,13,26,13
01_11_12_03_0019.bmp,0,12,3,4,12,11,11,20,11,40,18
01_11_12_03_0020.bmp,0,12,3,4,12,11,11,6,11,13,13
01_11_12_03_0021.bmp,0,12,3,4,12,11,32,11,11,1,11
01_11_12_03_0024.bmp,0,12,3,4,12,13,13,42,13,26,13
01_11_12_03_0026.bmp,0,12,3,4,12,32,31,11,32,26,32
01_11_12_03_0027.bmp,0,12,3,4,12,32,11,11,11,35,1
01_11_12_03_0028.bmp,0,12,3,4,12,12,31,20,12,7,13
01_11_12_03_0031.bmp,0,12,3,4,12,13,13,11,13,18,13
01_11_12_03_0033.bmp,0,12,3,4,12,13,11,11,13,32,13
01_11_12_03_0035.bmp,0,12,3,4,12,13,11,11,13,17,13
01_11_12_03_0036.bmp,0,12,3,4,12,13,13,11,13,1,13
01_11_12_03_0042.bmp,0,12,3,4,12,13,13,18,13,1,1
01_11_12_03_0046.bmp,0,12,3,4,12,25,11,11,1,1,1
01_11_12_03_0056.bmp,0,12,3,4,12,13,13,11,1,1,13
01_11_12_03_0061.bmp,0,12,3,4,12,13,13,18,1,1,13
01_11_12_03_0064.bmp,0,12,3,4,12,13,13,18,1,1,13
01_11_12_03_0065.bmp,0,12,3,4,12,13,13,11,13,1,13
01_11_12_03_0066.bmp,0,12,3,4,12,13,13,18,25,37,1
01_11_12_03_0067.bmp,0,12,3,4,12,25,13,25,25,26,13
01_11_12_03_0072.bmp,0,12,3,4,12,13,1,11,13,1,25
01_11_12_03_0075.bmp,0,12,3,4,12,25,25,18,25,26,25
01_12_12_03_0003.bmp,0,12,3,4,17,16,17,19,9,26,16
01_12_12_03_0004.bmp,0,12,3,4,17,9,17,41,9,13,16
01_12_12_03_0004.bmp,1,12,3,4,17,31,31,42,31,14,31
01_12_12_03_0005.bmp,0,12,3,4,17,13,17,23,17,17,17
01_12_12_03_0005.bmp,1,12,3,4,17,31,31,12,31,12,29
01_12_12_03_0006.bmp,1,12,3,4,17,31,31,11,31,18,31
01_12_12_03_0009.bmp,1,12,3,4,17,31,31,12,31,23,32
01_12_12_03_0013.bmp,0,12,3,4,17,17,10,23,17,13,17
01_12_12_03_0014.bmp,0,12,3,4,17,17,10,41,17,17,17
01_12_12_03_0017.bmp,1,12,3,4,17,31,36,12,36,25,31
01_12_12_03_0020.bmp,0,12,3,4,17,17,17,0,17,17,17
01_12_12_03_0020.bmp,1,12,3,4,17,36,36,25,36,14,36
01_12_12_03_0022.bmp,0,12,3,4,17,17,17,25,17,18,17
01_12_12_03_0023.bmp,1,12,3,4,17,36,36,12,36,14,31
01_12_12_03_0027.bmp,0,12,3,4,17,17,17,0,16,13,17
01_12_12_03_0028.bmp,0,12,3,4,17,12,31,25,12,26,31
01_12_12_03_0029.bmp,0,12,3,4,17,12,31,25,12,26,31
01_12_12_03_0030.bmp,0,12,3,4,17,12,31,25,12,14,31
01_12_12_03_0032.bmp,1,12,3,4,17,36,36,25,36,13,31
01_12_12_03_0033.bmp,1,12,3,4,17,36,36,1,12,14,31
01_12_12_03_0034.bmp,1,12,3,4,17,31,31,25,12,7,36
01_12_12_03_0035.bmp,1,12,3,4,17,31,31,11,36,14,36
01_12_12_03_0036.bmp,0,12,3,4,17,13,17,9,13,17,17
01_12_12_03_0036.bmp,1,12,3,4,17,36,36,12,31,13,36
01_12_12_03_0037.bmp,1,12,3,4,17,31,36,11,31,9,31
01_12_12_03_0041.bmp,0,12,3,4,17,13,19,9,36,14,36
01_12_12_03_0042.bmp,0,12,3,4,17,13,11,13,36,14,36
01_12_12_03_0042.bmp,1,12,3,4,17,36,36,25,36,26,36
01_12_12_03_0047.bmp,0,12,3,4,17,36,36,12,36,25,36
01_12_12_03_0048.bmp,0,12,3,4,17,36,36,12,36,13,36
01_12_12_03_0049.bmp,0,12,3,4,17,36,31,12,36,13,15
01_12_12_03_0054.bmp,0,12,3,4,17,36,31,12,36,13,17
01_12_12_03_0055.bmp,0,12,3,4,17,36,36,11,36,17,17
01_12_12_03_0056.bmp,0,12,3,4,17,31,32,0,17,17,17
01_12_12_03_0066.bmp,0,12,3,4,17,13,11,12,13,17,41
01_12_12_03_0068.bmp,0,12,3,4,17,17,11,25,17,17,17
01_12_12_03_0079.bmp,0,12,3,4,17,25,11,25,17,26,17
01_12_12_03_0080.bmp,0,12,3,4,17,25,11,25,17,18,17
01_12_12_03_0081.bmp,0,12,3,4,17,17,11,25,17,17,17
01_12_12_03_0087.bmp,0,12,3,4,17,17,11,23,17,17,17
01_12_12_03_0089.bmp,0,12,3,4,17,9,11,23,9,17,9
01_12_12_03_0090.bmp,0,12,3,4,17,9,17,23,9,26,17
01_12_12_03_0091.bmp,0,12,3,4,17,13,11,25,9,26,9
01_12_12_03_0095.bmp,0,12,3,4,17,9,11,23,9,26,9
01_12_12_03_0096.bmp,0,12,3,4,17,13,11,13,9,26,9
01_12_12_03_0104.bmp,0,12,3,4,17,17,17,23,17,17,17
01_12_12_03_0108.bmp,0,12,3,4,17,25,10,25,17,17,17
01_12_12_03_0113.bmp,0,12,3,4,17,17,10,23,17,17,17
01_13_12_03_0001.bmp,0,12,3,4,13,12,12,25,12,13,13
01_13_12_03_0003.bmp,0,12,3,4,13,32,31,42,13,13,13
01_13_12_03_0004.bmp,0,12,3,4,13,32,31,12,13,35,13
01_13_12_03_0006.bmp,0,12,3,4,13,12,12,12,12,35,13
01_13_12_03_0007.bmp,1,12,3,4,13,13,11,20,13,13,13
01_13_12_03_0008.bmp,1,12,3,4,13,13,13,13,13,13,13
01_13_12_03_0009.bmp,0,12,3,4,13,12,31,12,12,13,13
01_13_12_03_0009.bmp,1,12,3,4,13,13,13,13,13,13,13
01_13_12_03_0010.bmp,0,12,3,4,13,13,31,12,13,13,13
01_13_12_03_0010.bmp,1,12,3,4,13,13,13,13,13,13,13
01_13_12_03_0011.bmp,0,12,3,4,13,12,31,42,13,13,13
01_13_12_03_0012.bmp,0,12,3,4,13,13,31,12,13,12,13
01_13_12_03_0014.bmp,0,12,3,4,13,31,31,12,13,13,13
01_13_12_03_0014.bmp,1,12,3,4,13,13,13,2,13,13,13
01_13_12_03_0017.bmp,0,12,3,4,13,38,31,12,13,13,13
01_13_12_03_0018.bmp,1,12,3,4,13,13,13,13,13,13,13
01_13_12_03_0019.bmp,0,12,3,4,13,32,31,42,13,13,13
01_13_12_03_0020.bmp,0,12,3,4,13,38,31,25,13,13,13
01_13_12_03_0023.bmp,0,12,3,4,13,31,31,25,13,13,13
01_13_12_03_0025.bmp,0,12,3,4,13,38,31,1,13,13,13
01_13_12_03_0027.bmp,0,12,3,4,13,38,31,25,13,40,13
01_13_12_03_0027.bmp,1,12,3,4,13,13,13,13,13,13,13
01_13_12_03_0028.bmp,0,12,3,4,13,13,31,25,13,40,13
01_13_12_03_0029.bmp,0,12,3,4,13,13,31,12,13,13,13
01_13_12_03_0029.bmp,1,12,3,4,13,13,13,13,13,13,13
01_13_12_03_0031.bmp,1,12,3,4,13,13,13,13,13,13,13
01_13_12_03_0032.bmp,1,12,3,4,13,13,13,13,13,13,13
01_13_12_03_0037.bmp,1,12,3,4,13,13,13,13,13,13,13
01_13_12_03_0040.bmp,1,12,3,4,13,13,13,13,13,13,13
01_13_12_03_0042.bmp,0,12,3,4,13,13,13,11,13,13,13
01_13_12_03_0043.bmp,1,12,3,4,13,13,13,13,13,13,13
01_13_12_03_0044.bmp,1,12,3,4,13,13,13,13,13,13,13
01_13_12_03_0045.bmp,1,12,3,4,13,13,13,13,13,13,13
01_13_12_03_0046.bmp,0,12,3,4,13,13,13,25,13,13,13
01_13_12_03_0046.bmp,1,12,3,4,13,13,13,13,13,13,13
01_13_12_03_0047.bmp,0,12,3,4,13,13,13,13,13,13,13
01_13_12_03_0047.bmp,1,12,3,4,13,13,13,13,13,13,13
01_13_12_03_0048.bmp,0,12,3,4,13,13,13,13,13,13,13
01_13_12_03_0049.bmp,0,12,3,4,13,13,13,12,13,13,13
01_13_12_03_0050.bmp,1,12,3,4,13,13,13,13,13,13,13
01_13_12_03_0051.bmp,0,12,3,4,13,13,13,25,13,13,13
01_13_12_03_0051.bmp,1,12,3,4,13,13,13,13,13,13,13
01_13_12_03_0054.bmp,0,12,3,4,13,13,13,20,13,13,13
01_13_12_03_0056.bmp,0,12,3,4,13,13,13,13,13,13,13
01_13_12_03_0059.bmp,0,12,3,4,13,13,13,13,13,13,13
01_13_12_03_0061.bmp,1,12,3,4,13,13,13,13,13,13,13
01_13_12_03_0063.bmp,0,12,3,4,13,13,13,13,13,13,13
01_13_12_03_0064.bmp,0,12,3,4,13,13,13,13,13,13,13
01_13_12_03_0065.bmp,0,12,3,4,13,13,13,13,13,13,13
01_13_12_03_0065.bmp,1,12,3,4,13,31,31,12,31,40,13
01_13_12_03_0066.bmp,1,12,3,4,13,31,31,12,12,12,31
01_13_12_03_0068.bmp,0,12,3,4,13,13,13,13,13,13,13
01_13_12_03_0069.bmp,0,12,3,4,13,13,13,13,13,13,13
01_13_12_03_0070.bmp,0,12,3,4,13,13,13,13,13,13,13
01_13_12_03_0070.bmp,1,12,3,4,13,31,31,25,31,13,13
01_13_12_03_0071.bmp,1,12,3,4,13,31,31,12,31,13,31
01_13_12_03_0072.bmp,0,12,3,4,13,13,13,13,13,13,13
01_13_12_03_0073.bmp,0,12,3,4,13,13,13,13,13,13,13
01_13_12_03_0073.bmp,1,12,3,4,13,31,31,23,32,40,31
01_13_12_03_0074.bmp,0,12,3,4,13,13,13,13,13,13,13
01_13_12_03_0076.bmp,1,12,3,4,13,31,31,13,12,13,31
01_13_12_03_0077.bmp,1,12,3,4,13,31,31,1,32,33,32
01_13_12_03_0078.bmp,1,12,3,4,13,31,31,12,12,13,31
01_13_12_03_0079.bmp,1,12,3,4,13,31,31,12,32,12,31
01_13_12_03_0080.bmp,0,12,3,4,13,13,13,13,13,13,13
01_13_12_03_0081.bmp,1,12,3,4,13,31,31,11,12,13,12
01_13_12_03_0085.bmp,0,12,3,4,13,13,13,13,13,13,13
01_13_12_03_0085.bmp,1,12,3,4,13,31,31,25,13,13,31
01_13_12_03_0086.bmp,0,12,3,4,13,13,13,13,13,13,13
01_13_12_03_0087.bmp,0,12,3,4,13,13,13,13,13,13,13
01_13_12_03_0088.bmp,0,12,3,4,13,13,13,13,13,13,13
01_13_12_03_0088.bmp,1,12,3,4,13,31,31,11,12,12,13
01_13_12_03_0090.bmp,1,12,3,4,13,31,31,23,31,12,31
01_13_12_03_0092.bmp,0,12,3,4,13,13,13,13,13,13,13
01_13_12_03_0092.bmp,1,12,3,4,13,31,31,1,12,12,31
01_13_12_03_0096.bmp,0,12,3,4,13,13,13,13,13,13,13
01_13_12_03_0096.bmp,1,12,3,4,13,31,31,42,12,12,12
01_13_12_03_0098.bmp,0,12,3,4,13,13,13,13,13,13,13
01_13_12_03_0100.bmp,0,12,3,4,13,13,13,13,13,13,13
01_13_12_03_0100.bmp,1,12,3,4,13,31,31,23,12,13,31
01_13_12_03_0101.bmp,0,12,3,4,13,13,13,13,13,13,13
01_13_12_03_0103.bmp,1,12,3,4,13,12,31,12,12,13,31
01_13_12_03_0104.bmp,1,12,3,4,13,12,31,2,12,13,12
01_13_12_03_0105.bmp,1,12,3,4,13,13,31,20,13,13,31
01_13_12_03_0108.bmp,0,12,3,4,13,13,13,13,13,13,13
01_13_12_03_0109.bmp,1,12,3,4,13,12,31,25,13,25,13
01_13_12_03_0111.bmp,0,12,3,4,13,13,13,24,13,13,13
01_13_12_03_0113.bmp,0,12,3,4,13,13,13,13,13,13,13
01_13_12_03_0113.bmp,1,12,3,4,13,13,32,23,13,13,13
01_13_12_03_0114.bmp,1,12,3,4,13,13,11,2,13,13,11
01_13_12_03_0115.bmp,1,12,3,4,13,12,31,20,13,13,31
01_13_12_03_0116.bmp,1,12,3,4,13,13,31,20,13,13,31
01_13_12_03_0118.bmp,0,12,3,4,13,32,31,25,32,12,31
01_13_12_03_0118.bmp,1,12,3,4,13,13,31,2,13,13,31
01_13_12_03_0119.bmp,1,12,3,4,13,13,31,20,13,13,31
01_13_12_03_0121.bmp,0,12,3,4,13,32,31,12,13,13,13
01_13_12_03_0123.bmp,0,12,3,4,13,32,31,40,13,12,31
01_13_12_03_0125.bmp,0,12,3,4,13,13,31,23,13,13,13
01_13_12_03_0128.bmp,0,12,3,4,13,32,32,20,13,13,32
01_13_12_03_0130.bmp,0,12,3,4,13,32,32,20,13,13,32
01_13_12_03_0130.bmp,1,12,3,4,13,13,31,25,13,13,31
01_13_12_03_0131.bmp,0,12,3,4,13,32,31,20,13,40,32
01_13_12_03_0132.bmp,0,12,3,4,13,32,32,20,32,24,32
01_13_12_03_0134.bmp,0,12,3,4,13,13,32,20,13,13,13
01_13_12_03_0140.bmp,1,12,3,4,13,13,31,25,13,13,13
01_13_12_03_0141.bmp,0,12,3,4,13,13,13,20,13,13,13
01_13_12_03_0141.bmp,1,12,3,4,13,13,31,13,13,13,13
01_13_12_03_0142.bmp,1,12,3,4,13,13,11,13,13,13,13
01_13_12_03_0143.bmp,1,12,3,4,13,13,11,13,13,13,13
01_13_12_03_0144.bmp,0,12,3,4,13,13,13,25,13,13,32
01_13_12_03_0144.bmp,1,12,3,4,13,13,31,13,13,13,13
01_13_12_03_0148.bmp,0,12,3,4,13,13,13,25,13,13,13
01_13_12_03_0150.bmp,1,12,3,4,13,13,11,13,13,13,13
01_13_12_03_0151.bmp,0,12,3,4,13,13,32,25,13,13,32
01_13_12_03_0152.bmp,0,12,3,4,13,13,32,25,13,13,32
01_13_12_03_0153.bmp,1,12,3,4,13,13,11,13,13,13,13
01_13_12_03_0155.bmp,0,12,3,4,13,13,13,25,13,13,13
01_13_12_03_0155.bmp,1,12,3,4,13,13,13,13,13,13,13
01_13_12_03_0156.bmp,0,12,3,4,13,13,13,25,13,13,13
01_13_12_03_0158.bmp,0,12,3,4,13,13,13,25,13,13,13
01_13_12_03_0159.bmp,0,12,3,4,13,13,13,25,13,13,13
01_13_12_03_0160.bmp,1,12,3,4,13,13,11,13,13,13,13
01_13_12_03_0161.bmp,0,12,3,4,13,13,13,13,13,13,13
01_13_12_03_0163.bmp,1,12,3,4,13,13,11,13,13,13,13
01_13_12_03_0164.bmp,1,12,3,4,13,13,11,13,13,13,13
01_13_12_03_0168.bmp,1,12,3,4,13,13,11,13,13,13,13
01_13_12_03_0169.bmp,0,12,3,4,13,31,31,1,32,34,31
01_13_12_03_0170.bmp,1,12,3,4,13,13,11,13,13,13,13
01_13_12_03_0172.bmp,1,12,3,4,13,13,13,13,13,13,13
01_13_12_03_0173.bmp,1,12,3,4,13,13,13,23,13,13,13
01_13_12_03_0174.bmp,1,12,3,4,13,13,13,25,13,13,13
01_13_12_03_0176.bmp,1,12,3,4,13,13,13,13,13,13,13
01_13_12_03_0177.bmp,1,12,3,4,13,13,13,13,13,13,13
01_13_12_03_0178.bmp,0,12,3,4,13,31,31,12,31,13,12
01_13_12_03_0179.bmp,1,12,3,4,13,13,13,13,13,13,13
01_13_12_03_0181.bmp,0,12,3,4,13,31,31,11,12,13,31
01_13_12_03_0181.bmp,1,12,3,4,13,13,13,13,13,13,13
01_13_12_03_0182.bmp,0,12,3,4,13,31,31,42,31,13,13
01_13_12_03_0184.bmp,0,12,3,4,13,31,31,42,32,13,31
01_13_12_03_0184.bmp,1,12,3,4,13,13,13,13,13,13,13
01_13_12_03_0185.bmp,1,12,3,4,13,13,13,13,13,13,13
01_13_12_03_0186.bmp,0,12,3,4,13,31,31,42,31,23,12
01_13_12_03_0187.bmp,0,12,3,4,13,31,31,1,13,16,13
01_13_12_03_0188.bmp,0,12,3,4,13,31,31,42,13,40,13
01_13_12_03_0189.bmp,0,12,3,4,13,31,31,1,32,13,31
01_13_12_03_0190.bmp,0,12,3,4,13,31,31,1,13,13,13
01_13_12_03_0192.bmp,0,12,3,4,13,31,31,12,13,13,31
01_13_12_03_0193.bmp,1,12,3,4,13,13,13,13,13,13,13
01_13_12_03_0194.bmp,0,12,3,4,13,31,31,42,13,13,13
01_13_12_03_0196.bmp,0,12,3,4,13,31,31,1,13,13,31
01_13_12_03_0196.bmp,1,12,3,4,13,13,13,13,13,13,13
01_13_12_03_0197.bmp,0,12,3,4,13,31,31,11,12,13,12
01_13_12_03_0199.bmp,0,12,3,4,13,31,31,11,13,13,13
01_13_12_03_0199.bmp,1,12,3,4,13,13,13,13,13,13,13
01_13_12_03_0200.bmp,1,12,3,4,13,13,13,13,13,13,13
01_13_12_03_0201.bmp,1,12,3,4,13,13,13,13,13,13,13
01_13_12_03_0204.bmp,0,12,3,4,13,12,31,11,12,13,31
01_13_12_03_0204.bmp,1,12,3,4,13,13,13,13,13,13,13
01_13_12_03_0205.bmp,0,12,3,4,13,31,31,25,13,13,31
01_13_12_03_0205.bmp,1,12,3,4,13,13,13,13,13,13,13
01_13_12_03_0206.bmp,1,12,3,4,13,13,13,13,13,13,13
01_13_12_03_0207.bmp,1,12,3,4,13,13,13,13,13,13,13
01_13_12_03_0208.bmp,0,12,3,4,13,12,31,40,13,13,31
01_13_12_03_0209.bmp,1,12,3,4,13,13,13,13,13,13,13
01_13_12_03_0210.bmp,0,12,3,4,13,12,31,25,13,13,13
01_13_12_03_0210.bmp,1,12,3,4,13,13,13,13,13,13,13
01_13_12_03_0211.bmp,0,12,3,4,13,13,31,25,13,13,13
01_13_12_03_0212.bmp,0,12,3,4,13,12,31,25,13,40,13
01_13_12_03_0212.bmp,1,12,3,4,13,13,13,13,13,13,13
01_13_12_03_0213.bmp,0,12,3,4,13,31,31,40,13,13,13
01_13_12_03_0214.bmp,0,12,3,4,13,13,31,0,13,13,31
01_13_12_03_0214.bmp,1,12,3,4,13,13,13,13,13,13,13
01_13_12_03_0217.bmp,1,12,3,4,13,13,11,13,13,13,13
01_13_12_03_0218.bmp,0,12,3,4,13,13,13,20,13,13,13
01_13_12_03_0218.bmp,1,12,3,4,13,13,11,13,13,13,13
01_13_12_03_0220.bmp,0,12,3,4,13,13,13,13,13,13,13
01_13_12_03_0221.bmp,1,12,3,4,13,13,13,13,13,13,13
01_13_12_03_0222.bmp,0,12,3,4,13,13,13,25,13,13,13
01_13_12_03_0222.bmp,1,12,3,4,13,13,13,13,13,13,13
01_13_12_03_0223.bmp,1,12,3,4,13,13,13,13,13,13,13
01_13_12_03_0225.bmp,1,12,3,4,13,13,13,13,13,13,13
01_13_12_03_0227.bmp,0,12,3,4,13,13,13,25,13,13,13
01_13_12_03_0230.bmp,1,12,3,4,13,13,13,13,13,13,13
01_13_12_03_0231.bmp,0,12,3,4,13,13,13,25,13,13,13
01_13_12_03_0232.bmp,1,12,3,4,13,13,13,13,13,13,13
01_13_12_03_0235.bmp,0,12,3,4,13,13,13,13,13,13,13
01_13_12_03_0236.bmp,0,12,3,4,13,13,13,25,13,13,13
01_13_12_03_0237.bmp,0,12,3,4,13,13,13,13,13,13,13
01_13_12_03_0238.bmp,0,12,3,4,13,13,13,13,13,13,13
01_13_12_03_0238.bmp,1,12,3,4,13,13,13,13,13,13,13
01_13_12_03_0239.bmp,0,12,3,4,13,13,13,13,13,13,13
01_13_12_03_0240.bmp,0,12,3,4,13,13,13,13,13,13,13
01_13_12_03_0241.bmp,0,12,3,4,13,13,13,13,13,13,13
01_13_12_03_0242.bmp,0,12,3,4,13,13,13,13,13,13,13
01_13_12_03_0242.bmp,1,12,3,4,13,13,13,13,13,13,13
01_13_12_03_0243.bmp,0,12,3,4,13,13,13,13,13,13,13
01_13_12_03_0246.bmp,0,12,3,4,13,13,13,25,13,14,13
01_13_12_03_0248.bmp,1,12,3,4,13,13,13,13,13,13,13
01_13_12_03_0249.bmp,0,12,3,4,13,13,13,13,13,13,13
01_13_12_03_0249.bmp,1,12,3,4,13,13,13,13,13,13,13
01_13_12_03_0252.bmp,0,12,3,4,13,13,13,13,13,13,13
01_13_12_03_0254.bmp,1,12,3,4,13,13,13,13,13,13,13
01_13_12_03_0256.bmp,0,12,3,4,13,13,13,13,13,13,13
01_13_12_03_0257.bmp,0,12,3,4,13,13,13,13,13,13,13
01_13_12_03_0258.bmp,1,12,3,4,13,13,13,13,13,13,13
01_13_12_03_0260.bmp,1,12,3,4,13,13,13,13,13,13,13
01_13_12_03_0262.bmp,1,12,3,4,13,13,13,13,13,13,13
01_13_12_03_0267.bmp,0,12,3,4,13,13,13,13,13,13,13
01_13_12_03_0267.bmp,1,12,3,4,13,13,13,13,13,13,13
01_13_12_03_0268.bmp,1,12,3,4,13,13,13,13,13,13,13
01_13_12_03_0269.bmp,0,12,3,4,13,13,13,13,13,13,13
01_13_12_03_0275.bmp,0,12,3,4,13,13,13,13,13,13,13
01_13_12_03_0277.bmp,0,12,3,4,13,13,13,13,13,13,13
01_13_12_03_0279.bmp,0,12,3,4,13,13,13,13,13,13,13
01_13_12_03_0281.bmp,0,12,3,4,13,13,13,13,13,13,13
01_13_12_03_0285.bmp,0,12,3,4,13,13,13,13,13,13,13
01_13_12_03_0286.bmp,0,12,3,4,13,13,13,13,13,13,13
01_13_12_03_0287.bmp,0,12,3,4,13,13,13,13,13,13,13
01_13_12_03_0290.bmp,0,12,3,4,13,13,13,13,13,13,13
01_13_12_03_0291.bmp,0,12,3,4,13,13,13,13,13,13,13
01_13_12_03_0299.bmp,0,12,3,4,13,13,13,13,13,13,13
01_13_12_03_0302.bmp,0,12,3,4,13,13,13,13,13,13,13
01_13_12_03_0305.bmp,0,12,3,4,13,13,13,13,13,13,13
01_13_12_03_0306.bmp,0,12,3,4,13,13,13,13,13,13,13
01_13_12_03_0308.bmp,0,12,3,4,13,13,13,13,13,13,13
01_13_12_03_0320.bmp,0,12,3,4,13,13,13,13,13,13,13
01_13_12_03_0325.bmp,0,12,3,4,13,13,13,13,13,13,13
01_13_12_03_0328.bmp,0,12,3,4,13,13,13,13,13,13,13
01_13_12_03_0329.bmp,0,12,3,4,13,13,13,13,13,13,13
01_13_12_03_0332.bmp,0,12,3,4,13,13,13,13,13,13,13
01_13_12_03_0339.bmp,0,12,3,4,13,13,13,13,13,13,13
01_13_12_03_0340.bmp,0,12,3,4,13,13,13,13,13,13,13
01_13_12_03_0343.bmp,0,12,3,4,13,13,13,13,13,13,13
01_13_12_03_0347.bmp,0,12,3,4,13,13,13,13,13,13,13
01_13_12_03_0350.bmp,0,12,3,4,13,13,13,13,13,13,13
01_13_12_03_0352.bmp,0,12,3,4,13,13,13,13,13,13,13
01_13_12_03_0353.bmp,0,12,3,4,13,13,13,25,13,13,13
01_13_12_03_0354.bmp,0,12,3,4,13,13,13,13,13,13,13
01_13_12_03_0355.bmp,0,12,3,4,13,13,13,13,13,13,13
01_13_12_03_0357.bmp,0,12,3,4,13,13,13,23,13,13,13
01_13_12_03_0358.bmp,0,12,3,4,13,13,13,13,13,13,13
01_13_12_03_0360.bmp,0,12,3,4,13,13,13,13,13,13,13
01_13_12_03_0363.bmp,0,12,3,4,13,13,13,13,13,13,13
01_13_12_03_0367.bmp,0,12,3,4,13,13,13,13,13,13,13
01_13_12_03_0372.bmp,0,12,3,4,13,13,13,13,13,13,13
01_13_12_03_0373.bmp,0,12,3,4,13,13,13,13,13,13,13
01_13_12_03_0376.bmp,0,12,3,4,13,13,13,13,13,13,13
01_13_12_03_0379.bmp,0,12,3,4,13,13,13,13,13,13,13
01_13_12_03_0381.bmp,0,12,3,4,13,13,13,13,13,13,13
01_13_12_03_0384.bmp,0,12,3,4,13,13,13,13,13,13,13
01_13_12_03_0387.bmp,0,12,3,4,13,31,31,11,31,12,31
01_13_12_03_0388.bmp,0,12,3,4,13,31,31,12,32,13,31
01_13_12_03_0390.bmp,0,12,3,4,13,31,31,42,12,13,13
01_13_12_03_0391.bmp,0,12,3,4,13,31,31,11,12,13,31
01_13_12_03_0395.bmp,0,12,3,4,13,31,31,42,12,12,13
01_13_12_03_0396.bmp,0,12,3,4,13,31,31,42,13,13,13
01_13_12_03_0402.bmp,0,12,3,4,13,31,31,12,13,13,12
01_13_12_03_0407.bmp,0,12,3,4,13,31,31,42,12,13,12
01_13_12_03_0409.bmp,0,12,3,4,13,31,31,25,12,13,12
01_13_12_03_0414.bmp,0,12,3,4,13,31,31,12,13,13,31
01_13_12_03_0423.bmp,0,12,3,4,13,13,31,25,13,13,13
01_13_12_03_0424.bmp,0,12,3,4,13,13,31,9,13,13,13
01_13_12_03_0426.bmp,0,12,3,4,13,36,31,12,13,13,31
01_13_12_03_0427.bmp,0,12,3,4,13,13,31,13,13,13,13
01_13_12_03_0428.bmp,0,12,3,4,13,31,31,25,13,12,13
01_13_12_03_0434.bmp,0,12,3,4,13,13,31,25,13,13,13
01_13_12_03_0437.bmp,0,12,3,4,13,13,31,25,13,13,31
01_13_12_03_0438.bmp,0,12,3,4,13,13,31,25,13,13,13
01_13_12_03_0443.bmp,0,12,3,4,13,13,13,13,13,13,13
01_13_12_03_0445.bmp,0,12,3,4,13,13,31,12,13,13,13
01_13_12_03_0446.bmp,0,12,3,4,13,13,31,13,13,13,13
01_13_12_03_0447.bmp,0,12,3,4,13,13,31,25,13,40,13
01_13_12_03_0449.bmp,0,12,3,4,13,13,13,40,13,13,13
01_13_12_03_0451.bmp,0,12,3,4,13,13,13,23,13,13,13
01_13_12_03_0455.bmp,0,12,3,4,13,13,13,2,13,40,13
01_13_12_03_0460.bmp,0,12,3,4,13,13,13,19,13,13,13
01_13_12_03_0463.bmp,0,12,3,4,13,13,13,20,13,13,13
01_13_12_03_0464.bmp,0,12,3,4,13,13,13,13,13,13,13
01_13_12_03_0467.bmp,0,12,3,4,13,13,13,13,13,13,13
01_13_12_03_0471.bmp,0,12,3,4,13,13,13,25,13,13,13
01_13_12_03_0474.bmp,0,12,3,4,13,13,13,13,13,13,13
01_13_12_03_0477.bmp,0,12,3,4,13,13,13,13,13,13,13
01_13_12_03_0478.bmp,0,12,3,4,13,13,13,13,13,13,13
01_13_12_03_0480.bmp,0,12,3,4,13,13,13,13,13,13,13
01_13_12_03_0488.bmp,0,12,3,4,13,13,13,13,13,13,13
01_13_12_03_0491.bmp,0,12,3,4,13,13,13,13,13,13,13
01_13_12_03_0493.bmp,0,12,3,4,13,13,13,13,13,13,13
01_13_12_03_0495.bmp,0,12,3,4,13,13,13,13,13,13,13
01_13_12_03_0502.bmp,0,12,3,4,13,13,13,13,13,13,13
01_13_12_03_0503.bmp,0,12,3,4,13,13,13,13,13,13,13
01_13_12_03_0505.bmp,0,12,3,4,13,13,13,13,13,13,13
01_13_12_03_0508.bmp,0,12,3,4,13,13,13,13,13,13,13
01_13_12_03_0509.bmp,0,12,3,4,13,13,13,13,13,13,13
01_13_12_03_0513.bmp,0,12,3,4,13,13,13,13,13,13,13
01_13_12_03_0514.bmp,0,12,3,4,13,13,13,25,13,13,13
01_13_12_03_0515.bmp,0,12,3,4,13,13,13,25,13,14,13
01_13_12_03_0517.bmp,0,12,3,4,13,31,31,42,13,13,13
01_13_12_03_0521.bmp,0,12,3,4,13,32,31,42,32,13,13
01_13_12_03_0523.bmp,0,12,3,4,13,13,31,20,13,13,13
01_13_12_03_0525.bmp,0,12,3,4,13,13,31,23,13,13,13
01_13_12_03_0526.bmp,0,12,3,4,13,32,31,42,32,13,32
01_13_12_03_0532.bmp,0,12,3,4,13,32,31,42,32,40,32
01_13_12_03_0534.bmp,0,12,3,4,13,32,31,42,32,40,32
01_13_12_03_0535.bmp,0,12,3,4,13,12,31,12,13,13,13
01_13_12_03_0536.bmp,0,12,3,4,13,32,31,42,32,13,32
01_13_12_03_0538.bmp,0,12,3,4,13,32,31,42,32,12,13
01_13_12_03_0539.bmp,0,12,3,4,13,13,31,20,13,13,31
01_13_12_03_0540.bmp,0,12,3,4,13,32,31,12,32,13,32
01_13_12_03_0547.bmp,0,12,3,4,13,12,31,12,13,40,13
01_13_12_03_0550.bmp,0,12,3,4,13,31,31,42,32,13,32
01_13_12_03_0551.bmp,0,12,3,4,13,12,31,12,13,13,13
01_13_12_03_0554.bmp,0,12,3,4,13,32,31,25,32,13,32
01_13_12_03_0555.bmp,0,12,3,4,13,13,31,40,13,13,13
01_13_12_03_0560.bmp,0,12,3,4,13,32,31,42,32,13,31
01_13_12_03_0561.bmp,0,12,3,4,13,12,31,20,13,13,13
01_13_12_03_0562.bmp,0,12,3,4,13,31,31,42,32,13,32
01_13_12_03_0563.bmp,0,12,3,4,13,13,31,20,13,13,31
01_13_12_03_0569.bmp,0,12,3,4,13,13,13,20,13,13,13
01_13_12_03_0574.bmp,0,12,3,4,13,32,31,23,13,13,31
01_13_12_03_0575.bmp,0,12,3,4,13,13,10,20,13,13,13
01_13_12_03_0576.bmp,0,12,3,4,13,32,31,11,13,13,32
01_13_12_03_0577.bmp,0,12,3,4,13,13,13,25,13,13,13
01_13_12_03_0579.bmp,0,12,3,4,13,13,13,25,13,13,13
01_13_12_03_0581.bmp,0,12,3,4,13,13,13,23,13,13,13
01_13_12_03_0583.bmp,0,12,3,4,13,13,13,23,13,13,13
01_13_12_03_0584.bmp,0,12,3,4,13,32,31,2,13,40,32
01_13_12_03_0588.bmp,0,12,3,4,13,32,31,12,32,13,31
01_13_12_03_0589.bmp,0,12,3,4,13,13,13,13,13,13,13
01_13_12_03_0591.bmp,0,12,3,4,13,13,13,13,13,13,13
01_13_12_03_0600.bmp,0,12,3,4,13,13,13,13,13,13,13
01_13_12_03_0605.bmp,0,12,3,4,13,13,13,13,13,13,13
01_13_12_03_0610.bmp,0,12,3,4,13,13,13,13,13,13,13
01_13_12_03_0613.bmp,0,12,3,4,13,13,13,25,13,13,13
01_13_12_03_0615.bmp,0,12,3,4,13,13,13,13,13,13,13
01_13_12_03_0621.bmp,0,12,3,4,13,13,13,13,13,13,13
01_13_12_03_0622.bmp,0,12,3,4,13,13,13,13,13,13,13
01_13_12_03_0624.bmp,0,12,3,4,13,13,13,13,13,13,13
01_13_12_03_0626.bmp,0,12,3,4,13,13,13,13,13,13,13
01_03_12_04_0002.bmp,0,12,4,4,9,13,31,25,13,13,13
01_03_12_04_0004.bmp,0,12,4,4,9,32,31,0,13,34,13
01_03_12_04_0009.bmp,0,12,4,4,9,13,16,0,13,16,13
01_03_12_04_0010.bmp,0,12,4,4,9,13,16,25,13,9,13
01_03_12_04_0018.bmp,0,12,4,4,9,13,16,42,13,13,13
01_03_12_04_0025.bmp,0,12,4,4,9,16,16,41,13,40,16
01_03_12_04_0028.bmp,0,12,4,4,9,13,16,23,13,13,16
01_03_12_04_0029.bmp,0,12,4,4,9,13,16,23,13,13,13
01_03_12_04_0030.bmp,0,12,4,4,9,13,13,23,13,13,13
01_03_12_04_0038.bmp,0,12,4,4,9,13,16,41,13,13,13
01_03_12_04_0042.bmp,0,12,4,4,9,13,13,23,13,40,13
01_03_12_04_0044.bmp,0,12,4,4,9,13,13,41,13,13,13
01_03_12_04_0046.bmp,0,12,4,4,9,13,13,23,13,13,13
01_03_12_04_0048.bmp,0,12,4,4,9,13,13,13,13,13,13
01_03_12_04_0049.bmp,0,12,4,4,9,13,13,41,13,13,13
01_03_12_04_0055.bmp,0,12,4,4,9,13,13,41,13,13,13
01_03_12_04_0059.bmp,0,12,4,4,9,13,32,41,13,41,13
01_03_12_04_0060.bmp,0,12,4,4,9,13,13,2,13,13,13
01_03_12_04_0065.bmp,0,12,4,4,9,13,13,9,13,14,13
01_03_12_04_0066.bmp,0,12,4,4,9,13,13,9,13,14,13
01_03_12_04_0068.bmp,0,12,4,4,9,13,13,13,13,41,13
01_03_12_04_0069.bmp,0,12,4,4,9,13,13,13,13,13,13
01_03_12_04_0071.bmp,0,12,4,4,9,13,13,9,13,13,13
01_03_12_04_0073.bmp,0,12,4,4,9,13,13,13,13,14,13
01_03_12_04_0074.bmp,0,12,4,4,9,13,13,2,13,9,13
01_03_12_04_0076.bmp,0,12,4,4,9,13,13,13,13,14,13
01_03_12_04_0077.bmp,0,12,4,4,9,13,13,13,13,9,13
01_03_12_04_0078.bmp,0,12,4,4,9,13,13,13,13,9,13
01_03_12_04_0079.bmp,0,12,4,4,9,13,13,9,13,9,13
01_03_12_04_0080.bmp,0,12,4,4,9,13,13,13,13,41,13
01_03_12_04_0081.bmp,0,12,4,4,9,13,13,13,13,14,13
01_03_12_04_0084.bmp,0,12,4,4,9,13,13,9,13,9,13
01_06_12_04_0002.bmp,1,12,4,4,14,36,11,1,11,12,36
01_06_12_04_0003.bmp,0,12,4,4,14,25,11,13,25,14,25
01_06_12_04_0004.bmp,1,12,4,4,14,36,11,12,11,26,36
01_06_12_04_0005.bmp,1,12,4,4,14,32,11,20,11,12,32
01_06_12_04_0006.bmp,0,12,4,4,14,25,32,24,25,12,25
01_06_12_04_0006.bmp,1,12,4,4,14,32,11,23,11,12,32
01_06_12_04_0008.bmp,0,12,4,4,14,25,1,25,25,14,25
01_06_12_04_0008.bmp,1,12,4,4,14,32,11,20,11,25,25
01_06_12_04_0011.bmp,0,12,4,4,14,25,11,2,25,14,25
01_06_12_04_0012.bmp,1,12,4,4,14,11,11,23,11,14,11
01_06_12_04_0014.bmp,1,12,4,4,14,11,11,20,11,25,11
01_06_12_04_0015.bmp,0,12,4,4,14,25,1,25,25,14,25
01_06_12_04_0016.bmp,1,12,4,4,14,11,11,25,11,25,11
01_06_12_04_0017.bmp,1,12,4,4,14,11,11,25,11,26,11
01_06_12_04_0018.bmp,0,12,4,4,14,25,1,2,25,14,25
01_06_12_04_0018.bmp,1,12,4,4,14,11,11,25,11,25,11
01_06_12_04_0020.bmp,0,12,4,4,14,25,1,2,25,14,25
01_06_12_04_0022.bmp,1,12,4,4,14,11,11,6,11,26,11
01_06_12_04_0023.bmp,0,12,4,4,14,25,25,25,25,14,25
01_06_12_04_0023.bmp,1,12,4,4,14,11,11,23,11,14,11
01_06_12_04_0024.bmp,0,12,4,4,14,25,1,2,25,14,25
01_06_12_04_0024.bmp,1,12,4,4,14,11,11,20,11,1,11
01_06_12_04_0025.bmp,0,12,4,4,14,25,25,25,25,14,25
01_06_12_04_0027.bmp,0,12,4,4,14,25,25,25,25,14,25
01_06_12_04_0028.bmp,1,12,4,4,14,11,11,24,11,13,11
01_06_12_04_0031.bmp,0,12,4,4,14,25,25,24,25,14,25
01_06_12_04_0032.bmp,0,12,4,4,14,25,1,2,25,14,25
01_06_12_04_0037.bmp,0,12,4,4,14,25,1,25,25,14,25
01_06_12_04_0038.bmp,0,12,4,4,14,25,25,4,25,14,25
01_06_12_04_0040.bmp,0,12,4,4,14,25,25,25,25,14,25
01_06_12_04_0042.bmp,1,12,4,4,14,32,31,0,11,12,36
01_06_12_04_0044.bmp,1,12,4,4,14,31,36,0,31,12,36
01_06_12_04_0047.bmp,0,12,4,4,14,36,31,0,36,25,36
01_06_12_04_0050.bmp,0,12,4,4,14,32,32,0,25,14,32
01_06_12_04_0055.bmp,0,12,4,4,14,32,32,25,25,14,13
01_06_12_04_0058.bmp,0,12,4,4,14,13,32,25,25,14,25
01_06_12_04_0060.bmp,0,12,4,4,14,32,32,23,13,12,13
01_06_12_04_0062.bmp,0,12,4,4,14,32,32,25,25,14,32
01_06_12_04_0063.bmp,0,12,4,4,14,32,32,23,25,14,36
01_06_12_04_0064.bmp,0,12,4,4,14,32,32,23,25,14,32
01_06_12_04_0065.bmp,0,12,4,4,14,32,32,25,13,14,32
01_06_12_04_0066.bmp,0,12,4,4,14,13,32,23,25,14,32
01_06_12_04_0068.bmp,0,12,4,4,14,13,32,25,25,14,32
01_06_12_04_0070.bmp,0,12,4,4,14,13,32,25,25,25,32
01_06_12_04_0071.bmp,0,12,4,4,14,13,32,25,25,25,32
01_06_12_04_0081.bmp,0,12,4,4,14,25,25,25,25,14,25
01_06_12_04_0086.bmp,0,12,4,4,14,10,16,16,10,17,16
01_06_12_04_0087.bmp,0,12,4,4,14,25,1,25,25,14,25
01_11_12_04_0002.bmp,0,12,4,4,12,31,31,1,13,13,13
01_11_12_04_0004.bmp,0,12,4,4,12,31,31,1,13,25,13
01_11_12_04_0006.bmp,0,12,4,4,12,31,31,23,31,12,31
01_11_12_04_0007.bmp,0,12,4,4,12,31,31,42,13,13,13
01_11_12_04_0008.bmp,0,12,4,4,12,31,31,42,13,13,13
01_11_12_04_0009.bmp,0,12,4,4,12,31,31,1,13,13,13
01_11_12_04_0010.bmp,0,12,4,4,12,31,31,0,13,12,13
01_11_12_04_0012.bmp,0,12,4,4,12,31,31,42,31,1,31
01_11_12_04_0015.bmp,0,12,4,4,12,11,31,42,11,40,13
01_11_12_04_0020.bmp,0,12,4,4,12,32,11,1,13,18,13
01_11_12_04_0021.bmp,0,12,4,4,12,32,11,11,11,11,12
01_11_12_04_0025.bmp,0,12,4,4,12,12,11,6,11,11,26
01_11_12_04_0027.bmp,0,12,4,4,12,32,11,11,13,35,13
01_11_12_04_0028.bmp,0,12,4,4,12,13,31,42,13,13,13
01_11_12_04_0030.bmp,0,12,4,4,12,13,11,11,13,13,13
01_11_12_04_0031.bmp,0,12,4,4,12,32,11,11,13,40,13
01_11_12_04_0032.bmp,0,12,4,4,12,13,11,11,13,32,13
01_11_12_04_0033.bmp,0,12,4,4,12,32,11,11,13,26,13
01_11_12_04_0035.bmp,0,12,4,4,12,13,11,11,25,1,1
01_11_12_04_0036.bmp,0,12,4,4,12,13,11,12,13,13,13
01_11_12_04_0039.bmp,0,12,4,4,12,13,11,18,1,18,11
01_11_12_04_0040.bmp,0,12,4,4,12,11,11,11,1,1,1
01_11_12_04_0049.bmp,0,12,4,4,12,1,11,18,1,1,1
01_11_12_04_0054.bmp,0,12,4,4,12,13,11,18,13,1,13
01_11_12_04_0061.bmp,0,12,4,4,12,13,11,18,13,1,11
01_11_12_04_0062.bmp,0,12,4,4,12,13,11,18,13,1,1
01_11_12_04_0065.bmp,0,12,4,4,12,13,11,18,13,1,1
01_11_12_04_0068.bmp,0,12,4,4,12,13,11,18,13,1,13
01_11_12_04_0070.bmp,0,12,4,4,12,13,11,18,25,1,11
01_11_12_04_0073.bmp,0,12,4,4,12,25,11,18,25,18,25
01_11_12_04_0074.bmp,0,12,4,4,12,13,1,11,25,1,25
01_11_12_04_0076.bmp,0,12,4,4,12,25,1,18,25,26,25
01_11_12_04_0077.bmp,0,12,4,4,12,25,1,25,25,26,25
01_12_12_04_0002.bmp,1,12,4,4,17,11,11,25,12,25,11
01_12_12_04_0004.bmp,0,12,4,4,17,13,11,25,13,26,9
01_12_12_04_0006.bmp,0,12,4,4,17,17,11,20,13,26,36
01_12_12_04_0007.bmp,0,12,4,4,17,17,11,19,17,17,17
01_12_12_04_0008.bmp,1,12,4,4,17,11,11,12,12,38,11
01_12_12_04_0009.bmp,0,12,4,4,17,17,11,25,17,7,17
01_12_12_04_0010.bmp,1,12,4,4,17,11,11,11,12,11,31
01_12_12_04_0011.bmp,1,12,4,4,17,11,12,12,12,26,11
01_12_12_04_0012.bmp,1,12,4,4,17,11,11,25,12,12,11
01_12_12_04_0013.bmp,0,12,4,4,17,10,32,23,10,26,36
01_12_12_04_0013.bmp,1,12,4,4,17,11,11,12,12,35,11
01_12_12_04_0014.bmp,0,12,4,4,17,10,32,23,10,26,36
01_12_12_04_0015.bmp,1,12,4,4,17,11,11,11,12,40,11
01_12_12_04_0017.bmp,0,12,4,4,17,17,32,23,16,17,17
01_12_12_04_0017.bmp,1,12,4,4,17,11,11,25,12,25,11
01_12_12_04_0018.bmp,0,12,4,4,17,17,11,20,17,26,17
01_12_12_04_0018.bmp,1,12,4,4,17,11,11,12,12,40,31
01_12_12_04_0019.bmp,1,12,4,4,17,11,11,11,12,25,11
01_12_12_04_0023.bmp,0,12,4,4,17,17,11,9,16,17,17
01_12_12_04_0023.bmp,1,12,4,4,17,11,11,42,12,25,11
01_12_12_04_0025.bmp,1,12,4,4,17,11,11,12,12,7,11
01_12_12_04_0026.bmp,0,12,4,4,17,17,17,23,16,17,17
01_12_12_04_0027.bmp,1,12,4,4,17,11,11,25,12,25,11
01_12_12_04_0028.bmp,0,12,4,4,17,32,31,25,12,14,31
01_12_12_04_0029.bmp,0,12,4,4,17,32,31,25,12,25,31
01_12_12_04_0031.bmp,1,12,4,4,17,11,11,12,12,18,11
01_12_12_04_0032.bmp,0,12,4,4,17,32,32,25,12,14,31
01_12_12_04_0033.bmp,1,12,4,4,17,11,11,12,12,12,11
01_12_12_04_0034.bmp,1,12,4,4,17,11,11,42,12,25,11
01_12_12_04_0035.bmp,1,12,4,4,17,11,11,11,12,11,32
01_12_12_04_0038.bmp,0,12,4,4,17,13,11,9,13,17,17
01_12_12_04_0038.bmp,1,12,4,4,17,11,11,12,12,40,11
01_12_12_04_0040.bmp,0,12,4,4,17,13,19,9,13,14,17
01_12_12_04_0040.bmp,1,12,4,4,17,11,11,12,12,25,11
01_12_12_04_0042.bmp,1,12,4,4,17,11,11,12,12,12,11
01_12_12_04_0045.bmp,0,12,4,4,17,11,11,28,12,25,11
01_12_12_04_0049.bmp,0,12,4,4,17,11,11,1,12,25,11
01_12_12_04_0052.bmp,0,12,4,4,17,11,11,11,12,25,11
01_12_12_04_0053.bmp,0,12,4,4,17,11,11,12,12,12,11
01_12_12_04_0056.bmp,0,12,4,4,17,11,11,23,11,12,11
01_12_12_04_0058.bmp,0,12,4,4,17,11,11,25,11,11,11
01_12_12_04_0061.bmp,0,12,4,4,17,11,11,23,11,25,11
01_12_12_04_0062.bmp,0,12,4,4,17,11,11,23,11,17,11
01_12_12_04_0063.bmp,0,12,4,4,17,11,11,12,11,25,11
01_12_12_04_0064.bmp,0,12,4,4,17,11,11,23,11,25,11
01_12_12_04_0065.bmp,0,12,4,4,17,11,11,23,11,26,11
01_12_12_04_0066.bmp,0,12,4,4,17,11,11,20,11,25,11
01_12_12_04_0068.bmp,0,12,4,4,17,11,11,0,11,25,11
01_12_12_04_0069.bmp,0,12,4,4,17,11,11,20,11,25,11
01_12_12_04_0072.bmp,0,12,4,4,17,11,11,20,11,13,11
01_12_12_04_0075.bmp,0,12,4,4,17,11,11,25,11,12,11
01_12_12_04_0077.bmp,0,12,4,4,17,11,11,23,11,26,11
01_12_12_04_0078.bmp,0,12,4,4,17,11,11,20,11,26,11
01_12_12_04_0079.bmp,0,12,4,4,17,11,11,25,11,25,11
01_12_12_04_0080.bmp,0,12,4,4,17,11,11,25,11,0,11
01_12_12_04_0081.bmp,0,12,4,4,17,11,11,23,11,25,11
01_12_12_04_0082.bmp,0,12,4,4,17,11,11,20,11,23,11
01_12_12_04_0083.bmp,0,12,4,4,17,11,11,20,11,18,11
01_12_12_04_0085.bmp,0,12,4,4,17,11,11,20,11,0,11
01_12_12_04_0089.bmp,0,12,4,4,17,11,11,25,11,0,11
01_12_12_04_0090.bmp,0,12,4,4,17,11,11,23,11,25,11
01_12_12_04_0091.bmp,0,12,4,4,17,11,11,23,11,25,11
01_12_12_04_0093.bmp,0,12,4,4,17,11,11,23,11,26,11
01_12_12_04_0096.bmp,0,12,4,4,17,11,11,23,11,13,11
01_12_12_04_0100.bmp,0,12,4,4,17,11,11,23,11,40,11
01_12_12_04_0101.bmp,0,12,4,4,17,11,11,23,11,26,11
01_12_12_04_0112.bmp,0,12,4,4,17,11,11,23,11,26,11
01_12_12_04_0114.bmp,0,12,4,4,17,11,11,23,11,26,11
01_13_12_04_0001.bmp,1,12,4,4,13,13,11,2,13,13,13
01_13_12_04_0003.bmp,0,12,4,4,13,12,12,25,12,12,31
01_13_12_04_0004.bmp,0,12,4,4,13,31,12,42,11,13,31
01_13_12_04_0005.bmp,1,12,4,4,13,13,11,20,13,13,13
01_13_12_04_0007.bmp,1,12,4,4,13,13,11,20,13,0,13
01_13_12_04_0010.bmp,1,12,4,4,13,13,11,2,13,13,13
01_13_12_04_0012.bmp,0,12,4,4,13,12,12,42,11,26,12
01_13_12_04_0012.bmp,1,12,4,4,13,13,11,13,13,13,13
01_13_12_04_0014.bmp,0,12,4,4,13,12,12,12,12,1,13
01_13_12_04_0015.bmp,0,12,4,4,13,31,12,1,11,25,13
01_13_12_04_0015.bmp,1,12,4,4,13,13,11,25,13,13,13
01_13_12_04_0016.bmp,0,12,4,4,13,31,12,12,12,40,31
01_13_12_04_0017.bmp,1,12,4,4,13,13,11,13,13,13,13
01_13_12_04_0018.bmp,0,12,4,4,13,31,12,11,12,40,31
01_13_12_04_0020.bmp,0,12,4,4,13,31,12,12,11,0,38
01_13_12_04_0021.bmp,0,12,4,4,13,12,12,12,11,13,31
01_13_12_04_0021.bmp,1,12,4,4,13,13,11,2,13,13,13
01_13_12_04_0022.bmp,1,12,4,4,13,13,11,13,13,13,13
01_13_12_04_0026.bmp,0,12,4,4,13,12,12,11,12,13,13
01_13_12_04_0026.bmp,1,12,4,4,13,13,13,2,13,13,13
01_13_12_04_0027.bmp,1,12,4,4,13,13,11,13,13,13,13
01_13_12_04_0028.bmp,0,12,4,4,13,31,12,42,12,0,31
01_13_12_04_0029.bmp,1,12,4,4,13,13,13,13,13,13,13
01_13_12_04_0030.bmp,0,12,4,4,13,31,12,25,11,13,13
01_13_12_04_0031.bmp,0,12,4,4,13,31,12,11,11,13,13
01_13_12_04_0031.bmp,1,12,4,4,13,13,13,13,13,13,13
01_13_12_04_0032.bmp,0,12,4,4,13,31,12,13,11,13,13
01_13_12_04_0034.bmp,1,12,4,4,13,13,13,13,13,13,13
01_13_12_04_0035.bmp,0,12,4,4,13,31,12,42,11,40,31
01_13_12_04_0036.bmp,0,12,4,4,13,31,12,12,11,13,13
01_13_12_04_0036.bmp,1,12,4,4,13,13,13,2,13,13,13
01_13_12_04_0037.bmp,1,12,4,4,13,13,13,2,13,13,13
01_13_12_04_0040.bmp,1,12,4,4,13,13,13,13,13,13,13
01_13_12_04_0041.bmp,1,12,4,4,13,13,13,13,13,13,13
01_13_12_04_0043.bmp,0,12,4,4,13,13,12,42,13,13,13
01_13_12_04_0044.bmp,1,12,4,4,13,13,13,13,13,13,13
01_13_12_04_0048.bmp,1,12,4,4,13,13,13,13,13,13,13
01_13_12_04_0049.bmp,1,12,4,4,13,13,13,13,13,13,13
01_13_12_04_0050.bmp,0,12,4,4,13,13,12,23,11,13,13
01_13_12_04_0050.bmp,1,12,4,4,13,13,13,13,13,13,13
01_13_12_04_0051.bmp,0,12,4,4,13,13,12,20,13,13,13
01_13_12_04_0052.bmp,1,12,4,4,13,13,13,13,13,13,13
01_13_12_04_0053.bmp,1,12,4,4,13,13,13,13,13,13,13
01_13_12_04_0059.bmp,1,12,4,4,13,13,13,13,13,13,13
01_13_12_04_0063.bmp,1,12,4,4,13,11,12,12,12,40,11
01_13_12_04_0065.bmp,1,12,4,4,13,11,12,12,12,40,31
01_13_12_04_0068.bmp,0,12,4,4,13,13,11,13,13,13,13
01_13_12_04_0068.bmp,1,12,4,4,13,11,12,25,12,12,11
01_13_12_04_0069.bmp,0,12,4,4,13,13,13,13,13,13,13
01_13_12_04_0069.bmp,1,12,4,4,13,11,12,11,12,40,11
01_13_12_04_0074.bmp,0,12,4,4,13,13,12,13,13,13,13
01_13_12_04_0074.bmp,1,12,4,4,13,11,12,11,12,4,31
01_13_12_04_0078.bmp,1,12,4,4,13,12,12,12,12,13,31
01_13_12_04_0080.bmp,1,12,4,4,13,11,12,12,12,25,11
01_13_12_04_0082.bmp,0,12,4,4,13,13,13,13,13,13,13
01_13_12_04_0082.bmp,1,12,4,4,13,12,12,20,12,40,11
01_13_12_04_0083.bmp,1,12,4,4,13,11,11,25,12,0,11
01_13_12_04_0084.bmp,0,12,4,4,13,13,13,13,13,13,13
01_13_12_04_0086.bmp,0,12,4,4,13,13,13,13,13,13,13
01_13_12_04_0090.bmp,1,12,4,4,13,11,12,6,12,25,31
01_13_12_04_0092.bmp,0,12,4,4,13,13,11,13,13,13,13
01_13_12_04_0092.bmp,1,12,4,4,13,11,11,23,12,40,11
01_13_12_04_0093.bmp,1,12,4,4,13,11,11,0,12,1,11
01_13_12_04_0094.bmp,0,12,4,4,13,13,13,13,13,13,13
01_13_12_04_0094.bmp,1,12,4,4,13,11,12,12,12,40,11
01_13_12_04_0097.bmp,1,12,4,4,13,11,11,0,12,25,11
01_13_12_04_0101.bmp,1,12,4,4,13,11,12,25,12,13,11
01_13_12_04_0102.bmp,1,12,4,4,13,11,11,0,12,40,11
01_13_12_04_0104.bmp,0,12,4,4,13,13,13,13,13,13,13
01_13_12_04_0106.bmp,1,12,4,4,13,11,12,20,12,12,11
01_13_12_04_0111.bmp,0,12,4,4,13,13,13,13,13,13,13
01_13_12_04_0111.bmp,1,12,4,4,13,11,12,20,12,40,11
01_13_12_04_0112.bmp,0,12,4,4,13,13,13,13,13,13,13
01_13_12_04_0112.bmp,1,12,4,4,13,11,11,25,12,25,11
01_13_12_04_0115.bmp,1,12,4,4,13,11,11,20,12,25,11
01_13_12_04_0118.bmp,1,12,4,4,13,11,11,20,12,12,11
01_13_12_04_0119.bmp,0,12,4,4,13,31,12,2,11,40,31
01_13_12_04_0120.bmp,1,12,4,4,13,11,11,20,12,12,11
01_13_12_04_0121.bmp,0,12,4,4,13,31,12,12,11,40,31
01_13_12_04_0126.bmp,1,12,4,4,13,11,11,25,11,12,11
01_13_12_04_0127.bmp,1,12,4,4,13,11,11,25,11,25,11
01_13_12_04_0128.bmp,0,12,4,4,13,11,11,20,11,13,11
01_13_12_04_0129.bmp,0,12,4,4,13,11,12,20,11,40,11
01_13_12_04_0129.bmp,1,12,4,4,13,11,11,23,11,40,11
01_13_12_04_0130.bmp,1,12,4,4,13,11,11,20,11,0,11
01_13_12_04_0132.bmp,0,12,4,4,13,12,12,20,11,23,11
01_13_12_04_0134.bmp,1,12,4,4,13,11,11,25,11,1,11
01_13_12_04_0138.bmp,0,12,4,4,13,11,11,24,11,13,11
01_13_12_04_0140.bmp,0,12,4,4,13,31,12,25,11,13,11
01_13_12_04_0142.bmp,0,12,4,4,13,11,11,25,11,13,11
01_13_12_04_0142.bmp,1,12,4,4,13,11,11,25,11,40,11
01_13_12_04_0144.bmp,0,12,4,4,13,32,11,25,11,13,31
01_13_12_04_0145.bmp,1,12,4,4,13,11,11,25,11,40,11
01_13_12_04_0146.bmp,1,12,4,4,13,11,11,25,11,25,11
01_13_12_04_0148.bmp,1,12,4,4,13,11,11,25,11,13,11
01_13_12_04_0151.bmp,1,12,4,4,13,11,11,25,11,25,11
01_13_12_04_0152.bmp,1,12,4,4,13,11,11,25,11,40,11
01_13_12_04_0155.bmp,0,12,4,4,13,13,11,25,13,13,31
01_13_12_04_0157.bmp,0,12,4,4,13,13,11,25,13,13,31
01_13_12_04_0158.bmp,1,12,4,4,13,11,11,25,11,13,11
01_13_12_04_0160.bmp,0,12,4,4,13,13,11,13,13,13,13
01_13_12_04_0161.bmp,0,12,4,4,13,13,11,13,13,13,13
01_13_12_04_0161.bmp,1,12,4,4,13,11,11,13,11,13,11
01_13_12_04_0162.bmp,1,12,4,4,13,11,11,20,11,13,11
01_13_12_04_0165.bmp,1,12,4,4,13,11,12,25,11,40,11
01_13_12_04_0166.bmp,1,12,4,4,13,11,12,25,11,13,11
01_13_12_04_0169.bmp,0,12,4,4,13,11,12,12,12,25,31
01_13_12_04_0170.bmp,0,12,4,4,13,31,12,25,12,11,11
01_13_12_04_0172.bmp,1,12,4,4,13,11,11,25,11,13,11
01_13_12_04_0173.bmp,0,12,4,4,13,11,12,1,12,13,11
01_13_12_04_0175.bmp,0,12,4,4,13,31,12,42,12,13,31
01_13_12_04_0175.bmp,1,12,4,4,13,11,11,23,11,12,11
01_13_12_04_0177.bmp,1,12,4,4,13,11,11,25,11,13,11
01_13_12_04_0179.bmp,0,12,4,4,13,31,12,42,12,13,31
01_13_12_04_0180.bmp,0,12,4,4,13,12,12,42,12,12,31
01_13_12_04_0181.bmp,0,12,4,4,13,31,12,1,12,25,31
01_13_12_04_0182.bmp,1,12,4,4,13,11,11,13,11,13,11
01_13_12_04_0185.bmp,1,12,4,4,13,11,11,13,11,13,11
01_13_12_04_0186.bmp,1,12,4,4,13,11,11,25,11,25,11
01_13_12_04_0191.bmp,1,12,4,4,13,11,11,25,11,13,11
01_13_12_04_0192.bmp,1,12,4,4,13,11,11,25,11,25,11
01_13_12_04_0193.bmp,0,12,4,4,13,31,12,1,11,13,31
01_13_12_04_0195.bmp,0,12,4,4,13,31,12,12,11,25,31
01_13_12_04_0196.bmp,0,12,4,4,13,31,12,12,11,35,31
01_13_12_04_0196.bmp,1,12,4,4,13,11,11,25,11,13,11
01_13_12_04_0197.bmp,1,12,4,4,13,11,11,25,11,13,11
01_13_12_04_0198.bmp,0,12,4,4,13,31,12,25,11,40,31
01_13_12_04_0200.bmp,0,12,4,4,13,31,12,23,11,13,31
01_13_12_04_0200.bmp,1,12,4,4,13,11,11,25,11,13,11
01_13_12_04_0201.bmp,0,12,4,4,13,31,12,12,11,40,31
01_13_12_04_0202.bmp,0,12,4,4,13,31,12,12,11,13,31
01_13_12_04_0202.bmp,1,12,4,4,13,11,11,25,11,13,11
01_13_12_04_0204.bmp,0,12,4,4,13,31,12,11,11,40,31
01_13_12_04_0206.bmp,0,12,4,4,13,31,12,23,11,40,31
01_13_12_04_0206.bmp,1,12,4,4,13,11,11,13,11,13,11
01_13_12_04_0207.bmp,1,12,4,4,13,11,11,25,11,25,11
01_13_12_04_0208.bmp,1,12,4,4,13,11,11,25,11,25,11
01_13_12_04_0211.bmp,0,12,4,4,13,31,12,23,12,23,12
01_13_12_04_0212.bmp,1,12,4,4,13,11,11,25,11,25,11
01_13_12_04_0213.bmp,0,12,4,4,13,31,12,25,12,12,13
01_13_12_04_0214.bmp,1,12,4,4,13,11,11,25,11,40,11
01_13_12_04_0215.bmp,0,12,4,4,13,31,12,20,13,13,31
01_13_12_04_0217.bmp,1,12,4,4,13,11,11,13,11,13,11
01_13_12_04_0218.bmp,0,12,4,4,13,13,11,20,13,13,13
01_13_12_04_0218.bmp,1,12,4,4,13,11,11,25,11,13,11
01_13_12_04_0219.bmp,0,12,4,4,13,13,11,20,13,40,13
01_13_12_04_0219.bmp,1,12,4,4,13,11,11,25,11,25,11
01_13_12_04_0223.bmp,1,12,4,4,13,11,11,13,11,13,11
01_13_12_04_0224.bmp,1,12,4,4,13,11,11,25,11,25,11
01_13_12_04_0228.bmp,0,12,4,4,13,13,11,25,13,13,13
01_13_12_04_0229.bmp,1,12,4,4,13,11,11,25,11,13,11
01_13_12_04_0230.bmp,0,12,4,4,13,13,13,25,13,13,13
01_13_12_04_0231.bmp,1,12,4,4,13,11,11,25,11,1,11
01_13_12_04_0232.bmp,0,12,4,4,13,13,13,25,13,13,13
01_13_12_04_0232.bmp,1,12,4,4,13,11,11,13,11,13,11
01_13_12_04_0234.bmp,1,12,4,4,13,11,11,13,11,13,11
01_13_12_04_0235.bmp,0,12,4,4,13,13,13,25,13,13,13
01_13_12_04_0236.bmp,0,12,4,4,13,13,13,25,13,13,13
01_13_12_04_0236.bmp,1,12,4,4,13,11,11,13,11,13,11
01_13_12_04_0237.bmp,1,12,4,4,13,11,11,13,11,13,11
01_13_12_04_0238.bmp,1,12,4,4,13,11,11,25,11,25,11
01_13_12_04_0239.bmp,0,12,4,4,13,13,13,13,13,13,13
01_13_12_04_0241.bmp,0,12,4,4,13,13,13,13,13,13,13
01_13_12_04_0243.bmp,0,12,4,4,13,13,13,13,13,13,13
01_13_12_04_0244.bmp,0,12,4,4,13,13,13,13,13,13,13
01_13_12_04_0244.bmp,1,12,4,4,13,11,11,25,11,13,11
01_13_12_04_0248.bmp,1,12,4,4,13,11,11,25,11,13,11
01_13_12_04_0249.bmp,0,12,4,4,13,13,13,13,13,13,13
01_13_12_04_0250.bmp,1,12,4,4,13,11,11,25,11,40,11
01_13_12_04_0251.bmp,1,12,4,4,13,11,11,25,11,13,11
01_13_12_04_0253.bmp,0,12,4,4,13,13,13,13,13,13,13
01_13_12_04_0255.bmp,1,12,4,4,13,11,11,25,11,1,11
01_13_12_04_0256.bmp,1,12,4,4,13,11,11,13,11,13,11
01_13_12_04_0258.bmp,1,12,4,4,13,11,11,25,11,13,11
01_13_12_04_0259.bmp,0,12,4,4,13,13,13,13,13,13,13
01_13_12_04_0262.bmp,1,12,4,4,13,11,11,13,11,13,11
01_13_12_04_0263.bmp,0,12,4,4,13,13,13,13,13,13,13
01_13_12_04_0264.bmp,0,12,4,4,13,13,13,13,13,13,13
01_13_12_04_0264.bmp,1,12,4,4,13,11,11,25,11,13,11
01_13_12_04_0268.bmp,1,12,4,4,13,11,11,25,11,13,11
01_13_12_04_0269.bmp,0,12,4,4,13,13,13,13,13,13,13
01_13_12_04_0269.bmp,1,12,4,4,13,11,11,13,11,25,11
01_13_12_04_0271.bmp,0,12,4,4,13,11,11,25,11,13,11
01_13_12_04_0274.bmp,0,12,4,4,13,11,11,25,11,13,11
01_13_12_04_0275.bmp,0,12,4,4,13,11,11,13,11,13,11
01_13_12_04_0276.bmp,0,12,4,4,13,11,11,25,11,13,11
01_13_12_04_0277.bmp,0,12,4,4,13,11,11,25,11,13,11
01_13_12_04_0278.bmp,0,12,4,4,13,11,11,13,11,13,11
01_13_12_04_0279.bmp,0,12,4,4,13,11,11,25,11,13,11
01_13_12_04_0283.bmp,0,12,4,4,13,11,11,13,11,13,11
01_13_12_04_0284.bmp,0,12,4,4,13,11,11,13,11,13,11
01_13_12_04_0285.bmp,0,12,4,4,13,11,11,25,11,25,11
01_13_12_04_0286.bmp,0,12,4,4,13,11,11,13,11,13,11
01_13_12_04_0287.bmp,0,12,4,4,13,11,11,13,11,13,11
01_13_12_04_0289.bmp,0,12,4,4,13,11,11,13,11,13,11
01_13_12_04_0290.bmp,0,12,4,4,13,11,11,25,11,13,11
01_13_12_04_0293.bmp,0,12,4,4,13,11,11,25,11,13,11
01_13_12_04_0294.bmp,0,12,4,4,13,11,11,25,11,13,11
01_13_12_04_0296.bmp,0,12,4,4,13,11,11,25,11,13,11
01_13_12_04_0299.bmp,0,12,4,4,13,11,11,25,11,25,11
01_13_12_04_0301.bmp,0,12,4,4,13,11,11,13,11,13,11
01_13_12_04_0302.bmp,0,12,4,4,13,11,11,25,11,13,11
01_13_12_04_0304.bmp,0,12,4,4,13,11,11,25,11,13,11
01_13_12_04_0306.bmp,0,12,4,4,13,11,11,13,11,25,11
01_13_12_04_0308.bmp,0,12,4,4,13,11,11,25,11,13,11
01_13_12_04_0312.bmp,0,12,4,4,13,11,11,13,11,13,11
01_13_12_04_0315.bmp,0,12,4,4,13,11,11,25,11,13,11
01_13_12_04_0316.bmp,0,12,4,4,13,11,11,25,11,13,11
01_13_12_04_0328.bmp,0,12,4,4,13,11,11,13,11,13,11
01_13_12_04_0333.bmp,0,12,4,4,13,11,11,25,11,13,11
01_13_12_04_0338.bmp,0,12,4,4,13,11,11,13,13,13,13
01_13_12_04_0341.bmp,0,12,4,4,13,13,11,13,13,13,13
01_13_12_04_0342.bmp,0,12,4,4,13,11,11,13,13,13,13
01_13_12_04_0343.bmp,0,12,4,4,13,11,11,13,13,13,13
01_13_12_04_0344.bmp,0,12,4,4,13,11,11,13,13,13,11
01_13_12_04_0348.bmp,0,12,4,4,13,13,11,13,13,13,13
01_13_12_04_0349.bmp,0,12,4,4,13,13,11,13,13,13,13
01_13_12_04_0352.bmp,0,12,4,4,13,13,11,13,13,13,13
01_13_12_04_0356.bmp,0,12,4,4,13,12,31,25,12,14,31
01_13_12_04_0360.bmp,0,12,4,4,13,13,13,13,13,13,13
01_13_12_04_0363.bmp,0,12,4,4,13,13,13,13,13,13,13
01_13_12_04_0367.bmp,0,12,4,4,13,13,13,13,13,13,13
01_13_12_04_0370.bmp,0,12,4,4,13,13,13,13,13,13,13
01_13_12_04_0371.bmp,0,12,4,4,13,13,13,13,13,13,13
01_13_12_04_0372.bmp,0,12,4,4,13,13,13,13,13,13,13
01_13_12_04_0374.bmp,0,12,4,4,13,13,13,13,13,13,13
01_13_12_04_0377.bmp,0,12,4,4,13,13,13,13,13,13,13
01_13_12_04_0378.bmp,0,12,4,4,13,13,13,13,13,13,13
01_13_12_04_0382.bmp,0,12,4,4,13,13,13,13,13,13,13
01_13_12_04_0384.bmp,0,12,4,4,13,13,13,13,13,13,13
01_13_12_04_0387.bmp,0,12,4,4,13,12,12,42,12,12,31
01_13_12_04_0389.bmp,0,12,4,4,13,12,12,42,12,25,12
01_13_12_04_0390.bmp,0,12,4,4,13,12,12,12,12,13,31
01_13_12_04_0393.bmp,0,12,4,4,13,12,12,12,12,25,31
01_13_12_04_0397.bmp,0,12,4,4,13,12,12,42,12,13,31
01_13_12_04_0399.bmp,0,12,4,4,13,12,12,12,12,13,12
01_13_12_04_0400.bmp,0,12,4,4,13,12,12,42,12,12,31
01_13_12_04_0401.bmp,0,12,4,4,13,12,12,42,12,12,31
01_13_12_04_0402.bmp,0,12,4,4,13,12,12,42,12,40,31
01_13_12_04_0406.bmp,0,12,4,4,13,12,12,42,12,1,31
01_13_12_04_0407.bmp,0,12,4,4,13,12,12,12,12,13,31
01_13_12_04_0416.bmp,0,12,4,4,13,11,12,42,12,13,11
01_13_12_04_0419.bmp,0,12,4,4,13,12,12,12,12,12,11
01_13_12_04_0420.bmp,0,12,4,4,13,12,12,12,12,12,12
01_13_12_04_0424.bmp,0,12,4,4,13,12,12,42,12,13,31
01_13_12_04_0429.bmp,0,12,4,4,13,11,12,25,12,25,11
01_13_12_04_0433.bmp,0,12,4,4,13,11,12,25,12,40,11
01_13_12_04_0437.bmp,0,12,4,4,13,11,12,2,12,13,13
01_13_12_04_0444.bmp,0,12,4,4,13,11,12,6,11,25,11
01_13_12_04_0445.bmp,0,12,4,4,13,11,12,25,12,12,32
01_13_12_04_0446.bmp,0,12,4,4,13,11,12,20,11,18,31
01_13_12_04_0447.bmp,0,12,4,4,13,11,12,23,12,13,11
01_13_12_04_0453.bmp,0,12,4,4,13,11,12,25,11,13,13
01_13_12_04_0457.bmp,0,12,4,4,13,11,11,25,11,13,11
01_13_12_04_0459.bmp,0,12,4,4,13,11,12,40,11,13,13
01_13_12_04_0461.bmp,0,12,4,4,13,11,12,25,11,40,13
01_13_12_04_0464.bmp,0,12,4,4,13,13,12,25,11,13,13
01_13_12_04_0466.bmp,0,12,4,4,13,13,11,25,11,13,13
01_13_12_04_0468.bmp,0,12,4,4,13,13,12,25,11,13,13
01_13_12_04_0469.bmp,0,12,4,4,13,13,12,20,11,13,13
01_13_12_04_0472.bmp,0,12,4,4,13,13,11,25,11,25,13
01_13_12_04_0473.bmp,0,12,4,4,13,13,11,25,11,13,13
01_13_12_04_0475.bmp,0,12,4,4,13,13,11,25,13,13,13
01_13_12_04_0476.bmp,0,12,4,4,13,13,11,25,13,13,13
01_13_12_04_0483.bmp,0,12,4,4,13,13,11,25,13,13,13
01_13_12_04_0484.bmp,0,12,4,4,13,13,11,25,13,13,13
01_13_12_04_0486.bmp,0,12,4,4,13,13,11,25,13,13,13
01_13_12_04_0489.bmp,0,12,4,4,13,13,11,25,13,13,13
01_13_12_04_0490.bmp,0,12,4,4,13,13,11,13,13,13,13
01_13_12_04_0492.bmp,0,12,4,4,13,13,11,13,13,13,13
01_13_12_04_0493.bmp,0,12,4,4,13,13,11,25,13,13,13
01_13_12_04_0494.bmp,0,12,4,4,13,13,11,13,13,13,13
01_13_12_04_0495.bmp,0,12,4,4,13,13,11,11,13,13,13
01_13_12_04_0496.bmp,0,12,4,4,13,13,11,25,13,13,13
01_13_12_04_0501.bmp,0,12,4,4,13,13,11,13,13,13,13
01_13_12_04_0503.bmp,0,12,4,4,13,13,11,13,13,13,13
01_13_12_04_0506.bmp,0,12,4,4,13,13,13,13,13,13,13
01_13_12_04_0509.bmp,0,12,4,4,13,13,13,13,13,13,13
01_13_12_04_0512.bmp,0,12,4,4,13,13,13,13,13,13,13
01_13_12_04_0513.bmp,0,12,4,4,13,13,13,13,13,13,13
01_13_12_04_0518.bmp,0,12,4,4,13,31,31,1,11,40,12
01_13_12_04_0519.bmp,0,12,4,4,13,31,31,42,11,13,13
01_13_12_04_0520.bmp,0,12,4,4,13,31,31,12,31,7,13
01_13_12_04_0522.bmp,0,12,4,4,13,31,31,1,31,13,31
01_13_12_04_0525.bmp,0,12,4,4,13,31,31,13,13,13,13
01_13_12_04_0527.bmp,0,12,4,4,13,31,31,25,13,13,13
01_13_12_04_0528.bmp,0,12,4,4,13,31,31,42,32,40,12
01_13_12_04_0529.bmp,0,12,4,4,13,31,31,12,13,13,13
01_13_12_04_0530.bmp,0,12,4,4,13,31,31,42,32,35,32
01_13_12_04_0532.bmp,0,12,4,4,13,31,31,12,31,13,32
01_13_12_04_0533.bmp,0,12,4,4,13,12,12,12,13,13,12
01_13_12_04_0535.bmp,0,12,4,4,13,12,12,13,13,13,13
01_13_12_04_0539.bmp,0,12,4,4,13,31,31,40,13,13,13
01_13_12_04_0540.bmp,0,12,4,4,13,31,31,42,13,13,32
01_13_12_04_0546.bmp,0,12,4,4,13,31,31,12,32,12,32
01_13_12_04_0547.bmp,0,12,4,4,13,31,12,25,12,40,12
01_13_12_04_0549.bmp,0,12,4,4,13,31,31,12,13,40,13
01_13_12_04_0553.bmp,0,12,4,4,13,31,31,25,13,13,13
01_13_12_04_0556.bmp,0,12,4,4,13,31,31,12,31,13,31
01_13_12_04_0557.bmp,0,12,4,4,13,31,31,20,13,13,13
01_13_12_04_0559.bmp,0,12,4,4,13,31,31,25,13,13,13
01_13_12_04_0567.bmp,0,12,4,4,13,13,31,20,13,13,13
01_13_12_04_0576.bmp,0,12,4,4,13,32,31,6,32,13,32
01_13_12_04_0578.bmp,0,12,4,4,13,32,31,23,13,40,12
01_13_12_04_0584.bmp,0,12,4,4,13,32,31,0,32,13,32
01_13_12_04_0585.bmp,0,12,4,4,13,13,11,20,13,13,13
01_13_12_04_0587.bmp,0,12,4,4,13,13,31,20,13,13,13
01_13_12_04_0591.bmp,0,12,4,4,13,13,11,13,13,13,13
01_13_12_04_0593.bmp,0,12,4,4,13,13,11,25,13,13,13
01_13_12_04_0595.bmp,0,12,4,4,13,13,11,25,13,13,13
01_13_12_04_0601.bmp,0,12,4,4,13,13,11,20,13,13,13
01_13_12_04_0603.bmp,0,12,4,4,13,13,11,25,13,13,13
01_13_12_04_0606.bmp,0,12,4,4,13,13,11,25,13,13,13
01_13_12_04_0607.bmp,0,12,4,4,13,13,11,25,13,13,13
01_13_12_04_0608.bmp,0,12,4,4,13,13,11,25,13,13,13
01_13_12_04_0611.bmp,0,12,4,4,13,13,11,25,13,13,13
01_13_12_04_0617.bmp,0,12,4,4,13,13,13,13,13,13,13
01_13_12_04_0619.bmp,0,12,4,4,13,13,11,13,13,13,13
01_13_12_04_0622.bmp,0,12,4,4,13,13,11,13,13,13,13
01_03_12_05_0005.bmp,0,12,5,4,9,31,31,0,16,13,13
01_03_12_05_0006.bmp,0,12,5,4,9,32,31,42,13,13,13
01_03_12_05_0008.bmp,0,12,5,4,9,13,16,0,13,13,13
01_03_12_05_0009.bmp,0,12,5,4,9,13,31,41,13,13,13
01_03_12_05_0014.bmp,0,12,5,4,9,13,16,41,13,13,13
01_03_12_05_0015.bmp,0,12,5,4,9,13,16,23,13,13,13
01_03_12_05_0024.bmp,0,12,5,4,9,13,16,6,13,41,13
01_03_12_05_0028.bmp,0,12,5,4,9,13,13,41,13,16,13
01_03_12_05_0032.bmp,0,12,5,4,9,13,13,41,13,14,13
01_03_12_05_0038.bmp,0,12,5,4,9,13,16,23,13,9,13
01_03_12_05_0039.bmp,0,12,5,4,9,13,13,23,13,14,13
01_03_12_05_0040.bmp,0,12,5,4,9,13,13,23,13,13,13
01_03_12_05_0043.bmp,0,12,5,4,9,13,13,13,13,13,13
01_03_12_05_0045.bmp,0,12,5,4,9,13,13,41,13,13,13
01_03_12_05_0046.bmp,0,12,5,4,9,13,13,23,13,13,13
01_03_12_05_0048.bmp,0,12,5,4,9,13,13,23,13,13,13
01_03_12_05_0051.bmp,0,12,5,4,9,13,13,25,13,13,13
01_03_12_05_0055.bmp,0,12,5,4,9,13,13,41,13,13,13
01_03_12_05_0056.bmp,0,12,5,4,9,13,32,25,13,13,13
01_03_12_05_0059.bmp,0,12,5,4,9,13,32,23,13,25,13
01_03_12_05_0063.bmp,0,12,5,4,9,13,13,25,13,41,13
01_03_12_05_0064.bmp,0,12,5,4,9,13,11,2,13,9,13
01_03_12_05_0066.bmp,0,12,5,4,9,13,13,41,13,13,13
01_03_12_05_0069.bmp,0,12,5,4,9,13,13,2,13,41,13
01_03_12_05_0072.bmp,0,12,5,4,9,13,13,13,13,13,13
01_03_12_05_0073.bmp,0,12,5,4,9,13,13,2,13,14,13
01_03_12_05_0079.bmp,0,12,5,4,9,13,13,13,13,9,13
01_03_12_05_0082.bmp,0,12,5,4,9,13,13,2,13,14,13
01_03_12_05_0085.bmp,0,12,5,4,9,13,13,13,13,41,13
01_06_12_05_0001.bmp,0,12,5,4,14,32,32,20,25,25,25
01_06_12_05_0001.bmp,1,12,5,4,14,11,11,6,12,35,11
01_06_12_05_0002.bmp,1,12,5,4,14,11,11,25,12,25,11
01_06_12_05_0005.bmp,1,12,5,4,14,11,11,0,12,38,11
01_06_12_05_0006.bmp,0,12,5,4,14,32,11,23,1,14,1
01_06_12_05_0006.bmp,1,12,5,4,14,11,11,20,12,25,11
01_06_12_05_0007.bmp,1,12,5,4,14,11,11,20,12,0,11
01_06_12_05_0009.bmp,0,12,5,4,14,25,11,25,25,14,25
01_06_12_05_0009.bmp,1,12,5,4,14,11,11,20,12,23,11
01_06_12_05_0011.bmp,0,12,5,4,14,1,11,25,25,14,25
01_06_12_05_0011.bmp,1,12,5,4,14,11,11,6,12,12,11
01_06_12_05_0012.bmp,0,12,5,4,14,1,11,25,1,25,25
01_06_12_05_0012.bmp,1,12,5,4,14,11,11,20,12,40,11
01_06_12_05_0014.bmp,0,12,5,4,14,25,11,25,25,14,25
01_06_12_05_0014.bmp,1,12,5,4,14,11,11,20,12,40,11
01_06_12_05_0015.bmp,1,12,5,4,14,11,11,23,12,26,11
01_06_12_05_0016.bmp,0,12,5,4,14,1,11,25,25,14,25
01_06_12_05_0017.bmp,0,12,5,4,14,25,11,25,25,29,25
01_06_12_05_0017.bmp,1,12,5,4,14,11,11,25,12,26,11
01_06_12_05_0019.bmp,0,12,5,4,14,25,11,25,25,14,25
01_06_12_05_0019.bmp,1,12,5,4,14,11,11,20,12,25,11
01_06_12_05_0025.bmp,1,12,5,4,14,11,11,20,12,40,11
01_06_12_05_0026.bmp,1,12,5,4,14,11,11,20,12,25,11
01_06_12_05_0029.bmp,0,12,5,4,14,25,11,2,25,14,25
01_06_12_05_0030.bmp,0,12,5,4,14,25,11,25,25,14,25
01_06_12_05_0033.bmp,0,12,5,4,14,25,1,25,25,14,25
01_06_12_05_0033.bmp,1,12,5,4,14,31,31,0,11,1,13
01_06_12_05_0034.bmp,1,12,5,4,14,32,31,0,11,25,12
01_06_12_05_0037.bmp,1,12,5,4,14,36,36,6,36,25,36
01_06_12_05_0038.bmp,0,12,5,4,14,25,1,25,25,14,25
01_06_12_05_0038.bmp,1,12,5,4,14,31,31,42,31,40,12
01_06_12_05_0039.bmp,0,12,5,4,14,25,25,20,25,14,25
01_06_12_05_0039.bmp,1,12,5,4,14,36,31,0,11,1,36
01_06_12_05_0043.bmp,0,12,5,4,14,25,11,25,25,14,25
01_06_12_05_0046.bmp,0,12,5,4,14,36,36,0,36,1,12
01_06_12_05_0048.bmp,0,12,5,4,14,32,36,0,36,25,36
01_06_12_05_0050.bmp,0,12,5,4,14,32,32,23,13,14,11
01_06_12_05_0057.bmp,0,12,5,4,14,32,32,23,13,14,13
01_06_12_05_0061.bmp,0,12,5,4,14,32,32,23,25,14,25
01_06_12_05_0062.bmp,0,12,5,4,14,32,32,23,25,1,36
01_06_12_05_0064.bmp,0,12,5,4,14,32,32,23,25,14,32
01_06_12_05_0065.bmp,0,12,5,4,14,32,32,25,25,25,32
01_06_12_05_0069.bmp,0,12,5,4,14,13,32,25,25,14,32
01_06_12_05_0071.bmp,0,12,5,4,14,13,32,25,25,14,32
01_06_12_05_0072.bmp,0,12,5,4,14,25,32,13,25,14,4
01_06_12_05_0073.bmp,0,12,5,4,14,25,32,24,25,25,25
01_06_12_05_0076.bmp,0,12,5,4,14,25,32,24,25,14,25
01_06_12_05_0077.bmp,0,12,5,4,14,25,25,24,25,14,25
01_06_12_05_0078.bmp,0,12,5,4,14,25,25,24,25,14,25
01_06_12_05_0080.bmp,0,12,5,4,14,25,25,24,25,14,25
01_06_12_05_0082.bmp,0,12,5,4,14,25,25,25,25,14,25
01_06_12_05_0083.bmp,0,12,5,4,14,25,25,25,25,14,25
01_06_12_05_0084.bmp,0,12,5,4,14,25,25,2,25,14,25
01_11_12_05_0001.bmp,0,12,5,4,12,31,31,1,11,13,31
01_11_12_05_0005.bmp,0,12,5,4,12,31,31,1,13,13,31
01_11_12_05_0009.bmp,0,12,5,4,12,31,31,1,13,26,31
01_11_12_05_0015.bmp,0,12,5,4,12,13,31,11,13,13,13
01_11_12_05_0017.bmp,0,12,5,4,12,32,11,40,13,1,13
01_11_12_05_0018.bmp,0,12,5,4,12,32,11,23,13,13,13
01_11_12_05_0021.bmp,0,12,5,4,12,11,11,11,11,40,11
01_11_12_05_0023.bmp,0,12,5,4,12,31,31,11,11,40,31
01_11_12_05_0026.bmp,0,12,5,4,12,32,31,11,11,1,32
01_11_12_05_0028.bmp,0,12,5,4,12,32,11,11,13,13,13
01_11_12_05_0029.bmp,0,12,5,4,12,11,11,11,11,1,11
01_11_12_05_0035.bmp,0,12,5,4,12,11,11,11,25,13,13
01_11_12_05_0036.bmp,0,12,5,4,12,1,11,11,1,1,1
01_11_12_05_0038.bmp,0,12,5,4,12,13,11,18,13,40,13
01_11_12_05_0039.bmp,0,12,5,4,12,13,11,18,1,1,1
01_11_12_05_0040.bmp,0,12,5,4,12,11,11,11,1,40,11
01_11_12_05_0045.bmp,0,12,5,4,12,11,11,18,1,1,1
01_11_12_05_0048.bmp,0,12,5,4,12,11,11,18,1,1,1
01_11_12_05_0049.bmp,0,12,5,4,12,11,11,18,1,1,11
01_11_12_05_0052.bmp,0,12,5,4,12,1,11,18,1,1,11
01_11_12_05_0053.bmp,0,12,5,4,12,13,11,18,1,1,13
01_11_12_05_0054.bmp,0,12,5,4,12,13,11,18,1,1,13
01_11_12_05_0056.bmp,0,12,5,4,12,13,11,18,13,18,13
01_11_12_05_0058.bmp,0,12,5,4,12,13,11,18,1,18,1
01_11_12_05_0059.bmp,0,12,5,4,12,13,11,18,1,1,1
01_11_12_05_0060.bmp,0,12,5,4,12,13,11,18,13,1,11
01_11_12_05_0061.bmp,0,12,5,4,12,13,11,18,13,1,1
01_11_12_05_0062.bmp,0,12,5,4,12,13,11,18,13,1,1
01_11_12_05_0064.bmp,0,12,5,4,12,13,11,18,13,1,11
01_11_12_05_0066.bmp,0,12,5,4,12,13,11,18,13,26,11
01_11_12_05_0069.bmp,0,12,5,4,12,13,11,11,25,26,1
01_11_12_05_0071.bmp,0,12,5,4,12,13,11,18,25,13,13
01_11_12_05_0073.bmp,0,12,5,4,12,25,11,18,25,26,25
01_11_12_05_0079.bmp,0,12,5,4,12,25,1,26,25,13,25
01_11_12_05_0080.bmp,0,12,5,4,12,32,32,1,25,14,32
01_12_12_05_0001.bmp,0,12,5,4,17,32,11,23,11,17,32
01_12_12_05_0002.bmp,0,12,5,4,17,11,11,25,11,12,36
01_12_12_05_0002.bmp,1,12,5,4,17,11,12,11,12,12,11
01_12_12_05_0003.bmp,0,12,5,4,17,17,11,20,16,17,36
01_12_12_05_0005.bmp,0,12,5,4,17,13,11,6,13,17,13
01_12_12_05_0006.bmp,0,12,5,4,17,17,11,25,11,13,36
01_12_12_05_0007.bmp,0,12,5,4,17,17,11,0,13,17,17
01_12_12_05_0009.bmp,1,12,5,4,17,11,12,42,12,40,11
01_12_12_05_0015.bmp,0,12,5,4,17,10,32,23,9,26,17
01_12_12_05_0016.bmp,0,12,5,4,17,17,11,23,16,17,17
01_12_12_05_0017.bmp,0,12,5,4,17,17,19,23,16,26,17
01_12_12_05_0017.bmp,1,12,5,4,17,11,12,42,12,11,11
01_12_12_05_0019.bmp,0,12,5,4,17,17,19,23,9,26,17
01_12_12_05_0019.bmp,1,12,5,4,17,12,12,25,12,11,11
01_12_12_05_0020.bmp,0,12,5,4,17,17,11,0,17,17,17
01_12_12_05_0020.bmp,1,12,5,4,17,12,12,11,12,11,11
01_12_12_05_0023.bmp,1,12,5,4,17,11,12,25,12,12,11
01_12_12_05_0026.bmp,0,12,5,4,17,17,17,23,16,17,17
01_12_12_05_0027.bmp,1,12,5,4,17,12,12,6,12,12,11
01_12_12_05_0030.bmp,0,12,5,4,17,32,31,25,32,25,31
01_12_12_05_0031.bmp,1,12,5,4,17,11,12,1,12,11,11
01_12_12_05_0032.bmp,1,12,5,4,17,11,12,1,12,18,11
01_12_12_05_0033.bmp,0,12,5,4,17,32,32,25,13,17,31
01_12_12_05_0034.bmp,0,12,5,4,17,19,19,25,13,14,31
01_12_12_05_0034.bmp,1,12,5,4,17,11,12,12,12,12,11
01_12_12_05_0035.bmp,1,12,5,4,17,11,12,42,12,12,11
01_12_12_05_0036.bmp,1,12,5,4,17,12,12,42,12,12,11
01_12_12_05_0037.bmp,1,12,5,4,17,11,12,25,12,25,11
01_12_12_05_0040.bmp,0,12,5,4,17,13,19,9,13,14,17
01_12_12_05_0040.bmp,1,12,5,4,17,11,12,12,12,12,11
01_12_12_05_0041.bmp,0,12,5,4,17,13,32,9,13,14,17
01_12_12_05_0041.bmp,1,12,5,4,17,11,12,12,12,25,11
01_12_12_05_0042.bmp,0,12,5,4,17,13,11,16,25,14,36
01_12_12_05_0043.bmp,1,12,5,4,17,11,12,25,12,25,11
01_12_12_05_0044.bmp,0,12,5,4,17,11,11,11,12,12,11
01_12_12_05_0045.bmp,0,12,5,4,17,11,12,42,12,11,11
01_12_12_05_0047.bmp,0,12,5,4,17,11,12,42,12,25,11
01_12_12_05_0052.bmp,0,12,5,4,17,11,12,11,12,38,11
01_12_12_05_0053.bmp,0,12,5,4,17,11,12,42,12,12,11
01_12_12_05_0054.bmp,0,12,5,4,17,11,11,42,12,25,11
01_12_12_05_0058.bmp,0,12,5,4,17,11,11,23,12,11,11
01_12_12_05_0067.bmp,0,12,5,4,17,11,11,20,12,40,11
01_12_12_05_0068.bmp,0,12,5,4,17,11,11,2,12,25,11
01_12_12_05_0069.bmp,0,12,5,4,17,11,11,20,12,18,11
01_12_12_05_0074.bmp,0,12,5,4,17,11,11,20,12,25,11
01_12_12_05_0076.bmp,0,12,5,4,17,11,11,20,12,12,11
01_12_12_05_0077.bmp,0,12,5,4,17,11,11,20,12,40,11
01_12_12_05_0079.bmp,0,12,5,4,17,11,11,20,12,25,11
01_12_12_05_0080.bmp,0,12,5,4,17,11,11,25,12,25,11
01_12_12_05_0083.bmp,0,12,5,4,17,11,11,20,12,40,11
01_12_12_05_0086.bmp,0,12,5,4,17,11,11,20,12,25,11
01_12_12_05_0087.bmp,0,12,5,4,17,11,11,20,12,12,11
01_12_12_05_0089.bmp,0,12,5,4,17,11,11,25,12,25,11
01_12_12_05_0090.bmp,0,12,5,4,17,11,11,20,12,25,11
01_12_12_05_0092.bmp,0,12,5,4,17,11,11,20,12,25,11
01_12_12_05_0093.bmp,0,12,5,4,17,11,11,25,12,12,11
01_12_12_05_0106.bmp,0,12,5,4,17,11,11,25,12,25,11
01_12_12_05_0111.bmp,0,12,5,4,17,11,11,25,11,26,11
01_12_12_05_0112.bmp,0,12,5,4,17,11,11,23,11,25,11
01_12_12_05_0116.bmp,0,12,5,4,17,10,11,23,11,26,10
01_13_12_05_0001.bmp,0,12,5,4,13,11,12,12,12,12,11
01_13_12_05_0001.bmp,1,12,5,4,13,11,11,2,11,12,11
01_13_12_05_0004.bmp,1,12,5,4,13,11,11,20,11,40,10
01_13_12_05_0007.bmp,0,12,5,4,13,11,12,11,12,40,11
01_13_12_05_0007.bmp,1,12,5,4,13,11,11,0,11,13,11
01_13_12_05_0009.bmp,0,12,5,4,13,11,12,25,12,25,11
01_13_12_05_0009.bmp,1,12,5,4,13,11,11,13,11,13,13
01_13_12_05_0010.bmp,0,12,5,4,13,11,11,12,12,11,11
01_13_12_05_0016.bmp,0,12,5,4,13,11,12,12,12,12,11
01_13_12_05_0017.bmp,1,12,5,4,13,13,11,2,13,13,13
01_13_12_05_0019.bmp,0,12,5,4,13,11,12,12,12,12,11
01_13_12_05_0019.bmp,1,12,5,4,13,13,11,13,13,13,13
01_13_12_05_0021.bmp,0,12,5,4,13,11,12,12,12,35,11
01_13_12_05_0022.bmp,0,12,5,4,13,11,12,23,12,12,11
01_13_12_05_0023.bmp,1,12,5,4,13,13,11,13,13,13,13
01_13_12_05_0024.bmp,0,12,5,4,13,11,12,12,12,12,11
01_13_12_05_0024.bmp,1,12,5,4,13,13,11,13,13,13,13
01_13_12_05_0025.bmp,0,12,5,4,13,12,12,20,12,12,11
01_13_12_05_0027.bmp,0,12,5,4,13,11,12,11,12,12,11
01_13_12_05_0028.bmp,1,12,5,4,13,13,11,13,13,13,13
01_13_12_05_0029.bmp,1,12,5,4,13,13,11,13,13,13,13
01_13_12_05_0030.bmp,0,12,5,4,13,11,12,25,12,12,11
01_13_12_05_0030.bmp,1,12,5,4,13,13,13,13,13,13,13
01_13_12_05_0031.bmp,0,12,5,4,13,11,12,42,12,13,11
01_13_12_05_0031.bmp,1,12,5,4,13,13,13,13,13,13,13
01_13_12_05_0032.bmp,0,12,5,4,13,11,12,23,12,25,11
01_13_12_05_0036.bmp,1,12,5,4,13,13,13,13,13,13,13
01_13_12_05_0037.bmp,0,12,5,4,13,11,12,12,12,11,11
01_13_12_05_0037.bmp,1,12,5,4,13,13,13,13,13,13,13
01_13_12_05_0038.bmp,0,12,5,4,13,12,12,11,12,25,12
01_13_12_05_0038.bmp,1,12,5,4,13,13,13,13,13,13,13
01_13_12_05_0041.bmp,0,12,5,4,13,11,12,40,12,13,11
01_13_12_05_0043.bmp,1,12,5,4,13,13,13,13,13,13,13
01_13_12_05_0045.bmp,1,12,5,4,13,13,13,13,13,13,13
01_13_12_05_0049.bmp,0,12,5,4,13,11,12,20,12,13,11
01_13_12_05_0050.bmp,0,12,5,4,13,11,12,25,12,11,11
01_13_12_05_0050.bmp,1,12,5,4,13,13,13,13,13,13,13
01_13_12_05_0052.bmp,1,12,5,4,13,13,13,13,13,13,13
01_13_12_05_0053.bmp,0,12,5,4,13,11,11,20,12,13,11
01_13_12_05_0053.bmp,1,12,5,4,13,13,13,13,13,13,13
01_13_12_05_0054.bmp,0,12,5,4,13,11,11,20,12,40,11
01_13_12_05_0055.bmp,1,12,5,4,13,13,13,13,13,13,13
01_13_12_05_0059.bmp,0,12,5,4,13,11,11,20,12,13,11
01_13_12_05_0060.bmp,1,12,5,4,13,13,13,13,13,13,13
01_13_12_05_0062.bmp,1,12,5,4,13,13,13,2,13,13,13
01_13_12_05_0066.bmp,0,12,5,4,13,11,11,13,12,35,11
01_13_12_05_0070.bmp,1,12,5,4,13,11,12,1,12,33,11
01_13_12_05_0072.bmp,1,12,5,4,13,11,12,12,12,12,11
01_13_12_05_0075.bmp,0,12,5,4,13,11,11,13,11,13,11
01_13_12_05_0075.bmp,1,12,5,4,13,11,12,12,12,12,11
01_13_12_05_0076.bmp,1,12,5,4,13,11,12,12,12,40,11
01_13_12_05_0080.bmp,0,12,5,4,13,13,11,13,11,13,13
01_13_12_05_0081.bmp,1,12,5,4,13,11,12,2,12,12,11
01_13_12_05_0082.bmp,0,12,5,4,13,13,11,25,11,13,13
01_13_12_05_0083.bmp,0,12,5,4,13,13,11,13,11,13,13
01_13_12_05_0084.bmp,1,12,5,4,13,12,12,25,12,25,11
01_13_12_05_0086.bmp,0,12,5,4,13,13,11,13,13,13,13
01_13_12_05_0088.bmp,1,12,5,4,13,11,12,6,12,25,11
01_13_12_05_0089.bmp,0,12,5,4,13,13,11,13,13,13,13
01_13_12_05_0090.bmp,1,12,5,4,13,11,12,6,12,12,11
01_13_12_05_0091.bmp,0,12,5,4,13,13,11,13,13,13,13
01_13_12_05_0091.bmp,1,12,5,4,13,11,12,23,12,12,11
01_13_12_05_0092.bmp,0,12,5,4,13,13,11,13,13,13,13
01_13_12_05_0093.bmp,0,12,5,4,13,13,11,13,13,13,13
01_13_12_05_0093.bmp,1,12,5,4,13,11,12,0,12,25,11
01_13_12_05_0095.bmp,1,12,5,4,13,11,12,0,12,25,11
01_13_12_05_0098.bmp,0,12,5,4,13,13,11,13,13,13,13
01_13_12_05_0101.bmp,0,12,5,4,13,13,13,13,13,13,13
01_13_12_05_0101.bmp,1,12,5,4,13,11,12,0,12,40,11
01_13_12_05_0104.bmp,0,12,5,4,13,13,13,13,13,13,13
01_13_12_05_0106.bmp,1,12,5,4,13,11,12,0,12,11,11
01_13_12_05_0108.bmp,1,12,5,4,13,11,12,23,12,2,11
01_13_12_05_0109.bmp,0,12,5,4,13,13,13,13,13,13,13
01_13_12_05_0111.bmp,1,12,5,4,13,11,11,20,12,40,11
01_13_12_05_0113.bmp,0,12,5,4,13,13,13,13,13,13,13
01_13_12_05_0113.bmp,1,12,5,4,13,11,12,20,12,25,11
01_13_12_05_0114.bmp,1,12,5,4,13,11,11,20,12,0,11
01_13_12_05_0115.bmp,0,12,5,4,13,11,12,1,12,11,11
01_13_12_05_0116.bmp,1,12,5,4,13,11,11,20,12,25,11
01_13_12_05_0117.bmp,1,12,5,4,13,11,11,20,12,40,11
01_13_12_05_0119.bmp,1,12,5,4,13,11,11,20,12,23,11
01_13_12_05_0120.bmp,1,12,5,4,13,11,11,2,12,25,11
01_13_12_05_0121.bmp,1,12,5,4,13,11,12,20,12,39,11
01_13_12_05_0122.bmp,0,12,5,4,13,11,12,2,12,25,11
01_13_12_05_0125.bmp,0,12,5,4,13,11,11,23,12,25,11
01_13_12_05_0128.bmp,0,12,5,4,13,11,12,40,12,12,11
01_13_12_05_0128.bmp,1,12,5,4,13,11,12,25,12,25,11
01_13_12_05_0130.bmp,1,12,5,4,13,11,11,25,12,12,11
01_13_12_05_0131.bmp,0,12,5,4,13,11,11,20,12,12,11
01_13_12_05_0131.bmp,1,12,5,4,13,11,11,25,12,11,11
01_13_12_05_0132.bmp,0,12,5,4,13,11,11,40,12,25,11
01_13_12_05_0132.bmp,1,12,5,4,13,11,11,20,12,40,11
01_13_12_05_0134.bmp,1,12,5,4,13,11,11,2,12,2,11
01_13_12_05_0136.bmp,0,12,5,4,13,11,12,25,12,13,11
01_13_12_05_0137.bmp,0,12,5,4,13,11,12,25,12,13,11
01_13_12_05_0137.bmp,1,12,5,4,13,11,12,25,12,25,11
01_13_12_05_0138.bmp,1,12,5,4,13,11,11,25,12,12,11
01_13_12_05_0139.bmp,1,12,5,4,13,11,11,25,12,40,11
01_13_12_05_0140.bmp,1,12,5,4,13,11,11,25,12,0,11
01_13_12_05_0141.bmp,1,12,5,4,13,11,11,25,12,0,11
01_13_12_05_0146.bmp,1,12,5,4,13,11,11,25,12,40,11
01_13_12_05_0148.bmp,0,12,5,4,13,11,11,25,11,13,11
01_13_12_05_0149.bmp,1,12,5,4,13,11,11,25,12,40,11
01_13_12_05_0150.bmp,0,12,5,4,13,11,11,25,11,1,11
01_13_12_05_0151.bmp,0,12,5,4,13,11,12,25,11,13,11
01_13_12_05_0151.bmp,1,12,5,4,13,11,11,25,12,12,11
01_13_12_05_0153.bmp,0,12,5,4,13,11,12,25,11,13,31
01_13_12_05_0155.bmp,0,12,5,4,13,32,12,25,13,13,31
01_13_12_05_0155.bmp,1,12,5,4,13,11,11,25,12,25,11
01_13_12_05_0156.bmp,0,12,5,4,13,19,11,25,13,13,31
01_13_12_05_0157.bmp,0,12,5,4,13,32,11,25,13,13,31
01_13_12_05_0160.bmp,0,12,5,4,13,13,11,25,13,13,13
01_13_12_05_0161.bmp,1,12,5,4,13,11,11,25,12,25,11
01_13_12_05_0164.bmp,0,12,5,4,13,13,19,13,13,13,13
01_13_12_05_0165.bmp,1,12,5,4,13,11,11,25,12,40,11
01_13_12_05_0168.bmp,0,12,5,4,13,12,12,42,12,40,11
01_13_12_05_0169.bmp,0,12,5,4,13,11,12,42,12,18,11
01_13_12_05_0170.bmp,0,12,5,4,13,11,12,11,12,10,11
01_13_12_05_0170.bmp,1,12,5,4,13,11,11,25,12,25,11
01_13_12_05_0171.bmp,0,12,5,4,13,11,12,42,12,12,11
01_13_12_05_0172.bmp,1,12,5,4,13,11,11,25,12,12,11
01_13_12_05_0174.bmp,0,12,5,4,13,11,12,23,12,7,11
01_13_12_05_0174.bmp,1,12,5,4,13,11,11,25,12,40,11
01_13_12_05_0176.bmp,0,12,5,4,13,12,12,42,12,23,12
01_13_12_05_0177.bmp,0,12,5,4,13,11,12,12,12,11,11
01_13_12_05_0179.bmp,1,12,5,4,13,11,11,25,12,2,11
01_13_12_05_0181.bmp,1,12,5,4,13,11,11,25,12,25,11
01_13_12_05_0182.bmp,1,12,5,4,13,11,11,25,12,25,11
01_13_12_05_0183.bmp,0,12,5,4,13,12,12,12,12,11,11
01_13_12_05_0185.bmp,1,12,5,4,13,11,11,25,12,12,11
01_13_12_05_0186.bmp,0,12,5,4,13,12,12,42,12,11,11
01_13_12_05_0187.bmp,0,12,5,4,13,12,12,11,12,40,11
01_13_12_05_0190.bmp,0,12,5,4,13,11,12,42,12,23,11
01_13_12_05_0194.bmp,0,12,5,4,13,11,12,1,12,12,11
01_13_12_05_0198.bmp,0,12,5,4,13,12,12,6,12,25,11
01_13_12_05_0199.bmp,1,12,5,4,13,11,11,25,12,25,11
01_13_12_05_0201.bmp,1,12,5,4,13,11,11,25,12,25,11
01_13_12_05_0202.bmp,0,12,5,4,13,11,12,6,12,12,31
01_13_12_05_0204.bmp,0,12,5,4,13,12,12,11,12,25,11
01_13_12_05_0204.bmp,1,12,5,4,13,11,11,25,12,11,11
01_13_12_05_0205.bmp,0,12,5,4,13,11,12,12,12,13,11
01_13_12_05_0205.bmp,1,12,5,4,13,11,11,25,12,25,11
01_13_12_05_0206.bmp,1,12,5,4,13,11,11,25,12,12,11
01_13_12_05_0210.bmp,0,12,5,4,13,12,12,25,12,11,31
01_13_12_05_0211.bmp,1,12,5,4,13,11,11,25,12,40,11
01_13_12_05_0212.bmp,0,12,5,4,13,12,12,25,12,11,12
01_13_12_05_0213.bmp,0,12,5,4,13,12,12,23,12,12,31
01_13_12_05_0213.bmp,1,12,5,4,13,11,11,25,12,25,11
01_13_12_05_0216.bmp,0,12,5,4,13,31,12,20,11,13,31
01_13_12_05_0217.bmp,0,12,5,4,13,31,12,25,13,13,13
01_13_12_05_0217.bmp,1,12,5,4,13,11,11,25,12,25,11
01_13_12_05_0218.bmp,0,12,5,4,13,11,11,20,13,13,13
01_13_12_05_0220.bmp,0,12,5,4,13,31,12,25,13,40,13
01_13_12_05_0220.bmp,1,12,5,4,13,11,11,25,12,40,11
01_13_12_05_0221.bmp,0,12,5,4,13,31,11,20,13,13,13
01_13_12_05_0221.bmp,1,12,5,4,13,11,11,25,12,13,11
01_13_12_05_0226.bmp,0,12,5,4,13,13,11,25,13,13,13
01_13_12_05_0228.bmp,0,12,5,4,13,13,11,25,13,13,13
01_13_12_05_0228.bmp,1,12,5,4,13,11,11,25,12,40,11
01_13_12_05_0229.bmp,0,12,5,4,13,13,11,25,13,13,13
01_13_12_05_0229.bmp,1,12,5,4,13,11,11,25,12,40,11
01_13_12_05_0230.bmp,1,12,5,4,13,11,11,25,12,25,11
01_13_12_05_0232.bmp,0,12,5,4,13,13,11,25,13,13,13
01_13_12_05_0232.bmp,1,12,5,4,13,11,11,25,12,12,11
01_13_12_05_0233.bmp,1,12,5,4,13,11,11,25,12,25,11
01_13_12_05_0234.bmp,1,12,5,4,13,11,11,25,12,25,11
01_13_12_05_0236.bmp,1,12,5,4,13,11,11,25,12,25,11
01_13_12_05_0237.bmp,1,12,5,4,13,11,11,25,12,13,11
01_13_12_05_0238.bmp,0,12,5,4,13,13,13,13,13,13,13
01_13_12_05_0240.bmp,0,12,5,4,13,13,13,13,13,13,13
01_13_12_05_0241.bmp,1,12,5,4,13,11,11,25,12,25,11
01_13_12_05_0242.bmp,1,12,5,4,13,11,11,25,12,25,11
01_13_12_05_0244.bmp,1,12,5,4,13,11,11,25,12,25,11
01_13_12_05_0248.bmp,0,12,5,4,13,13,13,13,13,13,13
01_13_12_05_0249.bmp,0,12,5,4,13,13,13,13,13,13,13
01_13_12_05_0249.bmp,1,12,5,4,13,11,11,25,12,13,11
01_13_12_05_0250.bmp,0,12,5,4,13,13,13,13,13,13,13
01_13_12_05_0250.bmp,1,12,5,4,13,11,11,25,12,25,11
01_13_12_05_0252.bmp,0,12,5,4,13,13,13,13,13,13,13
01_13_12_05_0252.bmp,1,12,5,4,13,11,11,25,12,13,11
01_13_12_05_0254.bmp,0,12,5,4,13,13,13,13,13,13,13
01_13_12_05_0255.bmp,0,12,5,4,13,13,13,13,13,13,13
01_13_12_05_0256.bmp,0,12,5,4,13,13,13,13,13,13,13
01_13_12_05_0257.bmp,0,12,5,4,13,13,13,13,13,13,13
01_13_12_05_0258.bmp,0,12,5,4,13,13,13,13,13,13,13
01_13_12_05_0259.bmp,0,12,5,4,13,13,13,13,13,13,13
01_13_12_05_0260.bmp,1,12,5,4,13,11,11,25,12,40,11
01_13_12_05_0261.bmp,0,12,5,4,13,13,13,13,13,13,13
01_13_12_05_0262.bmp,1,12,5,4,13,11,11,25,12,40,11
01_13_12_05_0264.bmp,0,12,5,4,13,13,13,13,13,13,13
01_13_12_05_0266.bmp,1,12,5,4,13,11,11,25,12,25,11
01_13_12_05_0267.bmp,0,12,5,4,13,13,13,13,13,13,13
01_13_12_05_0267.bmp,1,12,5,4,13,11,11,25,12,25,11
01_13_12_05_0268.bmp,0,12,5,4,13,13,13,13,13,13,13
01_13_12_05_0270.bmp,0,12,5,4,13,11,11,25,12,25,11
01_13_12_05_0271.bmp,0,12,5,4,13,11,11,25,12,25,11
01_13_12_05_0275.bmp,0,12,5,4,13,11,11,25,12,25,11
01_13_12_05_0276.bmp,0,12,5,4,13,11,11,25,12,25,11
01_13_12_05_0277.bmp,0,12,5,4,13,11,11,25,12,25,11
01_13_12_05_0279.bmp,0,12,5,4,13,11,11,25,12,40,11
01_13_12_05_0280.bmp,0,12,5,4,13,11,11,25,12,40,11
01_13_12_05_0282.bmp,0,12,5,4,13,11,11,25,12,12,11
01_13_12_05_0284.bmp,0,12,5,4,13,11,11,25,12,25,11
01_13_12_05_0285.bmp,0,12,5,4,13,11,11,25,12,40,11
01_13_12_05_0290.bmp,0,12,5,4,13,11,11,25,12,25,11
01_13_12_05_0292.bmp,0,12,5,4,13,11,11,25,12,12,11
01_13_12_05_0294.bmp,0,12,5,4,13,11,11,25,12,13,11
01_13_12_05_0295.bmp,0,12,5,4,13,11,11,25,12,24,11
01_13_12_05_0297.bmp,0,12,5,4,13,11,11,25,12,25,11
01_13_12_05_0298.bmp,0,12,5,4,13,11,11,25,12,25,11
01_13_12_05_0300.bmp,0,12,5,4,13,11,11,25,12,13,11
01_13_12_05_0301.bmp,0,12,5,4,13,11,11,25,12,25,11
01_13_12_05_0304.bmp,0,12,5,4,13,11,11,25,12,40,11
01_13_12_05_0307.bmp,0,12,5,4,13,11,11,25,12,40,11
01_13_12_05_0309.bmp,0,12,5,4,13,11,11,25,12,40,11
01_13_12_05_0311.bmp,0,12,5,4,13,11,11,25,12,40,11
01_13_12_05_0315.bmp,0,12,5,4,13,11,11,25,12,25,11
01_13_12_05_0316.bmp,0,12,5,4,13,11,11,25,12,25,11
01_13_12_05_0318.bmp,0,12,5,4,13,11,11,25,12,25,11
01_13_12_05_0321.bmp,0,12,5,4,13,11,11,25,12,13,11
01_13_12_05_0327.bmp,0,12,5,4,13,11,11,25,12,13,11
01_13_12_05_0328.bmp,0,12,5,4,13,11,11,25,12,25,11
01_13_12_05_0330.bmp,0,12,5,4,13,11,11,25,12,13,11
01_13_12_05_0334.bmp,0,12,5,4,13,11,11,25,11,25,11
01_13_12_05_0335.bmp,0,12,5,4,13,11,11,25,11,12,11
01_13_12_05_0337.bmp,0,12,5,4,13,11,11,25,11,13,11
01_13_12_05_0340.bmp,0,12,5,4,13,11,11,13,11,13,11
01_13_12_05_0345.bmp,0,12,5,4,13,11,11,13,13,13,11
01_13_12_05_0347.bmp,0,12,5,4,13,13,11,13,13,13,13
01_13_12_05_0356.bmp,0,12,5,4,13,12,11,23,12,14,31
01_13_12_05_0358.bmp,0,12,5,4,13,13,13,13,13,13,13
01_13_12_05_0359.bmp,0,12,5,4,13,13,13,25,13,13,13
01_13_12_05_0360.bmp,0,12,5,4,13,13,13,13,13,13,13
01_13_12_05_0362.bmp,0,12,5,4,13,13,13,13,13,13,13
01_13_12_05_0387.bmp,0,12,5,4,13,11,12,1,12,12,11
01_13_12_05_0390.bmp,0,12,5,4,13,11,12,42,12,12,11
01_13_12_05_0393.bmp,0,12,5,4,13,12,12,1,12,18,11
01_13_12_05_0394.bmp,0,12,5,4,13,12,12,12,12,12,11
01_13_12_05_0397.bmp,0,12,5,4,13,11,12,42,12,25,11
01_13_12_05_0400.bmp,0,12,5,4,13,12,12,42,12,13,12
01_13_12_05_0401.bmp,0,12,5,4,13,12,12,12,12,12,11
01_13_12_05_0407.bmp,0,12,5,4,13,11,12,42,12,12,11
01_13_12_05_0409.bmp,0,12,5,4,13,12,12,12,12,12,11
01_13_12_05_0411.bmp,0,12,5,4,13,11,12,42,12,25,11
01_13_12_05_0416.bmp,0,12,5,4,13,11,12,16,12,12,11
01_13_12_05_0420.bmp,0,12,5,4,13,12,12,12,12,13,11
01_13_12_05_0425.bmp,0,12,5,4,13,11,12,11,12,11,11
01_13_12_05_0430.bmp,0,12,5,4,13,11,12,12,12,11,11
01_13_12_05_0431.bmp,0,12,5,4,13,11,12,40,12,11,11
01_13_12_05_0432.bmp,0,12,5,4,13,11,12,25,12,25,11
01_13_12_05_0437.bmp,0,12,5,4,13,11,12,6,12,11,11
01_13_12_05_0444.bmp,0,12,5,4,13,11,12,12,12,25,11
01_13_12_05_0445.bmp,0,12,5,4,13,11,12,6,12,12,11
01_13_12_05_0448.bmp,0,12,5,4,13,11,12,25,12,12,11
01_13_12_05_0449.bmp,0,12,5,4,13,11,11,20,12,40,11
01_13_12_05_0450.bmp,0,12,5,4,13,11,12,2,12,25,11
01_13_12_05_0452.bmp,0,12,5,4,13,11,12,20,12,12,11
01_13_12_05_0457.bmp,0,12,5,4,13,11,11,20,12,25,11
01_13_12_05_0458.bmp,0,12,5,4,13,11,12,20,12,40,11
01_13_12_05_0459.bmp,0,12,5,4,13,11,11,20,12,25,11
01_13_12_05_0460.bmp,0,12,5,4,13,11,11,40,12,11,11
01_13_12_05_0462.bmp,0,12,5,4,13,11,12,23,12,25,11
01_13_12_05_0466.bmp,0,12,5,4,13,11,11,20,12,40,11
01_13_12_05_0470.bmp,0,12,5,4,13,11,12,25,12,25,11
01_13_12_05_0474.bmp,0,12,5,4,13,11,11,25,12,25,11
01_13_12_05_0477.bmp,0,12,5,4,13,11,11,25,12,25,11
01_13_12_05_0478.bmp,0,12,5,4,13,11,11,25,12,1,11
01_13_12_05_0481.bmp,0,12,5,4,13,11,11,25,12,13,11
01_13_12_05_0484.bmp,0,12,5,4,13,11,11,25,12,13,11
01_13_12_05_0486.bmp,0,12,5,4,13,11,11,25,12,13,11
01_13_12_05_0493.bmp,0,12,5,4,13,11,11,25,11,13,11
01_13_12_05_0496.bmp,0,12,5,4,13,11,11,13,11,13,11
01_13_12_05_0497.bmp,0,12,5,4,13,13,11,11,11,13,13
01_13_12_05_0499.bmp,0,12,5,4,13,13,11,13,13,13,13
01_13_12_05_0501.bmp,0,12,5,4,13,13,11,11,13,13,13
01_13_12_05_0505.bmp,0,12,5,4,13,13,11,13,13,13,13
01_13_12_05_0506.bmp,0,12,5,4,13,13,13,25,13,13,13
01_13_12_05_0507.bmp,0,12,5,4,13,13,13,13,13,13,13
01_13_12_05_0508.bmp,0,12,5,4,13,13,13,13,13,13,13
01_13_12_05_0510.bmp,0,12,5,4,13,13,13,13,13,13,13
01_13_12_05_0511.bmp,0,12,5,4,13,13,13,25,13,13,13
01_13_12_05_0512.bmp,0,12,5,4,13,13,13,13,13,13,13
01_13_12_05_0513.bmp,0,12,5,4,13,13,13,13,13,13,13
01_13_12_05_0515.bmp,0,12,5,4,13,13,10,25,25,13,13
01_13_12_05_0516.bmp,0,12,5,4,13,31,12,1,11,40,32
01_13_12_05_0517.bmp,0,12,5,4,13,31,12,42,11,13,32
01_13_12_05_0521.bmp,0,12,5,4,13,31,12,1,11,40,31
01_13_12_05_0524.bmp,0,12,5,4,13,31,31,11,11,34,31
01_13_12_05_0527.bmp,0,12,5,4,13,31,12,25,13,13,13
01_13_12_05_0530.bmp,0,12,5,4,13,31,31,12,31,23,13
01_13_12_05_0535.bmp,0,12,5,4,13,12,12,25,13,13,13
01_13_12_05_0537.bmp,0,12,5,4,13,31,12,13,13,26,13
01_13_12_05_0538.bmp,0,12,5,4,13,31,31,11,11,40,32
01_13_12_05_0540.bmp,0,12,5,4,13,31,31,42,16,40,13
01_13_12_05_0543.bmp,0,12,5,4,13,31,12,13,12,13,13
01_13_12_05_0546.bmp,0,12,5,4,13,31,31,42,32,12,12
01_13_12_05_0550.bmp,0,12,5,4,13,31,31,42,31,35,31
01_13_12_05_0551.bmp,0,12,5,4,13,31,31,25,13,13,13
01_13_12_05_0552.bmp,0,12,5,4,13,31,31,42,31,13,32
01_13_12_05_0555.bmp,0,12,5,4,13,31,31,0,13,13,10
01_13_12_05_0558.bmp,0,12,5,4,13,31,31,42,13,13,13
01_13_12_05_0559.bmp,0,12,5,4,13,31,31,23,13,13,13
01_13_12_05_0563.bmp,0,12,5,4,13,31,12,20,13,13,12
01_13_12_05_0566.bmp,0,12,5,4,13,31,31,23,13,13,32
01_13_12_05_0568.bmp,0,12,5,4,13,31,31,25,31,13,32
01_13_12_05_0570.bmp,0,12,5,4,13,31,31,12,13,13,13
01_13_12_05_0580.bmp,0,12,5,4,13,32,31,12,13,13,32
01_13_12_05_0582.bmp,0,12,5,4,13,31,31,0,32,40,32
01_13_12_05_0585.bmp,0,12,5,4,13,13,12,20,13,13,13
01_13_12_05_0587.bmp,0,12,5,4,13,13,11,25,13,13,13
01_13_12_05_0591.bmp,0,12,5,4,13,13,11,20,13,13,13
01_13_12_05_0592.bmp,0,12,5,4,13,32,31,2,13,13,13
01_13_12_05_0593.bmp,0,12,5,4,13,13,11,25,13,13,13
01_13_12_05_0601.bmp,0,12,5,4,13,13,11,25,13,13,13
01_13_12_05_0602.bmp,0,12,5,4,13,13,11,25,13,13,13
01_13_12_05_0604.bmp,0,12,5,4,13,13,11,13,13,13,13
01_13_12_05_0606.bmp,0,12,5,4,13,13,11,25,13,13,13
01_13_12_05_0612.bmp,0,12,5,4,13,13,11,25,13,13,13
01_13_12_05_0618.bmp,0,12,5,4,13,13,11,13,13,13,13
01_13_12_05_0620.bmp,0,12,5,4,13,13,11,13,13,13,13
01_13_12_05_0621.bmp,0,12,5,4,13,13,11,25,13,13,13
01_13_12_05_0623.bmp,0,12,5,4,13,13,11,13,13,13,13
01_13_12_05_0624.bmp,0,12,5,4,13,13,13,13,13,13,13
01_03_09_03_0006.bmp,0,9,3,4,9,32,16,42,16,32,32
01_03_09_03_0008.bmp,0,9,3,4,9,32,16,42,16,32,32
01_03_09_03_0009.bmp,0,9,3,4,9,32,16,11,32,34,32
01_03_09_03_0011.bmp,0,9,3,4,9,32,16,11,11,11,32
01_03_09_03_0017.bmp,0,9,3,4,9,32,16,16,32,11,12
01_03_09_03_0019.bmp,0,9,3,4,9,32,16,42,12,11,12
01_03_09_03_0020.bmp,0,9,3,4,9,16,16,42,16,13,13
01_03_09_03_0021.bmp,0,9,3,4,9,13,16,42,16,11,16
01_03_09_03_0023.bmp,0,9,3,4,9,32,16,42,16,11,16
01_03_09_03_0024.bmp,0,9,3,4,9,32,16,25,32,13,32
01_03_09_03_0028.bmp,0,9,3,4,9,12,16,42,40,41,16
01_03_09_03_0038.bmp,0,9,3,4,9,13,16,40,13,40,16
01_03_09_03_0040.bmp,0,9,3,4,9,13,16,11,12,40,13
01_03_09_03_0043.bmp,0,9,3,4,9,12,16,25,12,13,12
01_03_09_03_0054.bmp,0,9,3,4,9,13,13,11,40,26,13
01_03_09_03_0055.bmp,0,9,3,4,9,13,13,40,13,13,13
01_03_09_03_0063.bmp,0,9,3,4,9,13,16,20,13,13,13
01_03_09_03_0065.bmp,0,9,3,4,9,13,16,11,13,40,13
01_03_09_03_0075.bmp,0,9,3,4,9,13,13,20,13,13,13
01_03_09_03_0079.bmp,0,9,3,4,9,25,13,20,13,25,13
01_03_09_03_0080.bmp,0,9,3,4,9,13,13,13,13,14,13
01_03_09_03_0081.bmp,0,9,3,4,9,13,13,13,13,13,13
01_03_09_03_0085.bmp,0,9,3,4,9,13,13,25,13,13,13
01_06_09_03_0001.bmp,0,9,3,4,14,13,11,13,13,13,13
01_06_09_03_0003.bmp,1,9,3,4,14,11,12,42,11,11,11
01_06_09_03_0004.bmp,0,9,3,4,14,18,18,18,18,18,18
01_06_09_03_0007.bmp,0,9,3,4,14,18,18,18,18,24,18
01_06_09_03_0007.bmp,1,9,3,4,14,12,12,11,13,18,12
01_06_09_03_0009.bmp,0,9,3,4,14,13,11,28,18,24,18
01_06_09_03_0010.bmp,1,9,3,4,14,12,12,11,12,13,12
01_06_09_03_0014.bmp,1,9,3,4,14,12,12,28,12,11,12
01_06_09_03_0015.bmp,0,9,3,4,14,25,25,13,13,25,25
01_06_09_03_0015.bmp,1,9,3,4,14,13,12,18,18,11,13
01_06_09_03_0016.bmp,0,9,3,4,14,13,11,28,13,13,25
01_06_09_03_0017.bmp,0,9,3,4,14,13,11,18,18,24,18
01_06_09_03_0018.bmp,0,9,3,4,14,18,18,18,18,13,18
01_06_09_03_0020.bmp,1,9,3,4,14,18,12,28,18,18,18
01_06_09_03_0022.bmp,0,9,3,4,14,25,11,24,13,24,25
01_06_09_03_0025.bmp,1,9,3,4,14,11,11,18,11,18,11
01_06_09_03_0026.bmp,0,9,3,4,14,25,11,18,18,24,18
01_06_09_03_0027.bmp,0,9,3,4,14,13,25,24,18,24,18
01_06_09_03_0028.bmp,0,9,3,4,14,25,25,2,13,24,25
01_06_09_03_0028.bmp,1,9,3,4,14,11,11,28,18,1,11
01_06_09_03_0030.bmp,0,9,3,4,14,13,11,2,13,7,13
01_06_09_03_0030.bmp,1,9,3,4,14,13,11,18,13,18,13
01_06_09_03_0032.bmp,1,9,3,4,14,12,31,6,12,40,12
01_06_09_03_0033.bmp,0,9,3,4,14,13,25,13,13,13,25
01_06_09_03_0033.bmp,1,9,3,4,14,12,12,42,12,1,12
01_06_09_03_0035.bmp,0,9,3,4,14,13,25,13,13,7,13
01_06_09_03_0035.bmp,1,9,3,4,14,12,31,42,12,13,12
01_06_09_03_0036.bmp,1,9,3,4,14,11,12,42,35,32,35
01_06_09_03_0037.bmp,0,9,3,4,14,13,25,24,13,7,13
01_06_09_03_0039.bmp,1,9,3,4,14,12,12,6,12,11,12
01_06_09_03_0040.bmp,0,9,3,4,14,25,25,24,13,13,25
01_06_09_03_0041.bmp,0,9,3,4,14,13,25,24,13,13,13
01_06_09_03_0041.bmp,1,9,3,4,14,12,12,42,12,11,13
01_06_09_03_0042.bmp,0,9,3,4,14,25,25,13,13,13,25
01_06_09_03_0043.bmp,1,9,3,4,14,12,12,42,12,1,12
01_06_09_03_0044.bmp,1,9,3,4,14,12,12,42,12,18,12
01_06_09_03_0054.bmp,0,9,3,4,14,11,11,18,12,18,12
01_06_09_03_0055.bmp,0,9,3,4,14,12,12,40,12,13,12
01_06_09_03_0058.bmp,0,9,3,4,14,12,12,1,12,13,12
01_06_09_03_0059.bmp,0,9,3,4,14,12,12,18,18,18,12
01_06_09_03_0061.bmp,0,9,3,4,14,12,12,18,1,18,18
01_06_09_03_0063.bmp,0,9,3,4,14,13,11,28,18,1,18
01_06_09_03_0064.bmp,0,9,3,4,14,18,11,18,18,18,18
01_06_09_03_0067.bmp,0,9,3,4,14,11,11,28,12,40,12
01_06_09_03_0068.bmp,0,9,3,4,14,12,11,18,12,18,18
01_06_09_03_0073.bmp,0,9,3,4,14,13,25,18,1,7,18
01_06_09_03_0075.bmp,0,9,3,4,14,11,11,28,1,7,11
01_06_09_03_0077.bmp,0,9,3,4,14,18,18,18,18,18,18
01_06_09_03_0080.bmp,0,9,3,4,14,18,18,18,18,18,18
01_06_09_03_0081.bmp,0,9,3,4,14,13,12,12,12,7,12
01_06_09_03_0083.bmp,0,9,3,4,14,13,25,13,12,7,12
01_06_09_03_0087.bmp,0,9,3,4,14,25,25,2,25,25,25
01_06_09_03_0089.bmp,0,9,3,4,14,25,25,2,25,23,25
01_11_09_03_0002.bmp,0,9,3,4,12,11,31,42,11,1,11
01_11_09_03_0006.bmp,0,9,3,4,12,32,31,42,32,11,32
01_11_09_03_0007.bmp,0,9,3,4,12,11,16,42,11,11,11
01_11_09_03_0009.bmp,0,9,3,4,12,13,31,42,13,35,13
01_11_09_03_0010.bmp,0,9,3,4,12,11,31,42,11,1,31
01_11_09_03_0011.bmp,0,9,3,4,12,31,31,42,12,35,32
01_11_09_03_0015.bmp,0,9,3,4,12,32,12,42,12,32,12
01_11_09_03_0016.bmp,0,9,3,4,12,11,12,42,11,40,11
01_11_09_03_0017.bmp,0,9,3,4,12,11,11,11,11,13,11
01_11_09_03_0018.bmp,0,9,3,4,12,11,11,42,11,11,32
01_11_09_03_0022.bmp,0,9,3,4,12,32,11,11,32,1,32
01_11_09_03_0026.bmp,0,9,3,4,12,32,12,11,11,11,12
01_11_09_03_0028.bmp,0,9,3,4,12,12,11,42,12,35,12
01_11_09_03_0029.bmp,0,9,3,4,12,11,12,42,11,11,11
01_11_09_03_0030.bmp,0,9,3,4,12,11,11,42,11,11,11
01_11_09_03_0031.bmp,0,9,3,4,12,11,11,12,12,40,12
01_11_09_03_0033.bmp,0,9,3,4,12,11,11,11,12,13,11
01_11_09_03_0037.bmp,0,9,3,4,12,11,11,11,1,18,18
01_11_09_03_0038.bmp,0,9,3,4,12,11,11,42,1,1,1
01_11_09_03_0043.bmp,0,9,3,4,12,32,11,11,32,32,12
01_11_09_03_0048.bmp,0,9,3,4,12,32,11,18,32,18,1
01_11_09_03_0049.bmp,0,9,3,4,12,13,1,11,13,28,1
01_11_09_03_0050.bmp,0,9,3,4,12,18,11,28,18,18,18
01_11_09_03_0058.bmp,0,9,3,4,12,13,13,28,13,28,13
01_11_09_03_0059.bmp,0,9,3,4,12,13,13,11,13,13,11
01_11_09_03_0060.bmp,0,9,3,4,12,13,13,28,13,28,1
01_11_09_03_0061.bmp,0,9,3,4,12,13,13,11,13,18,11
01_11_09_03_0063.bmp,0,9,3,4,12,13,13,18,13,18,13
01_11_09_03_0065.bmp,0,9,3,4,12,13,13,11,13,28,13
01_11_09_03_0068.bmp,0,9,3,4,12,13,13,28,13,13,13
01_11_09_03_0076.bmp,0,9,3,4,12,13,25,11,13,13,13
01_11_09_03_0078.bmp,0,9,3,4,12,13,25,13,13,13,13
01_12_09_03_0004.bmp,0,9,3,4,17,13,13,42,13,11,13
01_12_09_03_0005.bmp,1,9,3,4,17,12,31,42,12,40,12
01_12_09_03_0006.bmp,1,9,3,4,17,12,31,11,13,35,12
01_12_09_03_0007.bmp,0,9,3,4,17,13,11,11,11,7,13
01_12_09_03_0008.bmp,0,9,3,4,17,18,13,28,18,18,18
01_12_09_03_0010.bmp,0,9,3,4,17,7,13,28,7,11,13
01_12_09_03_0010.bmp,1,9,3,4,17,12,31,42,12,18,12
01_12_09_03_0011.bmp,1,9,3,4,17,19,31,11,40,34,19
01_12_09_03_0012.bmp,1,9,3,4,17,12,31,11,12,18,31
01_12_09_03_0013.bmp,1,9,3,4,17,12,31,11,12,18,12
01_12_09_03_0014.bmp,0,9,3,4,17,25,10,18,25,18,13
01_12_09_03_0016.bmp,1,9,3,4,17,12,31,11,11,18,31
01_12_09_03_0017.bmp,0,9,3,4,17,13,13,28,13,11,13
01_12_09_03_0018.bmp,0,9,3,4,17,7,7,28,7,7,7
01_12_09_03_0019.bmp,0,9,3,4,17,13,16,18,25,17,13
01_12_09_03_0019.bmp,1,9,3,4,17,12,31,42,12,11,12
01_12_09_03_0021.bmp,0,9,3,4,17,13,7,18,13,17,13
01_12_09_03_0022.bmp,0,9,3,4,17,13,7,28,7,7,7
01_12_09_03_0025.bmp,0,9,3,4,17,13,11,18,13,7,13
01_12_09_03_0025.bmp,1,9,3,4,17,12,31,42,13,13,13
01_12_09_03_0026.bmp,1,9,3,4,17,31,31,11,32,17,13
01_12_09_03_0027.bmp,0,9,3,4,17,13,16,42,7,13,16
01_12_09_03_0027.bmp,1,9,3,4,17,12,31,42,12,13,31
01_12_09_03_0028.bmp,0,9,3,4,17,13,12,18,12,13,12
01_12_09_03_0029.bmp,1,9,3,4,17,31,31,12,11,13,31
01_12_09_03_0030.bmp,1,9,3,4,17,11,31,11,11,11,13
01_12_09_03_0032.bmp,0,9,3,4,17,12,12,18,12,18,12
01_12_09_03_0033.bmp,0,9,3,4,17,13,11,18,11,18,18
01_12_09_03_0037.bmp,0,9,3,4,17,13,11,28,13,7,13
01_12_09_03_0037.bmp,1,9,3,4,17,38,31,11,13,7,31
01_12_09_03_0039.bmp,0,9,3,4,17,18,18,18,18,18,18
01_12_09_03_0042.bmp,0,9,3,4,17,13,11,28,7,13,18
01_12_09_03_0042.bmp,1,9,3,4,17,38,31,12,11,31,31
01_12_09_03_0043.bmp,1,9,3,4,17,31,31,42,31,11,31
01_12_09_03_0044.bmp,0,9,3,4,17,11,31,42,11,18,36
01_12_09_03_0046.bmp,0,9,3,4,17,12,31,11,11,35,12
01_12_09_03_0047.bmp,0,9,3,4,17,12,31,42,11,13,31
01_12_09_03_0050.bmp,0,9,3,4,17,31,31,11,25,1,31
01_12_09_03_0052.bmp,0,9,3,4,17,36,36,18,13,13,36
01_12_09_03_0053.bmp,0,9,3,4,17,31,31,11,11,7,31
01_12_09_03_0060.bmp,0,9,3,4,17,17,11,11,7,26,17
01_12_09_03_0061.bmp,0,9,3,4,17,11,11,28,11,26,13
01_12_09_03_0063.bmp,0,9,3,4,17,13,32,42,25,26,25
01_12_09_03_0066.bmp,0,9,3,4,17,13,13,18,13,13,13
01_12_09_03_0072.bmp,0,9,3,4,17,13,13,18,13,18,13
01_12_09_03_0079.bmp,0,9,3,4,17,11,11,28,11,18,11
01_12_09_03_0080.bmp,0,9,3,4,17,11,11,28,11,18,11
01_12_09_03_0081.bmp,0,9,3,4,17,11,11,28,11,18,11
01_12_09_03_0085.bmp,0,9,3,4,17,11,11,11,11,11,11
01_12_09_03_0088.bmp,0,9,3,4,17,11,11,28,11,18,11
01_12_09_03_0089.bmp,0,9,3,4,17,13,13,20,13,26,13
01_12_09_03_0092.bmp,0,9,3,4,17,13,13,28,13,18,11
01_12_09_03_0094.bmp,0,9,3,4,17,13,11,28,18,18,11
01_12_09_03_0100.bmp,0,9,3,4,17,11,11,18,11,18,11
01_12_09_03_0102.bmp,0,9,3,4,17,13,10,42,13,13,17
01_12_09_03_0103.bmp,0,9,3,4,17,11,11,28,11,14,11
01_12_09_03_0107.bmp,0,9,3,4,17,7,16,28,7,13,11
01_12_09_03_0109.bmp,0,9,3,4,17,13,13,13,7,7,13
01_12_09_03_0113.bmp,0,9,3,4,17,7,7,18,7,7,11
01_12_09_03_0114.bmp,0,9,3,4,17,7,7,28,7,14,7
01_12_09_03_0115.bmp,0,9,3,4,17,13,7,28,13,26,13
01_12_09_03_0116.bmp,0,9,3,4,17,13,7,28,13,13,13
01_13_09_03_0003.bmp,0,9,3,4,13,12,12,42,12,13,12
01_13_09_03_0003.bmp,1,9,3,4,13,13,13,13,13,13,13
01_13_09_03_0005.bmp,0,9,3,4,13,12,12,42,12,13,13
01_13_09_03_0006.bmp,1,9,3,4,13,13,13,13,13,13,13
01_13_09_03_0007.bmp,0,9,3,4,13,12,12,12,12,13,12
01_13_09_03_0009.bmp,0,9,3,4,13,12,12,11,12,13,12
01_13_09_03_0010.bmp,1,9,3,4,13,13,13,13,13,13,13
01_13_09_03_0012.bmp,0,9,3,4,13,12,12,11,12,11,12
01_13_09_03_0012.bmp,1,9,3,4,13,13,13,13,13,13,13
01_13_09_03_0013.bmp,0,9,3,4,13,12,12,40,12,13,12
01_13_09_03_0014.bmp,0,9,3,4,13,12,12,42,12,13,12
01_13_09_03_0014.bmp,1,9,3,4,13,13,13,13,13,13,13
01_13_09_03_0015.bmp,1,9,3,4,13,13,13,13,13,13,13
01_13_09_03_0016.bmp,0,9,3,4,13,12,12,42,12,13,12
01_13_09_03_0017.bmp,0,9,3,4,13,12,12,42,12,13,12
01_13_09_03_0018.bmp,1,9,3,4,13,13,13,13,13,13,13
01_13_09_03_0019.bmp,1,9,3,4,13,13,13,13,13,13,13
01_13_09_03_0021.bmp,0,9,3,4,13,12,12,11,12,40,12
01_13_09_03_0023.bmp,1,9,3,4,13,13,13,13,13,13,13
01_13_09_03_0024.bmp,1,9,3,4,13,13,13,12,13,13,13
01_13_09_03_0025.bmp,0,9,3,4,13,12,12,25,13,40,12
01_13_09_03_0025.bmp,1,9,3,4,13,13,13,13,13,13,13
01_13_09_03_0029.bmp,0,9,3,4,13,12,12,11,12,40,13
01_13_09_03_0031.bmp,0,9,3,4,13,12,12,11,12,12,12
01_13_09_03_0031.bmp,1,9,3,4,13,13,13,13,13,13,13
01_13_09_03_0032.bmp,0,9,3,4,13,12,12,42,12,13,12
01_13_09_03_0032.bmp,1,9,3,4,13,13,13,13,13,13,13
01_13_09_03_0033.bmp,1,9,3,4,13,13,13,13,13,13,13
01_13_09_03_0034.bmp,0,9,3,4,13,12,12,11,12,13,12
01_13_09_03_0034.bmp,1,9,3,4,13,13,13,2,13,13,13
01_13_09_03_0036.bmp,0,9,3,4,13,12,12,11,13,13,13
01_13_09_03_0036.bmp,1,9,3,4,13,13,13,40,13,13,13
01_13_09_03_0037.bmp,0,9,3,4,13,12,12,42,12,13,13
01_13_09_03_0037.bmp,1,9,3,4,13,13,13,13,13,13,13
01_13_09_03_0039.bmp,1,9,3,4,13,13,13,13,13,13,13
01_13_09_03_0041.bmp,0,9,3,4,13,13,13,40,13,13,13
01_13_09_03_0041.bmp,1,9,3,4,13,13,13,13,13,13,13
01_13_09_03_0043.bmp,0,9,3,4,13,13,13,40,13,13,40
01_13_09_03_0043.bmp,1,9,3,4,13,13,13,2,13,13,13
01_13_09_03_0044.bmp,0,9,3,4,13,13,12,40,13,40,40
01_13_09_03_0048.bmp,0,9,3,4,13,13,12,40,13,13,40
01_13_09_03_0048.bmp,1,9,3,4,13,13,13,13,13,13,13
01_13_09_03_0049.bmp,0,9,3,4,13,13,12,40,12,13,40
01_13_09_03_0052.bmp,0,9,3,4,13,13,13,40,13,13,13
01_13_09_03_0054.bmp,1,9,3,4,13,13,13,13,13,13,13
01_13_09_03_0055.bmp,1,9,3,4,13,13,13,13,13,13,13
01_13_09_03_0057.bmp,1,9,3,4,13,13,13,13,13,13,13
01_13_09_03_0058.bmp,0,9,3,4,13,13,12,40,13,13,13
01_13_09_03_0058.bmp,1,9,3,4,13,13,13,13,13,13,13
01_13_09_03_0061.bmp,0,9,3,4,13,13,13,40,13,13,40
01_13_09_03_0062.bmp,1,9,3,4,13,13,13,13,13,13,13
01_13_09_03_0063.bmp,1,9,3,4,13,12,12,42,12,18,12
01_13_09_03_0064.bmp,1,9,3,4,13,12,31,12,12,18,12
01_13_09_03_0067.bmp,1,9,3,4,13,12,31,12,12,11,12
01_13_09_03_0068.bmp,1,9,3,4,13,12,31,42,12,1,12
01_13_09_03_0069.bmp,1,9,3,4,13,12,31,28,12,35,12
01_13_09_03_0072.bmp,1,9,3,4,13,12,31,42,12,18,12
01_13_09_03_0073.bmp,1,9,3,4,13,12,31,12,12,12,12
01_13_09_03_0074.bmp,1,9,3,4,13,12,31,18,12,18,12
01_13_09_03_0075.bmp,0,9,3,4,13,13,13,13,13,13,13
01_13_09_03_0076.bmp,1,9,3,4,13,12,31,42,12,35,12
01_13_09_03_0077.bmp,1,9,3,4,13,12,12,42,12,32,12
01_13_09_03_0078.bmp,1,9,3,4,13,12,12,11,12,18,12
01_13_09_03_0081.bmp,0,9,3,4,13,13,13,13,13,13,13
01_13_09_03_0083.bmp,0,9,3,4,13,13,13,13,13,13,13
01_13_09_03_0084.bmp,0,9,3,4,13,13,13,13,13,13,13
01_13_09_03_0085.bmp,0,9,3,4,13,13,13,13,13,13,13
01_13_09_03_0088.bmp,0,9,3,4,13,13,13,18,13,13,13
01_13_09_03_0093.bmp,0,9,3,4,13,13,13,18,13,13,13
01_13_09_03_0093.bmp,1,9,3,4,13,12,31,28,12,12,12
01_13_09_03_0095.bmp,1,9,3,4,13,12,31,12,12,35,12
01_13_09_03_0097.bmp,0,9,3,4,13,13,13,13,13,13,13
01_13_09_03_0097.bmp,1,9,3,4,13,12,12,12,12,13,12
01_13_09_03_0098.bmp,1,9,3,4,13,12,31,12,12,18,12
01_13_09_03_0099.bmp,0,9,3,4,13,13,13,18,13,13,13
01_13_09_03_0100.bmp,1,9,3,4,13,12,31,42,12,13,12
01_13_09_03_0101.bmp,1,9,3,4,13,12,31,42,12,40,12
01_13_09_03_0102.bmp,1,9,3,4,13,12,12,42,12,11,12
01_13_09_03_0105.bmp,0,9,3,4,13,13,13,13,13,13,13
01_13_09_03_0106.bmp,0,9,3,4,13,13,13,13,13,13,13
01_13_09_03_0108.bmp,1,9,3,4,13,12,12,42,12,18,12
01_13_09_03_0109.bmp,1,9,3,4,13,12,12,42,12,11,12
01_13_09_03_0110.bmp,0,9,3,4,13,13,13,40,13,13,13
01_13_09_03_0111.bmp,0,9,3,4,13,13,13,40,40,13,13
01_13_09_03_0111.bmp,1,9,3,4,13,11,12,28,11,11,11
01_13_09_03_0114.bmp,0,9,3,4,13,12,31,42,12,13,32
01_13_09_03_0116.bmp,1,9,3,4,13,12,12,28,12,13,12
01_13_09_03_0117.bmp,1,9,3,4,13,12,12,28,12,11,12
01_13_09_03_0120.bmp,0,9,3,4,13,12,31,42,12,35,12
01_13_09_03_0122.bmp,0,9,3,4,13,12,31,11,32,13,12
01_13_09_03_0124.bmp,1,9,3,4,13,12,12,28,12,18,11
01_13_09_03_0125.bmp,1,9,3,4,13,12,12,40,12,13,12
01_13_09_03_0126.bmp,0,9,3,4,13,12,12,28,12,13,13
01_13_09_03_0128.bmp,0,9,3,4,13,13,12,28,13,13,12
01_13_09_03_0130.bmp,0,9,3,4,13,12,12,28,11,13,12
01_13_09_03_0130.bmp,1,9,3,4,13,11,11,28,11,18,11
01_13_09_03_0132.bmp,1,9,3,4,13,12,11,28,11,7,12
01_13_09_03_0133.bmp,1,9,3,4,13,12,11,40,12,40,11
01_13_09_03_0134.bmp,1,9,3,4,13,12,12,28,12,18,12
01_13_09_03_0136.bmp,1,9,3,4,13,13,11,28,12,18,12
01_13_09_03_0137.bmp,0,9,3,4,13,12,12,28,13,13,12
01_13_09_03_0141.bmp,1,9,3,4,13,12,11,12,12,13,12
01_13_09_03_0143.bmp,1,9,3,4,13,12,12,13,12,13,12
01_13_09_03_0144.bmp,0,9,3,4,13,13,13,28,13,13,13
01_13_09_03_0146.bmp,1,9,3,4,13,12,12,28,12,18,12
01_13_09_03_0147.bmp,0,9,3,4,13,13,13,18,13,13,12
01_13_09_03_0148.bmp,1,9,3,4,13,12,12,28,12,18,12
01_13_09_03_0149.bmp,1,9,3,4,13,12,11,28,12,24,12
01_13_09_03_0150.bmp,0,9,3,4,13,13,13,28,13,13,12
01_13_09_03_0153.bmp,0,9,3,4,13,13,13,13,13,13,13
01_13_09_03_0154.bmp,0,9,3,4,13,13,13,40,13,13,12
01_13_09_03_0156.bmp,0,9,3,4,13,13,13,18,13,13,13
01_13_09_03_0157.bmp,0,9,3,4,13,13,13,13,40,13,12
01_13_09_03_0158.bmp,0,9,3,4,13,13,13,18,13,13,13
01_13_09_03_0158.bmp,1,9,3,4,13,12,11,28,12,13,12
01_13_09_03_0160.bmp,1,9,3,4,13,12,18,18,12,18,12
01_13_09_03_0161.bmp,0,9,3,4,13,13,13,18,13,13,13
01_13_09_03_0163.bmp,0,9,3,4,13,13,13,13,13,13,13
01_13_09_03_0166.bmp,0,9,3,4,13,13,13,13,13,13,13
01_13_09_03_0170.bmp,0,9,3,4,13,12,31,42,12,13,12
01_13_09_03_0172.bmp,0,9,3,4,13,12,31,42,12,40,12
01_13_09_03_0172.bmp,1,9,3,4,13,18,11,12,12,18,18
01_13_09_03_0173.bmp,1,9,3,4,13,13,11,18,18,18,12
01_13_09_03_0174.bmp,0,9,3,4,13,12,31,11,12,13,31
01_13_09_03_0174.bmp,1,9,3,4,13,12,12,13,12,13,12
01_13_09_03_0175.bmp,0,9,3,4,13,12,31,42,12,13,12
01_13_09_03_0175.bmp,1,9,3,4,13,13,11,1,1,7,13
01_13_09_03_0176.bmp,1,9,3,4,13,12,11,40,40,13,12
01_13_09_03_0178.bmp,0,9,3,4,13,12,31,42,12,12,12
01_13_09_03_0178.bmp,1,9,3,4,13,12,12,40,12,13,12
01_13_09_03_0179.bmp,0,9,3,4,13,12,31,42,12,38,12
01_13_09_03_0180.bmp,0,9,3,4,13,12,31,42,12,13,12
01_13_09_03_0181.bmp,1,9,3,4,13,12,11,20,12,13,12
01_13_09_03_0182.bmp,0,9,3,4,13,12,31,42,12,13,12
01_13_09_03_0185.bmp,1,9,3,4,13,12,12,40,12,13,12
01_13_09_03_0186.bmp,1,9,3,4,13,12,12,40,12,13,12
01_13_09_03_0188.bmp,1,9,3,4,13,12,12,12,12,13,12
01_13_09_03_0189.bmp,1,9,3,4,13,12,12,13,12,13,12
01_13_09_03_0191.bmp,0,9,3,4,13,12,31,11,12,13,12
01_13_09_03_0192.bmp,1,9,3,4,13,12,12,40,12,13,12
01_13_09_03_0193.bmp,1,9,3,4,13,13,11,40,12,18,12
01_13_09_03_0194.bmp,0,9,3,4,13,12,31,25,12,12,31
01_13_09_03_0196.bmp,0,9,3,4,13,12,31,42,13,13,12
01_13_09_03_0197.bmp,0,9,3,4,13,12,31,42,12,13,12
01_13_09_03_0198.bmp,0,9,3,4,13,13,31,42,12,13,12
01_13_09_03_0200.bmp,1,9,3,4,13,12,12,40,12,13,12
01_13_09_03_0201.bmp,0,9,3,4,13,12,31,11,12,13,12
01_13_09_03_0202.bmp,0,9,3,4,13,12,31,42,12,13,12
01_13_09_03_0203.bmp,0,9,3,4,13,12,12,12,12,40,12
01_13_09_03_0204.bmp,0,9,3,4,13,12,31,11,12,13,12
01_13_09_03_0204.bmp,1,9,3,4,13,12,11,13,12,24,13
01_13_09_03_0205.bmp,1,9,3,4,13,12,11,40,12,13,12
01_13_09_03_0208.bmp,1,9,3,4,13,13,11,40,12,18,13
01_13_09_03_0210.bmp,1,9,3,4,13,12,12,40,12,13,12
01_13_09_03_0211.bmp,0,9,3,4,13,12,12,11,12,40,12
01_13_09_03_0212.bmp,1,9,3,4,13,12,12,40,12,13,12
01_13_09_03_0215.bmp,0,9,3,4,13,13,12,28,13,13,12
01_13_09_03_0217.bmp,0,9,3,4,13,13,12,36,13,13,13
01_13_09_03_0220.bmp,1,9,3,4,13,13,11,28,13,13,13
01_13_09_03_0222.bmp,0,9,3,4,13,13,13,40,13,13,13
01_13_09_03_0223.bmp,1,9,3,4,13,12,12,40,12,24,12
01_13_09_03_0224.bmp,0,9,3,4,13,13,13,13,13,13,13
01_13_09_03_0224.bmp,1,9,3,4,13,12,11,40,12,13,12
01_13_09_03_0228.bmp,1,9,3,4,13,12,12,28,12,13,12
01_13_09_03_0229.bmp,1,9,3,4,13,12,12,40,12,13,12
01_13_09_03_0230.bmp,0,9,3,4,13,13,13,18,13,13,13
01_13_09_03_0231.bmp,1,9,3,4,13,12,12,40,12,24,12
01_13_09_03_0232.bmp,0,9,3,4,13,13,13,24,13,13,13
01_13_09_03_0232.bmp,1,9,3,4,13,12,12,40,12,13,13
01_13_09_03_0234.bmp,1,9,3,4,13,13,11,13,12,13,13
01_13_09_03_0235.bmp,1,9,3,4,13,12,11,40,12,13,12
01_13_09_03_0236.bmp,0,9,3,4,13,13,13,13,13,13,13
01_13_09_03_0237.bmp,0,9,3,4,13,13,13,18,13,13,13
01_13_09_03_0239.bmp,1,9,3,4,13,12,12,40,12,13,13
01_13_09_03_0240.bmp,0,9,3,4,13,13,25,7,13,7,13
01_13_09_03_0241.bmp,1,9,3,4,13,13,11,40,12,13,13
01_13_09_03_0245.bmp,1,9,3,4,13,13,11,40,13,13,13
01_13_09_03_0246.bmp,1,9,3,4,13,12,11,40,12,13,12
01_13_09_03_0247.bmp,0,9,3,4,13,13,13,1,13,13,13
01_13_09_03_0247.bmp,1,9,3,4,13,12,11,2,12,13,12
01_13_09_03_0248.bmp,0,9,3,4,13,13,13,1,13,13,13
01_13_09_03_0249.bmp,0,9,3,4,13,13,13,13,13,13,13
01_13_09_03_0250.bmp,0,9,3,4,13,13,13,13,13,13,13
01_13_09_03_0250.bmp,1,9,3,4,13,12,12,40,12,13,12
01_13_09_03_0252.bmp,1,9,3,4,13,12,12,40,12,24,12
01_13_09_03_0253.bmp,0,9,3,4,13,13,13,13,13,13,13
01_13_09_03_0256.bmp,0,9,3,4,13,13,13,13,13,13,13
01_13_09_03_0256.bmp,1,9,3,4,13,13,11,13,13,13,13
01_13_09_03_0257.bmp,0,9,3,4,13,13,13,13,13,13,13
01_13_09_03_0257.bmp,1,9,3,4,13,12,12,40,12,13,12
01_13_09_03_0260.bmp,0,9,3,4,13,13,13,28,13,13,13
01_13_09_03_0261.bmp,0,9,3,4,13,13,13,13,13,13,13
01_13_09_03_0262.bmp,1,9,3,4,13,12,12,28,12,13,12
01_13_09_03_0263.bmp,0,9,3,4,13,13,13,13,13,13,13
01_13_09_03_0271.bmp,0,9,3,4,13,12,11,40,12,13,12
01_13_09_03_0272.bmp,0,9,3,4,13,12,12,40,12,13,12
01_13_09_03_0273.bmp,0,9,3,4,13,12,11,12,12,13,12
01_13_09_03_0274.bmp,0,9,3,4,13,12,11,40,12,13,12
01_13_09_03_0277.bmp,0,9,3,4,13,13,11,18,13,13,13
01_13_09_03_0280.bmp,0,9,3,4,13,13,12,20,13,13,13
01_13_09_03_0281.bmp,0,9,3,4,13,13,11,28,12,13,12
01_13_09_03_0282.bmp,0,9,3,4,13,13,12,13,13,13,13
01_13_09_03_0285.bmp,0,9,3,4,13,13,11,40,12,13,13
01_13_09_03_0287.bmp,0,9,3,4,13,13,12,28,12,13,13
01_13_09_03_0288.bmp,0,9,3,4,13,12,12,40,12,13,12
01_13_09_03_0289.bmp,0,9,3,4,13,13,12,40,12,13,13
01_13_09_03_0293.bmp,0,9,3,4,13,12,12,13,12,13,12
01_13_09_03_0296.bmp,0,9,3,4,13,13,12,40,12,13,12
01_13_09_03_0299.bmp,0,9,3,4,13,12,12,40,12,13,12
01_13_09_03_0300.bmp,0,9,3,4,13,12,12,40,12,13,12
01_13_09_03_0301.bmp,0,9,3,4,13,12,11,40,12,13,13
01_13_09_03_0303.bmp,0,9,3,4,13,13,12,28,12,13,13
01_13_09_03_0307.bmp,0,9,3,4,13,12,12,11,12,13,12
01_13_09_03_0311.bmp,0,9,3,4,13,12,11,28,12,13,12
01_13_09_03_0316.bmp,0,9,3,4,13,12,12,40,12,13,12
01_13_09_03_0325.bmp,0,9,3,4,13,12,11,12,12,40,12
01_13_09_03_0331.bmp,0,9,3,4,13,12,12,28,12,13,12
01_13_09_03_0333.bmp,0,9,3,4,13,18,12,28,12,13,18
01_13_09_03_0334.bmp,0,9,3,4,13,18,11,40,12,12,12
01_13_09_03_0336.bmp,0,9,3,4,13,12,18,28,12,13,12
01_13_09_03_0337.bmp,0,9,3,4,13,25,11,28,18,18,18
01_13_09_03_0338.bmp,0,9,3,4,13,13,11,20,13,13,13
01_13_09_03_0341.bmp,0,9,3,4,13,13,11,18,18,13,13
01_13_09_03_0343.bmp,0,9,3,4,13,13,11,28,12,13,13
01_13_09_03_0344.bmp,0,9,3,4,13,13,11,20,40,20,13
01_13_09_03_0348.bmp,0,9,3,4,13,13,25,13,13,13,25
01_13_09_03_0350.bmp,0,9,3,4,13,13,25,13,13,13,13
01_13_09_03_0352.bmp,0,9,3,4,13,12,12,25,40,13,12
01_13_09_03_0353.bmp,0,9,3,4,13,13,13,20,13,13,13
01_13_09_03_0354.bmp,0,9,3,4,13,12,12,13,13,13,12
01_13_09_03_0357.bmp,0,9,3,4,13,13,13,7,13,13,13
01_13_09_03_0358.bmp,0,9,3,4,13,13,13,7,13,13,13
01_13_09_03_0359.bmp,0,9,3,4,13,13,13,2,13,13,13
01_13_09_03_0365.bmp,0,9,3,4,13,13,13,13,13,13,13
01_13_09_03_0371.bmp,0,9,3,4,13,13,13,24,13,13,13
01_13_09_03_0373.bmp,0,9,3,4,13,13,13,28,13,13,13
01_13_09_03_0382.bmp,0,9,3,4,13,13,13,13,13,13,13
01_13_09_03_0384.bmp,0,9,3,4,13,13,13,25,13,13,13
01_13_09_03_0385.bmp,0,9,3,4,13,13,13,13,13,13,13
01_13_09_03_0386.bmp,0,9,3,4,13,12,31,11,12,35,12
01_13_09_03_0387.bmp,0,9,3,4,13,12,31,42,12,18,12
01_13_09_03_0389.bmp,0,9,3,4,13,12,31,11,12,32,12
01_13_09_03_0391.bmp,0,9,3,4,13,12,12,11,12,11,12
01_13_09_03_0398.bmp,0,9,3,4,13,12,31,11,12,35,12
01_13_09_03_0402.bmp,0,9,3,4,13,12,12,42,12,13,12
01_13_09_03_0404.bmp,0,9,3,4,13,12,31,42,12,13,12
01_13_09_03_0408.bmp,0,9,3,4,13,12,31,11,12,13,12
01_13_09_03_0413.bmp,0,9,3,4,13,12,12,42,12,12,12
01_13_09_03_0414.bmp,0,9,3,4,13,12,31,11,12,12,12
01_13_09_03_0415.bmp,0,9,3,4,13,12,12,42,13,13,12
01_13_09_03_0419.bmp,0,9,3,4,13,12,31,11,12,35,12
01_13_09_03_0421.bmp,0,9,3,4,13,13,31,42,13,13,13
01_13_09_03_0422.bmp,0,9,3,4,13,12,12,11,12,35,12
01_13_09_03_0423.bmp,0,9,3,4,13,12,31,42,12,12,12
01_13_09_03_0424.bmp,0,9,3,4,13,12,31,1,12,13,12
01_13_09_03_0429.bmp,0,9,3,4,13,12,12,12,13,13,12
01_13_09_03_0430.bmp,0,9,3,4,13,13,12,40,13,35,13
01_13_09_03_0434.bmp,0,9,3,4,13,13,12,11,13,13,12
01_13_09_03_0435.bmp,0,9,3,4,13,13,12,42,13,13,13
01_13_09_03_0438.bmp,0,9,3,4,13,12,12,40,12,40,12
01_13_09_03_0441.bmp,0,9,3,4,13,13,12,12,13,13,13
01_13_09_03_0442.bmp,0,9,3,4,13,13,13,42,13,35,13
01_13_09_03_0443.bmp,0,9,3,4,13,12,12,11,13,13,13
01_13_09_03_0444.bmp,0,9,3,4,13,13,12,18,13,40,13
01_13_09_03_0448.bmp,0,9,3,4,13,12,12,12,12,40,12
01_13_09_03_0449.bmp,0,9,3,4,13,12,12,11,12,40,12
01_13_09_03_0456.bmp,0,9,3,4,13,12,12,40,13,40,12
01_13_09_03_0458.bmp,0,9,3,4,13,13,12,40,13,13,13
01_13_09_03_0461.bmp,0,9,3,4,13,13,12,40,13,13,13
01_13_09_03_0463.bmp,0,9,3,4,13,13,13,40,13,40,13
01_13_09_03_0468.bmp,0,9,3,4,13,13,13,40,13,13,13
01_13_09_03_0471.bmp,0,9,3,4,13,13,13,40,13,13,13
01_13_09_03_0475.bmp,0,9,3,4,13,13,13,13,13,13,13
01_13_09_03_0477.bmp,0,9,3,4,13,13,13,28,13,13,12
01_13_09_03_0479.bmp,0,9,3,4,13,13,13,40,13,13,13
01_13_09_03_0481.bmp,0,9,3,4,13,13,13,28,13,13,13
01_13_09_03_0484.bmp,0,9,3,4,13,13,13,18,13,13,12
01_13_09_03_0486.bmp,0,9,3,4,13,13,13,40,13,13,13
01_13_09_03_0489.bmp,0,9,3,4,13,13,13,13,12,13,13
01_13_09_03_0491.bmp,0,9,3,4,13,13,13,40,13,13,13
01_13_09_03_0492.bmp,0,9,3,4,13,13,13,13,13,13,13
01_13_09_03_0494.bmp,0,9,3,4,13,13,13,40,13,13,13
01_13_09_03_0501.bmp,0,9,3,4,13,13,13,13,13,13,13
01_13_09_03_0504.bmp,0,9,3,4,13,13,13,13,13,13,13
01_13_09_03_0507.bmp,0,9,3,4,13,13,13,13,13,13,13
01_13_09_03_0511.bmp,0,9,3,4,13,13,13,24,13,13,13
01_13_09_03_0513.bmp,0,9,3,4,13,13,13,13,13,13,13
01_13_09_03_0515.bmp,0,9,3,4,13,13,13,24,13,13,13
01_13_09_03_0516.bmp,0,9,3,4,13,12,31,42,12,12,12
01_13_09_03_0517.bmp,0,9,3,4,13,12,31,42,12,13,12
01_13_09_03_0519.bmp,0,9,3,4,13,12,31,42,12,13,12
01_13_09_03_0521.bmp,0,9,3,4,13,12,31,42,12,13,12
01_13_09_03_0525.bmp,0,9,3,4,13,12,31,28,12,13,12
01_13_09_03_0526.bmp,0,9,3,4,13,12,31,42,12,35,12
01_13_09_03_0527.bmp,0,9,3,4,13,12,31,12,12,13,12
01_13_09_03_0530.bmp,0,9,3,4,13,32,31,42,32,32,32
01_13_09_03_0535.bmp,0,9,3,4,13,12,12,12,12,18,12
01_13_09_03_0540.bmp,0,9,3,4,13,12,31,42,32,35,12
01_13_09_03_0542.bmp,0,9,3,4,13,12,31,25,12,32,12
01_13_09_03_0544.bmp,0,9,3,4,13,13,31,42,13,13,12
01_13_09_03_0545.bmp,0,9,3,4,13,12,12,42,12,40,12
01_13_09_03_0549.bmp,0,9,3,4,13,12,12,40,12,12,12
01_13_09_03_0550.bmp,0,9,3,4,13,12,31,42,12,35,12
01_13_09_03_0557.bmp,0,9,3,4,13,12,12,12,12,12,12
01_13_09_03_0558.bmp,0,9,3,4,13,12,31,42,12,10,12
01_13_09_03_0559.bmp,0,9,3,4,13,12,12,12,12,13,12
01_13_09_03_0565.bmp,0,9,3,4,13,12,12,40,12,12,12
01_13_09_03_0575.bmp,0,9,3,4,13,12,12,28,12,40,12
01_13_09_03_0578.bmp,0,9,3,4,13,12,31,42,13,13,12
01_13_09_03_0581.bmp,0,9,3,4,13,12,12,28,12,13,12
01_13_09_03_0582.bmp,0,9,3,4,13,12,31,42,12,13,12
01_13_09_03_0583.bmp,0,9,3,4,13,12,12,28,12,18,12
01_13_09_03_0584.bmp,0,9,3,4,13,12,31,42,13,13,13
01_13_09_03_0587.bmp,0,9,3,4,13,12,12,28,12,18,12
01_13_09_03_0591.bmp,0,9,3,4,13,13,12,28,12,11,12
01_13_09_03_0592.bmp,0,9,3,4,13,32,12,42,32,13,12
01_13_09_03_0594.bmp,0,9,3,4,13,13,12,6,13,35,12
01_13_09_03_0596.bmp,0,9,3,4,13,12,31,42,12,40,12
01_13_09_03_0599.bmp,0,9,3,4,13,13,11,28,13,18,13
01_13_09_03_0600.bmp,0,9,3,4,13,12,18,18,12,18,12
01_13_09_03_0604.bmp,0,9,3,4,13,13,11,28,13,13,12
01_13_09_03_0605.bmp,0,9,3,4,13,12,11,28,12,18,12
01_13_09_03_0607.bmp,0,9,3,4,13,13,12,18,18,1,18
01_13_09_03_0608.bmp,0,9,3,4,13,13,13,28,13,13,13
01_13_09_03_0609.bmp,0,9,3,4,13,13,13,18,12,40,13
01_13_09_03_0611.bmp,0,9,3,4,13,13,11,28,13,13,13
01_13_09_03_0613.bmp,0,9,3,4,13,12,11,28,12,13,12
01_13_09_03_0615.bmp,0,9,3,4,13,12,11,13,12,13,12
01_13_09_03_0616.bmp,0,9,3,4,13,13,13,11,13,13,13
01_13_09_03_0626.bmp,0,9,3,4,13,13,13,11,40,13,13
01_03_09_04_0004.bmp,0,9,4,4,9,32,16,6,16,11,12
01_03_09_04_0005.bmp,0,9,4,4,9,16,16,42,16,11,16
01_03_09_04_0011.bmp,0,9,4,4,9,16,16,11,11,13,12
01_03_09_04_0015.bmp,0,9,4,4,9,13,16,42,13,11,13
01_03_09_04_0016.bmp,0,9,4,4,9,32,16,42,13,16,16
01_03_09_04_0017.bmp,0,9,4,4,9,32,16,0,40,13,32
01_03_09_04_0024.bmp,0,9,4,4,9,32,16,6,13,35,16
01_03_09_04_0025.bmp,0,9,4,4,9,13,16,41,13,13,13
01_03_09_04_0028.bmp,0,9,4,4,9,12,16,11,12,13,16
01_03_09_04_0029.bmp,0,9,4,4,9,13,16,11,13,13,16
01_03_09_04_0030.bmp,0,9,4,4,9,12,16,25,25,41,12
01_03_09_04_0032.bmp,0,9,4,4,9,13,16,11,13,13,16
01_03_09_04_0033.bmp,0,9,4,4,9,13,16,25,13,11,16
01_03_09_04_0034.bmp,0,9,4,4,9,32,31,42,13,13,12
01_03_09_04_0041.bmp,0,9,4,4,9,12,11,40,12,13,12
01_03_09_04_0047.bmp,0,9,4,4,9,13,16,25,13,13,16
01_03_09_04_0048.bmp,0,9,4,4,9,13,16,11,13,13,13
01_03_09_04_0050.bmp,0,9,4,4,9,13,16,40,13,40,16
01_03_09_04_0051.bmp,0,9,4,4,9,13,13,40,13,40,13
01_03_09_04_0052.bmp,0,9,4,4,9,13,13,40,13,40,13
01_03_09_04_0055.bmp,0,9,4,4,9,13,16,25,40,13,13
01_03_09_04_0057.bmp,0,9,4,4,9,13,16,20,13,13,11
01_03_09_04_0058.bmp,0,9,4,4,9,13,16,25,25,25,16
01_03_09_04_0059.bmp,0,9,4,4,9,13,16,25,13,26,13
01_03_09_04_0064.bmp,0,9,4,4,9,13,13,20,13,18,13
01_03_09_04_0071.bmp,0,9,4,4,9,13,16,25,13,25,13
01_03_09_04_0072.bmp,0,9,4,4,9,13,13,20,13,13,13
01_03_09_04_0074.bmp,0,9,4,4,9,13,11,13,13,13,13
01_03_09_04_0075.bmp,0,9,4,4,9,13,13,20,13,13,13
01_03_09_04_0076.bmp,0,9,4,4,9,13,16,25,13,41,13
01_03_09_04_0077.bmp,0,9,4,4,9,13,13,25,13,13,13
01_03_09_04_0078.bmp,0,9,4,4,9,13,13,13,13,13,13
01_03_09_04_0083.bmp,0,9,4,4,9,13,13,13,13,25,13
01_03_09_04_0084.bmp,0,9,4,4,9,13,13,25,13,7,13
01_06_09_04_0001.bmp,1,9,4,4,14,32,31,12,13,11,13
01_06_09_04_0003.bmp,1,9,4,4,14,11,12,42,11,26,18
01_06_09_04_0005.bmp,0,9,4,4,14,11,11,18,12,13,11
01_06_09_04_0005.bmp,1,9,4,4,14,12,12,11,12,18,12
01_06_09_04_0006.bmp,0,9,4,4,14,13,11,18,13,24,13
01_06_09_04_0006.bmp,1,9,4,4,14,11,12,18,18,18,13
01_06_09_04_0007.bmp,0,9,4,4,14,18,18,18,18,18,18
01_06_09_04_0008.bmp,1,9,4,4,14,11,12,11,11,11,11
01_06_09_04_0010.bmp,0,9,4,4,14,25,11,28,25,24,25
01_06_09_04_0011.bmp,0,9,4,4,14,13,11,18,12,40,12
01_06_09_04_0013.bmp,0,9,4,4,14,13,11,18,13,13,25
01_06_09_04_0014.bmp,0,9,4,4,14,11,11,13,11,24,11
01_06_09_04_0016.bmp,1,9,4,4,14,12,12,18,18,18,12
01_06_09_04_0018.bmp,1,9,4,4,14,11,11,13,11,24,11
01_06_09_04_0020.bmp,0,9,4,4,14,13,11,28,13,24,18
01_06_09_04_0020.bmp,1,9,4,4,14,12,12,18,18,18,13
01_06_09_04_0021.bmp,0,9,4,4,14,13,25,20,13,40,25
01_06_09_04_0021.bmp,1,9,4,4,14,12,12,18,12,13,12
01_06_09_04_0022.bmp,1,9,4,4,14,12,12,13,12,13,12
01_06_09_04_0023.bmp,0,9,4,4,14,13,18,13,13,40,13
01_06_09_04_0023.bmp,1,9,4,4,14,12,12,20,12,35,12
01_06_09_04_0025.bmp,0,9,4,4,14,13,11,24,13,24,13
01_06_09_04_0026.bmp,0,9,4,4,14,25,11,24,13,24,13
01_06_09_04_0027.bmp,0,9,4,4,14,13,25,28,13,13,13
01_06_09_04_0028.bmp,0,9,4,4,14,25,11,25,25,24,25
01_06_09_04_0028.bmp,1,9,4,4,14,11,11,28,18,18,18
01_06_09_04_0031.bmp,1,9,4,4,14,12,31,42,12,13,12
01_06_09_04_0032.bmp,0,9,4,4,14,13,11,18,18,24,18
01_06_09_04_0032.bmp,1,9,4,4,14,12,12,42,12,16,12
01_06_09_04_0033.bmp,0,9,4,4,14,13,25,13,13,24,25
01_06_09_04_0033.bmp,1,9,4,4,14,12,31,42,12,11,12
01_06_09_04_0035.bmp,0,9,4,4,14,13,13,13,13,7,13
01_06_09_04_0036.bmp,1,9,4,4,14,11,12,42,11,11,11
01_06_09_04_0038.bmp,1,9,4,4,14,12,31,42,12,35,12
01_06_09_04_0040.bmp,0,9,4,4,14,13,25,13,13,13,25
01_06_09_04_0044.bmp,0,9,4,4,14,25,11,25,25,1,12
01_06_09_04_0044.bmp,1,9,4,4,14,12,12,42,12,11,12
01_06_09_04_0047.bmp,0,9,4,4,14,12,12,40,12,12,12
01_06_09_04_0048.bmp,0,9,4,4,14,12,12,42,12,12,12
01_06_09_04_0049.bmp,0,9,4,4,14,12,12,42,12,40,12
01_06_09_04_0050.bmp,0,9,4,4,14,12,12,12,12,1,12
01_06_09_04_0053.bmp,0,9,4,4,14,12,12,18,12,18,12
01_06_09_04_0054.bmp,0,9,4,4,14,11,12,18,35,18,12
01_06_09_04_0055.bmp,0,9,4,4,14,12,12,40,12,13,12
01_06_09_04_0056.bmp,0,9,4,4,14,12,12,18,12,18,12
01_06_09_04_0064.bmp,0,9,4,4,14,18,11,18,18,18,18
01_06_09_04_0065.bmp,0,9,4,4,14,12,12,28,12,40,12
01_06_09_04_0066.bmp,0,9,4,4,14,12,11,18,12,13,12
01_06_09_04_0067.bmp,0,9,4,4,14,12,11,18,12,7,12
01_06_09_04_0068.bmp,0,9,4,4,14,12,11,18,12,13,12
01_06_09_04_0076.bmp,0,9,4,4,14,12,11,28,12,7,12
01_06_09_04_0079.bmp,0,9,4,4,14,13,18,28,1,24,18
01_06_09_04_0080.bmp,0,9,4,4,14,18,18,18,18,18,18
01_06_09_04_0084.bmp,0,9,4,4,14,12,12,28,12,1,12
01_06_09_04_0085.bmp,0,9,4,4,14,13,11,28,12,18,11
01_06_09_04_0088.bmp,0,9,4,4,14,13,25,13,13,24,25
01_11_09_04_0001.bmp,0,9,4,4,12,11,31,42,11,13,32
01_11_09_04_0006.bmp,0,9,4,4,12,12,31,42,32,32,32
01_11_09_04_0010.bmp,0,9,4,4,12,38,31,42,13,13,38
01_11_09_04_0014.bmp,0,9,4,4,12,32,11,42,11,1,11
01_11_09_04_0016.bmp,0,9,4,4,12,11,12,40,11,35,11
01_11_09_04_0023.bmp,0,9,4,4,12,11,12,42,12,7,11
01_11_09_04_0026.bmp,0,9,4,4,12,32,12,11,32,32,32
01_11_09_04_0030.bmp,0,9,4,4,12,11,11,11,11,11,11
01_11_09_04_0032.bmp,0,9,4,4,12,32,11,11,1,1,32
01_11_09_04_0034.bmp,0,9,4,4,12,13,11,42,11,11,13
01_11_09_04_0036.bmp,0,9,4,4,12,11,11,28,1,40,11
01_11_09_04_0041.bmp,0,9,4,4,12,13,11,28,13,11,11
01_11_09_04_0045.bmp,0,9,4,4,12,13,11,18,13,1,1
01_11_09_04_0059.bmp,0,9,4,4,12,13,11,28,13,11,13
01_11_09_04_0067.bmp,0,9,4,4,12,13,11,18,13,13,13
01_11_09_04_0068.bmp,0,9,4,4,12,13,1,18,13,28,13
01_11_09_04_0069.bmp,0,9,4,4,12,13,11,11,13,13,13
01_11_09_04_0074.bmp,0,9,4,4,12,13,13,11,13,26,13
01_12_09_04_0001.bmp,0,9,4,4,17,13,16,42,13,13,12
01_12_09_04_0004.bmp,1,9,4,4,17,12,31,42,12,11,13
01_12_09_04_0005.bmp,0,9,4,4,17,13,16,42,13,17,13
01_12_09_04_0006.bmp,1,9,4,4,17,12,31,11,12,13,31
01_12_09_04_0007.bmp,0,9,4,4,17,13,11,42,7,17,13
01_12_09_04_0007.bmp,1,9,4,4,17,12,31,11,12,18,12
01_12_09_04_0010.bmp,1,9,4,4,17,12,31,42,12,18,12
01_12_09_04_0012.bmp,1,9,4,4,17,12,31,42,12,35,31
01_12_09_04_0013.bmp,0,9,4,4,17,11,11,18,11,28,11
01_12_09_04_0017.bmp,1,9,4,4,17,32,31,11,11,40,12
01_12_09_04_0018.bmp,0,9,4,4,17,7,7,28,7,7,7
01_12_09_04_0020.bmp,1,9,4,4,17,12,31,42,12,12,12
01_12_09_04_0021.bmp,0,9,4,4,17,13,7,18,13,13,13
01_12_09_04_0022.bmp,0,9,4,4,17,7,7,18,7,7,7
01_12_09_04_0024.bmp,1,9,4,4,17,12,31,12,11,18,12
01_12_09_04_0025.bmp,0,9,4,4,17,13,13,28,13,7,13
01_12_09_04_0028.bmp,0,9,4,4,17,13,12,18,13,13,13
01_12_09_04_0029.bmp,0,9,4,4,17,12,12,18,1,18,12
01_12_09_04_0029.bmp,1,9,4,4,17,31,31,42,12,13,31
01_12_09_04_0033.bmp,0,9,4,4,17,13,11,18,1,18,18
01_12_09_04_0033.bmp,1,9,4,4,17,32,31,11,32,18,31
01_12_09_04_0034.bmp,0,9,4,4,17,13,11,18,13,24,12
01_12_09_04_0034.bmp,1,9,4,4,17,31,31,11,32,7,31
01_12_09_04_0038.bmp,0,9,4,4,17,11,11,13,13,24,11
01_12_09_04_0040.bmp,0,9,4,4,17,13,11,18,13,18,18
01_12_09_04_0042.bmp,0,9,4,4,17,13,11,13,13,13,18
01_12_09_04_0045.bmp,0,9,4,4,17,31,31,11,11,18,11
01_12_09_04_0049.bmp,0,9,4,4,17,19,31,42,25,25,25
01_12_09_04_0050.bmp,0,9,4,4,17,31,31,25,25,24,31
01_12_09_04_0052.bmp,0,9,4,4,17,19,31,18,13,18,36
01_12_09_04_0056.bmp,0,9,4,4,17,11,11,42,11,26,7
01_12_09_04_0057.bmp,0,9,4,4,17,32,31,42,32,7,32
01_12_09_04_0061.bmp,0,9,4,4,17,11,11,42,25,13,11
01_12_09_04_0063.bmp,0,9,4,4,17,13,13,11,13,22,13
01_12_09_04_0071.bmp,0,9,4,4,17,11,11,28,7,13,32
01_12_09_04_0073.bmp,0,9,4,4,17,11,11,28,11,18,13
01_12_09_04_0076.bmp,0,9,4,4,17,25,11,28,25,11,25
01_12_09_04_0081.bmp,0,9,4,4,17,11,11,28,11,18,11
01_12_09_04_0082.bmp,0,9,4,4,17,11,11,11,11,11,11
01_12_09_04_0083.bmp,0,9,4,4,17,11,11,11,11,7,11
01_12_09_04_0092.bmp,0,9,4,4,17,13,11,18,25,18,11
01_12_09_04_0094.bmp,0,9,4,4,17,25,11,18,25,26,11
01_12_09_04_0096.bmp,0,9,4,4,17,13,16,13,13,11,13
01_12_09_04_0101.bmp,0,9,4,4,17,13,10,28,11,18,11
01_12_09_04_0102.bmp,0,9,4,4,17,13,10,42,7,13,17
01_12_09_04_0104.bmp,0,9,4,4,17,11,11,11,11,18,11
01_12_09_04_0105.bmp,0,9,4,4,17,11,7,28,7,7,11
01_12_09_04_0111.bmp,0,9,4,4,17,11,7,20,25,13,11
01_13_09_04_0003.bmp,0,9,4,4,13,12,12,42,12,13,12
01_13_09_04_0003.bmp,1,9,4,4,13,13,13,25,13,13,13
01_13_09_04_0004.bmp,1,9,4,4,13,13,13,13,13,13,13
01_13_09_04_0011.bmp,1,9,4,4,13,13,13,13,13,13,13
01_13_09_04_0013.bmp,0,9,4,4,13,12,12,11,12,13,12
01_13_09_04_0014.bmp,1,9,4,4,13,13,13,13,13,13,13
01_13_09_04_0016.bmp,0,9,4,4,13,12,12,42,12,13,12
01_13_09_04_0017.bmp,0,9,4,4,13,12,12,42,12,13,12
01_13_09_04_0021.bmp,0,9,4,4,13,12,12,11,12,13,12
01_13_09_04_0022.bmp,0,9,4,4,13,12,12,42,13,13,13
01_13_09_04_0024.bmp,0,9,4,4,13,12,12,42,12,40,12
01_13_09_04_0026.bmp,0,9,4,4,13,12,12,42,12,13,13
01_13_09_04_0026.bmp,1,9,4,4,13,13,13,13,13,13,13
01_13_09_04_0027.bmp,0,9,4,4,13,12,12,40,12,13,12
01_13_09_04_0028.bmp,0,9,4,4,13,13,12,42,13,13,13
01_13_09_04_0028.bmp,1,9,4,4,13,13,13,13,13,13,13
01_13_09_04_0032.bmp,1,9,4,4,13,13,13,13,13,13,13
01_13_09_04_0033.bmp,1,9,4,4,13,13,13,13,13,13,13
01_13_09_04_0034.bmp,0,9,4,4,13,12,12,42,13,35,13
01_13_09_04_0035.bmp,0,9,4,4,13,12,12,42,13,13,40
01_13_09_04_0035.bmp,1,9,4,4,13,13,13,13,13,13,13
01_13_09_04_0036.bmp,1,9,4,4,13,13,13,25,13,13,13
01_13_09_04_0037.bmp,0,9,4,4,13,13,12,25,13,13,13
01_13_09_04_0040.bmp,0,9,4,4,13,12,12,42,13,13,12
01_13_09_04_0040.bmp,1,9,4,4,13,13,13,13,13,13,13
01_13_09_04_0041.bmp,0,9,4,4,13,13,12,13,13,40,12
01_13_09_04_0042.bmp,0,9,4,4,13,13,12,13,13,13,12
01_13_09_04_0042.bmp,1,9,4,4,13,13,13,13,13,13,13
01_13_09_04_0044.bmp,1,9,4,4,13,13,13,13,13,13,13
01_13_09_04_0046.bmp,0,9,4,4,13,13,13,13,13,40,40
01_13_09_04_0051.bmp,0,9,4,4,13,13,13,40,13,35,40
01_13_09_04_0052.bmp,0,9,4,4,13,13,13,40,13,13,40
01_13_09_04_0054.bmp,0,9,4,4,13,13,12,13,13,13,13
01_13_09_04_0055.bmp,0,9,4,4,13,13,12,12,13,13,13
01_13_09_04_0056.bmp,0,9,4,4,13,13,13,40,13,13,40
01_13_09_04_0057.bmp,1,9,4,4,13,13,13,13,13,13,13
01_13_09_04_0058.bmp,0,9,4,4,13,13,12,40,12,13,12
01_13_09_04_0059.bmp,0,9,4,4,13,13,12,40,13,13,13
01_13_09_04_0060.bmp,0,9,4,4,13,13,13,40,13,40,13
01_13_09_04_0060.bmp,1,9,4,4,13,13,13,13,13,13,13
01_13_09_04_0061.bmp,1,9,4,4,13,13,13,13,13,13,13
01_13_09_04_0063.bmp,1,9,4,4,13,11,12,12,11,11,11
01_13_09_04_0066.bmp,1,9,4,4,13,12,31,12,12,10,12
01_13_09_04_0067.bmp,1,9,4,4,13,12,31,12,12,12,12
01_13_09_04_0068.bmp,1,9,4,4,13,12,31,42,12,40,12
01_13_09_04_0069.bmp,1,9,4,4,13,12,31,42,12,12,12
01_13_09_04_0072.bmp,0,9,4,4,13,13,13,40,13,13,13
01_13_09_04_0072.bmp,1,9,4,4,13,12,31,11,12,18,12
01_13_09_04_0073.bmp,0,9,4,4,13,13,13,40,13,13,13
01_13_09_04_0073.bmp,1,9,4,4,13,12,31,18,12,0,12
01_13_09_04_0074.bmp,0,9,4,4,13,13,13,13,13,13,13
01_13_09_04_0076.bmp,0,9,4,4,13,13,13,13,13,13,13
01_13_09_04_0078.bmp,0,9,4,4,13,13,13,13,13,13,13
01_13_09_04_0079.bmp,0,9,4,4,13,13,13,13,13,13,13
01_13_09_04_0079.bmp,1,9,4,4,13,12,31,18,12,33,12
01_13_09_04_0082.bmp,1,9,4,4,13,12,31,12,12,13,12
01_13_09_04_0083.bmp,0,9,4,4,13,13,13,13,13,13,13
01_13_09_04_0084.bmp,0,9,4,4,13,13,13,13,13,13,13
01_13_09_04_0085.bmp,0,9,4,4,13,13,13,13,13,13,13
01_13_09_04_0087.bmp,0,9,4,4,13,13,13,13,13,13,13
01_13_09_04_0088.bmp,1,9,4,4,13,12,12,12,12,12,12
01_13_09_04_0089.bmp,1,9,4,4,13,12,31,42,12,18,12
01_13_09_04_0090.bmp,0,9,4,4,13,13,13,13,13,13,13
01_13_09_04_0090.bmp,1,9,4,4,13,12,31,42,12,12,12
01_13_09_04_0093.bmp,0,9,4,4,13,13,13,18,13,13,13
01_13_09_04_0093.bmp,1,9,4,4,13,12,31,12,12,12,12
01_13_09_04_0094.bmp,1,9,4,4,13,12,31,42,12,12,12
01_13_09_04_0095.bmp,0,9,4,4,13,13,13,18,13,13,13
01_13_09_04_0098.bmp,1,9,4,4,13,12,31,28,12,13,12
01_13_09_04_0099.bmp,1,9,4,4,13,12,31,6,12,1,12
01_13_09_04_0100.bmp,0,9,4,4,13,13,13,13,13,13,13
01_13_09_04_0101.bmp,0,9,4,4,13,13,13,13,13,13,13
01_13_09_04_0101.bmp,1,9,4,4,13,12,31,42,12,11,12
01_13_09_04_0105.bmp,1,9,4,4,13,12,31,6,12,35,12
01_13_09_04_0107.bmp,0,9,4,4,13,13,13,13,13,13,13
01_13_09_04_0108.bmp,0,9,4,4,13,13,13,25,13,40,13
01_13_09_04_0109.bmp,1,9,4,4,13,12,12,42,12,11,12
01_13_09_04_0110.bmp,0,9,4,4,13,13,13,40,40,13,13
01_13_09_04_0110.bmp,1,9,4,4,13,12,12,12,12,40,12
01_13_09_04_0111.bmp,0,9,4,4,13,13,13,40,40,13,13
01_13_09_04_0112.bmp,0,9,4,4,13,13,13,25,40,13,13
01_13_09_04_0113.bmp,1,9,4,4,13,12,12,18,12,18,11
01_13_09_04_0114.bmp,1,9,4,4,13,12,12,20,12,13,12
01_13_09_04_0115.bmp,0,9,4,4,13,12,31,25,12,12,12
01_13_09_04_0115.bmp,1,9,4,4,13,12,12,28,12,18,12
01_13_09_04_0116.bmp,1,9,4,4,13,12,12,28,12,1,12
01_13_09_04_0117.bmp,1,9,4,4,13,12,12,28,12,18,12
01_13_09_04_0118.bmp,0,9,4,4,13,12,31,11,12,13,12
01_13_09_04_0118.bmp,1,9,4,4,13,12,12,28,12,13,12
01_13_09_04_0119.bmp,0,9,4,4,13,12,31,42,12,13,12
01_13_09_04_0119.bmp,1,9,4,4,13,12,12,28,12,18,12
01_13_09_04_0122.bmp,1,9,4,4,13,12,12,11,12,18,12
01_13_09_04_0123.bmp,0,9,4,4,13,12,12,12,12,13,12
01_13_09_04_0124.bmp,0,9,4,4,13,12,12,28,13,32,12
01_13_09_04_0124.bmp,1,9,4,4,13,12,11,28,12,18,12
01_13_09_04_0125.bmp,0,9,4,4,13,12,12,40,13,13,13
01_13_09_04_0125.bmp,1,9,4,4,13,12,12,40,12,18,12
01_13_09_04_0126.bmp,0,9,4,4,13,12,12,40,12,13,12
01_13_09_04_0128.bmp,1,9,4,4,13,12,12,28,12,18,12
01_13_09_04_0129.bmp,0,9,4,4,13,12,12,40,12,13,12
01_13_09_04_0130.bmp,0,9,4,4,13,12,11,28,11,11,11
01_13_09_04_0131.bmp,0,9,4,4,13,12,12,28,12,13,12
01_13_09_04_0131.bmp,1,9,4,4,13,12,11,28,18,1,12
01_13_09_04_0132.bmp,0,9,4,4,13,12,12,40,13,13,12
01_13_09_04_0133.bmp,1,9,4,4,13,11,11,40,12,18,12
01_13_09_04_0134.bmp,1,9,4,4,13,12,12,28,12,18,12
01_13_09_04_0136.bmp,1,9,4,4,13,12,11,28,12,13,12
01_13_09_04_0137.bmp,0,9,4,4,13,12,12,18,12,13,12
01_13_09_04_0137.bmp,1,9,4,4,13,12,11,28,12,18,11
01_13_09_04_0138.bmp,0,9,4,4,13,13,13,18,13,13,12
01_13_09_04_0139.bmp,0,9,4,4,13,13,12,28,13,13,12
01_13_09_04_0139.bmp,1,9,4,4,13,12,12,12,12,13,12
01_13_09_04_0140.bmp,1,9,4,4,13,12,12,12,12,18,12
01_13_09_04_0143.bmp,1,9,4,4,13,12,12,28,12,13,12
01_13_09_04_0146.bmp,0,9,4,4,13,13,13,28,13,13,12
01_13_09_04_0149.bmp,0,9,4,4,13,13,13,12,13,13,12
01_13_09_04_0149.bmp,1,9,4,4,13,12,12,28,12,24,12
01_13_09_04_0150.bmp,0,9,4,4,13,13,13,40,13,13,13
01_13_09_04_0150.bmp,1,9,4,4,13,12,12,28,12,18,12
01_13_09_04_0151.bmp,0,9,4,4,13,13,13,28,13,13,13
01_13_09_04_0154.bmp,0,9,4,4,13,13,13,40,13,40,12
01_13_09_04_0154.bmp,1,9,4,4,13,12,12,28,12,13,12
01_13_09_04_0155.bmp,0,9,4,4,13,13,13,28,13,13,13
01_13_09_04_0159.bmp,0,9,4,4,13,13,13,18,13,13,13
01_13_09_04_0160.bmp,0,9,4,4,13,13,13,13,13,13,12
01_13_09_04_0160.bmp,1,9,4,4,13,18,18,18,18,18,18
01_13_09_04_0162.bmp,1,9,4,4,13,12,11,28,12,13,12
01_13_09_04_0163.bmp,0,9,4,4,13,13,13,18,40,13,13
01_13_09_04_0164.bmp,0,9,4,4,13,13,13,13,40,13,13
01_13_09_04_0164.bmp,1,9,4,4,13,12,11,40,12,13,12
01_13_09_04_0165.bmp,0,9,4,4,13,13,13,13,13,13,13
01_13_09_04_0166.bmp,1,9,4,4,13,12,11,28,12,13,12
01_13_09_04_0168.bmp,1,9,4,4,13,12,11,28,12,18,12
01_13_09_04_0170.bmp,0,9,4,4,13,12,31,42,12,13,12
01_13_09_04_0170.bmp,1,9,4,4,13,12,12,2,12,13,12
01_13_09_04_0171.bmp,0,9,4,4,13,12,31,42,12,40,12
01_13_09_04_0172.bmp,0,9,4,4,13,12,31,12,12,18,12
01_13_09_04_0172.bmp,1,9,4,4,13,18,11,28,12,18,12
01_13_09_04_0173.bmp,0,9,4,4,13,12,31,1,12,7,12
01_13_09_04_0173.bmp,1,9,4,4,13,12,12,18,12,18,12
01_13_09_04_0174.bmp,0,9,4,4,13,12,31,11,12,12,31
01_13_09_04_0174.bmp,1,9,4,4,13,12,12,13,12,13,12
01_13_09_04_0175.bmp,1,9,4,4,13,13,11,1,12,13,13
01_13_09_04_0176.bmp,1,9,4,4,13,12,12,13,40,13,12
01_13_09_04_0177.bmp,1,9,4,4,13,12,12,40,12,13,12
01_13_09_04_0178.bmp,0,9,4,4,13,12,31,42,12,18,12
01_13_09_04_0178.bmp,1,9,4,4,13,12,12,20,12,13,12
01_13_09_04_0179.bmp,0,9,4,4,13,12,31,42,12,13,12
01_13_09_04_0179.bmp,1,9,4,4,13,12,12,40,12,18,12
01_13_09_04_0180.bmp,0,9,4,4,13,12,31,42,12,12,12
01_13_09_04_0182.bmp,0,9,4,4,13,12,31,42,12,13,12
01_13_09_04_0182.bmp,1,9,4,4,13,12,12,28,12,13,12
01_13_09_04_0185.bmp,0,9,4,4,13,12,31,12,12,11,12
01_13_09_04_0193.bmp,1,9,4,4,13,11,11,28,12,13,12
01_13_09_04_0196.bmp,0,9,4,4,13,12,31,12,12,13,12
01_13_09_04_0197.bmp,1,9,4,4,13,12,12,13,12,13,12
01_13_09_04_0199.bmp,0,9,4,4,13,12,31,12,12,13,12
01_13_09_04_0202.bmp,0,9,4,4,13,12,31,42,12,13,12
01_13_09_04_0203.bmp,0,9,4,4,13,12,31,12,12,40,12
01_13_09_04_0206.bmp,0,9,4,4,13,12,12,40,12,40,12
01_13_09_04_0207.bmp,1,9,4,4,13,12,12,40,12,13,12
01_13_09_04_0209.bmp,0,9,4,4,13,12,12,40,12,13,12
01_13_09_04_0209.bmp,1,9,4,4,13,13,11,12,12,13,12
01_13_09_04_0210.bmp,1,9,4,4,13,12,12,40,12,13,12
01_13_09_04_0212.bmp,0,9,4,4,13,12,12,12,12,13,12
01_13_09_04_0212.bmp,1,9,4,4,13,12,12,13,12,13,12
01_13_09_04_0214.bmp,0,9,4,4,13,13,12,25,13,40,12
01_13_09_04_0214.bmp,1,9,4,4,13,12,12,40,12,13,12
01_13_09_04_0215.bmp,1,9,4,4,13,12,12,13,12,13,12
01_13_09_04_0216.bmp,0,9,4,4,13,13,12,40,13,13,12
01_13_09_04_0216.bmp,1,9,4,4,13,12,12,40,12,13,12
01_13_09_04_0217.bmp,1,9,4,4,13,12,12,40,12,13,12
01_13_09_04_0219.bmp,1,9,4,4,13,12,12,40,12,13,12
01_13_09_04_0220.bmp,0,9,4,4,13,13,13,40,13,13,13
01_13_09_04_0221.bmp,0,9,4,4,13,13,13,40,13,13,13
01_13_09_04_0222.bmp,0,9,4,4,13,13,13,40,13,13,13
01_13_09_04_0223.bmp,1,9,4,4,13,12,12,40,12,13,12
01_13_09_04_0226.bmp,0,9,4,4,13,13,13,40,13,13,13
01_13_09_04_0227.bmp,0,9,4,4,13,13,13,20,13,13,13
01_13_09_04_0227.bmp,1,9,4,4,13,12,12,12,12,18,12
01_13_09_04_0231.bmp,0,9,4,4,13,13,13,28,13,24,13
01_13_09_04_0232.bmp,1,9,4,4,13,12,12,40,12,13,12
01_13_09_04_0233.bmp,0,9,4,4,13,13,13,40,13,13,13
01_13_09_04_0235.bmp,0,9,4,4,13,13,13,18,13,13,13
01_13_09_04_0236.bmp,0,9,4,4,13,13,13,13,13,13,13
01_13_09_04_0236.bmp,1,9,4,4,13,12,12,20,12,13,12
01_13_09_04_0238.bmp,1,9,4,4,13,12,12,2,12,13,12
01_13_09_04_0240.bmp,0,9,4,4,13,13,13,7,13,13,18
01_13_09_04_0240.bmp,1,9,4,4,13,13,12,40,13,13,13
01_13_09_04_0242.bmp,1,9,4,4,13,13,11,11,12,13,13
01_13_09_04_0244.bmp,1,9,4,4,13,12,12,40,12,13,12
01_13_09_04_0245.bmp,0,9,4,4,13,13,13,13,25,40,13
01_13_09_04_0246.bmp,0,9,4,4,13,12,12,18,12,18,12
01_13_09_04_0246.bmp,1,9,4,4,13,12,12,40,12,13,12
01_13_09_04_0247.bmp,1,9,4,4,13,12,11,13,12,13,12
01_13_09_04_0249.bmp,0,9,4,4,13,13,13,13,13,13,13
01_13_09_04_0250.bmp,0,9,4,4,13,13,13,13,13,13,13
01_13_09_04_0251.bmp,0,9,4,4,13,13,13,13,13,13,13
01_13_09_04_0252.bmp,0,9,4,4,13,13,13,13,13,13,13
01_13_09_04_0253.bmp,0,9,4,4,13,13,13,13,13,13,13
01_13_09_04_0258.bmp,1,9,4,4,13,12,12,11,12,13,12
01_13_09_04_0259.bmp,1,9,4,4,13,12,12,40,12,13,12
01_13_09_04_0260.bmp,0,9,4,4,13,13,13,28,13,13,13
01_13_09_04_0261.bmp,0,9,4,4,13,13,13,13,13,13,13
01_13_09_04_0262.bmp,0,9,4,4,13,13,13,11,13,13,13
01_13_09_04_0263.bmp,1,9,4,4,13,12,12,20,12,13,12
01_13_09_04_0264.bmp,0,9,4,4,13,13,13,40,40,40,13
01_13_09_04_0264.bmp,1,9,4,4,13,12,12,13,12,13,12
01_13_09_04_0265.bmp,0,9,4,4,13,13,13,13,13,13,13
01_13_09_04_0266.bmp,1,9,4,4,13,12,12,40,12,13,12
01_13_09_04_0267.bmp,0,9,4,4,13,13,13,13,13,13,13
01_13_09_04_0267.bmp,1,9,4,4,13,12,12,40,12,13,12
01_13_09_04_0269.bmp,0,9,4,4,13,13,13,13,13,13,13
01_13_09_04_0272.bmp,0,9,4,4,13,12,12,40,12,13,12
01_13_09_04_0273.bmp,0,9,4,4,13,12,12,40,12,13,12
01_13_09_04_0275.bmp,0,9,4,4,13,12,12,40,12,24,12
01_13_09_04_0278.bmp,0,9,4,4,13,12,12,12,12,13,12
01_13_09_04_0280.bmp,0,9,4,4,13,13,12,20,12,13,1
01_13_09_04_0287.bmp,0,9,4,4,13,12,12,40,12,13,12
01_13_09_04_0289.bmp,0,9,4,4,13,13,12,40,13,13,13
01_13_09_04_0291.bmp,0,9,4,4,13,12,12,20,12,13,12
01_13_09_04_0299.bmp,0,9,4,4,13,12,12,40,12,13,12
01_13_09_04_0306.bmp,0,9,4,4,13,12,12,40,12,13,12
01_13_09_04_0308.bmp,0,9,4,4,13,12,12,40,12,13,12
01_13_09_04_0311.bmp,0,9,4,4,13,12,11,40,12,24,12
01_13_09_04_0312.bmp,0,9,4,4,13,12,12,40,12,13,12
01_13_09_04_0314.bmp,0,9,4,4,13,13,12,28,13,13,13
01_13_09_04_0315.bmp,0,9,4,4,13,12,12,28,12,13,12
01_13_09_04_0316.bmp,0,9,4,4,13,12,12,20,12,24,12
01_13_09_04_0327.bmp,0,9,4,4,13,13,11,40,12,13,13
01_13_09_04_0328.bmp,0,9,4,4,13,12,12,40,12,13,12
01_13_09_04_0333.bmp,0,9,4,4,13,18,12,28,18,13,18
01_13_09_04_0334.bmp,0,9,4,4,13,18,11,40,12,13,18
01_13_09_04_0336.bmp,0,9,4,4,13,12,18,28,12,13,18
01_13_09_04_0337.bmp,0,9,4,4,13,25,11,28,25,18,25
01_13_09_04_0342.bmp,0,9,4,4,13,13,11,40,12,13,13
01_13_09_04_0351.bmp,0,9,4,4,13,13,25,25,25,13,13
01_13_09_04_0352.bmp,0,9,4,4,13,13,12,1,40,13,12
01_13_09_04_0355.bmp,0,9,4,4,13,12,12,25,12,13,12
01_13_09_04_0361.bmp,0,9,4,4,13,13,13,13,13,13,13
01_13_09_04_0363.bmp,0,9,4,4,13,13,13,13,13,13,13
01_13_09_04_0366.bmp,0,9,4,4,13,13,13,13,13,13,13
01_13_09_04_0369.bmp,0,9,4,4,13,13,13,13,13,13,13
01_13_09_04_0372.bmp,0,9,4,4,13,13,13,24,13,13,13
01_13_09_04_0375.bmp,0,9,4,4,13,13,13,13,13,13,13
01_13_09_04_0376.bmp,0,9,4,4,13,13,13,13,13,13,13
01_13_09_04_0377.bmp,0,9,4,4,13,13,13,11,13,13,13
01_13_09_04_0381.bmp,0,9,4,4,13,13,13,13,13,13,13
01_13_09_04_0384.bmp,0,9,4,4,13,13,13,13,13,13,13
01_13_09_04_0389.bmp,0,9,4,4,13,12,31,42,12,13,12
01_13_09_04_0392.bmp,0,9,4,4,13,12,31,11,12,7,12
01_13_09_04_0395.bmp,0,9,4,4,13,12,31,42,12,34,12
01_13_09_04_0398.bmp,0,9,4,4,13,12,31,42,12,13,12
01_13_09_04_0399.bmp,0,9,4,4,13,12,12,42,12,13,12
01_13_09_04_0400.bmp,0,9,4,4,13,12,12,42,32,32,12
01_13_09_04_0401.bmp,0,9,4,4,13,12,12,42,12,35,12
01_13_09_04_0405.bmp,0,9,4,4,13,12,12,25,12,13,12
01_13_09_04_0409.bmp,0,9,4,4,13,12,12,42,12,13,12
01_13_09_04_0413.bmp,0,9,4,4,13,12,12,11,12,11,12
01_13_09_04_0418.bmp,0,9,4,4,13,12,31,11,12,13,12
01_13_09_04_0424.bmp,0,9,4,4,13,12,31,42,12,13,12
01_13_09_04_0425.bmp,0,9,4,4,13,12,12,13,12,13,12
01_13_09_04_0429.bmp,0,9,4,4,13,12,12,12,12,13,12
01_13_09_04_0430.bmp,0,9,4,4,13,13,12,12,13,13,13
01_13_09_04_0432.bmp,0,9,4,4,13,12,12,40,13,13,13
01_13_09_04_0434.bmp,0,9,4,4,13,12,12,6,12,40,12
01_13_09_04_0439.bmp,0,9,4,4,13,13,12,11,13,40,13
01_13_09_04_0442.bmp,0,9,4,4,13,13,12,12,13,13,13
01_13_09_04_0443.bmp,0,9,4,4,13,12,12,11,13,13,13
01_13_09_04_0444.bmp,0,9,4,4,13,13,12,1,13,13,13
01_13_09_04_0448.bmp,0,9,4,4,13,12,12,1,12,13,12
01_13_09_04_0450.bmp,0,9,4,4,13,13,12,13,13,13,13
01_13_09_04_0452.bmp,0,9,4,4,13,13,12,28,13,40,13
01_13_09_04_0455.bmp,0,9,4,4,13,13,13,11,13,13,13
01_13_09_04_0456.bmp,0,9,4,4,13,12,12,36,12,35,12
01_13_09_04_0461.bmp,0,9,4,4,13,13,12,40,12,40,12
01_13_09_04_0462.bmp,0,9,4,4,13,13,13,40,13,40,40
01_13_09_04_0463.bmp,0,9,4,4,13,13,13,40,13,13,13
01_13_09_04_0464.bmp,0,9,4,4,13,13,13,40,13,13,13
01_13_09_04_0465.bmp,0,9,4,4,13,13,13,40,13,13,13
01_13_09_04_0466.bmp,0,9,4,4,13,13,13,40,13,13,13
01_13_09_04_0471.bmp,0,9,4,4,13,13,13,40,13,13,13
01_13_09_04_0473.bmp,0,9,4,4,13,13,13,28,13,13,13
01_13_09_04_0475.bmp,0,9,4,4,13,13,13,11,13,13,13
01_13_09_04_0476.bmp,0,9,4,4,13,13,13,13,13,13,13
01_13_09_04_0480.bmp,0,9,4,4,13,13,13,28,13,13,13
01_13_09_04_0485.bmp,0,9,4,4,13,13,13,18,13,13,12
01_13_09_04_0486.bmp,0,9,4,4,13,13,13,40,13,13,13
01_13_09_04_0490.bmp,0,9,4,4,13,13,12,40,13,13,13
01_13_09_04_0492.bmp,0,9,4,4,13,13,13,13,13,13,13
01_13_09_04_0495.bmp,0,9,4,4,13,13,13,13,13,13,13
01_13_09_04_0497.bmp,0,9,4,4,13,13,13,13,13,13,13
01_13_09_04_0499.bmp,0,9,4,4,13,13,13,18,13,13,13
01_13_09_04_0500.bmp,0,9,4,4,13,13,13,13,13,13,13
01_13_09_04_0501.bmp,0,9,4,4,13,13,13,13,13,13,13
01_13_09_04_0505.bmp,0,9,4,4,13,13,13,18,13,13,13
01_13_09_04_0508.bmp,0,9,4,4,13,13,13,13,13,13,13
01_13_09_04_0510.bmp,0,9,4,4,13,13,13,24,13,13,13
01_13_09_04_0511.bmp,0,9,4,4,13,13,13,24,13,13,13
01_13_09_04_0514.bmp,0,9,4,4,13,13,13,40,13,13,13
01_13_09_04_0516.bmp,0,9,4,4,13,12,31,42,12,18,12
01_13_09_04_0519.bmp,0,9,4,4,13,12,31,42,12,18,12
01_13_09_04_0521.bmp,0,9,4,4,13,12,31,42,12,18,12
01_13_09_04_0523.bmp,0,9,4,4,13,12,12,13,12,11,12
01_13_09_04_0525.bmp,0,9,4,4,13,12,31,11,12,18,12
01_13_09_04_0526.bmp,0,9,4,4,13,12,31,42,12,35,12
01_13_09_04_0533.bmp,0,9,4,4,13,12,12,42,12,18,12
01_13_09_04_0537.bmp,0,9,4,4,13,12,12,11,12,40,12
01_13_09_04_0538.bmp,0,9,4,4,13,12,31,42,12,13,12
01_13_09_04_0539.bmp,0,9,4,4,13,12,12,40,12,40,12
01_13_09_04_0542.bmp,0,9,4,4,13,12,31,42,12,40,12
01_13_09_04_0544.bmp,0,9,4,4,13,13,31,42,13,13,13
01_13_09_04_0545.bmp,0,9,4,4,13,12,12,42,12,12,12
01_13_09_04_0547.bmp,0,9,4,4,13,12,12,13,12,40,12
01_13_09_04_0549.bmp,0,9,4,4,13,12,12,12,12,40,12
01_13_09_04_0550.bmp,0,9,4,4,13,12,31,42,12,35,12
01_13_09_04_0554.bmp,0,9,4,4,13,12,31,42,12,13,12
01_13_09_04_0557.bmp,0,9,4,4,13,12,12,11,12,18,12
01_13_09_04_0559.bmp,0,9,4,4,13,12,12,18,12,12,12
01_13_09_04_0561.bmp,0,9,4,4,13,12,12,12,12,13,12
01_13_09_04_0564.bmp,0,9,4,4,13,12,31,42,12,40,12
01_13_09_04_0565.bmp,0,9,4,4,13,12,12,12,12,12,12
01_13_09_04_0566.bmp,0,9,4,4,13,12,31,42,12,13,12
01_13_09_04_0567.bmp,0,9,4,4,13,12,12,28,12,13,12
01_13_09_04_0570.bmp,0,9,4,4,13,12,31,42,12,13,12
01_13_09_04_0571.bmp,0,9,4,4,13,12,12,40,12,40,12
01_13_09_04_0573.bmp,0,9,4,4,13,12,12,28,12,13,12
01_13_09_04_0581.bmp,0,9,4,4,13,12,12,40,12,13,12
01_13_09_04_0584.bmp,0,9,4,4,13,12,31,42,13,35,12
01_13_09_04_0586.bmp,0,9,4,4,13,12,31,42,13,13,12
01_13_09_04_0588.bmp,0,9,4,4,13,12,31,6,12,13,12
01_13_09_04_0589.bmp,0,9,4,4,13,13,13,28,13,13,13
01_13_09_04_0590.bmp,0,9,4,4,13,12,31,12,13,13,12
01_13_09_04_0592.bmp,0,9,4,4,13,32,31,42,32,13,12
01_13_09_04_0594.bmp,0,9,4,4,13,13,12,42,13,13,12
01_13_09_04_0595.bmp,0,9,4,4,13,12,12,28,12,13,12
01_13_09_04_0600.bmp,0,9,4,4,13,12,18,18,12,18,18
01_13_09_04_0601.bmp,0,9,4,4,13,13,18,28,13,13,11
01_13_09_04_0605.bmp,0,9,4,4,13,12,12,28,12,12,12
01_13_09_04_0607.bmp,0,9,4,4,13,13,12,18,18,18,18
01_13_09_04_0609.bmp,0,9,4,4,13,13,18,18,12,13,12
01_13_09_04_0610.bmp,0,9,4,4,13,13,18,18,12,1,18
01_13_09_04_0612.bmp,0,9,4,4,13,13,18,18,13,18,18
01_13_09_04_0625.bmp,0,9,4,4,13,13,25,11,12,13,13
01_03_09_05_0001.bmp,0,9,5,4,9,12,12,12,13,13,13
01_03_09_05_0006.bmp,0,9,5,4,9,12,31,6,12,25,12
01_03_09_05_0012.bmp,0,9,5,4,9,12,31,42,11,13,12
01_03_09_05_0015.bmp,0,9,5,4,9,16,16,42,12,34,16
01_03_09_05_0018.bmp,0,9,5,4,9,12,12,25,13,40,12
01_03_09_05_0021.bmp,0,9,5,4,9,12,16,42,11,11,16
01_03_09_05_0024.bmp,0,9,5,4,9,12,16,12,12,11,12
01_03_09_05_0036.bmp,0,9,5,4,9,13,16,40,13,13,12
01_03_09_05_0042.bmp,0,9,5,4,9,12,12,6,12,40,12
01_03_09_05_0043.bmp,0,9,5,4,9,12,12,40,12,13,12
01_03_09_05_0044.bmp,0,9,5,4,9,12,12,40,12,11,12
01_03_09_05_0046.bmp,0,9,5,4,9,12,12,25,12,40,12
01_03_09_05_0048.bmp,0,9,5,4,9,13,12,11,13,13,12
01_03_09_05_0050.bmp,0,9,5,4,9,13,16,40,12,13,12
01_03_09_05_0051.bmp,0,9,5,4,9,13,18,28,12,18,12
01_03_09_05_0055.bmp,0,9,5,4,9,13,12,12,12,13,12
01_03_09_05_0056.bmp,0,9,5,4,9,13,18,24,13,41,18
01_03_09_05_0058.bmp,0,9,5,4,9,13,11,25,13,12,11
01_03_09_05_0061.bmp,0,9,5,4,9,13,13,13,13,24,12
01_03_09_05_0062.bmp,0,9,5,4,9,13,11,25,13,40,13
01_03_09_05_0066.bmp,0,9,5,4,9,13,13,13,13,13,13
01_03_09_05_0068.bmp,0,9,5,4,9,13,12,13,13,13,12
01_03_09_05_0069.bmp,0,9,5,4,9,13,25,13,13,13,25
01_03_09_05_0072.bmp,0,9,5,4,9,13,11,13,13,13,13
01_03_09_05_0075.bmp,0,9,5,4,9,13,13,13,13,13,13
01_03_09_05_0077.bmp,0,9,5,4,9,13,13,13,13,13,13
01_03_09_05_0078.bmp,0,9,5,4,9,13,11,13,13,13,13
01_03_09_05_0082.bmp,0,9,5,4,9,13,11,13,13,14,13
01_03_09_05_0083.bmp,0,9,5,4,9,13,13,13,13,24,25
01_06_09_05_0002.bmp,1,9,5,4,14,12,12,18,18,26,13
01_06_09_05_0003.bmp,1,9,5,4,14,12,12,12,11,11,12
01_06_09_05_0004.bmp,1,9,5,4,14,12,31,12,12,20,12
01_06_09_05_0007.bmp,0,9,5,4,14,18,18,18,18,1,18
01_06_09_05_0007.bmp,1,9,5,4,14,12,12,6,12,11,12
01_06_09_05_0012.bmp,0,9,5,4,14,13,11,13,13,18,18
01_06_09_05_0012.bmp,1,9,5,4,14,12,12,18,12,18,12
01_06_09_05_0013.bmp,1,9,5,4,14,11,12,28,11,13,11
01_06_09_05_0014.bmp,0,9,5,4,14,13,11,13,13,33,11
01_06_09_05_0015.bmp,0,9,5,4,14,18,1,13,18,13,18
01_06_09_05_0015.bmp,1,9,5,4,14,18,12,18,18,18,18
01_06_09_05_0016.bmp,1,9,5,4,14,18,12,18,18,18,18
01_06_09_05_0017.bmp,1,9,5,4,14,11,11,18,18,13,11
01_06_09_05_0021.bmp,0,9,5,4,14,13,25,13,13,13,25
01_06_09_05_0022.bmp,1,9,5,4,14,12,12,28,12,12,12
01_06_09_05_0024.bmp,0,9,5,4,14,13,1,18,18,24,18
01_06_09_05_0026.bmp,1,9,5,4,14,11,11,28,18,12,18
01_06_09_05_0029.bmp,0,9,5,4,14,13,18,13,13,13,18
01_06_09_05_0029.bmp,1,9,5,4,14,18,12,18,18,18,18
01_06_09_05_0030.bmp,0,9,5,4,14,13,25,24,13,7,13
01_06_09_05_0030.bmp,1,9,5,4,14,18,12,18,18,40,18
01_06_09_05_0031.bmp,0,9,5,4,14,13,11,18,13,13,18
01_06_09_05_0031.bmp,1,9,5,4,14,12,31,6,12,40,12
01_06_09_05_0035.bmp,0,9,5,4,14,13,11,18,13,7,13
01_06_09_05_0037.bmp,1,9,5,4,14,12,12,42,12,18,12
01_06_09_05_0038.bmp,0,9,5,4,14,13,18,13,13,7,13
01_06_09_05_0039.bmp,0,9,5,4,14,13,25,24,13,24,25
01_06_09_05_0039.bmp,1,9,5,4,14,12,12,6,12,12,12
01_06_09_05_0040.bmp,1,9,5,4,14,12,12,6,12,35,12
01_06_09_05_0041.bmp,1,9,5,4,14,12,12,42,35,18,12
01_06_09_05_0042.bmp,0,9,5,4,14,13,25,13,13,13,13
01_06_09_05_0043.bmp,1,9,5,4,14,12,12,42,12,10,12
01_06_09_05_0046.bmp,0,9,5,4,14,12,12,6,12,40,12
01_06_09_05_0048.bmp,0,9,5,4,14,12,12,18,12,13,12
01_06_09_05_0050.bmp,0,9,5,4,14,12,12,12,12,40,12
01_06_09_05_0051.bmp,0,9,5,4,14,12,12,40,12,18,12
01_06_09_05_0055.bmp,0,9,5,4,14,12,12,28,12,13,12
01_06_09_05_0056.bmp,0,9,5,4,14,12,12,18,12,35,12
01_06_09_05_0059.bmp,0,9,5,4,14,12,12,18,18,18,18
01_06_09_05_0064.bmp,0,9,5,4,14,18,12,18,18,18,18
01_06_09_05_0066.bmp,0,9,5,4,14,12,12,28,12,7,12
01_06_09_05_0067.bmp,0,9,5,4,14,18,12,18,18,18,18
01_06_09_05_0068.bmp,0,9,5,4,14,12,12,18,12,18,12
01_06_09_05_0070.bmp,0,9,5,4,14,18,18,18,18,18,18
01_06_09_05_0074.bmp,0,9,5,4,14,13,11,18,18,7,18
01_06_09_05_0075.bmp,0,9,5,4,14,12,12,28,12,1,12
01_06_09_05_0076.bmp,0,9,5,4,14,12,12,28,12,7,18
01_06_09_05_0080.bmp,0,9,5,4,14,18,18,18,18,18,18
01_06_09_05_0085.bmp,0,9,5,4,14,13,11,18,12,18,18
01_06_09_05_0088.bmp,0,9,5,4,14,13,25,13,13,24,13
01_06_09_05_0089.bmp,0,9,5,4,14,25,25,2,13,7,25
01_11_09_05_0002.bmp,0,9,5,4,12,11,31,42,11,40,7
01_11_09_05_0003.bmp,0,9,5,4,12,12,31,42,11,11,12
01_11_09_05_0013.bmp,0,9,5,4,12,12,31,42,12,13,12
01_11_09_05_0019.bmp,0,9,5,4,12,11,12,42,12,11,35
01_11_09_05_0020.bmp,0,9,5,4,12,11,11,42,11,18,11
01_11_09_05_0021.bmp,0,9,5,4,12,11,11,11,18,18,18
01_11_09_05_0022.bmp,0,9,5,4,12,11,11,12,11,18,13
01_11_09_05_0024.bmp,0,9,5,4,12,12,11,11,12,11,12
01_11_09_05_0027.bmp,0,9,5,4,12,12,12,13,35,35,35
01_11_09_05_0028.bmp,0,9,5,4,12,12,12,42,12,35,12
01_11_09_05_0031.bmp,0,9,5,4,12,12,11,40,12,11,12
01_11_09_05_0033.bmp,0,9,5,4,12,12,12,11,12,40,12
01_11_09_05_0038.bmp,0,9,5,4,12,11,12,18,11,11,12
01_11_09_05_0039.bmp,0,9,5,4,12,13,11,18,13,35,18
01_11_09_05_0041.bmp,0,9,5,4,12,13,11,28,13,37,11
01_11_09_05_0045.bmp,0,9,5,4,12,13,11,28,13,18,12
01_11_09_05_0047.bmp,0,9,5,4,12,13,11,28,13,1,18
01_11_09_05_0049.bmp,0,9,5,4,12,1,11,28,1,1,1
01_11_09_05_0050.bmp,0,9,5,4,12,18,18,28,18,18,18
01_11_09_05_0052.bmp,0,9,5,4,12,12,11,18,12,1,18
01_11_09_05_0060.bmp,0,9,5,4,12,13,11,28,13,13,11
01_11_09_05_0061.bmp,0,9,5,4,12,13,11,18,18,18,12
01_11_09_05_0062.bmp,0,9,5,4,12,13,11,28,13,11,11
01_11_09_05_0064.bmp,0,9,5,4,12,13,11,11,13,13,13
01_11_09_05_0065.bmp,0,9,5,4,12,12,11,18,12,28,18
01_11_09_05_0069.bmp,0,9,5,4,12,13,11,13,13,13,13
01_11_09_05_0077.bmp,0,9,5,4,12,13,13,13,13,13,13
01_11_09_05_0078.bmp,0,9,5,4,12,13,13,28,13,13,13
01_11_09_05_0080.bmp,0,9,5,4,12,13,11,13,13,24,13
01_12_09_05_0002.bmp,0,9,5,4,17,13,11,28,13,18,13
01_12_09_05_0004.bmp,0,9,5,4,17,13,13,42,13,42,13
01_12_09_05_0005.bmp,0,9,5,4,17,11,16,11,13,18,12
01_12_09_05_0006.bmp,1,9,5,4,17,12,31,42,12,13,12
01_12_09_05_0009.bmp,0,9,5,4,17,7,16,28,7,13,13
01_12_09_05_0009.bmp,1,9,5,4,17,12,12,42,12,10,35
01_12_09_05_0011.bmp,0,9,5,4,17,7,11,18,7,7,13
01_12_09_05_0011.bmp,1,9,5,4,17,12,31,1,12,11,12
01_12_09_05_0012.bmp,0,9,5,4,17,13,13,28,13,7,12
01_12_09_05_0012.bmp,1,9,5,4,17,12,31,11,12,11,12
01_12_09_05_0013.bmp,0,9,5,4,17,11,11,18,18,18,18
01_12_09_05_0015.bmp,0,9,5,4,17,7,16,28,7,17,13
01_12_09_05_0017.bmp,1,9,5,4,17,12,31,11,12,11,31
01_12_09_05_0018.bmp,1,9,5,4,17,12,31,12,35,11,12
01_12_09_05_0021.bmp,1,9,5,4,17,12,31,42,12,35,31
01_12_09_05_0022.bmp,1,9,5,4,17,12,31,12,12,11,12
01_12_09_05_0024.bmp,1,9,5,4,17,12,31,12,12,18,31
01_12_09_05_0025.bmp,1,9,5,4,17,12,31,12,12,18,12
01_12_09_05_0028.bmp,1,9,5,4,17,12,31,42,12,35,12
01_12_09_05_0032.bmp,0,9,5,4,17,12,12,18,12,13,12
01_12_09_05_0032.bmp,1,9,5,4,17,38,31,11,38,13,13
01_12_09_05_0033.bmp,0,9,5,4,17,18,18,18,18,18,18
01_12_09_05_0033.bmp,1,9,5,4,17,12,31,42,12,13,35
01_12_09_05_0034.bmp,0,9,5,4,17,13,11,18,13,18,12
01_12_09_05_0035.bmp,0,9,5,4,17,13,11,18,1,24,18
01_12_09_05_0035.bmp,1,9,5,4,17,12,31,42,11,35,12
01_12_09_05_0036.bmp,1,9,5,4,17,38,31,11,13,18,13
01_12_09_05_0037.bmp,0,9,5,4,17,13,11,28,13,24,18
01_12_09_05_0038.bmp,0,9,5,4,17,11,11,13,13,24,11
01_12_09_05_0040.bmp,0,9,5,4,17,13,11,18,18,18,18
01_12_09_05_0040.bmp,1,9,5,4,17,31,31,11,12,40,31
01_12_09_05_0041.bmp,0,9,5,4,17,13,18,18,13,13,18
01_12_09_05_0043.bmp,0,9,5,4,17,13,25,7,13,26,13
01_12_09_05_0044.bmp,0,9,5,4,17,11,31,42,11,11,35
01_12_09_05_0045.bmp,0,9,5,4,17,31,31,42,11,11,11
01_12_09_05_0051.bmp,0,9,5,4,17,12,31,11,13,13,31
01_12_09_05_0052.bmp,0,9,5,4,17,38,31,1,13,11,13
01_12_09_05_0056.bmp,0,9,5,4,17,11,16,42,11,18,11
01_12_09_05_0060.bmp,0,9,5,4,17,11,31,12,11,26,13
01_12_09_05_0061.bmp,0,9,5,4,17,13,12,42,13,18,18
01_12_09_05_0062.bmp,0,9,5,4,17,18,11,11,18,18,18
01_12_09_05_0068.bmp,0,9,5,4,17,11,11,28,11,7,12
01_12_09_05_0072.bmp,0,9,5,4,17,13,11,18,13,11,12
01_12_09_05_0075.bmp,0,9,5,4,17,11,11,28,11,11,11
01_12_09_05_0077.bmp,0,9,5,4,17,7,11,28,7,18,13
01_12_09_05_0078.bmp,0,9,5,4,17,7,11,28,7,11,7
01_12_09_05_0081.bmp,0,9,5,4,17,11,11,11,11,11,11
01_12_09_05_0082.bmp,0,9,5,4,17,11,11,11,11,11,11
01_12_09_05_0085.bmp,0,9,5,4,17,11,11,11,11,7,11
01_12_09_05_0086.bmp,0,9,5,4,17,11,11,28,7,18,11
01_12_09_05_0088.bmp,0,9,5,4,17,11,11,18,7,18,13
01_12_09_05_0092.bmp,0,9,5,4,17,13,13,18,13,18,11
01_12_09_05_0093.bmp,0,9,5,4,17,13,13,20,13,7,7
01_12_09_05_0097.bmp,0,9,5,4,17,13,11,28,13,11,7
01_12_09_05_0098.bmp,0,9,5,4,17,13,11,28,13,13,11
01_12_09_05_0101.bmp,0,9,5,4,17,11,11,28,11,18,11
01_12_09_05_0105.bmp,0,9,5,4,17,13,7,28,7,18,11
01_12_09_05_0107.bmp,0,9,5,4,17,11,11,24,11,18,11
01_12_09_05_0112.bmp,0,9,5,4,17,7,11,28,7,28,11
01_12_09_05_0113.bmp,0,9,5,4,17,7,7,18,7,7,7
01_13_09_05_0002.bmp,1,9,5,4,13,13,13,12,13,13,13
01_13_09_05_0003.bmp,1,9,5,4,13,13,13,12,13,13,13
01_13_09_05_0005.bmp,1,9,5,4,13,13,13,13,13,13,13
01_13_09_05_0006.bmp,0,9,5,4,13,12,12,12,12,35,12
01_13_09_05_0006.bmp,1,9,5,4,13,13,13,13,13,13,13
01_13_09_05_0007.bmp,1,9,5,4,13,13,13,28,13,13,13
01_13_09_05_0010.bmp,1,9,5,4,13,18,13,12,18,13,18
01_13_09_05_0013.bmp,0,9,5,4,13,12,12,11,12,13,12
01_13_09_05_0014.bmp,1,9,5,4,13,13,13,13,13,13,13
01_13_09_05_0016.bmp,1,9,5,4,13,13,13,13,13,13,13
01_13_09_05_0022.bmp,0,9,5,4,13,12,12,42,12,13,12
01_13_09_05_0024.bmp,0,9,5,4,13,12,12,11,12,12,12
01_13_09_05_0024.bmp,1,9,5,4,13,13,13,13,13,13,13
01_13_09_05_0025.bmp,1,9,5,4,13,13,13,13,13,13,13
01_13_09_05_0026.bmp,0,9,5,4,13,12,12,42,12,13,12
01_13_09_05_0028.bmp,1,9,5,4,13,13,13,13,13,13,13
01_13_09_05_0029.bmp,1,9,5,4,13,13,13,11,13,13,13
01_13_09_05_0030.bmp,0,9,5,4,13,12,12,11,12,13,12
01_13_09_05_0031.bmp,1,9,5,4,13,13,13,13,13,13,13
01_13_09_05_0032.bmp,1,9,5,4,13,13,13,13,13,13,13
01_13_09_05_0034.bmp,0,9,5,4,13,12,12,40,12,13,12
01_13_09_05_0035.bmp,1,9,5,4,13,13,13,13,13,13,13
01_13_09_05_0037.bmp,0,9,5,4,13,12,12,42,13,13,13
01_13_09_05_0037.bmp,1,9,5,4,13,13,13,13,13,13,13
01_13_09_05_0038.bmp,0,9,5,4,13,12,12,40,12,13,40
01_13_09_05_0040.bmp,0,9,5,4,13,13,12,11,13,13,13
01_13_09_05_0043.bmp,1,9,5,4,13,13,13,12,13,13,13
01_13_09_05_0045.bmp,1,9,5,4,13,13,13,13,13,13,13
01_13_09_05_0047.bmp,0,9,5,4,13,13,12,40,13,13,13
01_13_09_05_0047.bmp,1,9,5,4,13,13,13,13,13,13,13
01_13_09_05_0048.bmp,0,9,5,4,13,13,12,13,13,13,40
01_13_09_05_0050.bmp,0,9,5,4,13,13,12,40,13,13,13
01_13_09_05_0052.bmp,0,9,5,4,13,13,12,40,13,35,13
01_13_09_05_0053.bmp,0,9,5,4,13,13,13,11,13,18,13
01_13_09_05_0054.bmp,0,9,5,4,13,13,12,13,13,13,13
01_13_09_05_0056.bmp,1,9,5,4,13,13,13,13,13,13,13
01_13_09_05_0058.bmp,0,9,5,4,13,13,12,13,13,13,13
01_13_09_05_0058.bmp,1,9,5,4,13,13,13,24,13,13,13
01_13_09_05_0059.bmp,0,9,5,4,13,13,13,40,13,40,13
01_13_09_05_0059.bmp,1,9,5,4,13,13,13,13,13,13,13
01_13_09_05_0060.bmp,0,9,5,4,13,13,12,40,13,13,13
01_13_09_05_0061.bmp,0,9,5,4,13,13,13,12,13,13,13
01_13_09_05_0061.bmp,1,9,5,4,13,13,13,13,13,13,13
01_13_09_05_0062.bmp,0,9,5,4,13,13,12,40,13,13,13
01_13_09_05_0062.bmp,1,9,5,4,13,13,13,13,13,13,13
01_13_09_05_0065.bmp,1,9,5,4,13,12,31,1,12,40,12
01_13_09_05_0067.bmp,1,9,5,4,13,12,31,12,12,18,12
01_13_09_05_0068.bmp,0,9,5,4,13,13,13,12,13,13,13
01_13_09_05_0068.bmp,1,9,5,4,13,12,31,12,12,13,12
01_13_09_05_0070.bmp,0,9,5,4,13,13,13,13,13,13,13
01_13_09_05_0071.bmp,0,9,5,4,13,13,13,40,13,13,13
01_13_09_05_0073.bmp,0,9,5,4,13,13,12,40,13,13,13
01_13_09_05_0074.bmp,0,9,5,4,13,13,13,13,13,13,13
01_13_09_05_0075.bmp,0,9,5,4,13,13,13,13,13,13,13
01_13_09_05_0078.bmp,1,9,5,4,13,12,12,42,12,18,12
01_13_09_05_0079.bmp,1,9,5,4,13,12,31,18,12,18,12
01_13_09_05_0080.bmp,1,9,5,4,13,12,31,12,12,18,12
01_13_09_05_0082.bmp,1,9,5,4,13,12,31,6,12,40,12
01_13_09_05_0084.bmp,0,9,5,4,13,13,13,18,13,13,13
01_13_09_05_0084.bmp,1,9,5,4,13,12,31,18,12,35,12
01_13_09_05_0085.bmp,0,9,5,4,13,13,13,13,13,13,13
01_13_09_05_0085.bmp,1,9,5,4,13,12,31,42,12,40,12
01_13_09_05_0086.bmp,1,9,5,4,13,12,31,6,12,18,12
01_13_09_05_0088.bmp,1,9,5,4,13,12,12,18,12,40,12
01_13_09_05_0089.bmp,0,9,5,4,13,13,13,13,13,13,13
01_13_09_05_0090.bmp,0,9,5,4,13,13,13,24,13,13,13
01_13_09_05_0090.bmp,1,9,5,4,13,12,31,42,12,13,12
01_13_09_05_0091.bmp,0,9,5,4,13,13,13,18,13,13,13
01_13_09_05_0091.bmp,1,9,5,4,13,12,31,42,12,12,12
01_13_09_05_0093.bmp,1,9,5,4,13,12,31,6,12,11,12
01_13_09_05_0095.bmp,1,9,5,4,13,12,31,11,12,10,12
01_13_09_05_0096.bmp,1,9,5,4,13,12,31,6,12,11,12
01_13_09_05_0097.bmp,1,9,5,4,13,12,12,12,12,35,12
01_13_09_05_0098.bmp,1,9,5,4,13,12,31,12,12,13,12
01_13_09_05_0100.bmp,0,9,5,4,13,13,13,18,18,13,13
01_13_09_05_0101.bmp,1,9,5,4,13,12,31,42,12,18,12
01_13_09_05_0102.bmp,0,9,5,4,13,13,13,13,13,13,13
01_13_09_05_0104.bmp,1,9,5,4,13,12,31,18,12,18,12
01_13_09_05_0105.bmp,0,9,5,4,13,13,13,13,13,13,13
01_13_09_05_0106.bmp,0,9,5,4,13,13,13,18,13,13,13
01_13_09_05_0107.bmp,0,9,5,4,13,13,13,13,13,13,13
01_13_09_05_0110.bmp,1,9,5,4,13,12,12,12,12,13,12
01_13_09_05_0112.bmp,0,9,5,4,13,13,13,40,13,13,13
01_13_09_05_0113.bmp,1,9,5,4,13,12,12,18,12,18,1
01_13_09_05_0115.bmp,1,9,5,4,13,12,12,28,12,18,12
01_13_09_05_0116.bmp,0,9,5,4,13,12,31,42,12,11,12
01_13_09_05_0117.bmp,0,9,5,4,13,12,12,1,13,13,12
01_13_09_05_0117.bmp,1,9,5,4,13,12,12,28,12,18,12
01_13_09_05_0119.bmp,1,9,5,4,13,12,12,28,18,18,12
01_13_09_05_0120.bmp,0,9,5,4,13,12,31,42,12,35,12
01_13_09_05_0120.bmp,1,9,5,4,13,12,12,28,12,18,12
01_13_09_05_0121.bmp,0,9,5,4,13,12,12,12,12,40,12
01_13_09_05_0121.bmp,1,9,5,4,13,12,12,11,12,13,12
01_13_09_05_0122.bmp,1,9,5,4,13,12,12,28,12,13,12
01_13_09_05_0124.bmp,1,9,5,4,13,18,11,28,18,18,18
01_13_09_05_0128.bmp,0,9,5,4,13,13,12,28,13,13,12
01_13_09_05_0129.bmp,1,9,5,4,13,12,12,13,12,13,12
01_13_09_05_0130.bmp,0,9,5,4,13,13,12,18,13,11,12
01_13_09_05_0130.bmp,1,9,5,4,13,18,11,28,18,18,18
01_13_09_05_0131.bmp,0,9,5,4,13,13,12,28,13,40,12
01_13_09_05_0134.bmp,0,9,5,4,13,12,12,18,12,13,12
01_13_09_05_0135.bmp,1,9,5,4,13,12,12,28,12,13,12
01_13_09_05_0137.bmp,0,9,5,4,13,12,12,18,12,35,12
01_13_09_05_0137.bmp,1,9,5,4,13,12,12,28,12,18,12
01_13_09_05_0138.bmp,0,9,5,4,13,13,12,28,13,13,12
01_13_09_05_0139.bmp,0,9,5,4,13,13,12,28,13,13,12
01_13_09_05_0140.bmp,1,9,5,4,13,12,12,18,12,24,12
01_13_09_05_0142.bmp,1,9,5,4,13,18,18,2,1,18,18
01_13_09_05_0143.bmp,1,9,5,4,13,12,12,28,12,12,12
01_13_09_05_0144.bmp,0,9,5,4,13,13,12,18,13,13,12
01_13_09_05_0145.bmp,0,9,5,4,13,13,12,28,13,40,12
01_13_09_05_0145.bmp,1,9,5,4,13,12,11,1,12,12,18
01_13_09_05_0147.bmp,1,9,5,4,13,18,12,28,18,1,18
01_13_09_05_0152.bmp,1,9,5,4,13,12,12,28,12,28,12
01_13_09_05_0153.bmp,1,9,5,4,13,12,12,28,12,11,12
01_13_09_05_0154.bmp,0,9,5,4,13,13,12,13,13,13,12
01_13_09_05_0154.bmp,1,9,5,4,13,12,12,28,12,13,12
01_13_09_05_0155.bmp,0,9,5,4,13,13,13,24,13,13,12
01_13_09_05_0155.bmp,1,9,5,4,13,12,12,28,12,28,18
01_13_09_05_0156.bmp,1,9,5,4,13,12,12,28,12,13,12
01_13_09_05_0158.bmp,1,9,5,4,13,18,18,24,18,18,18
01_13_09_05_0159.bmp,1,9,5,4,13,12,12,12,12,13,12
01_13_09_05_0160.bmp,1,9,5,4,13,18,18,18,18,18,18
01_13_09_05_0161.bmp,0,9,5,4,13,13,13,18,13,24,13
01_13_09_05_0161.bmp,1,9,5,4,13,12,12,40,12,13,12
01_13_09_05_0164.bmp,0,9,5,4,13,13,13,40,13,13,13
01_13_09_05_0165.bmp,1,9,5,4,13,12,12,40,12,13,12
01_13_09_05_0166.bmp,0,9,5,4,13,13,13,18,13,13,13
01_13_09_05_0167.bmp,0,9,5,4,13,13,13,13,40,24,13
01_13_09_05_0167.bmp,1,9,5,4,13,12,12,1,1,13,12
01_13_09_05_0169.bmp,0,9,5,4,13,12,31,42,12,18,12
01_13_09_05_0173.bmp,1,9,5,4,13,18,12,18,18,18,18
01_13_09_05_0175.bmp,1,9,5,4,13,18,11,28,1,13,18
01_13_09_05_0177.bmp,0,9,5,4,13,12,31,42,12,40,12
01_13_09_05_0177.bmp,1,9,5,4,13,12,12,12,12,13,12
01_13_09_05_0180.bmp,0,9,5,4,13,12,31,42,12,40,12
01_13_09_05_0181.bmp,1,9,5,4,13,12,12,40,12,13,12
01_13_09_05_0186.bmp,1,9,5,4,13,12,12,12,12,13,12
01_13_09_05_0187.bmp,0,9,5,4,13,12,31,11,12,35,12
01_13_09_05_0191.bmp,0,9,5,4,13,12,31,42,12,35,12
01_13_09_05_0192.bmp,1,9,5,4,13,12,12,40,12,13,12
01_13_09_05_0194.bmp,0,9,5,4,13,12,31,42,12,35,12
01_13_09_05_0198.bmp,0,9,5,4,13,12,31,18,12,35,12
01_13_09_05_0198.bmp,1,9,5,4,13,12,12,28,12,24,12
01_13_09_05_0200.bmp,0,9,5,4,13,12,31,42,12,35,12
01_13_09_05_0200.bmp,1,9,5,4,13,12,12,13,12,13,12
01_13_09_05_0203.bmp,1,9,5,4,13,12,12,40,12,13,12
01_13_09_05_0204.bmp,1,9,5,4,13,12,12,12,12,24,12
01_13_09_05_0205.bmp,1,9,5,4,13,12,12,18,12,18,12
01_13_09_05_0206.bmp,0,9,5,4,13,12,31,25,12,18,12
01_13_09_05_0209.bmp,0,9,5,4,13,12,12,6,13,13,12
01_13_09_05_0211.bmp,1,9,5,4,13,12,12,28,12,18,12
01_13_09_05_0212.bmp,0,9,5,4,13,12,12,18,12,35,12
01_13_09_05_0213.bmp,0,9,5,4,13,12,12,12,12,13,12
01_13_09_05_0213.bmp,1,9,5,4,13,12,12,40,12,13,12
01_13_09_05_0215.bmp,1,9,5,4,13,18,11,28,18,13,18
01_13_09_05_0216.bmp,0,9,5,4,13,12,12,28,12,40,12
01_13_09_05_0219.bmp,0,9,5,4,13,13,12,12,13,13,12
01_13_09_05_0219.bmp,1,9,5,4,13,12,11,40,12,13,12
01_13_09_05_0222.bmp,0,9,5,4,13,13,12,40,13,13,12
01_13_09_05_0223.bmp,0,9,5,4,13,13,13,18,13,13,12
01_13_09_05_0223.bmp,1,9,5,4,13,12,12,18,12,13,12
01_13_09_05_0224.bmp,0,9,5,4,13,13,12,12,13,13,18
01_13_09_05_0225.bmp,0,9,5,4,13,13,13,13,13,13,12
01_13_09_05_0227.bmp,0,9,5,4,13,13,12,13,13,13,12
01_13_09_05_0227.bmp,1,9,5,4,13,12,12,12,12,13,12
01_13_09_05_0229.bmp,0,9,5,4,13,13,18,28,13,13,18
01_13_09_05_0231.bmp,1,9,5,4,13,12,12,28,12,13,12
01_13_09_05_0233.bmp,0,9,5,4,13,13,12,18,13,24,13
01_13_09_05_0239.bmp,0,9,5,4,13,13,18,13,13,13,13
01_13_09_05_0239.bmp,1,9,5,4,13,13,11,18,12,13,12
01_13_09_05_0240.bmp,1,9,5,4,13,13,11,28,12,13,12
01_13_09_05_0241.bmp,0,9,5,4,13,13,25,13,13,13,18
01_13_09_05_0244.bmp,0,9,5,4,13,18,18,28,18,13,18
01_13_09_05_0244.bmp,1,9,5,4,13,12,12,40,12,13,12
01_13_09_05_0245.bmp,0,9,5,4,13,13,18,13,13,13,18
01_13_09_05_0248.bmp,0,9,5,4,13,13,13,13,13,13,13
01_13_09_05_0248.bmp,1,9,5,4,13,12,12,12,12,18,18
01_13_09_05_0249.bmp,1,9,5,4,13,13,12,28,13,13,12
01_13_09_05_0250.bmp,1,9,5,4,13,12,12,13,12,13,12
01_13_09_05_0251.bmp,1,9,5,4,13,12,12,1,12,1,12
01_13_09_05_0252.bmp,0,9,5,4,13,13,13,13,13,13,13
01_13_09_05_0253.bmp,0,9,5,4,13,13,13,13,13,13,13
01_13_09_05_0255.bmp,1,9,5,4,13,18,18,28,18,18,18
01_13_09_05_0256.bmp,0,9,5,4,13,13,13,13,13,13,13
01_13_09_05_0257.bmp,0,9,5,4,13,13,13,13,13,13,13
01_13_09_05_0257.bmp,1,9,5,4,13,12,11,28,12,18,12
01_13_09_05_0260.bmp,1,9,5,4,13,12,12,13,12,13,12
01_13_09_05_0261.bmp,0,9,5,4,13,13,13,13,13,13,13
01_13_09_05_0262.bmp,1,9,5,4,13,12,11,28,12,18,12
01_13_09_05_0263.bmp,1,9,5,4,13,12,12,13,12,13,12
01_13_09_05_0266.bmp,1,9,5,4,13,12,12,13,12,13,12
01_13_09_05_0267.bmp,1,9,5,4,13,12,12,28,12,13,13
01_13_09_05_0268.bmp,0,9,5,4,13,13,13,13,13,40,13
01_13_09_05_0268.bmp,1,9,5,4,13,12,12,24,12,13,12
01_13_09_05_0269.bmp,0,9,5,4,13,13,18,13,13,13,13
01_13_09_05_0272.bmp,0,9,5,4,13,12,12,40,12,13,12
01_13_09_05_0276.bmp,0,9,5,4,13,12,11,12,12,13,12
01_13_09_05_0277.bmp,0,9,5,4,13,18,12,18,12,13,12
01_13_09_05_0279.bmp,0,9,5,4,13,13,12,28,12,24,13
01_13_09_05_0281.bmp,0,9,5,4,13,12,12,28,12,18,12
01_13_09_05_0285.bmp,0,9,5,4,13,18,11,40,18,13,18
01_13_09_05_0286.bmp,0,9,5,4,13,18,12,40,12,13,18
01_13_09_05_0287.bmp,0,9,5,4,13,13,12,12,13,18,13
01_13_09_05_0291.bmp,0,9,5,4,13,12,12,28,12,13,18
01_13_09_05_0293.bmp,0,9,5,4,13,12,12,13,12,13,12
01_13_09_05_0294.bmp,0,9,5,4,13,12,12,28,12,13,13
01_13_09_05_0295.bmp,0,9,5,4,13,13,12,13,12,13,18
01_13_09_05_0296.bmp,0,9,5,4,13,13,12,18,13,18,18
01_13_09_05_0297.bmp,0,9,5,4,13,12,12,12,12,40,12
01_13_09_05_0302.bmp,0,9,5,4,13,18,11,28,1,13,18
01_13_09_05_0304.bmp,0,9,5,4,13,12,11,40,12,13,11
01_13_09_05_0305.bmp,0,9,5,4,13,12,12,18,12,13,12
01_13_09_05_0306.bmp,0,9,5,4,13,12,12,18,12,18,12
01_13_09_05_0310.bmp,0,9,5,4,13,18,12,18,18,18,18
01_13_09_05_0311.bmp,0,9,5,4,13,12,12,28,12,13,12
01_13_09_05_0312.bmp,0,9,5,4,13,12,12,28,12,1,12
01_13_09_05_0313.bmp,0,9,5,4,13,12,12,28,12,18,12
01_13_09_05_0317.bmp,0,9,5,4,13,12,11,28,12,13,12
01_13_09_05_0322.bmp,0,9,5,4,13,12,11,40,12,40,12
01_13_09_05_0326.bmp,0,9,5,4,13,13,11,28,18,13,18
01_13_09_05_0328.bmp,0,9,5,4,13,12,12,28,12,13,12
01_13_09_05_0330.bmp,0,9,5,4,13,12,12,40,12,13,12
01_13_09_05_0337.bmp,0,9,5,4,13,25,11,28,25,13,25
01_13_09_05_0338.bmp,0,9,5,4,13,13,11,28,13,13,13
01_13_09_05_0339.bmp,0,9,5,4,13,13,11,40,13,13,13
01_13_09_05_0343.bmp,0,9,5,4,13,13,11,28,11,13,12
01_13_09_05_0349.bmp,0,9,5,4,13,13,25,13,13,13,25
01_13_09_05_0351.bmp,0,9,5,4,13,13,25,13,13,13,13
01_13_09_05_0353.bmp,0,9,5,4,13,13,12,13,13,13,13
01_13_09_05_0355.bmp,0,9,5,4,13,12,12,25,12,13,12
01_13_09_05_0358.bmp,0,9,5,4,13,13,11,2,13,7,13
01_13_09_05_0362.bmp,0,9,5,4,13,13,13,13,13,13,13
01_13_09_05_0364.bmp,0,9,5,4,13,13,13,24,13,13,13
01_13_09_05_0367.bmp,0,9,5,4,13,13,13,28,13,13,13
01_13_09_05_0368.bmp,0,9,5,4,13,13,13,18,13,13,13
01_13_09_05_0371.bmp,0,9,5,4,13,13,13,18,13,13,13
01_13_09_05_0373.bmp,0,9,5,4,13,13,13,28,13,13,13
01_13_09_05_0376.bmp,0,9,5,4,13,13,13,24,13,13,13
01_13_09_05_0386.bmp,0,9,5,4,13,12,31,42,12,13,12
01_13_09_05_0388.bmp,0,9,5,4,13,12,31,42,12,13,12
01_13_09_05_0391.bmp,0,9,5,4,13,12,31,12,12,11,12
01_13_09_05_0393.bmp,0,9,5,4,13,12,31,42,12,35,12
01_13_09_05_0394.bmp,0,9,5,4,13,12,31,42,12,35,12
01_13_09_05_0409.bmp,0,9,5,4,13,12,31,42,12,18,12
01_13_09_05_0410.bmp,0,9,5,4,13,12,31,11,12,18,12
01_13_09_05_0412.bmp,0,9,5,4,13,12,31,12,12,35,12
01_13_09_05_0415.bmp,0,9,5,4,13,12,12,42,13,13,12
01_13_09_05_0422.bmp,0,9,5,4,13,12,12,11,12,13,12
01_13_09_05_0425.bmp,0,9,5,4,13,12,31,11,12,13,12
01_13_09_05_0426.bmp,0,9,5,4,13,12,31,42,13,13,12
01_13_09_05_0427.bmp,0,9,5,4,13,12,31,42,12,13,12
01_13_09_05_0431.bmp,0,9,5,4,13,12,12,1,12,40,12
01_13_09_05_0434.bmp,0,9,5,4,13,13,12,42,13,13,12
01_13_09_05_0441.bmp,0,9,5,4,13,12,12,42,13,13,13
01_13_09_05_0442.bmp,0,9,5,4,13,13,12,11,35,35,13
01_13_09_05_0446.bmp,0,9,5,4,13,13,12,12,13,35,12
01_13_09_05_0449.bmp,0,9,5,4,13,12,12,12,12,13,12
01_13_09_05_0452.bmp,0,9,5,4,13,12,12,28,12,13,12
01_13_09_05_0454.bmp,0,9,5,4,13,12,12,40,13,13,13
01_13_09_05_0455.bmp,0,9,5,4,13,13,12,28,13,13,13
01_13_09_05_0458.bmp,0,9,5,4,13,12,12,40,12,13,12
01_13_09_05_0462.bmp,0,9,5,4,13,13,12,42,13,35,13
01_13_09_05_0463.bmp,0,9,5,4,13,13,13,40,13,13,13
01_13_09_05_0465.bmp,0,9,5,4,13,13,12,28,13,13,13
01_13_09_05_0469.bmp,0,9,5,4,13,13,13,18,13,13,13
01_13_09_05_0470.bmp,0,9,5,4,13,12,12,28,12,18,12
01_13_09_05_0473.bmp,0,9,5,4,13,13,13,18,13,13,13
01_13_09_05_0474.bmp,0,9,5,4,13,13,12,13,13,13,12
01_13_09_05_0476.bmp,0,9,5,4,13,13,13,28,13,13,13
01_13_09_05_0477.bmp,0,9,5,4,13,13,12,28,12,13,12
01_13_09_05_0478.bmp,0,9,5,4,13,13,12,28,12,13,12
01_13_09_05_0481.bmp,0,9,5,4,13,13,13,28,13,13,13
01_13_09_05_0483.bmp,0,9,5,4,13,13,12,28,13,13,13
01_13_09_05_0486.bmp,0,9,5,4,13,13,13,28,13,13,13
01_13_09_05_0487.bmp,0,9,5,4,13,13,13,40,12,13,13
01_13_09_05_0492.bmp,0,9,5,4,13,13,13,13,13,13,13
01_13_09_05_0498.bmp,0,9,5,4,13,13,18,18,13,13,18
01_13_09_05_0505.bmp,0,9,5,4,13,13,13,1,13,13,13
01_13_09_05_0507.bmp,0,9,5,4,13,13,13,13,13,13,13
01_13_09_05_0509.bmp,0,9,5,4,13,13,13,24,13,13,13
01_13_09_05_0516.bmp,0,9,5,4,13,12,31,42,12,13,12
01_13_09_05_0517.bmp,0,9,5,4,13,12,31,42,12,13,12
01_13_09_05_0518.bmp,0,9,5,4,13,12,31,42,12,40,12
01_13_09_05_0522.bmp,0,9,5,4,13,12,31,42,12,13,12
01_13_09_05_0523.bmp,0,9,5,4,13,12,12,18,13,13,12
01_13_09_05_0524.bmp,0,9,5,4,13,12,31,42,12,18,12
01_13_09_05_0525.bmp,0,9,5,4,13,12,31,28,12,12,12
01_13_09_05_0527.bmp,0,9,5,4,13,12,31,13,12,1,12
01_13_09_05_0528.bmp,0,9,5,4,13,12,31,42,12,13,12
01_13_09_05_0529.bmp,0,9,5,4,13,12,12,12,12,13,12
01_13_09_05_0531.bmp,0,9,5,4,13,12,12,12,12,13,12
01_13_09_05_0532.bmp,0,9,5,4,13,12,31,42,12,13,12
01_13_09_05_0535.bmp,0,9,5,4,13,12,12,40,12,18,12
01_13_09_05_0537.bmp,0,9,5,4,13,12,12,12,12,40,12
01_13_09_05_0539.bmp,0,9,5,4,13,12,12,12,12,13,12
01_13_09_05_0540.bmp,0,9,5,4,13,12,31,42,12,40,12
01_13_09_05_0542.bmp,0,9,5,4,13,12,31,42,12,13,12
01_13_09_05_0544.bmp,0,9,5,4,13,12,31,42,13,35,12
01_13_09_05_0551.bmp,0,9,5,4,13,12,12,11,12,11,10
01_13_09_05_0552.bmp,0,9,5,4,13,12,31,42,12,13,12
01_13_09_05_0553.bmp,0,9,5,4,13,12,12,40,12,12,12
01_13_09_05_0556.bmp,0,9,5,4,13,12,31,42,12,12,12
01_13_09_05_0559.bmp,0,9,5,4,13,12,12,28,12,18,12
01_13_09_05_0561.bmp,0,9,5,4,13,12,12,40,12,40,12
01_13_09_05_0562.bmp,0,9,5,4,13,12,31,42,12,40,12
01_13_09_05_0563.bmp,0,9,5,4,13,12,12,40,12,12,12
01_13_09_05_0569.bmp,0,9,5,4,13,12,12,11,12,18,12
01_13_09_05_0571.bmp,0,9,5,4,13,12,12,12,12,13,12
01_13_09_05_0572.bmp,0,9,5,4,13,12,31,42,12,11,12
01_13_09_05_0574.bmp,0,9,5,4,13,12,31,42,12,12,13
01_13_09_05_0580.bmp,0,9,5,4,13,12,31,42,12,12,12
01_13_09_05_0583.bmp,0,9,5,4,13,12,12,28,12,18,18
01_13_09_05_0584.bmp,0,9,5,4,13,12,31,1,12,13,12
01_13_09_05_0585.bmp,0,9,5,4,13,12,12,28,12,11,12
01_13_09_05_0587.bmp,0,9,5,4,13,12,12,28,12,18,18
01_13_09_05_0589.bmp,0,9,5,4,13,13,18,28,18,1,12
01_13_09_05_0590.bmp,0,9,5,4,13,12,31,42,13,40,12
01_13_09_05_0592.bmp,0,9,5,4,13,12,31,12,13,32,18
01_13_09_05_0593.bmp,0,9,5,4,13,12,12,13,12,18,12
01_13_09_05_0594.bmp,0,9,5,4,13,12,12,42,13,40,12
01_13_09_05_0597.bmp,0,9,5,4,13,12,12,1,12,10,12
01_13_09_05_0600.bmp,0,9,5,4,13,18,18,18,18,12,18
01_13_09_05_0601.bmp,0,9,5,4,13,13,18,28,12,18,12
01_13_09_05_0604.bmp,0,9,5,4,13,18,12,28,18,13,12
01_13_09_05_0608.bmp,0,9,5,4,13,13,18,28,12,24,18
01_13_09_05_0613.bmp,0,9,5,4,13,12,12,18,12,13,18
01_13_09_05_0616.bmp,0,9,5,4,13,13,12,13,13,13,13
01_13_09_05_0617.bmp,0,9,5,4,13,12,12,13,12,13,12
01_13_09_05_0618.bmp,0,9,5,4,13,12,12,18,12,13,12
01_13_09_05_0626.bmp,0,9,5,4,13,12,12,11,12,13,25
01_03_12_03_0001.bmp,0,12,3,8,9,13,13,0,13,13,13
01_03_12_03_0002.bmp,0,12,3,8,9,13,32,25,13,13,13
01_03_12_03_0003.bmp,0,12,3,8,9,13,32,25,13,13,32
01_03_12_03_0011.bmp,0,12,3,8,9,13,13,41,13,13,13
01_03_12_03_0012.bmp,0,12,3,8,9,13,16,25,13,13,32
01_03_12_03_0015.bmp,0,12,3,8,9,13,13,6,13,13,13
01_03_12_03_0018.bmp,0,12,3,8,9,13,13,41,13,13,13
01_03_12_03_0021.bmp,0,12,3,8,9,13,13,23,13,13,13
01_03_12_03_0022.bmp,0,12,3,8,9,13,13,23,13,13,13
01_03_12_03_0024.bmp,0,12,3,8,9,13,13,40,13,40,13
01_03_12_03_0026.bmp,0,12,3,8,9,13,13,23,13,13,13
01_03_12_03_0029.bmp,0,12,3,8,9,13,13,23,13,40,13
01_03_12_03_0030.bmp,0,12,3,8,9,13,13,23,13,40,13
01_03_12_03_0031.bmp,0,12,3,8,9,13,13,22,13,13,13
01_03_12_03_0037.bmp,0,12,3,8,9,13,13,23,13,13,13
01_03_12_03_0039.bmp,0,12,3,8,9,13,13,23,13,13,13
01_03_12_03_0044.bmp,0,12,3,8,9,13,13,25,13,13,13
01_03_12_03_0046.bmp,0,12,3,8,9,13,13,23,13,41,13
01_03_12_03_0048.bmp,0,12,3,8,9,13,13,23,13,13,13
01_03_12_03_0049.bmp,0,12,3,8,9,13,13,2,13,13,13
01_03_12_03_0052.bmp,0,12,3,8,9,13,13,23,13,13,13
01_03_12_03_0054.bmp,0,12,3,8,9,13,13,25,13,4,13
01_03_12_03_0058.bmp,0,12,3,8,9,13,13,23,13,14,13
01_03_12_03_0061.bmp,0,12,3,8,9,13,13,25,25,25,13
01_03_12_03_0062.bmp,0,12,3,8,9,13,13,25,25,14,13
01_03_12_03_0067.bmp,0,12,3,8,9,13,13,2,25,25,13
01_03_12_03_0070.bmp,0,12,3,8,9,13,13,2,13,14,13
01_03_12_03_0078.bmp,0,12,3,8,9,13,13,23,41,26,13
01_03_12_03_0079.bmp,0,12,3,8,9,13,13,23,25,26,13
01_03_12_03_0081.bmp,0,12,3,8,9,13,13,23,13,41,13
01_03_12_03_0083.bmp,0,12,3,8,9,25,13,25,25,25,13
01_03_12_03_0084.bmp,0,12,3,8,9,13,13,41,9,25,13
01_06_12_03_0001.bmp,1,12,3,8,14,25,32,23,25,14,36
01_06_12_03_0002.bmp,0,12,3,8,14,25,25,25,25,14,25
01_06_12_03_0002.bmp,1,12,3,8,14,36,32,2,36,13,36
01_06_12_03_0004.bmp,0,12,3,8,14,25,11,20,25,25,25
01_06_12_03_0005.bmp,1,12,3,8,14,36,32,25,25,14,36
01_06_12_03_0007.bmp,0,12,3,8,14,25,11,25,25,14,25
01_06_12_03_0007.bmp,1,12,3,8,14,25,11,23,25,25,36
01_06_12_03_0008.bmp,1,12,3,8,14,25,11,23,25,14,36
01_06_12_03_0010.bmp,0,12,3,8,14,25,25,25,25,14,25
01_06_12_03_0013.bmp,1,12,3,8,14,25,11,25,25,25,36
01_06_12_03_0014.bmp,0,12,3,8,14,25,25,25,25,14,25
01_06_12_03_0016.bmp,1,12,3,8,14,25,11,19,25,14,25
01_06_12_03_0020.bmp,0,12,3,8,14,25,25,25,25,14,25
01_06_12_03_0021.bmp,0,12,3,8,14,25,25,24,25,14,25
01_06_12_03_0022.bmp,0,12,3,8,14,25,25,2,24,14,25
01_06_12_03_0022.bmp,1,12,3,8,14,25,11,13,25,14,25
01_06_12_03_0023.bmp,0,12,3,8,14,25,25,2,25,14,25
01_06_12_03_0023.bmp,1,12,3,8,14,25,11,23,25,14,13
01_06_12_03_0024.bmp,0,12,3,8,14,25,25,25,25,14,25
01_06_12_03_0024.bmp,1,12,3,8,14,25,11,20,25,14,25
01_06_12_03_0025.bmp,0,12,3,8,14,25,25,25,25,14,25
01_06_12_03_0025.bmp,1,12,3,8,14,25,11,25,25,14,25
01_06_12_03_0026.bmp,0,12,3,8,14,25,25,2,25,14,25
01_06_12_03_0026.bmp,1,12,3,8,14,25,11,11,25,13,25
01_06_12_03_0027.bmp,1,12,3,8,14,25,13,23,25,13,13
01_06_12_03_0028.bmp,1,12,3,8,14,25,11,20,25,13,25
01_06_12_03_0029.bmp,1,12,3,8,14,25,11,25,25,14,25
01_06_12_03_0030.bmp,0,12,3,8,14,25,25,2,25,25,25
01_06_12_03_0031.bmp,1,12,3,8,14,12,11,0,12,12,31
01_06_12_03_0032.bmp,0,12,3,8,14,25,25,2,25,14,25
01_06_12_03_0032.bmp,1,12,3,8,14,12,36,0,12,13,31
01_06_12_03_0033.bmp,1,12,3,8,14,12,31,23,25,25,31
01_06_12_03_0034.bmp,0,12,3,8,14,25,25,24,25,14,25
01_06_12_03_0034.bmp,1,12,3,8,14,12,32,16,12,40,36
01_06_12_03_0036.bmp,1,12,3,8,14,12,32,0,12,14,36
01_06_12_03_0037.bmp,0,12,3,8,14,25,25,25,25,14,25
01_06_12_03_0037.bmp,1,12,3,8,14,12,11,0,12,12,31
01_06_12_03_0044.bmp,0,12,3,8,14,1,1,2,1,17,10
01_06_12_03_0045.bmp,0,12,3,8,14,12,32,0,25,14,31
01_06_12_03_0051.bmp,0,12,3,8,14,25,32,20,25,14,31
01_06_12_03_0052.bmp,0,12,3,8,14,25,32,23,25,14,36
01_06_12_03_0056.bmp,0,12,3,8,14,25,32,25,25,14,36
01_06_12_03_0057.bmp,0,12,3,8,14,25,11,23,25,25,36
01_06_12_03_0058.bmp,0,12,3,8,14,25,32,20,25,14,36
01_06_12_03_0059.bmp,0,12,3,8,14,25,32,23,25,25,36
01_06_12_03_0064.bmp,0,12,3,8,14,25,32,25,25,14,36
01_06_12_03_0067.bmp,0,12,3,8,14,25,32,25,25,14,32
01_06_12_03_0069.bmp,0,12,3,8,14,25,32,25,25,14,36
01_06_12_03_0070.bmp,0,12,3,8,14,25,32,2,25,25,36
01_06_12_03_0075.bmp,0,12,3,8,14,25,25,24,25,25,25
01_06_12_03_0085.bmp,0,12,3,8,14,25,1,0,25,25,31
01_06_12_03_0086.bmp,0,12,3,8,14,10,10,0,9,14,16
01_11_12_03_0001.bmp,0,12,3,8,12,13,31,1,13,13,13
01_11_12_03_0002.bmp,0,12,3,8,12,12,31,1,12,12,36
01_11_12_03_0003.bmp,0,12,3,8,12,31,31,1,25,40,31
01_11_12_03_0005.bmp,0,12,3,8,12,31,31,16,13,0,31
01_11_12_03_0006.bmp,0,12,3,8,12,12,31,12,12,25,31
01_11_12_03_0013.bmp,0,12,3,8,12,38,31,6,13,40,36
01_11_12_03_0014.bmp,0,12,3,8,12,32,31,0,0,0,36
01_11_12_03_0015.bmp,0,12,3,8,12,13,11,42,13,13,36
01_11_12_03_0016.bmp,0,12,3,8,12,13,11,19,13,18,36
01_11_12_03_0019.bmp,0,12,3,8,12,11,11,23,11,13,32
01_11_12_03_0020.bmp,0,12,3,8,12,11,11,0,12,13,32
01_11_12_03_0021.bmp,0,12,3,8,12,11,11,11,11,11,32
01_11_12_03_0024.bmp,0,12,3,8,12,25,12,20,25,25,32
01_11_12_03_0026.bmp,0,12,3,8,12,12,13,11,25,1,32
01_11_12_03_0027.bmp,0,12,3,8,12,11,11,11,11,1,32
01_11_12_03_0028.bmp,0,12,3,8,12,12,13,36,12,26,32
01_11_12_03_0031.bmp,0,12,3,8,12,13,13,11,13,13,32
01_11_12_03_0033.bmp,0,12,3,8,12,13,11,13,18,13,32
01_11_12_03_0035.bmp,0,12,3,8,12,25,11,11,25,1,32
01_11_12_03_0036.bmp,0,12,3,8,12,25,1,11,13,40,32
01_11_12_03_0042.bmp,0,12,3,8,12,13,13,18,13,18,13
01_11_12_03_0046.bmp,0,12,3,8,12,25,11,11,25,37,32
01_11_12_03_0056.bmp,0,12,3,8,12,13,13,11,18,18,1
01_11_12_03_0061.bmp,0,12,3,8,12,13,13,11,18,1,13
01_11_12_03_0064.bmp,0,12,3,8,12,13,13,18,13,1,13
01_11_12_03_0065.bmp,0,12,3,8,12,13,13,18,13,1,13
01_11_12_03_0066.bmp,0,12,3,8,12,25,13,24,12,37,13
01_11_12_03_0067.bmp,0,12,3,8,12,25,1,24,25,37,25
01_11_12_03_0072.bmp,0,12,3,8,12,25,13,18,25,13,32
01_11_12_03_0075.bmp,0,12,3,8,12,25,25,18,25,26,25
01_12_12_03_0003.bmp,0,12,3,8,17,25,13,23,9,26,17
01_12_12_03_0004.bmp,0,12,3,8,17,25,13,41,9,14,16
01_12_12_03_0004.bmp,1,12,3,8,17,32,32,42,25,25,36
01_12_12_03_0005.bmp,0,12,3,8,17,13,11,20,17,26,17
01_12_12_03_0005.bmp,1,12,3,8,17,12,31,42,25,12,31
01_12_12_03_0006.bmp,1,12,3,8,17,31,31,25,25,39,31
01_12_12_03_0009.bmp,1,12,3,8,17,32,32,42,12,1,31
01_12_12_03_0013.bmp,0,12,3,8,17,9,10,19,17,26,17
01_12_12_03_0014.bmp,0,12,3,8,17,25,10,23,25,26,17
01_12_12_03_0017.bmp,1,12,3,8,17,12,32,12,12,25,31
01_12_12_03_0020.bmp,0,12,3,8,17,25,11,23,17,17,17
01_12_12_03_0020.bmp,1,12,3,8,17,31,31,42,12,14,31
01_12_12_03_0022.bmp,0,12,3,8,17,16,11,20,17,13,17
01_12_12_03_0023.bmp,1,12,3,8,17,36,32,25,12,38,36
01_12_12_03_0027.bmp,0,12,3,8,17,16,17,0,16,17,17
01_12_12_03_0028.bmp,0,12,3,8,17,12,32,25,12,13,31
01_12_12_03_0029.bmp,0,12,3,8,17,12,32,20,25,14,31
01_12_12_03_0030.bmp,0,12,3,8,17,25,32,20,25,25,31
01_12_12_03_0032.bmp,1,12,3,8,17,12,32,12,12,14,12
01_12_12_03_0033.bmp,1,12,3,8,17,36,32,12,36,25,31
01_12_12_03_0034.bmp,1,12,3,8,17,12,31,12,12,12,31
01_12_12_03_0035.bmp,1,12,3,8,17,36,32,42,12,26,36
01_12_12_03_0036.bmp,0,12,3,8,17,13,13,25,25,14,36
01_12_12_03_0036.bmp,1,12,3,8,17,12,32,11,12,14,36
01_12_12_03_0037.bmp,1,12,3,8,17,31,31,11,12,13,31
01_12_12_03_0041.bmp,0,12,3,8,17,25,11,23,25,14,36
01_12_12_03_0042.bmp,0,12,3,8,17,25,11,23,25,25,36
01_12_12_03_0042.bmp,1,12,3,8,17,31,11,25,25,17,36
01_12_12_03_0047.bmp,0,12,3,8,17,36,11,42,36,12,36
01_12_12_03_0048.bmp,0,12,3,8,17,36,11,12,0,14,36
01_12_12_03_0049.bmp,0,12,3,8,17,36,36,11,13,25,36
01_12_12_03_0054.bmp,0,12,3,8,17,12,11,12,12,12,31
01_12_12_03_0055.bmp,0,12,3,8,17,36,11,11,36,13,36
01_12_12_03_0056.bmp,0,12,3,8,17,25,32,0,25,25,36
01_12_12_03_0066.bmp,0,12,3,8,17,25,11,0,25,40,17
01_12_12_03_0068.bmp,0,12,3,8,17,12,11,20,12,14,31
01_12_12_03_0079.bmp,0,12,3,8,17,25,11,25,25,26,17
01_12_12_03_0080.bmp,0,12,3,8,17,25,11,25,25,17,17
01_12_12_03_0081.bmp,0,12,3,8,17,25,11,25,25,26,17
01_12_12_03_0087.bmp,0,12,3,8,17,25,11,25,25,26,17
01_12_12_03_0089.bmp,0,12,3,8,17,25,11,23,9,14,17
01_12_12_03_0090.bmp,0,12,3,8,17,25,11,23,9,26,17
01_12_12_03_0091.bmp,0,12,3,8,17,25,13,23,25,14,17
01_12_12_03_0095.bmp,0,12,3,8,17,25,13,23,25,26,17
01_12_12_03_0096.bmp,0,12,3,8,17,13,13,23,9,13,17
01_12_12_03_0104.bmp,0,12,3,8,17,13,10,23,17,17,17
01_12_12_03_0108.bmp,0,12,3,8,17,25,10,23,9,17,17
01_12_12_03_0113.bmp,0,12,3,8,17,16,10,23,17,14,17
01_13_12_03_0001.bmp,0,12,3,8,13,12,12,42,13,7,12
01_13_12_03_0003.bmp,0,12,3,8,13,32,12,12,13,26,32
01_13_12_03_0004.bmp,0,12,3,8,13,12,12,25,12,2,12
01_13_12_03_0006.bmp,0,12,3,8,13,12,12,25,13,13,31
01_13_12_03_0007.bmp,1,12,3,8,13,13,11,20,13,13,13
01_13_12_03_0008.bmp,1,12,3,8,13,13,13,20,13,13,13
01_13_12_03_0009.bmp,0,12,3,8,13,13,12,12,13,13,31
01_13_12_03_0009.bmp,1,12,3,8,13,13,13,2,13,13,13
01_13_12_03_0010.bmp,0,12,3,8,13,13,12,42,13,40,13
01_13_12_03_0010.bmp,1,12,3,8,13,13,13,20,13,13,13
01_13_12_03_0011.bmp,0,12,3,8,13,13,11,11,13,13,31
01_13_12_03_0012.bmp,0,12,3,8,13,13,31,12,13,14,31
01_13_12_03_0014.bmp,0,12,3,8,13,12,31,25,13,13,12
01_13_12_03_0014.bmp,1,12,3,8,13,13,13,20,13,13,13
01_13_12_03_0017.bmp,0,12,3,8,13,38,12,11,13,18,31
01_13_12_03_0018.bmp,1,12,3,8,13,13,13,2,13,13,13
01_13_12_03_0019.bmp,0,12,3,8,13,13,12,42,13,12,13
01_13_12_03_0020.bmp,0,12,3,8,13,13,31,12,13,40,31
01_13_12_03_0023.bmp,0,12,3,8,13,13,31,42,13,13,13
01_13_12_03_0025.bmp,0,12,3,8,13,13,31,11,13,26,31
01_13_12_03_0027.bmp,0,12,3,8,13,12,31,42,13,35,31
01_13_12_03_0027.bmp,1,12,3,8,13,13,13,13,13,0,13
01_13_12_03_0028.bmp,0,12,3,8,13,13,31,23,13,13,13
01_13_12_03_0029.bmp,0,12,3,8,13,13,31,12,13,12,13
01_13_12_03_0029.bmp,1,12,3,8,13,13,13,13,13,13,13
01_13_12_03_0031.bmp,1,12,3,8,13,13,13,2,13,13,13
01_13_12_03_0032.bmp,1,12,3,8,13,13,13,13,13,13,13
01_13_12_03_0037.bmp,1,12,3,8,13,13,13,13,13,13,13
01_13_12_03_0040.bmp,1,12,3,8,13,13,13,13,13,13,13
01_13_12_03_0042.bmp,0,12,3,8,13,13,13,20,13,13,13
01_13_12_03_0043.bmp,1,12,3,8,13,13,13,2,13,13,13
01_13_12_03_0044.bmp,1,12,3,8,13,13,13,13,13,13,13
01_13_12_03_0045.bmp,1,12,3,8,13,13,13,2,13,13,13
01_13_12_03_0046.bmp,0,12,3,8,13,13,13,40,13,13,13
01_13_12_03_0046.bmp,1,12,3,8,13,13,13,13,13,13,13
01_13_12_03_0047.bmp,0,12,3,8,13,13,13,13,13,13,13
01_13_12_03_0047.bmp,1,12,3,8,13,13,13,13,13,13,13
01_13_12_03_0048.bmp,0,12,3,8,13,13,13,13,13,13,13
01_13_12_03_0049.bmp,0,12,3,8,13,13,13,23,13,13,13
01_13_12_03_0050.bmp,1,12,3,8,13,13,13,13,13,13,13
01_13_12_03_0051.bmp,0,12,3,8,13,13,13,20,13,13,13
01_13_12_03_0051.bmp,1,12,3,8,13,13,13,13,13,13,13
01_13_12_03_0054.bmp,0,12,3,8,13,13,13,20,13,13,13
01_13_12_03_0056.bmp,0,12,3,8,13,13,13,20,13,13,13
01_13_12_03_0059.bmp,0,12,3,8,13,13,13,20,13,13,13
01_13_12_03_0061.bmp,1,12,3,8,13,13,13,13,13,13,13
01_13_12_03_0063.bmp,0,12,3,8,13,13,13,13,13,13,13
01_13_12_03_0064.bmp,0,12,3,8,13,13,13,13,13,13,13
01_13_12_03_0065.bmp,0,12,3,8,13,13,13,19,13,13,13
01_13_12_03_0065.bmp,1,12,3,8,13,12,31,25,13,26,31
01_13_12_03_0066.bmp,1,12,3,8,13,12,31,25,12,40,31
01_13_12_03_0068.bmp,0,12,3,8,13,13,13,40,13,13,13
01_13_12_03_0069.bmp,0,12,3,8,13,13,13,13,13,13,13
01_13_12_03_0070.bmp,0,12,3,8,13,13,13,13,13,13,13
01_13_12_03_0070.bmp,1,12,3,8,13,12,31,12,13,40,31
01_13_12_03_0071.bmp,1,12,3,8,13,13,31,23,13,13,31
01_13_12_03_0072.bmp,0,12,3,8,13,13,13,40,13,13,13
01_13_12_03_0073.bmp,0,12,3,8,13,13,13,25,13,13,13
01_13_12_03_0073.bmp,1,12,3,8,13,12,31,12,12,23,31
01_13_12_03_0074.bmp,0,12,3,8,13,13,13,40,13,13,13
01_13_12_03_0076.bmp,1,12,3,8,13,12,31,23,12,18,31
01_13_12_03_0077.bmp,1,12,3,8,13,32,31,11,13,1,31
01_13_12_03_0078.bmp,1,12,3,8,13,31,31,25,12,1,31
01_13_12_03_0079.bmp,1,12,3,8,13,32,31,25,13,12,31
01_13_12_03_0080.bmp,0,12,3,8,13,13,13,13,13,13,13
01_13_12_03_0081.bmp,1,12,3,8,13,32,31,20,12,13,31
01_13_12_03_0085.bmp,0,12,3,8,13,13,13,13,13,13,13
01_13_12_03_0085.bmp,1,12,3,8,13,12,31,19,12,12,31
01_13_12_03_0086.bmp,0,12,3,8,13,13,13,13,13,13,13
01_13_12_03_0087.bmp,0,12,3,8,13,13,13,13,13,13,13
01_13_12_03_0088.bmp,0,12,3,8,13,13,13,2,13,13,13
01_13_12_03_0088.bmp,1,12,3,8,13,12,31,23,13,13,31
01_13_12_03_0090.bmp,1,12,3,8,13,12,31,23,12,40,31
01_13_12_03_0092.bmp,0,12,3,8,13,13,13,13,13,13,13
01_13_12_03_0092.bmp,1,12,3,8,13,12,31,25,12,40,31
01_13_12_03_0096.bmp,0,12,3,8,13,13,13,13,13,13,13
01_13_12_03_0096.bmp,1,12,3,8,13,32,31,25,12,13,31
01_13_12_03_0098.bmp,0,12,3,8,13,13,13,13,13,13,13
01_13_12_03_0100.bmp,0,12,3,8,13,13,13,13,13,13,13
01_13_12_03_0100.bmp,1,12,3,8,13,12,31,0,12,13,31
01_13_12_03_0101.bmp,0,12,3,8,13,13,13,13,13,13,13
01_13_12_03_0103.bmp,1,12,3,8,13,12,31,40,12,26,31
01_13_12_03_0104.bmp,1,12,3,8,13,12,31,25,12,39,31
01_13_12_03_0105.bmp,1,12,3,8,13,13,31,40,13,13,31
01_13_12_03_0108.bmp,0,12,3,8,13,13,13,23,13,13,13
01_13_12_03_0109.bmp,1,12,3,8,13,25,11,20,25,25,31
01_13_12_03_0111.bmp,0,12,3,8,13,13,13,24,13,13,13
01_13_12_03_0113.bmp,0,12,3,8,13,13,13,13,13,13,13
01_13_12_03_0113.bmp,1,12,3,8,13,13,32,23,25,40,32
01_13_12_03_0114.bmp,1,12,3,8,13,12,11,2,12,13,12
01_13_12_03_0115.bmp,1,12,3,8,13,12,11,40,12,13,31
01_13_12_03_0116.bmp,1,12,3,8,13,13,11,20,13,13,31
01_13_12_03_0118.bmp,0,12,3,8,13,32,31,40,12,13,31
01_13_12_03_0118.bmp,1,12,3,8,13,12,11,20,25,13,31
01_13_12_03_0119.bmp,1,12,3,8,13,11,11,20,25,1,31
01_13_12_03_0121.bmp,0,12,3,8,13,12,31,40,12,1,31
01_13_12_03_0123.bmp,0,12,3,8,13,13,31,2,12,13,31
01_13_12_03_0125.bmp,0,12,3,8,13,13,13,40,13,40,32
01_13_12_03_0128.bmp,0,12,3,8,13,13,32,20,25,13,32
01_13_12_03_0130.bmp,0,12,3,8,13,13,13,20,13,40,32
01_13_12_03_0130.bmp,1,12,3,8,13,13,11,19,12,40,31
01_13_12_03_0131.bmp,0,12,3,8,13,13,32,40,25,23,32
01_13_12_03_0132.bmp,0,12,3,8,13,13,32,20,13,13,32
01_13_12_03_0134.bmp,0,12,3,8,13,13,13,40,13,13,32
01_13_12_03_0140.bmp,1,12,3,8,13,13,11,20,13,13,13
01_13_12_03_0141.bmp,0,12,3,8,13,13,13,20,13,14,32
01_13_12_03_0141.bmp,1,12,3,8,13,13,11,20,13,13,13
01_13_12_03_0142.bmp,1,12,3,8,13,13,11,23,25,13,13
01_13_12_03_0143.bmp,1,12,3,8,13,13,11,25,13,40,13
01_13_12_03_0144.bmp,0,12,3,8,13,13,13,20,25,13,32
01_13_12_03_0144.bmp,1,12,3,8,13,13,11,20,13,1,13
01_13_12_03_0148.bmp,0,12,3,8,13,13,13,20,13,13,32
01_13_12_03_0150.bmp,1,12,3,8,13,13,11,13,13,13,13
01_13_12_03_0151.bmp,0,12,3,8,13,13,13,20,13,13,32
01_13_12_03_0152.bmp,0,12,3,8,13,13,13,20,13,13,32
01_13_12_03_0153.bmp,1,12,3,8,13,13,11,20,13,13,13
01_13_12_03_0155.bmp,0,12,3,8,13,13,13,20,13,13,32
01_13_12_03_0155.bmp,1,12,3,8,13,13,11,25,13,13,13
01_13_12_03_0156.bmp,0,12,3,8,13,13,13,25,13,13,32
01_13_12_03_0158.bmp,0,12,3,8,13,13,13,25,13,13,32
01_13_12_03_0159.bmp,0,12,3,8,13,13,13,25,13,13,13
01_13_12_03_0160.bmp,1,12,3,8,13,13,13,13,13,13,13
01_13_12_03_0161.bmp,0,12,3,8,13,13,13,25,13,13,13
01_13_12_03_0163.bmp,1,12,3,8,13,13,11,13,13,13,13
01_13_12_03_0164.bmp,1,12,3,8,13,13,11,13,13,13,13
01_13_12_03_0168.bmp,1,12,3,8,13,13,11,13,13,13,13
01_13_12_03_0169.bmp,0,12,3,8,13,38,31,42,13,13,31
01_13_12_03_0170.bmp,1,12,3,8,13,13,11,13,13,13,13
01_13_12_03_0172.bmp,1,12,3,8,13,13,13,19,13,13,13
01_13_12_03_0173.bmp,1,12,3,8,13,13,13,25,13,13,13
01_13_12_03_0174.bmp,1,12,3,8,13,13,13,25,25,13,13
01_13_12_03_0176.bmp,1,12,3,8,13,13,13,13,13,13,13
01_13_12_03_0177.bmp,1,12,3,8,13,13,13,13,13,13,13
01_13_12_03_0178.bmp,0,12,3,8,13,31,31,23,12,13,31
01_13_12_03_0179.bmp,1,12,3,8,13,13,13,20,13,13,13
01_13_12_03_0181.bmp,0,12,3,8,13,12,31,42,12,12,31
01_13_12_03_0181.bmp,1,12,3,8,13,13,13,13,13,13,13
01_13_12_03_0182.bmp,0,12,3,8,13,12,31,42,12,1,31
01_13_12_03_0184.bmp,0,12,3,8,13,32,31,42,12,13,31
01_13_12_03_0184.bmp,1,12,3,8,13,13,13,13,13,13,13
01_13_12_03_0185.bmp,1,12,3,8,13,13,13,13,13,13,13
01_13_12_03_0186.bmp,0,12,3,8,13,32,31,1,12,12,31
01_13_12_03_0187.bmp,0,12,3,8,13,12,31,1,13,26,31
01_13_12_03_0188.bmp,0,12,3,8,13,12,31,12,13,40,31
01_13_12_03_0189.bmp,0,12,3,8,13,32,31,25,13,13,31
01_13_12_03_0190.bmp,0,12,3,8,13,31,31,12,12,40,31
01_13_12_03_0192.bmp,0,12,3,8,13,31,31,25,13,25,31
01_13_12_03_0193.bmp,1,12,3,8,13,13,13,13,13,13,13
01_13_12_03_0194.bmp,0,12,3,8,13,12,31,12,12,40,12
01_13_12_03_0196.bmp,0,12,3,8,13,13,31,0,13,12,31
01_13_12_03_0196.bmp,1,12,3,8,13,13,13,13,13,13,13
01_13_12_03_0197.bmp,0,12,3,8,13,12,31,25,12,40,31
01_13_12_03_0199.bmp,0,12,3,8,13,32,31,23,12,12,31
01_13_12_03_0199.bmp,1,12,3,8,13,13,13,13,13,13,13
01_13_12_03_0200.bmp,1,12,3,8,13,13,13,13,13,13,13
01_13_12_03_0201.bmp,1,12,3,8,13,13,13,20,13,13,13
01_13_12_03_0204.bmp,0,12,3,8,13,12,31,12,12,40,31
01_13_12_03_0204.bmp,1,12,3,8,13,13,11,13,13,13,13
01_13_12_03_0205.bmp,0,12,3,8,13,12,31,25,12,13,31
01_13_12_03_0205.bmp,1,12,3,8,13,13,13,13,13,40,13
01_13_12_03_0206.bmp,1,12,3,8,13,13,13,13,13,13,13
01_13_12_03_0207.bmp,1,12,3,8,13,13,11,13,13,13,13
01_13_12_03_0208.bmp,0,12,3,8,13,13,31,25,13,40,31
01_13_12_03_0209.bmp,1,12,3,8,13,13,13,20,13,13,13
01_13_12_03_0210.bmp,0,12,3,8,13,13,31,40,13,13,31
01_13_12_03_0210.bmp,1,12,3,8,13,13,13,13,13,13,13
01_13_12_03_0211.bmp,0,12,3,8,13,13,12,40,13,13,13
01_13_12_03_0212.bmp,0,12,3,8,13,13,12,40,13,40,12
01_13_12_03_0212.bmp,1,12,3,8,13,13,13,13,13,13,13
01_13_12_03_0213.bmp,0,12,3,8,13,13,12,40,13,12,31
01_13_12_03_0214.bmp,0,12,3,8,13,13,31,20,25,12,31
01_13_12_03_0214.bmp,1,12,3,8,13,13,13,13,13,13,13
01_13_12_03_0217.bmp,1,12,3,8,13,13,13,13,13,13,13
01_13_12_03_0218.bmp,0,12,3,8,13,13,13,20,13,13,13
01_13_12_03_0218.bmp,1,12,3,8,13,13,13,13,13,13,13
01_13_12_03_0220.bmp,0,12,3,8,13,13,13,20,13,13,13
01_13_12_03_0221.bmp,1,12,3,8,13,13,13,13,13,13,13
01_13_12_03_0222.bmp,0,12,3,8,13,13,13,20,13,13,13
01_13_12_03_0222.bmp,1,12,3,8,13,13,13,13,13,13,13
01_13_12_03_0223.bmp,1,12,3,8,13,13,13,13,13,13,13
01_13_12_03_0225.bmp,1,12,3,8,13,13,13,13,13,13,13
01_13_12_03_0227.bmp,0,12,3,8,13,13,13,20,13,23,13
01_13_12_03_0230.bmp,1,12,3,8,13,13,13,13,13,13,13
01_13_12_03_0231.bmp,0,12,3,8,13,13,13,20,13,13,13
01_13_12_03_0232.bmp,1,12,3,8,13,13,13,13,13,13,13
01_13_12_03_0235.bmp,0,12,3,8,13,13,13,25,13,13,13
01_13_12_03_0236.bmp,0,12,3,8,13,13,13,25,13,13,13
01_13_12_03_0237.bmp,0,12,3,8,13,13,13,24,13,13,13
01_13_12_03_0238.bmp,0,12,3,8,13,13,13,25,13,13,13
01_13_12_03_0238.bmp,1,12,3,8,13,13,13,13,13,13,13
01_13_12_03_0239.bmp,0,12,3,8,13,13,13,20,13,13,13
01_13_12_03_0240.bmp,0,12,3,8,13,13,13,13,13,13,13
01_13_12_03_0241.bmp,0,12,3,8,13,13,13,25,13,13,13
01_13_12_03_0242.bmp,0,12,3,8,13,13,13,13,13,13,13
01_13_12_03_0242.bmp,1,12,3,8,13,13,11,13,13,13,13
01_13_12_03_0243.bmp,0,12,3,8,13,13,13,25,13,13,13
01_13_12_03_0246.bmp,0,12,3,8,13,13,13,25,13,14,13
01_13_12_03_0248.bmp,1,12,3,8,13,13,13,13,13,13,13
01_13_12_03_0249.bmp,0,12,3,8,13,13,13,13,13,13,13
01_13_12_03_0249.bmp,1,12,3,8,13,13,13,13,13,13,13
01_13_12_03_0252.bmp,0,12,3,8,13,13,13,13,13,13,13
01_13_12_03_0254.bmp,1,12,3,8,13,13,11,25,13,13,13
01_13_12_03_0256.bmp,0,12,3,8,13,13,13,13,13,13,13
01_13_12_03_0257.bmp,0,12,3,8,13,13,13,13,13,13,13
01_13_12_03_0258.bmp,1,12,3,8,13,13,13,13,13,13,13
01_13_12_03_0260.bmp,1,12,3,8,13,13,13,13,13,13,13
01_13_12_03_0262.bmp,1,12,3,8,13,13,13,25,13,13,13
01_13_12_03_0267.bmp,0,12,3,8,13,13,13,13,13,13,13
01_13_12_03_0267.bmp,1,12,3,8,13,13,13,13,13,13,13
01_13_12_03_0268.bmp,1,12,3,8,13,13,13,13,13,13,13
01_13_12_03_0269.bmp,0,12,3,8,13,13,13,13,13,13,13
01_13_12_03_0275.bmp,0,12,3,8,13,13,13,13,13,13,13
01_13_12_03_0277.bmp,0,12,3,8,13,13,13,13,13,13,13
01_13_12_03_0279.bmp,0,12,3,8,13,13,13,13,13,13,13
01_13_12_03_0281.bmp,0,12,3,8,13,13,13,13,13,13,13
01_13_12_03_0285.bmp,0,12,3,8,13,13,13,13,13,13,13
01_13_12_03_0286.bmp,0,12,3,8,13,13,13,13,13,13,13
01_13_12_03_0287.bmp,0,12,3,8,13,13,13,13,13,13,13
01_13_12_03_0290.bmp,0,12,3,8,13,13,11,13,13,13,13
01_13_12_03_0291.bmp,0,12,3,8,13,13,13,13,13,13,13
01_13_12_03_0299.bmp,0,12,3,8,13,13,13,13,13,13,13
01_13_12_03_0302.bmp,0,12,3,8,13,13,11,13,13,13,13
01_13_12_03_0305.bmp,0,12,3,8,13,13,13,13,13,13,13
01_13_12_03_0306.bmp,0,12,3,8,13,13,13,13,13,13,13
01_13_12_03_0308.bmp,0,12,3,8,13,13,13,13,13,13,13
01_13_12_03_0320.bmp,0,12,3,8,13,13,11,13,13,13,13
01_13_12_03_0325.bmp,0,12,3,8,13,13,13,13,13,13,13
01_13_12_03_0328.bmp,0,12,3,8,13,13,13,13,13,13,13
01_13_12_03_0329.bmp,0,12,3,8,13,13,13,13,13,13,13
01_13_12_03_0332.bmp,0,12,3,8,13,13,13,13,13,13,13
01_13_12_03_0339.bmp,0,12,3,8,13,13,13,13,13,13,13
01_13_12_03_0340.bmp,0,12,3,8,13,13,13,13,13,13,13
01_13_12_03_0343.bmp,0,12,3,8,13,13,13,13,13,13,13
01_13_12_03_0347.bmp,0,12,3,8,13,13,13,13,13,13,13
01_13_12_03_0350.bmp,0,12,3,8,13,13,13,25,13,13,13
01_13_12_03_0352.bmp,0,12,3,8,13,13,13,25,13,13,13
01_13_12_03_0353.bmp,0,12,3,8,13,13,13,25,13,13,13
01_13_12_03_0354.bmp,0,12,3,8,13,13,13,25,13,13,13
01_13_12_03_0355.bmp,0,12,3,8,13,13,13,25,13,13,13
01_13_12_03_0357.bmp,0,12,3,8,13,13,13,23,13,13,13
01_13_12_03_0358.bmp,0,12,3,8,13,13,13,23,25,13,13
01_13_12_03_0360.bmp,0,12,3,8,13,13,13,25,13,13,13
01_13_12_03_0363.bmp,0,12,3,8,13,13,13,20,13,13,13
01_13_12_03_0367.bmp,0,12,3,8,13,13,13,25,13,13,13
01_13_12_03_0372.bmp,0,12,3,8,13,13,13,13,13,13,13
01_13_12_03_0373.bmp,0,12,3,8,13,13,13,13,13,13,13
01_13_12_03_0376.bmp,0,12,3,8,13,13,13,13,13,13,13
01_13_12_03_0379.bmp,0,12,3,8,13,13,13,13,13,13,13
01_13_12_03_0381.bmp,0,12,3,8,13,13,13,13,13,13,13
01_13_12_03_0384.bmp,0,12,3,8,13,13,13,25,13,8,13
01_13_12_03_0387.bmp,0,12,3,8,13,12,31,42,12,18,31
01_13_12_03_0388.bmp,0,12,3,8,13,12,31,42,12,13,31
01_13_12_03_0390.bmp,0,12,3,8,13,12,31,42,12,13,31
01_13_12_03_0391.bmp,0,12,3,8,13,13,31,42,13,18,13
01_13_12_03_0395.bmp,0,12,3,8,13,12,31,42,13,13,31
01_13_12_03_0396.bmp,0,12,3,8,13,12,31,12,12,13,31
01_13_12_03_0402.bmp,0,12,3,8,13,32,31,12,13,13,31
01_13_12_03_0407.bmp,0,12,3,8,13,32,31,42,11,13,31
01_13_12_03_0409.bmp,0,12,3,8,13,12,31,42,13,13,12
01_13_12_03_0414.bmp,0,12,3,8,13,13,31,42,13,13,31
01_13_12_03_0423.bmp,0,12,3,8,13,13,31,42,13,13,31
01_13_12_03_0424.bmp,0,12,3,8,13,13,31,1,13,13,31
01_13_12_03_0426.bmp,0,12,3,8,13,13,31,13,13,13,31
01_13_12_03_0427.bmp,0,12,3,8,13,13,31,12,13,13,36
01_13_12_03_0428.bmp,0,12,3,8,13,13,31,12,13,13,31
01_13_12_03_0434.bmp,0,12,3,8,13,13,13,40,13,13,13
01_13_12_03_0437.bmp,0,12,3,8,13,13,13,2,13,13,31
01_13_12_03_0438.bmp,0,12,3,8,13,13,13,19,13,13,31
01_13_12_03_0443.bmp,0,12,3,8,13,13,13,25,13,40,31
01_13_12_03_0445.bmp,0,12,3,8,13,13,13,23,13,40,31
01_13_12_03_0446.bmp,0,12,3,8,13,13,13,20,13,40,13
01_13_12_03_0447.bmp,0,12,3,8,13,13,13,25,13,40,31
01_13_12_03_0449.bmp,0,12,3,8,13,13,13,2,13,13,13
01_13_12_03_0451.bmp,0,12,3,8,13,13,13,20,13,13,13
01_13_12_03_0455.bmp,0,12,3,8,13,13,13,40,13,13,13
01_13_12_03_0460.bmp,0,12,3,8,13,13,13,19,13,13,13
01_13_12_03_0463.bmp,0,12,3,8,13,13,13,19,13,13,13
01_13_12_03_0464.bmp,0,12,3,8,13,13,13,19,13,13,13
01_13_12_03_0467.bmp,0,12,3,8,13,13,13,40,13,13,13
01_13_12_03_0471.bmp,0,12,3,8,13,13,13,13,13,13,13
01_13_12_03_0474.bmp,0,12,3,8,13,13,13,20,13,13,13
01_13_12_03_0477.bmp,0,12,3,8,13,13,13,20,13,13,13
01_13_12_03_0478.bmp,0,12,3,8,13,13,13,23,13,13,13
01_13_12_03_0480.bmp,0,12,3,8,13,13,13,25,13,13,13
01_13_12_03_0488.bmp,0,12,3,8,13,13,13,13,13,13,13
01_13_12_03_0491.bmp,0,12,3,8,13,13,13,13,13,13,13
01_13_12_03_0493.bmp,0,12,3,8,13,13,13,13,13,13,13
01_13_12_03_0495.bmp,0,12,3,8,13,13,13,13,13,13,13
01_13_12_03_0502.bmp,0,12,3,8,13,13,13,13,13,13,13
01_13_12_03_0503.bmp,0,12,3,8,13,13,13,13,13,13,13
01_13_12_03_0505.bmp,0,12,3,8,13,13,13,13,13,13,13
01_13_12_03_0508.bmp,0,12,3,8,13,13,13,13,13,13,13
01_13_12_03_0509.bmp,0,12,3,8,13,13,13,13,13,13,13
01_13_12_03_0513.bmp,0,12,3,8,13,13,13,24,13,13,13
01_13_12_03_0514.bmp,0,12,3,8,13,13,13,25,13,13,13
01_13_12_03_0515.bmp,0,12,3,8,13,25,13,25,25,14,13
01_13_12_03_0517.bmp,0,12,3,8,13,12,31,12,12,13,12
01_13_12_03_0521.bmp,0,12,3,8,13,12,31,42,13,23,31
01_13_12_03_0523.bmp,0,12,3,8,13,13,13,40,13,13,31
01_13_12_03_0525.bmp,0,12,3,8,13,13,31,12,13,40,31
01_13_12_03_0526.bmp,0,12,3,8,13,32,31,12,32,23,31
01_13_12_03_0532.bmp,0,12,3,8,13,12,31,25,12,40,31
01_13_12_03_0534.bmp,0,12,3,8,13,31,31,23,13,12,31
01_13_12_03_0535.bmp,0,12,3,8,13,12,12,20,13,13,31
01_13_12_03_0536.bmp,0,12,3,8,13,12,31,12,12,13,31
01_13_12_03_0538.bmp,0,12,3,8,13,32,31,42,32,13,32
01_13_12_03_0539.bmp,0,12,3,8,13,12,12,40,12,13,31
01_13_12_03_0540.bmp,0,12,3,8,13,13,31,11,13,13,31
01_13_12_03_0547.bmp,0,12,3,8,13,13,12,20,13,40,31
01_13_12_03_0550.bmp,0,12,3,8,13,32,31,42,13,12,31
01_13_12_03_0551.bmp,0,12,3,8,13,13,13,40,13,13,31
01_13_12_03_0554.bmp,0,12,3,8,13,32,31,42,13,13,32
01_13_12_03_0555.bmp,0,12,3,8,13,12,31,40,12,12,31
01_13_12_03_0560.bmp,0,12,3,8,13,32,31,1,16,40,31
01_13_12_03_0561.bmp,0,12,3,8,13,12,10,25,12,12,31
01_13_12_03_0562.bmp,0,12,3,8,13,32,31,42,12,13,31
01_13_12_03_0563.bmp,0,12,3,8,13,12,12,40,12,13,12
01_13_12_03_0569.bmp,0,12,3,8,13,13,13,20,13,13,13
01_13_12_03_0574.bmp,0,12,3,8,13,13,31,12,13,40,31
01_13_12_03_0575.bmp,0,12,3,8,13,13,13,40,13,13,13
01_13_12_03_0576.bmp,0,12,3,8,13,12,31,12,13,40,31
01_13_12_03_0577.bmp,0,12,3,8,13,13,13,20,13,13,13
01_13_12_03_0579.bmp,0,12,3,8,13,13,13,2,13,13,13
01_13_12_03_0581.bmp,0,12,3,8,13,13,13,20,13,13,13
01_13_12_03_0583.bmp,0,12,3,8,13,13,13,40,13,13,13
01_13_12_03_0584.bmp,0,12,3,8,13,13,31,25,13,40,32
01_13_12_03_0588.bmp,0,12,3,8,13,32,32,12,32,40,31
01_13_12_03_0589.bmp,0,12,3,8,13,13,13,20,13,13,13
01_13_12_03_0591.bmp,0,12,3,8,13,13,13,20,13,13,13
01_13_12_03_0600.bmp,0,12,3,8,13,13,13,19,13,13,13
01_13_12_03_0605.bmp,0,12,3,8,13,13,13,20,13,13,13
01_13_12_03_0610.bmp,0,12,3,8,13,13,13,25,13,13,13
01_13_12_03_0613.bmp,0,12,3,8,13,13,13,25,13,13,13
01_13_12_03_0615.bmp,0,12,3,8,13,13,13,13,13,13,13
01_13_12_03_0621.bmp,0,12,3,8,13,13,13,13,13,13,13
01_13_12_03_0622.bmp,0,12,3,8,13,13,13,13,13,13,13
01_13_12_03_0624.bmp,0,12,3,8,13,13,13,13,13,13,13
01_13_12_03_0626.bmp,0,12,3,8,13,13,13,25,13,13,13
01_03_12_04_0002.bmp,0,12,4,8,9,13,11,0,13,0,31
01_03_12_04_0004.bmp,0,12,4,8,9,13,11,20,13,13,31
01_03_12_04_0009.bmp,0,12,4,8,9,13,16,25,13,13,17
01_03_12_04_0010.bmp,0,12,4,8,9,13,16,25,13,13,13
01_03_12_04_0018.bmp,0,12,4,8,9,13,13,23,13,13,13
01_03_12_04_0025.bmp,0,12,4,8,9,13,13,23,13,25,16
01_03_12_04_0028.bmp,0,12,4,8,9,13,16,23,13,4,13
01_03_12_04_0029.bmp,0,12,4,8,9,13,13,23,13,13,13
01_03_12_04_0030.bmp,0,12,4,8,9,13,13,25,13,13,13
01_03_12_04_0038.bmp,0,12,4,8,9,13,13,23,25,25,31
01_03_12_04_0042.bmp,0,12,4,8,9,13,13,25,13,14,13
01_03_12_04_0044.bmp,0,12,4,8,9,13,13,25,13,14,13
01_03_12_04_0046.bmp,0,12,4,8,9,13,13,23,13,13,13
01_03_12_04_0048.bmp,0,12,4,8,9,13,13,23,13,13,13
01_03_12_04_0049.bmp,0,12,4,8,9,13,13,23,13,13,13
01_03_12_04_0055.bmp,0,12,4,8,9,13,13,23,13,13,13
01_03_12_04_0059.bmp,0,12,4,8,9,13,13,23,13,40,13
01_03_12_04_0060.bmp,0,12,4,8,9,13,13,23,13,41,13
01_03_12_04_0065.bmp,0,12,4,8,9,13,13,25,13,25,13
01_03_12_04_0066.bmp,0,12,4,8,9,13,11,25,25,41,31
01_03_12_04_0068.bmp,0,12,4,8,9,13,13,25,13,14,13
01_03_12_04_0069.bmp,0,12,4,8,9,13,13,25,13,14,13
01_03_12_04_0071.bmp,0,12,4,8,9,13,13,25,13,25,13
01_03_12_04_0073.bmp,0,12,4,8,9,13,13,41,13,14,13
01_03_12_04_0074.bmp,0,12,4,8,9,13,13,2,13,14,13
01_03_12_04_0076.bmp,0,12,4,8,9,13,13,23,13,14,13
01_03_12_04_0077.bmp,0,12,4,8,9,13,13,23,13,9,13
01_03_12_04_0078.bmp,0,12,4,8,9,13,13,23,13,4,13
01_03_12_04_0079.bmp,0,12,4,8,9,13,13,23,13,25,13
01_03_12_04_0080.bmp,0,12,4,8,9,13,13,41,13,4,13
01_03_12_04_0081.bmp,0,12,4,8,9,13,13,23,13,41,13
01_03_12_04_0084.bmp,0,12,4,8,9,13,13,23,13,25,13
01_06_12_04_0002.bmp,1,12,4,8,14,11,11,20,11,25,36
01_06_12_04_0003.bmp,0,12,4,8,14,25,11,24,25,13,13
01_06_12_04_0004.bmp,1,12,4,8,14,11,11,23,11,25,36
01_06_12_04_0005.bmp,1,12,4,8,14,11,11,2,11,33,11
01_06_12_04_0006.bmp,0,12,4,8,14,25,1,20,25,24,13
01_06_12_04_0006.bmp,1,12,4,8,14,11,11,23,11,40,36
01_06_12_04_0008.bmp,0,12,4,8,14,25,1,25,25,14,25
01_06_12_04_0008.bmp,1,12,4,8,14,11,11,20,11,2,11
01_06_12_04_0011.bmp,0,12,4,8,14,25,1,2,25,14,25
01_06_12_04_0012.bmp,1,12,4,8,14,11,11,19,1,25,11
01_06_12_04_0014.bmp,1,12,4,8,14,11,11,20,11,26,32
01_06_12_04_0015.bmp,0,12,4,8,14,25,1,25,25,25,25
01_06_12_04_0016.bmp,1,12,4,8,14,11,11,19,11,23,11
01_06_12_04_0017.bmp,1,12,4,8,14,11,11,20,11,25,11
01_06_12_04_0018.bmp,0,12,4,8,14,25,1,25,25,14,25
01_06_12_04_0018.bmp,1,12,4,8,14,11,11,20,11,25,11
01_06_12_04_0020.bmp,0,12,4,8,14,25,1,25,25,25,25
01_06_12_04_0022.bmp,1,12,4,8,14,11,11,20,1,12,11
01_06_12_04_0023.bmp,0,12,4,8,14,25,25,25,25,25,25
01_06_12_04_0023.bmp,1,12,4,8,14,11,11,20,11,13,31
01_06_12_04_0024.bmp,0,12,4,8,14,25,1,25,25,14,25
01_06_12_04_0024.bmp,1,12,4,8,14,11,11,23,11,40,11
01_06_12_04_0025.bmp,0,12,4,8,14,25,25,25,25,14,25
01_06_12_04_0027.bmp,0,12,4,8,14,25,25,25,25,24,25
01_06_12_04_0028.bmp,1,12,4,8,14,11,11,20,25,20,11
01_06_12_04_0031.bmp,0,12,4,8,14,25,25,24,25,14,25
01_06_12_04_0032.bmp,0,12,4,8,14,25,25,2,25,14,25
01_06_12_04_0037.bmp,0,12,4,8,14,25,25,25,25,14,25
01_06_12_04_0038.bmp,0,12,4,8,14,25,25,25,25,14,25
01_06_12_04_0040.bmp,0,12,4,8,14,25,25,13,25,14,25
01_06_12_04_0042.bmp,1,12,4,8,14,11,11,0,11,12,31
01_06_12_04_0044.bmp,1,12,4,8,14,12,11,0,25,12,31
01_06_12_04_0047.bmp,0,12,4,8,14,11,11,0,25,25,31
01_06_12_04_0050.bmp,0,12,4,8,14,13,32,23,25,25,31
01_06_12_04_0055.bmp,0,12,4,8,14,13,32,25,25,14,32
01_06_12_04_0058.bmp,0,12,4,8,14,25,32,25,25,14,32
01_06_12_04_0060.bmp,0,12,4,8,14,25,32,23,25,14,36
01_06_12_04_0062.bmp,0,12,4,8,14,25,32,23,25,14,36
01_06_12_04_0063.bmp,0,12,4,8,14,25,32,23,25,14,36
01_06_12_04_0064.bmp,0,12,4,8,14,25,32,23,25,14,36
01_06_12_04_0065.bmp,0,12,4,8,14,25,32,20,25,14,36
01_06_12_04_0066.bmp,0,12,4,8,14,25,32,25,25,12,32
01_06_12_04_0068.bmp,0,12,4,8,14,25,32,23,25,14,32
01_06_12_04_0070.bmp,0,12,4,8,14,25,32,25,25,25,32
01_06_12_04_0071.bmp,0,12,4,8,14,25,32,25,25,25,32
01_06_12_04_0081.bmp,0,12,4,8,14,25,25,25,25,14,25
01_06_12_04_0086.bmp,0,12,4,8,14,10,16,0,10,10,16
01_06_12_04_0087.bmp,0,12,4,8,14,25,25,25,25,14,25
01_11_12_04_0002.bmp,0,12,4,8,12,10,31,2,10,12,31
01_11_12_04_0004.bmp,0,12,4,8,12,31,31,12,10,40,31
01_11_12_04_0006.bmp,0,12,4,8,12,31,31,1,10,23,31
01_11_12_04_0007.bmp,0,12,4,8,12,31,31,2,12,1,31
01_11_12_04_0008.bmp,0,12,4,8,12,32,31,42,13,25,31
01_11_12_04_0009.bmp,0,12,4,8,12,31,31,1,11,26,31
01_11_12_04_0010.bmp,0,12,4,8,12,31,31,12,13,13,31
01_11_12_04_0012.bmp,0,12,4,8,12,31,31,0,31,18,31
01_11_12_04_0015.bmp,0,12,4,8,12,12,11,42,12,40,31
01_11_12_04_0020.bmp,0,12,4,8,12,11,11,0,11,13,32
01_11_12_04_0021.bmp,0,12,4,8,12,11,11,11,11,25,32
01_11_12_04_0025.bmp,0,12,4,8,12,13,11,11,13,35,32
01_11_12_04_0027.bmp,0,12,4,8,12,11,11,11,11,40,13
01_11_12_04_0028.bmp,0,12,4,8,12,11,11,23,11,1,31
01_11_12_04_0030.bmp,0,12,4,8,12,13,11,11,11,40,11
01_11_12_04_0031.bmp,0,12,4,8,12,11,11,11,11,40,32
01_11_12_04_0032.bmp,0,12,4,8,12,13,11,11,11,13,36
01_11_12_04_0033.bmp,0,12,4,8,12,11,11,11,11,40,32
01_11_12_04_0035.bmp,0,12,4,8,12,11,11,11,25,1,11
01_11_12_04_0036.bmp,0,12,4,8,12,11,11,0,25,13,13
01_11_12_04_0039.bmp,0,12,4,8,12,11,11,20,25,25,32
01_11_12_04_0040.bmp,0,12,4,8,12,11,11,11,11,1,32
01_11_12_04_0049.bmp,0,12,4,8,12,13,11,28,25,1,1
01_11_12_04_0054.bmp,0,12,4,8,12,13,11,11,25,1,13
01_11_12_04_0061.bmp,0,12,4,8,12,13,11,20,13,40,13
01_11_12_04_0062.bmp,0,12,4,8,12,13,11,11,13,1,13
01_11_12_04_0065.bmp,0,12,4,8,12,13,1,11,25,1,13
01_11_12_04_0068.bmp,0,12,4,8,12,13,11,18,25,1,13
01_11_12_04_0070.bmp,0,12,4,8,12,25,11,25,25,26,13
01_11_12_04_0073.bmp,0,12,4,8,12,25,1,25,25,26,25
01_11_12_04_0074.bmp,0,12,4,8,12,25,1,18,25,26,32
01_11_12_04_0076.bmp,0,12,4,8,12,25,1,18,25,26,25
01_11_12_04_0077.bmp,0,12,4,8,12,25,1,13,25,26,25
01_12_12_04_0002.bmp,1,12,4,8,17,11,11,6,12,12,11
01_12_12_04_0004.bmp,0,12,4,8,17,13,11,20,25,40,36
01_12_12_04_0006.bmp,0,12,4,8,17,13,11,23,25,13,17
01_12_12_04_0007.bmp,0,12,4,8,17,13,11,23,13,26,17
01_12_12_04_0008.bmp,1,12,4,8,17,11,11,12,11,11,11
01_12_12_04_0009.bmp,0,12,4,8,17,13,11,20,13,13,17
01_12_12_04_0010.bmp,1,12,4,8,17,11,11,12,11,11,11
01_12_12_04_0011.bmp,1,12,4,8,17,11,11,42,11,1,11
01_12_12_04_0012.bmp,1,12,4,8,17,11,11,42,11,38,11
01_12_12_04_0013.bmp,0,12,4,8,17,10,11,23,16,26,31
01_12_12_04_0013.bmp,1,12,4,8,17,11,11,1,12,12,11
01_12_12_04_0014.bmp,0,12,4,8,17,13,32,23,10,17,17
01_12_12_04_0015.bmp,1,12,4,8,17,11,11,25,11,40,11
01_12_12_04_0017.bmp,0,12,4,8,17,13,13,23,25,26,17
01_12_12_04_0017.bmp,1,12,4,8,17,11,11,12,11,11,11
01_12_12_04_0018.bmp,0,12,4,8,17,13,11,20,25,26,17
01_12_12_04_0018.bmp,1,12,4,8,17,11,11,42,11,40,11
01_12_12_04_0019.bmp,1,12,4,8,17,11,11,11,12,40,12
01_12_12_04_0023.bmp,0,12,4,8,17,13,11,23,16,25,17
01_12_12_04_0023.bmp,1,12,4,8,17,11,11,11,11,12,11
01_12_12_04_0025.bmp,1,12,4,8,17,11,11,42,11,25,11
01_12_12_04_0026.bmp,0,12,4,8,17,13,11,23,16,17,17
01_12_12_04_0027.bmp,1,12,4,8,17,11,11,12,11,40,11
01_12_12_04_0028.bmp,0,12,4,8,17,12,11,25,12,13,31
01_12_12_04_0029.bmp,0,12,4,8,17,32,32,25,25,25,31
01_12_12_04_0031.bmp,1,12,4,8,17,11,11,42,12,26,11
01_12_12_04_0032.bmp,0,12,4,8,17,13,11,25,25,25,31
01_12_12_04_0033.bmp,1,12,4,8,17,11,11,42,11,12,11
01_12_12_04_0034.bmp,1,12,4,8,17,11,11,42,11,12,11
01_12_12_04_0035.bmp,1,12,4,8,17,11,11,6,12,12,11
01_12_12_04_0038.bmp,0,12,4,8,17,13,11,25,25,25,36
01_12_12_04_0038.bmp,1,12,4,8,17,11,11,11,11,25,31
01_12_12_04_0040.bmp,0,12,4,8,17,13,11,25,25,14,36
01_12_12_04_0040.bmp,1,12,4,8,17,11,11,42,11,12,11
01_12_12_04_0042.bmp,1,12,4,8,17,11,11,11,11,25,11
01_12_12_04_0045.bmp,0,12,4,8,17,11,11,11,11,25,11
01_12_12_04_0049.bmp,0,12,4,8,17,11,11,12,11,26,11
01_12_12_04_0052.bmp,0,12,4,8,17,11,11,12,11,12,11
01_12_12_04_0053.bmp,0,12,4,8,17,11,11,1,11,40,11
01_12_12_04_0056.bmp,0,12,4,8,17,11,11,0,11,25,11
01_12_12_04_0058.bmp,0,12,4,8,17,11,11,0,11,12,11
01_12_12_04_0061.bmp,0,12,4,8,17,11,11,40,11,40,11
01_12_12_04_0062.bmp,0,12,4,8,17,11,11,23,11,23,11
01_12_12_04_0063.bmp,0,12,4,8,17,11,11,0,11,40,11
01_12_12_04_0064.bmp,0,12,4,8,17,11,11,23,11,26,11
01_12_12_04_0065.bmp,0,12,4,8,17,11,11,25,11,39,11
01_12_12_04_0066.bmp,0,12,4,8,17,11,11,20,11,40,11
01_12_12_04_0068.bmp,0,12,4,8,17,11,11,20,11,12,11
01_12_12_04_0069.bmp,0,12,4,8,17,11,11,20,11,40,11
01_12_12_04_0072.bmp,0,12,4,8,17,11,11,20,11,12,11
01_12_12_04_0075.bmp,0,12,4,8,17,11,11,20,11,25,11
01_12_12_04_0077.bmp,0,12,4,8,17,11,11,20,11,11,11
01_12_12_04_0078.bmp,0,12,4,8,17,11,11,20,11,12,11
01_12_12_04_0079.bmp,0,12,4,8,17,11,11,20,11,40,11
01_12_12_04_0080.bmp,0,12,4,8,17,11,11,20,11,25,11
01_12_12_04_0081.bmp,0,12,4,8,17,11,11,20,11,25,11
01_12_12_04_0082.bmp,0,12,4,8,17,11,11,25,11,25,11
01_12_12_04_0083.bmp,0,12,4,8,17,11,11,0,11,25,11
01_12_12_04_0085.bmp,0,12,4,8,17,11,11,20,11,14,11
01_12_12_04_0089.bmp,0,12,4,8,17,11,11,20,11,26,11
01_12_12_04_0090.bmp,0,12,4,8,17,11,11,20,11,40,11
01_12_12_04_0091.bmp,0,12,4,8,17,11,11,20,11,25,11
01_12_12_04_0093.bmp,0,12,4,8,17,11,11,20,11,40,11
01_12_12_04_0096.bmp,0,12,4,8,17,11,11,20,11,25,11
01_12_12_04_0100.bmp,0,12,4,8,17,11,11,23,11,13,11
01_12_12_04_0101.bmp,0,12,4,8,17,11,11,23,11,26,11
01_12_12_04_0112.bmp,0,12,4,8,17,11,11,20,11,26,11
01_12_12_04_0114.bmp,0,12,4,8,17,11,11,25,25,26,11
01_13_12_04_0001.bmp,1,12,4,8,13,13,11,40,13,4,13
01_13_12_04_0003.bmp,0,12,4,8,13,11,11,12,11,40,31
01_13_12_04_0004.bmp,0,12,4,8,13,11,11,25,11,13,13
01_13_12_04_0005.bmp,1,12,4,8,13,13,11,2,13,13,13
01_13_12_04_0007.bmp,1,12,4,8,13,13,11,2,13,2,13
01_13_12_04_0010.bmp,1,12,4,8,13,11,11,20,13,40,13
01_13_12_04_0012.bmp,0,12,4,8,13,11,11,42,11,35,12
01_13_12_04_0012.bmp,1,12,4,8,13,13,11,20,25,13,13
01_13_12_04_0014.bmp,0,12,4,8,13,11,11,12,11,23,31
01_13_12_04_0015.bmp,0,12,4,8,13,31,12,12,11,25,31
01_13_12_04_0015.bmp,1,12,4,8,13,13,11,20,13,13,13
01_13_12_04_0016.bmp,0,12,4,8,13,12,12,6,12,40,31
01_13_12_04_0017.bmp,1,12,4,8,13,13,11,20,13,13,13
01_13_12_04_0018.bmp,0,12,4,8,13,11,11,23,11,35,11
01_13_12_04_0020.bmp,0,12,4,8,13,11,12,0,11,13,12
01_13_12_04_0021.bmp,0,12,4,8,13,12,12,25,12,40,12
01_13_12_04_0021.bmp,1,12,4,8,13,13,11,13,13,13,13
01_13_12_04_0022.bmp,1,12,4,8,13,13,11,2,13,13,13
01_13_12_04_0026.bmp,0,12,4,8,13,12,12,12,13,12,13
01_13_12_04_0026.bmp,1,12,4,8,13,13,13,19,13,13,13
01_13_12_04_0027.bmp,1,12,4,8,13,13,11,13,13,13,13
01_13_12_04_0028.bmp,0,12,4,8,13,13,12,25,13,13,12
01_13_12_04_0029.bmp,1,12,4,8,13,13,13,13,13,13,13
01_13_12_04_0030.bmp,0,12,4,8,13,16,11,42,11,26,13
01_13_12_04_0031.bmp,0,12,4,8,13,11,12,12,11,13,13
01_13_12_04_0031.bmp,1,12,4,8,13,13,13,2,13,13,13
01_13_12_04_0032.bmp,0,12,4,8,13,11,11,11,11,11,31
01_13_12_04_0034.bmp,1,12,4,8,13,13,13,13,13,13,13
01_13_12_04_0035.bmp,0,12,4,8,13,11,11,42,11,12,11
01_13_12_04_0036.bmp,0,12,4,8,13,11,11,12,11,40,13
01_13_12_04_0036.bmp,1,12,4,8,13,13,13,2,13,13,13
01_13_12_04_0037.bmp,1,12,4,8,13,13,13,13,13,13,13
01_13_12_04_0040.bmp,1,12,4,8,13,13,13,13,13,13,13
01_13_12_04_0041.bmp,1,12,4,8,13,13,13,13,13,13,13
01_13_12_04_0043.bmp,0,12,4,8,13,13,11,19,13,25,12
01_13_12_04_0044.bmp,1,12,4,8,13,13,13,13,13,13,13
01_13_12_04_0048.bmp,1,12,4,8,13,13,13,13,13,13,13
01_13_12_04_0049.bmp,1,12,4,8,13,13,13,13,13,13,13
01_13_12_04_0050.bmp,0,12,4,8,13,11,11,20,11,13,13
01_13_12_04_0050.bmp,1,12,4,8,13,13,13,13,13,13,13
01_13_12_04_0051.bmp,0,12,4,8,13,13,11,2,13,13,13
01_13_12_04_0052.bmp,1,12,4,8,13,13,13,13,13,13,13
01_13_12_04_0053.bmp,1,12,4,8,13,13,13,13,13,13,13
01_13_12_04_0059.bmp,1,12,4,8,13,13,13,13,13,13,13
01_13_12_04_0063.bmp,1,12,4,8,13,11,11,12,11,40,12
01_13_12_04_0065.bmp,1,12,4,8,13,11,11,25,12,25,11
01_13_12_04_0068.bmp,0,12,4,8,13,13,11,20,13,13,13
01_13_12_04_0068.bmp,1,12,4,8,13,11,11,20,12,40,11
01_13_12_04_0069.bmp,0,12,4,8,13,13,13,20,13,13,13
01_13_12_04_0069.bmp,1,12,4,8,13,11,11,12,12,26,11
01_13_12_04_0074.bmp,0,12,4,8,13,13,11,25,13,13,13
01_13_12_04_0074.bmp,1,12,4,8,13,11,12,12,12,40,12
01_13_12_04_0078.bmp,1,12,4,8,13,11,11,19,11,12,11
01_13_12_04_0080.bmp,1,12,4,8,13,11,11,23,11,40,31
01_13_12_04_0082.bmp,0,12,4,8,13,13,13,13,13,13,13
01_13_12_04_0082.bmp,1,12,4,8,13,11,11,25,11,25,11
01_13_12_04_0083.bmp,1,12,4,8,13,11,11,23,11,25,11
01_13_12_04_0084.bmp,0,12,4,8,13,13,13,13,13,13,13
01_13_12_04_0086.bmp,0,12,4,8,13,13,13,13,13,13,13
01_13_12_04_0090.bmp,1,12,4,8,13,11,11,23,12,25,12
01_13_12_04_0092.bmp,0,12,4,8,13,13,11,13,13,13,13
01_13_12_04_0092.bmp,1,12,4,8,13,11,11,0,12,40,12
01_13_12_04_0093.bmp,1,12,4,8,13,11,11,2,11,25,11
01_13_12_04_0094.bmp,0,12,4,8,13,13,11,13,13,13,13
01_13_12_04_0094.bmp,1,12,4,8,13,11,11,25,12,40,12
01_13_12_04_0097.bmp,1,12,4,8,13,11,11,0,12,11,31
01_13_12_04_0101.bmp,1,12,4,8,13,11,11,40,11,40,11
01_13_12_04_0102.bmp,1,12,4,8,13,11,11,2,11,40,12
01_13_12_04_0104.bmp,0,12,4,8,13,13,13,13,13,13,13
01_13_12_04_0106.bmp,1,12,4,8,13,11,11,19,11,25,12
01_13_12_04_0111.bmp,0,12,4,8,13,13,13,24,13,13,13
01_13_12_04_0111.bmp,1,12,4,8,13,11,11,20,11,1,12
01_13_12_04_0112.bmp,0,12,4,8,13,13,13,13,13,13,13
01_13_12_04_0112.bmp,1,12,4,8,13,11,11,20,11,25,12
01_13_12_04_0115.bmp,1,12,4,8,13,11,11,20,11,25,12
01_13_12_04_0118.bmp,1,12,4,8,13,11,11,19,11,11,11
01_13_12_04_0119.bmp,0,12,4,8,13,11,11,40,11,25,11
01_13_12_04_0120.bmp,1,12,4,8,13,11,11,20,11,40,12
01_13_12_04_0121.bmp,0,12,4,8,13,11,11,40,11,11,31
01_13_12_04_0126.bmp,1,12,4,8,13,11,11,20,11,40,12
01_13_12_04_0127.bmp,1,12,4,8,13,11,11,20,11,25,31
01_13_12_04_0128.bmp,0,12,4,8,13,11,11,19,11,23,31
01_13_12_04_0129.bmp,0,12,4,8,13,11,11,20,11,40,31
01_13_12_04_0129.bmp,1,12,4,8,13,11,11,20,11,0,31
01_13_12_04_0130.bmp,1,12,4,8,13,11,11,20,11,26,12
01_13_12_04_0132.bmp,0,12,4,8,13,11,11,19,11,39,31
01_13_12_04_0134.bmp,1,12,4,8,13,11,11,20,11,26,12
01_13_12_04_0138.bmp,0,12,4,8,13,1,11,20,1,39,31
01_13_12_04_0140.bmp,0,12,4,8,13,11,11,20,1,25,31
01_13_12_04_0142.bmp,0,12,4,8,13,11,11,25,1,25,31
01_13_12_04_0142.bmp,1,12,4,8,13,11,11,20,11,12,12
01_13_12_04_0144.bmp,0,12,4,8,13,11,11,25,1,25,31
01_13_12_04_0145.bmp,1,12,4,8,13,11,11,25,11,12,12
01_13_12_04_0146.bmp,1,12,4,8,13,11,11,25,11,13,12
01_13_12_04_0148.bmp,1,12,4,8,13,11,11,20,11,25,12
01_13_12_04_0151.bmp,1,12,4,8,13,11,11,20,11,40,12
01_13_12_04_0152.bmp,1,12,4,8,13,11,11,25,11,2,12
01_13_12_04_0155.bmp,0,12,4,8,13,13,11,25,13,24,31
01_13_12_04_0157.bmp,0,12,4,8,13,13,11,25,13,13,31
01_13_12_04_0158.bmp,1,12,4,8,13,11,11,20,11,11,12
01_13_12_04_0160.bmp,0,12,4,8,13,13,11,25,13,13,31
01_13_12_04_0161.bmp,0,12,4,8,13,13,11,25,13,13,13
01_13_12_04_0161.bmp,1,12,4,8,13,11,11,25,11,40,12
01_13_12_04_0162.bmp,1,12,4,8,13,11,11,25,11,13,12
01_13_12_04_0165.bmp,1,12,4,8,13,11,11,25,11,25,12
01_13_12_04_0166.bmp,1,12,4,8,13,11,11,20,11,11,12
01_13_12_04_0169.bmp,0,12,4,8,13,11,11,12,11,40,11
01_13_12_04_0170.bmp,0,12,4,8,13,11,11,42,11,12,11
01_13_12_04_0172.bmp,1,12,4,8,13,11,11,20,11,40,12
01_13_12_04_0173.bmp,0,12,4,8,13,11,11,42,11,12,31
01_13_12_04_0175.bmp,0,12,4,8,13,11,12,1,12,12,12
01_13_12_04_0175.bmp,1,12,4,8,13,11,11,25,11,25,12
01_13_12_04_0177.bmp,1,12,4,8,13,11,11,25,11,40,12
01_13_12_04_0179.bmp,0,12,4,8,13,11,11,42,11,40,31
01_13_12_04_0180.bmp,0,12,4,8,13,11,11,1,11,0,31
01_13_12_04_0181.bmp,0,12,4,8,13,11,11,25,11,25,11
01_13_12_04_0182.bmp,1,12,4,8,13,11,11,25,11,13,12
01_13_12_04_0185.bmp,1,12,4,8,13,11,11,25,11,25,12
01_13_12_04_0186.bmp,1,12,4,8,13,11,11,25,11,40,12
01_13_12_04_0191.bmp,1,12,4,8,13,11,11,25,11,13,12
01_13_12_04_0192.bmp,1,12,4,8,13,11,11,23,11,40,12
01_13_12_04_0193.bmp,0,12,4,8,13,31,12,12,11,40,31
01_13_12_04_0195.bmp,0,12,4,8,13,11,11,12,11,1,31
01_13_12_04_0196.bmp,0,12,4,8,13,11,11,12,11,11,11
01_13_12_04_0196.bmp,1,12,4,8,13,11,11,25,11,13,12
01_13_12_04_0197.bmp,1,12,4,8,13,11,11,25,11,24,12
01_13_12_04_0198.bmp,0,12,4,8,13,11,11,25,11,12,31
01_13_12_04_0200.bmp,0,12,4,8,13,31,12,12,11,40,31
01_13_12_04_0200.bmp,1,12,4,8,13,11,11,25,11,13,12
01_13_12_04_0201.bmp,0,12,4,8,13,11,11,25,11,12,31
01_13_12_04_0202.bmp,0,12,4,8,13,11,12,12,11,33,31
01_13_12_04_0202.bmp,1,12,4,8,13,11,11,25,11,40,12
01_13_12_04_0204.bmp,0,12,4,8,13,11,11,6,11,25,31
01_13_12_04_0206.bmp,0,12,4,8,13,11,11,25,11,12,31
01_13_12_04_0206.bmp,1,12,4,8,13,11,11,25,11,24,12
01_13_12_04_0207.bmp,1,12,4,8,13,11,11,20,11,23,12
01_13_12_04_0208.bmp,1,12,4,8,13,11,11,20,11,13,12
01_13_12_04_0211.bmp,0,12,4,8,13,11,12,40,11,11,31
01_13_12_04_0212.bmp,1,12,4,8,13,11,11,20,11,12,11
01_13_12_04_0213.bmp,0,12,4,8,13,11,12,20,11,40,31
01_13_12_04_0214.bmp,1,12,4,8,13,11,11,25,11,13,12
01_13_12_04_0215.bmp,0,12,4,8,13,11,11,20,13,40,31
01_13_12_04_0217.bmp,1,12,4,8,13,11,11,25,11,23,12
01_13_12_04_0218.bmp,0,12,4,8,13,13,11,19,13,26,31
01_13_12_04_0218.bmp,1,12,4,8,13,11,11,25,11,25,12
01_13_12_04_0219.bmp,0,12,4,8,13,13,11,20,13,20,31
01_13_12_04_0219.bmp,1,12,4,8,13,11,11,20,11,25,12
01_13_12_04_0223.bmp,1,12,4,8,13,11,11,25,11,13,12
01_13_12_04_0224.bmp,1,12,4,8,13,11,11,25,11,40,12
01_13_12_04_0228.bmp,0,12,4,8,13,13,11,25,13,40,13
01_13_12_04_0229.bmp,1,12,4,8,13,11,11,25,11,26,12
01_13_12_04_0230.bmp,0,12,4,8,13,13,11,25,13,13,13
01_13_12_04_0231.bmp,1,12,4,8,13,11,11,20,11,23,12
01_13_12_04_0232.bmp,0,12,4,8,13,13,13,20,13,13,13
01_13_12_04_0232.bmp,1,12,4,8,13,11,11,25,11,14,12
01_13_12_04_0234.bmp,1,12,4,8,13,11,11,25,11,25,11
01_13_12_04_0235.bmp,0,12,4,8,13,13,13,25,13,13,13
01_13_12_04_0236.bmp,0,12,4,8,13,13,13,25,13,13,13
01_13_12_04_0236.bmp,1,12,4,8,13,11,11,25,11,40,11
01_13_12_04_0237.bmp,1,12,4,8,13,11,11,25,11,23,12
01_13_12_04_0238.bmp,1,12,4,8,13,11,11,20,11,25,11
01_13_12_04_0239.bmp,0,12,4,8,13,13,13,13,13,13,13
01_13_12_04_0241.bmp,0,12,4,8,13,13,13,13,13,13,13
01_13_12_04_0243.bmp,0,12,4,8,13,13,13,25,25,13,13
01_13_12_04_0244.bmp,0,12,4,8,13,13,13,25,13,13,13
01_13_12_04_0244.bmp,1,12,4,8,13,11,11,25,11,25,12
01_13_12_04_0248.bmp,1,12,4,8,13,11,11,20,11,25,12
01_13_12_04_0249.bmp,0,12,4,8,13,13,13,13,13,13,13
01_13_12_04_0250.bmp,1,12,4,8,13,11,11,25,11,13,12
01_13_12_04_0251.bmp,1,12,4,8,13,11,11,20,11,25,12
01_13_12_04_0253.bmp,0,12,4,8,13,13,13,13,13,13,13
01_13_12_04_0255.bmp,1,12,4,8,13,11,11,25,11,1,12
01_13_12_04_0256.bmp,1,12,4,8,13,11,11,25,11,13,12
01_13_12_04_0258.bmp,1,12,4,8,13,11,11,20,11,25,11
01_13_12_04_0259.bmp,0,12,4,8,13,13,13,13,13,13,13
01_13_12_04_0262.bmp,1,12,4,8,13,11,11,25,11,40,12
01_13_12_04_0263.bmp,0,12,4,8,13,13,13,13,13,13,13
01_13_12_04_0264.bmp,0,12,4,8,13,13,13,13,13,13,13
01_13_12_04_0264.bmp,1,12,4,8,13,11,11,25,11,12,12
01_13_12_04_0268.bmp,1,12,4,8,13,11,11,25,11,25,12
01_13_12_04_0269.bmp,0,12,4,8,13,13,13,13,13,13,13
01_13_12_04_0269.bmp,1,12,4,8,13,11,11,25,11,40,12
01_13_12_04_0271.bmp,0,12,4,8,13,11,11,25,11,25,12
01_13_12_04_0274.bmp,0,12,4,8,13,11,11,25,11,25,12
01_13_12_04_0275.bmp,0,12,4,8,13,11,11,25,11,26,12
01_13_12_04_0276.bmp,0,12,4,8,13,11,11,25,11,13,12
01_13_12_04_0277.bmp,0,12,4,8,13,11,11,25,11,40,12
01_13_12_04_0278.bmp,0,12,4,8,13,11,11,25,11,25,12
01_13_12_04_0279.bmp,0,12,4,8,13,11,11,25,11,25,12
01_13_12_04_0283.bmp,0,12,4,8,13,11,11,20,11,25,12
01_13_12_04_0284.bmp,0,12,4,8,13,11,11,25,11,40,12
01_13_12_04_0285.bmp,0,12,4,8,13,11,11,20,11,13,12
01_13_12_04_0286.bmp,0,12,4,8,13,11,11,20,11,40,12
01_13_12_04_0287.bmp,0,12,4,8,13,11,11,25,11,40,12
01_13_12_04_0289.bmp,0,12,4,8,13,11,11,25,11,40,12
01_13_12_04_0290.bmp,0,12,4,8,13,11,11,20,11,13,12
01_13_12_04_0293.bmp,0,12,4,8,13,11,11,20,11,24,12
01_13_12_04_0294.bmp,0,12,4,8,13,11,11,25,11,25,12
01_13_12_04_0296.bmp,0,12,4,8,13,11,11,20,11,40,12
01_13_12_04_0299.bmp,0,12,4,8,13,11,11,20,11,13,12
01_13_12_04_0301.bmp,0,12,4,8,13,11,11,20,11,26,12
01_13_12_04_0302.bmp,0,12,4,8,13,11,11,25,11,40,12
01_13_12_04_0304.bmp,0,12,4,8,13,11,11,25,11,40,12
01_13_12_04_0306.bmp,0,12,4,8,13,11,11,20,11,12,12
01_13_12_04_0308.bmp,0,12,4,8,13,11,11,25,11,2,12
01_13_12_04_0312.bmp,0,12,4,8,13,11,11,25,11,25,12
01_13_12_04_0315.bmp,0,12,4,8,13,11,11,25,11,13,12
01_13_12_04_0316.bmp,0,12,4,8,13,11,11,25,11,13,12
01_13_12_04_0328.bmp,0,12,4,8,13,11,11,25,11,24,12
01_13_12_04_0333.bmp,0,12,4,8,13,11,11,25,11,25,12
01_13_12_04_0338.bmp,0,12,4,8,13,11,11,25,11,2,11
01_13_12_04_0341.bmp,0,12,4,8,13,13,11,25,13,13,13
01_13_12_04_0342.bmp,0,12,4,8,13,11,11,13,13,13,13
01_13_12_04_0343.bmp,0,12,4,8,13,11,11,13,13,13,13
01_13_12_04_0344.bmp,0,12,4,8,13,11,11,13,11,13,13
01_13_12_04_0348.bmp,0,12,4,8,13,13,11,25,13,13,13
01_13_12_04_0349.bmp,0,12,4,8,13,13,11,13,13,13,13
01_13_12_04_0352.bmp,0,12,4,8,13,13,11,13,13,13,13
01_13_12_04_0356.bmp,0,12,4,8,13,12,11,25,12,25,31
01_13_12_04_0360.bmp,0,12,4,8,13,13,13,25,13,13,13
01_13_12_04_0363.bmp,0,12,4,8,13,13,13,13,13,13,13
01_13_12_04_0367.bmp,0,12,4,8,13,13,13,13,13,13,13
01_13_12_04_0370.bmp,0,12,4,8,13,13,13,13,13,13,13
01_13_12_04_0371.bmp,0,12,4,8,13,13,13,25,13,13,13
01_13_12_04_0372.bmp,0,12,4,8,13,13,13,13,13,13,13
01_13_12_04_0374.bmp,0,12,4,8,13,13,13,13,13,13,13
01_13_12_04_0377.bmp,0,12,4,8,13,13,13,13,13,13,13
01_13_12_04_0378.bmp,0,12,4,8,13,13,13,13,13,13,13
01_13_12_04_0382.bmp,0,12,4,8,13,13,13,25,13,13,13
01_13_12_04_0384.bmp,0,12,4,8,13,13,13,25,13,13,13
01_13_12_04_0387.bmp,0,12,4,8,13,11,12,1,12,12,12
01_13_12_04_0389.bmp,0,12,4,8,13,11,11,11,12,12,12
01_13_12_04_0390.bmp,0,12,4,8,13,12,12,23,12,40,13
01_13_12_04_0393.bmp,0,12,4,8,13,11,12,42,12,13,13
01_13_12_04_0397.bmp,0,12,4,8,13,11,12,42,12,12,11
01_13_12_04_0399.bmp,0,12,4,8,13,11,11,12,12,25,11
01_13_12_04_0400.bmp,0,12,4,8,13,11,11,12,12,13,12
01_13_12_04_0401.bmp,0,12,4,8,13,12,12,12,12,25,12
01_13_12_04_0402.bmp,0,12,4,8,13,12,12,12,12,40,12
01_13_12_04_0406.bmp,0,12,4,8,13,12,12,42,11,35,12
01_13_12_04_0407.bmp,0,12,4,8,13,11,12,42,12,12,11
01_13_12_04_0416.bmp,0,12,4,8,13,11,12,11,12,25,11
01_13_12_04_0419.bmp,0,12,4,8,13,11,11,1,12,40,11
01_13_12_04_0420.bmp,0,12,4,8,13,11,12,42,12,11,12
01_13_12_04_0424.bmp,0,12,4,8,13,11,11,11,11,13,31
01_13_12_04_0429.bmp,0,12,4,8,13,11,11,12,11,11,31
01_13_12_04_0433.bmp,0,12,4,8,13,11,11,12,11,25,12
01_13_12_04_0437.bmp,0,12,4,8,13,11,11,2,11,13,11
01_13_12_04_0444.bmp,0,12,4,8,13,11,11,25,11,25,11
01_13_12_04_0445.bmp,0,12,4,8,13,11,11,2,11,40,11
01_13_12_04_0446.bmp,0,12,4,8,13,11,11,2,11,26,11
01_13_12_04_0447.bmp,0,12,4,8,13,11,11,2,11,11,11
01_13_12_04_0453.bmp,0,12,4,8,13,11,11,20,11,23,31
01_13_12_04_0457.bmp,0,12,4,8,13,11,11,20,11,40,11
01_13_12_04_0459.bmp,0,12,4,8,13,11,11,20,11,25,31
01_13_12_04_0461.bmp,0,12,4,8,13,11,11,20,11,13,12
01_13_12_04_0464.bmp,0,12,4,8,13,13,11,20,11,13,13
01_13_12_04_0466.bmp,0,12,4,8,13,11,11,20,11,13,12
01_13_12_04_0468.bmp,0,12,4,8,13,13,11,40,11,13,12
01_13_12_04_0469.bmp,0,12,4,8,13,13,11,20,11,25,13
01_13_12_04_0472.bmp,0,12,4,8,13,1,11,20,11,25,13
01_13_12_04_0473.bmp,0,12,4,8,13,1,11,19,1,40,13
01_13_12_04_0475.bmp,0,12,4,8,13,13,11,20,11,13,13
01_13_12_04_0476.bmp,0,12,4,8,13,13,11,20,11,13,13
01_13_12_04_0483.bmp,0,12,4,8,13,13,11,25,13,13,13
01_13_12_04_0484.bmp,0,12,4,8,13,13,11,25,13,40,13
01_13_12_04_0486.bmp,0,12,4,8,13,13,11,25,13,13,31
01_13_12_04_0489.bmp,0,12,4,8,13,13,11,25,13,13,13
01_13_12_04_0490.bmp,0,12,4,8,13,13,11,25,13,25,13
01_13_12_04_0492.bmp,0,12,4,8,13,13,11,25,13,13,13
01_13_12_04_0493.bmp,0,12,4,8,13,13,11,25,13,13,13
01_13_12_04_0494.bmp,0,12,4,8,13,13,11,25,13,25,13
01_13_12_04_0495.bmp,0,12,4,8,13,13,11,25,13,25,13
01_13_12_04_0496.bmp,0,12,4,8,13,13,11,25,13,25,13
01_13_12_04_0501.bmp,0,12,4,8,13,13,11,11,13,25,13
01_13_12_04_0503.bmp,0,12,4,8,13,13,11,25,13,25,13
01_13_12_04_0506.bmp,0,12,4,8,13,13,13,25,13,13,13
01_13_12_04_0509.bmp,0,12,4,8,13,13,13,25,13,13,13
01_13_12_04_0512.bmp,0,12,4,8,13,13,13,13,13,13,13
01_13_12_04_0513.bmp,0,12,4,8,13,13,13,13,13,13,13
01_13_12_04_0518.bmp,0,12,4,8,13,31,31,23,11,40,31
01_13_12_04_0519.bmp,0,12,4,8,13,11,12,12,11,13,31
01_13_12_04_0520.bmp,0,12,4,8,13,31,11,42,10,40,31
01_13_12_04_0522.bmp,0,12,4,8,13,31,31,40,11,13,12
01_13_12_04_0525.bmp,0,12,4,8,13,13,31,20,13,1,13
01_13_12_04_0527.bmp,0,12,4,8,13,13,31,12,13,23,31
01_13_12_04_0528.bmp,0,12,4,8,13,32,12,42,10,25,31
01_13_12_04_0529.bmp,0,12,4,8,13,13,11,23,13,13,31
01_13_12_04_0530.bmp,0,12,4,8,13,32,31,23,13,35,31
01_13_12_04_0532.bmp,0,12,4,8,13,31,31,42,10,35,31
01_13_12_04_0533.bmp,0,12,4,8,13,13,11,25,13,40,31
01_13_12_04_0535.bmp,0,12,4,8,13,13,12,40,13,13,13
01_13_12_04_0539.bmp,0,12,4,8,13,13,11,25,13,13,31
01_13_12_04_0540.bmp,0,12,4,8,13,31,31,42,13,40,31
01_13_12_04_0546.bmp,0,12,4,8,13,31,31,42,13,34,31
01_13_12_04_0547.bmp,0,12,4,8,13,13,12,20,13,13,31
01_13_12_04_0549.bmp,0,12,4,8,13,13,11,20,13,25,31
01_13_12_04_0553.bmp,0,12,4,8,13,13,11,23,13,40,31
01_13_12_04_0556.bmp,0,12,4,8,13,31,31,12,11,25,31
01_13_12_04_0557.bmp,0,12,4,8,13,13,12,20,13,12,31
01_13_12_04_0559.bmp,0,12,4,8,13,13,11,40,13,13,31
01_13_12_04_0567.bmp,0,12,4,8,13,13,11,20,13,13,31
01_13_12_04_0576.bmp,0,12,4,8,13,32,31,25,13,40,31
01_13_12_04_0578.bmp,0,12,4,8,13,32,31,2,13,40,31
01_13_12_04_0584.bmp,0,12,4,8,13,32,31,42,13,13,31
01_13_12_04_0585.bmp,0,12,4,8,13,13,13,20,13,13,31
01_13_12_04_0587.bmp,0,12,4,8,13,13,11,20,13,40,31
01_13_12_04_0591.bmp,0,12,4,8,13,13,11,20,25,13,31
01_13_12_04_0593.bmp,0,12,4,8,13,13,11,20,13,40,31
01_13_12_04_0595.bmp,0,12,4,8,13,13,11,20,13,23,31
01_13_12_04_0601.bmp,0,12,4,8,13,13,11,20,13,13,31
01_13_12_04_0603.bmp,0,12,4,8,13,13,11,13,13,13,13
01_13_12_04_0606.bmp,0,12,4,8,13,13,11,25,13,13,13
01_13_12_04_0607.bmp,0,12,4,8,13,13,11,25,13,13,13
01_13_12_04_0608.bmp,0,12,4,8,13,13,11,20,13,13,13
01_13_12_04_0611.bmp,0,12,4,8,13,13,11,25,13,13,13
01_13_12_04_0617.bmp,0,12,4,8,13,13,13,25,13,13,13
01_13_12_04_0619.bmp,0,12,4,8,13,13,11,25,13,13,13
01_13_12_04_0622.bmp,0,12,4,8,13,13,13,25,13,13,13
01_03_12_05_0005.bmp,0,12,5,8,9,11,11,25,1,35,31
01_03_12_05_0006.bmp,0,12,5,8,9,13,11,23,13,13,13
01_03_12_05_0008.bmp,0,12,5,8,9,13,11,2,13,13,31
01_03_12_05_0009.bmp,0,12,5,8,9,13,16,2,13,12,16
01_03_12_05_0014.bmp,0,12,5,8,9,13,16,12,13,13,13
01_03_12_05_0015.bmp,0,12,5,8,9,16,32,25,13,13,16
01_03_12_05_0024.bmp,0,12,5,8,9,13,16,0,13,25,13
01_03_12_05_0028.bmp,0,12,5,8,9,13,16,25,13,40,13
01_03_12_05_0032.bmp,0,12,5,8,9,13,13,23,13,40,13
01_03_12_05_0038.bmp,0,12,5,8,9,13,13,2,13,4,13
01_03_12_05_0039.bmp,0,12,5,8,9,13,13,23,13,13,13
01_03_12_05_0040.bmp,0,12,5,8,9,13,13,25,13,41,13
01_03_12_05_0043.bmp,0,12,5,8,9,13,13,25,13,13,13
01_03_12_05_0045.bmp,0,12,5,8,9,13,13,25,13,41,13
01_03_12_05_0046.bmp,0,12,5,8,9,13,13,25,13,13,13
01_03_12_05_0048.bmp,0,12,5,8,9,13,13,23,13,13,13
01_03_12_05_0051.bmp,0,12,5,8,9,13,13,25,13,14,13
01_03_12_05_0055.bmp,0,12,5,8,9,13,13,25,13,13,13
01_03_12_05_0056.bmp,0,12,5,8,9,13,32,25,13,40,15
01_03_12_05_0059.bmp,0,12,5,8,9,13,11,25,13,13,13
01_03_12_05_0063.bmp,0,12,5,8,9,13,11,25,13,39,13
01_03_12_05_0064.bmp,0,12,5,8,9,13,13,25,13,25,13
01_03_12_05_0066.bmp,0,12,5,8,9,13,11,25,13,4,13
01_03_12_05_0069.bmp,0,12,5,8,9,13,13,2,13,4,13
01_03_12_05_0072.bmp,0,12,5,8,9,13,13,23,13,25,13
01_03_12_05_0073.bmp,0,12,5,8,9,13,13,23,13,4,13
01_03_12_05_0079.bmp,0,12,5,8,9,13,13,2,13,25,13
01_03_12_05_0082.bmp,0,12,5,8,9,13,13,25,13,14,13
01_03_12_05_0085.bmp,0,12,5,8,9,13,13,23,25,25,13
01_06_12_05_0001.bmp,0,12,5,8,14,11,11,20,25,40,32
01_06_12_05_0001.bmp,1,12,5,8,14,11,11,12,12,12,11
01_06_12_05_0002.bmp,1,12,5,8,14,11,11,0,12,12,11
01_06_12_05_0005.bmp,1,12,5,8,14,11,11,12,12,1,11
01_06_12_05_0006.bmp,0,12,5,8,14,25,11,20,25,25,32
01_06_12_05_0006.bmp,1,12,5,8,14,11,11,2,12,40,11
01_06_12_05_0007.bmp,1,12,5,8,14,11,11,2,12,40,11
01_06_12_05_0009.bmp,0,12,5,8,14,25,11,20,25,14,1
01_06_12_05_0009.bmp,1,12,5,8,14,11,11,40,12,40,11
01_06_12_05_0011.bmp,0,12,5,8,14,25,11,25,25,25,1
01_06_12_05_0011.bmp,1,12,5,8,14,11,11,2,12,25,11
01_06_12_05_0012.bmp,0,12,5,8,14,1,11,25,25,25,1
01_06_12_05_0012.bmp,1,12,5,8,14,11,11,20,12,12,11
01_06_12_05_0014.bmp,0,12,5,8,14,25,11,25,25,25,25
01_06_12_05_0014.bmp,1,12,5,8,14,11,11,40,12,40,11
01_06_12_05_0015.bmp,1,12,5,8,14,11,11,20,12,14,11
01_06_12_05_0016.bmp,0,12,5,8,14,25,11,25,25,25,25
01_06_12_05_0017.bmp,0,12,5,8,14,25,11,25,25,25,25
01_06_12_05_0017.bmp,1,12,5,8,14,11,11,2,12,11,11
01_06_12_05_0019.bmp,0,12,5,8,14,25,11,25,25,25,25
01_06_12_05_0019.bmp,1,12,5,8,14,11,11,20,12,26,11
01_06_12_05_0025.bmp,1,12,5,8,14,11,11,20,12,23,12
01_06_12_05_0026.bmp,1,12,5,8,14,11,11,20,12,20,11
01_06_12_05_0029.bmp,0,12,5,8,14,25,1,25,25,25,25
01_06_12_05_0030.bmp,0,12,5,8,14,25,1,25,25,25,25
01_06_12_05_0033.bmp,0,12,5,8,14,25,1,25,25,25,25
01_06_12_05_0033.bmp,1,12,5,8,14,11,31,0,11,25,31
01_06_12_05_0034.bmp,1,12,5,8,14,32,32,42,25,14,36
01_06_12_05_0037.bmp,1,12,5,8,14,32,32,0,11,1,36
01_06_12_05_0038.bmp,0,12,5,8,14,25,25,25,25,14,25
01_06_12_05_0038.bmp,1,12,5,8,14,11,11,0,25,40,36
01_06_12_05_0039.bmp,0,12,5,8,14,25,25,24,25,14,25
01_06_12_05_0039.bmp,1,12,5,8,14,12,11,25,25,25,36
01_06_12_05_0043.bmp,0,12,5,8,14,25,25,25,25,14,25
01_06_12_05_0046.bmp,0,12,5,8,14,11,32,0,25,25,31
01_06_12_05_0048.bmp,0,12,5,8,14,32,32,0,25,26,31
01_06_12_05_0050.bmp,0,12,5,8,14,12,32,20,25,25,31
01_06_12_05_0057.bmp,0,12,5,8,14,25,11,25,25,14,36
01_06_12_05_0061.bmp,0,12,5,8,14,25,32,25,25,2,36
01_06_12_05_0062.bmp,0,12,5,8,14,25,32,25,25,14,36
01_06_12_05_0064.bmp,0,12,5,8,14,25,32,23,25,41,36
01_06_12_05_0065.bmp,0,12,5,8,14,25,32,25,25,14,32
01_06_12_05_0069.bmp,0,12,5,8,14,25,32,23,25,14,32
01_06_12_05_0071.bmp,0,12,5,8,14,25,32,25,25,40,13
01_06_12_05_0072.bmp,0,12,5,8,14,25,32,24,25,24,13
01_06_12_05_0073.bmp,0,12,5,8,14,25,32,25,25,25,25
01_06_12_05_0076.bmp,0,12,5,8,14,25,1,24,25,14,25
01_06_12_05_0077.bmp,0,12,5,8,14,25,25,24,25,14,25
01_06_12_05_0078.bmp,0,12,5,8,14,25,11,25,25,14,25
01_06_12_05_0080.bmp,0,12,5,8,14,25,25,24,25,14,25
01_06_12_05_0082.bmp,0,12,5,8,14,25,25,25,25,14,25
01_06_12_05_0083.bmp,0,12,5,8,14,25,25,25,25,14,25
01_06_12_05_0084.bmp,0,12,5,8,14,25,25,2,25,25,25
01_11_12_05_0001.bmp,0,12,5,8,12,10,11,0,10,34,31
01_11_12_05_0005.bmp,0,12,5,8,12,31,31,6,13,4,31
01_11_12_05_0009.bmp,0,12,5,8,12,31,31,0,13,35,31
01_11_12_05_0015.bmp,0,12,5,8,12,10,11,42,11,40,12
01_11_12_05_0017.bmp,0,12,5,8,12,11,11,0,11,1,32
01_11_12_05_0018.bmp,0,12,5,8,12,18,11,0,18,11,32
01_11_12_05_0021.bmp,0,12,5,8,12,11,11,12,25,11,11
01_11_12_05_0023.bmp,0,12,5,8,12,11,11,20,11,40,31
01_11_12_05_0026.bmp,0,12,5,8,12,11,11,42,11,18,32
01_11_12_05_0028.bmp,0,12,5,8,12,11,11,42,11,35,31
01_11_12_05_0029.bmp,0,12,5,8,12,11,11,11,11,37,31
01_11_12_05_0035.bmp,0,12,5,8,12,13,11,13,25,35,11
01_11_12_05_0036.bmp,0,12,5,8,12,25,11,25,25,26,13
01_11_12_05_0038.bmp,0,12,5,8,12,1,11,11,11,40,13
01_11_12_05_0039.bmp,0,12,5,8,12,11,11,11,25,26,11
01_11_12_05_0040.bmp,0,12,5,8,12,11,11,20,25,18,11
01_11_12_05_0045.bmp,0,12,5,8,12,1,11,20,1,13,32
01_11_12_05_0048.bmp,0,12,5,8,12,1,11,18,1,40,32
01_11_12_05_0049.bmp,0,12,5,8,12,11,11,11,11,1,11
01_11_12_05_0052.bmp,0,12,5,8,12,1,11,20,11,40,11
01_11_12_05_0053.bmp,0,12,5,8,12,13,11,18,11,13,13
01_11_12_05_0054.bmp,0,12,5,8,12,13,11,18,25,1,13
01_11_12_05_0056.bmp,0,12,5,8,12,13,11,18,25,13,13
01_11_12_05_0058.bmp,0,12,5,8,12,13,11,18,1,13,13
01_11_12_05_0059.bmp,0,12,5,8,12,1,11,18,11,13,13
01_11_12_05_0060.bmp,0,12,5,8,12,11,11,13,11,1,13
01_11_12_05_0061.bmp,0,12,5,8,12,13,11,25,11,1,13
01_11_12_05_0062.bmp,0,12,5,8,12,13,11,25,13,24,13
01_11_12_05_0064.bmp,0,12,5,8,12,11,11,18,11,40,13
01_11_12_05_0066.bmp,0,12,5,8,12,13,11,25,25,40,13
01_11_12_05_0069.bmp,0,12,5,8,12,11,11,18,25,26,13
01_11_12_05_0071.bmp,0,12,5,8,12,25,11,18,25,13,13
01_11_12_05_0073.bmp,0,12,5,8,12,25,11,25,25,26,32
01_11_12_05_0079.bmp,0,12,5,8,12,25,1,18,25,13,25
01_11_12_05_0080.bmp,0,12,5,8,12,32,32,25,25,14,32
01_12_12_05_0001.bmp,0,12,5,8,17,13,11,20,11,25,31
01_12_12_05_0002.bmp,0,12,5,8,17,13,11,20,11,26,17
01_12_12_05_0002.bmp,1,12,5,8,17,11,11,23,12,40,12
01_12_12_05_0003.bmp,0,12,5,8,17,11,11,19,11,17,31
01_12_12_05_0005.bmp,0,12,5,8,17,11,11,0,11,17,17
01_12_12_05_0006.bmp,0,12,5,8,17,13,11,20,13,13,17
01_12_12_05_0007.bmp,0,12,5,8,17,13,11,19,13,17,17
01_12_12_05_0009.bmp,1,12,5,8,17,11,11,42,12,25,12
01_12_12_05_0015.bmp,0,12,5,8,17,25,11,23,25,26,17
01_12_12_05_0016.bmp,0,12,5,8,17,13,11,23,13,17,17
01_12_12_05_0017.bmp,0,12,5,8,17,13,13,23,25,17,17
01_12_12_05_0017.bmp,1,12,5,8,17,11,11,11,12,7,11
01_12_12_05_0019.bmp,0,12,5,8,17,13,11,23,25,13,17
01_12_12_05_0019.bmp,1,12,5,8,17,11,12,12,12,40,11
01_12_12_05_0020.bmp,0,12,5,8,17,13,11,19,13,40,17
01_12_12_05_0020.bmp,1,12,5,8,17,11,11,11,12,25,11
01_12_12_05_0023.bmp,1,12,5,8,17,11,11,42,12,23,11
01_12_12_05_0026.bmp,0,12,5,8,17,10,11,23,17,14,17
01_12_12_05_0027.bmp,1,12,5,8,17,11,12,12,12,40,11
01_12_12_05_0030.bmp,0,12,5,8,17,11,32,20,25,25,31
01_12_12_05_0031.bmp,1,12,5,8,17,11,11,12,12,12,11
01_12_12_05_0032.bmp,1,12,5,8,17,11,11,42,12,18,11
01_12_12_05_0033.bmp,0,12,5,8,17,11,11,25,25,25,31
01_12_12_05_0034.bmp,0,12,5,8,17,13,11,25,25,14,31
01_12_12_05_0034.bmp,1,12,5,8,17,11,11,1,12,40,11
01_12_12_05_0035.bmp,1,12,5,8,17,11,11,11,12,11,11
01_12_12_05_0036.bmp,1,12,5,8,17,11,12,42,12,40,11
01_12_12_05_0037.bmp,1,12,5,8,17,11,12,42,12,25,11
01_12_12_05_0040.bmp,0,12,5,8,17,13,11,13,25,25,36
01_12_12_05_0040.bmp,1,12,5,8,17,11,11,12,12,25,11
01_12_12_05_0041.bmp,0,12,5,8,17,25,11,23,25,14,36
01_12_12_05_0041.bmp,1,12,5,8,17,11,11,11,12,26,11
01_12_12_05_0042.bmp,0,12,5,8,17,13,11,13,25,23,36
01_12_12_05_0043.bmp,1,12,5,8,17,11,11,12,12,25,11
01_12_12_05_0044.bmp,0,12,5,8,17,11,11,42,12,26,11
01_12_12_05_0045.bmp,0,12,5,8,17,11,12,42,12,4,12
01_12_12_05_0047.bmp,0,12,5,8,17,11,11,11,12,25,11
01_12_12_05_0052.bmp,0,12,5,8,17,11,11,12,12,12,11
01_12_12_05_0053.bmp,0,12,5,8,17,11,12,12,12,39,11
01_12_12_05_0054.bmp,0,12,5,8,17,11,11,11,12,12,11
01_12_12_05_0058.bmp,0,12,5,8,17,11,11,40,12,12,12
01_12_12_05_0067.bmp,0,12,5,8,17,11,11,20,12,40,11
01_12_12_05_0068.bmp,0,12,5,8,17,11,11,20,12,26,11
01_12_12_05_0069.bmp,0,12,5,8,17,11,11,0,12,25,11
01_12_12_05_0074.bmp,0,12,5,8,17,11,11,20,12,11,11
01_12_12_05_0076.bmp,0,12,5,8,17,11,11,20,12,40,11
01_12_12_05_0077.bmp,0,12,5,8,17,11,11,20,12,25,11
01_12_12_05_0079.bmp,0,12,5,8,17,11,11,0,12,40,12
01_12_12_05_0080.bmp,0,12,5,8,17,11,11,20,12,11,11
01_12_12_05_0083.bmp,0,12,5,8,17,11,11,20,12,2,11
01_12_12_05_0086.bmp,0,12,5,8,17,11,11,25,12,40,11
01_12_12_05_0087.bmp,0,12,5,8,17,11,11,20,12,26,12
01_12_12_05_0089.bmp,0,12,5,8,17,11,11,20,12,38,11
01_12_12_05_0090.bmp,0,12,5,8,17,11,11,20,12,12,11
01_12_12_05_0092.bmp,0,12,5,8,17,11,11,20,12,40,11
01_12_12_05_0093.bmp,0,12,5,8,17,11,11,20,12,40,11
01_12_12_05_0106.bmp,0,12,5,8,17,11,11,20,11,12,11
01_12_12_05_0111.bmp,0,12,5,8,17,11,11,25,11,25,11
01_12_12_05_0112.bmp,0,12,5,8,17,11,11,20,11,25,11
01_12_12_05_0116.bmp,0,12,5,8,17,10,11,20,10,26,19
01_13_12_05_0001.bmp,0,12,5,8,13,11,11,12,12,11,11
01_13_12_05_0001.bmp,1,12,5,8,13,11,11,20,11,40,11
01_13_12_05_0004.bmp,1,12,5,8,13,10,11,20,11,25,11
01_13_12_05_0007.bmp,0,12,5,8,13,12,12,25,12,12,12
01_13_12_05_0007.bmp,1,12,5,8,13,11,11,20,11,14,11
01_13_12_05_0009.bmp,0,12,5,8,13,11,11,12,12,26,12
01_13_12_05_0009.bmp,1,12,5,8,13,11,11,20,11,40,13
01_13_12_05_0010.bmp,0,12,5,8,13,11,11,12,12,25,12
01_13_12_05_0016.bmp,0,12,5,8,13,11,11,12,12,40,11
01_13_12_05_0017.bmp,1,12,5,8,13,11,11,2,13,13,13
01_13_12_05_0019.bmp,0,12,5,8,13,11,11,25,12,40,12
01_13_12_05_0019.bmp,1,12,5,8,13,13,11,20,13,13,13
01_13_12_05_0021.bmp,0,12,5,8,13,11,12,12,12,11,11
01_13_12_05_0022.bmp,0,12,5,8,13,11,11,12,12,40,11
01_13_12_05_0023.bmp,1,12,5,8,13,13,11,20,13,13,13
01_13_12_05_0024.bmp,0,12,5,8,13,11,11,6,12,25,12
01_13_12_05_0024.bmp,1,12,5,8,13,13,11,13,13,13,13
01_13_12_05_0025.bmp,0,12,5,8,13,11,11,12,12,25,12
01_13_12_05_0027.bmp,0,12,5,8,13,11,11,11,12,12,12
01_13_12_05_0028.bmp,1,12,5,8,13,13,11,13,13,13,13
01_13_12_05_0029.bmp,1,12,5,8,13,13,13,13,13,13,13
01_13_12_05_0030.bmp,0,12,5,8,13,11,11,25,12,12,11
01_13_12_05_0030.bmp,1,12,5,8,13,13,13,13,13,13,13
01_13_12_05_0031.bmp,0,12,5,8,13,11,11,12,12,11,11
01_13_12_05_0031.bmp,1,12,5,8,13,13,13,13,13,1,13
01_13_12_05_0032.bmp,0,12,5,8,13,11,11,25,12,18,11
01_13_12_05_0036.bmp,1,12,5,8,13,13,13,25,13,13,13
01_13_12_05_0037.bmp,0,12,5,8,13,11,11,1,12,12,11
01_13_12_05_0037.bmp,1,12,5,8,13,13,13,13,13,13,13
01_13_12_05_0038.bmp,0,12,5,8,13,11,12,0,12,40,12
01_13_12_05_0038.bmp,1,12,5,8,13,13,13,13,13,13,13
01_13_12_05_0041.bmp,0,12,5,8,13,11,11,20,12,23,11
01_13_12_05_0043.bmp,1,12,5,8,13,13,13,2,13,13,13
01_13_12_05_0045.bmp,1,12,5,8,13,13,13,13,13,13,13
01_13_12_05_0049.bmp,0,12,5,8,13,11,11,20,12,25,12
01_13_12_05_0050.bmp,0,12,5,8,13,11,11,20,12,40,12
01_13_12_05_0050.bmp,1,12,5,8,13,13,13,13,13,13,13
01_13_12_05_0052.bmp,1,12,5,8,13,13,13,13,13,13,13
01_13_12_05_0053.bmp,0,12,5,8,13,11,11,20,12,25,12
01_13_12_05_0053.bmp,1,12,5,8,13,13,13,13,13,13,13
01_13_12_05_0054.bmp,0,12,5,8,13,11,11,20,12,25,12
01_13_12_05_0055.bmp,1,12,5,8,13,13,13,13,13,13,13
01_13_12_05_0059.bmp,0,12,5,8,13,11,11,20,12,40,12
01_13_12_05_0060.bmp,1,12,5,8,13,13,13,13,13,13,13
01_13_12_05_0062.bmp,1,12,5,8,13,13,13,2,13,25,13
01_13_12_05_0066.bmp,0,12,5,8,13,11,11,19,11,25,11
01_13_12_05_0070.bmp,1,12,5,8,13,11,11,40,12,1,12
01_13_12_05_0072.bmp,1,12,5,8,13,11,12,11,12,35,11
01_13_12_05_0075.bmp,0,12,5,8,13,11,11,25,11,23,11
01_13_12_05_0075.bmp,1,12,5,8,13,11,11,25,12,11,11
01_13_12_05_0076.bmp,1,12,5,8,13,11,11,12,12,12,11
01_13_12_05_0080.bmp,0,12,5,8,13,11,11,13,11,13,13
01_13_12_05_0081.bmp,1,12,5,8,13,11,11,2,12,1,11
01_13_12_05_0082.bmp,0,12,5,8,13,13,11,20,11,2,13
01_13_12_05_0083.bmp,0,12,5,8,13,13,11,25,11,13,13
01_13_12_05_0084.bmp,1,12,5,8,13,11,11,25,12,26,11
01_13_12_05_0086.bmp,0,12,5,8,13,13,11,13,13,40,13
01_13_12_05_0088.bmp,1,12,5,8,13,11,12,2,12,11,12
01_13_12_05_0089.bmp,0,12,5,8,13,13,11,25,13,13,13
01_13_12_05_0090.bmp,1,12,5,8,13,11,11,2,12,25,11
01_13_12_05_0091.bmp,0,12,5,8,13,11,11,25,13,13,13
01_13_12_05_0091.bmp,1,12,5,8,13,11,11,23,12,40,11
01_13_12_05_0092.bmp,0,12,5,8,13,13,11,25,11,13,13
01_13_12_05_0093.bmp,0,12,5,8,13,13,11,25,13,2,13
01_13_12_05_0093.bmp,1,12,5,8,13,11,11,40,12,40,11
01_13_12_05_0095.bmp,1,12,5,8,13,11,11,0,12,40,12
01_13_12_05_0098.bmp,0,12,5,8,13,13,11,13,13,13,13
01_13_12_05_0101.bmp,0,12,5,8,13,13,13,13,13,13,13
01_13_12_05_0101.bmp,1,12,5,8,13,11,11,0,12,40,11
01_13_12_05_0104.bmp,0,12,5,8,13,13,13,13,13,13,13
01_13_12_05_0106.bmp,1,12,5,8,13,11,11,20,12,25,12
01_13_12_05_0108.bmp,1,12,5,8,13,11,11,20,12,12,11
01_13_12_05_0109.bmp,0,12,5,8,13,13,13,13,13,13,13
01_13_12_05_0111.bmp,1,12,5,8,13,11,11,40,12,11,11
01_13_12_05_0113.bmp,0,12,5,8,13,13,13,25,13,13,13
01_13_12_05_0113.bmp,1,12,5,8,13,11,11,20,12,12,11
01_13_12_05_0114.bmp,1,12,5,8,13,11,11,20,12,25,12
01_13_12_05_0115.bmp,0,12,5,8,13,11,11,25,12,40,11
01_13_12_05_0116.bmp,1,12,5,8,13,11,11,20,12,40,11
01_13_12_05_0117.bmp,1,12,5,8,13,11,11,20,12,12,11
01_13_12_05_0119.bmp,1,12,5,8,13,11,11,20,12,1,11
01_13_12_05_0120.bmp,1,12,5,8,13,11,11,20,12,40,11
01_13_12_05_0121.bmp,1,12,5,8,13,11,11,20,12,12,11
01_13_12_05_0122.bmp,0,12,5,8,13,11,11,20,12,25,12
01_13_12_05_0125.bmp,0,12,5,8,13,11,11,19,12,40,11
01_13_12_05_0128.bmp,0,12,5,8,13,11,11,20,12,25,12
01_13_12_05_0128.bmp,1,12,5,8,13,11,11,20,12,2,12
01_13_12_05_0130.bmp,1,12,5,8,13,11,11,20,12,40,12
01_13_12_05_0131.bmp,0,12,5,8,13,11,11,20,12,40,12
01_13_12_05_0131.bmp,1,12,5,8,13,11,11,20,12,25,12
01_13_12_05_0132.bmp,0,12,5,8,13,11,11,20,12,40,12
01_13_12_05_0132.bmp,1,12,5,8,13,11,11,20,12,25,12
01_13_12_05_0134.bmp,1,12,5,8,13,11,11,20,12,2,12
01_13_12_05_0136.bmp,0,12,5,8,13,11,11,20,12,40,12
01_13_12_05_0137.bmp,0,12,5,8,13,11,11,20,11,40,12
01_13_12_05_0137.bmp,1,12,5,8,13,11,11,20,12,25,12
01_13_12_05_0138.bmp,1,12,5,8,13,11,11,20,12,40,12
01_13_12_05_0139.bmp,1,12,5,8,13,11,11,25,12,25,12
01_13_12_05_0140.bmp,1,12,5,8,13,11,11,25,12,26,12
01_13_12_05_0141.bmp,1,12,5,8,13,11,11,25,12,26,12
01_13_12_05_0146.bmp,1,12,5,8,13,11,11,20,12,26,12
01_13_12_05_0148.bmp,0,12,5,8,13,11,11,20,11,25,31
01_13_12_05_0149.bmp,1,12,5,8,13,11,11,20,12,25,12
01_13_12_05_0150.bmp,0,12,5,8,13,11,11,25,11,24,31
01_13_12_05_0151.bmp,0,12,5,8,13,11,11,25,11,13,31
01_13_12_05_0151.bmp,1,12,5,8,13,11,11,20,12,40,12
01_13_12_05_0153.bmp,0,12,5,8,13,11,11,25,1,26,31
01_13_12_05_0155.bmp,0,12,5,8,13,11,11,25,1,40,31
01_13_12_05_0155.bmp,1,12,5,8,13,11,11,25,12,40,12
01_13_12_05_0156.bmp,0,12,5,8,13,1,11,25,1,25,31
01_13_12_05_0157.bmp,0,12,5,8,13,13,11,25,13,25,31
01_13_12_05_0160.bmp,0,12,5,8,13,13,11,25,13,14,31
01_13_12_05_0161.bmp,1,12,5,8,13,11,11,25,12,12,12
01_13_12_05_0164.bmp,0,12,5,8,13,13,13,25,13,13,13
01_13_12_05_0165.bmp,1,12,5,8,13,11,11,25,12,2,12
01_13_12_05_0168.bmp,0,12,5,8,13,11,11,25,12,12,11
01_13_12_05_0169.bmp,0,12,5,8,13,11,12,42,12,40,16
01_13_12_05_0170.bmp,0,12,5,8,13,11,11,1,12,40,12
01_13_12_05_0170.bmp,1,12,5,8,13,11,11,25,12,40,12
01_13_12_05_0171.bmp,0,12,5,8,13,11,11,42,12,1,11
01_13_12_05_0172.bmp,1,12,5,8,13,11,11,25,12,25,12
01_13_12_05_0174.bmp,0,12,5,8,13,11,11,42,12,23,11
01_13_12_05_0174.bmp,1,12,5,8,13,11,11,20,12,40,12
01_13_12_05_0176.bmp,0,12,5,8,13,11,11,42,12,35,11
01_13_12_05_0177.bmp,0,12,5,8,13,11,12,11,12,40,11
01_13_12_05_0179.bmp,1,12,5,8,13,11,11,25,12,25,12
01_13_12_05_0181.bmp,1,12,5,8,13,11,11,25,12,25,12
01_13_12_05_0182.bmp,1,12,5,8,13,11,11,20,12,39,12
01_13_12_05_0183.bmp,0,12,5,8,13,11,12,1,12,12,12
01_13_12_05_0185.bmp,1,12,5,8,13,11,11,25,12,23,12
01_13_12_05_0186.bmp,0,12,5,8,13,11,11,12,12,40,11
01_13_12_05_0187.bmp,0,12,5,8,13,11,11,1,12,12,12
01_13_12_05_0190.bmp,0,12,5,8,13,11,11,1,12,25,11
01_13_12_05_0194.bmp,0,12,5,8,13,11,11,12,12,25,11
01_13_12_05_0198.bmp,0,12,5,8,13,11,11,11,12,11,11
01_13_12_05_0199.bmp,1,12,5,8,13,11,11,25,12,13,12
01_13_12_05_0201.bmp,1,12,5,8,13,11,11,20,12,12,12
01_13_12_05_0202.bmp,0,12,5,8,13,11,11,42,12,40,11
01_13_12_05_0204.bmp,0,12,5,8,13,11,12,25,12,25,12
01_13_12_05_0204.bmp,1,12,5,8,13,11,11,25,12,23,12
01_13_12_05_0205.bmp,0,12,5,8,13,11,11,25,12,40,11
01_13_12_05_0205.bmp,1,12,5,8,13,11,11,25,12,25,12
01_13_12_05_0206.bmp,1,12,5,8,13,11,11,25,12,40,12
01_13_12_05_0210.bmp,0,12,5,8,13,11,11,25,11,40,31
01_13_12_05_0211.bmp,1,12,5,8,13,11,11,25,12,23,12
01_13_12_05_0212.bmp,0,12,5,8,13,11,12,20,11,25,12
01_13_12_05_0213.bmp,0,12,5,8,13,11,12,20,11,40,11
01_13_12_05_0213.bmp,1,12,5,8,13,11,11,25,12,40,12
01_13_12_05_0216.bmp,0,12,5,8,13,11,11,20,1,40,31
01_13_12_05_0217.bmp,0,12,5,8,13,11,11,20,11,39,31
01_13_12_05_0217.bmp,1,12,5,8,13,11,11,20,12,40,12
01_13_12_05_0218.bmp,0,12,5,8,13,11,11,40,11,25,31
01_13_12_05_0220.bmp,0,12,5,8,13,13,11,40,1,40,31
01_13_12_05_0220.bmp,1,12,5,8,13,11,11,20,12,40,12
01_13_12_05_0221.bmp,0,12,5,8,13,13,11,20,13,40,31
01_13_12_05_0221.bmp,1,12,5,8,13,11,11,20,12,25,12
01_13_12_05_0226.bmp,0,12,5,8,13,13,11,40,13,13,31
01_13_12_05_0228.bmp,0,12,5,8,13,13,11,25,13,13,31
01_13_12_05_0228.bmp,1,12,5,8,13,11,11,25,12,40,12
01_13_12_05_0229.bmp,0,12,5,8,13,13,11,25,13,25,31
01_13_12_05_0229.bmp,1,12,5,8,13,11,11,25,12,40,12
01_13_12_05_0230.bmp,1,12,5,8,13,11,11,25,12,40,12
01_13_12_05_0232.bmp,0,12,5,8,13,13,11,25,13,13,13
01_13_12_05_0232.bmp,1,12,5,8,13,11,11,25,12,25,12
01_13_12_05_0233.bmp,1,12,5,8,13,11,11,25,12,40,12
01_13_12_05_0234.bmp,1,12,5,8,13,11,11,20,12,2,12
01_13_12_05_0236.bmp,1,12,5,8,13,11,11,20,12,25,12
01_13_12_05_0237.bmp,1,12,5,8,13,11,11,25,12,25,12
01_13_12_05_0238.bmp,0,12,5,8,13,13,13,13,13,13,13
01_13_12_05_0240.bmp,0,12,5,8,13,13,13,13,13,13,13
01_13_12_05_0241.bmp,1,12,5,8,13,11,11,25,12,40,12
01_13_12_05_0242.bmp,1,12,5,8,13,11,11,25,12,12,12
01_13_12_05_0244.bmp,1,12,5,8,13,11,11,25,12,25,12
01_13_12_05_0248.bmp,0,12,5,8,13,13,13,13,13,13,13
01_13_12_05_0249.bmp,0,12,5,8,13,13,13,13,13,13,13
01_13_12_05_0249.bmp,1,12,5,8,13,11,11,25,12,25,12
01_13_12_05_0250.bmp,0,12,5,8,13,13,13,13,13,13,13
01_13_12_05_0250.bmp,1,12,5,8,13,11,11,25,12,25,12
01_13_12_05_0252.bmp,0,12,5,8,13,13,13,13,13,13,13
01_13_12_05_0252.bmp,1,12,5,8,13,11,11,25,12,40,12
01_13_12_05_0254.bmp,0,12,5,8,13,13,13,13,13,13,13
01_13_12_05_0255.bmp,0,12,5,8,13,13,13,13,13,13,13
01_13_12_05_0256.bmp,0,12,5,8,13,13,13,13,13,13,13
01_13_12_05_0257.bmp,0,12,5,8,13,13,13,13,13,13,13
01_13_12_05_0258.bmp,0,12,5,8,13,13,13,13,13,13,13
01_13_12_05_0259.bmp,0,12,5,8,13,13,13,13,13,13,13
01_13_12_05_0260.bmp,1,12,5,8,13,11,11,20,12,40,12
01_13_12_05_0261.bmp,0,12,5,8,13,13,13,13,13,13,13
01_13_12_05_0262.bmp,1,12,5,8,13,11,11,20,12,12,12
01_13_12_05_0264.bmp,0,12,5,8,13,13,13,23,13,13,13
01_13_12_05_0266.bmp,1,12,5,8,13,11,11,20,12,11,12
01_13_12_05_0267.bmp,0,12,5,8,13,13,13,13,13,13,13
01_13_12_05_0267.bmp,1,12,5,8,13,11,11,25,12,13,12
01_13_12_05_0268.bmp,0,12,5,8,13,13,13,13,13,13,13
01_13_12_05_0270.bmp,0,12,5,8,13,11,11,25,12,40,12
01_13_12_05_0271.bmp,0,12,5,8,13,11,11,25,12,40,12
01_13_12_05_0275.bmp,0,12,5,8,13,11,11,25,12,40,12
01_13_12_05_0276.bmp,0,12,5,8,13,11,11,20,12,39,12
01_13_12_05_0277.bmp,0,12,5,8,13,11,11,25,12,40,12
01_13_12_05_0279.bmp,0,12,5,8,13,11,11,25,12,25,12
01_13_12_05_0280.bmp,0,12,5,8,13,11,11,20,12,12,12
01_13_12_05_0282.bmp,0,12,5,8,13,11,11,25,12,25,12
01_13_12_05_0284.bmp,0,12,5,8,13,11,11,25,12,2,12
01_13_12_05_0285.bmp,0,12,5,8,13,11,11,25,12,25,12
01_13_12_05_0290.bmp,0,12,5,8,13,11,11,25,12,40,12
01_13_12_05_0292.bmp,0,12,5,8,13,11,11,25,12,40,12
01_13_12_05_0294.bmp,0,12,5,8,13,11,11,25,12,25,12
01_13_12_05_0295.bmp,0,12,5,8,13,11,11,25,12,12,12
01_13_12_05_0297.bmp,0,12,5,8,13,11,11,20,12,25,12
01_13_12_05_0298.bmp,0,12,5,8,13,11,11,20,12,25,12
01_13_12_05_0300.bmp,0,12,5,8,13,11,11,20,12,7,12
01_13_12_05_0301.bmp,0,12,5,8,13,11,11,25,12,25,12
01_13_12_05_0304.bmp,0,12,5,8,13,11,11,25,12,40,12
01_13_12_05_0307.bmp,0,12,5,8,13,11,11,25,12,40,12
01_13_12_05_0309.bmp,0,12,5,8,13,11,11,25,12,40,12
01_13_12_05_0311.bmp,0,12,5,8,13,11,11,25,12,11,12
01_13_12_05_0315.bmp,0,12,5,8,13,11,11,25,12,40,12
01_13_12_05_0316.bmp,0,12,5,8,13,11,11,25,12,25,12
01_13_12_05_0318.bmp,0,12,5,8,13,11,11,25,12,40,12
01_13_12_05_0321.bmp,0,12,5,8,13,11,11,25,12,25,12
01_13_12_05_0327.bmp,0,12,5,8,13,11,11,25,11,25,12
01_13_12_05_0328.bmp,0,12,5,8,13,11,11,25,11,25,12
01_13_12_05_0330.bmp,0,12,5,8,13,11,11,25,11,25,12
01_13_12_05_0334.bmp,0,12,5,8,13,11,11,25,11,13,12
01_13_12_05_0335.bmp,0,12,5,8,13,11,11,25,11,12,12
01_13_12_05_0337.bmp,0,12,5,8,13,11,11,2,11,40,11
01_13_12_05_0340.bmp,0,12,5,8,13,11,11,25,11,13,11
01_13_12_05_0345.bmp,0,12,5,8,13,11,11,25,11,13,11
01_13_12_05_0347.bmp,0,12,5,8,13,11,11,13,13,13,13
01_13_12_05_0356.bmp,0,12,5,8,13,12,11,25,12,25,31
01_13_12_05_0358.bmp,0,12,5,8,13,13,13,20,13,13,13
01_13_12_05_0359.bmp,0,12,5,8,13,13,13,25,13,13,13
01_13_12_05_0360.bmp,0,12,5,8,13,13,13,25,13,13,13
01_13_12_05_0362.bmp,0,12,5,8,13,13,13,13,13,13,13
01_13_12_05_0387.bmp,0,12,5,8,13,11,11,12,12,7,12
01_13_12_05_0390.bmp,0,12,5,8,13,11,12,25,12,12,12
01_13_12_05_0393.bmp,0,12,5,8,13,11,11,12,12,12,11
01_13_12_05_0394.bmp,0,12,5,8,13,11,12,12,12,25,12
01_13_12_05_0397.bmp,0,12,5,8,13,11,11,42,12,40,11
01_13_12_05_0400.bmp,0,12,5,8,13,11,11,42,12,25,11
01_13_12_05_0401.bmp,0,12,5,8,13,11,12,12,12,25,12
01_13_12_05_0407.bmp,0,12,5,8,13,11,11,42,12,12,11
01_13_12_05_0409.bmp,0,12,5,8,13,11,12,12,12,25,11
01_13_12_05_0411.bmp,0,12,5,8,13,11,12,12,12,40,12
01_13_12_05_0416.bmp,0,12,5,8,13,11,11,12,12,13,11
01_13_12_05_0420.bmp,0,12,5,8,13,11,11,11,12,26,11
01_13_12_05_0425.bmp,0,12,5,8,13,11,11,12,12,13,11
01_13_12_05_0430.bmp,0,12,5,8,13,11,11,0,12,11,11
01_13_12_05_0431.bmp,0,12,5,8,13,11,11,12,12,40,12
01_13_12_05_0432.bmp,0,12,5,8,13,11,11,40,12,25,11
01_13_12_05_0437.bmp,0,12,5,8,13,11,12,12,12,25,12
01_13_12_05_0444.bmp,0,12,5,8,13,11,11,12,12,40,11
01_13_12_05_0445.bmp,0,12,5,8,13,11,11,20,12,25,11
01_13_12_05_0448.bmp,0,12,5,8,13,11,11,20,12,25,11
01_13_12_05_0449.bmp,0,12,5,8,13,11,11,0,12,12,12
01_13_12_05_0450.bmp,0,12,5,8,13,11,11,20,12,23,11
01_13_12_05_0452.bmp,0,12,5,8,13,11,11,20,12,25,11
01_13_12_05_0457.bmp,0,12,5,8,13,11,11,40,12,25,12
01_13_12_05_0458.bmp,0,12,5,8,13,11,11,40,12,40,12
01_13_12_05_0459.bmp,0,12,5,8,13,11,11,20,12,40,12
01_13_12_05_0460.bmp,0,12,5,8,13,11,11,2,12,40,11
01_13_12_05_0462.bmp,0,12,5,8,13,11,11,20,12,25,11
01_13_12_05_0466.bmp,0,12,5,8,13,11,11,20,12,25,12
01_13_12_05_0470.bmp,0,12,5,8,13,11,11,20,12,13,12
01_13_12_05_0474.bmp,0,12,5,8,13,11,11,2,12,25,12
01_13_12_05_0477.bmp,0,12,5,8,13,11,11,20,12,25,12
01_13_12_05_0478.bmp,0,12,5,8,13,11,11,25,12,25,12
01_13_12_05_0481.bmp,0,12,5,8,13,11,11,25,12,40,12
01_13_12_05_0484.bmp,0,12,5,8,13,11,11,25,11,38,12
01_13_12_05_0486.bmp,0,12,5,8,13,11,11,25,11,24,12
01_13_12_05_0493.bmp,0,12,5,8,13,11,11,25,11,13,12
01_13_12_05_0496.bmp,0,12,5,8,13,11,11,25,11,40,12
01_13_12_05_0497.bmp,0,12,5,8,13,11,11,25,11,13,13
01_13_12_05_0499.bmp,0,12,5,8,13,11,11,25,11,13,13
01_13_12_05_0501.bmp,0,12,5,8,13,13,11,11,13,13,13
01_13_12_05_0505.bmp,0,12,5,8,13,13,11,25,13,13,13
01_13_12_05_0506.bmp,0,12,5,8,13,13,11,25,13,13,13
01_13_12_05_0507.bmp,0,12,5,8,13,13,11,25,13,13,13
01_13_12_05_0508.bmp,0,12,5,8,13,13,13,13,13,13,13
01_13_12_05_0510.bmp,0,12,5,8,13,13,13,13,13,13,13
01_13_12_05_0511.bmp,0,12,5,8,13,13,13,25,13,13,13
01_13_12_05_0512.bmp,0,12,5,8,13,13,13,13,13,13,13
01_13_12_05_0513.bmp,0,12,5,8,13,13,13,25,13,13,13
01_13_12_05_0515.bmp,0,12,5,8,13,13,10,25,25,14,13
01_13_12_05_0516.bmp,0,12,5,8,13,31,11,42,11,40,11
01_13_12_05_0517.bmp,0,12,5,8,13,31,12,12,11,23,31
01_13_12_05_0521.bmp,0,12,5,8,13,31,11,12,11,12,31
01_13_12_05_0524.bmp,0,12,5,8,13,31,12,42,13,40,31
01_13_12_05_0527.bmp,0,12,5,8,13,10,11,25,11,40,31
01_13_12_05_0530.bmp,0,12,5,8,13,31,12,42,13,13,31
01_13_12_05_0535.bmp,0,12,5,8,13,11,11,2,13,13,31
01_13_12_05_0537.bmp,0,12,5,8,13,13,12,20,13,14,13
01_13_12_05_0538.bmp,0,12,5,8,13,31,31,1,13,23,31
01_13_12_05_0540.bmp,0,12,5,8,13,13,11,25,13,13,31
01_13_12_05_0543.bmp,0,12,5,8,13,12,12,12,12,40,12
01_13_12_05_0546.bmp,0,12,5,8,13,31,31,1,11,40,31
01_13_12_05_0550.bmp,0,12,5,8,13,31,31,12,11,11,31
01_13_12_05_0551.bmp,0,12,5,8,13,12,12,12,12,12,31
01_13_12_05_0552.bmp,0,12,5,8,13,31,31,11,11,13,31
01_13_12_05_0555.bmp,0,12,5,8,13,10,11,2,11,25,31
01_13_12_05_0558.bmp,0,12,5,8,13,31,31,25,10,12,31
01_13_12_05_0559.bmp,0,12,5,8,13,13,11,40,13,1,31
01_13_12_05_0563.bmp,0,12,5,8,13,10,11,20,13,40,31
01_13_12_05_0566.bmp,0,12,5,8,13,11,11,23,13,13,31
01_13_12_05_0568.bmp,0,12,5,8,13,31,31,12,10,13,12
01_13_12_05_0570.bmp,0,12,5,8,13,10,31,25,10,25,31
01_13_12_05_0580.bmp,0,12,5,8,13,32,31,42,13,12,31
01_13_12_05_0582.bmp,0,12,5,8,13,12,31,12,13,40,31
01_13_12_05_0585.bmp,0,12,5,8,13,11,11,20,1,25,31
01_13_12_05_0587.bmp,0,12,5,8,13,11,11,20,11,25,31
01_13_12_05_0591.bmp,0,12,5,8,13,11,11,20,11,13,31
01_13_12_05_0592.bmp,0,12,5,8,13,13,11,40,13,13,31
01_13_12_05_0593.bmp,0,12,5,8,13,11,11,20,11,13,31
01_13_12_05_0601.bmp,0,12,5,8,13,11,11,20,1,25,31
01_13_12_05_0602.bmp,0,12,5,8,13,11,11,25,13,14,31
01_13_12_05_0604.bmp,0,12,5,8,13,13,11,20,13,25,31
01_13_12_05_0606.bmp,0,12,5,8,13,13,11,20,13,13,31
01_13_12_05_0612.bmp,0,12,5,8,13,13,11,25,25,13,13
01_13_12_05_0618.bmp,0,12,5,8,13,13,11,25,13,13,13
01_13_12_05_0620.bmp,0,12,5,8,13,13,11,25,13,13,13
01_13_12_05_0621.bmp,0,12,5,8,13,13,11,25,13,13,13
01_13_12_05_0623.bmp,0,12,5,8,13,13,11,13,13,13,13
01_13_12_05_0624.bmp,0,12,5,8,13,13,13,13,13,13,13
01_03_09_03_0006.bmp,0,9,3,8,9,11,16,0,25,40,16
01_03_09_03_0008.bmp,0,9,3,8,9,11,16,40,11,11,16
01_03_09_03_0009.bmp,0,9,3,8,9,13,16,0,13,40,32
01_03_09_03_0011.bmp,0,9,3,8,9,13,16,25,11,40,32
01_03_09_03_0017.bmp,0,9,3,8,9,13,16,25,40,13,32
01_03_09_03_0019.bmp,0,9,3,8,9,11,16,42,11,11,12
01_03_09_03_0020.bmp,0,9,3,8,9,13,16,0,13,11,16
01_03_09_03_0021.bmp,0,9,3,8,9,16,16,42,11,13,16
01_03_09_03_0023.bmp,0,9,3,8,9,32,16,25,12,40,32
01_03_09_03_0024.bmp,0,9,3,8,9,32,16,6,40,13,32
01_03_09_03_0028.bmp,0,9,3,8,9,13,16,40,40,13,32
01_03_09_03_0038.bmp,0,9,3,8,9,13,16,40,40,40,32
01_03_09_03_0040.bmp,0,9,3,8,9,13,13,40,40,13,12
01_03_09_03_0043.bmp,0,9,3,8,9,13,16,25,40,14,12
01_03_09_03_0054.bmp,0,9,3,8,9,13,13,40,40,26,13
01_03_09_03_0055.bmp,0,9,3,8,9,13,13,40,40,40,13
01_03_09_03_0063.bmp,0,9,3,8,9,13,11,20,13,40,13
01_03_09_03_0065.bmp,0,9,3,8,9,13,13,28,13,13,13
01_03_09_03_0075.bmp,0,9,3,8,9,13,13,20,13,13,13
01_03_09_03_0079.bmp,0,9,3,8,9,25,13,20,25,25,13
01_03_09_03_0080.bmp,0,9,3,8,9,25,13,20,13,25,13
01_03_09_03_0081.bmp,0,9,3,8,9,13,13,25,25,24,13
01_03_09_03_0085.bmp,0,9,3,8,9,13,13,25,25,13,13
01_06_09_03_0001.bmp,0,9,3,8,14,13,11,20,13,18,13
01_06_09_03_0003.bmp,1,9,3,8,14,11,11,12,11,11,11
01_06_09_03_0004.bmp,0,9,3,8,14,18,18,28,18,18,18
01_06_09_03_0007.bmp,0,9,3,8,14,13,11,28,18,40,18
01_06_09_03_0007.bmp,1,9,3,8,14,13,12,40,13,18,12
01_06_09_03_0009.bmp,0,9,3,8,14,13,11,13,13,24,18
01_06_09_03_0010.bmp,1,9,3,8,14,11,11,40,11,35,12
01_06_09_03_0014.bmp,1,9,3,8,14,12,12,20,12,40,12
01_06_09_03_0015.bmp,0,9,3,8,14,13,25,2,18,20,18
01_06_09_03_0015.bmp,1,9,3,8,14,13,11,28,13,18,18
01_06_09_03_0016.bmp,0,9,3,8,14,13,11,28,13,40,13
01_06_09_03_0017.bmp,0,9,3,8,14,13,11,28,18,20,18
01_06_09_03_0018.bmp,0,9,3,8,14,18,11,18,18,18,18
01_06_09_03_0020.bmp,1,9,3,8,14,13,11,28,18,13,18
01_06_09_03_0022.bmp,0,9,3,8,14,13,25,24,13,24,13
01_06_09_03_0025.bmp,1,9,3,8,14,11,11,28,11,26,12
01_06_09_03_0026.bmp,0,9,3,8,14,13,11,28,13,28,25
01_06_09_03_0027.bmp,0,9,3,8,14,13,25,28,13,24,13
01_06_09_03_0028.bmp,0,9,3,8,14,25,25,2,40,40,25
01_06_09_03_0028.bmp,1,9,3,8,14,11,11,13,18,40,12
01_06_09_03_0030.bmp,0,9,3,8,14,13,25,2,13,13,13
01_06_09_03_0030.bmp,1,9,3,8,14,13,11,40,13,11,18
01_06_09_03_0032.bmp,1,9,3,8,14,12,31,42,12,40,12
01_06_09_03_0033.bmp,0,9,3,8,14,13,25,13,13,13,13
01_06_09_03_0033.bmp,1,9,3,8,14,12,12,42,12,11,12
01_06_09_03_0035.bmp,0,9,3,8,14,13,25,40,40,24,13
01_06_09_03_0035.bmp,1,9,3,8,14,12,12,42,12,26,12
01_06_09_03_0036.bmp,1,9,3,8,14,12,12,42,35,35,11
01_06_09_03_0037.bmp,0,9,3,8,14,13,25,13,13,7,13
01_06_09_03_0039.bmp,1,9,3,8,14,12,12,6,12,13,12
01_06_09_03_0040.bmp,0,9,3,8,14,13,25,13,40,24,13
01_06_09_03_0041.bmp,0,9,3,8,14,13,25,2,13,24,13
01_06_09_03_0041.bmp,1,9,3,8,14,11,11,42,11,10,12
01_06_09_03_0042.bmp,0,9,3,8,14,25,25,13,40,7,25
01_06_09_03_0043.bmp,1,9,3,8,14,12,12,22,12,1,12
01_06_09_03_0044.bmp,1,9,3,8,14,12,12,28,12,11,12
01_06_09_03_0054.bmp,0,9,3,8,14,11,11,28,11,40,12
01_06_09_03_0055.bmp,0,9,3,8,14,13,11,40,12,13,12
01_06_09_03_0058.bmp,0,9,3,8,14,12,12,40,12,13,12
01_06_09_03_0059.bmp,0,9,3,8,14,11,11,28,12,40,12
01_06_09_03_0061.bmp,0,9,3,8,14,13,11,18,1,18,12
01_06_09_03_0063.bmp,0,9,3,8,14,13,11,28,1,1,18
01_06_09_03_0064.bmp,0,9,3,8,14,13,11,28,18,1,18
01_06_09_03_0067.bmp,0,9,3,8,14,11,11,40,11,40,12
01_06_09_03_0068.bmp,0,9,3,8,14,12,11,18,12,13,12
01_06_09_03_0073.bmp,0,9,3,8,14,13,11,28,40,40,12
01_06_09_03_0075.bmp,0,9,3,8,14,13,11,28,1,24,18
01_06_09_03_0077.bmp,0,9,3,8,14,13,11,40,1,18,18
01_06_09_03_0080.bmp,0,9,3,8,14,18,18,28,40,18,18
01_06_09_03_0081.bmp,0,9,3,8,14,13,11,40,40,7,12
01_06_09_03_0083.bmp,0,9,3,8,14,13,11,40,40,13,12
01_06_09_03_0087.bmp,0,9,3,8,14,25,25,2,13,25,25
01_06_09_03_0089.bmp,0,9,3,8,14,25,25,2,25,25,25
01_11_09_03_0002.bmp,0,9,3,8,12,11,16,42,11,37,11
01_11_09_03_0006.bmp,0,9,3,8,12,12,31,42,12,7,31
01_11_09_03_0007.bmp,0,9,3,8,12,12,12,42,11,40,19
01_11_09_03_0009.bmp,0,9,3,8,12,11,11,42,13,13,11
01_11_09_03_0010.bmp,0,9,3,8,12,11,16,42,11,11,12
01_11_09_03_0011.bmp,0,9,3,8,12,11,31,42,11,26,31
01_11_09_03_0015.bmp,0,9,3,8,12,32,11,42,13,18,12
01_11_09_03_0016.bmp,0,9,3,8,12,11,11,40,11,40,11
01_11_09_03_0017.bmp,0,9,3,8,12,32,11,28,11,18,12
01_11_09_03_0018.bmp,0,9,3,8,12,11,11,42,11,11,11
01_11_09_03_0022.bmp,0,9,3,8,12,11,11,22,11,40,18
01_11_09_03_0026.bmp,0,9,3,8,12,32,11,11,11,18,12
01_11_09_03_0028.bmp,0,9,3,8,12,12,11,40,13,35,12
01_11_09_03_0029.bmp,0,9,3,8,12,12,11,42,11,35,11
01_11_09_03_0030.bmp,0,9,3,8,12,11,11,42,11,40,11
01_11_09_03_0031.bmp,0,9,3,8,12,11,11,40,12,35,32
01_11_09_03_0033.bmp,0,9,3,8,12,12,11,42,40,18,32
01_11_09_03_0037.bmp,0,9,3,8,12,11,11,11,11,1,32
01_11_09_03_0038.bmp,0,9,3,8,12,13,11,42,1,11,11
01_11_09_03_0043.bmp,0,9,3,8,12,32,11,42,13,18,32
01_11_09_03_0048.bmp,0,9,3,8,12,11,11,28,1,1,32
01_11_09_03_0049.bmp,0,9,3,8,12,13,1,11,13,13,1
01_11_09_03_0050.bmp,0,9,3,8,12,18,11,28,18,18,18
01_11_09_03_0058.bmp,0,9,3,8,12,13,13,28,13,13,13
01_11_09_03_0059.bmp,0,9,3,8,12,13,13,11,13,11,13
01_11_09_03_0060.bmp,0,9,3,8,12,13,13,28,13,28,13
01_11_09_03_0061.bmp,0,9,3,8,12,13,13,28,13,28,32
01_11_09_03_0063.bmp,0,9,3,8,12,13,13,18,13,11,32
01_11_09_03_0065.bmp,0,9,3,8,12,13,13,11,13,17,13
01_11_09_03_0068.bmp,0,9,3,8,12,13,13,28,13,13,18
01_11_09_03_0076.bmp,0,9,3,8,12,13,13,13,13,13,13
01_11_09_03_0078.bmp,0,9,3,8,12,13,25,13,13,13,13
01_12_09_03_0004.bmp,0,9,3,8,17,13,13,42,13,13,13
01_12_09_03_0005.bmp,1,9,3,8,17,12,31,42,12,26,12
01_12_09_03_0006.bmp,1,9,3,8,17,12,31,11,13,35,31
01_12_09_03_0007.bmp,0,9,3,8,17,11,11,42,11,11,11
01_12_09_03_0008.bmp,0,9,3,8,17,18,13,40,18,18,17
01_12_09_03_0010.bmp,0,9,3,8,17,11,11,11,11,11,7
01_12_09_03_0010.bmp,1,9,3,8,17,32,31,42,40,40,12
01_12_09_03_0011.bmp,1,9,3,8,17,12,31,11,11,1,31
01_12_09_03_0012.bmp,1,9,3,8,17,12,31,25,12,40,31
01_12_09_03_0013.bmp,1,9,3,8,17,12,31,42,12,18,12
01_12_09_03_0014.bmp,0,9,3,8,17,25,10,28,25,17,17
01_12_09_03_0016.bmp,1,9,3,8,17,32,31,42,11,7,19
01_12_09_03_0017.bmp,0,9,3,8,17,13,13,23,25,18,13
01_12_09_03_0018.bmp,0,9,3,8,17,7,7,20,7,7,7
01_12_09_03_0019.bmp,0,9,3,8,17,25,11,20,25,25,13
01_12_09_03_0019.bmp,1,9,3,8,17,12,31,42,12,40,12
01_12_09_03_0021.bmp,0,9,3,8,17,13,7,40,13,40,13
01_12_09_03_0022.bmp,0,9,3,8,17,25,7,40,25,17,7
01_12_09_03_0025.bmp,0,9,3,8,17,13,13,40,13,18,13
01_12_09_03_0025.bmp,1,9,3,8,17,11,31,42,13,18,31
01_12_09_03_0026.bmp,1,9,3,8,17,11,31,12,11,11,31
01_12_09_03_0027.bmp,0,9,3,8,17,13,16,0,7,7,13
01_12_09_03_0027.bmp,1,9,3,8,17,12,31,42,12,35,31
01_12_09_03_0028.bmp,0,9,3,8,17,13,11,18,40,13,12
01_12_09_03_0029.bmp,1,9,3,8,17,12,31,1,12,7,31
01_12_09_03_0030.bmp,1,9,3,8,17,11,31,11,11,23,31
01_12_09_03_0032.bmp,0,9,3,8,17,12,11,40,40,13,12
01_12_09_03_0033.bmp,0,9,3,8,17,13,11,18,11,13,13
01_12_09_03_0037.bmp,0,9,3,8,17,13,11,28,13,13,13
01_12_09_03_0037.bmp,1,9,3,8,17,32,31,42,13,25,31
01_12_09_03_0039.bmp,0,9,3,8,17,18,18,13,13,13,18
01_12_09_03_0042.bmp,0,9,3,8,17,13,11,28,7,24,13
01_12_09_03_0042.bmp,1,9,3,8,17,12,31,42,12,12,31
01_12_09_03_0043.bmp,1,9,3,8,17,12,31,42,12,7,31
01_12_09_03_0044.bmp,0,9,3,8,17,11,11,25,11,24,31
01_12_09_03_0046.bmp,0,9,3,8,17,12,31,42,12,25,31
01_12_09_03_0047.bmp,0,9,3,8,17,11,31,25,11,18,31
01_12_09_03_0050.bmp,0,9,3,8,17,12,31,11,13,13,31
01_12_09_03_0052.bmp,0,9,3,8,17,13,11,18,18,18,36
01_12_09_03_0053.bmp,0,9,3,8,17,12,31,11,12,7,31
01_12_09_03_0060.bmp,0,9,3,8,17,7,11,0,25,17,18
01_12_09_03_0061.bmp,0,9,3,8,17,25,11,28,25,26,32
01_12_09_03_0063.bmp,0,9,3,8,17,25,11,28,25,25,13
01_12_09_03_0066.bmp,0,9,3,8,17,13,13,28,13,13,13
01_12_09_03_0072.bmp,0,9,3,8,17,13,13,11,13,13,13
01_12_09_03_0079.bmp,0,9,3,8,17,25,11,28,11,18,11
01_12_09_03_0080.bmp,0,9,3,8,17,25,11,20,25,26,11
01_12_09_03_0081.bmp,0,9,3,8,17,11,11,28,11,26,11
01_12_09_03_0085.bmp,0,9,3,8,17,11,11,20,11,18,11
01_12_09_03_0088.bmp,0,9,3,8,17,11,11,20,11,28,11
01_12_09_03_0089.bmp,0,9,3,8,17,13,13,20,25,25,32
01_12_09_03_0092.bmp,0,9,3,8,17,13,13,13,13,17,13
01_12_09_03_0094.bmp,0,9,3,8,17,25,13,20,25,18,13
01_12_09_03_0100.bmp,0,9,3,8,17,11,11,13,25,18,11
01_12_09_03_0102.bmp,0,9,3,8,17,13,11,28,25,13,17
01_12_09_03_0103.bmp,0,9,3,8,17,25,11,20,25,26,16
01_12_09_03_0107.bmp,0,9,3,8,17,11,13,20,11,11,17
01_12_09_03_0109.bmp,0,9,3,8,17,13,13,20,7,17,7
01_12_09_03_0113.bmp,0,9,3,8,17,7,11,18,7,7,7
01_12_09_03_0114.bmp,0,9,3,8,17,7,7,13,7,13,7
01_12_09_03_0115.bmp,0,9,3,8,17,13,13,20,13,26,13
01_12_09_03_0116.bmp,0,9,3,8,17,13,13,13,7,7,13
01_13_09_03_0003.bmp,0,9,3,8,13,12,12,40,12,13,12
01_13_09_03_0003.bmp,1,9,3,8,13,13,13,2,13,13,13
01_13_09_03_0005.bmp,0,9,3,8,13,12,12,42,12,35,12
01_13_09_03_0006.bmp,1,9,3,8,13,13,13,13,13,13,13
01_13_09_03_0007.bmp,0,9,3,8,13,12,12,42,12,35,12
01_13_09_03_0009.bmp,0,9,3,8,13,12,12,42,12,40,12
01_13_09_03_0010.bmp,1,9,3,8,13,13,13,2,13,13,13
01_13_09_03_0012.bmp,0,9,3,8,13,12,12,1,12,13,12
01_13_09_03_0012.bmp,1,9,3,8,13,13,13,12,13,13,13
01_13_09_03_0013.bmp,0,9,3,8,13,12,12,40,12,40,12
01_13_09_03_0014.bmp,0,9,3,8,13,12,12,40,12,34,12
01_13_09_03_0014.bmp,1,9,3,8,13,13,13,20,13,13,13
01_13_09_03_0015.bmp,1,9,3,8,13,13,13,40,13,13,13
01_13_09_03_0016.bmp,0,9,3,8,13,12,12,42,12,13,12
01_13_09_03_0017.bmp,0,9,3,8,13,12,12,42,12,7,12
01_13_09_03_0018.bmp,1,9,3,8,13,13,13,40,13,13,13
01_13_09_03_0019.bmp,1,9,3,8,13,13,13,13,13,13,13
01_13_09_03_0021.bmp,0,9,3,8,13,12,12,12,12,40,12
01_13_09_03_0023.bmp,1,9,3,8,13,13,13,13,13,13,13
01_13_09_03_0024.bmp,1,9,3,8,13,13,13,40,13,13,13
01_13_09_03_0025.bmp,0,9,3,8,13,12,12,40,12,13,12
01_13_09_03_0025.bmp,1,9,3,8,13,13,13,40,13,13,13
01_13_09_03_0029.bmp,0,9,3,8,13,12,12,42,12,12,13
01_13_09_03_0031.bmp,0,9,3,8,13,12,12,11,12,40,13
01_13_09_03_0031.bmp,1,9,3,8,13,13,13,13,13,13,13
01_13_09_03_0032.bmp,0,9,3,8,13,12,12,42,12,13,12
01_13_09_03_0032.bmp,1,9,3,8,13,13,13,13,13,13,13
01_13_09_03_0033.bmp,1,9,3,8,13,13,13,13,13,13,13
01_13_09_03_0034.bmp,0,9,3,8,13,13,12,11,13,13,13
01_13_09_03_0034.bmp,1,9,3,8,13,13,13,20,13,13,13
01_13_09_03_0036.bmp,0,9,3,8,13,12,12,40,13,40,12
01_13_09_03_0036.bmp,1,9,3,8,13,13,13,20,13,13,13
01_13_09_03_0037.bmp,0,9,3,8,13,13,12,40,12,13,13
01_13_09_03_0037.bmp,1,9,3,8,13,13,13,13,13,13,13
01_13_09_03_0039.bmp,1,9,3,8,13,13,13,13,13,13,13
01_13_09_03_0041.bmp,0,9,3,8,13,13,13,42,13,13,13
01_13_09_03_0041.bmp,1,9,3,8,13,13,13,13,13,13,13
01_13_09_03_0043.bmp,0,9,3,8,13,13,13,40,13,40,13
01_13_09_03_0043.bmp,1,9,3,8,13,13,13,2,13,13,13
01_13_09_03_0044.bmp,0,9,3,8,13,13,13,40,13,13,13
01_13_09_03_0048.bmp,0,9,3,8,13,13,13,40,13,40,13
01_13_09_03_0048.bmp,1,9,3,8,13,13,13,13,13,13,13
01_13_09_03_0049.bmp,0,9,3,8,13,12,12,40,40,40,12
01_13_09_03_0052.bmp,0,9,3,8,13,13,13,40,13,40,13
01_13_09_03_0054.bmp,1,9,3,8,13,13,13,13,13,13,13
01_13_09_03_0055.bmp,1,9,3,8,13,13,13,13,13,13,13
01_13_09_03_0057.bmp,1,9,3,8,13,13,13,13,13,13,13
01_13_09_03_0058.bmp,0,9,3,8,13,13,13,40,13,13,13
01_13_09_03_0058.bmp,1,9,3,8,13,13,13,13,13,13,13
01_13_09_03_0061.bmp,0,9,3,8,13,13,13,40,13,13,13
01_13_09_03_0062.bmp,1,9,3,8,13,13,13,13,13,13,13
01_13_09_03_0063.bmp,1,9,3,8,13,12,12,28,40,35,19
01_13_09_03_0064.bmp,1,9,3,8,13,12,12,42,40,1,12
01_13_09_03_0067.bmp,1,9,3,8,13,12,31,6,12,33,12
01_13_09_03_0068.bmp,1,9,3,8,13,12,12,42,12,13,12
01_13_09_03_0069.bmp,1,9,3,8,13,12,12,42,40,40,12
01_13_09_03_0072.bmp,1,9,3,8,13,12,12,11,12,13,12
01_13_09_03_0073.bmp,1,9,3,8,13,12,12,40,12,35,12
01_13_09_03_0074.bmp,1,9,3,8,13,12,31,12,12,12,12
01_13_09_03_0075.bmp,0,9,3,8,13,13,13,13,13,13,13
01_13_09_03_0076.bmp,1,9,3,8,13,12,12,6,12,35,12
01_13_09_03_0077.bmp,1,9,3,8,13,12,12,11,40,11,12
01_13_09_03_0078.bmp,1,9,3,8,13,12,12,42,12,18,12
01_13_09_03_0081.bmp,0,9,3,8,13,13,13,40,13,13,13
01_13_09_03_0083.bmp,0,9,3,8,13,13,13,13,13,13,13
01_13_09_03_0084.bmp,0,9,3,8,13,13,13,40,13,13,13
01_13_09_03_0085.bmp,0,9,3,8,13,13,13,13,13,13,13
01_13_09_03_0088.bmp,0,9,3,8,13,13,13,13,13,13,13
01_13_09_03_0093.bmp,0,9,3,8,13,13,13,13,13,13,13
01_13_09_03_0093.bmp,1,9,3,8,13,12,31,6,12,25,12
01_13_09_03_0095.bmp,1,9,3,8,13,12,31,42,12,10,12
01_13_09_03_0097.bmp,0,9,3,8,13,13,13,13,13,13,13
01_13_09_03_0097.bmp,1,9,3,8,13,12,12,12,12,40,12
01_13_09_03_0098.bmp,1,9,3,8,13,12,31,12,12,20,31
01_13_09_03_0099.bmp,0,9,3,8,13,13,13,18,13,13,13
01_13_09_03_0100.bmp,1,9,3,8,13,12,12,42,12,40,12
01_13_09_03_0101.bmp,1,9,3,8,13,12,12,42,12,40,12
01_13_09_03_0102.bmp,1,9,3,8,13,12,12,42,12,40,12
01_13_09_03_0105.bmp,0,9,3,8,13,13,13,13,13,13,13
01_13_09_03_0106.bmp,0,9,3,8,13,13,13,13,13,13,13
01_13_09_03_0108.bmp,1,9,3,8,13,12,12,28,12,40,12
01_13_09_03_0109.bmp,1,9,3,8,13,12,12,42,12,11,12
01_13_09_03_0110.bmp,0,9,3,8,13,13,13,40,40,13,13
01_13_09_03_0111.bmp,0,9,3,8,13,25,13,40,40,13,13
01_13_09_03_0111.bmp,1,9,3,8,13,11,11,40,11,11,11
01_13_09_03_0114.bmp,0,9,3,8,13,12,31,42,12,7,12
01_13_09_03_0116.bmp,1,9,3,8,13,12,12,20,12,40,12
01_13_09_03_0117.bmp,1,9,3,8,13,12,12,28,40,11,12
01_13_09_03_0120.bmp,0,9,3,8,13,12,12,6,13,13,12
01_13_09_03_0122.bmp,0,9,3,8,13,40,12,40,40,40,12
01_13_09_03_0124.bmp,1,9,3,8,13,12,11,28,12,18,12
01_13_09_03_0125.bmp,1,9,3,8,13,12,12,40,40,13,12
01_13_09_03_0126.bmp,0,9,3,8,13,13,13,40,13,40,12
01_13_09_03_0128.bmp,0,9,3,8,13,13,13,40,13,13,12
01_13_09_03_0130.bmp,0,9,3,8,13,12,11,28,40,11,32
01_13_09_03_0130.bmp,1,9,3,8,13,12,11,28,12,18,11
01_13_09_03_0132.bmp,1,9,3,8,13,12,11,40,12,40,18
01_13_09_03_0133.bmp,1,9,3,8,13,12,11,40,40,40,12
01_13_09_03_0134.bmp,1,9,3,8,13,12,11,40,12,13,12
01_13_09_03_0136.bmp,1,9,3,8,13,11,11,28,12,18,12
01_13_09_03_0137.bmp,0,9,3,8,13,13,12,40,40,13,12
01_13_09_03_0141.bmp,1,9,3,8,13,12,11,40,12,13,12
01_13_09_03_0143.bmp,1,9,3,8,13,12,11,40,12,13,12
01_13_09_03_0144.bmp,0,9,3,8,13,13,13,40,40,13,13
01_13_09_03_0146.bmp,1,9,3,8,13,12,12,40,12,40,12
01_13_09_03_0147.bmp,0,9,3,8,13,13,13,40,40,40,13
01_13_09_03_0148.bmp,1,9,3,8,13,12,12,40,12,24,12
01_13_09_03_0149.bmp,1,9,3,8,13,12,11,40,12,33,12
01_13_09_03_0150.bmp,0,9,3,8,13,13,13,40,40,13,13
01_13_09_03_0153.bmp,0,9,3,8,13,13,13,40,40,13,13
01_13_09_03_0154.bmp,0,9,3,8,13,40,13,40,40,40,13
01_13_09_03_0156.bmp,0,9,3,8,13,13,13,13,40,13,13
01_13_09_03_0157.bmp,0,9,3,8,13,13,13,40,40,13,13
01_13_09_03_0158.bmp,0,9,3,8,13,13,13,13,40,13,13
01_13_09_03_0158.bmp,1,9,3,8,13,12,11,40,11,40,12
01_13_09_03_0160.bmp,1,9,3,8,13,12,11,40,12,18,12
01_13_09_03_0161.bmp,0,9,3,8,13,13,13,28,40,13,13
01_13_09_03_0163.bmp,0,9,3,8,13,13,13,13,40,13,13
01_13_09_03_0166.bmp,0,9,3,8,13,13,13,13,13,13,13
01_13_09_03_0170.bmp,0,9,3,8,13,12,31,42,13,40,12
01_13_09_03_0172.bmp,0,9,3,8,13,12,31,42,12,18,12
01_13_09_03_0172.bmp,1,9,3,8,13,12,11,28,12,40,18
01_13_09_03_0173.bmp,1,9,3,8,13,13,11,40,13,40,18
01_13_09_03_0174.bmp,0,9,3,8,13,12,31,12,12,12,19
01_13_09_03_0174.bmp,1,9,3,8,13,12,12,40,12,40,12
01_13_09_03_0175.bmp,0,9,3,8,13,12,31,42,12,7,19
01_13_09_03_0175.bmp,1,9,3,8,13,13,11,40,13,13,18
01_13_09_03_0176.bmp,1,9,3,8,13,12,11,25,40,13,12
01_13_09_03_0178.bmp,0,9,3,8,13,12,31,1,12,35,12
01_13_09_03_0178.bmp,1,9,3,8,13,12,12,40,12,13,12
01_13_09_03_0179.bmp,0,9,3,8,13,12,31,1,12,25,12
01_13_09_03_0180.bmp,0,9,3,8,13,12,31,12,13,13,31
01_13_09_03_0181.bmp,1,9,3,8,13,12,11,40,12,13,12
01_13_09_03_0182.bmp,0,9,3,8,13,12,31,12,13,26,19
01_13_09_03_0185.bmp,1,9,3,8,13,12,11,40,12,13,12
01_13_09_03_0186.bmp,1,9,3,8,13,12,12,40,12,13,12
01_13_09_03_0188.bmp,1,9,3,8,13,12,11,40,12,13,12
01_13_09_03_0189.bmp,1,9,3,8,13,12,12,40,12,13,12
01_13_09_03_0191.bmp,0,9,3,8,13,12,31,42,12,12,12
01_13_09_03_0192.bmp,1,9,3,8,13,12,12,40,12,13,12
01_13_09_03_0193.bmp,1,9,3,8,13,13,11,40,40,13,12
01_13_09_03_0194.bmp,0,9,3,8,13,32,31,42,12,40,31
01_13_09_03_0196.bmp,0,9,3,8,13,12,31,42,13,12,12
01_13_09_03_0197.bmp,0,9,3,8,13,38,31,11,13,13,31
01_13_09_03_0198.bmp,0,9,3,8,13,13,31,6,13,13,12
01_13_09_03_0200.bmp,1,9,3,8,13,12,11,40,12,13,12
01_13_09_03_0201.bmp,0,9,3,8,13,12,31,11,12,35,12
01_13_09_03_0202.bmp,0,9,3,8,13,12,31,11,12,13,12
01_13_09_03_0203.bmp,0,9,3,8,13,12,12,40,12,40,12
01_13_09_03_0204.bmp,0,9,3,8,13,12,31,25,13,40,12
01_13_09_03_0204.bmp,1,9,3,8,13,12,11,40,12,24,13
01_13_09_03_0205.bmp,1,9,3,8,13,12,11,40,12,12,12
01_13_09_03_0208.bmp,1,9,3,8,13,13,11,40,12,13,13
01_13_09_03_0210.bmp,1,9,3,8,13,12,12,40,40,13,12
01_13_09_03_0211.bmp,0,9,3,8,13,13,12,40,13,18,12
01_13_09_03_0212.bmp,1,9,3,8,13,12,11,40,12,13,12
01_13_09_03_0215.bmp,0,9,3,8,13,13,12,40,13,13,13
01_13_09_03_0217.bmp,0,9,3,8,13,13,13,40,40,40,12
01_13_09_03_0220.bmp,1,9,3,8,13,13,11,20,13,13,13
01_13_09_03_0222.bmp,0,9,3,8,13,13,13,40,40,40,13
01_13_09_03_0223.bmp,1,9,3,8,13,12,12,40,12,40,12
01_13_09_03_0224.bmp,0,9,3,8,13,13,13,20,40,13,13
01_13_09_03_0224.bmp,1,9,3,8,13,12,11,40,12,13,12
01_13_09_03_0228.bmp,1,9,3,8,13,12,12,40,12,13,12
01_13_09_03_0229.bmp,1,9,3,8,13,12,12,40,12,13,12
01_13_09_03_0230.bmp,0,9,3,8,13,13,13,40,13,13,13
01_13_09_03_0231.bmp,1,9,3,8,13,12,11,40,12,24,12
01_13_09_03_0232.bmp,0,9,3,8,13,13,13,40,13,13,13
01_13_09_03_0232.bmp,1,9,3,8,13,12,12,40,12,24,12
01_13_09_03_0234.bmp,1,9,3,8,13,13,11,11,12,13,13
01_13_09_03_0235.bmp,1,9,3,8,13,12,11,40,12,13,12
01_13_09_03_0236.bmp,0,9,3,8,13,13,13,13,13,13,13
01_13_09_03_0237.bmp,0,9,3,8,13,13,13,28,13,13,13
01_13_09_03_0239.bmp,1,9,3,8,13,12,12,40,12,13,13
01_13_09_03_0240.bmp,0,9,3,8,13,13,13,28,13,13,13
01_13_09_03_0241.bmp,1,9,3,8,13,13,11,40,12,13,13
01_13_09_03_0245.bmp,1,9,3,8,13,13,11,40,13,13,12
01_13_09_03_0246.bmp,1,9,3,8,13,12,11,40,12,40,12
01_13_09_03_0247.bmp,0,9,3,8,13,13,13,18,40,13,13
01_13_09_03_0247.bmp,1,9,3,8,13,12,11,40,12,13,12
01_13_09_03_0248.bmp,0,9,3,8,13,13,13,40,13,13,13
01_13_09_03_0249.bmp,0,9,3,8,13,13,13,13,13,13,13
01_13_09_03_0250.bmp,0,9,3,8,13,13,13,13,13,13,13
01_13_09_03_0250.bmp,1,9,3,8,13,12,12,40,12,13,12
01_13_09_03_0252.bmp,1,9,3,8,13,12,12,40,12,40,12
01_13_09_03_0253.bmp,0,9,3,8,13,13,13,13,13,13,13
01_13_09_03_0256.bmp,0,9,3,8,13,13,13,13,13,13,13
01_13_09_03_0256.bmp,1,9,3,8,13,13,11,40,13,13,13
01_13_09_03_0257.bmp,0,9,3,8,13,13,13,13,13,13,13
01_13_09_03_0257.bmp,1,9,3,8,13,12,12,40,12,13,12
01_13_09_03_0260.bmp,0,9,3,8,13,13,13,24,13,13,13
01_13_09_03_0261.bmp,0,9,3,8,13,13,13,13,13,13,13
01_13_09_03_0262.bmp,1,9,3,8,13,12,11,40,40,40,12
01_13_09_03_0263.bmp,0,9,3,8,13,13,13,13,13,13,13
01_13_09_03_0271.bmp,0,9,3,8,13,12,11,40,12,13,12
01_13_09_03_0272.bmp,0,9,3,8,13,12,11,40,12,13,12
01_13_09_03_0273.bmp,0,9,3,8,13,12,11,40,12,13,12
01_13_09_03_0274.bmp,0,9,3,8,13,12,12,40,12,40,12
01_13_09_03_0277.bmp,0,9,3,8,13,13,11,20,12,13,13
01_13_09_03_0280.bmp,0,9,3,8,13,13,12,40,13,13,13
01_13_09_03_0281.bmp,0,9,3,8,13,12,11,40,12,13,12
01_13_09_03_0282.bmp,0,9,3,8,13,13,11,40,13,13,13
01_13_09_03_0285.bmp,0,9,3,8,13,13,11,40,12,13,13
01_13_09_03_0287.bmp,0,9,3,8,13,12,11,40,12,13,12
01_13_09_03_0288.bmp,0,9,3,8,13,12,11,40,12,13,12
01_13_09_03_0289.bmp,0,9,3,8,13,12,12,40,12,13,13
01_13_09_03_0293.bmp,0,9,3,8,13,12,11,40,12,13,12
01_13_09_03_0296.bmp,0,9,3,8,13,13,11,40,12,13,12
01_13_09_03_0299.bmp,0,9,3,8,13,12,12,40,40,13,12
01_13_09_03_0300.bmp,0,9,3,8,13,12,12,40,12,13,12
01_13_09_03_0301.bmp,0,9,3,8,13,12,11,40,12,13,12
01_13_09_03_0303.bmp,0,9,3,8,13,12,11,40,12,24,12
01_13_09_03_0307.bmp,0,9,3,8,13,12,12,28,12,13,12
01_13_09_03_0311.bmp,0,9,3,8,13,12,12,40,12,13,12
01_13_09_03_0316.bmp,0,9,3,8,13,12,11,40,12,13,12
01_13_09_03_0325.bmp,0,9,3,8,13,12,11,40,12,40,12
01_13_09_03_0331.bmp,0,9,3,8,13,12,11,25,12,13,18
01_13_09_03_0333.bmp,0,9,3,8,13,25,11,20,12,13,18
01_13_09_03_0334.bmp,0,9,3,8,13,18,11,40,40,13,18
01_13_09_03_0336.bmp,0,9,3,8,13,13,18,20,12,13,18
01_13_09_03_0337.bmp,0,9,3,8,13,25,11,12,12,13,18
01_13_09_03_0338.bmp,0,9,3,8,13,13,11,28,11,13,11
01_13_09_03_0341.bmp,0,9,3,8,13,13,11,28,40,13,18
01_13_09_03_0343.bmp,0,9,3,8,13,13,11,13,13,13,13
01_13_09_03_0344.bmp,0,9,3,8,13,13,11,20,40,13,25
01_13_09_03_0348.bmp,0,9,3,8,13,13,25,20,40,13,13
01_13_09_03_0350.bmp,0,9,3,8,13,13,11,25,12,13,13
01_13_09_03_0352.bmp,0,9,3,8,13,13,11,40,40,40,12
01_13_09_03_0353.bmp,0,9,3,8,13,13,13,13,13,13,13
01_13_09_03_0354.bmp,0,9,3,8,13,13,12,11,40,13,12
01_13_09_03_0357.bmp,0,9,3,8,13,13,13,28,13,13,13
01_13_09_03_0358.bmp,0,9,3,8,13,13,13,2,13,13,13
01_13_09_03_0359.bmp,0,9,3,8,13,13,13,2,13,13,13
01_13_09_03_0365.bmp,0,9,3,8,13,13,13,24,13,13,13
01_13_09_03_0371.bmp,0,9,3,8,13,13,13,24,13,13,13
01_13_09_03_0373.bmp,0,9,3,8,13,13,13,13,13,13,13
01_13_09_03_0382.bmp,0,9,3,8,13,13,13,13,13,13,13
01_13_09_03_0384.bmp,0,9,3,8,13,13,13,40,13,13,13
01_13_09_03_0385.bmp,0,9,3,8,13,13,13,13,13,13,13
01_13_09_03_0386.bmp,0,9,3,8,13,12,12,42,12,13,12
01_13_09_03_0387.bmp,0,9,3,8,13,12,31,42,12,25,12
01_13_09_03_0389.bmp,0,9,3,8,13,12,31,42,13,40,12
01_13_09_03_0391.bmp,0,9,3,8,13,12,12,42,12,40,12
01_13_09_03_0398.bmp,0,9,3,8,13,12,12,11,12,13,12
01_13_09_03_0402.bmp,0,9,3,8,13,12,12,42,12,18,12
01_13_09_03_0404.bmp,0,9,3,8,13,12,12,42,12,13,12
01_13_09_03_0408.bmp,0,9,3,8,13,12,12,42,12,40,12
01_13_09_03_0413.bmp,0,9,3,8,13,12,12,42,12,12,12
01_13_09_03_0414.bmp,0,9,3,8,13,12,31,11,13,35,12
01_13_09_03_0415.bmp,0,9,3,8,13,12,12,42,12,13,12
01_13_09_03_0419.bmp,0,9,3,8,13,12,31,11,12,13,12
01_13_09_03_0421.bmp,0,9,3,8,13,12,31,42,13,13,12
01_13_09_03_0422.bmp,0,9,3,8,13,12,12,42,12,13,12
01_13_09_03_0423.bmp,0,9,3,8,13,12,31,42,12,13,12
01_13_09_03_0424.bmp,0,9,3,8,13,12,12,12,12,7,12
01_13_09_03_0429.bmp,0,9,3,8,13,12,12,12,13,13,12
01_13_09_03_0430.bmp,0,9,3,8,13,13,12,40,13,13,12
01_13_09_03_0434.bmp,0,9,3,8,13,13,13,42,13,13,13
01_13_09_03_0435.bmp,0,9,3,8,13,13,12,40,13,13,12
01_13_09_03_0438.bmp,0,9,3,8,13,12,12,40,13,13,12
01_13_09_03_0441.bmp,0,9,3,8,13,13,13,25,13,13,12
01_13_09_03_0442.bmp,0,9,3,8,13,13,13,12,13,13,13
01_13_09_03_0443.bmp,0,9,3,8,13,13,12,40,13,13,12
01_13_09_03_0444.bmp,0,9,3,8,13,13,12,42,13,40,12
01_13_09_03_0448.bmp,0,9,3,8,13,13,12,12,13,13,12
01_13_09_03_0449.bmp,0,9,3,8,13,13,13,40,13,13,13
01_13_09_03_0456.bmp,0,9,3,8,13,13,13,6,13,40,12
01_13_09_03_0458.bmp,0,9,3,8,13,13,12,40,13,40,12
01_13_09_03_0461.bmp,0,9,3,8,13,13,13,40,13,13,13
01_13_09_03_0463.bmp,0,9,3,8,13,13,13,40,13,13,13
01_13_09_03_0468.bmp,0,9,3,8,13,13,13,40,40,40,13
01_13_09_03_0471.bmp,0,9,3,8,13,13,13,40,13,40,13
01_13_09_03_0475.bmp,0,9,3,8,13,13,13,40,13,13,13
01_13_09_03_0477.bmp,0,9,3,8,13,13,13,40,13,40,13
01_13_09_03_0479.bmp,0,9,3,8,13,13,13,40,13,13,13
01_13_09_03_0481.bmp,0,9,3,8,13,13,13,40,13,13,13
01_13_09_03_0484.bmp,0,9,3,8,13,13,13,40,13,13,13
01_13_09_03_0486.bmp,0,9,3,8,13,13,13,40,40,13,13
01_13_09_03_0489.bmp,0,9,3,8,13,13,13,40,13,13,13
01_13_09_03_0491.bmp,0,9,3,8,13,13,13,40,40,13,13
01_13_09_03_0492.bmp,0,9,3,8,13,13,13,13,13,13,13
01_13_09_03_0494.bmp,0,9,3,8,13,13,13,40,13,13,13
01_13_09_03_0501.bmp,0,9,3,8,13,13,13,13,40,13,13
01_13_09_03_0504.bmp,0,9,3,8,13,13,13,13,13,13,13
01_13_09_03_0507.bmp,0,9,3,8,13,13,13,13,13,13,13
01_13_09_03_0511.bmp,0,9,3,8,13,13,13,40,13,13,13
01_13_09_03_0513.bmp,0,9,3,8,13,13,13,13,13,13,13
01_13_09_03_0515.bmp,0,9,3,8,13,13,13,24,13,13,13
01_13_09_03_0516.bmp,0,9,3,8,13,12,31,42,12,35,12
01_13_09_03_0517.bmp,0,9,3,8,13,12,31,42,12,13,12
01_13_09_03_0519.bmp,0,9,3,8,13,12,12,42,12,18,12
01_13_09_03_0521.bmp,0,9,3,8,13,12,31,42,12,35,12
01_13_09_03_0525.bmp,0,9,3,8,13,12,31,28,12,40,12
01_13_09_03_0526.bmp,0,9,3,8,13,12,31,42,12,40,12
01_13_09_03_0527.bmp,0,9,3,8,13,12,12,40,12,12,12
01_13_09_03_0530.bmp,0,9,3,8,13,12,31,42,12,35,12
01_13_09_03_0535.bmp,0,9,3,8,13,12,12,40,12,18,12
01_13_09_03_0540.bmp,0,9,3,8,13,12,31,42,13,13,12
01_13_09_03_0542.bmp,0,9,3,8,13,12,31,42,12,40,12
01_13_09_03_0544.bmp,0,9,3,8,13,13,31,42,13,13,12
01_13_09_03_0545.bmp,0,9,3,8,13,12,12,11,12,40,12
01_13_09_03_0549.bmp,0,9,3,8,13,12,12,40,12,40,12
01_13_09_03_0550.bmp,0,9,3,8,13,12,31,42,12,40,12
01_13_09_03_0557.bmp,0,9,3,8,13,12,12,40,12,12,12
01_13_09_03_0558.bmp,0,9,3,8,13,12,12,42,12,40,12
01_13_09_03_0559.bmp,0,9,3,8,13,12,12,40,12,40,12
01_13_09_03_0565.bmp,0,9,3,8,13,12,12,40,12,40,12
01_13_09_03_0575.bmp,0,9,3,8,13,12,12,40,12,13,12
01_13_09_03_0578.bmp,0,9,3,8,13,40,31,12,40,35,12
01_13_09_03_0581.bmp,0,9,3,8,13,13,11,40,12,13,12
01_13_09_03_0582.bmp,0,9,3,8,13,32,31,42,13,40,32
01_13_09_03_0583.bmp,0,9,3,8,13,12,12,28,12,13,12
01_13_09_03_0584.bmp,0,9,3,8,13,13,12,42,13,40,19
01_13_09_03_0587.bmp,0,9,3,8,13,13,12,40,12,13,12
01_13_09_03_0591.bmp,0,9,3,8,13,13,11,40,40,13,12
01_13_09_03_0592.bmp,0,9,3,8,13,13,12,12,13,13,12
01_13_09_03_0594.bmp,0,9,3,8,13,13,11,40,13,40,12
01_13_09_03_0596.bmp,0,9,3,8,13,12,12,42,40,33,12
01_13_09_03_0599.bmp,0,9,3,8,13,13,11,40,13,13,13
01_13_09_03_0600.bmp,0,9,3,8,13,12,13,40,12,40,12
01_13_09_03_0604.bmp,0,9,3,8,13,13,13,40,40,40,13
01_13_09_03_0605.bmp,0,9,3,8,13,12,12,28,12,12,12
01_13_09_03_0607.bmp,0,9,3,8,13,12,12,18,12,18,13
01_13_09_03_0608.bmp,0,9,3,8,13,13,13,28,12,13,12
01_13_09_03_0609.bmp,0,9,3,8,13,13,13,28,40,40,13
01_13_09_03_0611.bmp,0,9,3,8,13,13,11,28,40,13,13
01_13_09_03_0613.bmp,0,9,3,8,13,12,11,40,12,40,12
01_13_09_03_0615.bmp,0,9,3,8,13,13,11,40,12,13,12
01_13_09_03_0616.bmp,0,9,3,8,13,13,13,13,13,13,13
01_13_09_03_0626.bmp,0,9,3,8,13,13,13,13,40,13,12
01_03_09_04_0004.bmp,0,9,4,8,9,12,16,40,40,40,32
01_03_09_04_0005.bmp,0,9,4,8,9,11,16,11,11,13,12
01_03_09_04_0011.bmp,0,9,4,8,9,11,16,25,11,40,16
01_03_09_04_0015.bmp,0,9,4,8,9,13,16,11,12,11,16
01_03_09_04_0016.bmp,0,9,4,8,9,13,16,36,25,11,32
01_03_09_04_0017.bmp,0,9,4,8,9,13,16,25,40,13,32
01_03_09_04_0024.bmp,0,9,4,8,9,32,16,40,13,40,32
01_03_09_04_0025.bmp,0,9,4,8,9,13,16,25,25,40,32
01_03_09_04_0028.bmp,0,9,4,8,9,25,16,40,40,13,12
01_03_09_04_0029.bmp,0,9,4,8,9,13,13,11,13,13,32
01_03_09_04_0030.bmp,0,9,4,8,9,13,16,25,40,13,32
01_03_09_04_0032.bmp,0,9,4,8,9,12,16,25,40,25,32
01_03_09_04_0033.bmp,0,9,4,8,9,13,13,25,25,13,32
01_03_09_04_0034.bmp,0,9,4,8,9,12,16,25,12,25,32
01_03_09_04_0041.bmp,0,9,4,8,9,12,11,40,12,13,12
01_03_09_04_0047.bmp,0,9,4,8,9,13,16,40,40,14,12
01_03_09_04_0048.bmp,0,9,4,8,9,13,13,40,40,25,13
01_03_09_04_0050.bmp,0,9,4,8,9,13,16,40,25,40,13
01_03_09_04_0051.bmp,0,9,4,8,9,13,13,40,40,40,13
01_03_09_04_0052.bmp,0,9,4,8,9,13,13,40,40,40,13
01_03_09_04_0055.bmp,0,9,4,8,9,13,13,40,40,13,13
01_03_09_04_0057.bmp,0,9,4,8,9,13,11,13,13,13,13
01_03_09_04_0058.bmp,0,9,4,8,9,25,11,25,25,40,13
01_03_09_04_0059.bmp,0,9,4,8,9,13,13,40,13,13,13
01_03_09_04_0064.bmp,0,9,4,8,9,13,13,20,13,13,13
01_03_09_04_0071.bmp,0,9,4,8,9,13,11,20,13,13,13
01_03_09_04_0072.bmp,0,9,4,8,9,13,13,20,13,25,13
01_03_09_04_0074.bmp,0,9,4,8,9,25,11,20,13,40,13
01_03_09_04_0075.bmp,0,9,4,8,9,13,13,20,13,13,13
01_03_09_04_0076.bmp,0,9,4,8,9,13,11,25,13,41,13
01_03_09_04_0077.bmp,0,9,4,8,9,25,13,25,25,13,13
01_03_09_04_0078.bmp,0,9,4,8,9,13,13,20,13,13,13
01_03_09_04_0083.bmp,0,9,4,8,9,25,13,20,25,13,13
01_03_09_04_0084.bmp,0,9,4,8,9,13,13,25,25,13,13
01_06_09_04_0001.bmp,1,9,4,8,14,13,11,25,13,18,13
01_06_09_04_0003.bmp,1,9,4,8,14,11,12,12,11,7,12
01_06_09_04_0005.bmp,0,9,4,8,14,13,11,13,13,40,12
01_06_09_04_0005.bmp,1,9,4,8,14,13,12,42,13,40,31
01_06_09_04_0006.bmp,0,9,4,8,14,13,11,24,13,13,11
01_06_09_04_0006.bmp,1,9,4,8,14,13,11,42,11,11,12
01_06_09_04_0007.bmp,0,9,4,8,14,18,11,28,18,40,18
01_06_09_04_0008.bmp,1,9,4,8,14,11,11,20,11,11,12
01_06_09_04_0010.bmp,0,9,4,8,14,25,11,28,18,7,25
01_06_09_04_0011.bmp,0,9,4,8,14,13,11,28,13,13,12
01_06_09_04_0013.bmp,0,9,4,8,14,13,11,13,13,13,13
01_06_09_04_0014.bmp,0,9,4,8,14,11,11,13,13,24,11
01_06_09_04_0016.bmp,1,9,4,8,14,11,12,40,12,18,12
01_06_09_04_0018.bmp,1,9,4,8,14,11,11,20,11,2,11
01_06_09_04_0020.bmp,0,9,4,8,14,13,11,28,13,24,13
01_06_09_04_0020.bmp,1,9,4,8,14,13,11,28,18,18,18
01_06_09_04_0021.bmp,0,9,4,8,14,13,13,13,13,24,13
01_06_09_04_0021.bmp,1,9,4,8,14,12,12,40,12,40,12
01_06_09_04_0022.bmp,1,9,4,8,14,12,12,28,12,40,12
01_06_09_04_0023.bmp,0,9,4,8,14,13,11,24,13,24,13
01_06_09_04_0023.bmp,1,9,4,8,14,12,12,20,11,13,12
01_06_09_04_0025.bmp,0,9,4,8,14,13,11,20,13,24,13
01_06_09_04_0026.bmp,0,9,4,8,14,13,11,24,13,24,13
01_06_09_04_0027.bmp,0,9,4,8,14,13,25,28,13,13,13
01_06_09_04_0028.bmp,0,9,4,8,14,25,11,2,40,13,25
01_06_09_04_0028.bmp,1,9,4,8,14,11,11,40,11,1,18
01_06_09_04_0031.bmp,1,9,4,8,14,12,31,42,12,28,12
01_06_09_04_0032.bmp,0,9,4,8,14,13,11,24,18,24,18
01_06_09_04_0032.bmp,1,9,4,8,14,12,12,42,12,40,12
01_06_09_04_0033.bmp,0,9,4,8,14,13,25,13,13,24,13
01_06_09_04_0033.bmp,1,9,4,8,14,12,12,42,12,34,12
01_06_09_04_0035.bmp,0,9,4,8,14,13,13,28,40,13,13
01_06_09_04_0036.bmp,1,9,4,8,14,11,12,42,11,11,12
01_06_09_04_0038.bmp,1,9,4,8,14,12,12,42,12,1,12
01_06_09_04_0040.bmp,0,9,4,8,14,13,25,25,40,13,13
01_06_09_04_0044.bmp,0,9,4,8,14,25,11,40,40,25,12
01_06_09_04_0044.bmp,1,9,4,8,14,12,12,40,12,40,12
01_06_09_04_0047.bmp,0,9,4,8,14,12,12,40,12,40,12
01_06_09_04_0048.bmp,0,9,4,8,14,12,12,40,40,13,12
01_06_09_04_0049.bmp,0,9,4,8,14,12,12,6,12,40,12
01_06_09_04_0050.bmp,0,9,4,8,14,12,12,40,12,1,12
01_06_09_04_0053.bmp,0,9,4,8,14,12,12,40,12,40,12
01_06_09_04_0054.bmp,0,9,4,8,14,11,11,28,13,18,12
01_06_09_04_0055.bmp,0,9,4,8,14,12,12,40,12,13,12
01_06_09_04_0056.bmp,0,9,4,8,14,12,12,28,12,24,12
01_06_09_04_0064.bmp,0,9,4,8,14,13,11,18,1,18,18
01_06_09_04_0065.bmp,0,9,4,8,14,13,11,40,11,40,12
01_06_09_04_0066.bmp,0,9,4,8,14,11,11,28,1,40,12
01_06_09_04_0067.bmp,0,9,4,8,14,13,11,40,40,13,12
01_06_09_04_0068.bmp,0,9,4,8,14,13,11,28,12,13,12
01_06_09_04_0076.bmp,0,9,4,8,14,13,11,28,40,40,12
01_06_09_04_0079.bmp,0,9,4,8,14,13,18,28,40,24,18
01_06_09_04_0080.bmp,0,9,4,8,14,13,18,18,18,18,18
01_06_09_04_0084.bmp,0,9,4,8,14,12,12,40,40,24,12
01_06_09_04_0085.bmp,0,9,4,8,14,13,11,28,13,13,13
01_06_09_04_0088.bmp,0,9,4,8,14,13,25,20,40,40,13
01_11_09_04_0001.bmp,0,9,4,8,12,13,11,42,13,26,11
01_11_09_04_0006.bmp,0,9,4,8,12,38,31,42,13,13,12
01_11_09_04_0010.bmp,0,9,4,8,12,11,31,42,11,11,31
01_11_09_04_0014.bmp,0,9,4,8,12,11,11,42,11,18,11
01_11_09_04_0016.bmp,0,9,4,8,12,11,11,40,11,23,12
01_11_09_04_0023.bmp,0,9,4,8,12,11,11,6,11,40,12
01_11_09_04_0026.bmp,0,9,4,8,12,12,11,42,12,11,12
01_11_09_04_0030.bmp,0,9,4,8,12,11,11,42,11,11,11
01_11_09_04_0032.bmp,0,9,4,8,12,11,11,42,11,18,32
01_11_09_04_0034.bmp,0,9,4,8,12,13,11,28,13,20,13
01_11_09_04_0036.bmp,0,9,4,8,12,12,11,28,40,40,32
01_11_09_04_0041.bmp,0,9,4,8,12,11,11,28,11,13,32
01_11_09_04_0045.bmp,0,9,4,8,12,13,11,28,13,35,32
01_11_09_04_0059.bmp,0,9,4,8,12,13,13,28,13,13,13
01_11_09_04_0067.bmp,0,9,4,8,12,13,13,20,13,13,13
01_11_09_04_0068.bmp,0,9,4,8,12,13,11,28,13,28,18
01_11_09_04_0069.bmp,0,9,4,8,12,13,11,13,13,13,13
01_11_09_04_0074.bmp,0,9,4,8,12,13,13,11,13,13,13
01_12_09_04_0001.bmp,0,9,4,8,17,13,11,20,13,11,12
01_12_09_04_0004.bmp,1,9,4,8,17,11,31,42,11,23,12
01_12_09_04_0005.bmp,0,9,4,8,17,13,16,42,13,13,11
01_12_09_04_0006.bmp,1,9,4,8,17,11,31,11,11,35,12
01_12_09_04_0007.bmp,0,9,4,8,17,25,11,20,25,7,13
01_12_09_04_0007.bmp,1,9,4,8,17,12,31,42,12,40,31
01_12_09_04_0010.bmp,1,9,4,8,17,12,31,42,12,18,12
01_12_09_04_0012.bmp,1,9,4,8,17,12,31,28,12,40,31
01_12_09_04_0013.bmp,0,9,4,8,17,13,11,42,13,17,13
01_12_09_04_0017.bmp,1,9,4,8,17,12,31,25,12,13,31
01_12_09_04_0018.bmp,0,9,4,8,17,7,13,40,7,7,7
01_12_09_04_0020.bmp,1,9,4,8,17,11,12,11,11,1,12
01_12_09_04_0021.bmp,0,9,4,8,17,7,7,20,7,17,13
01_12_09_04_0022.bmp,0,9,4,8,17,25,7,20,25,7,7
01_12_09_04_0024.bmp,1,9,4,8,17,11,31,42,11,18,31
01_12_09_04_0025.bmp,0,9,4,8,17,25,11,40,13,11,13
01_12_09_04_0028.bmp,0,9,4,8,17,13,11,18,40,13,13
01_12_09_04_0029.bmp,0,9,4,8,17,12,12,1,12,13,12
01_12_09_04_0029.bmp,1,9,4,8,17,11,31,42,11,35,31
01_12_09_04_0033.bmp,0,9,4,8,17,13,11,18,1,13,13
01_12_09_04_0033.bmp,1,9,4,8,17,32,31,42,13,26,32
01_12_09_04_0034.bmp,0,9,4,8,17,13,11,13,13,24,13
01_12_09_04_0034.bmp,1,9,4,8,17,32,31,1,11,40,31
01_12_09_04_0038.bmp,0,9,4,8,17,13,11,13,13,13,11
01_12_09_04_0040.bmp,0,9,4,8,17,13,11,18,13,7,13
01_12_09_04_0042.bmp,0,9,4,8,17,13,11,7,13,13,13
01_12_09_04_0045.bmp,0,9,4,8,17,11,31,42,11,18,31
01_12_09_04_0049.bmp,0,9,4,8,17,25,31,12,25,23,31
01_12_09_04_0050.bmp,0,9,4,8,17,12,31,25,12,1,31
01_12_09_04_0052.bmp,0,9,4,8,17,13,11,1,13,13,36
01_12_09_04_0056.bmp,0,9,4,8,17,11,11,28,7,40,32
01_12_09_04_0057.bmp,0,9,4,8,17,13,11,12,7,28,32
01_12_09_04_0061.bmp,0,9,4,8,17,13,11,28,25,13,32
01_12_09_04_0063.bmp,0,9,4,8,17,13,13,11,13,18,13
01_12_09_04_0071.bmp,0,9,4,8,17,13,11,40,13,36,32
01_12_09_04_0073.bmp,0,9,4,8,17,11,11,20,11,18,11
01_12_09_04_0076.bmp,0,9,4,8,17,25,11,20,25,11,13
01_12_09_04_0081.bmp,0,9,4,8,17,11,11,28,11,26,11
01_12_09_04_0082.bmp,0,9,4,8,17,11,11,11,11,11,11
01_12_09_04_0083.bmp,0,9,4,8,17,11,11,11,11,7,11
01_12_09_04_0092.bmp,0,9,4,8,17,25,11,20,25,7,13
01_12_09_04_0094.bmp,0,9,4,8,17,25,11,20,25,18,13
01_12_09_04_0096.bmp,0,9,4,8,17,13,13,13,25,18,32
01_12_09_04_0101.bmp,0,9,4,8,17,11,11,20,11,18,11
01_12_09_04_0102.bmp,0,9,4,8,17,13,10,20,13,13,17
01_12_09_04_0104.bmp,0,9,4,8,17,25,11,11,25,11,11
01_12_09_04_0105.bmp,0,9,4,8,17,11,7,20,11,11,11
01_12_09_04_0111.bmp,0,9,4,8,17,25,11,20,25,13,11
01_13_09_04_0003.bmp,0,9,4,8,13,12,12,42,12,40,12
01_13_09_04_0003.bmp,1,9,4,8,13,13,13,12,13,13,13
01_13_09_04_0004.bmp,1,9,4,8,13,13,13,25,13,13,13
01_13_09_04_0011.bmp,1,9,4,8,13,13,13,13,13,13,13
01_13_09_04_0013.bmp,0,9,4,8,13,12,12,42,12,11,12
01_13_09_04_0014.bmp,1,9,4,8,13,13,13,12,13,13,13
01_13_09_04_0016.bmp,0,9,4,8,13,12,12,42,12,13,12
01_13_09_04_0017.bmp,0,9,4,8,13,12,12,40,12,13,12
01_13_09_04_0021.bmp,0,9,4,8,13,12,12,11,12,13,12
01_13_09_04_0022.bmp,0,9,4,8,13,12,12,40,13,13,12
01_13_09_04_0024.bmp,0,9,4,8,13,12,12,42,13,40,12
01_13_09_04_0026.bmp,0,9,4,8,13,13,12,40,12,35,13
01_13_09_04_0026.bmp,1,9,4,8,13,13,13,40,13,13,13
01_13_09_04_0027.bmp,0,9,4,8,13,12,12,42,12,40,12
01_13_09_04_0028.bmp,0,9,4,8,13,13,12,42,13,25,12
01_13_09_04_0028.bmp,1,9,4,8,13,13,13,13,13,13,13
01_13_09_04_0032.bmp,1,9,4,8,13,13,13,13,13,13,13
01_13_09_04_0033.bmp,1,9,4,8,13,13,13,2,13,13,13
01_13_09_04_0034.bmp,0,9,4,8,13,13,12,1,13,40,13
01_13_09_04_0035.bmp,0,9,4,8,13,12,12,12,12,13,12
01_13_09_04_0035.bmp,1,9,4,8,13,13,13,13,13,13,13
01_13_09_04_0036.bmp,1,9,4,8,13,13,13,25,13,13,13
01_13_09_04_0037.bmp,0,9,4,8,13,13,12,42,12,38,13
01_13_09_04_0040.bmp,0,9,4,8,13,13,12,42,13,13,13
01_13_09_04_0040.bmp,1,9,4,8,13,13,13,13,13,13,13
01_13_09_04_0041.bmp,0,9,4,8,13,13,13,40,12,13,12
01_13_09_04_0042.bmp,0,9,4,8,13,13,12,42,13,35,12
01_13_09_04_0042.bmp,1,9,4,8,13,13,13,13,13,13,13
01_13_09_04_0044.bmp,1,9,4,8,13,13,13,13,13,13,13
01_13_09_04_0046.bmp,0,9,4,8,13,13,13,40,13,40,13
01_13_09_04_0051.bmp,0,9,4,8,13,13,13,40,13,40,13
01_13_09_04_0052.bmp,0,9,4,8,13,13,13,40,13,13,13
01_13_09_04_0054.bmp,0,9,4,8,13,13,13,40,13,13,13
01_13_09_04_0055.bmp,0,9,4,8,13,13,13,40,13,13,13
01_13_09_04_0056.bmp,0,9,4,8,13,13,13,40,13,13,13
01_13_09_04_0057.bmp,1,9,4,8,13,13,13,13,13,13,13
01_13_09_04_0058.bmp,0,9,4,8,13,13,13,40,13,13,13
01_13_09_04_0059.bmp,0,9,4,8,13,13,13,40,13,13,13
01_13_09_04_0060.bmp,0,9,4,8,13,13,13,40,12,13,13
01_13_09_04_0060.bmp,1,9,4,8,13,13,13,13,13,13,13
01_13_09_04_0061.bmp,1,9,4,8,13,13,13,13,13,13,13
01_13_09_04_0063.bmp,1,9,4,8,13,12,12,42,12,18,12
01_13_09_04_0066.bmp,1,9,4,8,13,12,12,42,12,12,12
01_13_09_04_0067.bmp,1,9,4,8,13,12,12,42,40,35,19
01_13_09_04_0068.bmp,1,9,4,8,13,12,12,11,12,40,12
01_13_09_04_0069.bmp,1,9,4,8,13,12,31,28,12,40,12
01_13_09_04_0072.bmp,0,9,4,8,13,13,13,40,13,13,13
01_13_09_04_0072.bmp,1,9,4,8,13,12,31,42,12,40,19
01_13_09_04_0073.bmp,0,9,4,8,13,13,13,40,13,13,13
01_13_09_04_0073.bmp,1,9,4,8,13,12,12,12,12,40,12
01_13_09_04_0074.bmp,0,9,4,8,13,13,13,40,13,13,13
01_13_09_04_0076.bmp,0,9,4,8,13,13,13,40,13,40,13
01_13_09_04_0078.bmp,0,9,4,8,13,13,13,40,13,13,13
01_13_09_04_0079.bmp,0,9,4,8,13,13,13,40,13,13,13
01_13_09_04_0079.bmp,1,9,4,8,13,12,31,12,12,12,12
01_13_09_04_0082.bmp,1,9,4,8,13,12,12,40,12,33,12
01_13_09_04_0083.bmp,0,9,4,8,13,13,13,40,13,13,13
01_13_09_04_0084.bmp,0,9,4,8,13,13,13,40,13,13,13
01_13_09_04_0085.bmp,0,9,4,8,13,13,13,40,13,13,13
01_13_09_04_0087.bmp,0,9,4,8,13,13,13,13,13,13,13
01_13_09_04_0088.bmp,1,9,4,8,13,12,12,12,12,18,12
01_13_09_04_0089.bmp,1,9,4,8,13,12,12,42,12,33,12
01_13_09_04_0090.bmp,0,9,4,8,13,13,13,13,13,13,13
01_13_09_04_0090.bmp,1,9,4,8,13,12,12,25,12,40,12
01_13_09_04_0093.bmp,0,9,4,8,13,13,13,18,13,13,13
01_13_09_04_0093.bmp,1,9,4,8,13,12,31,40,12,13,12
01_13_09_04_0094.bmp,1,9,4,8,13,12,12,42,12,37,12
01_13_09_04_0095.bmp,0,9,4,8,13,13,13,13,13,13,13
01_13_09_04_0098.bmp,1,9,4,8,13,12,31,6,12,13,12
01_13_09_04_0099.bmp,1,9,4,8,13,12,12,11,12,18,12
01_13_09_04_0100.bmp,0,9,4,8,13,13,13,13,13,13,13
01_13_09_04_0101.bmp,0,9,4,8,13,13,13,13,13,13,13
01_13_09_04_0101.bmp,1,9,4,8,13,12,12,42,12,40,12
01_13_09_04_0105.bmp,1,9,4,8,13,12,12,40,12,40,19
01_13_09_04_0107.bmp,0,9,4,8,13,13,13,13,13,40,13
01_13_09_04_0108.bmp,0,9,4,8,13,13,13,11,11,40,13
01_13_09_04_0109.bmp,1,9,4,8,13,12,12,42,12,40,12
01_13_09_04_0110.bmp,0,9,4,8,13,13,13,40,13,13,13
01_13_09_04_0110.bmp,1,9,4,8,13,12,12,40,12,11,12
01_13_09_04_0111.bmp,0,9,4,8,13,13,13,40,40,13,13
01_13_09_04_0112.bmp,0,9,4,8,13,13,13,40,40,13,13
01_13_09_04_0113.bmp,1,9,4,8,13,12,12,28,40,40,12
01_13_09_04_0114.bmp,1,9,4,8,13,12,12,40,12,13,12
01_13_09_04_0115.bmp,0,9,4,8,13,12,31,6,40,40,12
01_13_09_04_0115.bmp,1,9,4,8,13,12,11,40,12,13,11
01_13_09_04_0116.bmp,1,9,4,8,13,12,12,20,12,40,12
01_13_09_04_0117.bmp,1,9,4,8,13,12,12,40,12,1,12
01_13_09_04_0118.bmp,0,9,4,8,13,12,31,6,12,13,12
01_13_09_04_0118.bmp,1,9,4,8,13,12,11,40,12,18,12
01_13_09_04_0119.bmp,0,9,4,8,13,12,31,42,12,13,32
01_13_09_04_0119.bmp,1,9,4,8,13,12,11,40,12,13,12
01_13_09_04_0122.bmp,1,9,4,8,13,12,12,20,12,40,12
01_13_09_04_0123.bmp,0,9,4,8,13,12,12,12,13,13,12
01_13_09_04_0124.bmp,0,9,4,8,13,13,13,40,13,40,32
01_13_09_04_0124.bmp,1,9,4,8,13,12,11,28,12,11,12
01_13_09_04_0125.bmp,0,9,4,8,13,12,13,40,13,13,12
01_13_09_04_0125.bmp,1,9,4,8,13,11,12,40,11,40,12
01_13_09_04_0126.bmp,0,9,4,8,13,12,13,40,12,13,12
01_13_09_04_0128.bmp,1,9,4,8,13,12,11,40,40,13,12
01_13_09_04_0129.bmp,0,9,4,8,13,12,12,40,40,13,12
01_13_09_04_0130.bmp,0,9,4,8,13,12,11,28,40,28,12
01_13_09_04_0131.bmp,0,9,4,8,13,13,13,40,40,13,12
01_13_09_04_0131.bmp,1,9,4,8,13,11,11,28,11,18,12
01_13_09_04_0132.bmp,0,9,4,8,13,12,12,40,13,13,12
01_13_09_04_0133.bmp,1,9,4,8,13,40,11,40,40,40,12
01_13_09_04_0134.bmp,1,9,4,8,13,12,11,40,12,40,12
01_13_09_04_0136.bmp,1,9,4,8,13,11,11,28,12,28,12
01_13_09_04_0137.bmp,0,9,4,8,13,40,13,40,40,40,12
01_13_09_04_0137.bmp,1,9,4,8,13,11,11,28,11,13,11
01_13_09_04_0138.bmp,0,9,4,8,13,40,13,40,40,40,12
01_13_09_04_0139.bmp,0,9,4,8,13,40,11,28,40,13,32
01_13_09_04_0139.bmp,1,9,4,8,13,12,11,40,12,40,12
01_13_09_04_0140.bmp,1,9,4,8,13,12,12,40,12,13,12
01_13_09_04_0143.bmp,1,9,4,8,13,12,11,40,12,13,12
01_13_09_04_0146.bmp,0,9,4,8,13,13,13,28,40,13,13
01_13_09_04_0149.bmp,0,9,4,8,13,13,13,40,40,13,12
01_13_09_04_0149.bmp,1,9,4,8,13,12,11,28,12,11,12
01_13_09_04_0150.bmp,0,9,4,8,13,13,13,40,40,13,13
01_13_09_04_0150.bmp,1,9,4,8,13,12,11,40,40,40,12
01_13_09_04_0151.bmp,0,9,4,8,13,13,13,40,40,13,13
01_13_09_04_0154.bmp,0,9,4,8,13,13,13,40,40,40,13
01_13_09_04_0154.bmp,1,9,4,8,13,12,11,40,12,13,12
01_13_09_04_0155.bmp,0,9,4,8,13,13,13,40,40,13,13
01_13_09_04_0159.bmp,0,9,4,8,13,13,13,13,40,13,13
01_13_09_04_0160.bmp,0,9,4,8,13,13,13,40,40,13,13
01_13_09_04_0160.bmp,1,9,4,8,13,12,12,18,12,18,12
01_13_09_04_0162.bmp,1,9,4,8,13,12,11,20,12,24,12
01_13_09_04_0163.bmp,0,9,4,8,13,13,13,13,40,13,13
01_13_09_04_0164.bmp,0,9,4,8,13,13,13,40,40,13,13
01_13_09_04_0164.bmp,1,9,4,8,13,12,11,40,12,40,12
01_13_09_04_0165.bmp,0,9,4,8,13,40,13,40,40,13,13
01_13_09_04_0166.bmp,1,9,4,8,13,12,11,40,12,13,12
01_13_09_04_0168.bmp,1,9,4,8,13,12,11,40,12,13,12
01_13_09_04_0170.bmp,0,9,4,8,13,12,31,12,12,13,12
01_13_09_04_0170.bmp,1,9,4,8,13,12,12,40,12,24,12
01_13_09_04_0171.bmp,0,9,4,8,13,12,31,42,12,40,12
01_13_09_04_0172.bmp,0,9,4,8,13,12,12,42,13,18,12
01_13_09_04_0172.bmp,1,9,4,8,13,12,11,40,12,40,18
01_13_09_04_0173.bmp,0,9,4,8,13,12,31,11,12,1,12
01_13_09_04_0173.bmp,1,9,4,8,13,13,11,40,40,24,12
01_13_09_04_0174.bmp,0,9,4,8,13,12,31,42,12,40,12
01_13_09_04_0174.bmp,1,9,4,8,13,12,12,40,12,40,12
01_13_09_04_0175.bmp,1,9,4,8,13,13,11,40,40,7,18
01_13_09_04_0176.bmp,1,9,4,8,13,12,11,40,40,40,12
01_13_09_04_0177.bmp,1,9,4,8,13,12,12,40,12,13,12
01_13_09_04_0178.bmp,0,9,4,8,13,12,31,42,12,40,12
01_13_09_04_0178.bmp,1,9,4,8,13,12,11,40,12,13,12
01_13_09_04_0179.bmp,0,9,4,8,13,12,31,1,40,7,19
01_13_09_04_0179.bmp,1,9,4,8,13,12,12,40,40,40,12
01_13_09_04_0180.bmp,0,9,4,8,13,12,31,42,12,13,12
01_13_09_04_0182.bmp,0,9,4,8,13,12,31,42,12,40,19
01_13_09_04_0182.bmp,1,9,4,8,13,12,12,40,12,13,12
01_13_09_04_0185.bmp,0,9,4,8,13,12,31,11,13,12,12
01_13_09_04_0193.bmp,1,9,4,8,13,12,11,40,12,13,12
01_13_09_04_0196.bmp,0,9,4,8,13,12,31,6,12,40,12
01_13_09_04_0197.bmp,1,9,4,8,13,12,11,40,40,40,12
01_13_09_04_0199.bmp,0,9,4,8,13,13,31,12,13,33,12
01_13_09_04_0202.bmp,0,9,4,8,13,12,12,1,12,40,12
01_13_09_04_0203.bmp,0,9,4,8,13,12,12,6,13,40,12
01_13_09_04_0206.bmp,0,9,4,8,13,12,12,0,12,12,12
01_13_09_04_0207.bmp,1,9,4,8,13,12,11,40,12,13,12
01_13_09_04_0209.bmp,0,9,4,8,13,12,12,40,12,40,12
01_13_09_04_0209.bmp,1,9,4,8,13,13,11,40,13,13,12
01_13_09_04_0210.bmp,1,9,4,8,13,12,12,40,12,24,12
01_13_09_04_0212.bmp,0,9,4,8,13,12,12,40,12,40,12
01_13_09_04_0212.bmp,1,9,4,8,13,12,11,40,40,24,12
01_13_09_04_0214.bmp,0,9,4,8,13,13,12,40,40,40,12
01_13_09_04_0214.bmp,1,9,4,8,13,12,12,40,12,40,12
01_13_09_04_0215.bmp,1,9,4,8,13,12,11,20,12,13,12
01_13_09_04_0216.bmp,0,9,4,8,13,13,12,40,13,13,13
01_13_09_04_0216.bmp,1,9,4,8,13,12,12,40,12,13,12
01_13_09_04_0217.bmp,1,9,4,8,13,12,12,40,12,24,12
01_13_09_04_0219.bmp,1,9,4,8,13,12,11,40,12,13,12
01_13_09_04_0220.bmp,0,9,4,8,13,13,13,40,40,13,12
01_13_09_04_0221.bmp,0,9,4,8,13,13,13,20,40,13,13
01_13_09_04_0222.bmp,0,9,4,8,13,13,13,40,40,13,13
01_13_09_04_0223.bmp,1,9,4,8,13,12,12,40,12,40,12
01_13_09_04_0226.bmp,0,9,4,8,13,13,13,40,13,13,13
01_13_09_04_0227.bmp,0,9,4,8,13,13,13,40,40,13,12
01_13_09_04_0227.bmp,1,9,4,8,13,12,11,40,12,13,12
01_13_09_04_0231.bmp,0,9,4,8,13,13,13,40,40,13,13
01_13_09_04_0232.bmp,1,9,4,8,13,12,12,40,12,13,12
01_13_09_04_0233.bmp,0,9,4,8,13,13,13,40,40,13,13
01_13_09_04_0235.bmp,0,9,4,8,13,13,13,28,13,13,13
01_13_09_04_0236.bmp,0,9,4,8,13,13,13,13,13,13,13
01_13_09_04_0236.bmp,1,9,4,8,13,12,12,40,12,24,12
01_13_09_04_0238.bmp,1,9,4,8,13,12,12,20,12,13,12
01_13_09_04_0240.bmp,0,9,4,8,13,13,13,13,13,13,13
01_13_09_04_0240.bmp,1,9,4,8,13,13,11,40,12,13,13
01_13_09_04_0242.bmp,1,9,4,8,13,13,11,40,12,13,13
01_13_09_04_0244.bmp,1,9,4,8,13,12,12,40,12,24,12
01_13_09_04_0245.bmp,0,9,4,8,13,13,13,25,25,40,13
01_13_09_04_0246.bmp,0,9,4,8,13,12,12,40,40,13,12
01_13_09_04_0246.bmp,1,9,4,8,13,12,12,40,12,13,12
01_13_09_04_0247.bmp,1,9,4,8,13,12,11,20,12,13,13
01_13_09_04_0249.bmp,0,9,4,8,13,13,13,13,13,13,13
01_13_09_04_0250.bmp,0,9,4,8,13,13,13,13,13,13,13
01_13_09_04_0251.bmp,0,9,4,8,13,13,13,40,40,13,13
01_13_09_04_0252.bmp,0,9,4,8,13,13,13,13,13,13,13
01_13_09_04_0253.bmp,0,9,4,8,13,13,13,13,13,13,13
01_13_09_04_0258.bmp,1,9,4,8,13,12,11,40,12,13,12
01_13_09_04_0259.bmp,1,9,4,8,13,12,12,40,12,13,12
01_13_09_04_0260.bmp,0,9,4,8,13,13,13,40,13,13,13
01_13_09_04_0261.bmp,0,9,4,8,13,13,13,13,13,13,13
01_13_09_04_0262.bmp,0,9,4,8,13,13,13,40,13,13,13
01_13_09_04_0263.bmp,1,9,4,8,13,12,11,40,12,13,12
01_13_09_04_0264.bmp,0,9,4,8,13,13,13,40,40,40,13
01_13_09_04_0264.bmp,1,9,4,8,13,12,11,40,12,13,12
01_13_09_04_0265.bmp,0,9,4,8,13,13,13,40,13,13,13
01_13_09_04_0266.bmp,1,9,4,8,13,12,12,40,12,40,12
01_13_09_04_0267.bmp,0,9,4,8,13,13,13,40,40,13,13
01_13_09_04_0267.bmp,1,9,4,8,13,12,12,40,12,13,12
01_13_09_04_0269.bmp,0,9,4,8,13,13,13,13,40,13,13
01_13_09_04_0272.bmp,0,9,4,8,13,12,12,40,12,13,12
01_13_09_04_0273.bmp,0,9,4,8,13,12,12,40,12,13,12
01_13_09_04_0275.bmp,0,9,4,8,13,12,11,40,12,24,12
01_13_09_04_0278.bmp,0,9,4,8,13,12,11,40,12,13,12
01_13_09_04_0280.bmp,0,9,4,8,13,13,12,40,13,13,13
01_13_09_04_0287.bmp,0,9,4,8,13,12,12,40,40,40,12
01_13_09_04_0289.bmp,0,9,4,8,13,12,12,40,12,13,13
01_13_09_04_0291.bmp,0,9,4,8,13,12,12,40,12,13,12
01_13_09_04_0299.bmp,0,9,4,8,13,12,12,40,12,40,12
01_13_09_04_0306.bmp,0,9,4,8,13,12,11,40,12,40,12
01_13_09_04_0308.bmp,0,9,4,8,13,12,12,40,12,13,12
01_13_09_04_0311.bmp,0,9,4,8,13,12,11,13,12,40,12
01_13_09_04_0312.bmp,0,9,4,8,13,12,12,40,12,13,12
01_13_09_04_0314.bmp,0,9,4,8,13,12,12,40,40,13,12
01_13_09_04_0315.bmp,0,9,4,8,13,12,11,40,12,13,12
01_13_09_04_0316.bmp,0,9,4,8,13,12,11,40,12,13,12
01_13_09_04_0327.bmp,0,9,4,8,13,12,11,40,40,13,12
01_13_09_04_0328.bmp,0,9,4,8,13,12,11,40,12,40,12
01_13_09_04_0333.bmp,0,9,4,8,13,25,11,20,12,13,18
01_13_09_04_0334.bmp,0,9,4,8,13,12,11,40,12,40,18
01_13_09_04_0336.bmp,0,9,4,8,13,12,12,40,12,13,18
01_13_09_04_0337.bmp,0,9,4,8,13,25,11,28,25,13,25
01_13_09_04_0342.bmp,0,9,4,8,13,13,11,40,12,40,12
01_13_09_04_0351.bmp,0,9,4,8,13,13,25,25,40,13,13
01_13_09_04_0352.bmp,0,9,4,8,13,40,11,40,40,40,12
01_13_09_04_0355.bmp,0,9,4,8,13,13,12,25,40,40,12
01_13_09_04_0361.bmp,0,9,4,8,13,13,13,13,13,13,13
01_13_09_04_0363.bmp,0,9,4,8,13,13,13,28,13,13,13
01_13_09_04_0366.bmp,0,9,4,8,13,13,13,13,13,13,13
01_13_09_04_0369.bmp,0,9,4,8,13,13,13,13,13,13,13
01_13_09_04_0372.bmp,0,9,4,8,13,13,13,24,13,13,13
01_13_09_04_0375.bmp,0,9,4,8,13,13,13,13,13,13,13
01_13_09_04_0376.bmp,0,9,4,8,13,13,13,13,13,7,13
01_13_09_04_0377.bmp,0,9,4,8,13,13,13,13,13,13,13
01_13_09_04_0381.bmp,0,9,4,8,13,13,13,13,13,13,13
01_13_09_04_0384.bmp,0,9,4,8,13,13,13,40,13,13,13
01_13_09_04_0389.bmp,0,9,4,8,13,12,12,42,12,35,12
01_13_09_04_0392.bmp,0,9,4,8,13,12,12,42,12,40,12
01_13_09_04_0395.bmp,0,9,4,8,13,12,12,42,12,7,12
01_13_09_04_0398.bmp,0,9,4,8,13,12,12,42,12,12,12
01_13_09_04_0399.bmp,0,9,4,8,13,12,12,42,12,13,12
01_13_09_04_0400.bmp,0,9,4,8,13,12,12,42,13,13,12
01_13_09_04_0401.bmp,0,9,4,8,13,12,12,42,12,13,12
01_13_09_04_0405.bmp,0,9,4,8,13,12,12,25,12,13,12
01_13_09_04_0409.bmp,0,9,4,8,13,12,12,42,12,40,12
01_13_09_04_0413.bmp,0,9,4,8,13,12,12,11,12,35,12
01_13_09_04_0418.bmp,0,9,4,8,13,12,31,42,12,13,12
01_13_09_04_0424.bmp,0,9,4,8,13,13,31,42,13,13,12
01_13_09_04_0425.bmp,0,9,4,8,13,12,12,42,12,13,12
01_13_09_04_0429.bmp,0,9,4,8,13,12,12,12,13,13,12
01_13_09_04_0430.bmp,0,9,4,8,13,13,12,40,12,40,12
01_13_09_04_0432.bmp,0,9,4,8,13,12,12,40,13,40,12
01_13_09_04_0434.bmp,0,9,4,8,13,13,13,11,13,13,12
01_13_09_04_0439.bmp,0,9,4,8,13,13,12,11,13,40,12
01_13_09_04_0442.bmp,0,9,4,8,13,13,13,40,13,40,32
01_13_09_04_0443.bmp,0,9,4,8,13,12,12,40,13,13,12
01_13_09_04_0444.bmp,0,9,4,8,13,12,12,13,12,13,12
01_13_09_04_0448.bmp,0,9,4,8,13,12,12,13,13,13,12
01_13_09_04_0450.bmp,0,9,4,8,13,13,13,13,13,40,13
01_13_09_04_0452.bmp,0,9,4,8,13,12,12,40,40,40,12
01_13_09_04_0455.bmp,0,9,4,8,13,13,13,40,13,40,13
01_13_09_04_0456.bmp,0,9,4,8,13,13,12,40,13,40,12
01_13_09_04_0461.bmp,0,9,4,8,13,13,12,40,40,40,12
01_13_09_04_0462.bmp,0,9,4,8,13,13,13,40,13,13,13
01_13_09_04_0463.bmp,0,9,4,8,13,13,13,40,13,13,13
01_13_09_04_0464.bmp,0,9,4,8,13,13,13,40,13,13,13
01_13_09_04_0465.bmp,0,9,4,8,13,13,13,40,13,1,13
01_13_09_04_0466.bmp,0,9,4,8,13,13,13,40,13,40,13
01_13_09_04_0471.bmp,0,9,4,8,13,13,13,40,13,13,13
01_13_09_04_0473.bmp,0,9,4,8,13,13,13,40,13,13,13
01_13_09_04_0475.bmp,0,9,4,8,13,13,13,40,13,13,13
01_13_09_04_0476.bmp,0,9,4,8,13,13,13,40,13,13,13
01_13_09_04_0480.bmp,0,9,4,8,13,13,13,40,12,13,13
01_13_09_04_0485.bmp,0,9,4,8,13,13,13,40,40,13,13
01_13_09_04_0486.bmp,0,9,4,8,13,13,13,40,40,13,13
01_13_09_04_0490.bmp,0,9,4,8,13,13,12,40,13,13,13
01_13_09_04_0492.bmp,0,9,4,8,13,13,13,13,13,13,13
01_13_09_04_0495.bmp,0,9,4,8,13,13,13,40,13,13,13
01_13_09_04_0497.bmp,0,9,4,8,13,13,13,40,40,13,13
01_13_09_04_0499.bmp,0,9,4,8,13,13,13,13,13,13,13
01_13_09_04_0500.bmp,0,9,4,8,13,13,13,40,40,13,13
01_13_09_04_0501.bmp,0,9,4,8,13,13,13,13,40,13,13
01_13_09_04_0505.bmp,0,9,4,8,13,13,13,13,13,13,13
01_13_09_04_0508.bmp,0,9,4,8,13,13,13,13,13,13,13
01_13_09_04_0510.bmp,0,9,4,8,13,13,13,24,13,13,13
01_13_09_04_0511.bmp,0,9,4,8,13,13,13,24,13,24,13
01_13_09_04_0514.bmp,0,9,4,8,13,13,13,40,40,13,13
01_13_09_04_0516.bmp,0,9,4,8,13,32,31,42,12,40,12
01_13_09_04_0519.bmp,0,9,4,8,13,12,31,42,12,40,12
01_13_09_04_0521.bmp,0,9,4,8,13,12,31,42,12,35,19
01_13_09_04_0523.bmp,0,9,4,8,13,12,11,40,13,40,12
01_13_09_04_0525.bmp,0,9,4,8,13,12,12,40,12,12,12
01_13_09_04_0526.bmp,0,9,4,8,13,12,31,42,12,35,12
01_13_09_04_0533.bmp,0,9,4,8,13,12,12,40,12,35,12
01_13_09_04_0537.bmp,0,9,4,8,13,12,12,40,40,40,12
01_13_09_04_0538.bmp,0,9,4,8,13,12,31,42,12,40,12
01_13_09_04_0539.bmp,0,9,4,8,13,12,12,40,12,13,12
01_13_09_04_0542.bmp,0,9,4,8,13,12,12,42,12,12,12
01_13_09_04_0544.bmp,0,9,4,8,13,13,12,11,13,13,13
01_13_09_04_0545.bmp,0,9,4,8,13,12,12,11,12,40,12
01_13_09_04_0547.bmp,0,9,4,8,13,12,12,12,12,12,12
01_13_09_04_0549.bmp,0,9,4,8,13,12,12,40,12,40,12
01_13_09_04_0550.bmp,0,9,4,8,13,12,12,42,12,40,12
01_13_09_04_0554.bmp,0,9,4,8,13,12,31,11,12,18,12
01_13_09_04_0557.bmp,0,9,4,8,13,12,12,40,12,13,12
01_13_09_04_0559.bmp,0,9,4,8,13,12,12,40,12,40,12
01_13_09_04_0561.bmp,0,9,4,8,13,12,12,40,12,13,12
01_13_09_04_0564.bmp,0,9,4,8,13,12,31,42,12,35,12
01_13_09_04_0565.bmp,0,9,4,8,13,12,12,40,12,40,12
01_13_09_04_0566.bmp,0,9,4,8,13,12,31,42,12,13,19
01_13_09_04_0567.bmp,0,9,4,8,13,12,12,40,12,18,12
01_13_09_04_0570.bmp,0,9,4,8,13,12,31,12,12,40,12
01_13_09_04_0571.bmp,0,9,4,8,13,12,12,40,12,13,12
01_13_09_04_0573.bmp,0,9,4,8,13,12,12,28,12,13,12
01_13_09_04_0581.bmp,0,9,4,8,13,12,12,40,12,24,12
01_13_09_04_0584.bmp,0,9,4,8,13,13,31,6,13,12,12
01_13_09_04_0586.bmp,0,9,4,8,13,13,12,40,13,13,12
01_13_09_04_0588.bmp,0,9,4,8,13,12,12,40,12,35,12
01_13_09_04_0589.bmp,0,9,4,8,13,13,13,28,13,40,13
01_13_09_04_0590.bmp,0,9,4,8,13,12,12,40,12,18,12
01_13_09_04_0592.bmp,0,9,4,8,13,13,12,40,13,13,32
01_13_09_04_0594.bmp,0,9,4,8,13,13,11,6,13,40,12
01_13_09_04_0595.bmp,0,9,4,8,13,13,11,40,13,40,12
01_13_09_04_0600.bmp,0,9,4,8,13,12,18,40,12,24,18
01_13_09_04_0601.bmp,0,9,4,8,13,13,11,12,13,40,12
01_13_09_04_0605.bmp,0,9,4,8,13,12,11,40,12,13,12
01_13_09_04_0607.bmp,0,9,4,8,13,13,12,40,12,40,13
01_13_09_04_0609.bmp,0,9,4,8,13,13,11,40,40,13,12
01_13_09_04_0610.bmp,0,9,4,8,13,13,12,28,12,13,18
01_13_09_04_0612.bmp,0,9,4,8,13,13,13,40,40,13,13
01_13_09_04_0625.bmp,0,9,4,8,13,25,25,25,40,13,12
01_03_09_05_0001.bmp,0,9,5,8,9,13,16,40,25,13,12
01_03_09_05_0006.bmp,0,9,5,8,9,25,12,40,25,25,12
01_03_09_05_0012.bmp,0,9,5,8,9,13,16,25,13,40,12
01_03_09_05_0015.bmp,0,9,5,8,9,13,16,36,11,26,16
01_03_09_05_0018.bmp,0,9,5,8,9,12,12,40,13,13,12
01_03_09_05_0021.bmp,0,9,5,8,9,12,12,42,12,13,12
01_03_09_05_0024.bmp,0,9,5,8,9,12,16,40,12,33,12
01_03_09_05_0036.bmp,0,9,5,8,9,40,11,40,40,13,12
01_03_09_05_0042.bmp,0,9,5,8,9,12,12,40,40,1,12
01_03_09_05_0043.bmp,0,9,5,8,9,13,12,40,40,25,12
01_03_09_05_0044.bmp,0,9,5,8,9,13,11,40,40,40,12
01_03_09_05_0046.bmp,0,9,5,8,9,12,12,20,40,24,12
01_03_09_05_0048.bmp,0,9,5,8,9,13,12,40,40,40,12
01_03_09_05_0050.bmp,0,9,5,8,9,13,11,40,40,40,13
01_03_09_05_0051.bmp,0,9,5,8,9,13,25,40,40,13,13
01_03_09_05_0055.bmp,0,9,5,8,9,13,11,40,40,13,12
01_03_09_05_0056.bmp,0,9,5,8,9,13,13,25,13,40,13
01_03_09_05_0058.bmp,0,9,5,8,9,13,25,40,13,40,13
01_03_09_05_0061.bmp,0,9,5,8,9,13,13,13,13,13,13
01_03_09_05_0062.bmp,0,9,5,8,9,13,11,20,13,24,13
01_03_09_05_0066.bmp,0,9,5,8,9,13,11,25,13,13,13
01_03_09_05_0068.bmp,0,9,5,8,9,13,11,40,13,24,13
01_03_09_05_0069.bmp,0,9,5,8,9,13,13,20,13,40,13
01_03_09_05_0072.bmp,0,9,5,8,9,13,11,20,13,24,13
01_03_09_05_0075.bmp,0,9,5,8,9,13,13,13,13,13,13
01_03_09_05_0077.bmp,0,9,5,8,9,13,13,20,13,13,13
01_03_09_05_0078.bmp,0,9,5,8,9,13,11,25,13,24,13
01_03_09_05_0082.bmp,0,9,5,8,9,25,11,25,13,13,13
01_03_09_05_0083.bmp,0,9,5,8,9,25,25,25,25,25,13
01_06_09_05_0002.bmp,1,9,5,8,14,11,12,11,11,35,12
01_06_09_05_0003.bmp,1,9,5,8,14,12,12,40,12,18,12
01_06_09_05_0004.bmp,1,9,5,8,14,12,12,40,12,11,12
01_06_09_05_0007.bmp,0,9,5,8,14,18,18,1,18,18,18
01_06_09_05_0007.bmp,1,9,5,8,14,12,12,40,12,40,12
01_06_09_05_0012.bmp,0,9,5,8,14,13,11,13,13,24,18
01_06_09_05_0012.bmp,1,9,5,8,14,12,12,40,12,14,12
01_06_09_05_0013.bmp,1,9,5,8,14,11,12,40,11,40,18
01_06_09_05_0014.bmp,0,9,5,8,14,13,11,20,13,40,18
01_06_09_05_0015.bmp,0,9,5,8,14,13,1,28,13,13,18
01_06_09_05_0015.bmp,1,9,5,8,14,12,12,18,18,11,18
01_06_09_05_0016.bmp,1,9,5,8,14,18,12,28,18,18,18
01_06_09_05_0017.bmp,1,9,5,8,14,11,11,40,13,13,18
01_06_09_05_0021.bmp,0,9,5,8,14,13,11,13,13,13,13
01_06_09_05_0022.bmp,1,9,5,8,14,12,12,12,12,18,12
01_06_09_05_0024.bmp,0,9,5,8,14,13,11,18,18,24,18
01_06_09_05_0026.bmp,1,9,5,8,14,13,11,40,13,40,18
01_06_09_05_0029.bmp,0,9,5,8,14,13,18,13,13,13,13
01_06_09_05_0029.bmp,1,9,5,8,14,13,11,40,13,24,18
01_06_09_05_0030.bmp,0,9,5,8,14,13,25,24,13,13,13
01_06_09_05_0030.bmp,1,9,5,8,14,13,11,18,13,40,18
01_06_09_05_0031.bmp,0,9,5,8,14,13,11,28,13,13,18
01_06_09_05_0031.bmp,1,9,5,8,14,12,12,42,12,40,12
01_06_09_05_0035.bmp,0,9,5,8,14,13,13,18,13,13,13
01_06_09_05_0037.bmp,1,9,5,8,14,12,12,42,40,40,12
01_06_09_05_0038.bmp,0,9,5,8,14,13,18,24,40,13,13
01_06_09_05_0039.bmp,0,9,5,8,14,13,25,24,40,24,13
01_06_09_05_0039.bmp,1,9,5,8,14,12,12,6,12,40,12
01_06_09_05_0040.bmp,1,9,5,8,14,12,12,6,12,40,12
01_06_09_05_0041.bmp,1,9,5,8,14,12,12,42,12,35,12
01_06_09_05_0042.bmp,0,9,5,8,14,13,11,13,40,24,13
01_06_09_05_0043.bmp,1,9,5,8,14,12,12,40,12,40,12
01_06_09_05_0046.bmp,0,9,5,8,14,12,12,40,12,40,12
01_06_09_05_0048.bmp,0,9,5,8,14,12,12,40,40,40,12
01_06_09_05_0050.bmp,0,9,5,8,14,12,12,40,12,26,12
01_06_09_05_0051.bmp,0,9,5,8,14,12,12,40,12,13,12
01_06_09_05_0055.bmp,0,9,5,8,14,12,11,40,12,40,12
01_06_09_05_0056.bmp,0,9,5,8,14,12,12,28,12,13,12
01_06_09_05_0059.bmp,0,9,5,8,14,12,11,28,12,24,18
01_06_09_05_0064.bmp,0,9,5,8,14,11,11,28,1,24,18
01_06_09_05_0066.bmp,0,9,5,8,14,12,11,40,12,40,12
01_06_09_05_0067.bmp,0,9,5,8,14,11,11,40,1,40,12
01_06_09_05_0068.bmp,0,9,5,8,14,13,11,1,12,24,12
01_06_09_05_0070.bmp,0,9,5,8,14,13,25,18,18,1,18
01_06_09_05_0074.bmp,0,9,5,8,14,13,11,40,1,40,18
01_06_09_05_0075.bmp,0,9,5,8,14,12,11,28,1,13,18
01_06_09_05_0076.bmp,0,9,5,8,14,13,11,28,40,40,12
01_06_09_05_0080.bmp,0,9,5,8,14,18,18,18,18,18,18
01_06_09_05_0085.bmp,0,9,5,8,14,13,11,28,13,18,13
01_06_09_05_0088.bmp,0,9,5,8,14,13,25,24,13,13,13
01_06_09_05_0089.bmp,0,9,5,8,14,25,25,2,40,40,25
01_11_09_05_0002.bmp,0,9,5,8,12,11,31,42,11,1,11
01_11_09_05_0003.bmp,0,9,5,8,12,11,16,6,11,23,12
01_11_09_05_0013.bmp,0,9,5,8,12,38,31,2,38,40,31
01_11_09_05_0019.bmp,0,9,5,8,12,11,11,6,11,35,12
01_11_09_05_0020.bmp,0,9,5,8,12,11,11,42,11,40,11
01_11_09_05_0021.bmp,0,9,5,8,12,11,11,11,11,18,18
01_11_09_05_0022.bmp,0,9,5,8,12,18,11,40,1,11,18
01_11_09_05_0024.bmp,0,9,5,8,12,12,11,11,12,13,12
01_11_09_05_0027.bmp,0,9,5,8,12,12,11,11,12,18,11
01_11_09_05_0028.bmp,0,9,5,8,12,12,12,40,12,26,12
01_11_09_05_0031.bmp,0,9,5,8,12,13,11,40,13,18,12
01_11_09_05_0033.bmp,0,9,5,8,12,12,12,36,12,35,12
01_11_09_05_0038.bmp,0,9,5,8,12,13,11,28,13,18,12
01_11_09_05_0039.bmp,0,9,5,8,12,13,11,20,40,18,12
01_11_09_05_0041.bmp,0,9,5,8,12,13,11,42,13,13,12
01_11_09_05_0045.bmp,0,9,5,8,12,13,11,28,13,13,12
01_11_09_05_0047.bmp,0,9,5,8,12,18,11,28,18,28,18
01_11_09_05_0049.bmp,0,9,5,8,12,13,1,28,13,40,12
01_11_09_05_0050.bmp,0,9,5,8,12,13,11,28,18,18,18
01_11_09_05_0052.bmp,0,9,5,8,12,12,11,28,1,18,12
01_11_09_05_0060.bmp,0,9,5,8,12,13,11,40,13,13,13
01_11_09_05_0061.bmp,0,9,5,8,12,13,11,18,18,18,18
01_11_09_05_0062.bmp,0,9,5,8,12,13,11,11,11,40,11
01_11_09_05_0064.bmp,0,9,5,8,12,13,11,28,13,40,13
01_11_09_05_0065.bmp,0,9,5,8,12,12,11,28,12,40,12
01_11_09_05_0069.bmp,0,9,5,8,12,13,11,13,13,13,13
01_11_09_05_0077.bmp,0,9,5,8,12,13,13,13,13,13,13
01_11_09_05_0078.bmp,0,9,5,8,12,13,13,13,13,13,13
01_11_09_05_0080.bmp,0,9,5,8,12,13,11,13,13,24,13
01_12_09_05_0002.bmp,0,9,5,8,17,13,11,28,12,1,13
01_12_09_05_0004.bmp,0,9,5,8,17,13,13,42,13,13,13
01_12_09_05_0005.bmp,0,9,5,8,17,13,16,42,7,7,13
01_12_09_05_0006.bmp,1,9,5,8,17,12,12,11,13,12,12
01_12_09_05_0009.bmp,0,9,5,8,17,13,13,28,13,26,13
01_12_09_05_0009.bmp,1,9,5,8,17,12,31,11,35,40,12
01_12_09_05_0011.bmp,0,9,5,8,17,7,11,40,7,18,13
01_12_09_05_0011.bmp,1,9,5,8,17,12,31,42,12,25,12
01_12_09_05_0012.bmp,0,9,5,8,17,13,13,28,13,26,13
01_12_09_05_0012.bmp,1,9,5,8,17,12,31,42,25,40,12
01_12_09_05_0013.bmp,0,9,5,8,17,11,11,28,18,18,11
01_12_09_05_0015.bmp,0,9,5,8,17,13,13,20,7,18,18
01_12_09_05_0017.bmp,1,9,5,8,17,12,31,12,12,18,12
01_12_09_05_0018.bmp,1,9,5,8,17,12,31,42,13,18,18
01_12_09_05_0021.bmp,1,9,5,8,17,12,31,42,12,35,12
01_12_09_05_0022.bmp,1,9,5,8,17,12,31,12,12,26,31
01_12_09_05_0024.bmp,1,9,5,8,17,12,31,42,12,18,12
01_12_09_05_0025.bmp,1,9,5,8,17,12,31,42,13,7,12
01_12_09_05_0028.bmp,1,9,5,8,17,11,31,42,12,25,12
01_12_09_05_0032.bmp,0,9,5,8,17,13,12,40,12,13,12
01_12_09_05_0032.bmp,1,9,5,8,17,32,31,42,13,40,31
01_12_09_05_0033.bmp,0,9,5,8,17,13,11,28,1,13,18
01_12_09_05_0033.bmp,1,9,5,8,17,12,31,11,35,26,12
01_12_09_05_0034.bmp,0,9,5,8,17,13,11,28,13,24,12
01_12_09_05_0035.bmp,0,9,5,8,17,13,13,28,1,24,18
01_12_09_05_0035.bmp,1,9,5,8,17,12,12,12,35,40,12
01_12_09_05_0036.bmp,1,9,5,8,17,13,12,12,13,36,38
01_12_09_05_0037.bmp,0,9,5,8,17,13,11,13,13,24,13
01_12_09_05_0038.bmp,0,9,5,8,17,13,11,13,13,24,11
01_12_09_05_0040.bmp,0,9,5,8,17,13,11,24,13,24,13
01_12_09_05_0040.bmp,1,9,5,8,17,12,31,11,25,7,31
01_12_09_05_0041.bmp,0,9,5,8,17,13,18,18,13,13,18
01_12_09_05_0043.bmp,0,9,5,8,17,13,25,13,13,13,13
01_12_09_05_0044.bmp,0,9,5,8,17,11,31,23,11,13,31
01_12_09_05_0045.bmp,0,9,5,8,17,11,31,42,11,11,11
01_12_09_05_0051.bmp,0,9,5,8,17,25,31,11,25,13,31
01_12_09_05_0052.bmp,0,9,5,8,17,13,31,42,13,13,38
01_12_09_05_0056.bmp,0,9,5,8,17,11,11,11,11,7,18
01_12_09_05_0060.bmp,0,9,5,8,17,25,11,28,25,18,12
01_12_09_05_0061.bmp,0,9,5,8,17,13,11,28,13,40,18
01_12_09_05_0062.bmp,0,9,5,8,17,25,11,11,18,7,18
01_12_09_05_0068.bmp,0,9,5,8,17,11,11,20,11,11,11
01_12_09_05_0072.bmp,0,9,5,8,17,13,11,28,13,18,18
01_12_09_05_0075.bmp,0,9,5,8,17,13,11,20,13,40,38
01_12_09_05_0077.bmp,0,9,5,8,17,25,11,20,25,25,11
01_12_09_05_0078.bmp,0,9,5,8,17,7,11,20,11,11,7
01_12_09_05_0081.bmp,0,9,5,8,17,11,11,11,11,11,11
01_12_09_05_0082.bmp,0,9,5,8,17,11,11,42,11,11,11
01_12_09_05_0085.bmp,0,9,5,8,17,13,11,20,7,7,11
01_12_09_05_0086.bmp,0,9,5,8,17,11,11,20,11,18,18
01_12_09_05_0088.bmp,0,9,5,8,17,25,11,28,11,28,11
01_12_09_05_0092.bmp,0,9,5,8,17,13,11,40,7,7,13
01_12_09_05_0093.bmp,0,9,5,8,17,13,13,20,13,18,7
01_12_09_05_0097.bmp,0,9,5,8,17,13,11,28,13,11,13
01_12_09_05_0098.bmp,0,9,5,8,17,25,11,20,25,13,13
01_12_09_05_0101.bmp,0,9,5,8,17,11,11,28,11,18,11
01_12_09_05_0105.bmp,0,9,5,8,17,11,7,20,7,18,7
01_12_09_05_0107.bmp,0,9,5,8,17,13,11,20,11,24,11
01_12_09_05_0112.bmp,0,9,5,8,17,7,11,20,7,7,7
01_12_09_05_0113.bmp,0,9,5,8,17,7,7,28,7,26,7
01_13_09_05_0002.bmp,1,9,5,8,13,13,13,12,13,13,12
01_13_09_05_0003.bmp,1,9,5,8,13,13,13,12,13,13,13
01_13_09_05_0005.bmp,1,9,5,8,13,13,13,40,13,13,13
01_13_09_05_0006.bmp,0,9,5,8,13,12,12,11,12,35,12
01_13_09_05_0006.bmp,1,9,5,8,13,13,13,42,13,13,13
01_13_09_05_0007.bmp,1,9,5,8,13,13,13,28,13,13,13
01_13_09_05_0010.bmp,1,9,5,8,13,13,25,12,18,13,18
01_13_09_05_0013.bmp,0,9,5,8,13,12,12,12,12,40,12
01_13_09_05_0014.bmp,1,9,5,8,13,13,13,13,13,13,18
01_13_09_05_0016.bmp,1,9,5,8,13,13,13,13,13,13,13
01_13_09_05_0022.bmp,0,9,5,8,13,12,12,42,12,13,12
01_13_09_05_0024.bmp,0,9,5,8,13,12,12,42,12,13,12
01_13_09_05_0024.bmp,1,9,5,8,13,13,13,12,13,13,13
01_13_09_05_0025.bmp,1,9,5,8,13,13,13,13,13,13,13
01_13_09_05_0026.bmp,0,9,5,8,13,12,12,42,12,13,12
01_13_09_05_0028.bmp,1,9,5,8,13,13,13,13,13,40,13
01_13_09_05_0029.bmp,1,9,5,8,13,13,13,11,13,40,13
01_13_09_05_0030.bmp,0,9,5,8,13,12,12,25,13,13,12
01_13_09_05_0031.bmp,1,9,5,8,13,13,13,13,13,13,13
01_13_09_05_0032.bmp,1,9,5,8,13,13,13,13,13,13,13
01_13_09_05_0034.bmp,0,9,5,8,13,12,12,12,13,13,13
01_13_09_05_0035.bmp,1,9,5,8,13,13,13,13,13,13,13
01_13_09_05_0037.bmp,0,9,5,8,13,13,12,42,12,40,12
01_13_09_05_0037.bmp,1,9,5,8,13,13,13,13,13,13,13
01_13_09_05_0038.bmp,0,9,5,8,13,12,12,42,12,40,12
01_13_09_05_0040.bmp,0,9,5,8,13,13,12,11,13,13,13
01_13_09_05_0043.bmp,1,9,5,8,13,13,13,12,13,13,13
01_13_09_05_0045.bmp,1,9,5,8,13,13,13,13,13,13,13
01_13_09_05_0047.bmp,0,9,5,8,13,13,12,40,12,13,13
01_13_09_05_0047.bmp,1,9,5,8,13,13,13,13,13,13,13
01_13_09_05_0048.bmp,0,9,5,8,13,13,12,40,13,40,13
01_13_09_05_0050.bmp,0,9,5,8,13,13,13,40,13,13,13
01_13_09_05_0052.bmp,0,9,5,8,13,13,12,40,13,40,12
01_13_09_05_0053.bmp,0,9,5,8,13,13,13,12,13,13,13
01_13_09_05_0054.bmp,0,9,5,8,13,13,13,40,13,13,13
01_13_09_05_0056.bmp,1,9,5,8,13,13,13,13,13,13,13
01_13_09_05_0058.bmp,0,9,5,8,13,12,12,40,12,13,12
01_13_09_05_0058.bmp,1,9,5,8,13,13,13,24,13,13,13
01_13_09_05_0059.bmp,0,9,5,8,13,13,13,40,13,13,13
01_13_09_05_0059.bmp,1,9,5,8,13,13,13,13,13,13,13
01_13_09_05_0060.bmp,0,9,5,8,13,13,13,40,13,13,13
01_13_09_05_0061.bmp,0,9,5,8,13,13,13,40,13,13,13
01_13_09_05_0061.bmp,1,9,5,8,13,13,13,13,13,13,13
01_13_09_05_0062.bmp,0,9,5,8,13,13,13,40,13,13,13
01_13_09_05_0062.bmp,1,9,5,8,13,13,13,13,13,13,13
01_13_09_05_0065.bmp,1,9,5,8,13,12,12,40,12,35,12
01_13_09_05_0067.bmp,1,9,5,8,13,12,12,6,12,40,12
01_13_09_05_0068.bmp,0,9,5,8,13,13,13,13,13,13,13
01_13_09_05_0068.bmp,1,9,5,8,13,12,12,40,12,40,19
01_13_09_05_0070.bmp,0,9,5,8,13,13,13,40,13,13,13
01_13_09_05_0071.bmp,0,9,5,8,13,13,13,40,13,40,13
01_13_09_05_0073.bmp,0,9,5,8,13,13,13,40,13,40,13
01_13_09_05_0074.bmp,0,9,5,8,13,13,13,13,13,13,13
01_13_09_05_0075.bmp,0,9,5,8,13,13,13,13,13,13,13
01_13_09_05_0078.bmp,1,9,5,8,13,12,12,12,12,40,12
01_13_09_05_0079.bmp,1,9,5,8,13,12,31,6,12,40,31
01_13_09_05_0080.bmp,1,9,5,8,13,12,12,18,12,40,12
01_13_09_05_0082.bmp,1,9,5,8,13,12,12,6,12,11,12
01_13_09_05_0084.bmp,0,9,5,8,13,13,13,13,13,13,13
01_13_09_05_0084.bmp,1,9,5,8,13,12,12,40,12,13,12
01_13_09_05_0085.bmp,0,9,5,8,13,13,13,40,13,13,13
01_13_09_05_0085.bmp,1,9,5,8,13,12,12,6,12,1,12
01_13_09_05_0086.bmp,1,9,5,8,13,12,12,6,12,12,12
01_13_09_05_0088.bmp,1,9,5,8,13,12,12,12,12,13,12
01_13_09_05_0089.bmp,0,9,5,8,13,13,13,13,13,13,13
01_13_09_05_0090.bmp,0,9,5,8,13,13,13,13,13,40,13
01_13_09_05_0090.bmp,1,9,5,8,13,12,12,6,12,40,12
01_13_09_05_0091.bmp,0,9,5,8,13,13,13,13,13,13,13
01_13_09_05_0091.bmp,1,9,5,8,13,12,12,6,12,40,12
01_13_09_05_0093.bmp,1,9,5,8,13,12,31,0,12,40,12
01_13_09_05_0095.bmp,1,9,5,8,13,12,31,42,12,11,12
01_13_09_05_0096.bmp,1,9,5,8,13,12,31,40,12,7,12
01_13_09_05_0097.bmp,1,9,5,8,13,12,12,42,12,1,12
01_13_09_05_0098.bmp,1,9,5,8,13,12,31,40,40,40,12
01_13_09_05_0100.bmp,0,9,5,8,13,13,13,1,13,13,13
01_13_09_05_0101.bmp,1,9,5,8,13,12,12,40,12,40,12
01_13_09_05_0102.bmp,0,9,5,8,13,13,13,13,13,13,13
01_13_09_05_0104.bmp,1,9,5,8,13,12,12,40,12,1,12
01_13_09_05_0105.bmp,0,9,5,8,13,13,13,13,13,13,13
01_13_09_05_0106.bmp,0,9,5,8,13,13,13,18,13,13,13
01_13_09_05_0107.bmp,0,9,5,8,13,13,13,13,13,13,13
01_13_09_05_0110.bmp,1,9,5,8,13,12,12,20,12,40,12
01_13_09_05_0112.bmp,0,9,5,8,13,13,13,40,40,13,13
01_13_09_05_0113.bmp,1,9,5,8,13,12,12,40,12,13,12
01_13_09_05_0115.bmp,1,9,5,8,13,11,11,40,11,13,11
01_13_09_05_0116.bmp,0,9,5,8,13,12,12,40,12,40,19
01_13_09_05_0117.bmp,0,9,5,8,13,13,12,40,13,13,12
01_13_09_05_0117.bmp,1,9,5,8,13,12,12,40,12,18,12
01_13_09_05_0119.bmp,1,9,5,8,13,18,11,28,18,18,18
01_13_09_05_0120.bmp,0,9,5,8,13,12,12,6,12,12,12
01_13_09_05_0120.bmp,1,9,5,8,13,12,12,40,40,40,12
01_13_09_05_0121.bmp,0,9,5,8,13,12,12,22,40,1,19
01_13_09_05_0121.bmp,1,9,5,8,13,12,12,40,12,40,12
01_13_09_05_0122.bmp,1,9,5,8,13,11,11,40,12,40,12
01_13_09_05_0124.bmp,1,9,5,8,13,12,11,28,12,18,18
01_13_09_05_0128.bmp,0,9,5,8,13,13,12,40,40,13,12
01_13_09_05_0129.bmp,1,9,5,8,13,12,12,40,12,40,12
01_13_09_05_0130.bmp,0,9,5,8,13,12,11,28,40,40,13
01_13_09_05_0130.bmp,1,9,5,8,13,11,11,40,1,13,18
01_13_09_05_0131.bmp,0,9,5,8,13,12,12,40,40,40,12
01_13_09_05_0134.bmp,0,9,5,8,13,13,12,20,40,13,12
01_13_09_05_0135.bmp,1,9,5,8,13,12,12,28,12,40,12
01_13_09_05_0137.bmp,0,9,5,8,13,40,12,40,40,1,12
01_13_09_05_0137.bmp,1,9,5,8,13,12,11,28,12,13,12
01_13_09_05_0138.bmp,0,9,5,8,13,12,11,40,40,13,12
01_13_09_05_0139.bmp,0,9,5,8,13,13,11,28,40,13,13
01_13_09_05_0140.bmp,1,9,5,8,13,12,12,40,12,40,12
01_13_09_05_0142.bmp,1,9,5,8,13,1,11,40,1,13,18
01_13_09_05_0143.bmp,1,9,5,8,13,12,12,40,12,13,12
01_13_09_05_0144.bmp,0,9,5,8,13,13,11,40,40,24,13
01_13_09_05_0145.bmp,0,9,5,8,13,13,13,40,40,40,12
01_13_09_05_0145.bmp,1,9,5,8,13,13,11,28,12,13,18
01_13_09_05_0147.bmp,1,9,5,8,13,12,18,40,12,13,18
01_13_09_05_0152.bmp,1,9,5,8,13,12,12,28,12,40,12
01_13_09_05_0153.bmp,1,9,5,8,13,12,12,40,12,13,12
01_13_09_05_0154.bmp,0,9,5,8,13,13,13,40,40,40,13
01_13_09_05_0154.bmp,1,9,5,8,13,12,12,40,12,13,12
01_13_09_05_0155.bmp,0,9,5,8,13,13,13,40,40,24,13
01_13_09_05_0155.bmp,1,9,5,8,13,18,18,28,1,7,18
01_13_09_05_0156.bmp,1,9,5,8,13,12,11,40,12,13,12
01_13_09_05_0158.bmp,1,9,5,8,13,11,11,28,1,24,18
01_13_09_05_0159.bmp,1,9,5,8,13,12,12,40,12,13,12
01_13_09_05_0160.bmp,1,9,5,8,13,12,18,18,12,18,18
01_13_09_05_0161.bmp,0,9,5,8,13,13,13,13,40,13,13
01_13_09_05_0161.bmp,1,9,5,8,13,12,12,40,12,13,12
01_13_09_05_0164.bmp,0,9,5,8,13,13,13,13,40,13,13
01_13_09_05_0165.bmp,1,9,5,8,13,12,12,40,12,40,12
01_13_09_05_0166.bmp,0,9,5,8,13,13,13,13,40,13,13
01_13_09_05_0167.bmp,0,9,5,8,13,13,13,40,40,24,13
01_13_09_05_0167.bmp,1,9,5,8,13,12,11,28,12,40,12
01_13_09_05_0169.bmp,0,9,5,8,13,12,31,42,12,40,12
01_13_09_05_0173.bmp,1,9,5,8,13,18,11,18,1,40,12
01_13_09_05_0175.bmp,1,9,5,8,13,13,11,28,1,13,18
01_13_09_05_0177.bmp,0,9,5,8,13,12,31,42,13,40,12
01_13_09_05_0177.bmp,1,9,5,8,13,12,12,40,12,40,12
01_13_09_05_0180.bmp,0,9,5,8,13,12,31,11,12,40,12
01_13_09_05_0181.bmp,1,9,5,8,13,12,11,40,12,13,12
01_13_09_05_0186.bmp,1,9,5,8,13,12,12,40,12,13,12
01_13_09_05_0187.bmp,0,9,5,8,13,12,12,12,12,18,19
01_13_09_05_0191.bmp,0,9,5,8,13,13,12,42,13,38,12
01_13_09_05_0192.bmp,1,9,5,8,13,12,12,40,40,13,12
01_13_09_05_0194.bmp,0,9,5,8,13,12,31,42,12,12,12
01_13_09_05_0198.bmp,0,9,5,8,13,13,12,12,13,35,12
01_13_09_05_0198.bmp,1,9,5,8,13,13,11,20,12,1,12
01_13_09_05_0200.bmp,0,9,5,8,13,13,12,42,13,40,12
01_13_09_05_0200.bmp,1,9,5,8,13,12,12,40,12,13,12
01_13_09_05_0203.bmp,1,9,5,8,13,12,12,40,12,13,12
01_13_09_05_0204.bmp,1,9,5,8,13,12,12,40,12,24,12
01_13_09_05_0205.bmp,1,9,5,8,13,12,11,28,12,13,12
01_13_09_05_0206.bmp,0,9,5,8,13,12,12,40,12,33,12
01_13_09_05_0209.bmp,0,9,5,8,13,12,12,40,40,40,12
01_13_09_05_0211.bmp,1,9,5,8,13,12,11,40,12,13,12
01_13_09_05_0212.bmp,0,9,5,8,13,12,12,40,40,40,12
01_13_09_05_0213.bmp,0,9,5,8,13,12,12,40,12,33,12
01_13_09_05_0213.bmp,1,9,5,8,13,12,11,40,40,13,12
01_13_09_05_0215.bmp,1,9,5,8,13,25,11,40,12,24,18
01_13_09_05_0216.bmp,0,9,5,8,13,13,12,40,40,40,12
01_13_09_05_0219.bmp,0,9,5,8,13,12,12,12,40,13,12
01_13_09_05_0219.bmp,1,9,5,8,13,12,11,40,12,24,12
01_13_09_05_0222.bmp,0,9,5,8,13,13,13,40,40,13,13
01_13_09_05_0223.bmp,0,9,5,8,13,13,13,40,13,13,13
01_13_09_05_0223.bmp,1,9,5,8,13,12,11,40,12,24,12
01_13_09_05_0224.bmp,0,9,5,8,13,13,13,20,40,13,13
01_13_09_05_0225.bmp,0,9,5,8,13,13,13,20,13,24,13
01_13_09_05_0227.bmp,0,9,5,8,13,13,13,40,13,13,12
01_13_09_05_0227.bmp,1,9,5,8,13,12,11,40,12,24,18
01_13_09_05_0229.bmp,0,9,5,8,13,13,13,13,13,13,12
01_13_09_05_0231.bmp,1,9,5,8,13,12,12,40,12,24,12
01_13_09_05_0233.bmp,0,9,5,8,13,13,13,24,13,13,13
01_13_09_05_0239.bmp,0,9,5,8,13,13,13,13,13,13,13
01_13_09_05_0239.bmp,1,9,5,8,13,12,11,40,12,18,18
01_13_09_05_0240.bmp,1,9,5,8,13,13,11,40,12,13,12
01_13_09_05_0241.bmp,0,9,5,8,13,13,13,13,13,13,13
01_13_09_05_0244.bmp,0,9,5,8,13,13,13,28,40,13,18
01_13_09_05_0244.bmp,1,9,5,8,13,12,12,40,12,13,12
01_13_09_05_0245.bmp,0,9,5,8,13,13,25,13,40,40,13
01_13_09_05_0248.bmp,0,9,5,8,13,13,13,13,40,24,13
01_13_09_05_0248.bmp,1,9,5,8,13,12,11,40,12,13,18
01_13_09_05_0249.bmp,1,9,5,8,13,13,12,40,13,13,12
01_13_09_05_0250.bmp,1,9,5,8,13,12,12,40,12,13,12
01_13_09_05_0251.bmp,1,9,5,8,13,12,11,28,12,13,12
01_13_09_05_0252.bmp,0,9,5,8,13,13,13,13,13,13,13
01_13_09_05_0253.bmp,0,9,5,8,13,13,13,13,13,13,13
01_13_09_05_0255.bmp,1,9,5,8,13,18,11,28,1,18,18
01_13_09_05_0256.bmp,0,9,5,8,13,13,13,13,13,13,13
01_13_09_05_0257.bmp,0,9,5,8,13,13,13,13,13,13,13
01_13_09_05_0257.bmp,1,9,5,8,13,12,11,40,12,18,12
01_13_09_05_0260.bmp,1,9,5,8,13,13,12,40,13,13,12
01_13_09_05_0261.bmp,0,9,5,8,13,13,13,13,13,13,13
01_13_09_05_0262.bmp,1,9,5,8,13,12,11,28,40,13,12
01_13_09_05_0263.bmp,1,9,5,8,13,12,11,40,12,40,12
01_13_09_05_0266.bmp,1,9,5,8,13,12,12,40,12,40,12
01_13_09_05_0267.bmp,1,9,5,8,13,18,12,40,12,13,18
01_13_09_05_0268.bmp,0,9,5,8,13,13,13,40,40,40,13
01_13_09_05_0268.bmp,1,9,5,8,13,12,11,40,12,40,18
01_13_09_05_0269.bmp,0,9,5,8,13,13,13,13,13,40,13
01_13_09_05_0272.bmp,0,9,5,8,13,12,11,40,12,13,12
01_13_09_05_0276.bmp,0,9,5,8,13,12,11,40,12,13,12
01_13_09_05_0277.bmp,0,9,5,8,13,13,11,40,13,13,18
01_13_09_05_0279.bmp,0,9,5,8,13,13,12,20,13,13,12
01_13_09_05_0281.bmp,0,9,5,8,13,12,11,40,12,28,12
01_13_09_05_0285.bmp,0,9,5,8,13,13,11,40,40,13,18
01_13_09_05_0286.bmp,0,9,5,8,13,12,11,40,12,20,18
01_13_09_05_0287.bmp,0,9,5,8,13,13,12,40,12,13,12
01_13_09_05_0291.bmp,0,9,5,8,13,12,12,28,12,24,18
01_13_09_05_0293.bmp,0,9,5,8,13,12,12,40,12,13,12
01_13_09_05_0294.bmp,0,9,5,8,13,13,11,28,12,13,12
01_13_09_05_0295.bmp,0,9,5,8,13,12,11,40,12,24,18
01_13_09_05_0296.bmp,0,9,5,8,13,13,11,40,13,13,18
01_13_09_05_0297.bmp,0,9,5,8,13,12,12,40,12,13,12
01_13_09_05_0302.bmp,0,9,5,8,13,13,11,28,12,40,18
01_13_09_05_0304.bmp,0,9,5,8,13,12,11,40,12,13,12
01_13_09_05_0305.bmp,0,9,5,8,13,12,12,40,12,13,12
01_13_09_05_0306.bmp,0,9,5,8,13,12,12,40,12,40,12
01_13_09_05_0310.bmp,0,9,5,8,13,12,12,28,12,18,18
01_13_09_05_0311.bmp,0,9,5,8,13,12,11,28,12,24,12
01_13_09_05_0312.bmp,0,9,5,8,13,12,12,40,12,24,12
01_13_09_05_0313.bmp,0,9,5,8,13,12,12,28,12,13,12
01_13_09_05_0317.bmp,0,9,5,8,13,11,11,28,12,28,12
01_13_09_05_0322.bmp,0,9,5,8,13,12,11,40,1,13,12
01_13_09_05_0326.bmp,0,9,5,8,13,13,11,40,13,40,18
01_13_09_05_0328.bmp,0,9,5,8,13,12,12,40,12,13,12
01_13_09_05_0330.bmp,0,9,5,8,13,12,12,40,12,13,12
01_13_09_05_0337.bmp,0,9,5,8,13,25,11,28,25,40,25
01_13_09_05_0338.bmp,0,9,5,8,13,13,11,28,13,13,11
01_13_09_05_0339.bmp,0,9,5,8,13,13,11,40,40,13,12
01_13_09_05_0343.bmp,0,9,5,8,13,13,11,28,12,13,18
01_13_09_05_0349.bmp,0,9,5,8,13,13,25,20,13,13,25
01_13_09_05_0351.bmp,0,9,5,8,13,13,25,13,13,40,13
01_13_09_05_0353.bmp,0,9,5,8,13,13,25,20,13,13,13
01_13_09_05_0355.bmp,0,9,5,8,13,13,12,25,40,13,12
01_13_09_05_0358.bmp,0,9,5,8,13,13,11,24,13,13,13
01_13_09_05_0362.bmp,0,9,5,8,13,13,13,13,13,13,13
01_13_09_05_0364.bmp,0,9,5,8,13,13,13,24,13,24,13
01_13_09_05_0367.bmp,0,9,5,8,13,13,13,13,13,13,13
01_13_09_05_0368.bmp,0,9,5,8,13,13,13,13,13,13,13
01_13_09_05_0371.bmp,0,9,5,8,13,13,13,24,13,13,13
01_13_09_05_0373.bmp,0,9,5,8,13,13,13,28,13,13,13
01_13_09_05_0376.bmp,0,9,5,8,13,13,13,24,13,13,13
01_13_09_05_0386.bmp,0,9,5,8,13,12,12,11,12,12,12
01_13_09_05_0388.bmp,0,9,5,8,13,12,12,42,12,40,12
01_13_09_05_0391.bmp,0,9,5,8,13,12,12,1,12,12,12
01_13_09_05_0393.bmp,0,9,5,8,13,12,12,6,12,18,12
01_13_09_05_0394.bmp,0,9,5,8,13,12,12,42,12,35,12
01_13_09_05_0409.bmp,0,9,5,8,13,12,12,25,12,12,12
01_13_09_05_0410.bmp,0,9,5,8,13,12,12,42,35,12,12
01_13_09_05_0412.bmp,0,9,5,8,13,12,12,1,12,36,12
01_13_09_05_0415.bmp,0,9,5,8,13,12,12,12,12,18,12
01_13_09_05_0422.bmp,0,9,5,8,13,12,12,40,12,13,12
01_13_09_05_0425.bmp,0,9,5,8,13,12,12,42,12,13,12
01_13_09_05_0426.bmp,0,9,5,8,13,12,12,12,13,13,12
01_13_09_05_0427.bmp,0,9,5,8,13,13,12,42,13,11,12
01_13_09_05_0431.bmp,0,9,5,8,13,12,12,40,13,13,12
01_13_09_05_0434.bmp,0,9,5,8,13,13,12,12,12,12,12
01_13_09_05_0441.bmp,0,9,5,8,13,13,12,6,13,25,12
01_13_09_05_0442.bmp,0,9,5,8,13,13,13,13,35,35,18
01_13_09_05_0446.bmp,0,9,5,8,13,13,12,6,13,40,12
01_13_09_05_0449.bmp,0,9,5,8,13,12,12,40,12,13,12
01_13_09_05_0452.bmp,0,9,5,8,13,13,12,28,13,40,12
01_13_09_05_0454.bmp,0,9,5,8,13,12,12,40,12,40,12
01_13_09_05_0455.bmp,0,9,5,8,13,13,13,40,13,13,13
01_13_09_05_0458.bmp,0,9,5,8,13,12,12,40,12,40,12
01_13_09_05_0462.bmp,0,9,5,8,13,12,12,36,13,40,12
01_13_09_05_0463.bmp,0,9,5,8,13,13,13,40,13,13,13
01_13_09_05_0465.bmp,0,9,5,8,13,13,13,40,13,40,13
01_13_09_05_0469.bmp,0,9,5,8,13,13,13,40,13,13,13
01_13_09_05_0470.bmp,0,9,5,8,13,13,13,40,12,24,12
01_13_09_05_0473.bmp,0,9,5,8,13,13,13,28,13,13,13
01_13_09_05_0474.bmp,0,9,5,8,13,13,13,40,13,13,13
01_13_09_05_0476.bmp,0,9,5,8,13,13,13,40,13,13,13
01_13_09_05_0477.bmp,0,9,5,8,13,13,13,2,13,40,13
01_13_09_05_0478.bmp,0,9,5,8,13,13,12,2,12,13,13
01_13_09_05_0481.bmp,0,9,5,8,13,13,13,40,12,13,13
01_13_09_05_0483.bmp,0,9,5,8,13,13,13,40,13,13,13
01_13_09_05_0486.bmp,0,9,5,8,13,13,13,40,40,13,13
01_13_09_05_0487.bmp,0,9,5,8,13,13,13,40,12,40,12
01_13_09_05_0492.bmp,0,9,5,8,13,13,13,40,13,13,13
01_13_09_05_0498.bmp,0,9,5,8,13,13,13,18,40,13,13
01_13_09_05_0505.bmp,0,9,5,8,13,13,13,13,40,13,13
01_13_09_05_0507.bmp,0,9,5,8,13,13,13,24,13,13,13
01_13_09_05_0509.bmp,0,9,5,8,13,13,13,13,13,13,13
01_13_09_05_0516.bmp,0,9,5,8,13,12,31,1,12,18,12
01_13_09_05_0517.bmp,0,9,5,8,13,12,12,42,12,40,12
01_13_09_05_0518.bmp,0,9,5,8,13,12,31,42,12,18,12
01_13_09_05_0522.bmp,0,9,5,8,13,12,31,42,12,18,12
01_13_09_05_0523.bmp,0,9,5,8,13,13,12,40,13,40,12
01_13_09_05_0524.bmp,0,9,5,8,13,12,31,1,12,40,12
01_13_09_05_0525.bmp,0,9,5,8,13,12,12,20,12,40,12
01_13_09_05_0527.bmp,0,9,5,8,13,12,12,25,12,18,12
01_13_09_05_0528.bmp,0,9,5,8,13,12,12,42,12,40,12
01_13_09_05_0529.bmp,0,9,5,8,13,12,12,40,12,35,12
01_13_09_05_0531.bmp,0,9,5,8,13,12,12,40,12,13,12
01_13_09_05_0532.bmp,0,9,5,8,13,12,31,6,13,12,12
01_13_09_05_0535.bmp,0,9,5,8,13,12,12,40,12,28,12
01_13_09_05_0537.bmp,0,9,5,8,13,12,12,40,12,40,12
01_13_09_05_0539.bmp,0,9,5,8,13,12,12,40,12,40,12
01_13_09_05_0540.bmp,0,9,5,8,13,12,12,42,12,18,12
01_13_09_05_0542.bmp,0,9,5,8,13,12,12,12,12,40,12
01_13_09_05_0544.bmp,0,9,5,8,13,12,12,42,13,13,12
01_13_09_05_0551.bmp,0,9,5,8,13,12,12,12,12,35,12
01_13_09_05_0552.bmp,0,9,5,8,13,12,12,42,12,18,12
01_13_09_05_0553.bmp,0,9,5,8,13,12,12,25,12,12,12
01_13_09_05_0556.bmp,0,9,5,8,13,12,31,6,13,13,12
01_13_09_05_0559.bmp,0,9,5,8,13,12,12,40,12,40,12
01_13_09_05_0561.bmp,0,9,5,8,13,12,12,40,12,12,12
01_13_09_05_0562.bmp,0,9,5,8,13,12,31,42,13,40,12
01_13_09_05_0563.bmp,0,9,5,8,13,12,12,40,12,40,12
01_13_09_05_0569.bmp,0,9,5,8,13,12,12,28,12,35,12
01_13_09_05_0571.bmp,0,9,5,8,13,12,12,40,12,40,12
01_13_09_05_0572.bmp,0,9,5,8,13,12,12,6,40,18,12
01_13_09_05_0574.bmp,0,9,5,8,13,12,31,40,13,40,12
01_13_09_05_0580.bmp,0,9,5,8,13,13,12,12,13,40,12
01_13_09_05_0583.bmp,0,9,5,8,13,12,12,28,12,18,18
01_13_09_05_0584.bmp,0,9,5,8,13,13,31,1,13,40,12
01_13_09_05_0585.bmp,0,9,5,8,13,12,11,40,12,13,12
01_13_09_05_0587.bmp,0,9,5,8,13,12,12,40,12,13,12
01_13_09_05_0589.bmp,0,9,5,8,13,12,18,28,12,18,18
01_13_09_05_0590.bmp,0,9,5,8,13,13,12,12,13,40,12
01_13_09_05_0592.bmp,0,9,5,8,13,13,11,40,13,13,18
01_13_09_05_0593.bmp,0,9,5,8,13,12,12,40,12,40,12
01_13_09_05_0594.bmp,0,9,5,8,13,13,12,6,40,40,12
01_13_09_05_0597.bmp,0,9,5,8,13,12,12,40,12,13,12
01_13_09_05_0600.bmp,0,9,5,8,13,18,18,40,12,40,18
01_13_09_05_0601.bmp,0,9,5,8,13,13,11,12,12,13,12
01_13_09_05_0604.bmp,0,9,5,8,13,13,12,40,40,24,12
01_13_09_05_0608.bmp,0,9,5,8,13,13,18,28,12,40,12
01_13_09_05_0613.bmp,0,9,5,8,13,13,11,28,12,13,12
01_13_09_05_0616.bmp,0,9,5,8,13,13,11,13,13,13,13
01_13_09_05_0617.bmp,0,9,5,8,13,13,11,25,13,13,12
01_13_09_05_0618.bmp,0,9,5,8,13,12,12,28,12,7,12
01_13_09_05_0626.bmp,0,9,5,8,13,25,25,40,40,40,12
01_03_12_03_0001.bmp,0,12,3,16,9,13,13,0,25,13,17
01_03_12_03_0002.bmp,0,12,3,16,9,12,11,2,12,40,31
01_03_12_03_0003.bmp,0,12,3,16,9,25,11,0,25,40,32
01_03_12_03_0011.bmp,0,12,3,16,9,25,13,25,25,25,13
01_03_12_03_0012.bmp,0,12,3,16,9,13,13,0,25,26,32
01_03_12_03_0015.bmp,0,12,3,16,9,25,13,40,25,25,16
01_03_12_03_0018.bmp,0,12,3,16,9,25,13,2,41,41,13
01_03_12_03_0021.bmp,0,12,3,16,9,12,10,0,25,25,16
01_03_12_03_0022.bmp,0,12,3,16,9,25,13,22,25,40,13
01_03_12_03_0024.bmp,0,12,3,16,9,25,13,40,25,25,13
01_03_12_03_0026.bmp,0,12,3,16,9,25,25,2,25,19,13
01_03_12_03_0029.bmp,0,12,3,16,9,25,13,23,25,41,13
01_03_12_03_0030.bmp,0,12,3,16,9,25,13,22,25,4,32
01_03_12_03_0031.bmp,0,12,3,16,9,25,13,25,25,40,13
01_03_12_03_0037.bmp,0,12,3,16,9,25,13,2,25,40,13
01_03_12_03_0039.bmp,0,12,3,16,9,25,13,20,25,25,13
01_03_12_03_0044.bmp,0,12,3,16,9,25,13,40,25,40,13
01_03_12_03_0046.bmp,0,12,3,16,9,25,13,25,25,13,13
01_03_12_03_0048.bmp,0,12,3,16,9,25,13,22,25,24,13
01_03_12_03_0049.bmp,0,12,3,16,9,25,13,2,25,25,13
01_03_12_03_0052.bmp,0,12,3,16,9,25,13,25,25,25,13
01_03_12_03_0054.bmp,0,12,3,16,9,25,13,25,25,25,13
01_03_12_03_0058.bmp,0,12,3,16,9,25,13,25,25,25,13
01_03_12_03_0061.bmp,0,12,3,16,9,25,13,23,24,14,13
01_03_12_03_0062.bmp,0,12,3,16,9,25,13,20,25,24,13
01_03_12_03_0067.bmp,0,12,3,16,9,25,13,25,25,24,13
01_03_12_03_0070.bmp,0,12,3,16,9,25,13,2,25,24,13
01_03_12_03_0078.bmp,0,12,3,16,9,25,13,25,25,24,13
01_03_12_03_0079.bmp,0,12,3,16,9,25,13,25,25,25,13
01_03_12_03_0081.bmp,0,12,3,16,9,25,13,25,25,25,13
01_03_12_03_0083.bmp,0,12,3,16,9,25,25,25,25,25,13
01_03_12_03_0084.bmp,0,12,3,16,9,25,13,25,25,25,13
01_06_12_03_0001.bmp,1,12,3,16,14,25,11,25,25,25,36
01_06_12_03_0002.bmp,0,12,3,16,14,25,25,13,24,24,25
01_06_12_03_0002.bmp,1,12,3,16,14,25,11,25,25,25,36
01_06_12_03_0004.bmp,0,12,3,16,14,25,25,20,25,24,36
01_06_12_03_0005.bmp,1,12,3,16,14,36,11,19,11,39,36
01_06_12_03_0007.bmp,0,12,3,16,14,25,25,25,25,14,25
01_06_12_03_0007.bmp,1,12,3,16,14,25,25,20,0,24,36
01_06_12_03_0008.bmp,1,12,3,16,14,25,11,2,12,25,36
01_06_12_03_0010.bmp,0,12,3,16,14,25,25,25,25,25,25
01_06_12_03_0013.bmp,1,12,3,16,14,25,11,23,25,14,36
01_06_12_03_0014.bmp,0,12,3,16,14,25,25,25,25,14,25
01_06_12_03_0016.bmp,1,12,3,16,14,25,25,19,25,13,36
01_06_12_03_0020.bmp,0,12,3,16,14,25,25,25,25,25,25
01_06_12_03_0021.bmp,0,12,3,16,14,25,25,25,25,25,25
01_06_12_03_0022.bmp,0,12,3,16,14,24,25,20,24,14,25
01_06_12_03_0022.bmp,1,12,3,16,14,25,11,20,25,11,13
01_06_12_03_0023.bmp,0,12,3,16,14,25,25,25,24,14,25
01_06_12_03_0023.bmp,1,12,3,16,14,25,11,23,25,14,13
01_06_12_03_0024.bmp,0,12,3,16,14,25,25,24,25,24,25
01_06_12_03_0024.bmp,1,12,3,16,14,25,25,20,25,24,25
01_06_12_03_0025.bmp,0,12,3,16,14,25,25,25,25,25,25
01_06_12_03_0025.bmp,1,12,3,16,14,25,25,20,25,24,25
01_06_12_03_0026.bmp,0,12,3,16,14,25,25,2,24,14,25
01_06_12_03_0026.bmp,1,12,3,16,14,25,11,20,25,25,25
01_06_12_03_0027.bmp,1,12,3,16,14,25,25,20,25,13,25
01_06_12_03_0028.bmp,1,12,3,16,14,25,11,20,24,13,13
01_06_12_03_0029.bmp,1,12,3,16,14,25,25,20,25,25,25
01_06_12_03_0030.bmp,0,12,3,16,14,25,25,2,24,14,25
01_06_12_03_0031.bmp,1,12,3,16,14,12,11,0,12,25,36
01_06_12_03_0032.bmp,0,12,3,16,14,25,25,24,24,24,25
01_06_12_03_0032.bmp,1,12,3,16,14,12,11,0,12,1,31
01_06_12_03_0033.bmp,1,12,3,16,14,25,11,2,25,25,31
01_06_12_03_0034.bmp,0,12,3,16,14,25,25,25,24,24,25
01_06_12_03_0034.bmp,1,12,3,16,14,25,10,2,25,40,36
01_06_12_03_0036.bmp,1,12,3,16,14,12,11,0,12,40,31
01_06_12_03_0037.bmp,0,12,3,16,14,25,25,24,25,14,25
01_06_12_03_0037.bmp,1,12,3,16,14,25,11,2,0,0,36
01_06_12_03_0044.bmp,0,12,3,16,14,25,1,23,25,25,10
01_06_12_03_0045.bmp,0,12,3,16,14,25,11,2,25,25,36
01_06_12_03_0051.bmp,0,12,3,16,14,25,25,20,25,25,32
01_06_12_03_0052.bmp,0,12,3,16,14,25,11,2,25,25,32
01_06_12_03_0056.bmp,0,12,3,16,14,25,11,20,25,14,36
01_06_12_03_0057.bmp,0,12,3,16,14,25,25,23,25,25,36
01_06_12_03_0058.bmp,0,12,3,16,14,25,25,20,25,14,36
01_06_12_03_0059.bmp,0,12,3,16,14,25,11,19,25,40,31
01_06_12_03_0064.bmp,0,12,3,16,14,25,25,20,25,24,32
01_06_12_03_0067.bmp,0,12,3,16,14,25,25,23,25,25,32
01_06_12_03_0069.bmp,0,12,3,16,14,25,25,19,25,25,36
01_06_12_03_0070.bmp,0,12,3,16,14,25,25,19,25,40,32
01_06_12_03_0075.bmp,0,12,3,16,14,25,25,25,25,24,32
01_06_12_03_0085.bmp,0,12,3,16,14,25,25,23,25,25,12
01_06_12_03_0086.bmp,0,12,3,16,14,23,1,22,23,2,16
01_11_12_03_0001.bmp,0,12,3,16,12,0,13,16,0,0,31
01_11_12_03_0002.bmp,0,12,3,16,12,0,10,0,0,37,36
01_11_12_03_0003.bmp,0,12,3,16,12,12,10,0,12,40,31
01_11_12_03_0005.bmp,0,12,3,16,12,12,10,2,25,40,31
01_11_12_03_0006.bmp,0,12,3,16,12,12,10,1,12,4,31
01_11_12_03_0013.bmp,0,12,3,16,12,12,10,2,12,26,31
01_11_12_03_0014.bmp,0,12,3,16,12,25,11,0,25,40,31
01_11_12_03_0015.bmp,0,12,3,16,12,12,11,42,12,6,32
01_11_12_03_0016.bmp,0,12,3,16,12,12,11,0,12,40,36
01_11_12_03_0019.bmp,0,12,3,16,12,25,11,23,25,18,32
01_11_12_03_0020.bmp,0,12,3,16,12,12,11,0,12,33,32
01_11_12_03_0021.bmp,0,12,3,16,12,25,11,36,11,26,32
01_11_12_03_0024.bmp,0,12,3,16,12,25,11,12,18,40,32
01_11_12_03_0026.bmp,0,12,3,16,12,25,11,40,25,11,32
01_11_12_03_0027.bmp,0,12,3,16,12,25,11,2,25,25,32
01_11_12_03_0028.bmp,0,12,3,16,12,25,11,40,12,26,32
01_11_12_03_0031.bmp,0,12,3,16,12,25,11,19,25,12,32
01_11_12_03_0033.bmp,0,12,3,16,12,25,11,23,18,36,32
01_11_12_03_0035.bmp,0,12,3,16,12,25,25,20,18,40,12
01_11_12_03_0036.bmp,0,12,3,16,12,25,25,20,18,40,32
01_11_12_03_0042.bmp,0,12,3,16,12,25,11,13,13,1,32
01_11_12_03_0046.bmp,0,12,3,16,12,25,11,20,13,13,25
01_11_12_03_0056.bmp,0,12,3,16,12,25,13,11,18,40,12
01_11_12_03_0061.bmp,0,12,3,16,12,25,11,20,24,24,13
01_11_12_03_0064.bmp,0,12,3,16,12,25,25,13,13,13,13
01_11_12_03_0065.bmp,0,12,3,16,12,25,25,18,18,24,13
01_11_12_03_0066.bmp,0,12,3,16,12,25,25,25,25,25,1
01_11_12_03_0067.bmp,0,12,3,16,12,25,11,20,24,25,13
01_11_12_03_0072.bmp,0,12,3,16,12,25,13,11,25,18,32
01_11_12_03_0075.bmp,0,12,3,16,12,25,25,11,25,26,25
01_12_12_03_0003.bmp,0,12,3,16,17,25,25,23,25,25,36
01_12_12_03_0004.bmp,0,12,3,16,17,25,25,25,25,25,36
01_12_12_03_0004.bmp,1,12,3,16,17,12,11,12,12,12,31
01_12_12_03_0005.bmp,0,12,3,16,17,13,13,19,13,26,13
01_12_12_03_0005.bmp,1,12,3,16,17,12,11,12,12,11,36
01_12_12_03_0006.bmp,1,12,3,16,17,12,11,12,12,34,32
01_12_12_03_0009.bmp,1,12,3,16,17,25,11,42,25,0,31
01_12_12_03_0013.bmp,0,12,3,16,17,25,13,25,25,14,36
01_12_12_03_0014.bmp,0,12,3,16,17,25,11,20,25,26,36
01_12_12_03_0017.bmp,1,12,3,16,17,25,11,11,25,25,36
01_12_12_03_0020.bmp,0,12,3,16,17,25,11,20,25,11,17
01_12_12_03_0020.bmp,1,12,3,16,17,12,11,12,12,14,31
01_12_12_03_0022.bmp,0,12,3,16,17,25,13,23,25,25,17
01_12_12_03_0023.bmp,1,12,3,16,17,12,11,25,12,25,36
01_12_12_03_0027.bmp,0,12,3,16,17,25,10,0,25,25,17
01_12_12_03_0028.bmp,0,12,3,16,17,25,11,20,25,24,31
01_12_12_03_0029.bmp,0,12,3,16,17,25,11,19,25,13,31
01_12_12_03_0030.bmp,0,12,3,16,17,25,11,20,25,25,31
01_12_12_03_0032.bmp,1,12,3,16,17,25,11,11,28,26,36
01_12_12_03_0033.bmp,1,12,3,16,17,12,13,11,12,34,31
01_12_12_03_0034.bmp,1,12,3,16,17,25,11,42,25,25,36
01_12_12_03_0035.bmp,1,12,3,16,17,11,11,11,25,11,31
01_12_12_03_0036.bmp,0,12,3,16,17,25,11,25,25,14,36
01_12_12_03_0036.bmp,1,12,3,16,17,38,11,11,38,34,31
01_12_12_03_0037.bmp,1,12,3,16,17,12,10,1,25,40,31
01_12_12_03_0041.bmp,0,12,3,16,17,25,25,25,25,25,36
01_12_12_03_0042.bmp,0,12,3,16,17,25,11,25,25,23,36
01_12_12_03_0042.bmp,1,12,3,16,17,25,11,11,25,12,31
01_12_12_03_0047.bmp,0,12,3,16,17,12,11,25,12,40,31
01_12_12_03_0048.bmp,0,12,3,16,17,11,11,23,11,14,36
01_12_12_03_0049.bmp,0,12,3,16,17,12,11,11,18,18,31
01_12_12_03_0054.bmp,0,12,3,16,17,13,11,13,13,34,36
01_12_12_03_0055.bmp,0,12,3,16,17,11,11,11,26,40,36
01_12_12_03_0056.bmp,0,12,3,16,17,12,11,0,12,25,31
01_12_12_03_0066.bmp,0,12,3,16,17,25,25,19,25,12,15
01_12_12_03_0068.bmp,0,12,3,16,17,25,25,20,25,26,31
01_12_12_03_0079.bmp,0,12,3,16,17,25,25,20,25,14,31
01_12_12_03_0080.bmp,0,12,3,16,17,25,25,25,25,23,17
01_12_12_03_0081.bmp,0,12,3,16,17,25,25,25,25,14,17
01_12_12_03_0087.bmp,0,12,3,16,17,25,25,23,25,25,31
01_12_12_03_0089.bmp,0,12,3,16,17,25,25,20,25,12,36
01_12_12_03_0090.bmp,0,12,3,16,17,25,25,25,25,25,17
01_12_12_03_0091.bmp,0,12,3,16,17,25,13,23,25,26,36
01_12_12_03_0095.bmp,0,12,3,16,17,25,13,23,25,25,36
01_12_12_03_0096.bmp,0,12,3,16,17,25,25,23,25,4,17
01_12_12_03_0104.bmp,0,12,3,16,17,25,25,23,14,25,17
01_12_12_03_0108.bmp,0,12,3,16,17,25,25,23,14,14,17
01_12_12_03_0113.bmp,0,12,3,16,17,25,25,25,25,14,17
01_13_12_03_0001.bmp,0,12,3,16,13,11,11,28,13,13,12
01_13_12_03_0003.bmp,0,12,3,16,13,12,12,12,13,13,12
01_13_12_03_0004.bmp,0,12,3,16,13,13,11,40,13,34,31
01_13_12_03_0006.bmp,0,12,3,16,13,25,11,25,40,40,31
01_13_12_03_0007.bmp,1,12,3,16,13,25,11,20,25,14,13
01_13_12_03_0008.bmp,1,12,3,16,13,25,25,20,25,25,13
01_13_12_03_0009.bmp,0,12,3,16,13,11,11,40,13,40,31
01_13_12_03_0009.bmp,1,12,3,16,13,25,11,20,13,13,13
01_13_12_03_0010.bmp,0,12,3,16,13,13,11,25,13,40,31
01_13_12_03_0010.bmp,1,12,3,16,13,25,11,2,25,1,13
01_13_12_03_0011.bmp,0,12,3,16,13,12,11,23,25,40,31
01_13_12_03_0012.bmp,0,12,3,16,13,13,13,25,13,40,31
01_13_12_03_0014.bmp,0,12,3,16,13,13,13,23,18,40,31
01_13_12_03_0014.bmp,1,12,3,16,13,13,13,20,13,13,13
01_13_12_03_0017.bmp,0,12,3,16,13,13,10,12,13,40,38
01_13_12_03_0018.bmp,1,12,3,16,13,25,25,2,25,13,13
01_13_12_03_0019.bmp,0,12,3,16,13,18,10,42,18,34,32
01_13_12_03_0020.bmp,0,12,3,16,13,13,11,25,13,40,31
01_13_12_03_0023.bmp,0,12,3,16,13,12,10,0,13,12,31
01_13_12_03_0025.bmp,0,12,3,16,13,38,13,42,38,40,38
01_13_12_03_0027.bmp,0,12,3,16,13,13,13,12,13,12,31
01_13_12_03_0027.bmp,1,12,3,16,13,13,13,13,13,13,13
01_13_12_03_0028.bmp,0,12,3,16,13,13,13,23,13,40,36
01_13_12_03_0029.bmp,0,12,3,16,13,13,13,25,25,40,31
01_13_12_03_0029.bmp,1,12,3,16,13,13,13,13,13,13,13
01_13_12_03_0031.bmp,1,12,3,16,13,13,13,13,13,1,13
01_13_12_03_0032.bmp,1,12,3,16,13,13,13,2,13,13,13
01_13_12_03_0037.bmp,1,12,3,16,13,13,13,2,13,13,13
01_13_12_03_0040.bmp,1,12,3,16,13,13,13,13,13,13,13
01_13_12_03_0042.bmp,0,12,3,16,13,13,13,40,13,13,13
01_13_12_03_0043.bmp,1,12,3,16,13,13,13,2,13,13,13
01_13_12_03_0044.bmp,1,12,3,16,13,13,13,13,13,13,13
01_13_12_03_0045.bmp,1,12,3,16,13,13,13,20,13,13,13
01_13_12_03_0046.bmp,0,12,3,16,13,13,13,40,13,13,13
01_13_12_03_0046.bmp,1,12,3,16,13,13,13,20,13,13,13
01_13_12_03_0047.bmp,0,12,3,16,13,13,13,40,40,13,13
01_13_12_03_0047.bmp,1,12,3,16,13,13,13,13,13,13,13
01_13_12_03_0048.bmp,0,12,3,16,13,13,13,23,13,13,13
01_13_12_03_0049.bmp,0,12,3,16,13,13,13,20,13,13,13
01_13_12_03_0050.bmp,1,12,3,16,13,13,13,13,13,13,13
01_13_12_03_0051.bmp,0,12,3,16,13,13,13,40,13,13,13
01_13_12_03_0051.bmp,1,12,3,16,13,13,13,13,13,13,13
01_13_12_03_0054.bmp,0,12,3,16,13,13,13,20,13,13,13
01_13_12_03_0056.bmp,0,12,3,16,13,13,13,40,13,13,13
01_13_12_03_0059.bmp,0,12,3,16,13,25,13,40,25,40,13
01_13_12_03_0061.bmp,1,12,3,16,13,13,13,13,13,13,13
01_13_12_03_0063.bmp,0,12,3,16,13,13,13,40,13,13,13
01_13_12_03_0064.bmp,0,12,3,16,13,13,13,40,13,13,13
01_13_12_03_0065.bmp,0,12,3,16,13,13,13,40,13,13,13
01_13_12_03_0065.bmp,1,12,3,16,13,12,11,25,12,40,31
01_13_12_03_0066.bmp,1,12,3,16,13,12,11,11,12,28,31
01_13_12_03_0068.bmp,0,12,3,16,13,13,13,20,13,13,13
01_13_12_03_0069.bmp,0,12,3,16,13,13,13,40,13,40,13
01_13_12_03_0070.bmp,0,12,3,16,13,13,13,13,13,13,13
01_13_12_03_0070.bmp,1,12,3,16,13,12,11,23,12,25,31
01_13_12_03_0071.bmp,1,12,3,16,13,12,11,11,18,35,31
01_13_12_03_0072.bmp,0,12,3,16,13,13,13,20,13,13,13
01_13_12_03_0073.bmp,0,12,3,16,13,13,13,40,13,2,13
01_13_12_03_0073.bmp,1,12,3,16,13,13,11,25,12,12,31
01_13_12_03_0074.bmp,0,12,3,16,13,13,13,2,13,13,13
01_13_12_03_0076.bmp,1,12,3,16,13,12,11,23,13,13,31
01_13_12_03_0077.bmp,1,12,3,16,13,11,11,42,12,26,31
01_13_12_03_0078.bmp,1,12,3,16,13,25,11,1,25,40,31
01_13_12_03_0079.bmp,1,12,3,16,13,12,11,23,12,40,31
01_13_12_03_0080.bmp,0,12,3,16,13,13,13,13,13,13,13
01_13_12_03_0081.bmp,1,12,3,16,13,25,10,19,25,39,31
01_13_12_03_0085.bmp,0,12,3,16,13,13,13,13,13,13,13
01_13_12_03_0085.bmp,1,12,3,16,13,25,11,25,12,40,31
01_13_12_03_0086.bmp,0,12,3,16,13,13,13,13,13,13,13
01_13_12_03_0087.bmp,0,12,3,16,13,13,13,13,13,13,13
01_13_12_03_0088.bmp,0,12,3,16,13,13,13,13,13,13,13
01_13_12_03_0088.bmp,1,12,3,16,13,12,11,40,25,40,31
01_13_12_03_0090.bmp,1,12,3,16,13,25,11,23,25,23,31
01_13_12_03_0092.bmp,0,12,3,16,13,13,13,13,13,13,13
01_13_12_03_0092.bmp,1,12,3,16,13,25,11,25,25,12,31
01_13_12_03_0096.bmp,0,12,3,16,13,13,13,13,13,13,13
01_13_12_03_0096.bmp,1,12,3,16,13,12,11,0,25,38,31
01_13_12_03_0098.bmp,0,12,3,16,13,13,13,13,13,13,13
01_13_12_03_0100.bmp,0,12,3,16,13,13,13,13,13,13,13
01_13_12_03_0100.bmp,1,12,3,16,13,25,11,40,25,25,31
01_13_12_03_0101.bmp,0,12,3,16,13,13,13,13,13,13,13
01_13_12_03_0103.bmp,1,12,3,16,13,12,11,40,12,40,31
01_13_12_03_0104.bmp,1,12,3,16,13,12,11,19,12,40,31
01_13_12_03_0105.bmp,1,12,3,16,13,25,13,40,25,13,31
01_13_12_03_0108.bmp,0,12,3,16,13,13,13,13,13,13,13
01_13_12_03_0109.bmp,1,12,3,16,13,25,11,20,25,13,31
01_13_12_03_0111.bmp,0,12,3,16,13,13,13,24,13,13,13
01_13_12_03_0113.bmp,0,12,3,16,13,13,13,24,13,13,13
01_13_12_03_0113.bmp,1,12,3,16,13,25,11,23,25,13,32
01_13_12_03_0114.bmp,1,12,3,16,13,25,11,20,13,1,12
01_13_12_03_0115.bmp,1,12,3,16,13,25,11,20,25,25,31
01_13_12_03_0116.bmp,1,12,3,16,13,25,11,20,25,40,31
01_13_12_03_0118.bmp,0,12,3,16,13,25,11,0,25,12,32
01_13_12_03_0118.bmp,1,12,3,16,13,25,11,20,25,23,31
01_13_12_03_0119.bmp,1,12,3,16,13,25,11,20,25,23,31
01_13_12_03_0121.bmp,0,12,3,16,13,25,11,20,12,12,32
01_13_12_03_0123.bmp,0,12,3,16,13,12,13,40,40,40,31
01_13_12_03_0125.bmp,0,12,3,16,13,12,11,19,12,13,32
01_13_12_03_0128.bmp,0,12,3,16,13,40,11,20,40,13,32
01_13_12_03_0130.bmp,0,12,3,16,13,25,11,20,40,39,32
01_13_12_03_0130.bmp,1,12,3,16,13,25,11,20,25,24,31
01_13_12_03_0131.bmp,0,12,3,16,13,25,11,20,40,40,32
01_13_12_03_0132.bmp,0,12,3,16,13,25,13,40,13,25,32
01_13_12_03_0134.bmp,0,12,3,16,13,25,13,40,25,13,32
01_13_12_03_0140.bmp,1,12,3,16,13,25,11,25,25,24,13
01_13_12_03_0141.bmp,0,12,3,16,13,25,25,40,40,13,32
01_13_12_03_0141.bmp,1,12,3,16,13,25,11,20,25,14,13
01_13_12_03_0142.bmp,1,12,3,16,13,25,11,20,25,24,12
01_13_12_03_0143.bmp,1,12,3,16,13,25,11,19,25,39,31
01_13_12_03_0144.bmp,0,12,3,16,13,25,25,20,13,40,32
01_13_12_03_0144.bmp,1,12,3,16,13,25,11,20,25,24,13
01_13_12_03_0148.bmp,0,12,3,16,13,13,13,20,13,13,32
01_13_12_03_0150.bmp,1,12,3,16,13,25,11,20,25,1,13
01_13_12_03_0151.bmp,0,12,3,16,13,25,13,20,25,13,32
01_13_12_03_0152.bmp,0,12,3,16,13,25,13,20,13,13,32
01_13_12_03_0153.bmp,1,12,3,16,13,25,11,20,25,40,13
01_13_12_03_0155.bmp,0,12,3,16,13,25,13,20,25,24,32
01_13_12_03_0155.bmp,1,12,3,16,13,25,11,20,25,23,13
01_13_12_03_0156.bmp,0,12,3,16,13,25,13,20,25,20,32
01_13_12_03_0158.bmp,0,12,3,16,13,25,13,20,13,24,32
01_13_12_03_0159.bmp,0,12,3,16,13,25,13,25,13,13,32
01_13_12_03_0160.bmp,1,12,3,16,13,25,25,20,25,40,13
01_13_12_03_0161.bmp,0,12,3,16,13,25,13,25,25,13,13
01_13_12_03_0163.bmp,1,12,3,16,13,25,11,13,25,13,13
01_13_12_03_0164.bmp,1,12,3,16,13,25,11,20,25,1,13
01_13_12_03_0168.bmp,1,12,3,16,13,25,11,20,25,40,13
01_13_12_03_0169.bmp,0,12,3,16,13,10,10,6,25,13,31
01_13_12_03_0170.bmp,1,12,3,16,13,25,11,13,25,13,13
01_13_12_03_0172.bmp,1,12,3,16,13,25,11,23,25,13,13
01_13_12_03_0173.bmp,1,12,3,16,13,25,13,20,25,13,13
01_13_12_03_0174.bmp,1,12,3,16,13,25,25,20,25,40,13
01_13_12_03_0176.bmp,1,12,3,16,13,25,11,20,13,24,13
01_13_12_03_0177.bmp,1,12,3,16,13,12,11,13,12,13,13
01_13_12_03_0178.bmp,0,12,3,16,13,38,11,1,38,12,31
01_13_12_03_0179.bmp,1,12,3,16,13,25,11,2,13,40,13
01_13_12_03_0181.bmp,0,12,3,16,13,12,31,11,0,11,31
01_13_12_03_0181.bmp,1,12,3,16,13,25,11,13,12,24,13
01_13_12_03_0182.bmp,0,12,3,16,13,12,11,11,12,40,31
01_13_12_03_0184.bmp,0,12,3,16,13,12,10,25,25,12,31
01_13_12_03_0184.bmp,1,12,3,16,13,25,11,25,13,13,13
01_13_12_03_0185.bmp,1,12,3,16,13,25,13,20,13,40,13
01_13_12_03_0186.bmp,0,12,3,16,13,25,10,12,25,39,31
01_13_12_03_0187.bmp,0,12,3,16,13,12,13,25,12,38,31
01_13_12_03_0188.bmp,0,12,3,16,13,12,11,42,12,40,31
01_13_12_03_0189.bmp,0,12,3,16,13,12,10,12,12,12,31
01_13_12_03_0190.bmp,0,12,3,16,13,12,10,42,12,12,31
01_13_12_03_0192.bmp,0,12,3,16,13,13,10,11,25,40,31
01_13_12_03_0193.bmp,1,12,3,16,13,25,13,20,13,13,13
01_13_12_03_0194.bmp,0,12,3,16,13,12,11,12,12,38,31
01_13_12_03_0196.bmp,0,12,3,16,13,12,10,23,12,40,31
01_13_12_03_0196.bmp,1,12,3,16,13,25,13,2,25,24,13
01_13_12_03_0197.bmp,0,12,3,16,13,12,10,28,12,40,31
01_13_12_03_0199.bmp,0,12,3,16,13,13,13,11,13,13,31
01_13_12_03_0199.bmp,1,12,3,16,13,13,13,13,13,13,13
01_13_12_03_0200.bmp,1,12,3,16,13,25,13,20,13,13,13
01_13_12_03_0201.bmp,1,12,3,16,13,25,11,20,25,13,13
01_13_12_03_0204.bmp,0,12,3,16,13,13,13,12,13,40,31
01_13_12_03_0204.bmp,1,12,3,16,13,25,11,20,25,13,13
01_13_12_03_0205.bmp,0,12,3,16,13,12,10,11,13,40,31
01_13_12_03_0205.bmp,1,12,3,16,13,25,13,13,25,25,13
01_13_12_03_0206.bmp,1,12,3,16,13,25,11,2,25,13,13
01_13_12_03_0207.bmp,1,12,3,16,13,25,11,40,25,40,13
01_13_12_03_0208.bmp,0,12,3,16,13,25,11,40,25,40,31
01_13_12_03_0209.bmp,1,12,3,16,13,25,11,20,25,13,13
01_13_12_03_0210.bmp,0,12,3,16,13,13,13,40,13,40,31
01_13_12_03_0210.bmp,1,12,3,16,13,25,25,13,13,13,13
01_13_12_03_0211.bmp,0,12,3,16,13,25,11,40,40,40,31
01_13_12_03_0212.bmp,0,12,3,16,13,40,11,40,40,40,31
01_13_12_03_0212.bmp,1,12,3,16,13,25,13,13,25,24,13
01_13_12_03_0213.bmp,0,12,3,16,13,25,13,40,25,40,31
01_13_12_03_0214.bmp,0,12,3,16,13,13,13,23,23,23,31
01_13_12_03_0214.bmp,1,12,3,16,13,13,13,20,13,13,13
01_13_12_03_0217.bmp,1,12,3,16,13,25,11,20,13,40,13
01_13_12_03_0218.bmp,0,12,3,16,13,25,13,20,12,13,13
01_13_12_03_0218.bmp,1,12,3,16,13,25,13,20,13,40,13
01_13_12_03_0220.bmp,0,12,3,16,13,13,13,20,13,40,13
01_13_12_03_0221.bmp,1,12,3,16,13,13,13,40,13,13,13
01_13_12_03_0222.bmp,0,12,3,16,13,25,25,20,13,40,13
01_13_12_03_0222.bmp,1,12,3,16,13,13,11,40,13,13,13
01_13_12_03_0223.bmp,1,12,3,16,13,25,13,13,25,40,13
01_13_12_03_0225.bmp,1,12,3,16,13,25,11,20,25,13,13
01_13_12_03_0227.bmp,0,12,3,16,13,25,13,20,25,40,13
01_13_12_03_0230.bmp,1,12,3,16,13,25,11,20,25,13,13
01_13_12_03_0231.bmp,0,12,3,16,13,25,13,20,25,13,13
01_13_12_03_0232.bmp,1,12,3,16,13,13,11,20,13,14,13
01_13_12_03_0235.bmp,0,12,3,16,13,25,13,20,25,13,13
01_13_12_03_0236.bmp,0,12,3,16,13,13,13,20,13,25,13
01_13_12_03_0237.bmp,0,12,3,16,13,25,13,23,13,13,13
01_13_12_03_0238.bmp,0,12,3,16,13,25,13,19,25,13,13
01_13_12_03_0238.bmp,1,12,3,16,13,25,11,40,13,13,13
01_13_12_03_0239.bmp,0,12,3,16,13,13,13,20,13,13,13
01_13_12_03_0240.bmp,0,12,3,16,13,25,13,25,25,13,13
01_13_12_03_0241.bmp,0,12,3,16,13,25,13,25,25,13,13
01_13_12_03_0242.bmp,0,12,3,16,13,25,13,25,25,23,13
01_13_12_03_0242.bmp,1,12,3,16,13,25,11,20,25,25,13
01_13_12_03_0243.bmp,0,12,3,16,13,25,25,20,25,13,13
01_13_12_03_0246.bmp,0,12,3,16,13,25,13,25,25,25,13
01_13_12_03_0248.bmp,1,12,3,16,13,25,11,23,25,13,13
01_13_12_03_0249.bmp,0,12,3,16,13,13,13,13,13,13,13
01_13_12_03_0249.bmp,1,12,3,16,13,25,11,40,13,13,13
01_13_12_03_0252.bmp,0,12,3,16,13,13,13,24,13,13,13
01_13_12_03_0254.bmp,1,12,3,16,13,25,11,40,25,40,13
01_13_12_03_0256.bmp,0,12,3,16,13,13,13,13,13,13,13
01_13_12_03_0257.bmp,0,12,3,16,13,13,13,13,13,13,13
01_13_12_03_0258.bmp,1,12,3,16,13,13,11,13,13,13,13
01_13_12_03_0260.bmp,1,12,3,16,13,25,11,20,25,13,13
01_13_12_03_0262.bmp,1,12,3,16,13,25,11,20,25,14,13
01_13_12_03_0267.bmp,0,12,3,16,13,13,13,13,13,13,13
01_13_12_03_0267.bmp,1,12,3,16,13,25,11,20,25,13,13
01_13_12_03_0268.bmp,1,12,3,16,13,25,11,13,25,24,13
01_13_12_03_0269.bmp,0,12,3,16,13,25,25,25,13,13,13
01_13_12_03_0275.bmp,0,12,3,16,13,25,11,20,13,13,13
01_13_12_03_0277.bmp,0,12,3,16,13,25,13,20,25,13,13
01_13_12_03_0279.bmp,0,12,3,16,13,25,13,2,25,13,13
01_13_12_03_0281.bmp,0,12,3,16,13,25,11,13,13,13,13
01_13_12_03_0285.bmp,0,12,3,16,13,13,11,20,13,13,13
01_13_12_03_0286.bmp,0,12,3,16,13,25,11,13,25,13,13
01_13_12_03_0287.bmp,0,12,3,16,13,25,13,20,25,40,13
01_13_12_03_0290.bmp,0,12,3,16,13,13,11,40,13,13,13
01_13_12_03_0291.bmp,0,12,3,16,13,13,13,20,13,13,13
01_13_12_03_0299.bmp,0,12,3,16,13,25,13,20,25,25,13
01_13_12_03_0302.bmp,0,12,3,16,13,25,11,20,25,40,13
01_13_12_03_0305.bmp,0,12,3,16,13,25,11,20,25,40,13
01_13_12_03_0306.bmp,0,12,3,16,13,25,11,20,13,13,13
01_13_12_03_0308.bmp,0,12,3,16,13,25,11,20,25,13,13
01_13_12_03_0320.bmp,0,12,3,16,13,25,11,13,25,13,13
01_13_12_03_0325.bmp,0,12,3,16,13,25,11,13,13,13,13
01_13_12_03_0328.bmp,0,12,3,16,13,25,11,13,25,40,13
01_13_12_03_0329.bmp,0,12,3,16,13,25,11,20,25,24,13
01_13_12_03_0332.bmp,0,12,3,16,13,25,11,13,25,13,13
01_13_12_03_0339.bmp,0,12,3,16,13,25,11,25,25,40,13
01_13_12_03_0340.bmp,0,12,3,16,13,13,13,13,13,13,13
01_13_12_03_0343.bmp,0,12,3,16,13,13,11,13,13,40,13
01_13_12_03_0347.bmp,0,12,3,16,13,25,13,13,13,13,13
01_13_12_03_0350.bmp,0,12,3,16,13,25,13,25,13,13,13
01_13_12_03_0352.bmp,0,12,3,16,13,25,25,25,25,13,13
01_13_12_03_0353.bmp,0,12,3,16,13,25,13,25,25,13,13
01_13_12_03_0354.bmp,0,12,3,16,13,25,13,20,25,13,13
01_13_12_03_0355.bmp,0,12,3,16,13,25,11,25,25,13,13
01_13_12_03_0357.bmp,0,12,3,16,13,25,13,23,25,25,13
01_13_12_03_0358.bmp,0,12,3,16,13,25,13,2,13,13,13
01_13_12_03_0360.bmp,0,12,3,16,13,25,13,25,13,13,13
01_13_12_03_0363.bmp,0,12,3,16,13,25,13,24,13,13,13
01_13_12_03_0367.bmp,0,12,3,16,13,13,13,20,13,13,13
01_13_12_03_0372.bmp,0,12,3,16,13,13,13,13,13,13,13
01_13_12_03_0373.bmp,0,12,3,16,13,13,13,24,13,13,13
01_13_12_03_0376.bmp,0,12,3,16,13,25,25,25,13,13,13
01_13_12_03_0379.bmp,0,12,3,16,13,13,13,13,13,13,13
01_13_12_03_0381.bmp,0,12,3,16,13,13,13,25,13,13,13
01_13_12_03_0384.bmp,0,12,3,16,13,25,13,25,25,40,13
01_13_12_03_0387.bmp,0,12,3,16,13,12,11,12,25,1,31
01_13_12_03_0388.bmp,0,12,3,16,13,13,11,42,25,18,31
01_13_12_03_0390.bmp,0,12,3,16,13,13,13,12,13,12,31
01_13_12_03_0391.bmp,0,12,3,16,13,12,11,12,13,13,31
01_13_12_03_0395.bmp,0,12,3,16,13,13,11,42,13,13,31
01_13_12_03_0396.bmp,0,12,3,16,13,13,11,42,13,13,31
01_13_12_03_0402.bmp,0,12,3,16,13,12,12,42,12,13,31
01_13_12_03_0407.bmp,0,12,3,16,13,12,12,25,12,40,31
01_13_12_03_0409.bmp,0,12,3,16,13,12,12,42,12,18,31
01_13_12_03_0414.bmp,0,12,3,16,13,13,13,42,13,13,31
01_13_12_03_0423.bmp,0,12,3,16,13,13,13,13,13,40,31
01_13_12_03_0424.bmp,0,12,3,16,13,13,10,42,13,13,31
01_13_12_03_0426.bmp,0,12,3,16,13,38,13,25,13,13,36
01_13_12_03_0427.bmp,0,12,3,16,13,13,31,42,13,13,31
01_13_12_03_0428.bmp,0,12,3,16,13,13,13,1,13,13,31
01_13_12_03_0434.bmp,0,12,3,16,13,12,13,25,12,40,31
01_13_12_03_0437.bmp,0,12,3,16,13,12,13,40,12,13,12
01_13_12_03_0438.bmp,0,12,3,16,13,12,11,25,12,1,31
01_13_12_03_0443.bmp,0,12,3,16,13,12,11,25,13,13,12
01_13_12_03_0445.bmp,0,12,3,16,13,25,13,25,25,12,13
01_13_12_03_0446.bmp,0,12,3,16,13,25,13,25,18,35,13
01_13_12_03_0447.bmp,0,12,3,16,13,25,13,40,25,40,31
01_13_12_03_0449.bmp,0,12,3,16,13,13,13,19,25,40,36
01_13_12_03_0451.bmp,0,12,3,16,13,25,13,40,40,40,12
01_13_12_03_0455.bmp,0,12,3,16,13,13,13,20,13,4,13
01_13_12_03_0460.bmp,0,12,3,16,13,13,13,20,13,13,13
01_13_12_03_0463.bmp,0,12,3,16,13,13,13,40,13,40,13
01_13_12_03_0464.bmp,0,12,3,16,13,13,13,20,13,40,13
01_13_12_03_0467.bmp,0,12,3,16,13,13,13,20,13,13,13
01_13_12_03_0471.bmp,0,12,3,16,13,13,13,19,13,13,13
01_13_12_03_0474.bmp,0,12,3,16,13,13,13,20,13,13,13
01_13_12_03_0477.bmp,0,12,3,16,13,13,13,20,13,13,13
01_13_12_03_0478.bmp,0,12,3,16,13,13,13,20,13,13,13
01_13_12_03_0480.bmp,0,12,3,16,13,25,13,20,13,13,13
01_13_12_03_0488.bmp,0,12,3,16,13,13,13,20,13,13,13
01_13_12_03_0491.bmp,0,12,3,16,13,13,13,20,13,13,13
01_13_12_03_0493.bmp,0,12,3,16,13,13,13,13,13,13,13
01_13_12_03_0495.bmp,0,12,3,16,13,13,13,13,13,13,13
01_13_12_03_0502.bmp,0,12,3,16,13,13,13,13,13,13,13
01_13_12_03_0503.bmp,0,12,3,16,13,13,13,20,13,24,13
01_13_12_03_0505.bmp,0,12,3,16,13,13,13,13,13,13,13
01_13_12_03_0508.bmp,0,12,3,16,13,13,13,13,13,13,13
01_13_12_03_0509.bmp,0,12,3,16,13,13,13,24,13,13,13
01_13_12_03_0513.bmp,0,12,3,16,13,13,13,20,13,13,13
01_13_12_03_0514.bmp,0,12,3,16,13,25,25,19,25,13,13
01_13_12_03_0515.bmp,0,12,3,16,13,25,25,20,25,25,13
01_13_12_03_0517.bmp,0,12,3,16,13,11,11,40,11,26,32
01_13_12_03_0521.bmp,0,12,3,16,13,13,11,1,25,40,31
01_13_12_03_0523.bmp,0,12,3,16,13,25,10,40,12,12,31
01_13_12_03_0525.bmp,0,12,3,16,13,25,13,12,25,13,31
01_13_12_03_0526.bmp,0,12,3,16,13,12,13,25,13,13,31
01_13_12_03_0532.bmp,0,12,3,16,13,12,11,12,12,34,32
01_13_12_03_0534.bmp,0,12,3,16,13,12,10,42,40,40,31
01_13_12_03_0535.bmp,0,12,3,16,13,13,13,40,13,40,12
01_13_12_03_0536.bmp,0,12,3,16,13,12,10,42,12,1,31
01_13_12_03_0538.bmp,0,12,3,16,13,25,10,1,25,40,31
01_13_12_03_0539.bmp,0,12,3,16,13,25,10,40,25,40,31
01_13_12_03_0540.bmp,0,12,3,16,13,12,10,42,25,40,32
01_13_12_03_0547.bmp,0,12,3,16,13,25,13,25,25,13,31
01_13_12_03_0550.bmp,0,12,3,16,13,12,10,12,25,12,31
01_13_12_03_0551.bmp,0,12,3,16,13,25,1,22,25,40,31
01_13_12_03_0554.bmp,0,12,3,16,13,12,16,42,12,40,32
01_13_12_03_0555.bmp,0,12,3,16,13,25,10,40,40,12,31
01_13_12_03_0560.bmp,0,12,3,16,13,25,10,6,25,37,31
01_13_12_03_0561.bmp,0,12,3,16,13,25,11,19,25,13,31
01_13_12_03_0562.bmp,0,12,3,16,13,12,10,1,12,1,31
01_13_12_03_0563.bmp,0,12,3,16,13,25,11,20,40,40,12
01_13_12_03_0569.bmp,0,12,3,16,13,25,11,20,25,40,13
01_13_12_03_0574.bmp,0,12,3,16,13,25,11,40,25,40,32
01_13_12_03_0575.bmp,0,12,3,16,13,25,11,20,25,40,13
01_13_12_03_0576.bmp,0,12,3,16,13,11,10,25,23,11,32
01_13_12_03_0577.bmp,0,12,3,16,13,25,25,2,25,40,13
01_13_12_03_0579.bmp,0,12,3,16,13,12,13,40,12,12,12
01_13_12_03_0581.bmp,0,12,3,16,13,25,25,20,25,38,13
01_13_12_03_0583.bmp,0,12,3,16,13,25,11,40,12,1,12
01_13_12_03_0584.bmp,0,12,3,16,13,25,10,12,25,40,32
01_13_12_03_0588.bmp,0,12,3,16,13,25,11,0,25,40,36
01_13_12_03_0589.bmp,0,12,3,16,13,25,11,2,25,40,13
01_13_12_03_0591.bmp,0,12,3,16,13,25,25,20,25,24,13
01_13_12_03_0600.bmp,0,12,3,16,13,25,13,23,25,13,13
01_13_12_03_0605.bmp,0,12,3,16,13,25,13,13,25,40,13
01_13_12_03_0610.bmp,0,12,3,16,13,25,13,20,25,13,13
01_13_12_03_0613.bmp,0,12,3,16,13,25,13,25,13,40,13
01_13_12_03_0615.bmp,0,12,3,16,13,25,13,25,13,13,13
01_13_12_03_0621.bmp,0,12,3,16,13,25,13,25,13,13,13
01_13_12_03_0622.bmp,0,12,3,16,13,25,13,20,13,13,13
01_13_12_03_0624.bmp,0,12,3,16,13,13,13,20,13,13,13
01_13_12_03_0626.bmp,0,12,3,16,13,13,13,13,13,13,13
01_03_12_04_0002.bmp,0,12,4,16,9,25,11,20,25,23,31
01_03_12_04_0004.bmp,0,12,4,16,9,12,1,22,12,26,31
01_03_12_04_0009.bmp,0,12,4,16,9,25,10,23,25,25,31
01_03_12_04_0010.bmp,0,12,4,16,9,25,13,25,25,25,13
01_03_12_04_0018.bmp,0,12,4,16,9,25,16,0,25,25,16
01_03_12_04_0025.bmp,0,12,4,16,9,25,13,19,25,23,13
01_03_12_04_0028.bmp,0,12,4,16,9,25,1,20,25,25,32
01_03_12_04_0029.bmp,0,12,4,16,9,25,13,25,25,40,13
01_03_12_04_0030.bmp,0,12,4,16,9,25,13,23,25,25,13
01_03_12_04_0038.bmp,0,12,4,16,9,25,13,23,25,25,13
01_03_12_04_0042.bmp,0,12,4,16,9,25,13,23,25,14,13
01_03_12_04_0044.bmp,0,12,4,16,9,25,13,19,25,25,13
01_03_12_04_0046.bmp,0,12,4,16,9,25,13,25,25,13,13
01_03_12_04_0048.bmp,0,12,4,16,9,25,13,23,25,25,13
01_03_12_04_0049.bmp,0,12,4,16,9,25,13,23,25,14,13
01_03_12_04_0055.bmp,0,12,4,16,9,25,13,25,25,25,13
01_03_12_04_0059.bmp,0,12,4,16,9,25,11,25,25,40,13
01_03_12_04_0060.bmp,0,12,4,16,9,25,13,25,25,25,13
01_03_12_04_0065.bmp,0,12,4,16,9,25,11,25,25,25,16
01_03_12_04_0066.bmp,0,12,4,16,9,25,1,20,25,25,13
01_03_12_04_0068.bmp,0,12,4,16,9,25,13,25,25,25,13
01_03_12_04_0069.bmp,0,12,4,16,9,25,13,20,25,25,13
01_03_12_04_0071.bmp,0,12,4,16,9,25,1,25,25,25,31
01_03_12_04_0073.bmp,0,12,4,16,9,25,1,25,25,14,13
01_03_12_04_0074.bmp,0,12,4,16,9,25,1,2,25,25,13
01_03_12_04_0076.bmp,0,12,4,16,9,13,13,25,25,25,13
01_03_12_04_0077.bmp,0,12,4,16,9,25,13,25,25,14,13
01_03_12_04_0078.bmp,0,12,4,16,9,25,13,25,25,25,13
01_03_12_04_0079.bmp,0,12,4,16,9,25,13,25,25,25,13
01_03_12_04_0080.bmp,0,12,4,16,9,25,13,25,25,25,13
01_03_12_04_0081.bmp,0,12,4,16,9,25,13,25,25,25,13
01_03_12_04_0084.bmp,0,12,4,16,9,25,1,25,25,25,13
01_06_12_04_0002.bmp,1,12,4,16,14,11,11,40,11,40,36
01_06_12_04_0003.bmp,0,12,4,16,14,25,11,20,25,25,32
01_06_12_04_0004.bmp,1,12,4,16,14,11,11,20,11,26,31
01_06_12_04_0005.bmp,1,12,4,16,14,11,11,23,11,23,32
01_06_12_04_0006.bmp,0,12,4,16,14,25,11,20,25,40,32
01_06_12_04_0006.bmp,1,12,4,16,14,11,11,20,11,20,31
01_06_12_04_0008.bmp,0,12,4,16,14,25,25,20,25,40,25
01_06_12_04_0008.bmp,1,12,4,16,14,25,11,40,25,25,32
01_06_12_04_0011.bmp,0,12,4,16,14,25,25,2,25,40,25
01_06_12_04_0012.bmp,1,12,4,16,14,25,11,20,25,25,32
01_06_12_04_0014.bmp,1,12,4,16,14,25,11,20,11,25,36
01_06_12_04_0015.bmp,0,12,4,16,14,25,1,20,25,26,25
01_06_12_04_0016.bmp,1,12,4,16,14,25,11,20,11,40,11
01_06_12_04_0017.bmp,1,12,4,16,14,25,11,2,25,40,11
01_06_12_04_0018.bmp,0,12,4,16,14,25,25,20,25,13,25
01_06_12_04_0018.bmp,1,12,4,16,14,11,11,20,11,14,36
01_06_12_04_0020.bmp,0,12,4,16,14,25,25,25,25,26,25
01_06_12_04_0022.bmp,1,12,4,16,14,25,11,20,11,40,11
01_06_12_04_0023.bmp,0,12,4,16,14,25,25,20,25,13,25
01_06_12_04_0023.bmp,1,12,4,16,14,25,11,20,25,25,31
01_06_12_04_0024.bmp,0,12,4,16,14,25,25,2,25,25,25
01_06_12_04_0024.bmp,1,12,4,16,14,25,11,20,25,23,11
01_06_12_04_0025.bmp,0,12,4,16,14,25,25,25,25,25,25
01_06_12_04_0027.bmp,0,12,4,16,14,25,25,20,25,24,25
01_06_12_04_0028.bmp,1,12,4,16,14,25,11,20,25,23,31
01_06_12_04_0031.bmp,0,12,4,16,14,25,25,24,25,24,25
01_06_12_04_0032.bmp,0,12,4,16,14,25,25,25,25,25,25
01_06_12_04_0037.bmp,0,12,4,16,14,25,25,24,25,24,25
01_06_12_04_0038.bmp,0,12,4,16,14,25,25,25,25,25,25
01_06_12_04_0040.bmp,0,12,4,16,14,25,25,25,25,25,25
01_06_12_04_0042.bmp,1,12,4,16,14,25,11,22,12,40,31
01_06_12_04_0044.bmp,1,12,4,16,14,25,11,40,25,40,31
01_06_12_04_0047.bmp,0,12,4,16,14,25,11,2,25,1,31
01_06_12_04_0050.bmp,0,12,4,16,14,25,11,23,25,25,32
01_06_12_04_0055.bmp,0,12,4,16,14,25,11,20,25,25,32
01_06_12_04_0058.bmp,0,12,4,16,14,25,25,20,25,25,32
01_06_12_04_0060.bmp,0,12,4,16,14,25,11,20,25,2,36
01_06_12_04_0062.bmp,0,12,4,16,14,25,11,20,25,14,32
01_06_12_04_0063.bmp,0,12,4,16,14,25,11,20,25,25,36
01_06_12_04_0064.bmp,0,12,4,16,14,25,25,20,25,14,36
01_06_12_04_0065.bmp,0,12,4,16,14,25,11,20,25,25,32
01_06_12_04_0066.bmp,0,12,4,16,14,25,11,20,25,23,32
01_06_12_04_0068.bmp,0,12,4,16,14,25,11,25,25,14,32
01_06_12_04_0070.bmp,0,12,4,16,14,25,25,2,25,25,32
01_06_12_04_0071.bmp,0,12,4,16,14,25,25,20,25,14,13
01_06_12_04_0081.bmp,0,12,4,16,14,25,25,20,25,24,25
01_06_12_04_0086.bmp,0,12,4,16,14,25,1,25,25,25,31
01_06_12_04_0087.bmp,0,12,4,16,14,25,25,25,25,25,25
01_11_12_04_0002.bmp,0,12,4,16,12,12,10,0,0,38,36
01_11_12_04_0004.bmp,0,12,4,16,12,13,11,1,12,12,31
01_11_12_04_0006.bmp,0,12,4,16,12,12,11,1,12,25,31
01_11_12_04_0007.bmp,0,12,4,16,12,12,11,12,25,40,31
01_11_12_04_0008.bmp,0,12,4,16,12,38,31,0,25,4,31
01_11_12_04_0009.bmp,0,12,4,16,12,12,31,0,12,40,31
01_11_12_04_0010.bmp,0,12,4,16,12,10,10,25,12,10,31
01_11_12_04_0012.bmp,0,12,4,16,12,11,11,2,13,12,36
01_11_12_04_0015.bmp,0,12,4,16,12,12,10,2,11,40,32
01_11_12_04_0020.bmp,0,12,4,16,12,11,11,6,25,12,32
01_11_12_04_0021.bmp,0,12,4,16,12,25,11,20,25,12,32
01_11_12_04_0025.bmp,0,12,4,16,12,11,11,11,11,25,36
01_11_12_04_0027.bmp,0,12,4,16,12,25,11,40,25,35,32
01_11_12_04_0028.bmp,0,12,4,16,12,12,11,40,12,1,32
01_11_12_04_0030.bmp,0,12,4,16,12,25,11,40,25,13,32
01_11_12_04_0031.bmp,0,12,4,16,12,25,11,20,25,24,32
01_11_12_04_0032.bmp,0,12,4,16,12,25,11,23,25,23,32
01_11_12_04_0033.bmp,0,12,4,16,12,25,11,19,25,25,32
01_11_12_04_0035.bmp,0,12,4,16,12,25,11,2,25,11,13
01_11_12_04_0036.bmp,0,12,4,16,12,25,1,19,25,25,32
01_11_12_04_0039.bmp,0,12,4,16,12,25,1,20,25,40,32
01_11_12_04_0040.bmp,0,12,4,16,12,25,1,19,25,40,32
01_11_12_04_0049.bmp,0,12,4,16,12,25,1,20,25,40,13
01_11_12_04_0054.bmp,0,12,4,16,12,25,1,20,25,1,13
01_11_12_04_0061.bmp,0,12,4,16,12,25,11,19,25,24,13
01_11_12_04_0062.bmp,0,12,4,16,12,25,1,25,25,40,13
01_11_12_04_0065.bmp,0,12,4,16,12,25,1,13,25,13,13
01_11_12_04_0068.bmp,0,12,4,16,12,25,11,13,25,13,13
01_11_12_04_0070.bmp,0,12,4,16,12,25,11,20,25,24,32
01_11_12_04_0073.bmp,0,12,4,16,12,25,11,24,25,24,25
01_11_12_04_0074.bmp,0,12,4,16,12,25,1,25,25,13,32
01_11_12_04_0076.bmp,0,12,4,16,12,25,13,25,25,25,32
01_11_12_04_0077.bmp,0,12,4,16,12,25,25,25,25,25,25
01_12_12_04_0002.bmp,1,12,4,16,17,11,11,42,11,11,12
01_12_12_04_0004.bmp,0,12,4,16,17,25,11,25,25,40,36
01_12_12_04_0006.bmp,0,12,4,16,17,25,1,19,25,40,36
01_12_12_04_0007.bmp,0,12,4,16,17,25,11,23,25,40,17
01_12_12_04_0008.bmp,1,12,4,16,17,11,11,11,11,23,11
01_12_12_04_0009.bmp,0,12,4,16,17,25,11,23,25,26,17
01_12_12_04_0010.bmp,1,12,4,16,17,11,11,11,11,23,31
01_12_12_04_0011.bmp,1,12,4,16,17,13,11,42,11,26,12
01_12_12_04_0012.bmp,1,12,4,16,17,11,11,25,11,40,31
01_12_12_04_0013.bmp,0,12,4,16,17,25,10,19,25,26,31
01_12_12_04_0013.bmp,1,12,4,16,17,10,11,11,11,40,12
01_12_12_04_0014.bmp,0,12,4,16,17,25,10,19,25,12,17
01_12_12_04_0015.bmp,1,12,4,16,17,11,11,12,11,25,12
01_12_12_04_0017.bmp,0,12,4,16,17,25,13,23,25,14,15
01_12_12_04_0017.bmp,1,12,4,16,17,10,11,25,11,25,12
01_12_12_04_0018.bmp,0,12,4,16,17,25,11,23,25,26,17
01_12_12_04_0018.bmp,1,12,4,16,17,11,11,42,11,12,11
01_12_12_04_0019.bmp,1,12,4,16,17,11,11,1,11,12,11
01_12_12_04_0023.bmp,0,12,4,16,17,25,11,20,25,13,17
01_12_12_04_0023.bmp,1,12,4,16,17,11,11,1,11,40,12
01_12_12_04_0025.bmp,1,12,4,16,17,11,11,42,11,35,11
01_12_12_04_0026.bmp,0,12,4,16,17,25,11,20,25,40,17
01_12_12_04_0027.bmp,1,12,4,16,17,11,11,25,11,25,12
01_12_12_04_0028.bmp,0,12,4,16,17,25,11,2,25,2,31
01_12_12_04_0029.bmp,0,12,4,16,17,25,11,25,25,25,31
01_12_12_04_0031.bmp,1,12,4,16,17,11,11,11,11,25,11
01_12_12_04_0032.bmp,0,12,4,16,17,25,11,20,25,25,31
01_12_12_04_0033.bmp,1,12,4,16,17,11,11,11,11,26,12
01_12_12_04_0034.bmp,1,12,4,16,17,11,11,25,11,12,11
01_12_12_04_0035.bmp,1,12,4,16,17,11,11,42,11,26,11
01_12_12_04_0038.bmp,0,12,4,16,17,25,11,25,25,25,36
01_12_12_04_0038.bmp,1,12,4,16,17,10,11,1,11,12,11
01_12_12_04_0040.bmp,0,12,4,16,17,25,11,25,25,25,36
01_12_12_04_0040.bmp,1,12,4,16,17,11,11,25,11,40,11
01_12_12_04_0042.bmp,1,12,4,16,17,11,11,42,11,25,11
01_12_12_04_0045.bmp,0,12,4,16,17,11,11,42,11,12,11
01_12_12_04_0049.bmp,0,12,4,16,17,11,11,11,11,12,11
01_12_12_04_0052.bmp,0,12,4,16,17,11,11,12,11,26,11
01_12_12_04_0053.bmp,0,12,4,16,17,11,11,25,11,12,11
01_12_12_04_0056.bmp,0,12,4,16,17,11,11,23,11,40,31
01_12_12_04_0058.bmp,0,12,4,16,17,1,11,0,11,40,11
01_12_12_04_0061.bmp,0,12,4,16,17,11,11,23,11,14,11
01_12_12_04_0062.bmp,0,12,4,16,17,11,11,20,11,1,11
01_12_12_04_0063.bmp,0,12,4,16,17,11,11,40,11,25,11
01_12_12_04_0064.bmp,0,12,4,16,17,11,11,20,11,12,11
01_12_12_04_0065.bmp,0,12,4,16,17,11,11,20,11,40,11
01_12_12_04_0066.bmp,0,12,4,16,17,11,11,40,11,12,11
01_12_12_04_0068.bmp,0,12,4,16,17,1,11,20,1,25,11
01_12_12_04_0069.bmp,0,12,4,16,17,11,11,40,11,40,11
01_12_12_04_0072.bmp,0,12,4,16,17,11,11,40,11,12,11
01_12_12_04_0075.bmp,0,12,4,16,17,11,11,20,11,40,11
01_12_12_04_0077.bmp,0,12,4,16,17,25,11,20,11,12,11
01_12_12_04_0078.bmp,0,12,4,16,17,25,11,20,11,12,11
01_12_12_04_0079.bmp,0,12,4,16,17,11,11,20,1,25,31
01_12_12_04_0080.bmp,0,12,4,16,17,25,11,20,11,40,11
01_12_12_04_0081.bmp,0,12,4,16,17,11,11,20,11,25,11
01_12_12_04_0082.bmp,0,12,4,16,17,25,11,20,11,23,11
01_12_12_04_0083.bmp,0,12,4,16,17,25,11,2,11,40,11
01_12_12_04_0085.bmp,0,12,4,16,17,25,11,19,1,26,11
01_12_12_04_0089.bmp,0,12,4,16,17,11,11,2,1,2,31
01_12_12_04_0090.bmp,0,12,4,16,17,11,11,20,11,40,11
01_12_12_04_0091.bmp,0,12,4,16,17,25,11,19,1,40,11
01_12_12_04_0093.bmp,0,12,4,16,17,25,11,20,11,25,11
01_12_12_04_0096.bmp,0,12,4,16,17,11,11,20,11,25,11
01_12_12_04_0100.bmp,0,12,4,16,17,25,11,20,11,40,11
01_12_12_04_0101.bmp,0,12,4,16,17,25,11,20,25,25,11
01_12_12_04_0112.bmp,0,12,4,16,17,25,11,20,25,14,32
01_12_12_04_0114.bmp,0,12,4,16,17,25,11,20,25,40,17
01_13_12_04_0001.bmp,1,12,4,16,13,25,11,20,25,25,12
01_13_12_04_0003.bmp,0,12,4,16,13,11,11,12,11,40,12
01_13_12_04_0004.bmp,0,12,4,16,13,11,11,12,11,25,12
01_13_12_04_0005.bmp,1,12,4,16,13,25,11,20,11,40,11
01_13_12_04_0007.bmp,1,12,4,16,13,11,11,20,11,14,13
01_13_12_04_0010.bmp,1,12,4,16,13,25,11,0,25,40,13
01_13_12_04_0012.bmp,0,12,4,16,13,12,12,25,11,40,12
01_13_12_04_0012.bmp,1,12,4,16,13,25,11,2,25,25,13
01_13_12_04_0014.bmp,0,12,4,16,13,10,11,23,11,40,12
01_13_12_04_0015.bmp,0,12,4,16,13,11,11,12,11,14,31
01_13_12_04_0015.bmp,1,12,4,16,13,25,13,25,13,25,13
01_13_12_04_0016.bmp,0,12,4,16,13,11,11,25,13,25,31
01_13_12_04_0017.bmp,1,12,4,16,13,25,11,20,25,1,13
01_13_12_04_0018.bmp,0,12,4,16,13,11,11,0,11,26,12
01_13_12_04_0020.bmp,0,12,4,16,13,11,11,40,11,40,31
01_13_12_04_0021.bmp,0,12,4,16,13,13,12,25,13,40,31
01_13_12_04_0021.bmp,1,12,4,16,13,25,13,20,25,40,13
01_13_12_04_0022.bmp,1,12,4,16,13,13,13,2,13,13,13
01_13_12_04_0026.bmp,0,12,4,16,13,11,11,12,11,25,31
01_13_12_04_0026.bmp,1,12,4,16,13,25,11,40,13,13,13
01_13_12_04_0027.bmp,1,12,4,16,13,13,11,13,13,40,13
01_13_12_04_0028.bmp,0,12,4,16,13,11,11,25,11,13,12
01_13_12_04_0029.bmp,1,12,4,16,13,25,11,20,25,2,13
01_13_12_04_0030.bmp,0,12,4,16,13,10,11,12,10,40,12
01_13_12_04_0031.bmp,0,12,4,16,13,11,11,40,11,40,31
01_13_12_04_0031.bmp,1,12,4,16,13,25,13,2,25,25,13
01_13_12_04_0032.bmp,0,12,4,16,13,13,11,12,11,13,12
01_13_12_04_0034.bmp,1,12,4,16,13,25,13,2,13,25,13
01_13_12_04_0035.bmp,0,12,4,16,13,10,11,25,11,25,31
01_13_12_04_0036.bmp,0,12,4,16,13,10,11,40,25,40,12
01_13_12_04_0036.bmp,1,12,4,16,13,13,13,2,13,13,13
01_13_12_04_0037.bmp,1,12,4,16,13,13,13,2,13,13,13
01_13_12_04_0040.bmp,1,12,4,16,13,13,13,13,13,13,13
01_13_12_04_0041.bmp,1,12,4,16,13,13,13,20,13,13,13
01_13_12_04_0043.bmp,0,12,4,16,13,13,11,0,11,12,12
01_13_12_04_0044.bmp,1,12,4,16,13,13,13,25,13,13,13
01_13_12_04_0048.bmp,1,12,4,16,13,13,13,13,13,13,13
01_13_12_04_0049.bmp,1,12,4,16,13,13,13,13,13,13,13
01_13_12_04_0050.bmp,0,12,4,16,13,11,11,40,11,40,12
01_13_12_04_0050.bmp,1,12,4,16,13,13,13,13,13,13,13
01_13_12_04_0051.bmp,0,12,4,16,13,11,11,20,11,13,13
01_13_12_04_0052.bmp,1,12,4,16,13,13,13,13,13,13,13
01_13_12_04_0053.bmp,1,12,4,16,13,13,13,13,13,13,13
01_13_12_04_0059.bmp,1,12,4,16,13,13,13,13,13,25,13
01_13_12_04_0063.bmp,1,12,4,16,13,11,11,25,11,25,12
01_13_12_04_0065.bmp,1,12,4,16,13,11,11,25,11,25,12
01_13_12_04_0068.bmp,0,12,4,16,13,25,11,20,25,13,13
01_13_12_04_0068.bmp,1,12,4,16,13,11,11,0,11,26,11
01_13_12_04_0069.bmp,0,12,4,16,13,25,1,20,1,40,13
01_13_12_04_0069.bmp,1,12,4,16,13,11,11,12,11,12,11
01_13_12_04_0074.bmp,0,12,4,16,13,25,11,2,25,12,13
01_13_12_04_0074.bmp,1,12,4,16,13,11,11,23,11,11,11
01_13_12_04_0078.bmp,1,12,4,16,13,10,11,25,11,26,11
01_13_12_04_0080.bmp,1,12,4,16,13,11,11,12,11,40,12
01_13_12_04_0082.bmp,0,12,4,16,13,25,11,20,25,40,13
01_13_12_04_0082.bmp,1,12,4,16,13,11,11,2,11,40,31
01_13_12_04_0083.bmp,1,12,4,16,13,11,11,0,11,40,12
01_13_12_04_0084.bmp,0,12,4,16,13,25,11,20,13,13,13
01_13_12_04_0086.bmp,0,12,4,16,13,25,13,13,13,24,13
01_13_12_04_0090.bmp,1,12,4,16,13,11,11,40,11,25,11
01_13_12_04_0092.bmp,0,12,4,16,13,25,11,13,25,13,13
01_13_12_04_0092.bmp,1,12,4,16,13,11,11,23,11,40,12
01_13_12_04_0093.bmp,1,12,4,16,13,11,11,0,11,40,11
01_13_12_04_0094.bmp,0,12,4,16,13,25,11,20,25,13,13
01_13_12_04_0094.bmp,1,12,4,16,13,11,11,40,11,40,12
01_13_12_04_0097.bmp,1,12,4,16,13,11,11,25,11,40,12
01_13_12_04_0101.bmp,1,12,4,16,13,11,11,2,11,40,11
01_13_12_04_0102.bmp,1,12,4,16,13,11,11,25,11,25,11
01_13_12_04_0104.bmp,0,12,4,16,13,13,13,25,13,13,13
01_13_12_04_0106.bmp,1,12,4,16,13,11,11,40,11,40,31
01_13_12_04_0111.bmp,0,12,4,16,13,13,13,20,13,24,13
01_13_12_04_0111.bmp,1,12,4,16,13,11,11,19,11,12,12
01_13_12_04_0112.bmp,0,12,4,16,13,13,13,20,13,13,13
01_13_12_04_0112.bmp,1,12,4,16,13,11,11,20,11,11,11
01_13_12_04_0115.bmp,1,12,4,16,13,11,11,40,11,40,11
01_13_12_04_0118.bmp,1,12,4,16,13,11,11,40,11,40,31
01_13_12_04_0119.bmp,0,12,4,16,13,11,11,25,11,25,31
01_13_12_04_0120.bmp,1,12,4,16,13,11,11,20,11,1,12
01_13_12_04_0121.bmp,0,12,4,16,13,1,11,40,1,40,31
01_13_12_04_0126.bmp,1,12,4,16,13,11,11,20,1,13,12
01_13_12_04_0127.bmp,1,12,4,16,13,11,11,40,1,23,12
01_13_12_04_0128.bmp,0,12,4,16,13,11,11,20,11,25,31
01_13_12_04_0129.bmp,0,12,4,16,13,25,11,20,1,39,31
01_13_12_04_0129.bmp,1,12,4,16,13,11,11,2,11,12,12
01_13_12_04_0130.bmp,1,12,4,16,13,1,11,20,1,40,12
01_13_12_04_0132.bmp,0,12,4,16,13,25,11,40,1,25,31
01_13_12_04_0134.bmp,1,12,4,16,13,25,11,2,1,40,12
01_13_12_04_0138.bmp,0,12,4,16,13,25,1,2,25,24,31
01_13_12_04_0140.bmp,0,12,4,16,13,11,11,20,11,39,31
01_13_12_04_0142.bmp,0,12,4,16,13,25,11,20,25,39,31
01_13_12_04_0142.bmp,1,12,4,16,13,11,11,40,1,25,12
01_13_12_04_0144.bmp,0,12,4,16,13,25,11,20,25,40,31
01_13_12_04_0145.bmp,1,12,4,16,13,11,11,2,11,12,12
01_13_12_04_0146.bmp,1,12,4,16,13,11,11,20,11,40,12
01_13_12_04_0148.bmp,1,12,4,16,13,11,11,40,1,12,12
01_13_12_04_0151.bmp,1,12,4,16,13,11,11,20,11,40,12
01_13_12_04_0152.bmp,1,12,4,16,13,1,11,20,1,25,12
01_13_12_04_0155.bmp,0,12,4,16,13,25,11,25,25,25,31
01_13_12_04_0157.bmp,0,12,4,16,13,25,11,25,25,13,31
01_13_12_04_0158.bmp,1,12,4,16,13,11,11,20,1,25,12
01_13_12_04_0160.bmp,0,12,4,16,13,25,11,25,25,40,19
01_13_12_04_0161.bmp,0,12,4,16,13,25,1,25,25,13,13
01_13_12_04_0161.bmp,1,12,4,16,13,25,11,20,1,25,12
01_13_12_04_0162.bmp,1,12,4,16,13,11,11,2,1,40,12
01_13_12_04_0165.bmp,1,12,4,16,13,11,11,20,1,25,11
01_13_12_04_0166.bmp,1,12,4,16,13,11,11,20,1,40,12
01_13_12_04_0169.bmp,0,12,4,16,13,11,11,42,11,38,12
01_13_12_04_0170.bmp,0,12,4,16,13,10,11,1,11,40,12
01_13_12_04_0172.bmp,1,12,4,16,13,25,11,20,11,25,11
01_13_12_04_0173.bmp,0,12,4,16,13,11,11,42,11,23,12
01_13_12_04_0175.bmp,0,12,4,16,13,11,11,12,11,25,12
01_13_12_04_0175.bmp,1,12,4,16,13,11,11,20,1,2,12
01_13_12_04_0177.bmp,1,12,4,16,13,11,11,20,1,24,12
01_13_12_04_0179.bmp,0,12,4,16,13,11,11,42,11,12,11
01_13_12_04_0180.bmp,0,12,4,16,13,11,11,42,11,12,12
01_13_12_04_0181.bmp,0,12,4,16,13,10,11,1,11,12,31
01_13_12_04_0182.bmp,1,12,4,16,13,11,11,20,11,40,12
01_13_12_04_0185.bmp,1,12,4,16,13,11,11,20,1,25,12
01_13_12_04_0186.bmp,1,12,4,16,13,11,11,25,1,40,12
01_13_12_04_0191.bmp,1,12,4,16,13,11,11,20,11,24,11
01_13_12_04_0192.bmp,1,12,4,16,13,2,11,20,1,25,12
01_13_12_04_0193.bmp,0,12,4,16,13,10,11,1,11,12,31
01_13_12_04_0195.bmp,0,12,4,16,13,10,11,42,10,37,11
01_13_12_04_0196.bmp,0,12,4,16,13,11,11,42,11,4,31
01_13_12_04_0196.bmp,1,12,4,16,13,11,11,20,1,40,12
01_13_12_04_0197.bmp,1,12,4,16,13,11,11,20,1,40,12
01_13_12_04_0198.bmp,0,12,4,16,13,11,11,19,11,13,31
01_13_12_04_0200.bmp,0,12,4,16,13,11,11,40,11,12,31
01_13_12_04_0200.bmp,1,12,4,16,13,25,11,40,1,25,12
01_13_12_04_0201.bmp,0,12,4,16,13,11,11,40,11,40,12
01_13_12_04_0202.bmp,0,12,4,16,13,13,11,40,13,40,31
01_13_12_04_0202.bmp,1,12,4,16,13,25,11,20,1,24,12
01_13_12_04_0204.bmp,0,12,4,16,13,11,11,25,11,7,31
01_13_12_04_0206.bmp,0,12,4,16,13,11,11,40,11,40,31
01_13_12_04_0206.bmp,1,12,4,16,13,11,11,20,1,25,12
01_13_12_04_0207.bmp,1,12,4,16,13,11,11,20,1,13,12
01_13_12_04_0208.bmp,1,12,4,16,13,25,11,20,1,25,12
01_13_12_04_0211.bmp,0,12,4,16,13,11,11,40,11,40,31
01_13_12_04_0212.bmp,1,12,4,16,13,11,11,20,11,26,12
01_13_12_04_0213.bmp,0,12,4,16,13,11,11,25,11,40,31
01_13_12_04_0214.bmp,1,12,4,16,13,11,11,20,11,40,11
01_13_12_04_0215.bmp,0,12,4,16,13,25,11,20,25,20,31
01_13_12_04_0217.bmp,1,12,4,16,13,25,11,20,1,40,12
01_13_12_04_0218.bmp,0,12,4,16,13,25,11,20,25,39,31
01_13_12_04_0218.bmp,1,12,4,16,13,25,11,20,1,24,12
01_13_12_04_0219.bmp,0,12,4,16,13,25,11,20,25,23,31
01_13_12_04_0219.bmp,1,12,4,16,13,11,11,20,1,13,12
01_13_12_04_0223.bmp,1,12,4,16,13,25,11,25,1,25,12
01_13_12_04_0224.bmp,1,12,4,16,13,11,11,20,1,25,11
01_13_12_04_0228.bmp,0,12,4,16,13,25,11,20,25,25,31
01_13_12_04_0229.bmp,1,12,4,16,13,11,11,20,1,25,11
01_13_12_04_0230.bmp,0,12,4,16,13,25,1,20,25,24,13
01_13_12_04_0231.bmp,1,12,4,16,13,11,11,20,1,40,12
01_13_12_04_0232.bmp,0,12,4,16,13,25,11,19,25,13,13
01_13_12_04_0232.bmp,1,12,4,16,13,11,11,20,11,39,12
01_13_12_04_0234.bmp,1,12,4,16,13,1,11,25,1,25,11
01_13_12_04_0235.bmp,0,12,4,16,13,25,13,20,25,13,13
01_13_12_04_0236.bmp,0,12,4,16,13,25,13,20,25,25,13
01_13_12_04_0236.bmp,1,12,4,16,13,11,11,20,11,40,12
01_13_12_04_0237.bmp,1,12,4,16,13,25,11,20,11,40,12
01_13_12_04_0238.bmp,1,12,4,16,13,11,11,20,11,40,12
01_13_12_04_0239.bmp,0,12,4,16,13,25,13,13,25,40,13
01_13_12_04_0241.bmp,0,12,4,16,13,25,13,24,25,13,13
01_13_12_04_0243.bmp,0,12,4,16,13,25,25,25,25,40,13
01_13_12_04_0244.bmp,0,12,4,16,13,25,13,25,25,13,13
01_13_12_04_0244.bmp,1,12,4,16,13,1,11,20,11,40,12
01_13_12_04_0248.bmp,1,12,4,16,13,11,11,20,11,13,12
01_13_12_04_0249.bmp,0,12,4,16,13,13,13,13,13,13,13
01_13_12_04_0250.bmp,1,12,4,16,13,11,11,20,1,40,12
01_13_12_04_0251.bmp,1,12,4,16,13,25,11,20,11,40,12
01_13_12_04_0253.bmp,0,12,4,16,13,13,13,13,13,13,13
01_13_12_04_0255.bmp,1,12,4,16,13,25,11,20,1,23,12
01_13_12_04_0256.bmp,1,12,4,16,13,11,11,2,11,40,12
01_13_12_04_0258.bmp,1,12,4,16,13,11,11,2,11,23,12
01_13_12_04_0259.bmp,0,12,4,16,13,13,13,13,13,13,13
01_13_12_04_0262.bmp,1,12,4,16,13,1,11,25,1,40,12
01_13_12_04_0263.bmp,0,12,4,16,13,13,13,20,13,13,13
01_13_12_04_0264.bmp,0,12,4,16,13,13,13,20,13,40,13
01_13_12_04_0264.bmp,1,12,4,16,13,25,11,20,1,25,11
01_13_12_04_0268.bmp,1,12,4,16,13,11,11,20,11,12,12
01_13_12_04_0269.bmp,0,12,4,16,13,25,13,40,13,13,13
01_13_12_04_0269.bmp,1,12,4,16,13,25,11,20,11,40,11
01_13_12_04_0271.bmp,0,12,4,16,13,11,11,20,1,40,12
01_13_12_04_0274.bmp,0,12,4,16,13,11,11,20,11,40,12
01_13_12_04_0275.bmp,0,12,4,16,13,11,11,20,1,25,12
01_13_12_04_0276.bmp,0,12,4,16,13,11,11,20,1,40,11
01_13_12_04_0277.bmp,0,12,4,16,13,11,11,20,1,2,12
01_13_12_04_0278.bmp,0,12,4,16,13,25,11,20,1,40,12
01_13_12_04_0279.bmp,0,12,4,16,13,11,11,20,1,40,11
01_13_12_04_0283.bmp,0,12,4,16,13,25,11,20,1,40,12
01_13_12_04_0284.bmp,0,12,4,16,13,25,11,20,1,40,12
01_13_12_04_0285.bmp,0,12,4,16,13,25,11,20,1,40,11
01_13_12_04_0286.bmp,0,12,4,16,13,25,11,20,1,25,12
01_13_12_04_0287.bmp,0,12,4,16,13,11,11,20,1,40,12
01_13_12_04_0289.bmp,0,12,4,16,13,2,11,20,1,25,12
01_13_12_04_0290.bmp,0,12,4,16,13,11,11,20,11,25,12
01_13_12_04_0293.bmp,0,12,4,16,13,11,11,20,1,40,12
01_13_12_04_0294.bmp,0,12,4,16,13,25,11,20,1,13,12
01_13_12_04_0296.bmp,0,12,4,16,13,11,11,20,1,40,12
01_13_12_04_0299.bmp,0,12,4,16,13,25,11,20,1,25,12
01_13_12_04_0301.bmp,0,12,4,16,13,11,11,20,1,40,12
01_13_12_04_0302.bmp,0,12,4,16,13,25,11,2,1,40,12
01_13_12_04_0304.bmp,0,12,4,16,13,25,11,20,1,25,12
01_13_12_04_0306.bmp,0,12,4,16,13,11,11,20,1,40,12
01_13_12_04_0308.bmp,0,12,4,16,13,1,11,20,1,25,31
01_13_12_04_0312.bmp,0,12,4,16,13,11,11,25,11,13,11
01_13_12_04_0315.bmp,0,12,4,16,13,25,11,25,1,13,12
01_13_12_04_0316.bmp,0,12,4,16,13,11,11,20,11,25,11
01_13_12_04_0328.bmp,0,12,4,16,13,25,11,25,11,25,11
01_13_12_04_0333.bmp,0,12,4,16,13,25,11,20,25,25,11
01_13_12_04_0338.bmp,0,12,4,16,13,25,11,20,25,25,11
01_13_12_04_0341.bmp,0,12,4,16,13,25,11,25,11,40,13
01_13_12_04_0342.bmp,0,12,4,16,13,25,11,13,25,13,13
01_13_12_04_0343.bmp,0,12,4,16,13,11,11,13,11,13,13
01_13_12_04_0344.bmp,0,12,4,16,13,25,11,25,25,13,13
01_13_12_04_0348.bmp,0,12,4,16,13,25,11,25,25,13,13
01_13_12_04_0349.bmp,0,12,4,16,13,25,11,25,25,25,13
01_13_12_04_0352.bmp,0,12,4,16,13,25,11,25,25,13,13
01_13_12_04_0356.bmp,0,12,4,16,13,25,11,25,25,25,31
01_13_12_04_0360.bmp,0,12,4,16,13,25,13,20,13,13,13
01_13_12_04_0363.bmp,0,12,4,16,13,13,13,20,13,13,13
01_13_12_04_0367.bmp,0,12,4,16,13,13,13,2,13,13,13
01_13_12_04_0370.bmp,0,12,4,16,13,13,13,20,13,13,13
01_13_12_04_0371.bmp,0,12,4,16,13,25,13,20,13,13,13
01_13_12_04_0372.bmp,0,12,4,16,13,13,13,13,13,13,13
01_13_12_04_0374.bmp,0,12,4,16,13,13,13,24,13,13,13
01_13_12_04_0377.bmp,0,12,4,16,13,25,13,23,13,13,13
01_13_12_04_0378.bmp,0,12,4,16,13,13,13,25,13,13,13
01_13_12_04_0382.bmp,0,12,4,16,13,25,25,25,25,25,13
01_13_12_04_0384.bmp,0,12,4,16,13,25,13,25,13,25,13
01_13_12_04_0387.bmp,0,12,4,16,13,11,11,42,11,12,12
01_13_12_04_0389.bmp,0,12,4,16,13,11,11,42,11,40,12
01_13_12_04_0390.bmp,0,12,4,16,13,10,11,1,11,40,12
01_13_12_04_0393.bmp,0,12,4,16,13,13,11,42,11,39,12
01_13_12_04_0397.bmp,0,12,4,16,13,13,11,42,11,12,12
01_13_12_04_0399.bmp,0,12,4,16,13,11,11,11,11,40,12
01_13_12_04_0400.bmp,0,12,4,16,13,11,11,11,11,12,12
01_13_12_04_0401.bmp,0,12,4,16,13,12,12,12,11,25,12
01_13_12_04_0402.bmp,0,12,4,16,13,11,11,11,11,40,12
01_13_12_04_0406.bmp,0,12,4,16,13,11,11,6,11,1,12
01_13_12_04_0407.bmp,0,12,4,16,13,11,11,12,11,12,12
01_13_12_04_0416.bmp,0,12,4,16,13,11,11,42,11,40,12
01_13_12_04_0419.bmp,0,12,4,16,13,10,11,25,11,26,31
01_13_12_04_0420.bmp,0,12,4,16,13,11,11,42,11,12,12
01_13_12_04_0424.bmp,0,12,4,16,13,13,11,42,11,12,12
01_13_12_04_0429.bmp,0,12,4,16,13,11,11,2,11,12,11
01_13_12_04_0433.bmp,0,12,4,16,13,10,11,20,11,40,12
01_13_12_04_0437.bmp,0,12,4,16,13,11,11,12,11,12,11
01_13_12_04_0444.bmp,0,12,4,16,13,11,11,40,11,40,12
01_13_12_04_0445.bmp,0,12,4,16,13,11,11,20,11,25,11
01_13_12_04_0446.bmp,0,12,4,16,13,11,11,20,11,26,11
01_13_12_04_0447.bmp,0,12,4,16,13,11,11,19,11,40,12
01_13_12_04_0453.bmp,0,12,4,16,13,25,11,20,1,25,11
01_13_12_04_0457.bmp,0,12,4,16,13,25,11,40,11,40,11
01_13_12_04_0459.bmp,0,12,4,16,13,25,11,40,1,39,12
01_13_12_04_0461.bmp,0,12,4,16,13,11,11,40,11,25,12
01_13_12_04_0464.bmp,0,12,4,16,13,1,11,40,11,40,12
01_13_12_04_0466.bmp,0,12,4,16,13,25,11,19,1,40,12
01_13_12_04_0468.bmp,0,12,4,16,13,13,11,40,1,40,12
01_13_12_04_0469.bmp,0,12,4,16,13,11,11,20,1,40,12
01_13_12_04_0472.bmp,0,12,4,16,13,25,1,20,11,26,11
01_13_12_04_0473.bmp,0,12,4,16,13,25,1,20,25,24,11
01_13_12_04_0475.bmp,0,12,4,16,13,25,11,20,11,25,13
01_13_12_04_0476.bmp,0,12,4,16,13,11,11,20,11,14,13
01_13_12_04_0483.bmp,0,12,4,16,13,25,11,40,2,24,31
01_13_12_04_0484.bmp,0,12,4,16,13,25,11,20,25,25,13
01_13_12_04_0486.bmp,0,12,4,16,13,25,11,20,25,25,13
01_13_12_04_0489.bmp,0,12,4,16,13,25,11,25,25,25,13
01_13_12_04_0490.bmp,0,12,4,16,13,25,11,25,25,24,13
01_13_12_04_0492.bmp,0,12,4,16,13,25,11,25,13,40,13
01_13_12_04_0493.bmp,0,12,4,16,13,25,11,25,25,25,13
01_13_12_04_0494.bmp,0,12,4,16,13,13,11,25,25,25,13
01_13_12_04_0495.bmp,0,12,4,16,13,25,11,25,25,24,13
01_13_12_04_0496.bmp,0,12,4,16,13,25,11,25,25,25,13
01_13_12_04_0501.bmp,0,12,4,16,13,25,11,25,25,24,13
01_13_12_04_0503.bmp,0,12,4,16,13,25,11,25,25,13,13
01_13_12_04_0506.bmp,0,12,4,16,13,25,11,25,25,13,13
01_13_12_04_0509.bmp,0,12,4,16,13,25,11,20,25,13,13
01_13_12_04_0512.bmp,0,12,4,16,13,13,13,25,13,13,13
01_13_12_04_0513.bmp,0,12,4,16,13,25,13,20,13,13,13
01_13_12_04_0518.bmp,0,12,4,16,13,11,11,6,11,40,31
01_13_12_04_0519.bmp,0,12,4,16,13,11,11,42,11,39,31
01_13_12_04_0520.bmp,0,12,4,16,13,12,11,0,12,23,31
01_13_12_04_0522.bmp,0,12,4,16,13,11,11,12,11,11,31
01_13_12_04_0525.bmp,0,12,4,16,13,11,11,40,25,39,31
01_13_12_04_0527.bmp,0,12,4,16,13,11,11,40,11,40,31
01_13_12_04_0528.bmp,0,12,4,16,13,12,11,1,12,40,31
01_13_12_04_0529.bmp,0,12,4,16,13,13,11,40,13,25,31
01_13_12_04_0530.bmp,0,12,4,16,13,13,11,25,13,25,31
01_13_12_04_0532.bmp,0,12,4,16,13,11,11,16,25,4,31
01_13_12_04_0533.bmp,0,12,4,16,13,11,11,40,11,23,31
01_13_12_04_0535.bmp,0,12,4,16,13,11,11,2,11,40,31
01_13_12_04_0539.bmp,0,12,4,16,13,11,11,19,25,38,31
01_13_12_04_0540.bmp,0,12,4,16,13,12,11,12,12,40,31
01_13_12_04_0546.bmp,0,12,4,16,13,12,16,25,11,37,31
01_13_12_04_0547.bmp,0,12,4,16,13,25,11,40,25,40,31
01_13_12_04_0549.bmp,0,12,4,16,13,25,11,19,25,40,31
01_13_12_04_0553.bmp,0,12,4,16,13,25,11,20,25,38,31
01_13_12_04_0556.bmp,0,12,4,16,13,10,11,40,25,40,31
01_13_12_04_0557.bmp,0,12,4,16,13,25,11,40,25,40,31
01_13_12_04_0559.bmp,0,12,4,16,13,25,11,40,25,26,31
01_13_12_04_0567.bmp,0,12,4,16,13,25,11,20,25,25,31
01_13_12_04_0576.bmp,0,12,4,16,13,25,10,23,25,38,31
01_13_12_04_0578.bmp,0,12,4,16,13,25,11,2,25,40,31
01_13_12_04_0584.bmp,0,12,4,16,13,12,10,40,12,40,31
01_13_12_04_0585.bmp,0,12,4,16,13,25,11,25,25,40,31
01_13_12_04_0587.bmp,0,12,4,16,13,25,1,20,25,25,31
01_13_12_04_0591.bmp,0,12,4,16,13,25,11,2,25,7,31
01_13_12_04_0593.bmp,0,12,4,16,13,25,11,20,25,25,31
01_13_12_04_0595.bmp,0,12,4,16,13,25,11,25,25,40,13
01_13_12_04_0601.bmp,0,12,4,16,13,25,11,20,25,25,31
01_13_12_04_0603.bmp,0,12,4,16,13,25,11,40,25,40,13
01_13_12_04_0606.bmp,0,12,4,16,13,25,11,20,25,13,31
01_13_12_04_0607.bmp,0,12,4,16,13,25,13,19,25,13,13
01_13_12_04_0608.bmp,0,12,4,16,13,25,11,25,25,13,13
01_13_12_04_0611.bmp,0,12,4,16,13,25,11,20,25,24,13
01_13_12_04_0617.bmp,0,12,4,16,13,25,11,25,25,25,13
01_13_12_04_0619.bmp,0,12,4,16,13,25,11,25,25,13,13
01_13_12_04_0622.bmp,0,12,4,16,13,25,11,25,25,25,13
01_03_12_05_0005.bmp,0,12,5,16,9,11,11,40,12,25,31
01_03_12_05_0006.bmp,0,12,5,16,9,11,11,2,25,40,31
01_03_12_05_0008.bmp,0,12,5,16,9,25,11,2,25,12,31
01_03_12_05_0009.bmp,0,12,5,16,9,25,11,25,25,12,31
01_03_12_05_0014.bmp,0,12,5,16,9,25,11,23,25,40,31
01_03_12_05_0015.bmp,0,12,5,16,9,25,11,40,25,13,31
01_03_12_05_0024.bmp,0,12,5,16,9,25,13,25,25,12,13
01_03_12_05_0028.bmp,0,12,5,16,9,25,1,2,25,40,32
01_03_12_05_0032.bmp,0,12,5,16,9,25,13,2,25,40,13
01_03_12_05_0038.bmp,0,12,5,16,9,25,13,20,25,40,32
01_03_12_05_0039.bmp,0,12,5,16,9,25,13,2,25,40,13
01_03_12_05_0040.bmp,0,12,5,16,9,25,13,20,25,40,13
01_03_12_05_0043.bmp,0,12,5,16,9,25,13,23,25,13,13
01_03_12_05_0045.bmp,0,12,5,16,9,25,13,20,25,4,13
01_03_12_05_0046.bmp,0,12,5,16,9,25,13,20,25,14,13
01_03_12_05_0048.bmp,0,12,5,16,9,25,13,23,25,40,13
01_03_12_05_0051.bmp,0,12,5,16,9,25,13,23,25,25,13
01_03_12_05_0055.bmp,0,12,5,16,9,25,13,25,25,24,13
01_03_12_05_0056.bmp,0,12,5,16,9,25,11,25,25,13,15
01_03_12_05_0059.bmp,0,12,5,16,9,25,13,25,25,24,31
01_03_12_05_0063.bmp,0,12,5,16,9,25,11,20,25,2,31
01_03_12_05_0064.bmp,0,12,5,16,9,25,1,25,25,40,31
01_03_12_05_0066.bmp,0,12,5,16,9,25,11,23,25,13,13
01_03_12_05_0069.bmp,0,12,5,16,9,25,1,25,25,25,13
01_03_12_05_0072.bmp,0,12,5,16,9,25,13,25,25,25,13
01_03_12_05_0073.bmp,0,12,5,16,9,25,13,25,25,25,13
01_03_12_05_0079.bmp,0,12,5,16,9,25,13,25,25,25,13
01_03_12_05_0082.bmp,0,12,5,16,9,25,13,25,25,25,13
01_03_12_05_0085.bmp,0,12,5,16,9,25,13,25,25,25,13
01_06_12_05_0001.bmp,0,12,5,16,14,25,11,20,25,25,32
01_06_12_05_0001.bmp,1,12,5,16,14,11,11,25,11,25,3
01_06_12_05_0002.bmp,1,12,5,16,14,11,11,40,11,12,11
01_06_12_05_0005.bmp,1,12,5,16,14,11,11,25,11,40,11
01_06_12_05_0006.bmp,0,12,5,16,14,25,11,20,25,25,32
01_06_12_05_0006.bmp,1,12,5,16,14,11,11,20,11,25,11
01_06_12_05_0007.bmp,1,12,5,16,14,11,11,20,11,25,11
01_06_12_05_0009.bmp,0,12,5,16,14,25,11,20,25,25,32
01_06_12_05_0009.bmp,1,12,5,16,14,1,11,40,11,40,11
01_06_12_05_0011.bmp,0,12,5,16,14,25,11,25,25,20,32
01_06_12_05_0011.bmp,1,12,5,16,14,11,11,2,11,26,11
01_06_12_05_0012.bmp,0,12,5,16,14,25,11,20,25,40,11
01_06_12_05_0012.bmp,1,12,5,16,14,11,11,20,11,25,11
01_06_12_05_0014.bmp,0,12,5,16,14,25,1,25,25,25,32
01_06_12_05_0014.bmp,1,12,5,16,14,11,11,20,11,40,11
01_06_12_05_0015.bmp,1,12,5,16,14,11,11,20,11,40,11
01_06_12_05_0016.bmp,0,12,5,16,14,25,11,20,25,40,32
01_06_12_05_0017.bmp,0,12,5,16,14,25,11,24,25,25,1
01_06_12_05_0017.bmp,1,12,5,16,14,1,11,19,11,12,11
01_06_12_05_0019.bmp,0,12,5,16,14,25,1,20,25,25,1
01_06_12_05_0019.bmp,1,12,5,16,14,1,11,19,11,25,12
01_06_12_05_0025.bmp,1,12,5,16,14,1,11,20,11,25,12
01_06_12_05_0026.bmp,1,12,5,16,14,1,11,20,11,25,11
01_06_12_05_0029.bmp,0,12,5,16,14,25,11,20,25,25,25
01_06_12_05_0030.bmp,0,12,5,16,14,25,11,20,25,25,25
01_06_12_05_0033.bmp,0,12,5,16,14,25,1,25,25,25,25
01_06_12_05_0033.bmp,1,12,5,16,14,25,11,2,25,25,31
01_06_12_05_0034.bmp,1,12,5,16,14,12,11,0,11,25,31
01_06_12_05_0037.bmp,1,12,5,16,14,12,11,0,0,25,31
01_06_12_05_0038.bmp,0,12,5,16,14,25,25,25,25,25,25
01_06_12_05_0038.bmp,1,12,5,16,14,12,11,0,12,39,31
01_06_12_05_0039.bmp,0,12,5,16,14,25,25,25,25,25,25
01_06_12_05_0039.bmp,1,12,5,16,14,25,11,0,25,40,31
01_06_12_05_0043.bmp,0,12,5,16,14,25,25,25,25,25,25
01_06_12_05_0046.bmp,0,12,5,16,14,25,1,0,12,0,31
01_06_12_05_0048.bmp,0,12,5,16,14,25,11,20,25,38,31
01_06_12_05_0050.bmp,0,12,5,16,14,25,11,20,25,25,31
01_06_12_05_0057.bmp,0,12,5,16,14,25,11,19,25,14,36
01_06_12_05_0061.bmp,0,12,5,16,14,25,11,20,25,14,32
01_06_12_05_0062.bmp,0,12,5,16,14,25,25,20,25,14,32
01_06_12_05_0064.bmp,0,12,5,16,14,25,13,20,25,25,32
01_06_12_05_0065.bmp,0,12,5,16,14,25,11,20,25,14,36
01_06_12_05_0069.bmp,0,12,5,16,14,25,25,20,25,2,32
01_06_12_05_0071.bmp,0,12,5,16,14,25,25,20,25,25,32
01_06_12_05_0072.bmp,0,12,5,16,14,25,25,25,25,25,32
01_06_12_05_0073.bmp,0,12,5,16,14,25,25,20,25,14,32
01_06_12_05_0076.bmp,0,12,5,16,14,25,25,20,25,25,13
01_06_12_05_0077.bmp,0,12,5,16,14,25,25,2,25,13,25
01_06_12_05_0078.bmp,0,12,5,16,14,25,25,25,25,25,25
01_06_12_05_0080.bmp,0,12,5,16,14,25,25,2,25,24,25
01_06_12_05_0082.bmp,0,12,5,16,14,25,25,25,25,25,25
01_06_12_05_0083.bmp,0,12,5,16,14,25,25,25,25,14,25
01_06_12_05_0084.bmp,0,12,5,16,14,25,25,20,25,20,25
01_11_12_05_0001.bmp,0,12,5,16,12,11,11,0,11,40,31
01_11_12_05_0005.bmp,0,12,5,16,12,0,11,0,0,0,31
01_11_12_05_0009.bmp,0,12,5,16,12,25,11,0,25,40,31
01_11_12_05_0015.bmp,0,12,5,16,12,25,11,0,25,40,31
01_11_12_05_0017.bmp,0,12,5,16,12,25,11,40,25,26,31
01_11_12_05_0018.bmp,0,12,5,16,12,12,11,40,12,26,32
01_11_12_05_0021.bmp,0,12,5,16,12,25,11,2,25,12,31
01_11_12_05_0023.bmp,0,12,5,16,12,25,11,20,25,4,31
01_11_12_05_0026.bmp,0,12,5,16,12,25,11,20,25,40,31
01_11_12_05_0028.bmp,0,12,5,16,12,25,11,23,25,40,32
01_11_12_05_0029.bmp,0,12,5,16,12,25,11,40,25,12,32
01_11_12_05_0035.bmp,0,12,5,16,12,25,11,20,25,40,32
01_11_12_05_0036.bmp,0,12,5,16,12,25,1,20,25,25,32
01_11_12_05_0038.bmp,0,12,5,16,12,25,11,20,25,13,13
01_11_12_05_0039.bmp,0,12,5,16,12,25,11,19,25,40,32
01_11_12_05_0040.bmp,0,12,5,16,12,11,1,40,4,40,31
01_11_12_05_0045.bmp,0,12,5,16,12,25,11,20,25,25,11
01_11_12_05_0048.bmp,0,12,5,16,12,25,11,2,25,40,11
01_11_12_05_0049.bmp,0,12,5,16,12,25,11,20,25,13,32
01_11_12_05_0052.bmp,0,12,5,16,12,25,11,19,25,26,11
01_11_12_05_0053.bmp,0,12,5,16,12,25,11,13,25,12,13
01_11_12_05_0054.bmp,0,12,5,16,12,25,11,19,25,20,13
01_11_12_05_0056.bmp,0,12,5,16,12,25,11,20,25,25,13
01_11_12_05_0058.bmp,0,12,5,16,12,25,1,20,25,40,11
01_11_12_05_0059.bmp,0,12,5,16,12,25,1,25,25,40,13
01_11_12_05_0060.bmp,0,12,5,16,12,25,11,20,25,35,13
01_11_12_05_0061.bmp,0,12,5,16,12,25,1,20,25,24,13
01_11_12_05_0062.bmp,0,12,5,16,12,25,11,25,25,26,13
01_11_12_05_0064.bmp,0,12,5,16,12,25,11,13,25,35,13
01_11_12_05_0066.bmp,0,12,5,16,12,25,11,25,25,40,32
01_11_12_05_0069.bmp,0,12,5,16,12,25,1,20,25,24,32
01_11_12_05_0071.bmp,0,12,5,16,12,25,1,25,25,24,13
01_11_12_05_0073.bmp,0,12,5,16,12,25,11,25,25,24,32
01_11_12_05_0079.bmp,0,12,5,16,12,25,25,24,25,13,25
01_11_12_05_0080.bmp,0,12,5,16,12,25,11,25,25,24,32
01_12_12_05_0001.bmp,0,12,5,16,17,25,1,2,25,14,36
01_12_12_05_0002.bmp,0,12,5,16,17,25,11,40,25,26,31
01_12_12_05_0002.bmp,1,12,5,16,17,11,11,25,12,26,11
01_12_12_05_0003.bmp,0,12,5,16,17,25,13,20,25,25,31
01_12_12_05_0005.bmp,0,12,5,16,17,11,11,40,25,23,31
01_12_12_05_0006.bmp,0,12,5,16,17,25,11,23,25,40,17
01_12_12_05_0007.bmp,0,12,5,16,17,25,11,20,25,23,17
01_12_12_05_0009.bmp,1,12,5,16,17,11,12,12,12,40,12
01_12_12_05_0015.bmp,0,12,5,16,17,25,1,23,25,23,15
01_12_12_05_0016.bmp,0,12,5,16,17,25,11,23,25,26,31
01_12_12_05_0017.bmp,0,12,5,16,17,25,13,20,25,13,31
01_12_12_05_0017.bmp,1,12,5,16,17,11,11,42,12,12,12
01_12_12_05_0019.bmp,0,12,5,16,17,25,13,19,25,40,15
01_12_12_05_0019.bmp,1,12,5,16,17,11,11,25,12,25,11
01_12_12_05_0020.bmp,0,12,5,16,17,25,11,19,25,26,17
01_12_12_05_0020.bmp,1,12,5,16,17,11,11,25,12,34,12
01_12_12_05_0023.bmp,1,12,5,16,17,11,11,42,12,11,11
01_12_12_05_0026.bmp,0,12,5,16,17,25,11,23,25,40,17
01_12_12_05_0027.bmp,1,12,5,16,17,11,11,11,12,25,11
01_12_12_05_0030.bmp,0,12,5,16,17,25,11,25,25,24,31
01_12_12_05_0031.bmp,1,12,5,16,17,11,11,42,12,12,11
01_12_12_05_0032.bmp,1,12,5,16,17,11,11,12,12,26,12
01_12_12_05_0033.bmp,0,12,5,16,17,25,11,25,25,25,31
01_12_12_05_0034.bmp,0,12,5,16,17,25,11,25,25,25,17
01_12_12_05_0034.bmp,1,12,5,16,17,11,11,12,12,13,11
01_12_12_05_0035.bmp,1,12,5,16,17,11,11,25,12,12,12
01_12_12_05_0036.bmp,1,12,5,16,17,11,11,42,12,40,12
01_12_12_05_0037.bmp,1,12,5,16,17,11,11,42,12,12,11
01_12_12_05_0040.bmp,0,12,5,16,17,25,11,23,25,25,36
01_12_12_05_0040.bmp,1,12,5,16,17,11,11,42,12,12,12
01_12_12_05_0041.bmp,0,12,5,16,17,25,11,23,25,25,36
01_12_12_05_0041.bmp,1,12,5,16,17,11,11,25,12,40,12
01_12_12_05_0042.bmp,0,12,5,16,17,25,11,25,25,25,36
01_12_12_05_0043.bmp,1,12,5,16,17,11,11,12,12,40,12
01_12_12_05_0044.bmp,0,12,5,16,17,11,11,25,12,40,12
01_12_12_05_0045.bmp,0,12,5,16,17,11,11,42,12,40,11
01_12_12_05_0047.bmp,0,12,5,16,17,11,11,25,12,12,11
01_12_12_05_0052.bmp,0,12,5,16,17,11,11,25,12,25,11
01_12_12_05_0053.bmp,0,12,5,16,17,11,11,25,12,12,12
01_12_12_05_0054.bmp,0,12,5,16,17,11,11,12,12,13,13
01_12_12_05_0058.bmp,0,12,5,16,17,1,11,0,12,1,11
01_12_12_05_0067.bmp,0,12,5,16,17,11,11,20,11,25,11
01_12_12_05_0068.bmp,0,12,5,16,17,11,11,40,12,25,12
01_12_12_05_0069.bmp,0,12,5,16,17,11,11,20,12,40,11
01_12_12_05_0074.bmp,0,12,5,16,17,11,11,20,12,25,11
01_12_12_05_0076.bmp,0,12,5,16,17,11,11,20,12,25,11
01_12_12_05_0077.bmp,0,12,5,16,17,1,11,19,12,40,11
01_12_12_05_0079.bmp,0,12,5,16,17,11,11,20,12,40,12
01_12_12_05_0080.bmp,0,12,5,16,17,11,11,20,12,40,11
01_12_12_05_0083.bmp,0,12,5,16,17,11,11,20,11,25,11
01_12_12_05_0086.bmp,0,12,5,16,17,11,11,20,12,2,12
01_12_12_05_0087.bmp,0,12,5,16,17,1,11,20,11,40,11
01_12_12_05_0089.bmp,0,12,5,16,17,1,11,20,11,25,11
01_12_12_05_0090.bmp,0,12,5,16,17,11,11,20,11,12,11
01_12_12_05_0092.bmp,0,12,5,16,17,11,11,20,11,25,11
01_12_12_05_0093.bmp,0,12,5,16,17,1,11,2,11,11,11
01_12_12_05_0106.bmp,0,12,5,16,17,2,11,2,11,25,11
01_12_12_05_0111.bmp,0,12,5,16,17,11,11,20,11,40,11
01_12_12_05_0112.bmp,0,12,5,16,17,25,11,20,11,25,11
01_12_12_05_0116.bmp,0,12,5,16,17,25,11,20,25,25,17
01_13_12_05_0001.bmp,0,12,5,16,13,11,11,23,11,25,11
01_13_12_05_0001.bmp,1,12,5,16,13,25,11,20,11,26,11
01_13_12_05_0004.bmp,1,12,5,16,13,11,11,20,11,25,31
01_13_12_05_0007.bmp,0,12,5,16,13,11,11,25,11,12,12
01_13_12_05_0007.bmp,1,12,5,16,13,11,11,2,11,40,11
01_13_12_05_0009.bmp,0,12,5,16,13,11,11,12,11,40,11
01_13_12_05_0009.bmp,1,12,5,16,13,11,11,20,11,25,11
01_13_12_05_0010.bmp,0,12,5,16,13,11,11,6,11,12,11
01_13_12_05_0016.bmp,0,12,5,16,13,11,11,11,11,25,11
01_13_12_05_0017.bmp,1,12,5,16,13,25,1,2,13,2,13
01_13_12_05_0019.bmp,0,12,5,16,13,11,11,25,12,23,11
01_13_12_05_0019.bmp,1,12,5,16,13,25,11,23,25,25,13
01_13_12_05_0021.bmp,0,12,5,16,13,11,11,25,11,11,12
01_13_12_05_0022.bmp,0,12,5,16,13,11,11,12,11,40,12
01_13_12_05_0023.bmp,1,12,5,16,13,25,11,20,25,13,13
01_13_12_05_0024.bmp,0,12,5,16,13,11,11,23,12,40,12
01_13_12_05_0024.bmp,1,12,5,16,13,25,11,20,13,40,13
01_13_12_05_0025.bmp,0,12,5,16,13,11,11,23,12,40,12
01_13_12_05_0027.bmp,0,12,5,16,13,11,11,25,12,40,12
01_13_12_05_0028.bmp,1,12,5,16,13,13,11,20,13,14,13
01_13_12_05_0029.bmp,1,12,5,16,13,13,13,13,13,40,13
01_13_12_05_0030.bmp,0,12,5,16,13,11,11,12,11,40,12
01_13_12_05_0030.bmp,1,12,5,16,13,25,11,13,13,13,13
01_13_12_05_0031.bmp,0,12,5,16,13,10,11,12,12,11,12
01_13_12_05_0031.bmp,1,12,5,16,13,25,11,2,13,13,13
01_13_12_05_0032.bmp,0,12,5,16,13,11,11,40,12,12,11
01_13_12_05_0036.bmp,1,12,5,16,13,13,13,13,13,13,13
01_13_12_05_0037.bmp,0,12,5,16,13,11,11,12,11,12,11
01_13_12_05_0037.bmp,1,12,5,16,13,13,13,2,13,13,13
01_13_12_05_0038.bmp,0,12,5,16,13,11,11,25,12,40,12
01_13_12_05_0038.bmp,1,12,5,16,13,13,13,13,13,13,13
01_13_12_05_0041.bmp,0,12,5,16,13,1,11,22,11,40,12
01_13_12_05_0043.bmp,1,12,5,16,13,13,13,2,13,1,13
01_13_12_05_0045.bmp,1,12,5,16,13,13,13,2,13,13,13
01_13_12_05_0049.bmp,0,12,5,16,13,11,11,20,11,12,12
01_13_12_05_0050.bmp,0,12,5,16,13,11,11,19,11,12,11
01_13_12_05_0050.bmp,1,12,5,16,13,13,13,13,13,13,13
01_13_12_05_0052.bmp,1,12,5,16,13,13,13,13,13,13,13
01_13_12_05_0053.bmp,0,12,5,16,13,11,11,20,11,2,12
01_13_12_05_0053.bmp,1,12,5,16,13,13,13,13,13,13,13
01_13_12_05_0054.bmp,0,12,5,16,13,1,11,19,11,13,11
01_13_12_05_0055.bmp,1,12,5,16,13,13,13,19,13,13,13
01_13_12_05_0059.bmp,0,12,5,16,13,11,11,40,11,11,12
01_13_12_05_0060.bmp,1,12,5,16,13,13,13,2,13,13,13
01_13_12_05_0062.bmp,1,12,5,16,13,13,13,13,13,13,13
01_13_12_05_0066.bmp,0,12,5,16,13,11,11,20,11,25,12
01_13_12_05_0070.bmp,1,12,5,16,13,11,11,40,12,12,12
01_13_12_05_0072.bmp,1,12,5,16,13,11,11,12,12,12,12
01_13_12_05_0075.bmp,0,12,5,16,13,1,11,20,11,25,11
01_13_12_05_0075.bmp,1,12,5,16,13,11,11,0,12,4,12
01_13_12_05_0076.bmp,1,12,5,16,13,11,11,11,12,11,11
01_13_12_05_0080.bmp,0,12,5,16,13,11,11,20,11,25,13
01_13_12_05_0081.bmp,1,12,5,16,13,11,11,28,12,40,11
01_13_12_05_0082.bmp,0,12,5,16,13,25,11,20,11,13,13
01_13_12_05_0083.bmp,0,12,5,16,13,25,11,20,1,25,13
01_13_12_05_0084.bmp,1,12,5,16,13,11,11,40,12,40,11
01_13_12_05_0086.bmp,0,12,5,16,13,13,11,20,13,13,13
01_13_12_05_0088.bmp,1,12,5,16,13,11,11,0,12,28,11
01_13_12_05_0089.bmp,0,12,5,16,13,25,11,20,11,40,13
01_13_12_05_0090.bmp,1,12,5,16,13,11,11,0,12,11,11
01_13_12_05_0091.bmp,0,12,5,16,13,25,11,25,11,25,13
01_13_12_05_0091.bmp,1,12,5,16,13,11,11,0,12,1,11
01_13_12_05_0092.bmp,0,12,5,16,13,11,11,25,11,25,13
01_13_12_05_0093.bmp,0,12,5,16,13,25,11,20,13,24,13
01_13_12_05_0093.bmp,1,12,5,16,13,11,11,0,12,11,11
01_13_12_05_0095.bmp,1,12,5,16,13,11,11,40,12,12,11
01_13_12_05_0098.bmp,0,12,5,16,13,25,11,25,25,2,13
01_13_12_05_0101.bmp,0,12,5,16,13,25,11,25,25,13,13
01_13_12_05_0101.bmp,1,12,5,16,13,11,11,0,12,40,12
01_13_12_05_0104.bmp,0,12,5,16,13,13,13,25,13,13,13
01_13_12_05_0106.bmp,1,12,5,16,13,11,11,20,12,40,12
01_13_12_05_0108.bmp,1,12,5,16,13,11,11,40,12,25,12
01_13_12_05_0109.bmp,0,12,5,16,13,13,13,25,13,13,13
01_13_12_05_0111.bmp,1,12,5,16,13,11,11,20,12,25,12
01_13_12_05_0113.bmp,0,12,5,16,13,13,13,24,13,13,13
01_13_12_05_0113.bmp,1,12,5,16,13,1,11,20,12,25,12
01_13_12_05_0114.bmp,1,12,5,16,13,11,11,20,12,40,12
01_13_12_05_0115.bmp,0,12,5,16,13,10,11,12,11,12,12
01_13_12_05_0116.bmp,1,12,5,16,13,11,11,20,11,12,12
01_13_12_05_0117.bmp,1,12,5,16,13,11,11,20,12,25,11
01_13_12_05_0119.bmp,1,12,5,16,13,1,11,2,11,25,12
01_13_12_05_0120.bmp,1,12,5,16,13,11,11,20,11,40,11
01_13_12_05_0121.bmp,1,12,5,16,13,1,11,20,11,25,11
01_13_12_05_0122.bmp,0,12,5,16,13,11,11,40,11,25,12
01_13_12_05_0125.bmp,0,12,5,16,13,1,11,20,11,23,12
01_13_12_05_0128.bmp,0,12,5,16,13,11,11,20,11,25,12
01_13_12_05_0128.bmp,1,12,5,16,13,1,11,20,11,12,12
01_13_12_05_0130.bmp,1,12,5,16,13,11,11,20,11,25,11
01_13_12_05_0131.bmp,0,12,5,16,13,11,11,19,11,40,12
01_13_12_05_0131.bmp,1,12,5,16,13,11,11,20,11,40,12
01_13_12_05_0132.bmp,0,12,5,16,13,11,11,20,11,25,11
01_13_12_05_0132.bmp,1,12,5,16,13,25,11,2,11,25,11
01_13_12_05_0134.bmp,1,12,5,16,13,1,11,2,11,25,12
01_13_12_05_0136.bmp,0,12,5,16,13,1,11,20,11,25,12
01_13_12_05_0137.bmp,0,12,5,16,13,11,11,20,11,40,12
01_13_12_05_0137.bmp,1,12,5,16,13,11,11,20,11,40,12
01_13_12_05_0138.bmp,1,12,5,16,13,1,11,20,11,40,12
01_13_12_05_0139.bmp,1,12,5,16,13,1,11,20,11,0,11
01_13_12_05_0140.bmp,1,12,5,16,13,11,11,20,11,11,12
01_13_12_05_0141.bmp,1,12,5,16,13,1,11,20,11,25,12
01_13_12_05_0146.bmp,1,12,5,16,13,11,11,20,11,25,12
01_13_12_05_0148.bmp,0,12,5,16,13,1,11,20,1,2,12
01_13_12_05_0149.bmp,1,12,5,16,13,1,11,20,11,25,12
01_13_12_05_0150.bmp,0,12,5,16,13,25,11,25,1,40,31
01_13_12_05_0151.bmp,0,12,5,16,13,25,11,25,1,26,31
01_13_12_05_0151.bmp,1,12,5,16,13,1,11,20,11,40,12
01_13_12_05_0153.bmp,0,12,5,16,13,11,11,25,11,25,31
01_13_12_05_0155.bmp,0,12,5,16,13,25,11,25,25,25,31
01_13_12_05_0155.bmp,1,12,5,16,13,1,11,20,11,40,12
01_13_12_05_0156.bmp,0,12,5,16,13,25,11,25,25,40,31
01_13_12_05_0157.bmp,0,12,5,16,13,25,11,25,25,40,31
01_13_12_05_0160.bmp,0,12,5,16,13,25,11,25,25,24,31
01_13_12_05_0161.bmp,1,12,5,16,13,1,11,25,11,40,12
01_13_12_05_0164.bmp,0,12,5,16,13,25,11,25,25,40,13
01_13_12_05_0165.bmp,1,12,5,16,13,1,11,20,11,25,12
01_13_12_05_0168.bmp,0,12,5,16,13,11,11,42,12,40,11
01_13_12_05_0169.bmp,0,12,5,16,13,10,11,25,12,13,11
01_13_12_05_0170.bmp,0,12,5,16,13,11,11,1,12,12,12
01_13_12_05_0170.bmp,1,12,5,16,13,1,11,20,11,40,12
01_13_12_05_0171.bmp,0,12,5,16,13,11,11,42,12,12,12
01_13_12_05_0172.bmp,1,12,5,16,13,1,11,20,11,40,12
01_13_12_05_0174.bmp,0,12,5,16,13,11,11,12,12,40,12
01_13_12_05_0174.bmp,1,12,5,16,13,2,11,20,11,25,12
01_13_12_05_0176.bmp,0,12,5,16,13,11,11,42,12,40,12
01_13_12_05_0177.bmp,0,12,5,16,13,11,11,25,12,25,11
01_13_12_05_0179.bmp,1,12,5,16,13,1,11,20,11,25,12
01_13_12_05_0181.bmp,1,12,5,16,13,1,11,25,11,40,12
01_13_12_05_0182.bmp,1,12,5,16,13,11,11,20,11,25,12
01_13_12_05_0183.bmp,0,12,5,16,13,11,11,42,12,13,12
01_13_12_05_0185.bmp,1,12,5,16,13,1,11,20,11,40,12
01_13_12_05_0186.bmp,0,12,5,16,13,11,11,11,12,23,11
01_13_12_05_0187.bmp,0,12,5,16,13,11,11,12,11,23,11
01_13_12_05_0190.bmp,0,12,5,16,13,11,11,6,11,13,12
01_13_12_05_0194.bmp,0,12,5,16,13,10,11,42,12,38,11
01_13_12_05_0198.bmp,0,12,5,16,13,11,11,6,11,26,11
01_13_12_05_0199.bmp,1,12,5,16,13,1,11,40,11,23,11
01_13_12_05_0201.bmp,1,12,5,16,13,1,11,20,11,25,12
01_13_12_05_0202.bmp,0,12,5,16,13,11,11,20,11,25,12
01_13_12_05_0204.bmp,0,12,5,16,13,11,11,12,11,24,12
01_13_12_05_0204.bmp,1,12,5,16,13,11,11,20,11,40,12
01_13_12_05_0205.bmp,0,12,5,16,13,11,11,40,11,1,12
01_13_12_05_0205.bmp,1,12,5,16,13,2,11,20,11,25,12
01_13_12_05_0206.bmp,1,12,5,16,13,1,11,20,11,25,11
01_13_12_05_0210.bmp,0,12,5,16,13,11,11,20,11,12,31
01_13_12_05_0211.bmp,1,12,5,16,13,1,11,20,11,40,12
01_13_12_05_0212.bmp,0,12,5,16,13,11,11,20,11,25,12
01_13_12_05_0213.bmp,0,12,5,16,13,11,11,20,11,23,12
01_13_12_05_0213.bmp,1,12,5,16,13,1,11,20,11,40,11
01_13_12_05_0216.bmp,0,12,5,16,13,25,11,2,11,25,31
01_13_12_05_0217.bmp,0,12,5,16,13,11,11,20,11,40,31
01_13_12_05_0217.bmp,1,12,5,16,13,1,11,20,11,25,12
01_13_12_05_0218.bmp,0,12,5,16,13,11,11,19,11,40,31
01_13_12_05_0220.bmp,0,12,5,16,13,11,11,20,25,40,31
01_13_12_05_0220.bmp,1,12,5,16,13,11,11,2,11,25,12
01_13_12_05_0221.bmp,0,12,5,16,13,25,11,19,25,25,31
01_13_12_05_0221.bmp,1,12,5,16,13,1,11,20,11,25,12
01_13_12_05_0226.bmp,0,12,5,16,13,25,11,20,25,24,31
01_13_12_05_0228.bmp,0,12,5,16,13,25,11,20,25,40,31
01_13_12_05_0228.bmp,1,12,5,16,13,1,11,20,11,40,12
01_13_12_05_0229.bmp,0,12,5,16,13,25,11,20,25,14,31
01_13_12_05_0229.bmp,1,12,5,16,13,1,11,25,11,40,12
01_13_12_05_0230.bmp,1,12,5,16,13,11,11,20,11,40,12
01_13_12_05_0232.bmp,0,12,5,16,13,25,11,20,25,40,31
01_13_12_05_0232.bmp,1,12,5,16,13,11,11,25,11,40,11
01_13_12_05_0233.bmp,1,12,5,16,13,11,11,20,11,12,12
01_13_12_05_0234.bmp,1,12,5,16,13,1,11,40,11,25,12
01_13_12_05_0236.bmp,1,12,5,16,13,1,11,25,11,40,12
01_13_12_05_0237.bmp,1,12,5,16,13,11,11,20,11,24,12
01_13_12_05_0238.bmp,0,12,5,16,13,25,13,20,25,24,13
01_13_12_05_0240.bmp,0,12,5,16,13,25,11,25,25,25,13
01_13_12_05_0241.bmp,1,12,5,16,13,11,11,20,11,25,12
01_13_12_05_0242.bmp,1,12,5,16,13,11,11,20,11,25,12
01_13_12_05_0244.bmp,1,12,5,16,13,1,11,20,11,25,11
01_13_12_05_0248.bmp,0,12,5,16,13,13,13,13,13,13,13
01_13_12_05_0249.bmp,0,12,5,16,13,13,13,13,13,13,13
01_13_12_05_0249.bmp,1,12,5,16,13,1,11,20,11,40,12
01_13_12_05_0250.bmp,0,12,5,16,13,13,13,13,13,13,13
01_13_12_05_0250.bmp,1,12,5,16,13,1,11,20,11,40,12
01_13_12_05_0252.bmp,0,12,5,16,13,13,13,13,13,13,13
01_13_12_05_0252.bmp,1,12,5,16,13,1,11,20,11,25,12
01_13_12_05_0254.bmp,0,12,5,16,13,13,13,13,13,13,13
01_13_12_05_0255.bmp,0,12,5,16,13,13,13,20,13,13,13
01_13_12_05_0256.bmp,0,12,5,16,13,13,13,20,13,13,13
01_13_12_05_0257.bmp,0,12,5,16,13,13,13,24,13,13,13
01_13_12_05_0258.bmp,0,12,5,16,13,13,13,13,13,13,13
01_13_12_05_0259.bmp,0,12,5,16,13,13,13,13,13,13,13
01_13_12_05_0260.bmp,1,12,5,16,13,11,11,20,11,40,12
01_13_12_05_0261.bmp,0,12,5,16,13,13,13,25,13,13,13
01_13_12_05_0262.bmp,1,12,5,16,13,1,11,20,11,2,11
01_13_12_05_0264.bmp,0,12,5,16,13,13,13,20,13,13,13
01_13_12_05_0266.bmp,1,12,5,16,13,1,11,20,11,40,12
01_13_12_05_0267.bmp,0,12,5,16,13,13,13,24,13,13,13
01_13_12_05_0267.bmp,1,12,5,16,13,11,11,20,11,2,11
01_13_12_05_0268.bmp,0,12,5,16,13,13,13,24,13,13,13
01_13_12_05_0270.bmp,0,12,5,16,13,1,11,20,11,25,12
01_13_12_05_0271.bmp,0,12,5,16,13,1,11,20,11,40,12
01_13_12_05_0275.bmp,0,12,5,16,13,1,11,20,11,25,11
01_13_12_05_0276.bmp,0,12,5,16,13,1,11,20,11,25,12
01_13_12_05_0277.bmp,0,12,5,16,13,11,11,20,11,13,11
01_13_12_05_0279.bmp,0,12,5,16,13,1,11,20,11,12,12
01_13_12_05_0280.bmp,0,12,5,16,13,1,11,20,11,40,12
01_13_12_05_0282.bmp,0,12,5,16,13,1,11,20,11,40,12
01_13_12_05_0284.bmp,0,12,5,16,13,1,11,20,11,12,12
01_13_12_05_0285.bmp,0,12,5,16,13,11,11,25,11,13,12
01_13_12_05_0290.bmp,0,12,5,16,13,11,11,25,11,2,12
01_13_12_05_0292.bmp,0,12,5,16,13,11,11,20,11,25,12
01_13_12_05_0294.bmp,0,12,5,16,13,1,11,40,11,25,12
01_13_12_05_0295.bmp,0,12,5,16,13,1,11,20,11,40,12
01_13_12_05_0297.bmp,0,12,5,16,13,1,11,20,11,25,12
01_13_12_05_0298.bmp,0,12,5,16,13,1,11,20,11,40,12
01_13_12_05_0300.bmp,0,12,5,16,13,1,11,20,11,40,12
01_13_12_05_0301.bmp,0,12,5,16,13,1,11,20,11,25,12
01_13_12_05_0304.bmp,0,12,5,16,13,11,11,20,11,40,12
01_13_12_05_0307.bmp,0,12,5,16,13,1,11,20,11,40,12
01_13_12_05_0309.bmp,0,12,5,16,13,1,11,25,11,40,12
01_13_12_05_0311.bmp,0,12,5,16,13,1,11,25,11,25,12
01_13_12_05_0315.bmp,0,12,5,16,13,1,11,2,11,40,12
01_13_12_05_0316.bmp,0,12,5,16,13,1,11,25,11,25,12
01_13_12_05_0318.bmp,0,12,5,16,13,1,11,25,11,40,12
01_13_12_05_0321.bmp,0,12,5,16,13,1,11,40,11,40,12
01_13_12_05_0327.bmp,0,12,5,16,13,11,11,20,11,25,12
01_13_12_05_0328.bmp,0,12,5,16,13,11,11,25,11,40,12
01_13_12_05_0330.bmp,0,12,5,16,13,11,11,25,11,2,12
01_13_12_05_0334.bmp,0,12,5,16,13,1,11,25,11,25,12
01_13_12_05_0335.bmp,0,12,5,16,13,1,11,25,1,40,11
01_13_12_05_0337.bmp,0,12,5,16,13,25,11,25,1,25,11
01_13_12_05_0340.bmp,0,12,5,16,13,25,11,25,1,25,12
01_13_12_05_0345.bmp,0,12,5,16,13,25,11,25,25,13,13
01_13_12_05_0347.bmp,0,12,5,16,13,25,11,25,25,13,13
01_13_12_05_0356.bmp,0,12,5,16,13,25,11,25,25,25,12
01_13_12_05_0358.bmp,0,12,5,16,13,25,13,20,25,13,13
01_13_12_05_0359.bmp,0,12,5,16,13,25,13,20,13,13,13
01_13_12_05_0360.bmp,0,12,5,16,13,13,13,25,13,13,13
01_13_12_05_0362.bmp,0,12,5,16,13,13,13,13,13,13,13
01_13_12_05_0387.bmp,0,12,5,16,13,11,11,42,12,25,12
01_13_12_05_0390.bmp,0,12,5,16,13,11,11,42,12,12,11
01_13_12_05_0393.bmp,0,12,5,16,13,11,11,12,12,11,11
01_13_12_05_0394.bmp,0,12,5,16,13,11,11,42,12,1,11
01_13_12_05_0397.bmp,0,12,5,16,13,11,11,42,12,40,16
01_13_12_05_0400.bmp,0,12,5,16,13,11,11,42,12,12,12
01_13_12_05_0401.bmp,0,12,5,16,13,11,11,25,12,38,12
01_13_12_05_0407.bmp,0,12,5,16,13,11,11,25,12,25,12
01_13_12_05_0409.bmp,0,12,5,16,13,11,11,42,12,26,12
01_13_12_05_0411.bmp,0,12,5,16,13,11,11,12,12,23,11
01_13_12_05_0416.bmp,0,12,5,16,13,11,11,42,12,12,11
01_13_12_05_0420.bmp,0,12,5,16,13,11,11,12,12,12,12
01_13_12_05_0425.bmp,0,12,5,16,13,11,11,12,12,12,11
01_13_12_05_0430.bmp,0,12,5,16,13,11,11,12,12,25,12
01_13_12_05_0431.bmp,0,12,5,16,13,11,11,0,12,40,11
01_13_12_05_0432.bmp,0,12,5,16,13,1,11,12,12,40,11
01_13_12_05_0437.bmp,0,12,5,16,13,11,11,40,12,11,11
01_13_12_05_0444.bmp,0,12,5,16,13,11,11,23,11,25,11
01_13_12_05_0445.bmp,0,12,5,16,13,11,11,20,12,40,12
01_13_12_05_0448.bmp,0,12,5,16,13,11,11,20,12,38,12
01_13_12_05_0449.bmp,0,12,5,16,13,11,11,40,12,25,12
01_13_12_05_0450.bmp,0,12,5,16,13,11,11,2,12,23,12
01_13_12_05_0452.bmp,0,12,5,16,13,1,11,20,11,40,12
01_13_12_05_0457.bmp,0,12,5,16,13,11,11,20,11,25,11
01_13_12_05_0458.bmp,0,12,5,16,13,1,11,40,11,25,12
01_13_12_05_0459.bmp,0,12,5,16,13,1,11,20,11,40,11
01_13_12_05_0460.bmp,0,12,5,16,13,11,11,19,11,13,11
01_13_12_05_0462.bmp,0,12,5,16,13,11,11,20,11,40,12
01_13_12_05_0466.bmp,0,12,5,16,13,1,11,20,11,40,11
01_13_12_05_0470.bmp,0,12,5,16,13,1,11,20,11,39,12
01_13_12_05_0474.bmp,0,12,5,16,13,2,11,20,11,40,11
01_13_12_05_0477.bmp,0,12,5,16,13,11,11,20,11,24,12
01_13_12_05_0478.bmp,0,12,5,16,13,1,11,20,11,23,12
01_13_12_05_0481.bmp,0,12,5,16,13,1,11,20,11,2,12
01_13_12_05_0484.bmp,0,12,5,16,13,1,11,20,11,2,12
01_13_12_05_0486.bmp,0,12,5,16,13,1,11,25,11,2,12
01_13_12_05_0493.bmp,0,12,5,16,13,25,11,25,1,25,12
01_13_12_05_0496.bmp,0,12,5,16,13,11,11,25,1,24,12
01_13_12_05_0497.bmp,0,12,5,16,13,25,11,25,11,40,13
01_13_12_05_0499.bmp,0,12,5,16,13,25,11,25,11,25,13
01_13_12_05_0501.bmp,0,12,5,16,13,25,11,25,25,13,13
01_13_12_05_0505.bmp,0,12,5,16,13,25,11,25,25,13,13
01_13_12_05_0506.bmp,0,12,5,16,13,25,11,25,25,13,13
01_13_12_05_0507.bmp,0,12,5,16,13,25,11,25,25,13,13
01_13_12_05_0508.bmp,0,12,5,16,13,25,11,25,25,40,13
01_13_12_05_0510.bmp,0,12,5,16,13,25,11,25,25,13,13
01_13_12_05_0511.bmp,0,12,5,16,13,25,13,25,25,13,13
01_13_12_05_0512.bmp,0,12,5,16,13,25,13,20,25,13,13
01_13_12_05_0513.bmp,0,12,5,16,13,25,13,25,25,13,13
01_13_12_05_0515.bmp,0,12,5,16,13,25,11,20,25,25,13
01_13_12_05_0516.bmp,0,12,5,16,13,10,11,42,10,40,31
01_13_12_05_0517.bmp,0,12,5,16,13,11,11,38,11,33,31
01_13_12_05_0521.bmp,0,12,5,16,13,11,16,12,11,40,31
01_13_12_05_0524.bmp,0,12,5,16,13,13,11,25,13,35,31
01_13_12_05_0527.bmp,0,12,5,16,13,11,11,20,11,40,31
01_13_12_05_0530.bmp,0,12,5,16,13,11,11,12,11,25,31
01_13_12_05_0535.bmp,0,12,5,16,13,25,11,20,25,13,31
01_13_12_05_0537.bmp,0,12,5,16,13,25,11,40,25,40,31
01_13_12_05_0538.bmp,0,12,5,16,13,11,11,1,11,11,31
01_13_12_05_0540.bmp,0,12,5,16,13,11,11,42,11,40,31
01_13_12_05_0543.bmp,0,12,5,16,13,11,11,20,25,40,31
01_13_12_05_0546.bmp,0,12,5,16,13,10,11,25,13,4,31
01_13_12_05_0550.bmp,0,12,5,16,13,10,11,11,25,34,31
01_13_12_05_0551.bmp,0,12,5,16,13,25,11,40,25,38,31
01_13_12_05_0552.bmp,0,12,5,16,13,11,11,1,11,13,31
01_13_12_05_0555.bmp,0,12,5,16,13,11,11,40,11,25,31
01_13_12_05_0558.bmp,0,12,5,16,13,11,11,12,25,23,31
01_13_12_05_0559.bmp,0,12,5,16,13,25,11,40,25,25,31
01_13_12_05_0563.bmp,0,12,5,16,13,25,11,20,25,40,31
01_13_12_05_0566.bmp,0,12,5,16,13,25,11,1,18,0,31
01_13_12_05_0568.bmp,0,12,5,16,13,11,11,0,25,26,31
01_13_12_05_0570.bmp,0,12,5,16,13,25,11,25,25,40,31
01_13_12_05_0580.bmp,0,12,5,16,13,25,11,23,25,26,31
01_13_12_05_0582.bmp,0,12,5,16,13,12,10,25,25,25,31
01_13_12_05_0585.bmp,0,12,5,16,13,25,11,19,25,40,31
01_13_12_05_0587.bmp,0,12,5,16,13,11,11,2,25,40,31
01_13_12_05_0591.bmp,0,12,5,16,13,25,11,20,25,25,31
01_13_12_05_0592.bmp,0,12,5,16,13,25,11,40,12,39,31
01_13_12_05_0593.bmp,0,12,5,16,13,11,11,20,11,40,31
01_13_12_05_0601.bmp,0,12,5,16,13,25,11,20,25,25,31
01_13_12_05_0602.bmp,0,12,5,16,13,11,11,20,1,23,31
01_13_12_05_0604.bmp,0,12,5,16,13,25,11,40,25,20,31
01_13_12_05_0606.bmp,0,12,5,16,13,25,11,40,25,40,31
01_13_12_05_0612.bmp,0,12,5,16,13,25,11,20,25,40,13
01_13_12_05_0618.bmp,0,12,5,16,13,25,11,25,25,13,13
01_13_12_05_0620.bmp,0,12,5,16,13,25,11,25,25,7,13
01_13_12_05_0621.bmp,0,12,5,16,13,25,11,25,25,40,13
01_13_12_05_0623.bmp,0,12,5,16,13,25,11,25,25,13,13
01_13_12_05_0624.bmp,0,12,5,16,13,25,11,25,25,13,13
01_03_09_03_0006.bmp,0,9,3,16,9,40,12,40,40,40,12
01_03_09_03_0008.bmp,0,9,3,16,9,12,13,40,40,13,32
01_03_09_03_0009.bmp,0,9,3,16,9,25,13,0,40,39,32
01_03_09_03_0011.bmp,0,9,3,16,9,11,13,40,40,40,16
01_03_09_03_0017.bmp,0,9,3,16,9,40,13,40,40,40,32
01_03_09_03_0019.bmp,0,9,3,16,9,12,11,6,40,40,16
01_03_09_03_0020.bmp,0,9,3,16,9,25,13,20,40,40,16
01_03_09_03_0021.bmp,0,9,3,16,9,25,13,40,40,40,16
01_03_09_03_0023.bmp,0,9,3,16,9,40,16,40,40,40,32
01_03_09_03_0024.bmp,0,9,3,16,9,13,13,40,40,40,12
01_03_09_03_0028.bmp,0,9,3,16,9,40,13,22,40,40,32
01_03_09_03_0038.bmp,0,9,3,16,9,40,13,40,40,40,32
01_03_09_03_0040.bmp,0,9,3,16,9,40,11,40,40,40,12
01_03_09_03_0043.bmp,0,9,3,16,9,40,13,40,40,40,12
01_03_09_03_0054.bmp,0,9,3,16,9,40,13,40,40,40,13
01_03_09_03_0055.bmp,0,9,3,16,9,40,13,40,40,40,13
01_03_09_03_0063.bmp,0,9,3,16,9,25,25,40,40,24,13
01_03_09_03_0065.bmp,0,9,3,16,9,25,25,20,40,40,13
01_03_09_03_0075.bmp,0,9,3,16,9,25,25,40,40,40,13
01_03_09_03_0079.bmp,0,9,3,16,9,25,25,20,40,20,13
01_03_09_03_0080.bmp,0,9,3,16,9,25,25,20,40,24,13
01_03_09_03_0081.bmp,0,9,3,16,9,25,25,25,13,24,13
01_03_09_03_0085.bmp,0,9,3,16,9,25,13,25,25,25,13
01_06_09_03_0001.bmp,0,9,3,16,14,40,11,40,40,7,13
01_06_09_03_0003.bmp,1,9,3,16,14,11,11,40,11,40,12
01_06_09_03_0004.bmp,0,9,3,16,14,13,11,28,40,13,18
01_06_09_03_0007.bmp,0,9,3,16,14,13,11,40,40,24,18
01_06_09_03_0007.bmp,1,9,3,16,14,25,13,20,40,11,12
01_06_09_03_0009.bmp,0,9,3,16,14,13,11,40,40,24,18
01_06_09_03_0010.bmp,1,9,3,16,14,25,11,40,25,11,31
01_06_09_03_0014.bmp,1,9,3,16,14,25,11,40,40,39,12
01_06_09_03_0015.bmp,0,9,3,16,14,13,11,20,40,13,18
01_06_09_03_0015.bmp,1,9,3,16,14,13,11,20,40,13,12
01_06_09_03_0016.bmp,0,9,3,16,14,13,25,20,13,13,13
01_06_09_03_0017.bmp,0,9,3,16,14,13,25,20,13,40,13
01_06_09_03_0018.bmp,0,9,3,16,14,13,13,40,13,24,18
01_06_09_03_0020.bmp,1,9,3,16,14,25,11,20,40,36,12
01_06_09_03_0022.bmp,0,9,3,16,14,25,25,20,40,13,13
01_06_09_03_0025.bmp,1,9,3,16,14,11,11,20,40,13,11
01_06_09_03_0026.bmp,0,9,3,16,14,13,25,40,40,24,18
01_06_09_03_0027.bmp,0,9,3,16,14,13,25,20,13,13,13
01_06_09_03_0028.bmp,0,9,3,16,14,25,25,40,40,40,25
01_06_09_03_0028.bmp,1,9,3,16,14,25,11,40,40,7,11
01_06_09_03_0030.bmp,0,9,3,16,14,13,25,2,40,40,13
01_06_09_03_0030.bmp,1,9,3,16,14,11,11,20,40,24,18
01_06_09_03_0032.bmp,1,9,3,16,14,12,12,40,40,26,12
01_06_09_03_0033.bmp,0,9,3,16,14,13,25,40,40,13,13
01_06_09_03_0033.bmp,1,9,3,16,14,12,11,6,40,40,12
01_06_09_03_0035.bmp,0,9,3,16,14,25,25,40,40,24,13
01_06_09_03_0035.bmp,1,9,3,16,14,12,12,40,40,2,12
01_06_09_03_0036.bmp,1,9,3,16,14,13,11,42,40,40,40
01_06_09_03_0037.bmp,0,9,3,16,14,13,25,20,13,24,13
01_06_09_03_0039.bmp,1,9,3,16,14,12,12,25,40,12,12
01_06_09_03_0040.bmp,0,9,3,16,14,40,25,40,40,24,13
01_06_09_03_0041.bmp,0,9,3,16,14,13,25,40,40,13,13
01_06_09_03_0041.bmp,1,9,3,16,14,40,11,40,40,13,12
01_06_09_03_0042.bmp,0,9,3,16,14,40,25,24,40,24,25
01_06_09_03_0043.bmp,1,9,3,16,14,40,11,0,40,40,12
01_06_09_03_0044.bmp,1,9,3,16,14,12,11,40,40,40,12
01_06_09_03_0054.bmp,0,9,3,16,14,11,11,40,40,40,11
01_06_09_03_0055.bmp,0,9,3,16,14,25,11,40,40,40,12
01_06_09_03_0058.bmp,0,9,3,16,14,13,11,40,40,13,12
01_06_09_03_0059.bmp,0,9,3,16,14,13,11,40,40,40,12
01_06_09_03_0061.bmp,0,9,3,16,14,13,11,40,40,7,12
01_06_09_03_0063.bmp,0,9,3,16,14,13,11,40,40,40,18
01_06_09_03_0064.bmp,0,9,3,16,14,13,11,40,40,40,18
01_06_09_03_0067.bmp,0,9,3,16,14,40,11,40,40,40,11
01_06_09_03_0068.bmp,0,9,3,16,14,40,13,40,40,24,12
01_06_09_03_0073.bmp,0,9,3,16,14,40,25,40,40,40,12
01_06_09_03_0075.bmp,0,9,3,16,14,40,25,40,40,40,12
01_06_09_03_0077.bmp,0,9,3,16,14,13,25,40,40,40,18
01_06_09_03_0080.bmp,0,9,3,16,14,40,11,40,40,40,18
01_06_09_03_0081.bmp,0,9,3,16,14,40,11,40,40,40,12
01_06_09_03_0083.bmp,0,9,3,16,14,40,13,40,40,13,13
01_06_09_03_0087.bmp,0,9,3,16,14,25,25,20,40,40,25
01_06_09_03_0089.bmp,0,9,3,16,14,25,25,2,40,23,25
01_11_09_03_0002.bmp,0,9,3,16,12,12,10,25,12,12,12
01_11_09_03_0006.bmp,0,9,3,16,12,12,16,40,25,25,32
01_11_09_03_0007.bmp,0,9,3,16,12,12,11,1,12,40,19
01_11_09_03_0009.bmp,0,9,3,16,12,25,16,25,25,25,12
01_11_09_03_0010.bmp,0,9,3,16,12,25,11,42,25,38,12
01_11_09_03_0011.bmp,0,9,3,16,12,25,11,42,25,4,12
01_11_09_03_0015.bmp,0,9,3,16,12,12,11,40,12,1,12
01_11_09_03_0016.bmp,0,9,3,16,12,11,11,40,40,40,12
01_11_09_03_0017.bmp,0,9,3,16,12,25,11,40,25,40,11
01_11_09_03_0018.bmp,0,9,3,16,12,11,11,22,11,11,11
01_11_09_03_0022.bmp,0,9,3,16,12,25,11,20,11,36,32
01_11_09_03_0026.bmp,0,9,3,16,12,40,11,40,40,40,32
01_11_09_03_0028.bmp,0,9,3,16,12,40,11,6,40,6,12
01_11_09_03_0029.bmp,0,9,3,16,12,12,11,42,40,18,11
01_11_09_03_0030.bmp,0,9,3,16,12,12,11,19,40,40,12
01_11_09_03_0031.bmp,0,9,3,16,12,12,11,40,12,11,32
01_11_09_03_0033.bmp,0,9,3,16,12,40,11,19,40,13,32
01_11_09_03_0037.bmp,0,9,3,16,12,11,11,40,40,40,11
01_11_09_03_0038.bmp,0,9,3,16,12,40,11,42,40,13,11
01_11_09_03_0043.bmp,0,9,3,16,12,12,11,28,40,40,12
01_11_09_03_0048.bmp,0,9,3,16,12,12,11,28,36,40,32
01_11_09_03_0049.bmp,0,9,3,16,12,13,11,28,40,28,1
01_11_09_03_0050.bmp,0,9,3,16,12,13,25,28,13,40,18
01_11_09_03_0058.bmp,0,9,3,16,12,13,11,28,28,40,13
01_11_09_03_0059.bmp,0,9,3,16,12,13,11,28,13,13,32
01_11_09_03_0060.bmp,0,9,3,16,12,13,13,40,13,13,13
01_11_09_03_0061.bmp,0,9,3,16,12,13,11,40,13,13,13
01_11_09_03_0063.bmp,0,9,3,16,12,13,11,13,13,13,13
01_11_09_03_0065.bmp,0,9,3,16,12,13,13,28,13,13,13
01_11_09_03_0068.bmp,0,9,3,16,12,13,11,28,28,13,18
01_11_09_03_0076.bmp,0,9,3,16,12,25,11,28,13,13,13
01_11_09_03_0078.bmp,0,9,3,16,12,13,25,13,13,13,13
01_12_09_03_0004.bmp,0,9,3,16,17,13,13,40,13,7,13
01_12_09_03_0005.bmp,1,9,3,16,17,12,11,11,40,40,12
01_12_09_03_0006.bmp,1,9,3,16,17,25,11,12,13,12,31
01_12_09_03_0007.bmp,0,9,3,16,17,25,13,40,25,13,13
01_12_09_03_0008.bmp,0,9,3,16,17,13,13,25,13,18,17
01_12_09_03_0010.bmp,0,9,3,16,17,13,13,40,28,28,13
01_12_09_03_0010.bmp,1,9,3,16,17,13,11,11,34,40,12
01_12_09_03_0011.bmp,1,9,3,16,17,11,11,42,40,40,19
01_12_09_03_0012.bmp,1,9,3,16,17,25,11,25,25,1,31
01_12_09_03_0013.bmp,1,9,3,16,17,25,11,40,4,18,12
01_12_09_03_0014.bmp,0,9,3,16,17,25,13,20,25,13,17
01_12_09_03_0016.bmp,1,9,3,16,17,13,11,42,13,13,12
01_12_09_03_0017.bmp,0,9,3,16,17,25,13,40,25,28,17
01_12_09_03_0018.bmp,0,9,3,16,17,25,13,20,7,7,13
01_12_09_03_0019.bmp,0,9,3,16,17,25,7,20,25,25,7
01_12_09_03_0019.bmp,1,9,3,16,17,12,10,11,25,40,31
01_12_09_03_0021.bmp,0,9,3,16,17,25,11,40,25,25,13
01_12_09_03_0022.bmp,0,9,3,16,17,25,11,40,40,40,7
01_12_09_03_0025.bmp,0,9,3,16,17,25,25,40,9,9,13
01_12_09_03_0025.bmp,1,9,3,16,17,11,11,12,25,13,31
01_12_09_03_0026.bmp,1,9,3,16,17,12,11,12,12,40,31
01_12_09_03_0027.bmp,0,9,3,16,17,25,13,25,40,25,13
01_12_09_03_0027.bmp,1,9,3,16,17,12,11,11,12,13,12
01_12_09_03_0028.bmp,0,9,3,16,17,40,11,40,40,40,13
01_12_09_03_0029.bmp,1,9,3,16,17,12,11,11,12,12,31
01_12_09_03_0030.bmp,1,9,3,16,17,11,11,12,13,13,31
01_12_09_03_0032.bmp,0,9,3,16,17,40,11,40,40,13,12
01_12_09_03_0033.bmp,0,9,3,16,17,40,11,40,40,13,13
01_12_09_03_0037.bmp,0,9,3,16,17,13,25,40,40,13,13
01_12_09_03_0037.bmp,1,9,3,16,17,25,11,12,12,40,31
01_12_09_03_0039.bmp,0,9,3,16,17,13,13,13,13,13,18
01_12_09_03_0042.bmp,0,9,3,16,17,13,25,24,13,24,13
01_12_09_03_0042.bmp,1,9,3,16,17,38,10,42,13,13,31
01_12_09_03_0043.bmp,1,9,3,16,17,11,11,11,7,40,12
01_12_09_03_0044.bmp,0,9,3,16,17,38,11,42,38,13,36
01_12_09_03_0046.bmp,0,9,3,16,17,25,11,11,25,26,31
01_12_09_03_0047.bmp,0,9,3,16,17,25,11,42,28,1,31
01_12_09_03_0050.bmp,0,9,3,16,17,38,11,42,38,40,38
01_12_09_03_0052.bmp,0,9,3,16,17,12,11,11,13,13,36
01_12_09_03_0053.bmp,0,9,3,16,17,11,11,25,25,26,31
01_12_09_03_0060.bmp,0,9,3,16,17,25,25,23,25,26,18
01_12_09_03_0061.bmp,0,9,3,16,17,25,11,19,25,40,32
01_12_09_03_0063.bmp,0,9,3,16,17,13,11,23,13,13,17
01_12_09_03_0066.bmp,0,9,3,16,17,12,11,0,12,12,31
01_12_09_03_0072.bmp,0,9,3,16,17,12,11,40,28,25,13
01_12_09_03_0079.bmp,0,9,3,16,17,25,11,20,20,18,11
01_12_09_03_0080.bmp,0,9,3,16,17,25,11,20,25,26,32
01_12_09_03_0081.bmp,0,9,3,16,17,25,11,20,25,40,11
01_12_09_03_0085.bmp,0,9,3,16,17,25,25,20,25,18,16
01_12_09_03_0088.bmp,0,9,3,16,17,25,11,20,25,11,11
01_12_09_03_0089.bmp,0,9,3,16,17,25,13,20,25,25,32
01_12_09_03_0092.bmp,0,9,3,16,17,13,11,20,13,28,13
01_12_09_03_0094.bmp,0,9,3,16,17,25,11,20,11,40,13
01_12_09_03_0100.bmp,0,9,3,16,17,25,11,20,25,40,7
01_12_09_03_0102.bmp,0,9,3,16,17,25,11,20,25,40,17
01_12_09_03_0103.bmp,0,9,3,16,17,25,11,20,25,25,16
01_12_09_03_0107.bmp,0,9,3,16,17,25,11,40,13,13,32
01_12_09_03_0109.bmp,0,9,3,16,17,25,13,20,25,13,10
01_12_09_03_0113.bmp,0,9,3,16,17,25,11,20,25,13,7
01_12_09_03_0114.bmp,0,9,3,16,17,25,13,40,25,14,7
01_12_09_03_0115.bmp,0,9,3,16,17,25,25,20,25,18,13
01_12_09_03_0116.bmp,0,9,3,16,17,25,13,20,13,13,13
01_13_09_03_0003.bmp,0,9,3,16,13,12,12,6,40,13,12
01_13_09_03_0003.bmp,1,9,3,16,13,25,13,40,25,25,13
01_13_09_03_0005.bmp,0,9,3,16,13,13,12,6,40,40,12
01_13_09_03_0006.bmp,1,9,3,16,13,13,13,20,13,13,13
01_13_09_03_0007.bmp,0,9,3,16,13,13,12,40,12,13,12
01_13_09_03_0009.bmp,0,9,3,16,13,13,12,40,40,40,12
01_13_09_03_0010.bmp,1,9,3,16,13,13,13,2,13,13,13
01_13_09_03_0012.bmp,0,9,3,16,13,12,12,40,40,40,12
01_13_09_03_0012.bmp,1,9,3,16,13,13,13,40,13,13,13
01_13_09_03_0013.bmp,0,9,3,16,13,12,12,40,12,34,12
01_13_09_03_0014.bmp,0,9,3,16,13,13,12,40,40,13,12
01_13_09_03_0014.bmp,1,9,3,16,13,13,13,20,13,13,13
01_13_09_03_0015.bmp,1,9,3,16,13,13,13,40,13,13,13
01_13_09_03_0016.bmp,0,9,3,16,13,13,12,40,40,40,12
01_13_09_03_0017.bmp,0,9,3,16,13,12,12,40,40,40,12
01_13_09_03_0018.bmp,1,9,3,16,13,13,13,20,13,13,13
01_13_09_03_0019.bmp,1,9,3,16,13,13,13,40,13,13,13
01_13_09_03_0021.bmp,0,9,3,16,13,12,12,40,12,40,12
01_13_09_03_0023.bmp,1,9,3,16,13,13,13,40,13,13,13
01_13_09_03_0024.bmp,1,9,3,16,13,13,13,40,13,13,13
01_13_09_03_0025.bmp,0,9,3,16,13,12,12,25,12,35,12
01_13_09_03_0025.bmp,1,9,3,16,13,13,13,40,13,13,13
01_13_09_03_0029.bmp,0,9,3,16,13,13,12,40,13,40,12
01_13_09_03_0031.bmp,0,9,3,16,13,12,12,40,40,35,12
01_13_09_03_0031.bmp,1,9,3,16,13,13,13,13,13,13,13
01_13_09_03_0032.bmp,0,9,3,16,13,12,12,40,40,40,12
01_13_09_03_0032.bmp,1,9,3,16,13,13,13,13,13,13,13
01_13_09_03_0033.bmp,1,9,3,16,13,13,13,40,13,13,13
01_13_09_03_0034.bmp,0,9,3,16,13,13,13,40,12,13,13
01_13_09_03_0034.bmp,1,9,3,16,13,13,13,13,13,13,13
01_13_09_03_0036.bmp,0,9,3,16,13,13,13,40,13,13,12
01_13_09_03_0036.bmp,1,9,3,16,13,13,13,25,13,13,13
01_13_09_03_0037.bmp,0,9,3,16,13,12,12,40,13,12,12
01_13_09_03_0037.bmp,1,9,3,16,13,13,13,40,13,13,13
01_13_09_03_0039.bmp,1,9,3,16,13,13,13,13,13,13,13
01_13_09_03_0041.bmp,0,9,3,16,13,13,13,40,13,13,13
01_13_09_03_0041.bmp,1,9,3,16,13,13,13,40,13,13,13
01_13_09_03_0043.bmp,0,9,3,16,13,13,13,40,40,40,13
01_13_09_03_0043.bmp,1,9,3,16,13,13,13,2,13,13,13
01_13_09_03_0044.bmp,0,9,3,16,13,13,13,40,40,40,13
01_13_09_03_0048.bmp,0,9,3,16,13,13,13,40,40,40,13
01_13_09_03_0048.bmp,1,9,3,16,13,13,13,13,13,13,13
01_13_09_03_0049.bmp,0,9,3,16,13,40,13,40,40,13,12
01_13_09_03_0052.bmp,0,9,3,16,13,13,13,40,40,40,13
01_13_09_03_0054.bmp,1,9,3,16,13,13,13,13,13,13,13
01_13_09_03_0055.bmp,1,9,3,16,13,13,13,40,13,13,13
01_13_09_03_0057.bmp,1,9,3,16,13,13,13,20,13,13,13
01_13_09_03_0058.bmp,0,9,3,16,13,25,13,40,40,40,13
01_13_09_03_0058.bmp,1,9,3,16,13,13,13,40,13,13,13
01_13_09_03_0061.bmp,0,9,3,16,13,13,13,40,40,13,13
01_13_09_03_0062.bmp,1,9,3,16,13,13,13,40,13,13,13
01_13_09_03_0063.bmp,1,9,3,16,13,12,12,42,40,13,19
01_13_09_03_0064.bmp,1,9,3,16,13,40,11,40,40,13,12
01_13_09_03_0067.bmp,1,9,3,16,13,40,11,40,40,40,19
01_13_09_03_0068.bmp,1,9,3,16,13,12,12,40,40,40,12
01_13_09_03_0069.bmp,1,9,3,16,13,12,12,40,40,40,12
01_13_09_03_0072.bmp,1,9,3,16,13,13,11,25,13,13,12
01_13_09_03_0073.bmp,1,9,3,16,13,12,12,40,40,40,12
01_13_09_03_0074.bmp,1,9,3,16,13,13,11,40,40,40,12
01_13_09_03_0075.bmp,0,9,3,16,13,13,13,40,13,13,13
01_13_09_03_0076.bmp,1,9,3,16,13,12,11,40,40,40,12
01_13_09_03_0077.bmp,1,9,3,16,13,12,11,40,40,13,12
01_13_09_03_0078.bmp,1,9,3,16,13,12,12,40,40,12,12
01_13_09_03_0081.bmp,0,9,3,16,13,13,13,40,13,13,13
01_13_09_03_0083.bmp,0,9,3,16,13,13,13,40,13,13,13
01_13_09_03_0084.bmp,0,9,3,16,13,13,13,40,13,13,13
01_13_09_03_0085.bmp,0,9,3,16,13,13,13,40,13,13,13
01_13_09_03_0088.bmp,0,9,3,16,13,13,13,40,13,40,13
01_13_09_03_0093.bmp,0,9,3,16,13,13,13,40,13,13,13
01_13_09_03_0093.bmp,1,9,3,16,13,12,11,6,12,12,12
01_13_09_03_0095.bmp,1,9,3,16,13,40,11,40,40,40,12
01_13_09_03_0097.bmp,0,9,3,16,13,13,13,40,13,13,13
01_13_09_03_0097.bmp,1,9,3,16,13,12,11,40,40,28,12
01_13_09_03_0098.bmp,1,9,3,16,13,40,11,40,40,12,31
01_13_09_03_0099.bmp,0,9,3,16,13,13,13,25,13,13,13
01_13_09_03_0100.bmp,1,9,3,16,13,12,11,40,40,13,12
01_13_09_03_0101.bmp,1,9,3,16,13,12,11,40,40,40,12
01_13_09_03_0102.bmp,1,9,3,16,13,40,11,40,40,28,11
01_13_09_03_0105.bmp,0,9,3,16,13,13,13,40,40,13,13
01_13_09_03_0106.bmp,0,9,3,16,13,13,13,40,13,40,13
01_13_09_03_0108.bmp,1,9,3,16,13,40,11,19,40,23,12
01_13_09_03_0109.bmp,1,9,3,16,13,40,11,40,40,40,12
01_13_09_03_0110.bmp,0,9,3,16,13,13,13,40,40,13,13
01_13_09_03_0111.bmp,0,9,3,16,13,25,13,40,40,40,13
01_13_09_03_0111.bmp,1,9,3,16,13,40,11,40,40,40,12
01_13_09_03_0114.bmp,0,9,3,16,13,40,11,40,40,34,12
01_13_09_03_0116.bmp,1,9,3,16,13,40,11,20,40,40,12
01_13_09_03_0117.bmp,1,9,3,16,13,12,12,40,40,40,12
01_13_09_03_0120.bmp,0,9,3,16,13,12,12,2,40,12,12
01_13_09_03_0122.bmp,0,9,3,16,13,40,11,25,40,40,19
01_13_09_03_0124.bmp,1,9,3,16,13,11,11,40,40,40,18
01_13_09_03_0125.bmp,1,9,3,16,13,40,11,40,40,40,12
01_13_09_03_0126.bmp,0,9,3,16,13,40,13,40,40,40,12
01_13_09_03_0128.bmp,0,9,3,16,13,40,25,40,40,40,13
01_13_09_03_0130.bmp,0,9,3,16,13,40,11,40,40,40,12
01_13_09_03_0130.bmp,1,9,3,16,13,40,11,40,40,40,11
01_13_09_03_0132.bmp,1,9,3,16,13,25,11,40,40,40,12
01_13_09_03_0133.bmp,1,9,3,16,13,40,11,40,40,40,12
01_13_09_03_0134.bmp,1,9,3,16,13,40,11,40,40,11,12
01_13_09_03_0136.bmp,1,9,3,16,13,40,11,40,40,13,12
01_13_09_03_0137.bmp,0,9,3,16,13,40,40,40,40,40,12
01_13_09_03_0141.bmp,1,9,3,16,13,40,11,40,40,40,12
01_13_09_03_0143.bmp,1,9,3,16,13,40,11,40,40,40,12
01_13_09_03_0144.bmp,0,9,3,16,13,40,13,40,40,40,13
01_13_09_03_0146.bmp,1,9,3,16,13,12,12,40,40,24,12
01_13_09_03_0147.bmp,0,9,3,16,13,40,25,40,40,13,13
01_13_09_03_0148.bmp,1,9,3,16,13,40,11,40,40,24,12
01_13_09_03_0149.bmp,1,9,3,16,13,40,11,40,40,40,12
01_13_09_03_0150.bmp,0,9,3,16,13,40,13,40,40,40,13
01_13_09_03_0153.bmp,0,9,3,16,13,40,13,40,40,40,13
01_13_09_03_0154.bmp,0,9,3,16,13,40,13,40,40,40,13
01_13_09_03_0156.bmp,0,9,3,16,13,40,13,40,40,40,13
01_13_09_03_0157.bmp,0,9,3,16,13,40,13,40,40,40,13
01_13_09_03_0158.bmp,0,9,3,16,13,40,13,40,40,40,13
01_13_09_03_0158.bmp,1,9,3,16,13,40,11,40,40,40,12
01_13_09_03_0160.bmp,1,9,3,16,13,12,11,40,40,40,12
01_13_09_03_0161.bmp,0,9,3,16,13,40,13,40,40,13,13
01_13_09_03_0163.bmp,0,9,3,16,13,40,13,40,40,40,13
01_13_09_03_0166.bmp,0,9,3,16,13,13,13,13,40,13,13
01_13_09_03_0170.bmp,0,9,3,16,13,13,12,1,40,40,12
01_13_09_03_0172.bmp,0,9,3,16,13,13,11,42,40,7,12
01_13_09_03_0172.bmp,1,9,3,16,13,40,11,40,40,40,18
01_13_09_03_0173.bmp,1,9,3,16,13,13,11,40,40,40,18
01_13_09_03_0174.bmp,0,9,3,16,13,13,11,1,13,34,12
01_13_09_03_0174.bmp,1,9,3,16,13,13,11,40,40,40,12
01_13_09_03_0175.bmp,0,9,3,16,13,12,10,40,13,34,19
01_13_09_03_0175.bmp,1,9,3,16,13,40,11,40,40,40,12
01_13_09_03_0176.bmp,1,9,3,16,13,40,11,40,40,40,12
01_13_09_03_0178.bmp,0,9,3,16,13,12,12,1,12,13,12
01_13_09_03_0178.bmp,1,9,3,16,13,25,11,40,40,40,12
01_13_09_03_0179.bmp,0,9,3,16,13,25,11,25,25,38,12
01_13_09_03_0180.bmp,0,9,3,16,13,12,10,42,12,35,12
01_13_09_03_0181.bmp,1,9,3,16,13,40,11,40,40,13,12
01_13_09_03_0182.bmp,0,9,3,16,13,12,10,1,40,1,12
01_13_09_03_0185.bmp,1,9,3,16,13,40,11,40,40,40,12
01_13_09_03_0186.bmp,1,9,3,16,13,40,11,40,40,40,12
01_13_09_03_0188.bmp,1,9,3,16,13,12,11,40,40,40,12
01_13_09_03_0189.bmp,1,9,3,16,13,40,11,40,40,13,12
01_13_09_03_0191.bmp,0,9,3,16,13,12,12,42,40,40,19
01_13_09_03_0192.bmp,1,9,3,16,13,12,11,40,40,40,12
01_13_09_03_0193.bmp,1,9,3,16,13,40,11,40,40,24,13
01_13_09_03_0194.bmp,0,9,3,16,13,40,11,42,40,40,31
01_13_09_03_0196.bmp,0,9,3,16,13,25,38,42,34,38,12
01_13_09_03_0197.bmp,0,9,3,16,13,25,12,12,40,40,12
01_13_09_03_0198.bmp,0,9,3,16,13,13,13,42,40,13,12
01_13_09_03_0200.bmp,1,9,3,16,13,40,11,40,40,24,12
01_13_09_03_0201.bmp,0,9,3,16,13,13,13,40,40,40,12
01_13_09_03_0202.bmp,0,9,3,16,13,12,12,40,40,40,12
01_13_09_03_0203.bmp,0,9,3,16,13,40,11,40,40,13,12
01_13_09_03_0204.bmp,0,9,3,16,13,40,13,40,40,40,19
01_13_09_03_0204.bmp,1,9,3,16,13,12,11,40,40,13,12
01_13_09_03_0205.bmp,1,9,3,16,13,12,11,40,40,13,12
01_13_09_03_0208.bmp,1,9,3,16,13,13,11,40,40,40,12
01_13_09_03_0210.bmp,1,9,3,16,13,40,12,40,40,40,12
01_13_09_03_0211.bmp,0,9,3,16,13,13,13,40,40,40,12
01_13_09_03_0212.bmp,1,9,3,16,13,40,11,40,40,40,12
01_13_09_03_0215.bmp,0,9,3,16,13,40,13,40,40,13,13
01_13_09_03_0217.bmp,0,9,3,16,13,40,13,40,40,40,12
01_13_09_03_0220.bmp,1,9,3,16,13,12,11,40,40,40,12
01_13_09_03_0222.bmp,0,9,3,16,13,40,13,40,40,40,13
01_13_09_03_0223.bmp,1,9,3,16,13,12,11,40,40,40,12
01_13_09_03_0224.bmp,0,9,3,16,13,13,13,20,40,13,13
01_13_09_03_0224.bmp,1,9,3,16,13,40,11,40,40,13,12
01_13_09_03_0228.bmp,1,9,3,16,13,40,11,40,40,13,12
01_13_09_03_0229.bmp,1,9,3,16,13,12,11,40,40,40,12
01_13_09_03_0230.bmp,0,9,3,16,13,40,13,40,40,40,13
01_13_09_03_0231.bmp,1,9,3,16,13,40,11,40,40,40,12
01_13_09_03_0232.bmp,0,9,3,16,13,13,13,40,40,40,13
01_13_09_03_0232.bmp,1,9,3,16,13,13,12,40,40,24,12
01_13_09_03_0234.bmp,1,9,3,16,13,13,11,20,12,13,13
01_13_09_03_0235.bmp,1,9,3,16,13,12,11,40,40,13,12
01_13_09_03_0236.bmp,0,9,3,16,13,13,13,40,40,40,13
01_13_09_03_0237.bmp,0,9,3,16,13,13,13,28,13,13,13
01_13_09_03_0239.bmp,1,9,3,16,13,40,11,40,40,40,13
01_13_09_03_0240.bmp,0,9,3,16,13,13,13,40,40,13,13
01_13_09_03_0241.bmp,1,9,3,16,13,12,11,40,40,13,18
01_13_09_03_0245.bmp,1,9,3,16,13,12,11,40,40,13,13
01_13_09_03_0246.bmp,1,9,3,16,13,12,11,40,40,40,12
01_13_09_03_0247.bmp,0,9,3,16,13,13,13,40,40,13,13
01_13_09_03_0247.bmp,1,9,3,16,13,40,11,40,40,40,12
01_13_09_03_0248.bmp,0,9,3,16,13,13,13,40,40,13,13
01_13_09_03_0249.bmp,0,9,3,16,13,13,13,40,40,13,13
01_13_09_03_0250.bmp,0,9,3,16,13,13,13,40,40,13,13
01_13_09_03_0250.bmp,1,9,3,16,13,40,11,40,40,40,12
01_13_09_03_0252.bmp,1,9,3,16,13,40,12,40,40,40,12
01_13_09_03_0253.bmp,0,9,3,16,13,13,13,40,40,13,13
01_13_09_03_0256.bmp,0,9,3,16,13,13,13,40,40,13,13
01_13_09_03_0256.bmp,1,9,3,16,13,40,11,40,40,40,12
01_13_09_03_0257.bmp,0,9,3,16,13,13,13,40,40,13,13
01_13_09_03_0257.bmp,1,9,3,16,13,12,11,40,40,40,12
01_13_09_03_0260.bmp,0,9,3,16,13,13,13,40,40,13,13
01_13_09_03_0261.bmp,0,9,3,16,13,13,13,40,40,13,13
01_13_09_03_0262.bmp,1,9,3,16,13,12,11,40,40,13,12
01_13_09_03_0263.bmp,0,9,3,16,13,13,13,40,40,13,13
01_13_09_03_0271.bmp,0,9,3,16,13,12,11,40,40,13,12
01_13_09_03_0272.bmp,0,9,3,16,13,12,11,40,40,40,12
01_13_09_03_0273.bmp,0,9,3,16,13,40,11,40,40,40,12
01_13_09_03_0274.bmp,0,9,3,16,13,40,11,40,40,40,12
01_13_09_03_0277.bmp,0,9,3,16,13,40,11,40,40,40,13
01_13_09_03_0280.bmp,0,9,3,16,13,12,13,40,40,24,13
01_13_09_03_0281.bmp,0,9,3,16,13,12,11,40,40,40,12
01_13_09_03_0282.bmp,0,9,3,16,13,40,11,40,40,40,13
01_13_09_03_0285.bmp,0,9,3,16,13,13,11,40,40,40,13
01_13_09_03_0287.bmp,0,9,3,16,13,12,12,40,40,13,12
01_13_09_03_0288.bmp,0,9,3,16,13,40,11,40,40,40,12
01_13_09_03_0289.bmp,0,9,3,16,13,12,11,40,40,24,13
01_13_09_03_0293.bmp,0,9,3,16,13,40,12,40,40,40,12
01_13_09_03_0296.bmp,0,9,3,16,13,40,11,40,40,40,13
01_13_09_03_0299.bmp,0,9,3,16,13,40,11,40,40,13,12
01_13_09_03_0300.bmp,0,9,3,16,13,12,12,40,40,13,12
01_13_09_03_0301.bmp,0,9,3,16,13,12,11,40,40,40,12
01_13_09_03_0303.bmp,0,9,3,16,13,40,11,40,40,13,12
01_13_09_03_0307.bmp,0,9,3,16,13,40,11,40,40,40,12
01_13_09_03_0311.bmp,0,9,3,16,13,13,11,40,40,40,12
01_13_09_03_0316.bmp,0,9,3,16,13,40,11,40,40,13,12
01_13_09_03_0325.bmp,0,9,3,16,13,13,11,40,40,40,12
01_13_09_03_0331.bmp,0,9,3,16,13,13,11,40,40,13,18
01_13_09_03_0333.bmp,0,9,3,16,13,25,25,40,40,40,18
01_13_09_03_0334.bmp,0,9,3,16,13,25,11,40,40,40,18
01_13_09_03_0336.bmp,0,9,3,16,13,40,1,40,40,40,18
01_13_09_03_0337.bmp,0,9,3,16,13,12,25,28,12,13,18
01_13_09_03_0338.bmp,0,9,3,16,13,13,11,40,40,20,18
01_13_09_03_0341.bmp,0,9,3,16,13,40,11,40,40,40,18
01_13_09_03_0343.bmp,0,9,3,16,13,25,11,40,40,20,11
01_13_09_03_0344.bmp,0,9,3,16,13,40,11,40,40,40,25
01_13_09_03_0348.bmp,0,9,3,16,13,13,25,40,40,40,13
01_13_09_03_0350.bmp,0,9,3,16,13,13,11,40,40,40,13
01_13_09_03_0352.bmp,0,9,3,16,13,40,25,40,40,40,13
01_13_09_03_0353.bmp,0,9,3,16,13,13,13,40,40,40,13
01_13_09_03_0354.bmp,0,9,3,16,13,40,11,40,40,40,12
01_13_09_03_0357.bmp,0,9,3,16,13,13,13,20,40,40,13
01_13_09_03_0358.bmp,0,9,3,16,13,13,13,40,40,40,13
01_13_09_03_0359.bmp,0,9,3,16,13,13,13,40,40,13,13
01_13_09_03_0365.bmp,0,9,3,16,13,13,13,20,13,13,13
01_13_09_03_0371.bmp,0,9,3,16,13,13,13,40,13,13,13
01_13_09_03_0373.bmp,0,9,3,16,13,13,13,28,13,13,13
01_13_09_03_0382.bmp,0,9,3,16,13,13,13,40,40,13,13
01_13_09_03_0384.bmp,0,9,3,16,13,25,13,25,40,13,13
01_13_09_03_0385.bmp,0,9,3,16,13,13,13,40,13,13,13
01_13_09_03_0386.bmp,0,9,3,16,13,13,11,42,13,25,12
01_13_09_03_0387.bmp,0,9,3,16,13,12,12,42,40,14,12
01_13_09_03_0389.bmp,0,9,3,16,13,10,10,1,34,34,12
01_13_09_03_0391.bmp,0,9,3,16,13,12,12,12,12,4,12
01_13_09_03_0398.bmp,0,9,3,16,13,12,12,25,12,18,12
01_13_09_03_0402.bmp,0,9,3,16,13,13,12,42,13,40,12
01_13_09_03_0404.bmp,0,9,3,16,13,12,12,42,12,13,12
01_13_09_03_0408.bmp,0,9,3,16,13,12,12,42,40,40,12
01_13_09_03_0413.bmp,0,9,3,16,13,12,12,42,13,35,12
01_13_09_03_0414.bmp,0,9,3,16,13,40,13,42,40,13,12
01_13_09_03_0415.bmp,0,9,3,16,13,13,13,42,13,13,12
01_13_09_03_0419.bmp,0,9,3,16,13,13,13,11,13,34,12
01_13_09_03_0421.bmp,0,9,3,16,13,13,13,12,40,13,12
01_13_09_03_0422.bmp,0,9,3,16,13,13,12,6,34,34,12
01_13_09_03_0423.bmp,0,9,3,16,13,13,12,42,13,13,12
01_13_09_03_0424.bmp,0,9,3,16,13,13,12,25,13,25,38
01_13_09_03_0429.bmp,0,9,3,16,13,13,13,6,13,18,12
01_13_09_03_0430.bmp,0,9,3,16,13,13,13,40,13,40,12
01_13_09_03_0434.bmp,0,9,3,16,13,13,13,0,40,25,12
01_13_09_03_0435.bmp,0,9,3,16,13,13,13,40,13,37,12
01_13_09_03_0438.bmp,0,9,3,16,13,12,12,40,40,13,12
01_13_09_03_0441.bmp,0,9,3,16,13,12,12,40,40,13,12
01_13_09_03_0442.bmp,0,9,3,16,13,13,13,40,13,13,13
01_13_09_03_0443.bmp,0,9,3,16,13,13,13,40,40,40,12
01_13_09_03_0444.bmp,0,9,3,16,13,12,12,40,40,40,12
01_13_09_03_0448.bmp,0,9,3,16,13,13,13,40,40,40,12
01_13_09_03_0449.bmp,0,9,3,16,13,13,13,40,40,13,12
01_13_09_03_0456.bmp,0,9,3,16,13,13,13,40,40,40,12
01_13_09_03_0458.bmp,0,9,3,16,13,40,13,40,40,40,12
01_13_09_03_0461.bmp,0,9,3,16,13,40,13,40,40,40,13
01_13_09_03_0463.bmp,0,9,3,16,13,13,13,40,40,40,13
01_13_09_03_0468.bmp,0,9,3,16,13,40,13,40,40,40,13
01_13_09_03_0471.bmp,0,9,3,16,13,13,13,40,40,40,13
01_13_09_03_0475.bmp,0,9,3,16,13,13,13,40,40,13,13
01_13_09_03_0477.bmp,0,9,3,16,13,13,13,40,40,40,13
01_13_09_03_0479.bmp,0,9,3,16,13,13,13,40,40,13,13
01_13_09_03_0481.bmp,0,9,3,16,13,40,13,40,40,40,13
01_13_09_03_0484.bmp,0,9,3,16,13,13,13,40,40,13,13
01_13_09_03_0486.bmp,0,9,3,16,13,13,13,40,40,13,13
01_13_09_03_0489.bmp,0,9,3,16,13,13,13,40,40,40,13
01_13_09_03_0491.bmp,0,9,3,16,13,40,13,40,40,40,13
01_13_09_03_0492.bmp,0,9,3,16,13,40,13,40,40,40,13
01_13_09_03_0494.bmp,0,9,3,16,13,13,13,40,40,13,13
01_13_09_03_0501.bmp,0,9,3,16,13,40,13,40,40,40,13
01_13_09_03_0504.bmp,0,9,3,16,13,40,13,40,40,40,13
01_13_09_03_0507.bmp,0,9,3,16,13,13,13,40,40,13,13
01_13_09_03_0511.bmp,0,9,3,16,13,13,13,40,40,13,13
01_13_09_03_0513.bmp,0,9,3,16,13,13,13,40,40,40,13
01_13_09_03_0515.bmp,0,9,3,16,13,13,13,40,40,40,13
01_13_09_03_0516.bmp,0,9,3,16,13,12,10,42,34,25,12
01_13_09_03_0517.bmp,0,9,3,16,13,12,12,42,34,40,12
01_13_09_03_0519.bmp,0,9,3,16,13,12,12,42,40,35,19
01_13_09_03_0521.bmp,0,9,3,16,13,12,13,42,40,40,31
01_13_09_03_0525.bmp,0,9,3,16,13,40,11,40,40,40,12
01_13_09_03_0526.bmp,0,9,3,16,13,12,11,42,40,40,12
01_13_09_03_0527.bmp,0,9,3,16,13,40,11,40,40,40,12
01_13_09_03_0530.bmp,0,9,3,16,13,12,12,42,40,40,12
01_13_09_03_0535.bmp,0,9,3,16,13,13,12,40,40,35,12
01_13_09_03_0540.bmp,0,9,3,16,13,12,12,25,12,12,12
01_13_09_03_0542.bmp,0,9,3,16,13,12,12,25,12,12,12
01_13_09_03_0544.bmp,0,9,3,16,13,40,11,36,40,40,19
01_13_09_03_0545.bmp,0,9,3,16,13,12,12,40,40,11,12
01_13_09_03_0549.bmp,0,9,3,16,13,12,12,40,40,40,12
01_13_09_03_0550.bmp,0,9,3,16,13,12,12,25,40,13,19
01_13_09_03_0557.bmp,0,9,3,16,13,40,12,40,40,40,12
01_13_09_03_0558.bmp,0,9,3,16,13,12,12,40,40,23,12
01_13_09_03_0559.bmp,0,9,3,16,13,12,12,40,40,40,12
01_13_09_03_0565.bmp,0,9,3,16,13,12,11,40,40,40,12
01_13_09_03_0575.bmp,0,9,3,16,13,40,12,40,40,40,12
01_13_09_03_0578.bmp,0,9,3,16,13,40,11,25,40,40,32
01_13_09_03_0581.bmp,0,9,3,16,13,40,12,40,40,13,12
01_13_09_03_0582.bmp,0,9,3,16,13,25,11,12,40,40,12
01_13_09_03_0583.bmp,0,9,3,16,13,12,12,40,40,40,12
01_13_09_03_0584.bmp,0,9,3,16,13,13,13,40,40,13,12
01_13_09_03_0587.bmp,0,9,3,16,13,25,25,40,40,13,12
01_13_09_03_0591.bmp,0,9,3,16,13,13,25,40,40,13,12
01_13_09_03_0592.bmp,0,9,3,16,13,40,11,40,40,40,32
01_13_09_03_0594.bmp,0,9,3,16,13,40,11,40,40,35,12
01_13_09_03_0596.bmp,0,9,3,16,13,40,13,40,40,40,12
01_13_09_03_0599.bmp,0,9,3,16,13,13,13,40,40,13,12
01_13_09_03_0600.bmp,0,9,3,16,13,40,13,40,40,40,12
01_13_09_03_0604.bmp,0,9,3,16,13,40,13,40,40,13,12
01_13_09_03_0605.bmp,0,9,3,16,13,40,11,40,40,40,12
01_13_09_03_0607.bmp,0,9,3,16,13,40,13,40,40,40,18
01_13_09_03_0608.bmp,0,9,3,16,13,40,13,40,40,40,12
01_13_09_03_0609.bmp,0,9,3,16,13,40,11,40,40,40,13
01_13_09_03_0611.bmp,0,9,3,16,13,40,11,40,40,40,12
01_13_09_03_0613.bmp,0,9,3,16,13,12,11,40,40,40,12
01_13_09_03_0615.bmp,0,9,3,16,13,13,13,40,40,40,12
01_13_09_03_0616.bmp,0,9,3,16,13,13,13,40,40,40,13
01_13_09_03_0626.bmp,0,9,3,16,13,40,13,40,40,13,13
01_03_09_04_0004.bmp,0,9,4,16,9,12,11,40,40,40,32
01_03_09_04_0005.bmp,0,9,4,16,9,25,13,40,25,25,16
01_03_09_04_0011.bmp,0,9,4,16,9,11,16,40,40,13,16
01_03_09_04_0015.bmp,0,9,4,16,9,25,13,0,40,40,12
01_03_09_04_0016.bmp,0,9,4,16,9,25,13,25,25,25,32
01_03_09_04_0017.bmp,0,9,4,16,9,40,13,40,40,25,32
01_03_09_04_0024.bmp,0,9,4,16,9,12,13,40,40,40,12
01_03_09_04_0025.bmp,0,9,4,16,9,40,11,40,40,40,32
01_03_09_04_0028.bmp,0,9,4,16,9,25,13,40,40,40,32
01_03_09_04_0029.bmp,0,9,4,16,9,13,13,40,40,13,32
01_03_09_04_0030.bmp,0,9,4,16,9,25,13,20,40,25,12
01_03_09_04_0032.bmp,0,9,4,16,9,40,11,20,40,40,32
01_03_09_04_0033.bmp,0,9,4,16,9,25,13,40,40,13,32
01_03_09_04_0034.bmp,0,9,4,16,9,25,25,40,40,40,32
01_03_09_04_0041.bmp,0,9,4,16,9,40,11,40,40,40,32
01_03_09_04_0047.bmp,0,9,4,16,9,40,11,40,40,24,12
01_03_09_04_0048.bmp,0,9,4,16,9,40,13,40,40,40,13
01_03_09_04_0050.bmp,0,9,4,16,9,40,13,40,40,40,13
01_03_09_04_0051.bmp,0,9,4,16,9,40,13,40,40,40,13
01_03_09_04_0052.bmp,0,9,4,16,9,40,13,40,40,24,13
01_03_09_04_0055.bmp,0,9,4,16,9,40,13,40,40,40,13
01_03_09_04_0057.bmp,0,9,4,16,9,40,13,2,40,40,13
01_03_09_04_0058.bmp,0,9,4,16,9,25,25,25,25,40,13
01_03_09_04_0059.bmp,0,9,4,16,9,25,13,40,40,25,13
01_03_09_04_0064.bmp,0,9,4,16,9,25,13,20,40,25,13
01_03_09_04_0071.bmp,0,9,4,16,9,25,25,40,40,40,32
01_03_09_04_0072.bmp,0,9,4,16,9,25,25,20,40,40,13
01_03_09_04_0074.bmp,0,9,4,16,9,25,13,40,40,13,13
01_03_09_04_0075.bmp,0,9,4,16,9,25,25,40,40,13,13
01_03_09_04_0076.bmp,0,9,4,16,9,25,13,40,40,40,13
01_03_09_04_0077.bmp,0,9,4,16,9,25,25,40,40,40,13
01_03_09_04_0078.bmp,0,9,4,16,9,25,13,20,40,24,13
01_03_09_04_0083.bmp,0,9,4,16,9,25,25,25,40,13,13
01_03_09_04_0084.bmp,0,9,4,16,9,25,13,25,40,13,13
01_06_09_04_0001.bmp,1,9,4,16,14,11,10,25,12,12,32
01_06_09_04_0003.bmp,1,9,4,16,14,11,11,40,11,35,12
01_06_09_04_0005.bmp,0,9,4,16,14,25,11,20,40,13,12
01_06_09_04_0005.bmp,1,9,4,16,14,13,11,40,13,40,31
01_06_09_04_0006.bmp,0,9,4,16,14,13,11,20,40,20,11
01_06_09_04_0006.bmp,1,9,4,16,14,11,11,40,11,36,12
01_06_09_04_0007.bmp,0,9,4,16,14,11,1,40,40,40,18
01_06_09_04_0008.bmp,1,9,4,16,14,25,11,40,25,25,12
01_06_09_04_0010.bmp,0,9,4,16,14,25,11,20,40,40,18
01_06_09_04_0011.bmp,0,9,4,16,14,13,11,40,40,2,12
01_06_09_04_0013.bmp,0,9,4,16,14,13,25,20,13,40,13
01_06_09_04_0014.bmp,0,9,4,16,14,25,11,40,40,25,11
01_06_09_04_0016.bmp,1,9,4,16,14,11,11,20,40,40,12
01_06_09_04_0018.bmp,1,9,4,16,14,25,11,20,25,13,12
01_06_09_04_0020.bmp,0,9,4,16,14,13,25,20,40,13,18
01_06_09_04_0020.bmp,1,9,4,16,14,25,11,20,25,1,12
01_06_09_04_0021.bmp,0,9,4,16,14,13,25,20,40,13,13
01_06_09_04_0021.bmp,1,9,4,16,14,40,11,40,40,24,12
01_06_09_04_0022.bmp,1,9,4,16,14,25,11,20,25,20,12
01_06_09_04_0023.bmp,0,9,4,16,14,25,25,40,40,13,13
01_06_09_04_0023.bmp,1,9,4,16,14,25,11,40,40,39,12
01_06_09_04_0025.bmp,0,9,4,16,14,25,25,20,40,40,13
01_06_09_04_0026.bmp,0,9,4,16,14,25,25,40,40,13,18
01_06_09_04_0027.bmp,0,9,4,16,14,13,25,20,13,13,18
01_06_09_04_0028.bmp,0,9,4,16,14,25,25,40,40,40,13
01_06_09_04_0028.bmp,1,9,4,16,14,25,11,20,40,40,12
01_06_09_04_0031.bmp,1,9,4,16,14,12,12,0,11,40,12
01_06_09_04_0032.bmp,0,9,4,16,14,13,25,40,40,13,18
01_06_09_04_0032.bmp,1,9,4,16,14,12,12,40,40,12,12
01_06_09_04_0033.bmp,0,9,4,16,14,13,25,40,40,13,13
01_06_09_04_0033.bmp,1,9,4,16,14,12,12,42,12,40,12
01_06_09_04_0035.bmp,0,9,4,16,14,40,25,40,40,40,13
01_06_09_04_0036.bmp,1,9,4,16,14,11,11,42,40,12,12
01_06_09_04_0038.bmp,1,9,4,16,14,11,11,0,40,1,12
01_06_09_04_0040.bmp,0,9,4,16,14,13,25,13,40,24,13
01_06_09_04_0044.bmp,0,9,4,16,14,40,25,40,40,40,12
01_06_09_04_0044.bmp,1,9,4,16,14,40,11,40,40,40,12
01_06_09_04_0047.bmp,0,9,4,16,14,12,12,40,40,0,12
01_06_09_04_0048.bmp,0,9,4,16,14,40,11,40,40,40,12
01_06_09_04_0049.bmp,0,9,4,16,14,12,12,40,40,39,12
01_06_09_04_0050.bmp,0,9,4,16,14,40,11,40,40,24,12
01_06_09_04_0053.bmp,0,9,4,16,14,13,11,40,40,40,12
01_06_09_04_0054.bmp,0,9,4,16,14,40,11,40,40,11,12
01_06_09_04_0055.bmp,0,9,4,16,14,13,11,40,40,40,12
01_06_09_04_0056.bmp,0,9,4,16,14,12,11,40,40,13,12
01_06_09_04_0064.bmp,0,9,4,16,14,11,11,40,40,40,18
01_06_09_04_0065.bmp,0,9,4,16,14,13,11,40,40,40,12
01_06_09_04_0066.bmp,0,9,4,16,14,13,11,40,40,40,12
01_06_09_04_0067.bmp,0,9,4,16,14,40,11,40,40,24,12
01_06_09_04_0068.bmp,0,9,4,16,14,13,13,40,40,40,12
01_06_09_04_0076.bmp,0,9,4,16,14,40,11,40,40,13,12
01_06_09_04_0079.bmp,0,9,4,16,14,40,13,40,40,13,18
01_06_09_04_0080.bmp,0,9,4,16,14,40,13,40,40,28,18
01_06_09_04_0084.bmp,0,9,4,16,14,40,25,40,40,24,12
01_06_09_04_0085.bmp,0,9,4,16,14,25,25,40,40,40,13
01_06_09_04_0088.bmp,0,9,4,16,14,40,25,20,40,13,13
01_11_09_04_0001.bmp,0,9,4,16,12,12,11,42,12,40,11
01_11_09_04_0006.bmp,0,9,4,16,12,38,11,6,34,25,32
01_11_09_04_0010.bmp,0,9,4,16,12,25,11,25,25,25,31
01_11_09_04_0014.bmp,0,9,4,16,12,25,11,42,7,40,32
01_11_09_04_0016.bmp,0,9,4,16,12,12,11,40,40,40,12
01_11_09_04_0023.bmp,0,9,4,16,12,11,11,40,40,40,12
01_11_09_04_0026.bmp,0,9,4,16,12,25,11,40,40,40,12
01_11_09_04_0030.bmp,0,9,4,16,12,25,11,36,40,40,32
01_11_09_04_0032.bmp,0,9,4,16,12,18,11,42,18,18,11
01_11_09_04_0034.bmp,0,9,4,16,12,12,11,36,40,26,12
01_11_09_04_0036.bmp,0,9,4,16,12,40,25,40,40,40,32
01_11_09_04_0041.bmp,0,9,4,16,12,12,11,11,40,11,11
01_11_09_04_0045.bmp,0,9,4,16,12,12,11,20,40,40,12
01_11_09_04_0059.bmp,0,9,4,16,12,13,11,28,40,18,11
01_11_09_04_0067.bmp,0,9,4,16,12,13,13,0,40,36,13
01_11_09_04_0068.bmp,0,9,4,16,12,13,11,28,13,40,11
01_11_09_04_0069.bmp,0,9,4,16,12,25,25,40,40,40,13
01_11_09_04_0074.bmp,0,9,4,16,12,13,13,13,13,13,13
01_12_09_04_0001.bmp,0,9,4,16,17,12,11,19,40,40,12
01_12_09_04_0004.bmp,1,9,4,16,17,11,11,42,11,40,12
01_12_09_04_0005.bmp,0,9,4,16,17,13,11,23,36,11,13
01_12_09_04_0006.bmp,1,9,4,16,17,25,11,42,12,12,12
01_12_09_04_0007.bmp,0,9,4,16,17,25,11,40,25,11,7
01_12_09_04_0007.bmp,1,9,4,16,17,13,11,42,34,34,31
01_12_09_04_0010.bmp,1,9,4,16,17,25,11,11,40,40,31
01_12_09_04_0012.bmp,1,9,4,16,17,13,11,25,13,13,12
01_12_09_04_0013.bmp,0,9,4,16,17,11,11,28,28,18,11
01_12_09_04_0017.bmp,1,9,4,16,17,12,10,42,12,18,31
01_12_09_04_0018.bmp,0,9,4,16,17,25,13,2,28,28,7
01_12_09_04_0020.bmp,1,9,4,16,17,25,11,42,40,25,12
01_12_09_04_0021.bmp,0,9,4,16,17,25,13,40,40,40,13
01_12_09_04_0022.bmp,0,9,4,16,17,25,13,40,9,17,13
01_12_09_04_0024.bmp,1,9,4,16,17,12,11,42,13,40,31
01_12_09_04_0025.bmp,0,9,4,16,17,25,25,40,25,18,13
01_12_09_04_0028.bmp,0,9,4,16,17,40,25,40,40,13,13
01_12_09_04_0029.bmp,0,9,4,16,17,12,12,40,40,40,12
01_12_09_04_0029.bmp,1,9,4,16,17,11,11,42,25,4,31
01_12_09_04_0033.bmp,0,9,4,16,17,13,11,40,40,40,12
01_12_09_04_0033.bmp,1,9,4,16,17,11,11,11,7,23,31
01_12_09_04_0034.bmp,0,9,4,16,17,13,11,40,40,13,12
01_12_09_04_0034.bmp,1,9,4,16,17,25,11,12,25,40,31
01_12_09_04_0038.bmp,0,9,4,16,17,13,11,40,40,24,11
01_12_09_04_0040.bmp,0,9,4,16,17,13,25,40,40,40,13
01_12_09_04_0042.bmp,0,9,4,16,17,24,25,28,40,40,13
01_12_09_04_0045.bmp,0,9,4,16,17,12,11,42,25,23,31
01_12_09_04_0049.bmp,0,9,4,16,17,11,11,23,25,7,31
01_12_09_04_0050.bmp,0,9,4,16,17,38,10,25,18,34,31
01_12_09_04_0052.bmp,0,9,4,16,17,25,11,42,1,12,36
01_12_09_04_0056.bmp,0,9,4,16,17,25,11,0,25,11,32
01_12_09_04_0057.bmp,0,9,4,16,17,7,11,40,7,39,31
01_12_09_04_0061.bmp,0,9,4,16,17,25,11,40,25,11,32
01_12_09_04_0063.bmp,0,9,4,16,17,25,25,19,25,25,25
01_12_09_04_0071.bmp,0,9,4,16,17,25,11,40,40,40,32
01_12_09_04_0073.bmp,0,9,4,16,17,25,11,20,25,13,32
01_12_09_04_0076.bmp,0,9,4,16,17,25,11,20,25,40,17
01_12_09_04_0081.bmp,0,9,4,16,17,25,11,20,25,11,11
01_12_09_04_0082.bmp,0,9,4,16,17,11,11,20,11,40,11
01_12_09_04_0083.bmp,0,9,4,16,17,25,11,20,11,28,11
01_12_09_04_0092.bmp,0,9,4,16,17,25,13,20,20,13,32
01_12_09_04_0094.bmp,0,9,4,16,17,25,11,20,11,11,11
01_12_09_04_0096.bmp,0,9,4,16,17,25,11,20,25,25,13
01_12_09_04_0101.bmp,0,9,4,16,17,25,11,20,25,25,16
01_12_09_04_0102.bmp,0,9,4,16,17,25,11,20,25,7,17
01_12_09_04_0104.bmp,0,9,4,16,17,25,13,20,25,11,13
01_12_09_04_0105.bmp,0,9,4,16,17,25,11,20,25,11,13
01_12_09_04_0111.bmp,0,9,4,16,17,25,11,20,20,7,13
01_13_09_04_0003.bmp,0,9,4,16,13,12,12,40,12,12,12
01_13_09_04_0003.bmp,1,9,4,16,13,13,13,2,13,2,13
01_13_09_04_0004.bmp,1,9,4,16,13,13,13,2,13,13,13
01_13_09_04_0011.bmp,1,9,4,16,13,13,13,13,13,13,13
01_13_09_04_0013.bmp,0,9,4,16,13,12,12,40,12,40,12
01_13_09_04_0014.bmp,1,9,4,16,13,13,13,13,13,40,13
01_13_09_04_0016.bmp,0,9,4,16,13,13,11,42,40,40,12
01_13_09_04_0017.bmp,0,9,4,16,13,12,12,40,40,13,12
01_13_09_04_0021.bmp,0,9,4,16,13,12,12,40,40,40,12
01_13_09_04_0022.bmp,0,9,4,16,13,13,12,25,25,40,12
01_13_09_04_0024.bmp,0,9,4,16,13,12,12,40,40,40,12
01_13_09_04_0026.bmp,0,9,4,16,13,12,12,40,12,28,12
01_13_09_04_0026.bmp,1,9,4,16,13,13,13,40,13,40,13
01_13_09_04_0027.bmp,0,9,4,16,13,12,12,40,12,38,12
01_13_09_04_0028.bmp,0,9,4,16,13,13,13,42,13,40,12
01_13_09_04_0028.bmp,1,9,4,16,13,13,13,13,13,13,13
01_13_09_04_0032.bmp,1,9,4,16,13,13,13,13,13,13,13
01_13_09_04_0033.bmp,1,9,4,16,13,13,13,40,13,0,13
01_13_09_04_0034.bmp,0,9,4,16,13,12,12,40,40,13,12
01_13_09_04_0035.bmp,0,9,4,16,13,38,12,40,38,13,12
01_13_09_04_0035.bmp,1,9,4,16,13,13,13,20,13,13,13
01_13_09_04_0036.bmp,1,9,4,16,13,13,13,20,13,13,13
01_13_09_04_0037.bmp,0,9,4,16,13,13,13,40,13,13,13
01_13_09_04_0040.bmp,0,9,4,16,13,13,11,40,13,13,12
01_13_09_04_0040.bmp,1,9,4,16,13,13,13,13,13,2,13
01_13_09_04_0041.bmp,0,9,4,16,13,13,13,40,40,13,13
01_13_09_04_0042.bmp,0,9,4,16,13,13,13,40,13,13,13
01_13_09_04_0042.bmp,1,9,4,16,13,13,13,40,13,13,13
01_13_09_04_0044.bmp,1,9,4,16,13,13,13,25,13,13,13
01_13_09_04_0046.bmp,0,9,4,16,13,13,13,40,40,40,13
01_13_09_04_0051.bmp,0,9,4,16,13,13,13,40,40,13,13
01_13_09_04_0052.bmp,0,9,4,16,13,13,13,40,40,13,13
01_13_09_04_0054.bmp,0,9,4,16,13,12,13,40,40,40,13
01_13_09_04_0055.bmp,0,9,4,16,13,13,13,40,13,13,13
01_13_09_04_0056.bmp,0,9,4,16,13,13,13,40,40,13,13
01_13_09_04_0057.bmp,1,9,4,16,13,13,13,40,13,13,13
01_13_09_04_0058.bmp,0,9,4,16,13,13,13,40,40,40,13
01_13_09_04_0059.bmp,0,9,4,16,13,13,13,40,40,13,13
01_13_09_04_0060.bmp,0,9,4,16,13,13,13,40,40,13,12
01_13_09_04_0060.bmp,1,9,4,16,13,13,13,40,13,13,13
01_13_09_04_0061.bmp,1,9,4,16,13,13,13,13,13,13,13
01_13_09_04_0063.bmp,1,9,4,16,13,11,11,42,40,13,19
01_13_09_04_0066.bmp,1,9,4,16,13,13,11,0,40,23,12
01_13_09_04_0067.bmp,1,9,4,16,13,12,11,40,40,40,19
01_13_09_04_0068.bmp,1,9,4,16,13,40,12,40,40,40,12
01_13_09_04_0069.bmp,1,9,4,16,13,13,11,12,13,13,19
01_13_09_04_0072.bmp,0,9,4,16,13,13,13,40,13,13,13
01_13_09_04_0072.bmp,1,9,4,16,13,13,11,40,40,40,19
01_13_09_04_0073.bmp,0,9,4,16,13,13,13,40,40,40,13
01_13_09_04_0073.bmp,1,9,4,16,13,40,11,40,40,26,12
01_13_09_04_0074.bmp,0,9,4,16,13,13,13,40,13,13,13
01_13_09_04_0076.bmp,0,9,4,16,13,13,13,40,13,13,13
01_13_09_04_0078.bmp,0,9,4,16,13,13,13,40,13,40,13
01_13_09_04_0079.bmp,0,9,4,16,13,13,13,40,13,13,13
01_13_09_04_0079.bmp,1,9,4,16,13,12,12,25,12,40,12
01_13_09_04_0082.bmp,1,9,4,16,13,12,11,40,40,35,12
01_13_09_04_0083.bmp,0,9,4,16,13,13,13,40,13,13,13
01_13_09_04_0084.bmp,0,9,4,16,13,13,13,40,13,40,13
01_13_09_04_0085.bmp,0,9,4,16,13,13,13,40,13,13,13
01_13_09_04_0087.bmp,0,9,4,16,13,13,13,40,13,40,13
01_13_09_04_0088.bmp,1,9,4,16,13,12,12,40,12,13,12
01_13_09_04_0089.bmp,1,9,4,16,13,12,12,40,40,40,12
01_13_09_04_0090.bmp,0,9,4,16,13,13,13,40,13,13,13
01_13_09_04_0090.bmp,1,9,4,16,13,11,11,25,40,35,12
01_13_09_04_0093.bmp,0,9,4,16,13,13,11,40,13,13,13
01_13_09_04_0093.bmp,1,9,4,16,13,40,11,0,40,40,12
01_13_09_04_0094.bmp,1,9,4,16,13,40,11,40,40,40,12
01_13_09_04_0095.bmp,0,9,4,16,13,13,13,13,13,13,13
01_13_09_04_0098.bmp,1,9,4,16,13,40,11,40,40,11,12
01_13_09_04_0099.bmp,1,9,4,16,13,12,11,40,40,0,12
01_13_09_04_0100.bmp,0,9,4,16,13,13,13,24,13,13,13
01_13_09_04_0101.bmp,0,9,4,16,13,13,13,40,13,40,13
01_13_09_04_0101.bmp,1,9,4,16,13,40,11,40,40,40,12
01_13_09_04_0105.bmp,1,9,4,16,13,40,11,40,40,39,19
01_13_09_04_0107.bmp,0,9,4,16,13,13,13,40,13,40,13
01_13_09_04_0108.bmp,0,9,4,16,13,25,13,40,40,40,13
01_13_09_04_0109.bmp,1,9,4,16,13,12,11,40,40,40,12
01_13_09_04_0110.bmp,0,9,4,16,13,13,13,40,40,13,13
01_13_09_04_0110.bmp,1,9,4,16,13,40,12,40,40,40,12
01_13_09_04_0111.bmp,0,9,4,16,13,40,13,40,40,13,13
01_13_09_04_0112.bmp,0,9,4,16,13,40,13,40,40,40,13
01_13_09_04_0113.bmp,1,9,4,16,13,11,11,40,40,40,12
01_13_09_04_0114.bmp,1,9,4,16,13,40,11,20,40,40,12
01_13_09_04_0115.bmp,0,9,4,16,13,40,12,0,40,40,12
01_13_09_04_0115.bmp,1,9,4,16,13,40,11,40,40,24,12
01_13_09_04_0116.bmp,1,9,4,16,13,40,11,40,40,40,12
01_13_09_04_0117.bmp,1,9,4,16,13,12,11,40,40,11,12
01_13_09_04_0118.bmp,0,9,4,16,13,13,13,6,13,13,12
01_13_09_04_0118.bmp,1,9,4,16,13,25,11,40,40,40,12
01_13_09_04_0119.bmp,0,9,4,16,13,12,12,40,40,11,12
01_13_09_04_0119.bmp,1,9,4,16,13,40,11,40,40,13,12
01_13_09_04_0122.bmp,1,9,4,16,13,40,11,40,40,40,12
01_13_09_04_0123.bmp,0,9,4,16,13,40,25,40,40,40,12
01_13_09_04_0124.bmp,0,9,4,16,13,40,13,40,40,40,32
01_13_09_04_0124.bmp,1,9,4,16,13,12,11,40,40,28,18
01_13_09_04_0125.bmp,0,9,4,16,13,40,13,40,40,40,12
01_13_09_04_0125.bmp,1,9,4,16,13,40,12,40,40,40,12
01_13_09_04_0126.bmp,0,9,4,16,13,40,12,20,40,40,12
01_13_09_04_0128.bmp,1,9,4,16,13,40,11,40,40,13,12
01_13_09_04_0129.bmp,0,9,4,16,13,40,25,40,40,40,12
01_13_09_04_0130.bmp,0,9,4,16,13,40,11,40,40,40,12
01_13_09_04_0131.bmp,0,9,4,16,13,40,13,40,40,40,12
01_13_09_04_0131.bmp,1,9,4,16,13,40,11,40,40,13,12
01_13_09_04_0132.bmp,0,9,4,16,13,40,11,40,40,13,12
01_13_09_04_0133.bmp,1,9,4,16,13,40,25,40,40,40,12
01_13_09_04_0134.bmp,1,9,4,16,13,40,11,40,40,2,12
01_13_09_04_0136.bmp,1,9,4,16,13,13,11,40,40,13,12
01_13_09_04_0137.bmp,0,9,4,16,13,40,12,40,40,13,12
01_13_09_04_0137.bmp,1,9,4,16,13,25,11,40,40,13,12
01_13_09_04_0138.bmp,0,9,4,16,13,40,13,40,40,40,12
01_13_09_04_0139.bmp,0,9,4,16,13,40,25,40,40,24,12
01_13_09_04_0139.bmp,1,9,4,16,13,40,11,40,40,40,12
01_13_09_04_0140.bmp,1,9,4,16,13,40,11,40,40,24,12
01_13_09_04_0143.bmp,1,9,4,16,13,40,11,40,40,13,12
01_13_09_04_0146.bmp,0,9,4,16,13,40,13,40,40,13,12
01_13_09_04_0149.bmp,0,9,4,16,13,40,13,40,40,13,12
01_13_09_04_0149.bmp,1,9,4,16,13,40,11,40,40,13,12
01_13_09_04_0150.bmp,0,9,4,16,13,40,13,40,40,24,13
01_13_09_04_0150.bmp,1,9,4,16,13,40,11,40,40,40,12
01_13_09_04_0151.bmp,0,9,4,16,13,40,13,20,40,40,13
01_13_09_04_0154.bmp,0,9,4,16,13,40,13,40,40,13,13
01_13_09_04_0154.bmp,1,9,4,16,13,40,12,40,40,40,12
01_13_09_04_0155.bmp,0,9,4,16,13,40,25,40,40,13,13
01_13_09_04_0159.bmp,0,9,4,16,13,40,13,40,40,13,13
01_13_09_04_0160.bmp,0,9,4,16,13,40,25,40,40,40,13
01_13_09_04_0160.bmp,1,9,4,16,13,40,11,40,40,24,12
01_13_09_04_0162.bmp,1,9,4,16,13,12,11,40,40,40,12
01_13_09_04_0163.bmp,0,9,4,16,13,40,25,40,40,13,13
01_13_09_04_0164.bmp,0,9,4,16,13,40,13,40,40,13,13
01_13_09_04_0164.bmp,1,9,4,16,13,40,11,40,40,7,12
01_13_09_04_0165.bmp,0,9,4,16,13,40,13,40,40,40,13
01_13_09_04_0166.bmp,1,9,4,16,13,13,11,40,40,40,12
01_13_09_04_0168.bmp,1,9,4,16,13,40,11,40,40,40,12
01_13_09_04_0170.bmp,0,9,4,16,13,13,11,42,40,23,19
01_13_09_04_0170.bmp,1,9,4,16,13,12,11,40,40,40,12
01_13_09_04_0171.bmp,0,9,4,16,13,12,12,40,40,40,12
01_13_09_04_0172.bmp,0,9,4,16,13,12,11,25,40,40,12
01_13_09_04_0172.bmp,1,9,4,16,13,40,11,40,40,40,12
01_13_09_04_0173.bmp,0,9,4,16,13,25,38,42,25,40,12
01_13_09_04_0173.bmp,1,9,4,16,13,40,11,40,40,24,12
01_13_09_04_0174.bmp,0,9,4,16,13,12,11,40,40,40,12
01_13_09_04_0174.bmp,1,9,4,16,13,40,12,40,40,40,12
01_13_09_04_0175.bmp,1,9,4,16,13,13,11,40,40,13,18
01_13_09_04_0176.bmp,1,9,4,16,13,40,11,40,40,24,12
01_13_09_04_0177.bmp,1,9,4,16,13,40,12,40,40,13,12
01_13_09_04_0178.bmp,0,9,4,16,13,12,12,42,40,34,12
01_13_09_04_0178.bmp,1,9,4,16,13,40,12,40,40,24,12
01_13_09_04_0179.bmp,0,9,4,16,13,12,12,6,40,40,12
01_13_09_04_0179.bmp,1,9,4,16,13,40,12,40,40,40,12
01_13_09_04_0180.bmp,0,9,4,16,13,12,12,6,40,1,12
01_13_09_04_0182.bmp,0,9,4,16,13,13,12,42,34,40,31
01_13_09_04_0182.bmp,1,9,4,16,13,12,11,40,40,40,12
01_13_09_04_0185.bmp,0,9,4,16,13,13,12,25,40,40,19
01_13_09_04_0193.bmp,1,9,4,16,13,40,11,40,40,13,12
01_13_09_04_0196.bmp,0,9,4,16,13,12,11,6,12,35,12
01_13_09_04_0197.bmp,1,9,4,16,13,40,11,40,40,13,12
01_13_09_04_0199.bmp,0,9,4,16,13,25,11,40,40,12,12
01_13_09_04_0202.bmp,0,9,4,16,13,40,11,40,40,40,19
01_13_09_04_0203.bmp,0,9,4,16,13,12,12,1,40,40,12
01_13_09_04_0206.bmp,0,9,4,16,13,40,12,40,40,13,12
01_13_09_04_0207.bmp,1,9,4,16,13,40,11,40,40,40,12
01_13_09_04_0209.bmp,0,9,4,16,13,25,13,40,40,40,12
01_13_09_04_0209.bmp,1,9,4,16,13,40,25,40,40,40,12
01_13_09_04_0210.bmp,1,9,4,16,13,40,11,40,40,40,12
01_13_09_04_0212.bmp,0,9,4,16,13,13,11,40,40,18,12
01_13_09_04_0212.bmp,1,9,4,16,13,40,11,40,40,40,12
01_13_09_04_0214.bmp,0,9,4,16,13,40,11,40,40,40,12
01_13_09_04_0214.bmp,1,9,4,16,13,40,11,40,40,40,12
01_13_09_04_0215.bmp,1,9,4,16,13,12,11,40,40,40,12
01_13_09_04_0216.bmp,0,9,4,16,13,40,13,40,40,40,12
01_13_09_04_0216.bmp,1,9,4,16,13,12,12,40,40,40,12
01_13_09_04_0217.bmp,1,9,4,16,13,40,11,40,40,13,12
01_13_09_04_0219.bmp,1,9,4,16,13,40,11,40,40,24,12
01_13_09_04_0220.bmp,0,9,4,16,13,40,13,20,40,13,13
01_13_09_04_0221.bmp,0,9,4,16,13,40,13,40,40,13,13
01_13_09_04_0222.bmp,0,9,4,16,13,40,13,19,40,13,13
01_13_09_04_0223.bmp,1,9,4,16,13,12,12,40,40,40,12
01_13_09_04_0226.bmp,0,9,4,16,13,40,13,40,40,13,13
01_13_09_04_0227.bmp,0,9,4,16,13,13,13,40,40,24,12
01_13_09_04_0227.bmp,1,9,4,16,13,12,11,40,40,13,12
01_13_09_04_0231.bmp,0,9,4,16,13,13,13,40,40,13,13
01_13_09_04_0232.bmp,1,9,4,16,13,12,12,40,40,40,12
01_13_09_04_0233.bmp,0,9,4,16,13,40,13,40,40,13,13
01_13_09_04_0235.bmp,0,9,4,16,13,13,13,40,40,13,13
01_13_09_04_0236.bmp,0,9,4,16,13,13,13,40,40,40,13
01_13_09_04_0236.bmp,1,9,4,16,13,40,11,40,40,20,12
01_13_09_04_0238.bmp,1,9,4,16,13,25,11,40,40,25,12
01_13_09_04_0240.bmp,0,9,4,16,13,13,13,13,40,13,13
01_13_09_04_0240.bmp,1,9,4,16,13,40,11,40,40,40,12
01_13_09_04_0242.bmp,1,9,4,16,13,25,11,40,40,13,12
01_13_09_04_0244.bmp,1,9,4,16,13,40,12,40,40,40,12
01_13_09_04_0245.bmp,0,9,4,16,13,25,13,25,40,40,13
01_13_09_04_0246.bmp,0,9,4,16,13,40,12,40,40,40,12
01_13_09_04_0246.bmp,1,9,4,16,13,12,11,40,40,40,12
01_13_09_04_0247.bmp,1,9,4,16,13,13,13,40,40,13,13
01_13_09_04_0249.bmp,0,9,4,16,13,13,13,40,40,13,13
01_13_09_04_0250.bmp,0,9,4,16,13,13,13,13,40,13,13
01_13_09_04_0251.bmp,0,9,4,16,13,13,13,40,40,13,13
01_13_09_04_0252.bmp,0,9,4,16,13,13,13,13,40,13,13
01_13_09_04_0253.bmp,0,9,4,16,13,13,13,40,40,13,13
01_13_09_04_0258.bmp,1,9,4,16,13,40,11,40,40,40,12
01_13_09_04_0259.bmp,1,9,4,16,13,40,12,40,40,40,12
01_13_09_04_0260.bmp,0,9,4,16,13,13,13,40,40,13,13
01_13_09_04_0261.bmp,0,9,4,16,13,13,13,40,40,13,13
01_13_09_04_0262.bmp,0,9,4,16,13,40,13,40,40,40,13
01_13_09_04_0263.bmp,1,9,4,16,13,40,11,20,40,40,12
01_13_09_04_0264.bmp,0,9,4,16,13,40,13,40,40,40,13
01_13_09_04_0264.bmp,1,9,4,16,13,13,11,40,40,13,12
01_13_09_04_0265.bmp,0,9,4,16,13,13,13,40,40,40,13
01_13_09_04_0266.bmp,1,9,4,16,13,12,12,40,40,40,12
01_13_09_04_0267.bmp,0,9,4,16,13,40,13,40,40,40,13
01_13_09_04_0267.bmp,1,9,4,16,13,40,11,40,40,40,12
01_13_09_04_0269.bmp,0,9,4,16,13,40,13,40,40,40,13
01_13_09_04_0272.bmp,0,9,4,16,13,40,11,40,40,13,12
01_13_09_04_0273.bmp,0,9,4,16,13,12,11,40,40,13,12
01_13_09_04_0275.bmp,0,9,4,16,13,40,12,40,40,40,12
01_13_09_04_0278.bmp,0,9,4,16,13,12,11,40,40,24,12
01_13_09_04_0280.bmp,0,9,4,16,13,40,12,40,40,40,13
01_13_09_04_0287.bmp,0,9,4,16,13,40,12,40,40,13,12
01_13_09_04_0289.bmp,0,9,4,16,13,40,11,40,40,40,12
01_13_09_04_0291.bmp,0,9,4,16,13,25,11,40,40,40,12
01_13_09_04_0299.bmp,0,9,4,16,13,40,11,40,40,40,12
01_13_09_04_0306.bmp,0,9,4,16,13,12,11,40,40,40,12
01_13_09_04_0308.bmp,0,9,4,16,13,40,11,40,40,40,12
01_13_09_04_0311.bmp,0,9,4,16,13,12,11,40,40,40,12
01_13_09_04_0312.bmp,0,9,4,16,13,40,11,40,40,40,12
01_13_09_04_0314.bmp,0,9,4,16,13,13,11,40,40,13,12
01_13_09_04_0315.bmp,0,9,4,16,13,12,12,40,40,40,12
01_13_09_04_0316.bmp,0,9,4,16,13,13,11,40,40,13,12
01_13_09_04_0327.bmp,0,9,4,16,13,13,11,40,40,40,12
01_13_09_04_0328.bmp,0,9,4,16,13,25,11,40,40,13,12
01_13_09_04_0333.bmp,0,9,4,16,13,25,11,40,40,40,18
01_13_09_04_0334.bmp,0,9,4,16,13,40,11,40,40,40,18
01_13_09_04_0336.bmp,0,9,4,16,13,40,11,40,40,40,18
01_13_09_04_0337.bmp,0,9,4,16,13,25,11,28,40,40,25
01_13_09_04_0342.bmp,0,9,4,16,13,40,11,40,40,13,12
01_13_09_04_0351.bmp,0,9,4,16,13,40,25,40,40,40,13
01_13_09_04_0352.bmp,0,9,4,16,13,40,25,40,40,40,12
01_13_09_04_0355.bmp,0,9,4,16,13,40,12,40,40,40,12
01_13_09_04_0361.bmp,0,9,4,16,13,13,13,40,40,13,13
01_13_09_04_0363.bmp,0,9,4,16,13,13,13,40,13,13,13
01_13_09_04_0366.bmp,0,9,4,16,13,13,13,40,40,13,13
01_13_09_04_0369.bmp,0,9,4,16,13,13,13,13,13,13,13
01_13_09_04_0372.bmp,0,9,4,16,13,13,13,13,13,13,13
01_13_09_04_0375.bmp,0,9,4,16,13,13,13,13,13,13,13
01_13_09_04_0376.bmp,0,9,4,16,13,13,13,40,40,13,13
01_13_09_04_0377.bmp,0,9,4,16,13,13,13,13,13,13,13
01_13_09_04_0381.bmp,0,9,4,16,13,25,25,25,40,13,13
01_13_09_04_0384.bmp,0,9,4,16,13,13,13,40,40,13,13
01_13_09_04_0389.bmp,0,9,4,16,13,25,11,42,40,23,12
01_13_09_04_0392.bmp,0,9,4,16,13,12,12,42,40,40,12
01_13_09_04_0395.bmp,0,9,4,16,13,40,12,42,40,40,12
01_13_09_04_0398.bmp,0,9,4,16,13,12,12,40,40,40,12
01_13_09_04_0399.bmp,0,9,4,16,13,12,12,42,40,40,12
01_13_09_04_0400.bmp,0,9,4,16,13,13,12,42,35,35,12
01_13_09_04_0401.bmp,0,9,4,16,13,12,12,42,12,13,12
01_13_09_04_0405.bmp,0,9,4,16,13,12,12,11,40,37,12
01_13_09_04_0409.bmp,0,9,4,16,13,12,12,40,12,35,12
01_13_09_04_0413.bmp,0,9,4,16,13,12,12,42,12,18,12
01_13_09_04_0418.bmp,0,9,4,16,13,13,13,42,13,40,12
01_13_09_04_0424.bmp,0,9,4,16,13,12,12,40,40,40,12
01_13_09_04_0425.bmp,0,9,4,16,13,12,12,41,13,35,12
01_13_09_04_0429.bmp,0,9,4,16,13,13,13,40,40,13,12
01_13_09_04_0430.bmp,0,9,4,16,13,13,13,40,40,35,12
01_13_09_04_0432.bmp,0,9,4,16,13,13,13,40,40,40,12
01_13_09_04_0434.bmp,0,9,4,16,13,13,13,40,40,13,12
01_13_09_04_0439.bmp,0,9,4,16,13,13,13,40,40,40,12
01_13_09_04_0442.bmp,0,9,4,16,13,13,13,40,40,13,12
01_13_09_04_0443.bmp,0,9,4,16,13,13,13,40,40,40,12
01_13_09_04_0444.bmp,0,9,4,16,13,12,13,40,40,40,12
01_13_09_04_0448.bmp,0,9,4,16,13,12,13,40,40,40,12
01_13_09_04_0450.bmp,0,9,4,16,13,13,13,40,40,40,12
01_13_09_04_0452.bmp,0,9,4,16,13,40,13,40,40,40,12
01_13_09_04_0455.bmp,0,9,4,16,13,13,13,40,40,40,13
01_13_09_04_0456.bmp,0,9,4,16,13,40,13,40,40,40,12
01_13_09_04_0461.bmp,0,9,4,16,13,40,13,40,40,40,12
01_13_09_04_0462.bmp,0,9,4,16,13,40,13,40,40,40,13
01_13_09_04_0463.bmp,0,9,4,16,13,13,13,40,40,13,13
01_13_09_04_0464.bmp,0,9,4,16,13,40,13,40,40,40,13
01_13_09_04_0465.bmp,0,9,4,16,13,13,13,40,40,40,13
01_13_09_04_0466.bmp,0,9,4,16,13,13,13,40,40,40,13
01_13_09_04_0471.bmp,0,9,4,16,13,13,13,20,40,40,13
01_13_09_04_0473.bmp,0,9,4,16,13,13,13,40,40,40,13
01_13_09_04_0475.bmp,0,9,4,16,13,40,13,40,40,40,13
01_13_09_04_0476.bmp,0,9,4,16,13,13,13,40,40,13,13
01_13_09_04_0480.bmp,0,9,4,16,13,13,13,40,40,13,13
01_13_09_04_0485.bmp,0,9,4,16,13,40,13,40,40,24,13
01_13_09_04_0486.bmp,0,9,4,16,13,40,13,40,40,40,13
01_13_09_04_0490.bmp,0,9,4,16,13,13,13,40,40,40,13
01_13_09_04_0492.bmp,0,9,4,16,13,13,13,40,40,13,13
01_13_09_04_0495.bmp,0,9,4,16,13,13,13,40,40,13,13
01_13_09_04_0497.bmp,0,9,4,16,13,40,13,40,40,13,13
01_13_09_04_0499.bmp,0,9,4,16,13,13,13,40,40,13,13
01_13_09_04_0500.bmp,0,9,4,16,13,40,13,40,40,13,13
01_13_09_04_0501.bmp,0,9,4,16,13,40,13,40,40,13,13
01_13_09_04_0505.bmp,0,9,4,16,13,13,13,40,40,24,13
01_13_09_04_0508.bmp,0,9,4,16,13,13,13,40,40,13,13
01_13_09_04_0510.bmp,0,9,4,16,13,13,13,40,40,13,13
01_13_09_04_0511.bmp,0,9,4,16,13,13,13,40,40,13,13
01_13_09_04_0514.bmp,0,9,4,16,13,40,13,40,40,40,13
01_13_09_04_0516.bmp,0,9,4,16,13,12,12,42,12,40,32
01_13_09_04_0519.bmp,0,9,4,16,13,25,11,6,13,35,12
01_13_09_04_0521.bmp,0,9,4,16,13,12,10,1,12,12,31
01_13_09_04_0523.bmp,0,9,4,16,13,12,11,40,40,40,12
01_13_09_04_0525.bmp,0,9,4,16,13,12,12,20,40,13,12
01_13_09_04_0526.bmp,0,9,4,16,13,12,11,42,12,40,12
01_13_09_04_0533.bmp,0,9,4,16,13,12,12,40,40,11,12
01_13_09_04_0537.bmp,0,9,4,16,13,12,12,40,40,13,12
01_13_09_04_0538.bmp,0,9,4,16,13,12,12,12,40,23,12
01_13_09_04_0539.bmp,0,9,4,16,13,12,12,40,40,40,12
01_13_09_04_0542.bmp,0,9,4,16,13,12,11,25,12,35,31
01_13_09_04_0544.bmp,0,9,4,16,13,12,12,42,12,13,12
01_13_09_04_0545.bmp,0,9,4,16,13,12,12,40,40,40,12
01_13_09_04_0547.bmp,0,9,4,16,13,40,11,40,40,40,12
01_13_09_04_0549.bmp,0,9,4,16,13,12,12,40,40,39,12
01_13_09_04_0550.bmp,0,9,4,16,13,12,12,11,40,40,12
01_13_09_04_0554.bmp,0,9,4,16,13,40,16,42,40,40,12
01_13_09_04_0557.bmp,0,9,4,16,13,12,12,40,40,40,12
01_13_09_04_0559.bmp,0,9,4,16,13,12,12,40,40,40,12
01_13_09_04_0561.bmp,0,9,4,16,13,12,12,40,40,13,12
01_13_09_04_0564.bmp,0,9,4,16,13,12,12,42,40,23,12
01_13_09_04_0565.bmp,0,9,4,16,13,12,12,40,40,40,12
01_13_09_04_0566.bmp,0,9,4,16,13,25,12,40,40,23,12
01_13_09_04_0567.bmp,0,9,4,16,13,25,12,40,40,13,12
01_13_09_04_0570.bmp,0,9,4,16,13,25,11,40,40,40,31
01_13_09_04_0571.bmp,0,9,4,16,13,12,12,40,40,40,12
01_13_09_04_0573.bmp,0,9,4,16,13,40,11,40,40,13,12
01_13_09_04_0581.bmp,0,9,4,16,13,12,11,40,40,40,12
01_13_09_04_0584.bmp,0,9,4,16,13,40,12,40,40,39,12
01_13_09_04_0586.bmp,0,9,4,16,13,25,12,40,40,40,12
01_13_09_04_0588.bmp,0,9,4,16,13,25,10,40,40,18,12
01_13_09_04_0589.bmp,0,9,4,16,13,40,13,40,40,40,13
01_13_09_04_0590.bmp,0,9,4,16,13,12,13,40,40,40,12
01_13_09_04_0592.bmp,0,9,4,16,13,13,12,40,40,40,12
01_13_09_04_0594.bmp,0,9,4,16,13,12,11,40,40,40,12
01_13_09_04_0595.bmp,0,9,4,16,13,12,11,40,40,24,12
01_13_09_04_0600.bmp,0,9,4,16,13,40,12,40,40,40,12
01_13_09_04_0601.bmp,0,9,4,16,13,13,13,40,40,40,12
01_13_09_04_0605.bmp,0,9,4,16,13,40,11,40,40,25,12
01_13_09_04_0607.bmp,0,9,4,16,13,40,11,40,40,40,13
01_13_09_04_0609.bmp,0,9,4,16,13,40,11,40,40,40,12
01_13_09_04_0610.bmp,0,9,4,16,13,40,11,40,40,24,12
01_13_09_04_0612.bmp,0,9,4,16,13,40,13,40,40,13,12
01_13_09_04_0625.bmp,0,9,4,16,13,40,25,40,40,40,13
01_03_09_05_0001.bmp,0,9,5,16,9,25,11,40,40,11,12
01_03_09_05_0006.bmp,0,9,5,16,9,40,11,40,40,40,12
01_03_09_05_0012.bmp,0,9,5,16,9,25,11,0,40,25,38
01_03_09_05_0015.bmp,0,9,5,16,9,25,13,40,40,25,12
01_03_09_05_0018.bmp,0,9,5,16,9,25,11,40,40,40,12
01_03_09_05_0021.bmp,0,9,5,16,9,12,12,40,40,40,12
01_03_09_05_0024.bmp,0,9,5,16,9,40,11,40,40,40,12
01_03_09_05_0036.bmp,0,9,5,16,9,40,11,20,40,24,13
01_03_09_05_0042.bmp,0,9,5,16,9,40,25,40,40,40,12
01_03_09_05_0043.bmp,0,9,5,16,9,40,25,40,40,40,12
01_03_09_05_0044.bmp,0,9,5,16,9,40,11,40,40,13,12
01_03_09_05_0046.bmp,0,9,5,16,9,40,13,40,40,40,12
01_03_09_05_0048.bmp,0,9,5,16,9,13,13,20,40,25,13
01_03_09_05_0050.bmp,0,9,5,16,9,40,25,40,40,40,13
01_03_09_05_0051.bmp,0,9,5,16,9,40,25,40,40,24,13
01_03_09_05_0055.bmp,0,9,5,16,9,40,13,40,40,24,13
01_03_09_05_0056.bmp,0,9,5,16,9,25,25,40,40,40,13
01_03_09_05_0058.bmp,0,9,5,16,9,25,25,40,40,40,13
01_03_09_05_0061.bmp,0,9,5,16,9,40,25,40,40,40,13
01_03_09_05_0062.bmp,0,9,5,16,9,25,25,40,40,24,13
01_03_09_05_0066.bmp,0,9,5,16,9,25,25,40,40,25,13
01_03_09_05_0068.bmp,0,9,5,16,9,25,13,25,40,13,13
01_03_09_05_0069.bmp,0,9,5,16,9,25,13,40,40,24,13
01_03_09_05_0072.bmp,0,9,5,16,9,25,25,20,40,24,13
01_03_09_05_0075.bmp,0,9,5,16,9,25,25,40,40,40,13
01_03_09_05_0077.bmp,0,9,5,16,9,40,25,40,40,40,13
01_03_09_05_0078.bmp,0,9,5,16,9,25,13,40,40,13,13
01_03_09_05_0082.bmp,0,9,5,16,9,25,13,40,40,24,13
01_03_09_05_0083.bmp,0,9,5,16,9,25,25,25,40,40,13
01_06_09_05_0002.bmp,1,9,5,16,14,25,11,40,11,14,12
01_06_09_05_0003.bmp,1,9,5,16,14,11,11,40,13,13,31
01_06_09_05_0004.bmp,1,9,5,16,14,25,11,40,40,40,31
01_06_09_05_0007.bmp,0,9,5,16,14,11,11,40,40,40,18
01_06_09_05_0007.bmp,1,9,5,16,14,13,11,40,13,40,12
01_06_09_05_0012.bmp,0,9,5,16,14,13,11,13,13,24,18
01_06_09_05_0012.bmp,1,9,5,16,14,25,11,20,25,40,12
01_06_09_05_0013.bmp,1,9,5,16,14,25,11,40,40,40,18
01_06_09_05_0014.bmp,0,9,5,16,14,13,11,40,40,40,18
01_06_09_05_0015.bmp,0,9,5,16,14,13,25,40,40,40,18
01_06_09_05_0015.bmp,1,9,5,16,14,11,11,20,40,1,12
01_06_09_05_0016.bmp,1,9,5,16,14,25,11,40,40,11,18
01_06_09_05_0017.bmp,1,9,5,16,14,25,11,20,25,40,18
01_06_09_05_0021.bmp,0,9,5,16,14,13,13,40,40,40,13
01_06_09_05_0022.bmp,1,9,5,16,14,25,11,20,40,11,12
01_06_09_05_0024.bmp,0,9,5,16,14,13,25,40,40,24,18
01_06_09_05_0026.bmp,1,9,5,16,14,25,11,20,40,24,18
01_06_09_05_0029.bmp,0,9,5,16,14,13,25,40,40,13,18
01_06_09_05_0029.bmp,1,9,5,16,14,25,11,40,40,24,12
01_06_09_05_0030.bmp,0,9,5,16,14,13,25,40,40,13,13
01_06_09_05_0030.bmp,1,9,5,16,14,25,11,20,25,40,12
01_06_09_05_0031.bmp,0,9,5,16,14,13,11,40,40,13,18
01_06_09_05_0031.bmp,1,9,5,16,14,12,12,40,12,40,12
01_06_09_05_0035.bmp,0,9,5,16,14,13,25,40,40,24,13
01_06_09_05_0037.bmp,1,9,5,16,14,25,11,40,40,40,12
01_06_09_05_0038.bmp,0,9,5,16,14,13,25,40,40,13,13
01_06_09_05_0039.bmp,0,9,5,16,14,13,25,40,40,24,13
01_06_09_05_0039.bmp,1,9,5,16,14,12,12,40,12,26,12
01_06_09_05_0040.bmp,1,9,5,16,14,12,12,40,40,40,12
01_06_09_05_0041.bmp,1,9,5,16,14,40,11,20,40,40,12
01_06_09_05_0042.bmp,0,9,5,16,14,40,25,40,40,13,13
01_06_09_05_0043.bmp,1,9,5,16,14,12,12,40,40,1,12
01_06_09_05_0046.bmp,0,9,5,16,14,40,11,40,40,25,12
01_06_09_05_0048.bmp,0,9,5,16,14,25,11,40,40,25,12
01_06_09_05_0050.bmp,0,9,5,16,14,40,11,40,40,40,12
01_06_09_05_0051.bmp,0,9,5,16,14,40,11,40,40,40,12
01_06_09_05_0055.bmp,0,9,5,16,14,13,11,20,40,40,12
01_06_09_05_0056.bmp,0,9,5,16,14,13,11,40,40,40,12
01_06_09_05_0059.bmp,0,9,5,16,14,11,11,40,40,24,18
01_06_09_05_0064.bmp,0,9,5,16,14,11,11,40,40,40,12
01_06_09_05_0066.bmp,0,9,5,16,14,13,11,40,40,40,12
01_06_09_05_0067.bmp,0,9,5,16,14,13,11,40,40,24,18
01_06_09_05_0068.bmp,0,9,5,16,14,13,11,40,40,40,12
01_06_09_05_0070.bmp,0,9,5,16,14,13,25,40,40,13,18
01_06_09_05_0074.bmp,0,9,5,16,14,13,11,40,40,40,18
01_06_09_05_0075.bmp,0,9,5,16,14,13,11,40,40,7,18
01_06_09_05_0076.bmp,0,9,5,16,14,13,11,40,40,13,12
01_06_09_05_0080.bmp,0,9,5,16,14,40,13,40,40,13,18
01_06_09_05_0085.bmp,0,9,5,16,14,40,11,40,40,40,13
01_06_09_05_0088.bmp,0,9,5,16,14,24,25,40,40,24,13
01_06_09_05_0089.bmp,0,9,5,16,14,25,25,40,40,40,25
01_11_09_05_0002.bmp,0,9,5,16,12,25,11,40,25,6,11
01_11_09_05_0003.bmp,0,9,5,16,12,11,11,0,40,38,31
01_11_09_05_0013.bmp,0,9,5,16,12,38,10,0,34,10,31
01_11_09_05_0019.bmp,0,9,5,16,12,25,11,0,40,40,12
01_11_09_05_0020.bmp,0,9,5,16,12,13,11,40,40,40,18
01_11_09_05_0021.bmp,0,9,5,16,12,25,11,20,40,40,11
01_11_09_05_0022.bmp,0,9,5,16,12,12,11,40,40,40,18
01_11_09_05_0024.bmp,0,9,5,16,12,12,11,40,40,28,12
01_11_09_05_0027.bmp,0,9,5,16,12,25,25,40,40,1,11
01_11_09_05_0028.bmp,0,9,5,16,12,40,11,40,40,40,12
01_11_09_05_0031.bmp,0,9,5,16,12,25,11,20,40,0,12
01_11_09_05_0033.bmp,0,9,5,16,12,40,11,20,40,40,12
01_11_09_05_0038.bmp,0,9,5,16,12,40,11,36,40,35,12
01_11_09_05_0039.bmp,0,9,5,16,12,13,11,40,40,40,12
01_11_09_05_0041.bmp,0,9,5,16,12,13,11,36,40,40,12
01_11_09_05_0045.bmp,0,9,5,16,12,13,25,20,13,13,12
01_11_09_05_0047.bmp,0,9,5,16,12,40,11,40,40,40,18
01_11_09_05_0049.bmp,0,9,5,16,12,13,13,28,40,40,1
01_11_09_05_0050.bmp,0,9,5,16,12,40,11,40,40,13,12
01_11_09_05_0052.bmp,0,9,5,16,12,25,11,20,40,40,12
01_11_09_05_0060.bmp,0,9,5,16,12,13,25,13,40,24,13
01_11_09_05_0061.bmp,0,9,5,16,12,40,25,40,40,40,18
01_11_09_05_0062.bmp,0,9,5,16,12,40,11,40,40,40,12
01_11_09_05_0064.bmp,0,9,5,16,12,13,11,28,40,13,12
01_11_09_05_0065.bmp,0,9,5,16,12,40,13,40,40,40,12
01_11_09_05_0069.bmp,0,9,5,16,12,25,13,40,40,24,13
01_11_09_05_0077.bmp,0,9,5,16,12,13,25,24,40,13,13
01_11_09_05_0078.bmp,0,9,5,16,12,13,13,13,13,13,13
01_11_09_05_0080.bmp,0,9,5,16,12,25,25,40,40,24,13
01_12_09_05_0002.bmp,0,9,5,16,17,13,13,40,40,13,18
01_12_09_05_0004.bmp,0,9,5,16,17,35,11,40,35,11,35
01_12_09_05_0005.bmp,0,9,5,16,17,11,11,40,11,7,13
01_12_09_05_0006.bmp,1,9,5,16,17,13,11,12,13,40,31
01_12_09_05_0009.bmp,0,9,5,16,17,13,13,40,13,13,13
01_12_09_05_0009.bmp,1,9,5,16,17,11,11,42,13,35,12
01_12_09_05_0011.bmp,0,9,5,16,17,13,13,40,13,13,18
01_12_09_05_0011.bmp,1,9,5,16,17,13,11,42,18,14,12
01_12_09_05_0012.bmp,0,9,5,16,17,25,13,40,40,20,13
01_12_09_05_0012.bmp,1,9,5,16,17,25,11,25,40,34,31
01_12_09_05_0013.bmp,0,9,5,16,17,11,11,28,28,11,18
01_12_09_05_0015.bmp,0,9,5,16,17,25,7,40,7,40,42
01_12_09_05_0017.bmp,1,9,5,16,17,13,12,12,13,13,12
01_12_09_05_0018.bmp,1,9,5,16,17,13,11,42,13,34,18
01_12_09_05_0021.bmp,1,9,5,16,17,13,11,11,35,40,12
01_12_09_05_0022.bmp,1,9,5,16,17,40,11,40,40,35,31
01_12_09_05_0024.bmp,1,9,5,16,17,18,11,28,13,18,31
01_12_09_05_0025.bmp,1,9,5,16,17,13,11,40,13,40,12
01_12_09_05_0028.bmp,1,9,5,16,17,12,11,42,12,40,12
01_12_09_05_0032.bmp,0,9,5,16,17,40,11,40,40,13,12
01_12_09_05_0032.bmp,1,9,5,16,17,12,11,11,12,35,31
01_12_09_05_0033.bmp,0,9,5,16,17,40,11,40,40,40,18
01_12_09_05_0033.bmp,1,9,5,16,17,12,11,42,13,23,12
01_12_09_05_0034.bmp,0,9,5,16,17,13,11,40,40,13,13
01_12_09_05_0035.bmp,0,9,5,16,17,13,13,40,40,13,18
01_12_09_05_0035.bmp,1,9,5,16,17,11,11,11,35,40,12
01_12_09_05_0036.bmp,1,9,5,16,17,12,11,12,13,40,12
01_12_09_05_0037.bmp,0,9,5,16,17,13,11,40,40,40,13
01_12_09_05_0038.bmp,0,9,5,16,17,13,11,13,13,13,11
01_12_09_05_0040.bmp,0,9,5,16,17,13,25,40,13,24,13
01_12_09_05_0040.bmp,1,9,5,16,17,11,11,42,7,11,31
01_12_09_05_0041.bmp,0,9,5,16,17,13,13,40,40,24,18
01_12_09_05_0043.bmp,0,9,5,16,17,25,25,40,40,40,13
01_12_09_05_0044.bmp,0,9,5,16,17,11,11,42,18,12,31
01_12_09_05_0045.bmp,0,9,5,16,17,25,11,42,18,26,31
01_12_09_05_0051.bmp,0,9,5,16,17,25,11,42,25,18,31
01_12_09_05_0052.bmp,0,9,5,16,17,25,11,25,25,40,38
01_12_09_05_0056.bmp,0,9,5,16,17,25,11,40,25,40,32
01_12_09_05_0060.bmp,0,9,5,16,17,25,11,40,40,23,32
01_12_09_05_0061.bmp,0,9,5,16,17,12,11,40,40,39,12
01_12_09_05_0062.bmp,0,9,5,16,17,25,11,40,13,12,18
01_12_09_05_0068.bmp,0,9,5,16,17,25,11,2,40,40,12
01_12_09_05_0072.bmp,0,9,5,16,17,13,11,40,13,13,18
01_12_09_05_0075.bmp,0,9,5,16,17,25,11,40,40,37,32
01_12_09_05_0077.bmp,0,9,5,16,17,25,11,20,13,23,13
01_12_09_05_0078.bmp,0,9,5,16,17,25,11,20,7,40,7
01_12_09_05_0081.bmp,0,9,5,16,17,25,11,40,25,11,11
01_12_09_05_0082.bmp,0,9,5,16,17,25,11,20,20,20,11
01_12_09_05_0085.bmp,0,9,5,16,17,25,11,40,40,23,11
01_12_09_05_0086.bmp,0,9,5,16,17,25,11,40,25,40,11
01_12_09_05_0088.bmp,0,9,5,16,17,25,11,20,25,7,11
01_12_09_05_0092.bmp,0,9,5,16,17,25,25,20,28,40,11
01_12_09_05_0093.bmp,0,9,5,16,17,25,13,20,25,13,13
01_12_09_05_0097.bmp,0,9,5,16,17,25,11,20,20,7,38
01_12_09_05_0098.bmp,0,9,5,16,17,25,11,40,40,40,32
01_12_09_05_0101.bmp,0,9,5,16,17,25,13,40,25,13,11
01_12_09_05_0105.bmp,0,9,5,16,17,25,11,20,25,40,7
01_12_09_05_0107.bmp,0,9,5,16,17,25,13,20,25,40,11
01_12_09_05_0112.bmp,0,9,5,16,17,25,7,20,25,40,7
01_12_09_05_0113.bmp,0,9,5,16,17,25,7,20,13,40,7
01_13_09_05_0002.bmp,1,9,5,16,13,25,13,40,25,25,13
01_13_09_05_0003.bmp,1,9,5,16,13,13,13,40,13,40,12
01_13_09_05_0005.bmp,1,9,5,16,13,13,11,40,13,13,13
01_13_09_05_0006.bmp,0,9,5,16,13,13,12,40,13,40,12
01_13_09_05_0006.bmp,1,9,5,16,13,13,13,40,13,13,13
01_13_09_05_0007.bmp,1,9,5,16,13,13,13,28,13,13,13
01_13_09_05_0010.bmp,1,9,5,16,13,13,11,40,13,13,18
01_13_09_05_0013.bmp,0,9,5,16,13,12,12,40,35,38,12
01_13_09_05_0014.bmp,1,9,5,16,13,13,11,20,13,13,18
01_13_09_05_0016.bmp,1,9,5,16,13,13,11,40,13,40,13
01_13_09_05_0022.bmp,0,9,5,16,13,13,13,40,13,39,12
01_13_09_05_0024.bmp,0,9,5,16,13,13,12,12,13,40,12
01_13_09_05_0024.bmp,1,9,5,16,13,13,13,40,13,13,13
01_13_09_05_0025.bmp,1,9,5,16,13,13,13,40,13,13,13
01_13_09_05_0026.bmp,0,9,5,16,13,13,16,25,13,13,12
01_13_09_05_0028.bmp,1,9,5,16,13,13,13,13,13,13,13
01_13_09_05_0029.bmp,1,9,5,16,13,13,11,13,13,13,13
01_13_09_05_0030.bmp,0,9,5,16,13,12,13,12,12,13,12
01_13_09_05_0031.bmp,1,9,5,16,13,13,13,40,13,40,13
01_13_09_05_0032.bmp,1,9,5,16,13,13,13,40,13,13,13
01_13_09_05_0034.bmp,0,9,5,16,13,12,12,40,40,40,12
01_13_09_05_0035.bmp,1,9,5,16,13,13,13,13,13,40,13
01_13_09_05_0037.bmp,0,9,5,16,13,13,13,40,13,13,13
01_13_09_05_0037.bmp,1,9,5,16,13,13,13,13,13,13,13
01_13_09_05_0038.bmp,0,9,5,16,13,13,13,40,40,13,12
01_13_09_05_0040.bmp,0,9,5,16,13,13,13,42,13,13,12
01_13_09_05_0043.bmp,1,9,5,16,13,13,13,13,13,13,13
01_13_09_05_0045.bmp,1,9,5,16,13,13,13,40,13,40,13
01_13_09_05_0047.bmp,0,9,5,16,13,12,13,40,40,13,13
01_13_09_05_0047.bmp,1,9,5,16,13,13,13,13,13,13,13
01_13_09_05_0048.bmp,0,9,5,16,13,13,13,40,40,13,12
01_13_09_05_0050.bmp,0,9,5,16,13,13,13,40,40,13,13
01_13_09_05_0052.bmp,0,9,5,16,13,13,13,40,40,35,12
01_13_09_05_0053.bmp,0,9,5,16,13,13,13,40,40,13,13
01_13_09_05_0054.bmp,0,9,5,16,13,13,11,40,40,13,13
01_13_09_05_0056.bmp,1,9,5,16,13,13,13,13,13,13,13
01_13_09_05_0058.bmp,0,9,5,16,13,13,13,40,40,20,12
01_13_09_05_0058.bmp,1,9,5,16,13,13,13,40,13,24,13
01_13_09_05_0059.bmp,0,9,5,16,13,13,13,20,40,40,13
01_13_09_05_0059.bmp,1,9,5,16,13,13,13,13,13,13,13
01_13_09_05_0060.bmp,0,9,5,16,13,13,13,40,40,40,13
01_13_09_05_0061.bmp,0,9,5,16,13,13,13,40,40,13,13
01_13_09_05_0061.bmp,1,9,5,16,13,13,13,40,13,40,13
01_13_09_05_0062.bmp,0,9,5,16,13,13,13,40,40,40,13
01_13_09_05_0062.bmp,1,9,5,16,13,13,13,20,13,40,13
01_13_09_05_0065.bmp,1,9,5,16,13,12,11,25,40,7,12
01_13_09_05_0067.bmp,1,9,5,16,13,13,11,40,40,7,12
01_13_09_05_0068.bmp,0,9,5,16,13,13,13,40,13,40,13
01_13_09_05_0068.bmp,1,9,5,16,13,12,12,40,40,40,12
01_13_09_05_0070.bmp,0,9,5,16,13,13,13,40,40,13,13
01_13_09_05_0071.bmp,0,9,5,16,13,13,11,40,40,1,13
01_13_09_05_0073.bmp,0,9,5,16,13,13,13,40,40,4,13
01_13_09_05_0074.bmp,0,9,5,16,13,13,13,40,13,13,13
01_13_09_05_0075.bmp,0,9,5,16,13,13,13,40,13,40,13
01_13_09_05_0078.bmp,1,9,5,16,13,13,11,11,40,40,12
01_13_09_05_0079.bmp,1,9,5,16,13,13,10,6,40,40,12
01_13_09_05_0080.bmp,1,9,5,16,13,40,12,40,40,40,12
01_13_09_05_0082.bmp,1,9,5,16,13,12,11,40,12,28,12
01_13_09_05_0084.bmp,0,9,5,16,13,13,13,40,13,13,13
01_13_09_05_0084.bmp,1,9,5,16,13,12,11,40,12,40,12
01_13_09_05_0085.bmp,0,9,5,16,13,13,13,40,13,24,13
01_13_09_05_0085.bmp,1,9,5,16,13,25,11,40,25,13,12
01_13_09_05_0086.bmp,1,9,5,16,13,12,11,40,40,40,12
01_13_09_05_0088.bmp,1,9,5,16,13,12,11,40,40,40,12
01_13_09_05_0089.bmp,0,9,5,16,13,13,13,40,13,13,13
01_13_09_05_0090.bmp,0,9,5,16,13,13,13,40,13,13,13
01_13_09_05_0090.bmp,1,9,5,16,13,12,12,6,40,40,12
01_13_09_05_0091.bmp,0,9,5,16,13,13,13,13,13,13,13
01_13_09_05_0091.bmp,1,9,5,16,13,12,11,40,40,7,19
01_13_09_05_0093.bmp,1,9,5,16,13,25,11,40,40,40,12
01_13_09_05_0095.bmp,1,9,5,16,13,12,11,40,40,1,12
01_13_09_05_0096.bmp,1,9,5,16,13,12,12,40,40,40,12
01_13_09_05_0097.bmp,1,9,5,16,13,12,11,40,40,40,12
01_13_09_05_0098.bmp,1,9,5,16,13,12,12,28,40,40,12
01_13_09_05_0100.bmp,0,9,5,16,13,13,11,24,13,13,18
01_13_09_05_0101.bmp,1,9,5,16,13,12,11,40,40,11,12
01_13_09_05_0102.bmp,0,9,5,16,13,13,11,13,13,13,13
01_13_09_05_0104.bmp,1,9,5,16,13,25,11,40,40,40,12
01_13_09_05_0105.bmp,0,9,5,16,13,13,13,25,40,40,13
01_13_09_05_0106.bmp,0,9,5,16,13,13,13,40,40,13,13
01_13_09_05_0107.bmp,0,9,5,16,13,13,13,40,40,40,13
01_13_09_05_0110.bmp,1,9,5,16,13,12,11,40,40,20,12
01_13_09_05_0112.bmp,0,9,5,16,13,13,13,40,40,13,13
01_13_09_05_0113.bmp,1,9,5,16,13,13,11,40,40,40,12
01_13_09_05_0115.bmp,1,9,5,16,13,25,11,40,40,40,18
01_13_09_05_0116.bmp,0,9,5,16,13,40,12,40,40,4,12
01_13_09_05_0117.bmp,0,9,5,16,13,40,12,0,40,40,12
01_13_09_05_0117.bmp,1,9,5,16,13,40,11,20,40,40,12
01_13_09_05_0119.bmp,1,9,5,16,13,40,11,40,40,40,12
01_13_09_05_0120.bmp,0,9,5,16,13,40,11,40,40,39,19
01_13_09_05_0120.bmp,1,9,5,16,13,40,11,40,40,40,12
01_13_09_05_0121.bmp,0,9,5,16,13,40,12,40,40,40,12
01_13_09_05_0121.bmp,1,9,5,16,13,40,11,40,40,40,12
01_13_09_05_0122.bmp,1,9,5,16,13,40,11,40,40,40,12
01_13_09_05_0124.bmp,1,9,5,16,13,13,11,40,40,40,12
01_13_09_05_0128.bmp,0,9,5,16,13,40,25,40,40,40,12
01_13_09_05_0129.bmp,1,9,5,16,13,40,12,40,40,40,12
01_13_09_05_0130.bmp,0,9,5,16,13,40,11,40,40,1,13
01_13_09_05_0130.bmp,1,9,5,16,13,12,11,40,40,13,18
01_13_09_05_0131.bmp,0,9,5,16,13,40,25,40,40,40,12
01_13_09_05_0134.bmp,0,9,5,16,13,40,25,40,40,40,12
01_13_09_05_0135.bmp,1,9,5,16,13,40,11,40,40,40,12
01_13_09_05_0137.bmp,0,9,5,16,13,40,12,40,40,40,12
01_13_09_05_0137.bmp,1,9,5,16,13,13,11,40,40,24,12
01_13_09_05_0138.bmp,0,9,5,16,13,40,25,40,40,40,12
01_13_09_05_0139.bmp,0,9,5,16,13,40,25,40,40,13,13
01_13_09_05_0140.bmp,1,9,5,16,13,40,11,40,40,40,12
01_13_09_05_0142.bmp,1,9,5,16,13,25,11,40,40,40,18
01_13_09_05_0143.bmp,1,9,5,16,13,40,11,40,40,40,12
01_13_09_05_0144.bmp,0,9,5,16,13,40,25,40,40,24,13
01_13_09_05_0145.bmp,0,9,5,16,13,40,13,40,40,40,12
01_13_09_05_0145.bmp,1,9,5,16,13,40,11,40,40,40,18
01_13_09_05_0147.bmp,1,9,5,16,13,40,11,40,40,24,18
01_13_09_05_0152.bmp,1,9,5,16,13,25,1,40,40,40,18
01_13_09_05_0153.bmp,1,9,5,16,13,25,11,40,40,40,12
01_13_09_05_0154.bmp,0,9,5,16,13,40,25,40,40,13,13
01_13_09_05_0154.bmp,1,9,5,16,13,40,11,40,40,40,12
01_13_09_05_0155.bmp,0,9,5,16,13,40,13,40,40,13,13
01_13_09_05_0155.bmp,1,9,5,16,13,40,11,40,40,40,18
01_13_09_05_0156.bmp,1,9,5,16,13,13,11,40,40,40,12
01_13_09_05_0158.bmp,1,9,5,16,13,13,11,40,40,40,18
01_13_09_05_0159.bmp,1,9,5,16,13,40,11,40,40,40,12
01_13_09_05_0160.bmp,1,9,5,16,13,12,11,40,40,13,18
01_13_09_05_0161.bmp,0,9,5,16,13,40,13,40,40,13,13
01_13_09_05_0161.bmp,1,9,5,16,13,40,11,40,40,40,12
01_13_09_05_0164.bmp,0,9,5,16,13,40,13,40,40,13,13
01_13_09_05_0165.bmp,1,9,5,16,13,40,11,40,40,40,12
01_13_09_05_0166.bmp,0,9,5,16,13,40,13,40,40,13,13
01_13_09_05_0167.bmp,0,9,5,16,13,40,13,40,40,40,13
01_13_09_05_0167.bmp,1,9,5,16,13,12,11,40,40,40,12
01_13_09_05_0169.bmp,0,9,5,16,13,40,12,42,40,1,12
01_13_09_05_0173.bmp,1,9,5,16,13,13,11,40,40,40,18
01_13_09_05_0175.bmp,1,9,5,16,13,40,11,40,40,24,18
01_13_09_05_0177.bmp,0,9,5,16,13,13,11,12,35,1,18
01_13_09_05_0177.bmp,1,9,5,16,13,13,11,40,40,13,12
01_13_09_05_0180.bmp,0,9,5,16,13,12,12,11,40,33,12
01_13_09_05_0181.bmp,1,9,5,16,13,12,25,40,40,13,12
01_13_09_05_0186.bmp,1,9,5,16,13,40,11,40,40,24,12
01_13_09_05_0187.bmp,0,9,5,16,13,12,11,12,13,40,12
01_13_09_05_0191.bmp,0,9,5,16,13,40,10,42,40,13,12
01_13_09_05_0192.bmp,1,9,5,16,13,25,12,40,40,40,12
01_13_09_05_0194.bmp,0,9,5,16,13,25,10,42,7,40,12
01_13_09_05_0198.bmp,0,9,5,16,13,13,13,12,13,13,12
01_13_09_05_0198.bmp,1,9,5,16,13,25,11,40,40,40,12
01_13_09_05_0200.bmp,0,9,5,16,13,40,38,40,40,40,12
01_13_09_05_0200.bmp,1,9,5,16,13,12,1,40,40,13,12
01_13_09_05_0203.bmp,1,9,5,16,13,12,12,40,40,40,12
01_13_09_05_0204.bmp,1,9,5,16,13,12,11,40,40,14,12
01_13_09_05_0205.bmp,1,9,5,16,13,40,11,40,40,13,12
01_13_09_05_0206.bmp,0,9,5,16,13,40,12,40,40,40,12
01_13_09_05_0209.bmp,0,9,5,16,13,40,12,40,40,40,12
01_13_09_05_0211.bmp,1,9,5,16,13,40,11,40,40,40,12
01_13_09_05_0212.bmp,0,9,5,16,13,40,13,40,40,40,12
01_13_09_05_0213.bmp,0,9,5,16,13,13,13,40,40,40,12
01_13_09_05_0213.bmp,1,9,5,16,13,40,11,40,40,13,12
01_13_09_05_0215.bmp,1,9,5,16,13,25,11,40,40,13,18
01_13_09_05_0216.bmp,0,9,5,16,13,40,12,40,40,13,12
01_13_09_05_0219.bmp,0,9,5,16,13,40,40,40,40,40,12
01_13_09_05_0219.bmp,1,9,5,16,13,25,11,40,40,40,18
01_13_09_05_0222.bmp,0,9,5,16,13,40,13,40,40,24,13
01_13_09_05_0223.bmp,0,9,5,16,13,40,13,40,40,13,13
01_13_09_05_0223.bmp,1,9,5,16,13,25,11,40,40,40,12
01_13_09_05_0224.bmp,0,9,5,16,13,40,13,40,40,40,13
01_13_09_05_0225.bmp,0,9,5,16,13,40,13,40,40,24,13
01_13_09_05_0227.bmp,0,9,5,16,13,40,13,40,40,40,12
01_13_09_05_0227.bmp,1,9,5,16,13,25,11,40,40,40,12
01_13_09_05_0229.bmp,0,9,5,16,13,13,13,40,40,40,12
01_13_09_05_0231.bmp,1,9,5,16,13,25,11,40,40,40,12
01_13_09_05_0233.bmp,0,9,5,16,13,13,13,40,40,24,13
01_13_09_05_0239.bmp,0,9,5,16,13,13,13,40,40,13,13
01_13_09_05_0239.bmp,1,9,5,16,13,40,11,40,40,40,12
01_13_09_05_0240.bmp,1,9,5,16,13,25,11,40,40,13,12
01_13_09_05_0241.bmp,0,9,5,16,13,13,13,40,40,13,13
01_13_09_05_0244.bmp,0,9,5,16,13,40,13,28,40,40,18
01_13_09_05_0244.bmp,1,9,5,16,13,25,12,40,40,40,12
01_13_09_05_0245.bmp,0,9,5,16,13,25,25,40,40,13,25
01_13_09_05_0248.bmp,0,9,5,16,13,13,13,40,40,13,13
01_13_09_05_0248.bmp,1,9,5,16,13,25,11,40,40,13,18
01_13_09_05_0249.bmp,1,9,5,16,13,13,11,40,40,40,12
01_13_09_05_0250.bmp,1,9,5,16,13,12,11,40,40,24,12
01_13_09_05_0251.bmp,1,9,5,16,13,12,12,40,40,13,12
01_13_09_05_0252.bmp,0,9,5,16,13,13,13,25,40,13,13
01_13_09_05_0253.bmp,0,9,5,16,13,13,13,40,40,13,13
01_13_09_05_0255.bmp,1,9,5,16,13,25,11,40,40,40,18
01_13_09_05_0256.bmp,0,9,5,16,13,13,13,40,40,13,13
01_13_09_05_0257.bmp,0,9,5,16,13,13,13,40,40,13,13
01_13_09_05_0257.bmp,1,9,5,16,13,12,11,40,40,13,18
01_13_09_05_0260.bmp,1,9,5,16,13,13,11,40,40,13,12
01_13_09_05_0261.bmp,0,9,5,16,13,13,13,40,40,13,13
01_13_09_05_0262.bmp,1,9,5,16,13,25,11,40,40,13,12
01_13_09_05_0263.bmp,1,9,5,16,13,25,11,40,40,40,12
01_13_09_05_0266.bmp,1,9,5,16,13,40,12,40,40,40,12
01_13_09_05_0267.bmp,1,9,5,16,13,13,11,40,40,40,12
01_13_09_05_0268.bmp,0,9,5,16,13,13,13,40,40,40,13
01_13_09_05_0268.bmp,1,9,5,16,13,13,11,40,40,40,18
01_13_09_05_0269.bmp,0,9,5,16,13,40,13,40,40,40,13
01_13_09_05_0272.bmp,0,9,5,16,13,40,11,40,40,40,12
01_13_09_05_0276.bmp,0,9,5,16,13,40,11,40,40,40,12
01_13_09_05_0277.bmp,0,9,5,16,13,13,11,40,40,40,12
01_13_09_05_0279.bmp,0,9,5,16,13,13,1,40,40,13,12
01_13_09_05_0281.bmp,0,9,5,16,13,11,11,40,40,40,12
01_13_09_05_0285.bmp,0,9,5,16,13,40,11,40,40,40,12
01_13_09_05_0286.bmp,0,9,5,16,13,25,11,40,40,13,18
01_13_09_05_0287.bmp,0,9,5,16,13,25,25,40,40,13,12
01_13_09_05_0291.bmp,0,9,5,16,13,12,12,40,40,40,18
01_13_09_05_0293.bmp,0,9,5,16,13,12,11,40,40,24,12
01_13_09_05_0294.bmp,0,9,5,16,13,25,11,40,40,13,12
01_13_09_05_0295.bmp,0,9,5,16,13,40,11,40,40,40,18
01_13_09_05_0296.bmp,0,9,5,16,13,13,11,40,40,40,12
01_13_09_05_0297.bmp,0,9,5,16,13,25,11,40,40,40,12
01_13_09_05_0302.bmp,0,9,5,16,13,25,11,20,40,24,18
01_13_09_05_0304.bmp,0,9,5,16,13,25,11,40,40,13,12
01_13_09_05_0305.bmp,0,9,5,16,13,40,11,40,40,13,12
01_13_09_05_0306.bmp,0,9,5,16,13,40,11,40,40,40,12
01_13_09_05_0310.bmp,0,9,5,16,13,13,11,40,40,13,18
01_13_09_05_0311.bmp,0,9,5,16,13,13,11,40,40,40,12
01_13_09_05_0312.bmp,0,9,5,16,13,40,11,40,40,13,12
01_13_09_05_0313.bmp,0,9,5,16,13,40,11,40,40,40,12
01_13_09_05_0317.bmp,0,9,5,16,13,13,11,40,40,40,18
01_13_09_05_0322.bmp,0,9,5,16,13,13,11,40,40,7,12
01_13_09_05_0326.bmp,0,9,5,16,13,40,25,40,40,40,18
01_13_09_05_0328.bmp,0,9,5,16,13,25,11,40,40,24,12
01_13_09_05_0330.bmp,0,9,5,16,13,40,11,40,40,40,12
01_13_09_05_0337.bmp,0,9,5,16,13,25,25,40,40,24,25
01_13_09_05_0338.bmp,0,9,5,16,13,25,11,40,40,40,18
01_13_09_05_0339.bmp,0,9,5,16,13,25,11,40,40,40,12
01_13_09_05_0343.bmp,0,9,5,16,13,25,11,40,40,40,18
01_13_09_05_0349.bmp,0,9,5,16,13,25,25,40,40,13,25
01_13_09_05_0351.bmp,0,9,5,16,13,13,13,40,40,40,13
01_13_09_05_0353.bmp,0,9,5,16,13,13,25,40,40,13,13
01_13_09_05_0355.bmp,0,9,5,16,13,13,11,40,40,13,12
01_13_09_05_0358.bmp,0,9,5,16,13,13,25,20,40,13,13
01_13_09_05_0362.bmp,0,9,5,16,13,13,13,13,13,13,13
01_13_09_05_0364.bmp,0,9,5,16,13,13,13,40,40,13,13
01_13_09_05_0367.bmp,0,9,5,16,13,13,13,40,40,40,13
01_13_09_05_0368.bmp,0,9,5,16,13,13,13,40,40,13,13
01_13_09_05_0371.bmp,0,9,5,16,13,13,13,24,13,13,13
01_13_09_05_0373.bmp,0,9,5,16,13,13,13,40,13,13,13
01_13_09_05_0376.bmp,0,9,5,16,13,25,25,20,40,7,13
01_13_09_05_0386.bmp,0,9,5,16,13,35,12,42,35,34,18
01_13_09_05_0388.bmp,0,9,5,16,13,25,11,42,34,40,12
01_13_09_05_0391.bmp,0,9,5,16,13,12,12,1,40,23,12
01_13_09_05_0393.bmp,0,9,5,16,13,12,12,12,12,40,12
01_13_09_05_0394.bmp,0,9,5,16,13,12,12,42,12,34,12
01_13_09_05_0409.bmp,0,9,5,16,13,12,12,25,40,40,12
01_13_09_05_0410.bmp,0,9,5,16,13,12,12,42,40,40,12
01_13_09_05_0412.bmp,0,9,5,16,13,12,12,42,40,38,12
01_13_09_05_0415.bmp,0,9,5,16,13,12,12,42,40,12,12
01_13_09_05_0422.bmp,0,9,5,16,13,13,12,11,13,13,12
01_13_09_05_0425.bmp,0,9,5,16,13,12,12,25,12,25,12
01_13_09_05_0426.bmp,0,9,5,16,13,13,12,42,40,40,12
01_13_09_05_0427.bmp,0,9,5,16,13,13,10,42,13,13,18
01_13_09_05_0431.bmp,0,9,5,16,13,13,13,40,40,40,12
01_13_09_05_0434.bmp,0,9,5,16,13,13,13,40,13,13,12
01_13_09_05_0441.bmp,0,9,5,16,13,13,12,40,40,40,12
01_13_09_05_0442.bmp,0,9,5,16,13,13,13,40,40,13,12
01_13_09_05_0446.bmp,0,9,5,16,13,13,13,40,13,13,12
01_13_09_05_0449.bmp,0,9,5,16,13,25,13,40,40,13,12
01_13_09_05_0452.bmp,0,9,5,16,13,40,12,40,40,40,12
01_13_09_05_0454.bmp,0,9,5,16,13,40,13,40,40,40,12
01_13_09_05_0455.bmp,0,9,5,16,13,13,13,40,40,40,13
01_13_09_05_0458.bmp,0,9,5,16,13,40,12,40,40,40,12
01_13_09_05_0462.bmp,0,9,5,16,13,12,11,40,40,13,12
01_13_09_05_0463.bmp,0,9,5,16,13,13,13,40,40,13,13
01_13_09_05_0465.bmp,0,9,5,16,13,13,13,40,40,40,13
01_13_09_05_0469.bmp,0,9,5,16,13,13,13,40,40,13,13
01_13_09_05_0470.bmp,0,9,5,16,13,13,13,40,40,24,12
01_13_09_05_0473.bmp,0,9,5,16,13,40,25,40,40,40,18
01_13_09_05_0474.bmp,0,9,5,16,13,40,13,40,40,40,12
01_13_09_05_0476.bmp,0,9,5,16,13,40,13,40,40,13,12
01_13_09_05_0477.bmp,0,9,5,16,13,12,13,40,40,24,12
01_13_09_05_0478.bmp,0,9,5,16,13,40,11,40,40,40,12
01_13_09_05_0481.bmp,0,9,5,16,13,40,13,40,40,40,13
01_13_09_05_0483.bmp,0,9,5,16,13,13,13,40,40,13,13
01_13_09_05_0486.bmp,0,9,5,16,13,13,13,40,40,13,13
01_13_09_05_0487.bmp,0,9,5,16,13,40,13,40,40,24,12
01_13_09_05_0492.bmp,0,9,5,16,13,40,13,40,40,40,13
01_13_09_05_0498.bmp,0,9,5,16,13,40,13,40,40,40,13
01_13_09_05_0505.bmp,0,9,5,16,13,13,13,40,40,40,13
01_13_09_05_0507.bmp,0,9,5,16,13,40,13,40,40,13,13
01_13_09_05_0509.bmp,0,9,5,16,13,13,25,40,40,13,13
01_13_09_05_0516.bmp,0,9,5,16,13,12,13,1,40,23,12
01_13_09_05_0517.bmp,0,9,5,16,13,12,12,25,25,13,12
01_13_09_05_0518.bmp,0,9,5,16,13,12,12,42,12,12,12
01_13_09_05_0522.bmp,0,9,5,16,13,13,10,25,13,39,12
01_13_09_05_0523.bmp,0,9,5,16,13,40,11,40,40,40,12
01_13_09_05_0524.bmp,0,9,5,16,13,12,11,40,40,40,12
01_13_09_05_0525.bmp,0,9,5,16,13,12,12,40,40,40,12
01_13_09_05_0527.bmp,0,9,5,16,13,12,12,40,40,40,12
01_13_09_05_0528.bmp,0,9,5,16,13,25,12,40,25,34,12
01_13_09_05_0529.bmp,0,9,5,16,13,12,12,40,40,7,12
01_13_09_05_0531.bmp,0,9,5,16,13,40,11,40,40,40,12
01_13_09_05_0532.bmp,0,9,5,16,13,12,12,6,13,34,12
01_13_09_05_0535.bmp,0,9,5,16,13,12,11,40,40,23,12
01_13_09_05_0537.bmp,0,9,5,16,13,12,12,40,40,40,18
01_13_09_05_0539.bmp,0,9,5,16,13,40,12,40,40,40,12
01_13_09_05_0540.bmp,0,9,5,16,13,12,12,25,12,12,12
01_13_09_05_0542.bmp,0,9,5,16,13,12,10,12,4,1,12
01_13_09_05_0544.bmp,0,9,5,16,13,25,11,42,40,40,12
01_13_09_05_0551.bmp,0,9,5,16,13,25,12,40,40,40,12
01_13_09_05_0552.bmp,0,9,5,16,13,12,12,6,25,7,12
01_13_09_05_0553.bmp,0,9,5,16,13,40,12,40,40,40,12
01_13_09_05_0556.bmp,0,9,5,16,13,13,11,25,13,13,12
01_13_09_05_0559.bmp,0,9,5,16,13,13,11,40,40,40,12
01_13_09_05_0561.bmp,0,9,5,16,13,40,11,40,40,24,12
01_13_09_05_0562.bmp,0,9,5,16,13,40,38,1,40,40,12
01_13_09_05_0563.bmp,0,9,5,16,13,12,12,40,40,40,12
01_13_09_05_0569.bmp,0,9,5,16,13,40,11,40,40,40,12
01_13_09_05_0571.bmp,0,9,5,16,13,40,12,40,40,24,12
01_13_09_05_0572.bmp,0,9,5,16,13,25,12,40,40,40,12
01_13_09_05_0574.bmp,0,9,5,16,13,12,11,6,40,25,12
01_13_09_05_0580.bmp,0,9,5,16,13,25,11,0,40,40,12
01_13_09_05_0583.bmp,0,9,5,16,13,25,11,40,40,14,12
01_13_09_05_0584.bmp,0,9,5,16,13,40,13,40,40,40,12
01_13_09_05_0585.bmp,0,9,5,16,13,12,11,40,40,40,12
01_13_09_05_0587.bmp,0,9,5,16,13,13,25,40,40,2,12
01_13_09_05_0589.bmp,0,9,5,16,13,13,13,40,40,40,12
01_13_09_05_0590.bmp,0,9,5,16,13,38,38,40,38,40,12
01_13_09_05_0592.bmp,0,9,5,16,13,13,11,40,40,24,12
01_13_09_05_0593.bmp,0,9,5,16,13,25,12,40,40,40,12
01_13_09_05_0594.bmp,0,9,5,16,13,40,12,40,40,40,12
01_13_09_05_0597.bmp,0,9,5,16,13,13,11,40,40,24,12
01_13_09_05_0600.bmp,0,9,5,16,13,13,25,40,40,24,18
01_13_09_05_0601.bmp,0,9,5,16,13,40,11,40,40,24,12
01_13_09_05_0604.bmp,0,9,5,16,13,40,25,40,40,40,12
01_13_09_05_0608.bmp,0,9,5,16,13,40,12,40,40,24,12
01_13_09_05_0613.bmp,0,9,5,16,13,40,11,40,40,13,12
01_13_09_05_0616.bmp,0,9,5,16,13,13,11,40,40,13,12
01_13_09_05_0617.bmp,0,9,5,16,13,13,11,40,40,13,12
01_13_09_05_0618.bmp,0,9,5,16,13,25,25,40,40,40,12
01_13_09_05_0626.bmp,0,9,5,16,13,40,25,40,40,40,12
