filename,occ,ch,sev,sigma,true,pred_passthrough,pred_gamma,pred_clahe,pred_stretch,pred_dcp,pred_adair
01_03_02_03_0001.bmp,0,2,3,0,9,31,31,1,31,15,-1
01_03_02_03_0002.bmp,0,2,3,0,9,31,31,16,31,12,-1
01_03_02_03_0003.bmp,0,2,3,0,9,31,31,16,31,36,-1
01_03_02_03_0011.bmp,0,2,3,0,9,31,31,32,31,15,-1
01_03_02_03_0012.bmp,0,2,3,0,9,31,31,16,31,13,-1
01_03_02_03_0015.bmp,0,2,3,0,9,31,31,13,31,13,-1
01_03_02_03_0018.bmp,0,2,3,0,9,31,31,18,31,15,-1
01_03_02_03_0021.bmp,0,2,3,0,9,31,31,13,12,15,-1
01_03_02_03_0022.bmp,0,2,3,0,9,31,31,16,12,13,-1
01_03_02_03_0024.bmp,0,2,3,0,9,12,31,16,12,17,-1
01_03_02_03_0026.bmp,0,2,3,0,9,12,31,16,12,17,-1
01_03_02_03_0029.bmp,0,2,3,0,9,12,31,41,13,15,-1
01_03_02_03_0030.bmp,0,2,3,0,9,12,31,13,13,15,-1
01_03_02_03_0031.bmp,0,2,3,0,9,13,31,41,13,17,-1
01_03_02_03_0037.bmp,0,2,3,0,9,13,31,41,15,15,-1
01_03_02_03_0039.bmp,0,2,3,0,9,13,15,41,15,15,-1
01_03_02_03_0044.bmp,0,2,3,0,9,13,15,41,8,15,-1
01_03_02_03_0046.bmp,0,2,3,0,9,13,13,16,15,15,-1
01_03_02_03_0048.bmp,0,2,3,0,9,32,15,41,32,15,-1
01_03_02_03_0049.bmp,0,2,3,0,9,32,13,13,32,13,-1
01_03_02_03_0052.bmp,0,2,3,0,9,13,13,13,15,15,-1
01_03_02_03_0054.bmp,0,2,3,0,9,15,15,16,15,15,-1
01_03_02_03_0058.bmp,0,2,3,0,9,15,15,41,15,15,-1
01_03_02_03_0061.bmp,0,2,3,0,9,15,15,15,15,15,-1
01_03_02_03_0062.bmp,0,2,3,0,9,15,15,16,15,15,-1
01_03_02_03_0067.bmp,0,2,3,0,9,15,15,15,15,15,-1
01_03_02_03_0070.bmp,0,2,3,0,9,15,15,15,15,15,-1
01_03_02_03_0078.bmp,0,2,3,0,9,15,15,15,15,15,-1
01_03_02_03_0079.bmp,0,2,3,0,9,15,15,15,15,15,-1
01_03_02_03_0081.bmp,0,2,3,0,9,15,15,15,15,15,-1
01_03_02_03_0083.bmp,0,2,3,0,9,15,15,15,15,15,-1
01_03_02_03_0084.bmp,0,2,3,0,9,15,15,15,15,15,-1
01_06_02_03_0001.bmp,1,2,3,0,14,36,36,9,13,14,-1
01_06_02_03_0002.bmp,0,2,3,0,14,17,36,13,17,1,-1
01_06_02_03_0002.bmp,1,2,3,0,14,36,36,13,13,6,-1
01_06_02_03_0004.bmp,0,2,3,0,14,17,36,25,14,14,-1
01_06_02_03_0005.bmp,1,2,3,0,14,36,36,13,12,29,-1
01_06_02_03_0007.bmp,0,2,3,0,14,15,25,14,14,14,-1
01_06_02_03_0007.bmp,1,2,3,0,14,36,36,18,14,14,-1
01_06_02_03_0008.bmp,1,2,3,0,14,36,36,25,0,14,-1
01_06_02_03_0010.bmp,0,2,3,0,14,17,13,14,14,14,-1
01_06_02_03_0013.bmp,1,2,3,0,14,0,36,0,0,14,-1
01_06_02_03_0014.bmp,0,2,3,0,14,14,13,14,14,14,-1
01_06_02_03_0016.bmp,1,2,3,0,14,0,36,0,0,14,-1
01_06_02_03_0020.bmp,0,2,3,0,14,14,13,14,14,14,-1
01_06_02_03_0021.bmp,0,2,3,0,14,14,13,14,14,14,-1
01_06_02_03_0022.bmp,0,2,3,0,14,14,13,14,14,14,-1
01_06_02_03_0022.bmp,1,2,3,0,14,36,0,17,17,15,-1
01_06_02_03_0023.bmp,0,2,3,0,14,14,13,14,14,14,-1
01_06_02_03_0023.bmp,1,2,3,0,14,15,12,18,17,13,-1
01_06_02_03_0024.bmp,0,2,3,0,14,14,13,14,14,14,-1
01_06_02_03_0024.bmp,1,2,3,0,14,15,36,25,15,13,-1
01_06_02_03_0025.bmp,0,2,3,0,14,14,13,14,14,14,-1
01_06_02_03_0025.bmp,1,2,3,0,14,36,36,1,15,13,-1
01_06_02_03_0026.bmp,0,2,3,0,14,14,13,14,14,14,-1
01_06_02_03_0026.bmp,1,2,3,0,14,15,36,19,15,13,-1
01_06_02_03_0027.bmp,1,2,3,0,14,15,36,13,15,13,-1
01_06_02_03_0028.bmp,1,2,3,0,14,15,36,18,15,15,-1
01_06_02_03_0029.bmp,1,2,3,0,14,15,36,12,15,15,-1
01_06_02_03_0030.bmp,0,2,3,0,14,14,17,14,14,14,-1
01_06_02_03_0031.bmp,1,2,3,0,14,12,31,12,12,13,-1
01_06_02_03_0032.bmp,0,2,3,0,14,14,17,14,14,14,-1
01_06_02_03_0032.bmp,1,2,3,0,14,31,31,12,13,13,-1
01_06_02_03_0033.bmp,1,2,3,0,14,31,31,42,31,13,-1
01_06_02_03_0034.bmp,0,2,3,0,14,14,14,14,14,17,-1
01_06_02_03_0034.bmp,1,2,3,0,14,31,31,12,13,13,-1
01_06_02_03_0036.bmp,1,2,3,0,14,31,31,10,13,13,-1
01_06_02_03_0037.bmp,0,2,3,0,14,14,14,14,14,17,-1
01_06_02_03_0037.bmp,1,2,3,0,14,12,31,13,15,15,-1
01_06_02_03_0044.bmp,0,2,3,0,14,17,17,17,17,17,-1
01_06_02_03_0045.bmp,0,2,3,0,14,15,36,12,15,15,-1
01_06_02_03_0051.bmp,0,2,3,0,14,15,12,1,14,14,-1
01_06_02_03_0052.bmp,0,2,3,0,14,36,36,22,14,14,-1
01_06_02_03_0056.bmp,0,2,3,0,14,15,13,15,14,14,-1
01_06_02_03_0057.bmp,0,2,3,0,14,13,13,14,17,14,-1
01_06_02_03_0058.bmp,0,2,3,0,14,13,13,14,14,14,-1
01_06_02_03_0059.bmp,0,2,3,0,14,15,13,15,14,14,-1
01_06_02_03_0064.bmp,0,2,3,0,14,15,15,1,14,14,-1
01_06_02_03_0067.bmp,0,2,3,0,14,15,13,41,14,17,-1
01_06_02_03_0069.bmp,0,2,3,0,14,15,15,14,14,14,-1
01_06_02_03_0070.bmp,0,2,3,0,14,15,15,14,14,17,-1
01_06_02_03_0075.bmp,0,2,3,0,14,15,15,14,14,17,-1
01_06_02_03_0085.bmp,0,2,3,0,14,17,17,17,17,17,-1
01_06_02_03_0086.bmp,0,2,3,0,14,3,16,16,16,17,-1
01_11_02_03_0001.bmp,0,2,3,0,12,36,36,1,36,36,-1
01_11_02_03_0002.bmp,0,2,3,0,12,36,36,1,36,36,-1
01_11_02_03_0003.bmp,0,2,3,0,12,36,36,1,31,31,-1
01_11_02_03_0005.bmp,0,2,3,0,12,36,36,1,36,31,-1
01_11_02_03_0006.bmp,0,2,3,0,12,36,31,1,31,15,-1
01_11_02_03_0013.bmp,0,2,3,0,12,36,36,1,36,36,-1
01_11_02_03_0014.bmp,0,2,3,0,12,36,36,13,36,36,-1
01_11_02_03_0015.bmp,0,2,3,0,12,31,31,0,31,36,-1
01_11_02_03_0016.bmp,0,2,3,0,12,36,36,1,36,36,-1
01_11_02_03_0019.bmp,0,2,3,0,12,31,31,1,31,31,-1
01_11_02_03_0020.bmp,0,2,3,0,12,31,31,1,31,31,-1
01_11_02_03_0021.bmp,0,2,3,0,12,36,36,13,31,36,-1
01_11_02_03_0024.bmp,0,2,3,0,12,36,36,1,31,15,-1
01_11_02_03_0026.bmp,0,2,3,0,12,36,36,25,31,36,-1
01_11_02_03_0027.bmp,0,2,3,0,12,36,36,1,36,36,-1
01_11_02_03_0028.bmp,0,2,3,0,12,31,31,1,31,31,-1
01_11_02_03_0031.bmp,0,2,3,0,12,36,31,13,31,36,-1
01_11_02_03_0033.bmp,0,2,3,0,12,31,31,13,31,36,-1
01_11_02_03_0035.bmp,0,2,3,0,12,31,31,1,15,15,-1
01_11_02_03_0036.bmp,0,2,3,0,12,31,31,1,15,15,-1
01_11_02_03_0042.bmp,0,2,3,0,12,36,31,11,15,15,-1
01_11_02_03_0046.bmp,0,2,3,0,12,15,31,1,15,15,-1
01_11_02_03_0056.bmp,0,2,3,0,12,15,31,1,15,15,-1
01_11_02_03_0061.bmp,0,2,3,0,12,15,15,15,15,15,-1
01_11_02_03_0064.bmp,0,2,3,0,12,15,15,1,15,15,-1
01_11_02_03_0065.bmp,0,2,3,0,12,15,15,16,15,15,-1
01_11_02_03_0066.bmp,0,2,3,0,12,15,15,15,15,15,-1
01_11_02_03_0067.bmp,0,2,3,0,12,15,15,15,15,15,-1
01_11_02_03_0072.bmp,0,2,3,0,12,15,15,32,15,15,-1
01_11_02_03_0075.bmp,0,2,3,0,12,15,15,32,15,15,-1
01_12_02_03_0003.bmp,0,2,3,0,17,15,15,13,15,0,-1
01_12_02_03_0004.bmp,0,2,3,0,17,15,36,13,0,13,-1
01_12_02_03_0004.bmp,1,2,3,0,17,31,32,0,29,13,-1
01_12_02_03_0005.bmp,0,2,3,0,17,36,36,1,17,36,-1
01_12_02_03_0005.bmp,1,2,3,0,17,31,32,11,5,13,-1
01_12_02_03_0006.bmp,1,2,3,0,17,31,32,0,5,13,-1
01_12_02_03_0009.bmp,1,2,3,0,17,31,31,1,29,13,-1
01_12_02_03_0013.bmp,0,2,3,0,17,15,36,1,15,15,-1
01_12_02_03_0014.bmp,0,2,3,0,17,15,15,1,15,15,-1
01_12_02_03_0017.bmp,1,2,3,0,17,15,31,0,5,14,-1
01_12_02_03_0020.bmp,0,2,3,0,17,15,15,1,15,15,-1
01_12_02_03_0020.bmp,1,2,3,0,17,31,36,0,5,14,-1
01_12_02_03_0022.bmp,0,2,3,0,17,15,15,13,15,15,-1
01_12_02_03_0023.bmp,1,2,3,0,17,31,31,0,5,14,-1
01_12_02_03_0027.bmp,0,2,3,0,17,15,15,1,15,15,-1
01_12_02_03_0028.bmp,0,2,3,0,17,2,13,2,2,2,-1
01_12_02_03_0029.bmp,0,2,3,0,17,13,13,2,14,26,-1
01_12_02_03_0030.bmp,0,2,3,0,17,26,13,26,8,26,-1
01_12_02_03_0032.bmp,1,2,3,0,17,12,31,0,5,14,-1
01_12_02_03_0033.bmp,1,2,3,0,17,12,31,13,5,14,-1
01_12_02_03_0034.bmp,1,2,3,0,17,12,36,0,5,14,-1
01_12_02_03_0035.bmp,1,2,3,0,17,12,31,1,5,14,-1
01_12_02_03_0036.bmp,0,2,3,0,17,17,17,17,17,17,-1
01_12_02_03_0036.bmp,1,2,3,0,17,12,31,0,5,14,-1
01_12_02_03_0037.bmp,1,2,3,0,17,12,31,0,5,14,-1
01_12_02_03_0041.bmp,0,2,3,0,17,17,17,17,17,17,-1
01_12_02_03_0042.bmp,0,2,3,0,17,17,17,17,17,17,-1
01_12_02_03_0042.bmp,1,2,3,0,17,36,31,0,5,14,-1
01_12_02_03_0047.bmp,0,2,3,0,17,36,36,0,12,13,-1
01_12_02_03_0048.bmp,0,2,3,0,17,12,36,0,5,14,-1
01_12_02_03_0049.bmp,0,2,3,0,17,12,36,0,5,13,-1
01_12_02_03_0054.bmp,0,2,3,0,17,12,36,0,5,13,-1
01_12_02_03_0055.bmp,0,2,3,0,17,12,36,0,5,13,-1
01_12_02_03_0056.bmp,0,2,3,0,17,36,36,0,0,18,-1
01_12_02_03_0066.bmp,0,2,3,0,17,36,36,0,0,18,-1
01_12_02_03_0068.bmp,0,2,3,0,17,36,36,0,0,0,-1
01_12_02_03_0079.bmp,0,2,3,0,17,36,36,0,0,14,-1
01_12_02_03_0080.bmp,0,2,3,0,17,0,36,0,0,14,-1
01_12_02_03_0081.bmp,0,2,3,0,17,0,0,0,0,17,-1
01_12_02_03_0087.bmp,0,2,3,0,17,15,17,0,0,14,-1
01_12_02_03_0089.bmp,0,2,3,0,17,0,36,0,0,14,-1
01_12_02_03_0090.bmp,0,2,3,0,17,36,36,15,0,14,-1
01_12_02_03_0091.bmp,0,2,3,0,17,36,36,13,0,14,-1
01_12_02_03_0095.bmp,0,2,3,0,17,36,36,15,0,14,-1
01_12_02_03_0096.bmp,0,2,3,0,17,17,17,17,0,14,-1
01_12_02_03_0104.bmp,0,2,3,0,17,15,15,17,17,15,-1
01_12_02_03_0108.bmp,0,2,3,0,17,15,15,14,17,17,-1
01_12_02_03_0113.bmp,0,2,3,0,17,17,15,17,17,17,-1
01_13_02_03_0001.bmp,0,2,3,0,13,12,12,11,12,35,-1
01_13_02_03_0003.bmp,0,2,3,0,13,31,31,11,12,32,-1
01_13_02_03_0004.bmp,0,2,3,0,13,12,31,11,12,12,-1
01_13_02_03_0006.bmp,0,2,3,0,13,12,12,11,12,25,-1
01_13_02_03_0007.bmp,1,2,3,0,13,13,11,0,13,13,-1
01_13_02_03_0008.bmp,1,2,3,0,13,13,13,13,13,13,-1
01_13_02_03_0009.bmp,0,2,3,0,13,12,31,11,12,32,-1
01_13_02_03_0009.bmp,1,2,3,0,13,13,13,13,13,13,-1
01_13_02_03_0010.bmp,0,2,3,0,13,31,31,12,12,12,-1
01_13_02_03_0010.bmp,1,2,3,0,13,13,13,0,13,13,-1
01_13_02_03_0011.bmp,0,2,3,0,13,12,31,12,12,12,-1
01_13_02_03_0012.bmp,0,2,3,0,13,12,12,11,12,18,-1
01_13_02_03_0014.bmp,0,2,3,0,13,12,31,16,12,38,-1
01_13_02_03_0014.bmp,1,2,3,0,13,13,13,13,13,13,-1
01_13_02_03_0017.bmp,0,2,3,0,13,12,12,12,12,32,-1
01_13_02_03_0018.bmp,1,2,3,0,13,13,13,13,13,13,-1
01_13_02_03_0019.bmp,0,2,3,0,13,12,31,11,12,32,-1
01_13_02_03_0020.bmp,0,2,3,0,13,12,12,11,12,32,-1
01_13_02_03_0023.bmp,0,2,3,0,13,12,31,11,12,32,-1
01_13_02_03_0025.bmp,0,2,3,0,13,12,12,11,12,32,-1
01_13_02_03_0027.bmp,0,2,3,0,13,12,31,11,12,32,-1
01_13_02_03_0027.bmp,1,2,3,0,13,13,13,13,13,13,-1
01_13_02_03_0028.bmp,0,2,3,0,13,12,12,12,12,32,-1
01_13_02_03_0029.bmp,0,2,3,0,13,12,12,11,12,32,-1
01_13_02_03_0029.bmp,1,2,3,0,13,13,13,13,13,13,-1
01_13_02_03_0031.bmp,1,2,3,0,13,13,13,13,13,13,-1
01_13_02_03_0032.bmp,1,2,3,0,13,13,13,13,13,13,-1
01_13_02_03_0037.bmp,1,2,3,0,13,13,13,13,13,13,-1
01_13_02_03_0040.bmp,1,2,3,0,13,13,13,13,13,13,-1
01_13_02_03_0042.bmp,0,2,3,0,13,12,12,13,12,32,-1
01_13_02_03_0043.bmp,1,2,3,0,13,13,13,13,13,13,-1
01_13_02_03_0044.bmp,1,2,3,0,13,13,13,13,13,13,-1
01_13_02_03_0045.bmp,1,2,3,0,13,13,13,13,13,13,-1
01_13_02_03_0046.bmp,0,2,3,0,13,12,12,11,12,32,-1
01_13_02_03_0046.bmp,1,2,3,0,13,13,13,13,13,13,-1
01_13_02_03_0047.bmp,0,2,3,0,13,12,12,11,12,32,-1
01_13_02_03_0047.bmp,1,2,3,0,13,13,13,13,13,13,-1
01_13_02_03_0048.bmp,0,2,3,0,13,12,12,11,12,32,-1
01_13_02_03_0049.bmp,0,2,3,0,13,12,12,11,12,32,-1
01_13_02_03_0050.bmp,1,2,3,0,13,13,13,13,13,13,-1
01_13_02_03_0051.bmp,0,2,3,0,13,12,12,32,12,32,-1
01_13_02_03_0051.bmp,1,2,3,0,13,13,13,13,13,13,-1
01_13_02_03_0054.bmp,0,2,3,0,13,12,12,11,12,32,-1
01_13_02_03_0056.bmp,0,2,3,0,13,12,12,11,12,32,-1
01_13_02_03_0059.bmp,0,2,3,0,13,13,12,11,13,32,-1
01_13_02_03_0061.bmp,1,2,3,0,13,13,13,13,13,13,-1
01_13_02_03_0063.bmp,0,2,3,0,13,13,12,12,13,32,-1
01_13_02_03_0064.bmp,0,2,3,0,13,13,12,13,13,32,-1
01_13_02_03_0065.bmp,0,2,3,0,13,13,12,13,13,32,-1
01_13_02_03_0065.bmp,1,2,3,0,13,31,31,11,19,13,-1
01_13_02_03_0066.bmp,1,2,3,0,13,31,31,11,19,36,-1
01_13_02_03_0068.bmp,0,2,3,0,13,13,13,13,13,32,-1
01_13_02_03_0069.bmp,0,2,3,0,13,13,13,13,13,32,-1
01_13_02_03_0070.bmp,0,2,3,0,13,13,13,13,13,13,-1
01_13_02_03_0070.bmp,1,2,3,0,13,31,31,11,19,36,-1
01_13_02_03_0071.bmp,1,2,3,0,13,31,31,0,19,36,-1
01_13_02_03_0072.bmp,0,2,3,0,13,13,12,13,13,13,-1
01_13_02_03_0073.bmp,0,2,3,0,13,13,12,13,13,13,-1
01_13_02_03_0073.bmp,1,2,3,0,13,31,31,11,27,31,-1
01_13_02_03_0074.bmp,0,2,3,0,13,13,13,13,13,13,-1
01_13_02_03_0076.bmp,1,2,3,0,13,31,31,0,19,13,-1
01_13_02_03_0077.bmp,1,2,3,0,13,27,31,11,39,31,-1
01_13_02_03_0078.bmp,1,2,3,0,13,31,31,0,19,36,-1
01_13_02_03_0079.bmp,1,2,3,0,13,31,31,11,19,31,-1
01_13_02_03_0080.bmp,0,2,3,0,13,13,13,13,13,13,-1
01_13_02_03_0081.bmp,1,2,3,0,13,31,31,0,19,36,-1
01_13_02_03_0085.bmp,0,2,3,0,13,13,13,13,13,13,-1
01_13_02_03_0085.bmp,1,2,3,0,13,31,31,7,19,31,-1
01_13_02_03_0086.bmp,0,2,3,0,13,13,13,13,13,13,-1
01_13_02_03_0087.bmp,0,2,3,0,13,13,13,13,13,13,-1
01_13_02_03_0088.bmp,0,2,3,0,13,13,13,13,13,13,-1
01_13_02_03_0088.bmp,1,2,3,0,13,31,31,0,19,31,-1
01_13_02_03_0090.bmp,1,2,3,0,13,31,31,7,12,31,-1
01_13_02_03_0092.bmp,0,2,3,0,13,13,13,13,13,13,-1
01_13_02_03_0092.bmp,1,2,3,0,13,31,31,7,27,31,-1
01_13_02_03_0096.bmp,0,2,3,0,13,13,13,13,13,13,-1
01_13_02_03_0096.bmp,1,2,3,0,13,31,31,0,19,31,-1
01_13_02_03_0098.bmp,0,2,3,0,13,13,13,13,13,13,-1
01_13_02_03_0100.bmp,0,2,3,0,13,13,13,13,13,13,-1
01_13_02_03_0100.bmp,1,2,3,0,13,31,31,32,12,31,-1
01_13_02_03_0101.bmp,0,2,3,0,13,13,13,13,13,13,-1
01_13_02_03_0103.bmp,1,2,3,0,13,31,31,32,12,31,-1
01_13_02_03_0104.bmp,1,2,3,0,13,31,31,0,12,13,-1
01_13_02_03_0105.bmp,1,2,3,0,13,31,31,32,12,17,-1
01_13_02_03_0108.bmp,0,2,3,0,13,13,13,13,13,13,-1
01_13_02_03_0109.bmp,1,2,3,0,13,12,31,12,12,17,-1
01_13_02_03_0111.bmp,0,2,3,0,13,13,13,13,13,13,-1
01_13_02_03_0113.bmp,0,2,3,0,13,13,13,13,13,13,-1
01_13_02_03_0113.bmp,1,2,3,0,13,32,32,11,32,32,-1
01_13_02_03_0114.bmp,1,2,3,0,13,12,31,11,12,13,-1
01_13_02_03_0115.bmp,1,2,3,0,13,12,31,12,12,15,-1
01_13_02_03_0116.bmp,1,2,3,0,13,31,31,0,12,15,-1
01_13_02_03_0118.bmp,0,2,3,0,13,12,31,32,12,12,-1
01_13_02_03_0118.bmp,1,2,3,0,13,12,31,0,12,15,-1
01_13_02_03_0119.bmp,1,2,3,0,13,12,31,0,12,15,-1
01_13_02_03_0121.bmp,0,2,3,0,13,12,31,1,12,12,-1
01_13_02_03_0123.bmp,0,2,3,0,13,12,31,32,12,12,-1
01_13_02_03_0125.bmp,0,2,3,0,13,12,31,13,12,12,-1
01_13_02_03_0128.bmp,0,2,3,0,13,12,32,13,12,32,-1
01_13_02_03_0130.bmp,0,2,3,0,13,32,32,32,4,32,-1
01_13_02_03_0130.bmp,1,2,3,0,13,12,31,13,12,15,-1
01_13_02_03_0131.bmp,0,2,3,0,13,32,32,32,18,32,-1
01_13_02_03_0132.bmp,0,2,3,0,13,32,32,32,32,32,-1
01_13_02_03_0134.bmp,0,2,3,0,13,32,32,32,4,32,-1
01_13_02_03_0140.bmp,1,2,3,0,13,13,31,12,12,13,-1
01_13_02_03_0141.bmp,0,2,3,0,13,12,13,13,4,32,-1
01_13_02_03_0141.bmp,1,2,3,0,13,13,31,13,12,13,-1
01_13_02_03_0142.bmp,1,2,3,0,13,13,31,13,13,13,-1
01_13_02_03_0143.bmp,1,2,3,0,13,13,31,13,12,13,-1
01_13_02_03_0144.bmp,0,2,3,0,13,32,13,13,8,13,-1
01_13_02_03_0144.bmp,1,2,3,0,13,13,31,13,12,13,-1
01_13_02_03_0148.bmp,0,2,3,0,13,32,13,13,38,13,-1
01_13_02_03_0150.bmp,1,2,3,0,13,13,31,12,12,13,-1
01_13_02_03_0151.bmp,0,2,3,0,13,13,13,13,32,15,-1
01_13_02_03_0152.bmp,0,2,3,0,13,13,13,13,8,15,-1
01_13_02_03_0153.bmp,1,2,3,0,13,13,31,13,12,13,-1
01_13_02_03_0155.bmp,0,2,3,0,13,13,13,13,32,15,-1
01_13_02_03_0155.bmp,1,2,3,0,13,13,31,13,13,13,-1
01_13_02_03_0156.bmp,0,2,3,0,13,13,13,13,13,15,-1
01_13_02_03_0158.bmp,0,2,3,0,13,13,13,13,13,15,-1
01_13_02_03_0159.bmp,0,2,3,0,13,13,13,13,13,15,-1
01_13_02_03_0160.bmp,1,2,3,0,13,13,31,13,13,13,-1
01_13_02_03_0161.bmp,0,2,3,0,13,13,13,13,13,13,-1
01_13_02_03_0163.bmp,1,2,3,0,13,12,31,12,12,13,-1
01_13_02_03_0164.bmp,1,2,3,0,13,12,31,12,12,13,-1
01_13_02_03_0168.bmp,1,2,3,0,13,12,31,12,12,13,-1
01_13_02_03_0169.bmp,0,2,3,0,13,31,31,11,19,36,-1
01_13_02_03_0170.bmp,1,2,3,0,13,13,31,13,13,13,-1
01_13_02_03_0172.bmp,1,2,3,0,13,13,31,12,12,13,-1
01_13_02_03_0173.bmp,1,2,3,0,13,32,13,13,32,13,-1
01_13_02_03_0174.bmp,1,2,3,0,13,13,31,13,13,15,-1
01_13_02_03_0176.bmp,1,2,3,0,13,13,31,13,12,13,-1
01_13_02_03_0177.bmp,1,2,3,0,13,13,31,13,12,13,-1
01_13_02_03_0178.bmp,0,2,3,0,13,31,31,32,19,31,-1
01_13_02_03_0179.bmp,1,2,3,0,13,13,31,13,13,13,-1
01_13_02_03_0181.bmp,0,2,3,0,13,19,31,1,19,31,-1
01_13_02_03_0181.bmp,1,2,3,0,13,13,31,12,13,13,-1
01_13_02_03_0182.bmp,0,2,3,0,13,19,31,1,19,13,-1
01_13_02_03_0184.bmp,0,2,3,0,13,19,31,1,19,0,-1
01_13_02_03_0184.bmp,1,2,3,0,13,13,31,13,13,13,-1
01_13_02_03_0185.bmp,1,2,3,0,13,13,31,13,13,13,-1
01_13_02_03_0186.bmp,0,2,3,0,13,19,31,32,19,13,-1
01_13_02_03_0187.bmp,0,2,3,0,13,31,31,1,19,13,-1
01_13_02_03_0188.bmp,0,2,3,0,13,19,31,32,19,12,-1
01_13_02_03_0189.bmp,0,2,3,0,13,19,31,1,19,12,-1
01_13_02_03_0190.bmp,0,2,3,0,13,19,31,32,13,12,-1
01_13_02_03_0192.bmp,0,2,3,0,13,19,31,32,19,13,-1
01_13_02_03_0193.bmp,1,2,3,0,13,13,31,12,13,13,-1
01_13_02_03_0194.bmp,0,2,3,0,13,19,31,32,12,12,-1
01_13_02_03_0196.bmp,0,2,3,0,13,19,31,1,32,13,-1
01_13_02_03_0196.bmp,1,2,3,0,13,13,31,13,13,13,-1
01_13_02_03_0197.bmp,0,2,3,0,13,19,31,1,12,12,-1
01_13_02_03_0199.bmp,0,2,3,0,13,19,31,13,12,32,-1
01_13_02_03_0199.bmp,1,2,3,0,13,13,31,12,13,13,-1
01_13_02_03_0200.bmp,1,2,3,0,13,13,31,13,13,13,-1
01_13_02_03_0201.bmp,1,2,3,0,13,13,31,13,13,13,-1
01_13_02_03_0204.bmp,0,2,3,0,13,12,31,1,12,13,-1
01_13_02_03_0204.bmp,1,2,3,0,13,13,31,13,13,13,-1
01_13_02_03_0205.bmp,0,2,3,0,13,12,31,13,12,12,-1
01_13_02_03_0205.bmp,1,2,3,0,13,13,31,13,13,13,-1
01_13_02_03_0206.bmp,1,2,3,0,13,13,31,12,13,13,-1
01_13_02_03_0207.bmp,1,2,3,0,13,13,31,13,13,13,-1
01_13_02_03_0208.bmp,0,2,3,0,13,12,31,13,12,12,-1
01_13_02_03_0209.bmp,1,2,3,0,13,13,31,13,13,13,-1
01_13_02_03_0210.bmp,0,2,3,0,13,12,31,13,12,12,-1
01_13_02_03_0210.bmp,1,2,3,0,13,13,31,13,12,13,-1
01_13_02_03_0211.bmp,0,2,3,0,13,12,31,13,13,12,-1
01_13_02_03_0212.bmp,0,2,3,0,13,12,12,13,12,12,-1
01_13_02_03_0212.bmp,1,2,3,0,13,13,31,13,13,13,-1
01_13_02_03_0213.bmp,0,2,3,0,13,12,12,13,12,12,-1
01_13_02_03_0214.bmp,0,2,3,0,13,12,12,16,13,13,-1
01_13_02_03_0214.bmp,1,2,3,0,13,13,31,12,13,13,-1
01_13_02_03_0217.bmp,1,2,3,0,13,13,31,12,13,13,-1
01_13_02_03_0218.bmp,0,2,3,0,13,32,31,13,32,15,-1
01_13_02_03_0218.bmp,1,2,3,0,13,13,31,13,13,13,-1
01_13_02_03_0220.bmp,0,2,3,0,13,32,31,13,32,15,-1
01_13_02_03_0221.bmp,1,2,3,0,13,13,31,13,13,13,-1
01_13_02_03_0222.bmp,0,2,3,0,13,32,31,13,32,15,-1
01_13_02_03_0222.bmp,1,2,3,0,13,13,31,13,13,13,-1
01_13_02_03_0223.bmp,1,2,3,0,13,13,31,12,13,13,-1
01_13_02_03_0225.bmp,1,2,3,0,13,13,31,12,13,13,-1
01_13_02_03_0227.bmp,0,2,3,0,13,15,13,13,15,15,-1
01_13_02_03_0230.bmp,1,2,3,0,13,13,31,13,13,13,-1
01_13_02_03_0231.bmp,0,2,3,0,13,15,13,13,15,15,-1
01_13_02_03_0232.bmp,1,2,3,0,13,13,31,12,13,13,-1
01_13_02_03_0235.bmp,0,2,3,0,13,15,13,13,15,15,-1
01_13_02_03_0236.bmp,0,2,3,0,13,15,13,13,15,15,-1
01_13_02_03_0237.bmp,0,2,3,0,13,13,13,13,15,15,-1
01_13_02_03_0238.bmp,0,2,3,0,13,15,13,13,15,15,-1
01_13_02_03_0238.bmp,1,2,3,0,13,13,31,12,13,13,-1
01_13_02_03_0239.bmp,0,2,3,0,13,13,13,13,15,15,-1
01_13_02_03_0240.bmp,0,2,3,0,13,13,13,30,15,7,-1
01_13_02_03_0241.bmp,0,2,3,0,13,13,13,13,15,7,-1
01_13_02_03_0242.bmp,0,2,3,0,13,15,13,13,15,7,-1
01_13_02_03_0242.bmp,1,2,3,0,13,13,31,13,13,13,-1
01_13_02_03_0243.bmp,0,2,3,0,13,15,13,13,15,7,-1
01_13_02_03_0246.bmp,0,2,3,0,13,13,13,13,13,15,-1
01_13_02_03_0248.bmp,1,2,3,0,13,13,31,12,13,13,-1
01_13_02_03_0249.bmp,0,2,3,0,13,13,13,13,13,13,-1
01_13_02_03_0249.bmp,1,2,3,0,13,13,31,12,13,13,-1
01_13_02_03_0252.bmp,0,2,3,0,13,13,13,13,13,13,-1
01_13_02_03_0254.bmp,1,2,3,0,13,13,31,12,13,13,-1
01_13_02_03_0256.bmp,0,2,3,0,13,13,13,13,13,13,-1
01_13_02_03_0257.bmp,0,2,3,0,13,13,13,13,13,13,-1
01_13_02_03_0258.bmp,1,2,3,0,13,13,31,12,13,13,-1
01_13_02_03_0260.bmp,1,2,3,0,13,13,31,12,13,13,-1
01_13_02_03_0262.bmp,1,2,3,0,13,13,31,12,13,13,-1
01_13_02_03_0267.bmp,0,2,3,0,13,13,13,13,13,13,-1
01_13_02_03_0267.bmp,1,2,3,0,13,13,31,12,13,13,-1
01_13_02_03_0268.bmp,1,2,3,0,13,13,31,13,13,13,-1
01_13_02_03_0269.bmp,0,2,3,0,13,13,13,13,13,7,-1
01_13_02_03_0275.bmp,0,2,3,0,13,13,31,13,13,13,-1
01_13_02_03_0277.bmp,0,2,3,0,13,13,31,12,13,13,-1
01_13_02_03_0279.bmp,0,2,3,0,13,13,31,13,13,13,-1
01_13_02_03_0281.bmp,0,2,3,0,13,13,31,12,13,13,-1
01_13_02_03_0285.bmp,0,2,3,0,13,13,31,13,13,13,-1
01_13_02_03_0286.bmp,0,2,3,0,13,13,31,13,13,13,-1
01_13_02_03_0287.bmp,0,2,3,0,13,13,31,13,13,13,-1
01_13_02_03_0290.bmp,0,2,3,0,13,13,31,13,13,13,-1
01_13_02_03_0291.bmp,0,2,3,0,13,13,31,12,13,13,-1
01_13_02_03_0299.bmp,0,2,3,0,13,12,31,13,12,13,-1
01_13_02_03_0302.bmp,0,2,3,0,13,13,31,12,12,13,-1
01_13_02_03_0305.bmp,0,2,3,0,13,13,31,12,13,13,-1
01_13_02_03_0306.bmp,0,2,3,0,13,13,31,12,13,13,-1
01_13_02_03_0308.bmp,0,2,3,0,13,13,31,12,12,13,-1
01_13_02_03_0320.bmp,0,2,3,0,13,13,31,13,13,13,-1
01_13_02_03_0325.bmp,0,2,3,0,13,13,13,13,13,13,-1
01_13_02_03_0328.bmp,0,2,3,0,13,13,13,13,13,13,-1
01_13_02_03_0329.bmp,0,2,3,0,13,13,13,13,13,13,-1
01_13_02_03_0332.bmp,0,2,3,0,13,13,13,13,13,13,-1
01_13_02_03_0339.bmp,0,2,3,0,13,13,13,13,13,13,-1
01_13_02_03_0340.bmp,0,2,3,0,13,13,13,13,13,13,-1
01_13_02_03_0343.bmp,0,2,3,0,13,13,13,13,13,13,-1
01_13_02_03_0347.bmp,0,2,3,0,13,13,13,13,13,13,-1
01_13_02_03_0350.bmp,0,2,3,0,13,13,13,13,13,7,-1
01_13_02_03_0352.bmp,0,2,3,0,13,13,13,13,13,7,-1
01_13_02_03_0353.bmp,0,2,3,0,13,13,13,13,13,7,-1
01_13_02_03_0354.bmp,0,2,3,0,13,13,13,13,13,7,-1
01_13_02_03_0355.bmp,0,2,3,0,13,13,13,13,13,7,-1
01_13_02_03_0357.bmp,0,2,3,0,13,32,31,13,15,15,-1
01_13_02_03_0358.bmp,0,2,3,0,13,32,31,13,15,15,-1
01_13_02_03_0360.bmp,0,2,3,0,13,15,15,13,15,15,-1
01_13_02_03_0363.bmp,0,2,3,0,13,15,15,13,15,15,-1
01_13_02_03_0367.bmp,0,2,3,0,13,15,15,13,15,15,-1
01_13_02_03_0372.bmp,0,2,3,0,13,15,15,13,15,15,-1
01_13_02_03_0373.bmp,0,2,3,0,13,15,13,13,15,15,-1
01_13_02_03_0376.bmp,0,2,3,0,13,15,13,13,15,15,-1
01_13_02_03_0379.bmp,0,2,3,0,13,15,13,13,15,15,-1
01_13_02_03_0381.bmp,0,2,3,0,13,13,13,13,13,13,-1
01_13_02_03_0384.bmp,0,2,3,0,13,15,15,15,15,15,-1
01_13_02_03_0387.bmp,0,2,3,0,13,19,31,11,11,13,-1
01_13_02_03_0388.bmp,0,2,3,0,13,19,31,11,19,13,-1
01_13_02_03_0390.bmp,0,2,3,0,13,19,31,32,19,13,-1
01_13_02_03_0391.bmp,0,2,3,0,13,12,31,16,19,13,-1
01_13_02_03_0395.bmp,0,2,3,0,13,19,31,32,19,13,-1
01_13_02_03_0396.bmp,0,2,3,0,13,12,31,32,19,13,-1
01_13_02_03_0402.bmp,0,2,3,0,13,19,31,32,40,12,-1
01_13_02_03_0407.bmp,0,2,3,0,13,12,31,32,19,13,-1
01_13_02_03_0409.bmp,0,2,3,0,13,12,31,32,19,12,-1
01_13_02_03_0414.bmp,0,2,3,0,13,19,31,32,19,13,-1
01_13_02_03_0423.bmp,0,2,3,0,13,31,31,13,31,36,-1
01_13_02_03_0424.bmp,0,2,3,0,13,31,31,1,31,36,-1
01_13_02_03_0426.bmp,0,2,3,0,13,31,31,13,31,31,-1
01_13_02_03_0427.bmp,0,2,3,0,13,31,31,13,31,31,-1
01_13_02_03_0428.bmp,0,2,3,0,13,31,31,13,31,36,-1
01_13_02_03_0434.bmp,0,2,3,0,13,32,31,1,12,32,-1
01_13_02_03_0437.bmp,0,2,3,0,13,31,31,1,31,18,-1
01_13_02_03_0438.bmp,0,2,3,0,13,32,31,11,12,13,-1
01_13_02_03_0443.bmp,0,2,3,0,13,32,31,13,32,32,-1
01_13_02_03_0445.bmp,0,2,3,0,13,32,31,13,32,12,-1
01_13_02_03_0446.bmp,0,2,3,0,13,32,31,13,32,12,-1
01_13_02_03_0447.bmp,0,2,3,0,13,32,31,11,32,12,-1
01_13_02_03_0449.bmp,0,2,3,0,13,32,31,32,32,12,-1
01_13_02_03_0451.bmp,0,2,3,0,13,31,31,13,32,32,-1
01_13_02_03_0455.bmp,0,2,3,0,13,12,31,13,32,13,-1
01_13_02_03_0460.bmp,0,2,3,0,13,12,31,13,13,15,-1
01_13_02_03_0463.bmp,0,2,3,0,13,13,31,13,13,13,-1
01_13_02_03_0464.bmp,0,2,3,0,13,13,31,13,13,13,-1
01_13_02_03_0467.bmp,0,2,3,0,13,13,13,13,13,13,-1
01_13_02_03_0471.bmp,0,2,3,0,13,15,13,13,15,15,-1
01_13_02_03_0474.bmp,0,2,3,0,13,15,15,13,15,15,-1
01_13_02_03_0477.bmp,0,2,3,0,13,13,13,13,15,15,-1
01_13_02_03_0478.bmp,0,2,3,0,13,13,13,13,15,15,-1
01_13_02_03_0480.bmp,0,2,3,0,13,15,13,13,15,15,-1
01_13_02_03_0488.bmp,0,2,3,0,13,13,13,13,15,15,-1
01_13_02_03_0491.bmp,0,2,3,0,13,13,13,13,13,13,-1
01_13_02_03_0493.bmp,0,2,3,0,13,13,13,13,13,13,-1
01_13_02_03_0495.bmp,0,2,3,0,13,13,13,13,13,15,-1
01_13_02_03_0502.bmp,0,2,3,0,13,13,13,13,13,13,-1
01_13_02_03_0503.bmp,0,2,3,0,13,13,13,13,13,13,-1
01_13_02_03_0505.bmp,0,2,3,0,13,13,13,13,13,13,-1
01_13_02_03_0508.bmp,0,2,3,0,13,13,13,13,13,13,-1
01_13_02_03_0509.bmp,0,2,3,0,13,13,13,13,13,13,-1
01_13_02_03_0513.bmp,0,2,3,0,13,13,13,13,13,13,-1
01_13_02_03_0514.bmp,0,2,3,0,13,13,13,13,13,13,-1
01_13_02_03_0515.bmp,0,2,3,0,13,8,13,14,14,14,-1
01_13_02_03_0517.bmp,0,2,3,0,13,12,31,32,19,12,-1
01_13_02_03_0521.bmp,0,2,3,0,13,31,31,7,19,12,-1
01_13_02_03_0523.bmp,0,2,3,0,13,32,31,13,32,13,-1
01_13_02_03_0525.bmp,0,2,3,0,13,12,31,13,32,19,-1
01_13_02_03_0526.bmp,0,2,3,0,13,19,31,32,19,19,-1
01_13_02_03_0532.bmp,0,2,3,0,13,32,31,32,19,32,-1
01_13_02_03_0534.bmp,0,2,3,0,13,32,31,42,32,32,-1
01_13_02_03_0535.bmp,0,2,3,0,13,12,31,7,12,15,-1
01_13_02_03_0536.bmp,0,2,3,0,13,32,31,32,19,32,-1
01_13_02_03_0538.bmp,0,2,3,0,13,32,31,16,19,32,-1
01_13_02_03_0539.bmp,0,2,3,0,13,12,31,11,12,15,-1
01_13_02_03_0540.bmp,0,2,3,0,13,32,31,1,19,32,-1
01_13_02_03_0547.bmp,0,2,3,0,13,12,31,32,12,15,-1
01_13_02_03_0550.bmp,0,2,3,0,13,19,31,1,19,32,-1
01_13_02_03_0551.bmp,0,2,3,0,13,12,31,13,12,15,-1
01_13_02_03_0554.bmp,0,2,3,0,13,31,31,42,19,19,-1
01_13_02_03_0555.bmp,0,2,3,0,13,12,31,7,12,12,-1
01_13_02_03_0560.bmp,0,2,3,0,13,31,31,32,19,32,-1
01_13_02_03_0561.bmp,0,2,3,0,13,12,31,13,12,15,-1
01_13_02_03_0562.bmp,0,2,3,0,13,31,31,25,31,36,-1
01_13_02_03_0563.bmp,0,2,3,0,13,12,31,13,12,12,-1
01_13_02_03_0569.bmp,0,2,3,0,13,12,31,13,12,15,-1
01_13_02_03_0574.bmp,0,2,3,0,13,19,31,12,19,32,-1
01_13_02_03_0575.bmp,0,2,3,0,13,13,31,13,13,15,-1
01_13_02_03_0576.bmp,0,2,3,0,13,19,31,4,13,13,-1
01_13_02_03_0577.bmp,0,2,3,0,13,12,31,13,13,15,-1
01_13_02_03_0579.bmp,0,2,3,0,13,12,31,7,16,15,-1
01_13_02_03_0581.bmp,0,2,3,0,13,13,31,13,32,15,-1
01_13_02_03_0583.bmp,0,2,3,0,13,13,31,13,32,15,-1
01_13_02_03_0584.bmp,0,2,3,0,13,12,31,7,13,12,-1
01_13_02_03_0588.bmp,0,2,3,0,13,12,31,7,12,12,-1
01_13_02_03_0589.bmp,0,2,3,0,13,13,31,13,15,15,-1
01_13_02_03_0591.bmp,0,2,3,0,13,13,31,13,15,15,-1
01_13_02_03_0600.bmp,0,2,3,0,13,13,13,13,32,15,-1
01_13_02_03_0605.bmp,0,2,3,0,13,13,13,13,13,15,-1
01_13_02_03_0610.bmp,0,2,3,0,13,13,13,13,13,15,-1
01_13_02_03_0613.bmp,0,2,3,0,13,13,13,13,13,13,-1
01_13_02_03_0615.bmp,0,2,3,0,13,13,13,13,13,13,-1
01_13_02_03_0621.bmp,0,2,3,0,13,13,13,13,13,13,-1
01_13_02_03_0622.bmp,0,2,3,0,13,13,13,13,13,13,-1
01_13_02_03_0624.bmp,0,2,3,0,13,13,13,13,13,7,-1
01_13_02_03_0626.bmp,0,2,3,0,13,13,13,13,15,7,-1
01_03_02_04_0002.bmp,0,2,4,0,9,31,31,16,31,13,-1
01_03_02_04_0004.bmp,0,2,4,0,9,31,31,41,31,12,-1
01_03_02_04_0009.bmp,0,2,4,0,9,31,31,16,31,13,-1
01_03_02_04_0010.bmp,0,2,4,0,9,31,31,16,32,15,-1
01_03_02_04_0018.bmp,0,2,4,0,9,31,31,16,31,12,-1
01_03_02_04_0025.bmp,0,2,4,0,9,31,31,16,31,19,-1
01_03_02_04_0028.bmp,0,2,4,0,9,31,31,16,12,19,-1
01_03_02_04_0029.bmp,0,2,4,0,9,31,31,13,12,17,-1
01_03_02_04_0030.bmp,0,2,4,0,9,31,31,13,12,15,-1
01_03_02_04_0038.bmp,0,2,4,0,9,32,31,16,19,15,-1
01_03_02_04_0042.bmp,0,2,4,0,9,32,31,12,32,13,-1
01_03_02_04_0044.bmp,0,2,4,0,9,32,31,13,32,13,-1
01_03_02_04_0046.bmp,0,2,4,0,9,32,31,16,32,13,-1
01_03_02_04_0048.bmp,0,2,4,0,9,32,31,16,32,13,-1
01_03_02_04_0049.bmp,0,2,4,0,9,32,31,32,32,15,-1
01_03_02_04_0055.bmp,0,2,4,0,9,32,13,13,19,13,-1
01_03_02_04_0059.bmp,0,2,4,0,9,15,36,13,15,17,-1
01_03_02_04_0060.bmp,0,2,4,0,9,15,36,13,15,15,-1
01_03_02_04_0065.bmp,0,2,4,0,9,15,15,15,15,15,-1
01_03_02_04_0066.bmp,0,2,4,0,9,15,15,15,15,15,-1
01_03_02_04_0068.bmp,0,2,4,0,9,15,15,15,15,15,-1
01_03_02_04_0069.bmp,0,2,4,0,9,15,15,15,15,15,-1
01_03_02_04_0071.bmp,0,2,4,0,9,15,15,15,15,15,-1
01_03_02_04_0073.bmp,0,2,4,0,9,15,15,15,15,15,-1
01_03_02_04_0074.bmp,0,2,4,0,9,15,15,15,15,15,-1
01_03_02_04_0076.bmp,0,2,4,0,9,15,15,15,15,15,-1
01_03_02_04_0077.bmp,0,2,4,0,9,15,15,15,15,15,-1
01_03_02_04_0078.bmp,0,2,4,0,9,15,15,15,15,15,-1
01_03_02_04_0079.bmp,0,2,4,0,9,15,15,15,15,15,-1
01_03_02_04_0080.bmp,0,2,4,0,9,15,15,15,15,15,-1
01_03_02_04_0081.bmp,0,2,4,0,9,15,15,15,15,15,-1
01_03_02_04_0084.bmp,0,2,4,0,9,15,15,15,15,15,-1
01_06_02_04_0002.bmp,1,2,4,0,14,36,36,1,5,6,-1
01_06_02_04_0003.bmp,0,2,4,0,14,36,36,19,17,14,-1
01_06_02_04_0004.bmp,1,2,4,0,14,36,36,0,12,6,-1
01_06_02_04_0005.bmp,1,2,4,0,14,36,36,9,12,6,-1
01_06_02_04_0006.bmp,0,2,4,0,14,15,15,15,15,14,-1
01_06_02_04_0006.bmp,1,2,4,0,14,36,36,25,36,6,-1
01_06_02_04_0008.bmp,0,2,4,0,14,36,36,17,17,14,-1
01_06_02_04_0008.bmp,1,2,4,0,14,36,36,0,0,6,-1
01_06_02_04_0011.bmp,0,2,4,0,14,17,25,14,14,14,-1
01_06_02_04_0012.bmp,1,2,4,0,14,36,36,0,0,13,-1
01_06_02_04_0014.bmp,1,2,4,0,14,36,36,0,0,18,-1
01_06_02_04_0015.bmp,0,2,4,0,14,15,25,14,14,14,-1
01_06_02_04_0016.bmp,1,2,4,0,14,0,36,0,0,5,-1
01_06_02_04_0017.bmp,1,2,4,0,14,36,36,0,0,0,-1
01_06_02_04_0018.bmp,0,2,4,0,14,17,25,14,14,14,-1
01_06_02_04_0018.bmp,1,2,4,0,14,0,36,0,0,18,-1
01_06_02_04_0020.bmp,0,2,4,0,14,15,15,14,14,14,-1
01_06_02_04_0022.bmp,1,2,4,0,14,36,36,18,0,15,-1
01_06_02_04_0023.bmp,0,2,4,0,14,14,15,14,14,14,-1
01_06_02_04_0023.bmp,1,2,4,0,14,31,12,18,15,13,-1
01_06_02_04_0024.bmp,0,2,4,0,14,15,15,14,14,14,-1
01_06_02_04_0024.bmp,1,2,4,0,14,36,36,18,15,13,-1
01_06_02_04_0025.bmp,0,2,4,0,14,14,13,14,14,14,-1
01_06_02_04_0027.bmp,0,2,4,0,14,14,13,14,14,14,-1
01_06_02_04_0028.bmp,1,2,4,0,14,12,36,18,12,14,-1
01_06_02_04_0031.bmp,0,2,4,0,14,14,13,14,14,17,-1
01_06_02_04_0032.bmp,0,2,4,0,14,14,13,14,14,14,-1
01_06_02_04_0037.bmp,0,2,4,0,14,14,13,14,14,14,-1
01_06_02_04_0038.bmp,0,2,4,0,14,14,13,14,14,14,-1
01_06_02_04_0040.bmp,0,2,4,0,14,14,17,14,14,17,-1
01_06_02_04_0042.bmp,1,2,4,0,14,13,31,12,13,13,-1
01_06_02_04_0044.bmp,1,2,4,0,14,31,31,12,13,15,-1
01_06_02_04_0047.bmp,0,2,4,0,14,15,36,13,15,15,-1
01_06_02_04_0050.bmp,0,2,4,0,14,13,12,12,15,15,-1
01_06_02_04_0055.bmp,0,2,4,0,14,13,12,12,14,15,-1
01_06_02_04_0058.bmp,0,2,4,0,14,13,13,14,14,13,-1
01_06_02_04_0060.bmp,0,2,4,0,14,13,13,13,14,14,-1
01_06_02_04_0062.bmp,0,2,4,0,14,15,36,9,14,29,-1
01_06_02_04_0063.bmp,0,2,4,0,14,15,36,15,14,14,-1
01_06_02_04_0064.bmp,0,2,4,0,14,15,36,9,17,14,-1
01_06_02_04_0065.bmp,0,2,4,0,14,15,36,9,17,14,-1
01_06_02_04_0066.bmp,0,2,4,0,14,15,13,15,17,14,-1
01_06_02_04_0068.bmp,0,2,4,0,14,15,15,15,14,14,-1
01_06_02_04_0070.bmp,0,2,4,0,14,15,15,15,14,14,-1
01_06_02_04_0071.bmp,0,2,4,0,14,15,15,15,14,14,-1
01_06_02_04_0081.bmp,0,2,4,0,14,15,15,14,17,17,-1
01_06_02_04_0086.bmp,0,2,4,0,14,3,31,7,16,16,-1
01_06_02_04_0087.bmp,0,2,4,0,14,8,17,14,17,8,-1
01_11_02_04_0002.bmp,0,2,4,0,12,36,36,1,36,36,-1
01_11_02_04_0004.bmp,0,2,4,0,12,36,36,1,31,13,-1
01_11_02_04_0006.bmp,0,2,4,0,12,31,31,16,31,36,-1
01_11_02_04_0007.bmp,0,2,4,0,12,31,31,9,31,15,-1
01_11_02_04_0008.bmp,0,2,4,0,12,31,31,1,31,36,-1
01_11_02_04_0009.bmp,0,2,4,0,12,31,31,1,31,15,-1
01_11_02_04_0010.bmp,0,2,4,0,12,31,31,0,31,17,-1
01_11_02_04_0012.bmp,0,2,4,0,12,36,36,0,36,36,-1
01_11_02_04_0015.bmp,0,2,4,0,12,31,31,0,31,36,-1
01_11_02_04_0020.bmp,0,2,4,0,12,31,31,13,31,36,-1
01_11_02_04_0021.bmp,0,2,4,0,12,31,31,0,31,36,-1
01_11_02_04_0025.bmp,0,2,4,0,12,36,36,1,31,15,-1
01_11_02_04_0027.bmp,0,2,4,0,12,36,36,1,31,17,-1
01_11_02_04_0028.bmp,0,2,4,0,12,31,31,12,31,12,-1
01_11_02_04_0030.bmp,0,2,4,0,12,36,31,1,36,36,-1
01_11_02_04_0031.bmp,0,2,4,0,12,36,36,1,36,36,-1
01_11_02_04_0032.bmp,0,2,4,0,12,36,36,1,36,36,-1
01_11_02_04_0033.bmp,0,2,4,0,12,31,31,11,31,36,-1
01_11_02_04_0035.bmp,0,2,4,0,12,31,31,1,15,15,-1
01_11_02_04_0036.bmp,0,2,4,0,12,31,31,13,15,15,-1
01_11_02_04_0039.bmp,0,2,4,0,12,31,31,18,15,15,-1
01_11_02_04_0040.bmp,0,2,4,0,12,36,36,26,15,36,-1
01_11_02_04_0049.bmp,0,2,4,0,12,15,31,1,15,15,-1
01_11_02_04_0054.bmp,0,2,4,0,12,15,31,1,15,15,-1
01_11_02_04_0061.bmp,0,2,4,0,12,15,31,1,15,15,-1
01_11_02_04_0062.bmp,0,2,4,0,12,15,15,1,15,15,-1
01_11_02_04_0065.bmp,0,2,4,0,12,15,31,1,15,15,-1
01_11_02_04_0068.bmp,0,2,4,0,12,15,15,15,15,15,-1
01_11_02_04_0070.bmp,0,2,4,0,12,15,15,15,15,15,-1
01_11_02_04_0073.bmp,0,2,4,0,12,15,15,15,15,15,-1
01_11_02_04_0074.bmp,0,2,4,0,12,15,15,15,15,15,-1
01_11_02_04_0076.bmp,0,2,4,0,12,15,15,32,15,32,-1
01_11_02_04_0077.bmp,0,2,4,0,12,15,15,32,15,17,-1
01_12_02_04_0002.bmp,1,2,4,0,17,31,32,1,5,19,-1
01_12_02_04_0004.bmp,0,2,4,0,17,36,36,1,13,1,-1
01_12_02_04_0006.bmp,0,2,4,0,17,36,36,1,13,36,-1
01_12_02_04_0007.bmp,0,2,4,0,17,36,36,1,13,15,-1
01_12_02_04_0008.bmp,1,2,4,0,17,31,32,0,24,17,-1
01_12_02_04_0009.bmp,0,2,4,0,17,15,36,0,15,15,-1
01_12_02_04_0010.bmp,1,2,4,0,17,31,31,0,5,17,-1
01_12_02_04_0011.bmp,1,2,4,0,17,31,31,0,24,17,-1
01_12_02_04_0012.bmp,1,2,4,0,17,31,31,0,24,17,-1
01_12_02_04_0013.bmp,0,2,4,0,17,15,36,1,15,15,-1
01_12_02_04_0013.bmp,1,2,4,0,17,31,31,0,24,17,-1
01_12_02_04_0014.bmp,0,2,4,0,17,15,36,1,15,15,-1
01_12_02_04_0015.bmp,1,2,4,0,17,31,31,0,24,17,-1
01_12_02_04_0017.bmp,0,2,4,0,17,15,36,0,15,15,-1
01_12_02_04_0017.bmp,1,2,4,0,17,31,31,0,24,17,-1
01_12_02_04_0018.bmp,0,2,4,0,17,15,15,1,15,15,-1
01_12_02_04_0018.bmp,1,2,4,0,17,31,31,0,24,17,-1
01_12_02_04_0019.bmp,1,2,4,0,17,31,31,0,5,13,-1
01_12_02_04_0023.bmp,0,2,4,0,17,15,15,1,15,15,-1
01_12_02_04_0023.bmp,1,2,4,0,17,31,31,0,5,14,-1
01_12_02_04_0025.bmp,1,2,4,0,17,31,31,0,5,13,-1
01_12_02_04_0026.bmp,0,2,4,0,17,15,15,1,15,15,-1
01_12_02_04_0027.bmp,1,2,4,0,17,31,31,0,5,16,-1
01_12_02_04_0028.bmp,0,2,4,0,17,2,12,2,2,2,-1
01_12_02_04_0029.bmp,0,2,4,0,17,2,13,2,2,14,-1
01_12_02_04_0031.bmp,1,2,4,0,17,31,31,0,5,14,-1
01_12_02_04_0032.bmp,0,2,4,0,17,17,15,17,8,17,-1
01_12_02_04_0033.bmp,1,2,4,0,17,31,31,11,5,14,-1
01_12_02_04_0034.bmp,1,2,4,0,17,31,31,0,5,14,-1
01_12_02_04_0035.bmp,1,2,4,0,17,12,31,0,5,14,-1
01_12_02_04_0038.bmp,0,2,4,0,17,17,17,17,17,17,-1
01_12_02_04_0038.bmp,1,2,4,0,17,31,31,0,5,14,-1
01_12_02_04_0040.bmp,0,2,4,0,17,17,17,17,17,17,-1
01_12_02_04_0040.bmp,1,2,4,0,17,36,36,0,5,14,-1
01_12_02_04_0042.bmp,1,2,4,0,17,36,31,0,5,14,-1
01_12_02_04_0045.bmp,0,2,4,0,17,36,31,0,5,29,-1
01_12_02_04_0049.bmp,0,2,4,0,17,36,31,0,5,14,-1
01_12_02_04_0052.bmp,0,2,4,0,17,36,36,0,15,17,-1
01_12_02_04_0053.bmp,0,2,4,0,17,36,36,0,5,13,-1
01_12_02_04_0056.bmp,0,2,4,0,17,36,36,0,0,0,-1
01_12_02_04_0058.bmp,0,2,4,0,17,36,31,0,0,0,-1
01_12_02_04_0061.bmp,0,2,4,0,17,12,31,0,0,0,-1
01_12_02_04_0062.bmp,0,2,4,0,17,36,36,0,0,0,-1
01_12_02_04_0063.bmp,0,2,4,0,17,36,36,0,0,0,-1
01_12_02_04_0064.bmp,0,2,4,0,17,36,36,0,0,0,-1
01_12_02_04_0065.bmp,0,2,4,0,17,36,31,0,12,0,-1
01_12_02_04_0066.bmp,0,2,4,0,17,36,36,0,0,0,-1
01_12_02_04_0068.bmp,0,2,4,0,17,36,31,0,12,0,-1
01_12_02_04_0069.bmp,0,2,4,0,17,36,36,0,17,0,-1
01_12_02_04_0072.bmp,0,2,4,0,17,36,36,0,0,0,-1
01_12_02_04_0075.bmp,0,2,4,0,17,31,31,0,0,0,-1
01_12_02_04_0077.bmp,0,2,4,0,17,12,31,0,17,0,-1
01_12_02_04_0078.bmp,0,2,4,0,17,36,36,0,12,0,-1
01_12_02_04_0079.bmp,0,2,4,0,17,36,36,0,0,14,-1
01_12_02_04_0080.bmp,0,2,4,0,17,36,36,0,0,14,-1
01_12_02_04_0081.bmp,0,2,4,0,17,12,31,0,0,0,-1
01_12_02_04_0082.bmp,0,2,4,0,17,36,36,0,0,14,-1
01_12_02_04_0083.bmp,0,2,4,0,17,12,36,0,0,14,-1
01_12_02_04_0085.bmp,0,2,4,0,17,12,36,0,0,18,-1
01_12_02_04_0089.bmp,0,2,4,0,17,36,36,0,0,14,-1
01_12_02_04_0090.bmp,0,2,4,0,17,36,36,0,0,14,-1
01_12_02_04_0091.bmp,0,2,4,0,17,36,36,0,0,14,-1
01_12_02_04_0093.bmp,0,2,4,0,17,36,36,0,0,14,-1
01_12_02_04_0096.bmp,0,2,4,0,17,0,36,0,0,14,-1
01_12_02_04_0100.bmp,0,2,4,0,17,0,36,0,0,14,-1
01_12_02_04_0101.bmp,0,2,4,0,17,36,36,0,0,14,-1
01_12_02_04_0112.bmp,0,2,4,0,17,15,15,15,17,17,-1
01_12_02_04_0114.bmp,0,2,4,0,17,15,15,15,15,17,-1
01_13_02_04_0001.bmp,1,2,4,0,13,36,11,13,13,13,-1
01_13_02_04_0003.bmp,0,2,4,0,13,12,31,11,12,32,-1
01_13_02_04_0004.bmp,0,2,4,0,13,12,31,11,12,12,-1
01_13_02_04_0005.bmp,1,2,4,0,13,36,11,13,13,13,-1
01_13_02_04_0007.bmp,1,2,4,0,13,13,11,13,13,0,-1
01_13_02_04_0010.bmp,1,2,4,0,13,13,11,0,13,13,-1
01_13_02_04_0012.bmp,0,2,4,0,13,12,31,11,12,12,-1
01_13_02_04_0012.bmp,1,2,4,0,13,13,11,0,13,13,-1
01_13_02_04_0014.bmp,0,2,4,0,13,12,31,32,12,32,-1
01_13_02_04_0015.bmp,0,2,4,0,13,12,31,32,12,12,-1
01_13_02_04_0015.bmp,1,2,4,0,13,13,11,13,13,13,-1
01_13_02_04_0016.bmp,0,2,4,0,13,12,31,32,12,18,-1
01_13_02_04_0017.bmp,1,2,4,0,13,13,11,0,13,13,-1
01_13_02_04_0018.bmp,0,2,4,0,13,12,31,11,12,13,-1
01_13_02_04_0020.bmp,0,2,4,0,13,12,31,12,12,13,-1
01_13_02_04_0021.bmp,0,2,4,0,13,12,31,11,12,32,-1
01_13_02_04_0021.bmp,1,2,4,0,13,13,0,13,13,13,-1
01_13_02_04_0022.bmp,1,2,4,0,13,13,0,13,13,13,-1
01_13_02_04_0026.bmp,0,2,4,0,13,12,12,11,12,32,-1
01_13_02_04_0026.bmp,1,2,4,0,13,13,13,13,13,13,-1
01_13_02_04_0027.bmp,1,2,4,0,13,13,13,13,13,13,-1
01_13_02_04_0028.bmp,0,2,4,0,13,12,12,11,12,18,-1
01_13_02_04_0029.bmp,1,2,4,0,13,13,0,13,13,13,-1
01_13_02_04_0030.bmp,0,2,4,0,13,12,31,11,12,32,-1
01_13_02_04_0031.bmp,0,2,4,0,13,12,12,11,12,32,-1
01_13_02_04_0031.bmp,1,2,4,0,13,13,11,1,13,13,-1
01_13_02_04_0032.bmp,0,2,4,0,13,12,12,11,12,32,-1
01_13_02_04_0034.bmp,1,2,4,0,13,13,13,13,13,13,-1
01_13_02_04_0035.bmp,0,2,4,0,13,12,31,11,12,32,-1
01_13_02_04_0036.bmp,0,2,4,0,13,12,31,11,12,32,-1
01_13_02_04_0036.bmp,1,2,4,0,13,13,11,13,13,13,-1
01_13_02_04_0037.bmp,1,2,4,0,13,13,13,13,13,13,-1
01_13_02_04_0040.bmp,1,2,4,0,13,13,13,13,13,13,-1
01_13_02_04_0041.bmp,1,2,4,0,13,13,13,13,13,13,-1
01_13_02_04_0043.bmp,0,2,4,0,13,12,12,12,12,32,-1
01_13_02_04_0044.bmp,1,2,4,0,13,13,13,13,13,13,-1
01_13_02_04_0048.bmp,1,2,4,0,13,13,13,13,13,13,-1
01_13_02_04_0049.bmp,1,2,4,0,13,13,13,13,13,13,-1
01_13_02_04_0050.bmp,0,2,4,0,13,12,12,32,12,32,-1
01_13_02_04_0050.bmp,1,2,4,0,13,13,13,13,13,13,-1
01_13_02_04_0051.bmp,0,2,4,0,13,12,12,32,12,32,-1
01_13_02_04_0052.bmp,1,2,4,0,13,13,13,13,13,13,-1
01_13_02_04_0053.bmp,1,2,4,0,13,13,13,13,13,13,-1
01_13_02_04_0059.bmp,1,2,4,0,13,13,13,13,13,13,-1
01_13_02_04_0063.bmp,1,2,4,0,13,27,31,0,27,13,-1
01_13_02_04_0065.bmp,1,2,4,0,13,31,31,16,19,13,-1
01_13_02_04_0068.bmp,0,2,4,0,13,12,12,13,12,32,-1
01_13_02_04_0068.bmp,1,2,4,0,13,27,31,1,27,13,-1
01_13_02_04_0069.bmp,0,2,4,0,13,13,12,13,13,32,-1
01_13_02_04_0069.bmp,1,2,4,0,13,27,31,0,27,36,-1
01_13_02_04_0074.bmp,0,2,4,0,13,13,12,11,12,13,-1
01_13_02_04_0074.bmp,1,2,4,0,13,27,31,0,27,31,-1
01_13_02_04_0078.bmp,1,2,4,0,13,31,31,1,27,36,-1
01_13_02_04_0080.bmp,1,2,4,0,13,31,31,1,27,31,-1
01_13_02_04_0082.bmp,0,2,4,0,13,13,12,13,13,13,-1
01_13_02_04_0082.bmp,1,2,4,0,13,31,31,10,39,31,-1
01_13_02_04_0083.bmp,1,2,4,0,13,31,31,0,19,36,-1
01_13_02_04_0084.bmp,0,2,4,0,13,13,13,13,13,13,-1
01_13_02_04_0086.bmp,0,2,4,0,13,13,13,13,13,13,-1
01_13_02_04_0090.bmp,1,2,4,0,13,31,31,7,25,31,-1
01_13_02_04_0092.bmp,0,2,4,0,13,13,13,13,13,13,-1
01_13_02_04_0092.bmp,1,2,4,0,13,31,31,17,39,31,-1
01_13_02_04_0093.bmp,1,2,4,0,13,31,31,0,39,31,-1
01_13_02_04_0094.bmp,0,2,4,0,13,13,13,13,13,13,-1
01_13_02_04_0094.bmp,1,2,4,0,13,12,31,7,12,31,-1
01_13_02_04_0097.bmp,1,2,4,0,13,31,31,0,12,31,-1
01_13_02_04_0101.bmp,1,2,4,0,13,31,31,31,12,31,-1
01_13_02_04_0102.bmp,1,2,4,0,13,31,31,31,12,31,-1
01_13_02_04_0104.bmp,0,2,4,0,13,13,13,13,13,13,-1
01_13_02_04_0106.bmp,1,2,4,0,13,12,31,12,12,12,-1
01_13_02_04_0111.bmp,0,2,4,0,13,13,13,13,13,13,-1
01_13_02_04_0111.bmp,1,2,4,0,13,12,31,12,12,12,-1
01_13_02_04_0112.bmp,0,2,4,0,13,13,13,13,13,13,-1
01_13_02_04_0112.bmp,1,2,4,0,13,12,31,12,12,13,-1
01_13_02_04_0115.bmp,1,2,4,0,13,12,31,12,12,31,-1
01_13_02_04_0118.bmp,1,2,4,0,13,12,31,0,12,15,-1
01_13_02_04_0119.bmp,0,2,4,0,13,19,31,32,11,12,-1
01_13_02_04_0120.bmp,1,2,4,0,13,12,31,0,12,15,-1
01_13_02_04_0121.bmp,0,2,4,0,13,12,31,7,12,12,-1
01_13_02_04_0126.bmp,1,2,4,0,13,12,31,13,12,15,-1
01_13_02_04_0127.bmp,1,2,4,0,13,12,31,13,12,15,-1
01_13_02_04_0128.bmp,0,2,4,0,13,12,31,32,12,32,-1
01_13_02_04_0129.bmp,0,2,4,0,13,12,31,32,12,32,-1
01_13_02_04_0129.bmp,1,2,4,0,13,12,31,12,12,15,-1
01_13_02_04_0130.bmp,1,2,4,0,13,12,31,12,12,15,-1
01_13_02_04_0132.bmp,0,2,4,0,13,32,32,32,12,32,-1
01_13_02_04_0134.bmp,1,2,4,0,13,12,31,13,12,15,-1
01_13_02_04_0138.bmp,0,2,4,0,13,32,31,32,12,32,-1
01_13_02_04_0140.bmp,0,2,4,0,13,12,31,32,13,32,-1
01_13_02_04_0142.bmp,0,2,4,0,13,32,32,32,32,32,-1
01_13_02_04_0142.bmp,1,2,4,0,13,12,31,13,12,15,-1
01_13_02_04_0144.bmp,0,2,4,0,13,32,32,32,32,32,-1
01_13_02_04_0145.bmp,1,2,4,0,13,12,31,12,12,13,-1
01_13_02_04_0146.bmp,1,2,4,0,13,12,31,13,12,13,-1
01_13_02_04_0148.bmp,1,2,4,0,13,12,31,12,12,13,-1
01_13_02_04_0151.bmp,1,2,4,0,13,12,31,13,12,13,-1
01_13_02_04_0152.bmp,1,2,4,0,13,12,31,13,12,13,-1
01_13_02_04_0155.bmp,0,2,4,0,13,32,13,32,32,15,-1
01_13_02_04_0157.bmp,0,2,4,0,13,32,13,13,32,15,-1
01_13_02_04_0158.bmp,1,2,4,0,13,12,31,12,12,13,-1
01_13_02_04_0160.bmp,0,2,4,0,13,32,13,13,13,15,-1
01_13_02_04_0161.bmp,0,2,4,0,13,13,13,13,13,15,-1
01_13_02_04_0161.bmp,1,2,4,0,13,12,31,13,12,13,-1
01_13_02_04_0162.bmp,1,2,4,0,13,12,31,13,12,13,-1
01_13_02_04_0165.bmp,1,2,4,0,13,12,31,12,12,13,-1
01_13_02_04_0166.bmp,1,2,4,0,13,12,31,12,12,13,-1
01_13_02_04_0169.bmp,0,2,4,0,13,19,31,11,32,13,-1
01_13_02_04_0170.bmp,0,2,4,0,13,19,31,12,32,12,-1
01_13_02_04_0172.bmp,1,2,4,0,13,12,31,12,12,13,-1
01_13_02_04_0173.bmp,0,2,4,0,13,19,31,1,11,24,-1
01_13_02_04_0175.bmp,0,2,4,0,13,19,31,1,11,24,-1
01_13_02_04_0175.bmp,1,2,4,0,13,12,31,12,12,13,-1
01_13_02_04_0177.bmp,1,2,4,0,13,12,31,12,12,13,-1
01_13_02_04_0179.bmp,0,2,4,0,13,19,31,13,32,39,-1
01_13_02_04_0180.bmp,0,2,4,0,13,19,31,10,11,12,-1
01_13_02_04_0181.bmp,0,2,4,0,13,19,31,1,11,24,-1
01_13_02_04_0182.bmp,1,2,4,0,13,12,31,12,12,13,-1
01_13_02_04_0185.bmp,1,2,4,0,13,12,31,12,12,13,-1
01_13_02_04_0186.bmp,1,2,4,0,13,12,31,12,12,13,-1
01_13_02_04_0191.bmp,1,2,4,0,13,12,31,13,12,13,-1
01_13_02_04_0192.bmp,1,2,4,0,13,12,31,13,12,13,-1
01_13_02_04_0193.bmp,0,2,4,0,13,19,31,32,19,24,-1
01_13_02_04_0195.bmp,0,2,4,0,13,19,31,1,19,39,-1
01_13_02_04_0196.bmp,0,2,4,0,13,19,31,13,13,12,-1
01_13_02_04_0196.bmp,1,2,4,0,13,12,31,13,12,13,-1
01_13_02_04_0197.bmp,1,2,4,0,13,12,31,12,12,13,-1
01_13_02_04_0198.bmp,0,2,4,0,13,19,31,1,13,12,-1
01_13_02_04_0200.bmp,0,2,4,0,13,19,31,1,13,31,-1
01_13_02_04_0200.bmp,1,2,4,0,13,12,31,13,12,13,-1
01_13_02_04_0201.bmp,0,2,4,0,13,19,31,1,12,31,-1
01_13_02_04_0202.bmp,0,2,4,0,13,19,31,1,12,31,-1
01_13_02_04_0202.bmp,1,2,4,0,13,12,31,12,12,13,-1
01_13_02_04_0204.bmp,0,2,4,0,13,19,31,11,12,12,-1
01_13_02_04_0206.bmp,0,2,4,0,13,19,31,1,12,32,-1
01_13_02_04_0206.bmp,1,2,4,0,13,12,31,13,12,13,-1
01_13_02_04_0207.bmp,1,2,4,0,13,12,31,12,12,13,-1
01_13_02_04_0208.bmp,1,2,4,0,13,12,31,12,12,13,-1
01_13_02_04_0211.bmp,0,2,4,0,13,12,31,1,12,12,-1
01_13_02_04_0212.bmp,1,2,4,0,13,12,31,13,12,13,-1
01_13_02_04_0213.bmp,0,2,4,0,13,12,31,13,12,12,-1
01_13_02_04_0214.bmp,1,2,4,0,13,12,31,12,12,13,-1
01_13_02_04_0215.bmp,0,2,4,0,13,12,31,32,12,13,-1
01_13_02_04_0217.bmp,1,2,4,0,13,12,31,13,12,13,-1
01_13_02_04_0218.bmp,0,2,4,0,13,32,31,32,32,15,-1
01_13_02_04_0218.bmp,1,2,4,0,13,12,31,13,12,13,-1
01_13_02_04_0219.bmp,0,2,4,0,13,32,31,1,32,15,-1
01_13_02_04_0219.bmp,1,2,4,0,13,12,31,13,12,13,-1
01_13_02_04_0223.bmp,1,2,4,0,13,12,31,12,12,13,-1
01_13_02_04_0224.bmp,1,2,4,0,13,12,31,12,12,13,-1
01_13_02_04_0228.bmp,0,2,4,0,13,32,15,32,32,15,-1
01_13_02_04_0229.bmp,1,2,4,0,13,12,31,12,12,13,-1
01_13_02_04_0230.bmp,0,2,4,0,13,15,15,32,15,15,-1
01_13_02_04_0231.bmp,1,2,4,0,13,12,31,12,12,13,-1
01_13_02_04_0232.bmp,0,2,4,0,13,32,15,32,15,15,-1
01_13_02_04_0232.bmp,1,2,4,0,13,12,31,12,12,13,-1
01_13_02_04_0234.bmp,1,2,4,0,13,31,31,12,12,13,-1
01_13_02_04_0235.bmp,0,2,4,0,13,15,15,5,15,15,-1
01_13_02_04_0236.bmp,0,2,4,0,13,15,13,13,15,15,-1
01_13_02_04_0236.bmp,1,2,4,0,13,12,31,13,12,13,-1
01_13_02_04_0237.bmp,1,2,4,0,13,12,31,13,12,13,-1
01_13_02_04_0238.bmp,1,2,4,0,13,31,31,13,12,13,-1
01_13_02_04_0239.bmp,0,2,4,0,13,15,13,13,15,15,-1
01_13_02_04_0241.bmp,0,2,4,0,13,13,13,13,15,15,-1
01_13_02_04_0243.bmp,0,2,4,0,13,15,13,13,15,15,-1
01_13_02_04_0244.bmp,0,2,4,0,13,13,13,13,15,7,-1
01_13_02_04_0244.bmp,1,2,4,0,13,12,31,12,12,13,-1
01_13_02_04_0248.bmp,1,2,4,0,13,12,31,13,12,13,-1
01_13_02_04_0249.bmp,0,2,4,0,13,13,13,13,13,15,-1
01_13_02_04_0250.bmp,1,2,4,0,13,12,31,13,12,13,-1
01_13_02_04_0251.bmp,1,2,4,0,13,12,31,12,12,13,-1
01_13_02_04_0253.bmp,0,2,4,0,13,13,13,13,15,15,-1
01_13_02_04_0255.bmp,1,2,4,0,13,12,31,12,12,13,-1
01_13_02_04_0256.bmp,1,2,4,0,13,12,31,12,12,13,-1
01_13_02_04_0258.bmp,1,2,4,0,13,12,31,12,12,13,-1
01_13_02_04_0259.bmp,0,2,4,0,13,13,13,13,13,13,-1
01_13_02_04_0262.bmp,1,2,4,0,13,12,31,13,12,13,-1
01_13_02_04_0263.bmp,0,2,4,0,13,13,13,13,13,13,-1
01_13_02_04_0264.bmp,0,2,4,0,13,13,13,13,13,13,-1
01_13_02_04_0264.bmp,1,2,4,0,13,12,31,12,12,13,-1
01_13_02_04_0268.bmp,1,2,4,0,13,12,31,13,12,13,-1
01_13_02_04_0269.bmp,0,2,4,0,13,15,13,13,13,7,-1
01_13_02_04_0269.bmp,1,2,4,0,13,12,31,13,12,13,-1
01_13_02_04_0271.bmp,0,2,4,0,13,12,31,12,12,13,-1
01_13_02_04_0274.bmp,0,2,4,0,13,12,31,12,12,13,-1
01_13_02_04_0275.bmp,0,2,4,0,13,12,31,12,12,13,-1
01_13_02_04_0276.bmp,0,2,4,0,13,12,31,13,12,13,-1
01_13_02_04_0277.bmp,0,2,4,0,13,12,31,13,12,13,-1
01_13_02_04_0278.bmp,0,2,4,0,13,12,31,13,12,13,-1
01_13_02_04_0279.bmp,0,2,4,0,13,12,31,13,12,13,-1
01_13_02_04_0283.bmp,0,2,4,0,13,12,31,12,12,13,-1
01_13_02_04_0284.bmp,0,2,4,0,13,12,31,12,12,13,-1
01_13_02_04_0285.bmp,0,2,4,0,13,12,31,13,12,13,-1
01_13_02_04_0286.bmp,0,2,4,0,13,12,31,13,12,13,-1
01_13_02_04_0287.bmp,0,2,4,0,13,12,31,13,12,13,-1
01_13_02_04_0289.bmp,0,2,4,0,13,12,31,13,12,13,-1
01_13_02_04_0290.bmp,0,2,4,0,13,12,31,12,12,13,-1
01_13_02_04_0293.bmp,0,2,4,0,13,12,31,12,12,13,-1
01_13_02_04_0294.bmp,0,2,4,0,13,12,31,13,12,13,-1
01_13_02_04_0296.bmp,0,2,4,0,13,12,31,12,12,13,-1
01_13_02_04_0299.bmp,0,2,4,0,13,12,31,13,12,13,-1
01_13_02_04_0301.bmp,0,2,4,0,13,12,31,13,12,13,-1
01_13_02_04_0302.bmp,0,2,4,0,13,12,31,13,12,13,-1
01_13_02_04_0304.bmp,0,2,4,0,13,12,31,13,12,13,-1
01_13_02_04_0306.bmp,0,2,4,0,13,12,31,13,12,13,-1
01_13_02_04_0308.bmp,0,2,4,0,13,12,31,12,12,13,-1
01_13_02_04_0312.bmp,0,2,4,0,13,12,31,12,12,13,-1
01_13_02_04_0315.bmp,0,2,4,0,13,12,31,12,12,12,-1
01_13_02_04_0316.bmp,0,2,4,0,13,12,31,12,12,12,-1
01_13_02_04_0328.bmp,0,2,4,0,13,13,31,13,13,13,-1
01_13_02_04_0333.bmp,0,2,4,0,13,13,31,13,13,13,-1
01_13_02_04_0338.bmp,0,2,4,0,13,13,13,13,13,13,-1
01_13_02_04_0341.bmp,0,2,4,0,13,13,13,13,13,13,-1
01_13_02_04_0342.bmp,0,2,4,0,13,13,13,13,13,13,-1
01_13_02_04_0343.bmp,0,2,4,0,13,13,13,13,13,13,-1
01_13_02_04_0344.bmp,0,2,4,0,13,13,13,13,13,13,-1
01_13_02_04_0348.bmp,0,2,4,0,13,13,13,13,13,13,-1
01_13_02_04_0349.bmp,0,2,4,0,13,13,13,13,13,13,-1
01_13_02_04_0352.bmp,0,2,4,0,13,13,13,13,13,7,-1
01_13_02_04_0356.bmp,0,2,4,0,13,15,13,8,8,7,-1
01_13_02_04_0360.bmp,0,2,4,0,13,15,15,13,15,15,-1
01_13_02_04_0363.bmp,0,2,4,0,13,15,15,13,15,15,-1
01_13_02_04_0367.bmp,0,2,4,0,13,15,15,13,15,15,-1
01_13_02_04_0370.bmp,0,2,4,0,13,15,15,13,15,15,-1
01_13_02_04_0371.bmp,0,2,4,0,13,15,15,13,15,15,-1
01_13_02_04_0372.bmp,0,2,4,0,13,15,15,13,15,15,-1
01_13_02_04_0374.bmp,0,2,4,0,13,15,13,13,15,15,-1
01_13_02_04_0377.bmp,0,2,4,0,13,15,13,13,15,15,-1
01_13_02_04_0378.bmp,0,2,4,0,13,13,13,13,15,15,-1
01_13_02_04_0382.bmp,0,2,4,0,13,15,13,13,15,13,-1
01_13_02_04_0384.bmp,0,2,4,0,13,15,15,15,15,15,-1
01_13_02_04_0387.bmp,0,2,4,0,13,19,31,11,11,13,-1
01_13_02_04_0389.bmp,0,2,4,0,13,19,31,11,11,13,-1
01_13_02_04_0390.bmp,0,2,4,0,13,19,31,11,11,13,-1
01_13_02_04_0393.bmp,0,2,4,0,13,19,31,32,7,31,-1
01_13_02_04_0397.bmp,0,2,4,0,13,19,31,32,19,36,-1
01_13_02_04_0399.bmp,0,2,4,0,13,19,31,32,40,19,-1
01_13_02_04_0400.bmp,0,2,4,0,13,19,31,11,19,19,-1
01_13_02_04_0401.bmp,0,2,4,0,13,19,31,32,19,19,-1
01_13_02_04_0402.bmp,0,2,4,0,13,19,31,32,19,13,-1
01_13_02_04_0406.bmp,0,2,4,0,13,19,31,32,19,36,-1
01_13_02_04_0407.bmp,0,2,4,0,13,19,31,32,19,36,-1
01_13_02_04_0416.bmp,0,2,4,0,13,19,31,32,19,13,-1
01_13_02_04_0419.bmp,0,2,4,0,13,19,31,12,19,0,-1
01_13_02_04_0420.bmp,0,2,4,0,13,31,31,11,19,13,-1
01_13_02_04_0424.bmp,0,2,4,0,13,31,31,42,19,13,-1
01_13_02_04_0429.bmp,0,2,4,0,13,31,31,1,32,13,-1
01_13_02_04_0433.bmp,0,2,4,0,13,32,31,12,32,18,-1
01_13_02_04_0437.bmp,0,2,4,0,13,31,31,1,19,38,-1
01_13_02_04_0444.bmp,0,2,4,0,13,32,31,32,32,32,-1
01_13_02_04_0445.bmp,0,2,4,0,13,32,31,32,32,38,-1
01_13_02_04_0446.bmp,0,2,4,0,13,32,31,32,32,12,-1
01_13_02_04_0447.bmp,0,2,4,0,13,32,31,11,32,18,-1
01_13_02_04_0453.bmp,0,2,4,0,13,32,31,1,32,32,-1
01_13_02_04_0457.bmp,0,2,4,0,13,31,31,13,32,15,-1
01_13_02_04_0459.bmp,0,2,4,0,13,31,31,12,12,13,-1
01_13_02_04_0461.bmp,0,2,4,0,13,12,31,13,12,13,-1
01_13_02_04_0464.bmp,0,2,4,0,13,15,31,7,13,15,-1
01_13_02_04_0466.bmp,0,2,4,0,13,13,31,13,13,13,-1
01_13_02_04_0468.bmp,0,2,4,0,13,13,31,13,13,13,-1
01_13_02_04_0469.bmp,0,2,4,0,13,13,13,13,15,15,-1
01_13_02_04_0472.bmp,0,2,4,0,13,15,13,13,15,15,-1
01_13_02_04_0473.bmp,0,2,4,0,13,15,13,13,15,15,-1
01_13_02_04_0475.bmp,0,2,4,0,13,15,15,13,15,15,-1
01_13_02_04_0476.bmp,0,2,4,0,13,15,31,13,15,15,-1
01_13_02_04_0483.bmp,0,2,4,0,13,15,13,13,15,15,-1
01_13_02_04_0484.bmp,0,2,4,0,13,15,13,13,15,15,-1
01_13_02_04_0486.bmp,0,2,4,0,13,15,13,13,15,15,-1
01_13_02_04_0489.bmp,0,2,4,0,13,13,13,13,15,13,-1
01_13_02_04_0490.bmp,0,2,4,0,13,13,13,13,15,15,-1
01_13_02_04_0492.bmp,0,2,4,0,13,13,13,13,13,15,-1
01_13_02_04_0493.bmp,0,2,4,0,13,13,13,13,13,15,-1
01_13_02_04_0494.bmp,0,2,4,0,13,13,13,13,13,15,-1
01_13_02_04_0495.bmp,0,2,4,0,13,13,13,13,13,15,-1
01_13_02_04_0496.bmp,0,2,4,0,13,13,13,13,13,15,-1
01_13_02_04_0501.bmp,0,2,4,0,13,13,13,13,13,13,-1
01_13_02_04_0503.bmp,0,2,4,0,13,13,13,13,13,13,-1
01_13_02_04_0506.bmp,0,2,4,0,13,13,13,13,13,13,-1
01_13_02_04_0509.bmp,0,2,4,0,13,13,13,13,13,13,-1
01_13_02_04_0512.bmp,0,2,4,0,13,13,13,13,13,13,-1
01_13_02_04_0513.bmp,0,2,4,0,13,13,13,13,13,13,-1
01_13_02_04_0518.bmp,0,2,4,0,13,31,31,42,19,19,-1
01_13_02_04_0519.bmp,0,2,4,0,13,31,31,16,19,19,-1
01_13_02_04_0520.bmp,0,2,4,0,13,31,31,1,19,19,-1
01_13_02_04_0522.bmp,0,2,4,0,13,19,31,32,19,19,-1
01_13_02_04_0525.bmp,0,2,4,0,13,12,31,13,12,19,-1
01_13_02_04_0527.bmp,0,2,4,0,13,12,31,32,12,13,-1
01_13_02_04_0528.bmp,0,2,4,0,13,31,31,32,32,32,-1
01_13_02_04_0529.bmp,0,2,4,0,13,12,31,7,12,13,-1
01_13_02_04_0530.bmp,0,2,4,0,13,31,31,12,19,32,-1
01_13_02_04_0532.bmp,0,2,4,0,13,32,31,32,32,32,-1
01_13_02_04_0533.bmp,0,2,4,0,13,12,31,7,12,13,-1
01_13_02_04_0535.bmp,0,2,4,0,13,12,31,13,12,12,-1
01_13_02_04_0539.bmp,0,2,4,0,13,12,31,7,12,12,-1
01_13_02_04_0540.bmp,0,2,4,0,13,32,31,12,19,12,-1
01_13_02_04_0546.bmp,0,2,4,0,13,19,31,32,19,19,-1
01_13_02_04_0547.bmp,0,2,4,0,13,12,31,7,12,12,-1
01_13_02_04_0549.bmp,0,2,4,0,13,12,31,7,12,12,-1
01_13_02_04_0553.bmp,0,2,4,0,13,12,31,7,12,12,-1
01_13_02_04_0556.bmp,0,2,4,0,13,31,31,1,19,12,-1
01_13_02_04_0557.bmp,0,2,4,0,13,12,31,7,12,15,-1
01_13_02_04_0559.bmp,0,2,4,0,13,12,31,7,12,13,-1
01_13_02_04_0567.bmp,0,2,4,0,13,12,31,13,12,15,-1
01_13_02_04_0576.bmp,0,2,4,0,13,19,31,16,32,13,-1
01_13_02_04_0578.bmp,0,2,4,0,13,19,31,1,19,13,-1
01_13_02_04_0584.bmp,0,2,4,0,13,19,31,13,13,13,-1
01_13_02_04_0585.bmp,0,2,4,0,13,32,31,13,32,15,-1
01_13_02_04_0587.bmp,0,2,4,0,13,32,31,13,32,15,-1
01_13_02_04_0591.bmp,0,2,4,0,13,12,31,32,32,15,-1
01_13_02_04_0593.bmp,0,2,4,0,13,32,31,13,32,15,-1
01_13_02_04_0595.bmp,0,2,4,0,13,32,31,13,32,15,-1
01_13_02_04_0601.bmp,0,2,4,0,13,13,31,13,32,15,-1
01_13_02_04_0603.bmp,0,2,4,0,13,13,12,32,32,15,-1
01_13_02_04_0606.bmp,0,2,4,0,13,13,13,32,32,15,-1
01_13_02_04_0607.bmp,0,2,4,0,13,13,13,13,32,15,-1
01_13_02_04_0608.bmp,0,2,4,0,13,13,13,13,15,15,-1
01_13_02_04_0611.bmp,0,2,4,0,13,13,13,13,13,15,-1
01_13_02_04_0617.bmp,0,2,4,0,13,13,13,13,13,13,-1
01_13_02_04_0619.bmp,0,2,4,0,13,13,13,13,13,13,-1
01_13_02_04_0622.bmp,0,2,4,0,13,13,13,13,13,13,-1
01_03_02_05_0005.bmp,0,2,5,0,9,31,31,42,40,13,-1
01_03_02_05_0006.bmp,0,2,5,0,9,31,31,42,32,13,-1
01_03_02_05_0008.bmp,0,2,5,0,9,31,31,42,32,0,-1
01_03_02_05_0009.bmp,0,2,5,0,9,31,31,16,19,19,-1
01_03_02_05_0014.bmp,0,2,5,0,9,31,31,16,19,13,-1
01_03_02_05_0015.bmp,0,2,5,0,9,31,31,16,19,13,-1
01_03_02_05_0024.bmp,0,2,5,0,9,31,31,16,19,13,-1
01_03_02_05_0028.bmp,0,2,5,0,9,32,31,16,19,12,-1
01_03_02_05_0032.bmp,0,2,5,0,9,19,31,16,19,13,-1
01_03_02_05_0038.bmp,0,2,5,0,9,32,31,32,32,19,-1
01_03_02_05_0039.bmp,0,2,5,0,9,19,31,16,32,19,-1
01_03_02_05_0040.bmp,0,2,5,0,9,32,31,32,32,19,-1
01_03_02_05_0043.bmp,0,2,5,0,9,19,31,12,32,19,-1
01_03_02_05_0045.bmp,0,2,5,0,9,32,31,12,32,19,-1
01_03_02_05_0046.bmp,0,2,5,0,9,32,31,32,32,13,-1
01_03_02_05_0048.bmp,0,2,5,0,9,32,31,12,32,13,-1
01_03_02_05_0051.bmp,0,2,5,0,9,32,31,12,19,19,-1
01_03_02_05_0055.bmp,0,2,5,0,9,32,31,13,19,13,-1
01_03_02_05_0056.bmp,0,2,5,0,9,31,36,12,15,15,-1
01_03_02_05_0059.bmp,0,2,5,0,9,31,36,13,15,15,-1
01_03_02_05_0063.bmp,0,2,5,0,9,31,36,0,15,15,-1
01_03_02_05_0064.bmp,0,2,5,0,9,15,36,31,15,15,-1
01_03_02_05_0066.bmp,0,2,5,0,9,15,31,15,15,15,-1
01_03_02_05_0069.bmp,0,2,5,0,9,15,31,15,15,15,-1
01_03_02_05_0072.bmp,0,2,5,0,9,15,15,15,15,15,-1
01_03_02_05_0073.bmp,0,2,5,0,9,15,15,15,15,15,-1
01_03_02_05_0079.bmp,0,2,5,0,9,15,15,15,15,17,-1
01_03_02_05_0082.bmp,0,2,5,0,9,15,15,15,15,15,-1
01_03_02_05_0085.bmp,0,2,5,0,9,15,15,15,15,15,-1
01_06_02_05_0001.bmp,0,2,5,0,14,36,31,19,19,13,-1
01_06_02_05_0001.bmp,1,2,5,0,14,32,32,25,32,5,-1
01_06_02_05_0002.bmp,1,2,5,0,14,36,36,12,5,6,-1
01_06_02_05_0005.bmp,1,2,5,0,14,36,36,13,36,6,-1
01_06_02_05_0006.bmp,0,2,5,0,14,15,32,1,15,14,-1
01_06_02_05_0006.bmp,1,2,5,0,14,36,36,1,36,6,-1
01_06_02_05_0007.bmp,1,2,5,0,14,36,36,0,36,6,-1
01_06_02_05_0009.bmp,0,2,5,0,14,36,36,26,17,14,-1
01_06_02_05_0009.bmp,1,2,5,0,14,36,36,0,0,0,-1
01_06_02_05_0011.bmp,0,2,5,0,14,36,36,0,17,5,-1
01_06_02_05_0011.bmp,1,2,5,0,14,36,36,0,0,0,-1
01_06_02_05_0012.bmp,0,2,5,0,14,36,36,0,17,14,-1
01_06_02_05_0012.bmp,1,2,5,0,14,36,36,0,0,0,-1
01_06_02_05_0014.bmp,0,2,5,0,14,36,36,13,17,14,-1
01_06_02_05_0014.bmp,1,2,5,0,14,36,36,0,0,17,-1
01_06_02_05_0015.bmp,1,2,5,0,14,36,36,0,0,0,-1
01_06_02_05_0016.bmp,0,2,5,0,14,36,36,13,17,14,-1
01_06_02_05_0017.bmp,0,2,5,0,14,36,36,13,14,14,-1
01_06_02_05_0017.bmp,1,2,5,0,14,36,36,25,0,0,-1
01_06_02_05_0019.bmp,0,2,5,0,14,17,25,14,14,14,-1
01_06_02_05_0019.bmp,1,2,5,0,14,36,36,0,0,13,-1
01_06_02_05_0025.bmp,1,2,5,0,14,12,36,19,12,13,-1
01_06_02_05_0026.bmp,1,2,5,0,14,12,32,25,12,13,-1
01_06_02_05_0029.bmp,0,2,5,0,14,15,13,14,14,14,-1
01_06_02_05_0030.bmp,0,2,5,0,14,15,17,14,14,14,-1
01_06_02_05_0033.bmp,0,2,5,0,14,15,13,14,14,14,-1
01_06_02_05_0033.bmp,1,2,5,0,14,31,31,16,31,15,-1
01_06_02_05_0034.bmp,1,2,5,0,14,31,31,32,31,0,-1
01_06_02_05_0037.bmp,1,2,5,0,14,31,31,32,31,13,-1
01_06_02_05_0038.bmp,0,2,5,0,14,14,13,14,14,14,-1
01_06_02_05_0038.bmp,1,2,5,0,14,31,31,32,12,13,-1
01_06_02_05_0039.bmp,0,2,5,0,14,14,13,14,14,14,-1
01_06_02_05_0039.bmp,1,2,5,0,14,31,31,32,12,15,-1
01_06_02_05_0043.bmp,0,2,5,0,14,17,17,17,17,17,-1
01_06_02_05_0046.bmp,0,2,5,0,14,31,31,12,13,15,-1
01_06_02_05_0048.bmp,0,2,5,0,14,12,31,18,15,15,-1
01_06_02_05_0050.bmp,0,2,5,0,14,12,12,12,15,15,-1
01_06_02_05_0057.bmp,0,2,5,0,14,13,12,13,15,15,-1
01_06_02_05_0061.bmp,0,2,5,0,14,15,12,15,14,14,-1
01_06_02_05_0062.bmp,0,2,5,0,14,15,36,9,29,14,-1
01_06_02_05_0064.bmp,0,2,5,0,14,15,36,12,14,8,-1
01_06_02_05_0065.bmp,0,2,5,0,14,15,36,13,14,14,-1
01_06_02_05_0069.bmp,0,2,5,0,14,15,15,15,14,14,-1
01_06_02_05_0071.bmp,0,2,5,0,14,15,36,15,14,14,-1
01_06_02_05_0072.bmp,0,2,5,0,14,15,15,15,14,14,-1
01_06_02_05_0073.bmp,0,2,5,0,14,15,36,15,17,14,-1
01_06_02_05_0076.bmp,0,2,5,0,14,15,36,15,17,14,-1
01_06_02_05_0077.bmp,0,2,5,0,14,15,15,15,17,17,-1
01_06_02_05_0078.bmp,0,2,5,0,14,15,13,13,17,14,-1
01_06_02_05_0080.bmp,0,2,5,0,14,15,13,0,17,14,-1
01_06_02_05_0082.bmp,0,2,5,0,14,15,13,14,17,14,-1
01_06_02_05_0083.bmp,0,2,5,0,14,15,13,13,14,14,-1
01_06_02_05_0084.bmp,0,2,5,0,14,15,15,15,17,17,-1
01_11_02_05_0001.bmp,0,2,5,0,12,36,36,0,36,31,-1
01_11_02_05_0005.bmp,0,2,5,0,12,31,31,9,31,15,-1
01_11_02_05_0009.bmp,0,2,5,0,12,31,31,31,31,13,-1
01_11_02_05_0015.bmp,0,2,5,0,12,31,31,1,31,15,-1
01_11_02_05_0017.bmp,0,2,5,0,12,31,31,1,31,15,-1
01_11_02_05_0018.bmp,0,2,5,0,12,36,36,1,31,36,-1
01_11_02_05_0021.bmp,0,2,5,0,12,31,31,0,31,36,-1
01_11_02_05_0023.bmp,0,2,5,0,12,31,31,1,31,36,-1
01_11_02_05_0026.bmp,0,2,5,0,12,31,31,1,31,12,-1
01_11_02_05_0028.bmp,0,2,5,0,12,31,31,1,31,17,-1
01_11_02_05_0029.bmp,0,2,5,0,12,31,31,1,31,15,-1
01_11_02_05_0035.bmp,0,2,5,0,12,31,31,12,15,36,-1
01_11_02_05_0036.bmp,0,2,5,0,12,31,31,13,15,15,-1
01_11_02_05_0038.bmp,0,2,5,0,12,31,31,13,15,15,-1
01_11_02_05_0039.bmp,0,2,5,0,12,31,31,25,15,15,-1
01_11_02_05_0040.bmp,0,2,5,0,12,31,36,1,15,36,-1
01_11_02_05_0045.bmp,0,2,5,0,12,31,31,13,15,15,-1
01_11_02_05_0048.bmp,0,2,5,0,12,31,31,1,15,15,-1
01_11_02_05_0049.bmp,0,2,5,0,12,15,31,1,15,15,-1
01_11_02_05_0052.bmp,0,2,5,0,12,31,31,25,15,15,-1
01_11_02_05_0053.bmp,0,2,5,0,12,31,31,12,15,15,-1
01_11_02_05_0054.bmp,0,2,5,0,12,31,31,12,15,15,-1
01_11_02_05_0056.bmp,0,2,5,0,12,31,31,1,15,36,-1
01_11_02_05_0058.bmp,0,2,5,0,12,15,31,12,15,15,-1
01_11_02_05_0059.bmp,0,2,5,0,12,15,31,12,15,15,-1
01_11_02_05_0060.bmp,0,2,5,0,12,15,31,1,15,15,-1
01_11_02_05_0061.bmp,0,2,5,0,12,15,31,1,15,15,-1
01_11_02_05_0062.bmp,0,2,5,0,12,15,31,32,15,15,-1
01_11_02_05_0064.bmp,0,2,5,0,12,15,31,12,15,15,-1
01_11_02_05_0066.bmp,0,2,5,0,12,15,31,12,15,15,-1
01_11_02_05_0069.bmp,0,2,5,0,12,15,15,15,15,15,-1
01_11_02_05_0071.bmp,0,2,5,0,12,15,15,15,15,15,-1
01_11_02_05_0073.bmp,0,2,5,0,12,15,15,15,15,15,-1
01_11_02_05_0079.bmp,0,2,5,0,12,15,15,16,15,16,-1
01_11_02_05_0080.bmp,0,2,5,0,12,15,15,15,15,15,-1
01_12_02_05_0001.bmp,0,2,5,0,17,15,31,31,29,24,-1
01_12_02_05_0002.bmp,0,2,5,0,17,36,36,0,15,24,-1
01_12_02_05_0002.bmp,1,2,5,0,17,31,31,11,19,36,-1
01_12_02_05_0003.bmp,0,2,5,0,17,15,31,0,15,15,-1
01_12_02_05_0005.bmp,0,2,5,0,17,36,36,1,36,36,-1
01_12_02_05_0006.bmp,0,2,5,0,17,36,36,0,19,36,-1
01_12_02_05_0007.bmp,0,2,5,0,17,36,36,1,12,15,-1
01_12_02_05_0009.bmp,1,2,5,0,17,31,31,1,15,31,-1
01_12_02_05_0015.bmp,0,2,5,0,17,36,36,1,15,15,-1
01_12_02_05_0016.bmp,0,2,5,0,17,36,36,1,15,15,-1
01_12_02_05_0017.bmp,0,2,5,0,17,36,36,1,13,15,-1
01_12_02_05_0017.bmp,1,2,5,0,17,31,31,1,24,12,-1
01_12_02_05_0019.bmp,0,2,5,0,17,15,36,0,15,15,-1
01_12_02_05_0019.bmp,1,2,5,0,17,31,31,1,3,13,-1
01_12_02_05_0020.bmp,0,2,5,0,17,15,15,1,15,15,-1
01_12_02_05_0020.bmp,1,2,5,0,17,31,31,1,31,13,-1
01_12_02_05_0023.bmp,1,2,5,0,17,31,31,0,12,12,-1
01_12_02_05_0026.bmp,0,2,5,0,17,15,15,1,15,15,-1
01_12_02_05_0027.bmp,1,2,5,0,17,31,31,10,12,17,-1
01_12_02_05_0030.bmp,0,2,5,0,17,2,13,2,2,2,-1
01_12_02_05_0031.bmp,1,2,5,0,17,31,31,42,12,17,-1
01_12_02_05_0032.bmp,1,2,5,0,17,31,31,0,12,17,-1
01_12_02_05_0033.bmp,0,2,5,0,17,15,15,26,14,17,-1
01_12_02_05_0034.bmp,0,2,5,0,17,15,15,15,17,17,-1
01_12_02_05_0034.bmp,1,2,5,0,17,31,32,0,5,17,-1
01_12_02_05_0035.bmp,1,2,5,0,17,31,32,0,5,17,-1
01_12_02_05_0036.bmp,1,2,5,0,17,31,32,0,5,17,-1
01_12_02_05_0037.bmp,1,2,5,0,17,31,32,0,5,14,-1
01_12_02_05_0040.bmp,0,2,5,0,17,17,15,17,17,17,-1
01_12_02_05_0040.bmp,1,2,5,0,17,31,32,0,5,13,-1
01_12_02_05_0041.bmp,0,2,5,0,17,17,17,17,17,14,-1
01_12_02_05_0041.bmp,1,2,5,0,17,31,32,0,5,13,-1
01_12_02_05_0042.bmp,0,2,5,0,17,17,17,17,17,17,-1
01_12_02_05_0043.bmp,1,2,5,0,17,31,32,0,5,13,-1
01_12_02_05_0044.bmp,0,2,5,0,17,31,32,0,5,13,-1
01_12_02_05_0045.bmp,0,2,5,0,17,31,32,0,5,17,-1
01_12_02_05_0047.bmp,0,2,5,0,17,31,36,0,5,13,-1
01_12_02_05_0052.bmp,0,2,5,0,17,31,31,0,15,17,-1
01_12_02_05_0053.bmp,0,2,5,0,17,31,31,0,15,5,-1
01_12_02_05_0054.bmp,0,2,5,0,17,36,36,0,12,17,-1
01_12_02_05_0058.bmp,0,2,5,0,17,31,31,0,12,16,-1
01_12_02_05_0067.bmp,0,2,5,0,17,31,31,0,12,0,-1
01_12_02_05_0068.bmp,0,2,5,0,17,31,31,0,12,0,-1
01_12_02_05_0069.bmp,0,2,5,0,17,31,31,0,12,0,-1
01_12_02_05_0074.bmp,0,2,5,0,17,31,31,0,12,0,-1
01_12_02_05_0076.bmp,0,2,5,0,17,12,31,0,12,0,-1
01_12_02_05_0077.bmp,0,2,5,0,17,12,31,0,12,0,-1
01_12_02_05_0079.bmp,0,2,5,0,17,36,31,0,12,14,-1
01_12_02_05_0080.bmp,0,2,5,0,17,31,31,0,12,13,-1
01_12_02_05_0083.bmp,0,2,5,0,17,12,31,0,0,0,-1
01_12_02_05_0086.bmp,0,2,5,0,17,12,31,0,12,17,-1
01_12_02_05_0087.bmp,0,2,5,0,17,12,31,0,0,14,-1
01_12_02_05_0089.bmp,0,2,5,0,17,36,36,0,0,14,-1
01_12_02_05_0090.bmp,0,2,5,0,17,36,36,13,0,14,-1
01_12_02_05_0092.bmp,0,2,5,0,17,31,17,0,0,14,-1
01_12_02_05_0093.bmp,0,2,5,0,17,36,36,13,0,14,-1
01_12_02_05_0106.bmp,0,2,5,0,17,31,36,12,0,14,-1
01_12_02_05_0111.bmp,0,2,5,0,17,15,36,0,15,13,-1
01_12_02_05_0112.bmp,0,2,5,0,17,15,15,0,15,17,-1
01_12_02_05_0116.bmp,0,2,5,0,17,15,15,15,15,17,-1
01_13_02_05_0001.bmp,0,2,5,0,13,12,31,11,12,12,-1
01_13_02_05_0001.bmp,1,2,5,0,13,31,31,1,13,36,-1
01_13_02_05_0004.bmp,1,2,5,0,13,36,11,13,0,36,-1
01_13_02_05_0007.bmp,0,2,5,0,13,12,31,11,12,12,-1
01_13_02_05_0007.bmp,1,2,5,0,13,31,31,13,13,0,-1
01_13_02_05_0009.bmp,0,2,5,0,13,12,31,32,12,12,-1
01_13_02_05_0009.bmp,1,2,5,0,13,36,31,0,13,36,-1
01_13_02_05_0010.bmp,0,2,5,0,13,31,31,11,12,12,-1
01_13_02_05_0016.bmp,0,2,5,0,13,12,31,32,12,12,-1
01_13_02_05_0017.bmp,1,2,5,0,13,36,31,13,13,13,-1
01_13_02_05_0019.bmp,0,2,5,0,13,12,31,32,12,12,-1
01_13_02_05_0019.bmp,1,2,5,0,13,36,31,0,13,13,-1
01_13_02_05_0021.bmp,0,2,5,0,13,12,31,11,12,12,-1
01_13_02_05_0022.bmp,0,2,5,0,13,12,31,32,12,12,-1
01_13_02_05_0023.bmp,1,2,5,0,13,31,31,13,13,13,-1
01_13_02_05_0024.bmp,0,2,5,0,13,12,31,32,12,32,-1
01_13_02_05_0024.bmp,1,2,5,0,13,36,31,13,13,13,-1
01_13_02_05_0025.bmp,0,2,5,0,13,12,31,12,12,32,-1
01_13_02_05_0027.bmp,0,2,5,0,13,12,31,11,12,32,-1
01_13_02_05_0028.bmp,1,2,5,0,13,13,0,1,13,13,-1
01_13_02_05_0029.bmp,1,2,5,0,13,0,0,13,13,13,-1
01_13_02_05_0030.bmp,0,2,5,0,13,12,12,32,12,32,-1
01_13_02_05_0030.bmp,1,2,5,0,13,13,11,1,13,13,-1
01_13_02_05_0031.bmp,0,2,5,0,13,12,12,11,12,13,-1
01_13_02_05_0031.bmp,1,2,5,0,13,13,11,0,13,13,-1
01_13_02_05_0032.bmp,0,2,5,0,13,12,12,11,12,13,-1
01_13_02_05_0036.bmp,1,2,5,0,13,13,11,13,13,13,-1
01_13_02_05_0037.bmp,0,2,5,0,13,12,12,1,12,32,-1
01_13_02_05_0037.bmp,1,2,5,0,13,13,11,13,13,13,-1
01_13_02_05_0038.bmp,0,2,5,0,13,12,31,11,12,32,-1
01_13_02_05_0038.bmp,1,2,5,0,13,13,11,13,13,13,-1
01_13_02_05_0041.bmp,0,2,5,0,13,12,12,12,12,32,-1
01_13_02_05_0043.bmp,1,2,5,0,13,13,11,13,13,13,-1
01_13_02_05_0045.bmp,1,2,5,0,13,13,11,13,13,15,-1
01_13_02_05_0049.bmp,0,2,5,0,13,12,12,12,12,32,-1
01_13_02_05_0050.bmp,0,2,5,0,13,12,12,11,12,32,-1
01_13_02_05_0050.bmp,1,2,5,0,13,13,13,13,13,13,-1
01_13_02_05_0052.bmp,1,2,5,0,13,13,13,13,13,13,-1
01_13_02_05_0053.bmp,0,2,5,0,13,12,12,32,12,32,-1
01_13_02_05_0053.bmp,1,2,5,0,13,13,13,13,13,13,-1
01_13_02_05_0054.bmp,0,2,5,0,13,12,12,32,12,32,-1
01_13_02_05_0055.bmp,1,2,5,0,13,13,13,13,13,13,-1
01_13_02_05_0059.bmp,0,2,5,0,13,31,12,11,12,32,-1
01_13_02_05_0060.bmp,1,2,5,0,13,13,13,13,13,13,-1
01_13_02_05_0062.bmp,1,2,5,0,13,13,13,13,15,15,-1
01_13_02_05_0066.bmp,0,2,5,0,13,12,12,13,12,32,-1
01_13_02_05_0070.bmp,1,2,5,0,13,27,31,7,27,13,-1
01_13_02_05_0072.bmp,1,2,5,0,13,27,31,0,27,17,-1
01_13_02_05_0075.bmp,0,2,5,0,13,12,12,13,12,13,-1
01_13_02_05_0075.bmp,1,2,5,0,13,27,31,1,27,31,-1
01_13_02_05_0076.bmp,1,2,5,0,13,27,31,1,27,31,-1
01_13_02_05_0080.bmp,0,2,5,0,13,13,12,13,12,13,-1
01_13_02_05_0081.bmp,1,2,5,0,13,12,31,0,25,31,-1
01_13_02_05_0082.bmp,0,2,5,0,13,13,12,13,12,13,-1
01_13_02_05_0083.bmp,0,2,5,0,13,13,12,13,32,13,-1
01_13_02_05_0084.bmp,1,2,5,0,13,31,31,0,27,31,-1
01_13_02_05_0086.bmp,0,2,5,0,13,13,13,13,13,13,-1
01_13_02_05_0088.bmp,1,2,5,0,13,31,31,0,39,31,-1
01_13_02_05_0089.bmp,0,2,5,0,13,13,13,13,13,13,-1
01_13_02_05_0090.bmp,1,2,5,0,13,12,31,7,12,31,-1
01_13_02_05_0091.bmp,0,2,5,0,13,13,13,13,13,13,-1
01_13_02_05_0091.bmp,1,2,5,0,13,12,31,31,12,31,-1
01_13_02_05_0092.bmp,0,2,5,0,13,13,13,13,13,13,-1
01_13_02_05_0093.bmp,0,2,5,0,13,13,13,13,13,13,-1
01_13_02_05_0093.bmp,1,2,5,0,13,12,31,0,25,31,-1
01_13_02_05_0095.bmp,1,2,5,0,13,12,31,31,25,31,-1
01_13_02_05_0098.bmp,0,2,5,0,13,13,13,13,13,13,-1
01_13_02_05_0101.bmp,0,2,5,0,13,13,13,13,13,13,-1
01_13_02_05_0101.bmp,1,2,5,0,13,12,31,17,39,31,-1
01_13_02_05_0104.bmp,0,2,5,0,13,13,13,13,13,13,-1
01_13_02_05_0106.bmp,1,2,5,0,13,12,31,32,12,12,-1
01_13_02_05_0108.bmp,1,2,5,0,13,32,32,25,32,32,-1
01_13_02_05_0109.bmp,0,2,5,0,13,13,13,13,13,13,-1
01_13_02_05_0111.bmp,1,2,5,0,13,12,31,32,12,15,-1
01_13_02_05_0113.bmp,0,2,5,0,13,15,13,13,13,7,-1
01_13_02_05_0113.bmp,1,2,5,0,13,32,31,25,32,32,-1
01_13_02_05_0114.bmp,1,2,5,0,13,12,31,12,12,13,-1
01_13_02_05_0115.bmp,0,2,5,0,13,11,31,32,23,26,-1
01_13_02_05_0116.bmp,1,2,5,0,13,12,31,0,12,31,-1
01_13_02_05_0117.bmp,1,2,5,0,13,12,31,12,12,31,-1
01_13_02_05_0119.bmp,1,2,5,0,13,12,31,12,12,13,-1
01_13_02_05_0120.bmp,1,2,5,0,13,12,31,12,12,12,-1
01_13_02_05_0121.bmp,1,2,5,0,13,12,31,0,12,12,-1
01_13_02_05_0122.bmp,0,2,5,0,13,19,31,32,11,12,-1
01_13_02_05_0125.bmp,0,2,5,0,13,12,31,32,12,12,-1
01_13_02_05_0128.bmp,0,2,5,0,13,12,31,32,12,32,-1
01_13_02_05_0128.bmp,1,2,5,0,13,12,31,12,12,31,-1
01_13_02_05_0130.bmp,1,2,5,0,13,12,31,12,12,31,-1
01_13_02_05_0131.bmp,0,2,5,0,13,12,31,32,12,32,-1
01_13_02_05_0131.bmp,1,2,5,0,13,12,31,12,12,12,-1
01_13_02_05_0132.bmp,0,2,5,0,13,12,31,32,12,32,-1
01_13_02_05_0132.bmp,1,2,5,0,13,12,31,12,12,12,-1
01_13_02_05_0134.bmp,1,2,5,0,13,12,31,12,12,12,-1
01_13_02_05_0136.bmp,0,2,5,0,13,12,31,32,12,32,-1
01_13_02_05_0137.bmp,0,2,5,0,13,12,32,32,12,32,-1
01_13_02_05_0137.bmp,1,2,5,0,13,12,31,12,12,15,-1
01_13_02_05_0138.bmp,1,2,5,0,13,12,31,12,12,15,-1
01_13_02_05_0139.bmp,1,2,5,0,13,12,31,12,12,13,-1
01_13_02_05_0140.bmp,1,2,5,0,13,12,31,12,12,15,-1
01_13_02_05_0141.bmp,1,2,5,0,13,12,31,12,12,15,-1
01_13_02_05_0146.bmp,1,2,5,0,13,12,31,12,12,31,-1
01_13_02_05_0148.bmp,0,2,5,0,13,32,32,32,32,32,-1
01_13_02_05_0149.bmp,1,2,5,0,13,12,31,13,12,13,-1
01_13_02_05_0150.bmp,0,2,5,0,13,32,32,32,32,32,-1
01_13_02_05_0151.bmp,0,2,5,0,13,32,32,32,32,32,-1
01_13_02_05_0151.bmp,1,2,5,0,13,12,31,13,12,15,-1
01_13_02_05_0153.bmp,0,2,5,0,13,32,32,32,32,32,-1
01_13_02_05_0155.bmp,0,2,5,0,13,32,32,32,32,15,-1
01_13_02_05_0155.bmp,1,2,5,0,13,12,31,13,12,15,-1
01_13_02_05_0156.bmp,0,2,5,0,13,32,32,32,32,15,-1
01_13_02_05_0157.bmp,0,2,5,0,13,32,32,32,32,15,-1
01_13_02_05_0160.bmp,0,2,5,0,13,32,13,32,32,15,-1
01_13_02_05_0161.bmp,1,2,5,0,13,12,31,13,12,15,-1
01_13_02_05_0164.bmp,0,2,5,0,13,32,13,13,32,15,-1
01_13_02_05_0165.bmp,1,2,5,0,13,12,31,13,12,15,-1
01_13_02_05_0168.bmp,0,2,5,0,13,19,31,16,32,12,-1
01_13_02_05_0169.bmp,0,2,5,0,13,19,31,10,11,13,-1
01_13_02_05_0170.bmp,0,2,5,0,13,19,31,10,32,12,-1
01_13_02_05_0170.bmp,1,2,5,0,13,12,31,13,12,13,-1
01_13_02_05_0171.bmp,0,2,5,0,13,19,31,42,11,19,-1
01_13_02_05_0172.bmp,1,2,5,0,13,12,31,13,12,13,-1
01_13_02_05_0174.bmp,0,2,5,0,13,19,31,12,32,12,-1
01_13_02_05_0174.bmp,1,2,5,0,13,31,31,13,13,13,-1
01_13_02_05_0176.bmp,0,2,5,0,13,19,31,42,11,24,-1
01_13_02_05_0177.bmp,0,2,5,0,13,19,31,12,32,24,-1
01_13_02_05_0179.bmp,1,2,5,0,13,12,31,13,12,15,-1
01_13_02_05_0181.bmp,1,2,5,0,13,12,31,13,12,13,-1
01_13_02_05_0182.bmp,1,2,5,0,13,12,31,13,12,13,-1
01_13_02_05_0183.bmp,0,2,5,0,13,19,31,11,32,13,-1
01_13_02_05_0185.bmp,1,2,5,0,13,12,31,13,12,13,-1
01_13_02_05_0186.bmp,0,2,5,0,13,19,31,12,11,12,-1
01_13_02_05_0187.bmp,0,2,5,0,13,19,31,16,32,13,-1
01_13_02_05_0190.bmp,0,2,5,0,13,19,31,1,11,12,-1
01_13_02_05_0194.bmp,0,2,5,0,13,19,31,12,11,12,-1
01_13_02_05_0198.bmp,0,2,5,0,13,19,31,11,11,7,-1
01_13_02_05_0199.bmp,1,2,5,0,13,12,31,13,12,13,-1
01_13_02_05_0201.bmp,1,2,5,0,13,12,31,13,12,15,-1
01_13_02_05_0202.bmp,0,2,5,0,13,19,31,12,13,24,-1
01_13_02_05_0204.bmp,0,2,5,0,13,19,31,1,13,24,-1
01_13_02_05_0204.bmp,1,2,5,0,13,12,31,13,12,15,-1
01_13_02_05_0205.bmp,0,2,5,0,13,19,31,13,13,24,-1
01_13_02_05_0205.bmp,1,2,5,0,13,12,31,13,12,13,-1
01_13_02_05_0206.bmp,1,2,5,0,13,12,31,13,12,15,-1
01_13_02_05_0210.bmp,0,2,5,0,13,12,31,13,12,12,-1
01_13_02_05_0211.bmp,1,2,5,0,13,12,31,13,12,15,-1
01_13_02_05_0212.bmp,0,2,5,0,13,12,31,16,12,12,-1
01_13_02_05_0213.bmp,0,2,5,0,13,12,31,13,12,12,-1
01_13_02_05_0213.bmp,1,2,5,0,13,12,31,13,12,13,-1
01_13_02_05_0216.bmp,0,2,5,0,13,12,31,13,12,13,-1
01_13_02_05_0217.bmp,0,2,5,0,13,32,31,12,12,32,-1
01_13_02_05_0217.bmp,1,2,5,0,13,12,31,13,12,13,-1
01_13_02_05_0218.bmp,0,2,5,0,13,32,31,32,32,32,-1
01_13_02_05_0220.bmp,0,2,5,0,13,32,31,13,32,32,-1
01_13_02_05_0220.bmp,1,2,5,0,13,12,31,13,12,15,-1
01_13_02_05_0221.bmp,0,2,5,0,13,32,31,12,32,15,-1
01_13_02_05_0221.bmp,1,2,5,0,13,12,31,13,12,13,-1
01_13_02_05_0226.bmp,0,2,5,0,13,32,31,32,32,15,-1
01_13_02_05_0228.bmp,0,2,5,0,13,32,31,32,32,15,-1
01_13_02_05_0228.bmp,1,2,5,0,13,12,31,13,12,13,-1
01_13_02_05_0229.bmp,0,2,5,0,13,32,31,32,32,15,-1
01_13_02_05_0229.bmp,1,2,5,0,13,12,31,13,12,13,-1
01_13_02_05_0230.bmp,1,2,5,0,13,12,31,13,12,13,-1
01_13_02_05_0232.bmp,0,2,5,0,13,32,36,32,15,15,-1
01_13_02_05_0232.bmp,1,2,5,0,13,12,31,12,12,13,-1
01_13_02_05_0233.bmp,1,2,5,0,13,12,31,13,12,13,-1
01_13_02_05_0234.bmp,1,2,5,0,13,12,31,12,12,13,-1
01_13_02_05_0236.bmp,1,2,5,0,13,12,31,13,12,13,-1
01_13_02_05_0237.bmp,1,2,5,0,13,12,31,12,12,13,-1
01_13_02_05_0238.bmp,0,2,5,0,13,32,15,32,15,15,-1
01_13_02_05_0240.bmp,0,2,5,0,13,15,0,13,15,15,-1
01_13_02_05_0241.bmp,1,2,5,0,13,12,31,13,12,13,-1
01_13_02_05_0242.bmp,1,2,5,0,13,12,31,13,12,13,-1
01_13_02_05_0244.bmp,1,2,5,0,13,12,31,13,12,13,-1
01_13_02_05_0248.bmp,0,2,5,0,13,13,13,13,13,15,-1
01_13_02_05_0249.bmp,0,2,5,0,13,15,13,13,15,15,-1
01_13_02_05_0249.bmp,1,2,5,0,13,12,31,13,12,13,-1
01_13_02_05_0250.bmp,0,2,5,0,13,15,13,13,15,15,-1
01_13_02_05_0250.bmp,1,2,5,0,13,12,31,13,12,13,-1
01_13_02_05_0252.bmp,0,2,5,0,13,13,13,13,15,15,-1
01_13_02_05_0252.bmp,1,2,5,0,13,12,31,13,12,13,-1
01_13_02_05_0254.bmp,0,2,5,0,13,13,13,13,15,15,-1
01_13_02_05_0255.bmp,0,2,5,0,13,13,13,13,15,15,-1
01_13_02_05_0256.bmp,0,2,5,0,13,13,13,13,15,15,-1
01_13_02_05_0257.bmp,0,2,5,0,13,13,13,13,15,15,-1
01_13_02_05_0258.bmp,0,2,5,0,13,13,13,13,13,13,-1
01_13_02_05_0259.bmp,0,2,5,0,13,13,13,13,13,13,-1
01_13_02_05_0260.bmp,1,2,5,0,13,12,31,13,12,13,-1
01_13_02_05_0261.bmp,0,2,5,0,13,13,13,13,13,13,-1
01_13_02_05_0262.bmp,1,2,5,0,13,12,31,13,12,13,-1
01_13_02_05_0264.bmp,0,2,5,0,13,13,13,13,13,13,-1
01_13_02_05_0266.bmp,1,2,5,0,13,12,31,13,12,15,-1
01_13_02_05_0267.bmp,0,2,5,0,13,13,13,13,13,13,-1
01_13_02_05_0267.bmp,1,2,5,0,13,12,31,13,12,15,-1
01_13_02_05_0268.bmp,0,2,5,0,13,13,13,13,13,13,-1
01_13_02_05_0270.bmp,0,2,5,0,13,12,31,13,12,13,-1
01_13_02_05_0271.bmp,0,2,5,0,13,12,31,13,12,13,-1
01_13_02_05_0275.bmp,0,2,5,0,13,12,31,13,12,13,-1
01_13_02_05_0276.bmp,0,2,5,0,13,12,31,13,12,13,-1
01_13_02_05_0277.bmp,0,2,5,0,13,12,31,13,12,13,-1
01_13_02_05_0279.bmp,0,2,5,0,13,12,31,13,12,13,-1
01_13_02_05_0280.bmp,0,2,5,0,13,12,31,13,12,13,-1
01_13_02_05_0282.bmp,0,2,5,0,13,12,31,13,12,13,-1
01_13_02_05_0284.bmp,0,2,5,0,13,12,31,13,12,13,-1
01_13_02_05_0285.bmp,0,2,5,0,13,12,31,13,12,13,-1
01_13_02_05_0290.bmp,0,2,5,0,13,12,31,13,12,15,-1
01_13_02_05_0292.bmp,0,2,5,0,13,12,31,13,12,13,-1
01_13_02_05_0294.bmp,0,2,5,0,13,12,31,13,12,13,-1
01_13_02_05_0295.bmp,0,2,5,0,13,12,31,13,12,13,-1
01_13_02_05_0297.bmp,0,2,5,0,13,12,31,13,12,13,-1
01_13_02_05_0298.bmp,0,2,5,0,13,12,31,13,12,15,-1
01_13_02_05_0300.bmp,0,2,5,0,13,12,31,13,12,13,-1
01_13_02_05_0301.bmp,0,2,5,0,13,12,31,13,12,13,-1
01_13_02_05_0304.bmp,0,2,5,0,13,12,31,13,12,13,-1
01_13_02_05_0307.bmp,0,2,5,0,13,12,31,13,12,13,-1
01_13_02_05_0309.bmp,0,2,5,0,13,12,31,13,12,13,-1
01_13_02_05_0311.bmp,0,2,5,0,13,12,31,13,12,13,-1
01_13_02_05_0315.bmp,0,2,5,0,13,12,31,13,12,13,-1
01_13_02_05_0316.bmp,0,2,5,0,13,12,31,13,12,13,-1
01_13_02_05_0318.bmp,0,2,5,0,13,12,31,12,12,12,-1
01_13_02_05_0321.bmp,0,2,5,0,13,12,31,12,12,13,-1
01_13_02_05_0327.bmp,0,2,5,0,13,12,31,12,12,12,-1
01_13_02_05_0328.bmp,0,2,5,0,13,12,31,12,12,13,-1
01_13_02_05_0330.bmp,0,2,5,0,13,12,31,12,12,13,-1
01_13_02_05_0334.bmp,0,2,5,0,13,12,31,13,12,13,-1
01_13_02_05_0335.bmp,0,2,5,0,13,13,31,12,13,13,-1
01_13_02_05_0337.bmp,0,2,5,0,13,13,31,13,13,13,-1
01_13_02_05_0340.bmp,0,2,5,0,13,12,31,12,12,13,-1
01_13_02_05_0345.bmp,0,2,5,0,13,13,13,13,13,13,-1
01_13_02_05_0347.bmp,0,2,5,0,13,13,13,13,13,13,-1
01_13_02_05_0356.bmp,0,2,5,0,13,15,13,8,8,7,-1
01_13_02_05_0358.bmp,0,2,5,0,13,15,13,13,15,15,-1
01_13_02_05_0359.bmp,0,2,5,0,13,15,13,13,15,15,-1
01_13_02_05_0360.bmp,0,2,5,0,13,15,13,13,15,15,-1
01_13_02_05_0362.bmp,0,2,5,0,13,15,15,15,15,15,-1
01_13_02_05_0387.bmp,0,2,5,0,13,19,31,11,7,12,-1
01_13_02_05_0390.bmp,0,2,5,0,13,19,31,11,7,13,-1
01_13_02_05_0393.bmp,0,2,5,0,13,19,31,11,7,12,-1
01_13_02_05_0394.bmp,0,2,5,0,13,19,31,11,40,13,-1
01_13_02_05_0397.bmp,0,2,5,0,13,19,31,11,19,12,-1
01_13_02_05_0400.bmp,0,2,5,0,13,19,31,11,19,13,-1
01_13_02_05_0401.bmp,0,2,5,0,13,19,31,11,19,19,-1
01_13_02_05_0407.bmp,0,2,5,0,13,19,31,11,19,15,-1
01_13_02_05_0409.bmp,0,2,5,0,13,19,31,11,40,19,-1
01_13_02_05_0411.bmp,0,2,5,0,13,19,31,32,19,19,-1
01_13_02_05_0416.bmp,0,2,5,0,13,19,31,11,19,13,-1
01_13_02_05_0420.bmp,0,2,5,0,13,19,31,25,19,19,-1
01_13_02_05_0425.bmp,0,2,5,0,13,31,31,12,19,19,-1
01_13_02_05_0430.bmp,0,2,5,0,13,19,31,11,19,13,-1
01_13_02_05_0431.bmp,0,2,5,0,13,31,31,12,19,13,-1
01_13_02_05_0432.bmp,0,2,5,0,13,19,31,42,19,18,-1
01_13_02_05_0437.bmp,0,2,5,0,13,31,31,11,19,38,-1
01_13_02_05_0444.bmp,0,2,5,0,13,19,31,12,19,4,-1
01_13_02_05_0445.bmp,0,2,5,0,13,32,31,25,32,13,-1
01_13_02_05_0448.bmp,0,2,5,0,13,19,31,13,19,12,-1
01_13_02_05_0449.bmp,0,2,5,0,13,19,31,32,12,13,-1
01_13_02_05_0450.bmp,0,2,5,0,13,31,31,1,12,12,-1
01_13_02_05_0452.bmp,0,2,5,0,13,19,31,25,19,19,-1
01_13_02_05_0457.bmp,0,2,5,0,13,31,31,1,31,31,-1
01_13_02_05_0458.bmp,0,2,5,0,13,31,31,12,31,31,-1
01_13_02_05_0459.bmp,0,2,5,0,13,31,31,12,12,31,-1
01_13_02_05_0460.bmp,0,2,5,0,13,31,31,12,12,31,-1
01_13_02_05_0462.bmp,0,2,5,0,13,31,31,1,12,12,-1
01_13_02_05_0466.bmp,0,2,5,0,13,12,31,13,13,13,-1
01_13_02_05_0470.bmp,0,2,5,0,13,13,31,13,13,15,-1
01_13_02_05_0474.bmp,0,2,5,0,13,32,31,13,15,15,-1
01_13_02_05_0477.bmp,0,2,5,0,13,32,31,13,15,15,-1
01_13_02_05_0478.bmp,0,2,5,0,13,32,31,4,15,15,-1
01_13_02_05_0481.bmp,0,2,5,0,13,32,31,13,15,15,-1
01_13_02_05_0484.bmp,0,2,5,0,13,32,31,13,15,15,-1
01_13_02_05_0486.bmp,0,2,5,0,13,32,31,13,15,15,-1
01_13_02_05_0493.bmp,0,2,5,0,13,13,13,13,32,13,-1
01_13_02_05_0496.bmp,0,2,5,0,13,13,13,13,13,15,-1
01_13_02_05_0497.bmp,0,2,5,0,13,13,13,13,13,13,-1
01_13_02_05_0499.bmp,0,2,5,0,13,13,13,13,13,13,-1
01_13_02_05_0501.bmp,0,2,5,0,13,13,13,13,13,13,-1
01_13_02_05_0505.bmp,0,2,5,0,13,13,13,13,13,13,-1
01_13_02_05_0506.bmp,0,2,5,0,13,13,13,13,13,13,-1
01_13_02_05_0507.bmp,0,2,5,0,13,13,13,13,13,13,-1
01_13_02_05_0508.bmp,0,2,5,0,13,13,13,13,13,13,-1
01_13_02_05_0510.bmp,0,2,5,0,13,13,13,13,13,13,-1
01_13_02_05_0511.bmp,0,2,5,0,13,13,13,13,13,7,-1
01_13_02_05_0512.bmp,0,2,5,0,13,13,13,13,13,13,-1
01_13_02_05_0513.bmp,0,2,5,0,13,13,13,13,13,13,-1
01_13_02_05_0515.bmp,0,2,5,0,13,15,15,8,8,8,-1
01_13_02_05_0516.bmp,0,2,5,0,13,31,31,1,27,19,-1
01_13_02_05_0517.bmp,0,2,5,0,13,31,31,1,19,19,-1
01_13_02_05_0521.bmp,0,2,5,0,13,19,31,32,19,19,-1
01_13_02_05_0524.bmp,0,2,5,0,13,31,31,12,19,19,-1
01_13_02_05_0527.bmp,0,2,5,0,13,12,31,13,12,19,-1
01_13_02_05_0530.bmp,0,2,5,0,13,31,31,32,32,32,-1
01_13_02_05_0535.bmp,0,2,5,0,13,12,31,12,12,19,-1
01_13_02_05_0537.bmp,0,2,5,0,13,12,31,1,12,12,-1
01_13_02_05_0538.bmp,0,2,5,0,13,19,31,32,27,32,-1
01_13_02_05_0540.bmp,0,2,5,0,13,31,31,12,32,32,-1
01_13_02_05_0543.bmp,0,2,5,0,13,12,31,13,12,12,-1
01_13_02_05_0546.bmp,0,2,5,0,13,31,31,12,32,12,-1
01_13_02_05_0550.bmp,0,2,5,0,13,19,31,32,32,12,-1
01_13_02_05_0551.bmp,0,2,5,0,13,12,31,7,40,12,-1
01_13_02_05_0552.bmp,0,2,5,0,13,19,31,12,32,32,-1
01_13_02_05_0555.bmp,0,2,5,0,13,12,31,32,12,12,-1
01_13_02_05_0558.bmp,0,2,5,0,13,31,31,12,32,12,-1
01_13_02_05_0559.bmp,0,2,5,0,13,12,31,7,12,13,-1
01_13_02_05_0563.bmp,0,2,5,0,13,12,31,10,12,15,-1
01_13_02_05_0566.bmp,0,2,5,0,13,31,31,11,19,19,-1
01_13_02_05_0568.bmp,0,2,5,0,13,31,31,1,19,31,-1
01_13_02_05_0570.bmp,0,2,5,0,13,19,31,1,19,12,-1
01_13_02_05_0580.bmp,0,2,5,0,13,32,31,1,32,32,-1
01_13_02_05_0582.bmp,0,2,5,0,13,19,31,32,32,12,-1
01_13_02_05_0585.bmp,0,2,5,0,13,32,31,4,32,32,-1
01_13_02_05_0587.bmp,0,2,5,0,13,32,31,32,32,32,-1
01_13_02_05_0591.bmp,0,2,5,0,13,19,31,13,32,15,-1
01_13_02_05_0592.bmp,0,2,5,0,13,19,31,1,13,13,-1
01_13_02_05_0593.bmp,0,2,5,0,13,19,31,32,32,15,-1
01_13_02_05_0601.bmp,0,2,5,0,13,32,31,32,32,15,-1
01_13_02_05_0602.bmp,0,2,5,0,13,12,31,32,13,15,-1
01_13_02_05_0604.bmp,0,2,5,0,13,32,31,32,32,15,-1
01_13_02_05_0606.bmp,0,2,5,0,13,32,31,13,32,15,-1
01_13_02_05_0612.bmp,0,2,5,0,13,13,13,13,32,15,-1
01_13_02_05_0618.bmp,0,2,5,0,13,13,13,13,13,13,-1
01_13_02_05_0620.bmp,0,2,5,0,13,13,13,13,13,13,-1
01_13_02_05_0621.bmp,0,2,5,0,13,13,13,13,13,13,-1
01_13_02_05_0623.bmp,0,2,5,0,13,13,13,13,13,13,-1
01_13_02_05_0624.bmp,0,2,5,0,13,13,13,13,13,13,-1
01_03_07_03_0006.bmp,0,7,3,0,9,31,31,1,31,36,-1
01_03_07_03_0008.bmp,0,7,3,0,9,31,31,1,31,12,-1
01_03_07_03_0009.bmp,0,7,3,0,9,31,31,12,31,12,-1
01_03_07_03_0011.bmp,0,7,3,0,9,31,31,32,32,13,-1
01_03_07_03_0017.bmp,0,7,3,0,9,31,31,32,12,15,-1
01_03_07_03_0019.bmp,0,7,3,0,9,31,31,13,31,12,-1
01_03_07_03_0020.bmp,0,7,3,0,9,31,31,13,12,15,-1
01_03_07_03_0021.bmp,0,7,3,0,9,32,31,32,32,15,-1
01_03_07_03_0023.bmp,0,7,3,0,9,32,31,16,12,13,-1
01_03_07_03_0024.bmp,0,7,3,0,9,19,31,16,12,15,-1
01_03_07_03_0028.bmp,0,7,3,0,9,19,31,16,12,15,-1
01_03_07_03_0038.bmp,0,7,3,0,9,32,31,16,32,15,-1
01_03_07_03_0040.bmp,0,7,3,0,9,32,31,41,32,15,-1
01_03_07_03_0043.bmp,0,7,3,0,9,32,31,13,32,15,-1
01_03_07_03_0054.bmp,0,7,3,0,9,32,31,16,19,15,-1
01_03_07_03_0055.bmp,0,7,3,0,9,32,13,16,32,13,-1
01_03_07_03_0063.bmp,0,7,3,0,9,15,0,16,15,15,-1
01_03_07_03_0065.bmp,0,7,3,0,9,15,15,15,15,15,-1
01_03_07_03_0075.bmp,0,7,3,0,9,15,15,15,15,15,-1
01_03_07_03_0079.bmp,0,7,3,0,9,15,15,15,15,15,-1
01_03_07_03_0080.bmp,0,7,3,0,9,15,15,15,15,15,-1
01_03_07_03_0081.bmp,0,7,3,0,9,15,15,15,15,15,-1
01_03_07_03_0085.bmp,0,7,3,0,9,15,15,15,15,15,-1
01_06_07_03_0001.bmp,0,7,3,0,14,36,31,13,19,15,-1
01_06_07_03_0003.bmp,1,7,3,0,14,36,36,36,13,6,-1
01_06_07_03_0004.bmp,0,7,3,0,14,36,36,0,17,14,-1
01_06_07_03_0007.bmp,0,7,3,0,14,15,36,17,17,14,-1
01_06_07_03_0007.bmp,1,7,3,0,14,36,36,25,36,6,-1
01_06_07_03_0009.bmp,0,7,3,0,14,17,36,17,17,14,-1
01_06_07_03_0010.bmp,1,7,3,0,14,36,36,0,0,0,-1
01_06_07_03_0014.bmp,1,7,3,0,14,36,36,0,0,13,-1
01_06_07_03_0015.bmp,0,7,3,0,14,17,15,17,17,14,-1
01_06_07_03_0015.bmp,1,7,3,0,14,36,36,0,0,14,-1
01_06_07_03_0016.bmp,0,7,3,0,14,17,36,17,17,14,-1
01_06_07_03_0017.bmp,0,7,3,0,14,17,36,17,17,17,-1
01_06_07_03_0018.bmp,0,7,3,0,14,17,25,17,17,14,-1
01_06_07_03_0020.bmp,1,7,3,0,14,0,36,0,0,13,-1
01_06_07_03_0022.bmp,0,7,3,0,14,17,15,17,17,14,-1
01_06_07_03_0025.bmp,1,7,3,0,14,12,36,25,0,13,-1
01_06_07_03_0026.bmp,0,7,3,0,14,17,13,17,14,17,-1
01_06_07_03_0027.bmp,0,7,3,0,14,17,13,17,14,14,-1
01_06_07_03_0028.bmp,0,7,3,0,14,17,13,17,14,17,-1
01_06_07_03_0028.bmp,1,7,3,0,14,12,36,18,12,14,-1
01_06_07_03_0030.bmp,0,7,3,0,14,17,17,17,14,17,-1
01_06_07_03_0030.bmp,1,7,3,0,14,31,31,13,19,32,-1
01_06_07_03_0032.bmp,1,7,3,0,14,31,31,12,31,13,-1
01_06_07_03_0033.bmp,0,7,3,0,14,17,13,17,17,17,-1
01_06_07_03_0033.bmp,1,7,3,0,14,31,31,32,31,13,-1
01_06_07_03_0035.bmp,0,7,3,0,14,14,13,14,14,17,-1
01_06_07_03_0035.bmp,1,7,3,0,14,31,31,18,31,13,-1
01_06_07_03_0036.bmp,1,7,3,0,14,31,31,18,31,13,-1
01_06_07_03_0037.bmp,0,7,3,0,14,14,13,17,14,17,-1
01_06_07_03_0039.bmp,1,7,3,0,14,31,31,12,13,3,-1
01_06_07_03_0040.bmp,0,7,3,0,14,14,17,14,14,17,-1
01_06_07_03_0041.bmp,0,7,3,0,14,14,17,14,14,14,-1
01_06_07_03_0041.bmp,1,7,3,0,14,12,31,13,13,3,-1
01_06_07_03_0042.bmp,0,7,3,0,14,14,17,14,14,17,-1
01_06_07_03_0043.bmp,1,7,3,0,14,12,31,12,15,13,-1
01_06_07_03_0044.bmp,1,7,3,0,14,12,31,12,13,13,-1
01_06_07_03_0054.bmp,0,7,3,0,14,13,12,25,14,14,-1
01_06_07_03_0055.bmp,0,7,3,0,14,13,12,12,32,15,-1
01_06_07_03_0058.bmp,0,7,3,0,14,13,36,13,13,15,-1
01_06_07_03_0059.bmp,0,7,3,0,14,13,36,13,14,15,-1
01_06_07_03_0061.bmp,0,7,3,0,14,15,12,15,14,14,-1
01_06_07_03_0063.bmp,0,7,3,0,14,15,36,15,14,14,-1
01_06_07_03_0064.bmp,0,7,3,0,14,15,36,13,14,8,-1
01_06_07_03_0067.bmp,0,7,3,0,14,15,36,14,14,17,-1
01_06_07_03_0068.bmp,0,7,3,0,14,15,36,14,17,17,-1
01_06_07_03_0073.bmp,0,7,3,0,14,15,15,15,17,17,-1
01_06_07_03_0075.bmp,0,7,3,0,14,17,15,15,17,17,-1
01_06_07_03_0077.bmp,0,7,3,0,14,15,15,17,17,17,-1
01_06_07_03_0080.bmp,0,7,3,0,14,15,15,15,17,17,-1
01_06_07_03_0081.bmp,0,7,3,0,14,15,15,17,17,17,-1
01_06_07_03_0083.bmp,0,7,3,0,14,15,15,17,14,17,-1
01_06_07_03_0087.bmp,0,7,3,0,14,17,17,14,14,8,-1
01_06_07_03_0089.bmp,0,7,3,0,14,17,17,17,8,8,-1
01_11_07_03_0002.bmp,0,7,3,0,12,36,36,1,36,36,-1
01_11_07_03_0006.bmp,0,7,3,0,12,31,31,1,31,36,-1
01_11_07_03_0007.bmp,0,7,3,0,12,31,31,1,31,36,-1
01_11_07_03_0009.bmp,0,7,3,0,12,31,31,1,31,0,-1
01_11_07_03_0010.bmp,0,7,3,0,12,31,31,1,31,17,-1
01_11_07_03_0011.bmp,0,7,3,0,12,31,31,1,31,0,-1
01_11_07_03_0015.bmp,0,7,3,0,12,31,31,1,31,31,-1
01_11_07_03_0016.bmp,0,7,3,0,12,31,36,1,31,31,-1
01_11_07_03_0017.bmp,0,7,3,0,12,31,31,1,31,31,-1
01_11_07_03_0018.bmp,0,7,3,0,12,31,31,1,36,31,-1
01_11_07_03_0022.bmp,0,7,3,0,12,31,31,0,31,36,-1
01_11_07_03_0026.bmp,0,7,3,0,12,31,31,1,31,17,-1
01_11_07_03_0028.bmp,0,7,3,0,12,31,31,1,31,31,-1
01_11_07_03_0029.bmp,0,7,3,0,12,31,31,1,31,31,-1
01_11_07_03_0030.bmp,0,7,3,0,12,36,31,1,36,36,-1
01_11_07_03_0031.bmp,0,7,3,0,12,31,31,1,31,36,-1
01_11_07_03_0033.bmp,0,7,3,0,12,31,31,13,31,36,-1
01_11_07_03_0037.bmp,0,7,3,0,12,31,31,1,15,15,-1
01_11_07_03_0038.bmp,0,7,3,0,12,31,31,13,15,15,-1
01_11_07_03_0043.bmp,0,7,3,0,12,31,31,13,15,15,-1
01_11_07_03_0048.bmp,0,7,3,0,12,15,31,12,15,15,-1
01_11_07_03_0049.bmp,0,7,3,0,12,15,31,12,15,15,-1
01_11_07_03_0050.bmp,0,7,3,0,12,15,31,1,15,15,-1
01_11_07_03_0058.bmp,0,7,3,0,12,15,31,1,15,15,-1
01_11_07_03_0059.bmp,0,7,3,0,12,15,31,1,15,15,-1
01_11_07_03_0060.bmp,0,7,3,0,12,15,31,15,15,15,-1
01_11_07_03_0061.bmp,0,7,3,0,12,15,31,32,15,15,-1
01_11_07_03_0063.bmp,0,7,3,0,12,15,31,15,15,15,-1
01_11_07_03_0065.bmp,0,7,3,0,12,15,31,32,15,15,-1
01_11_07_03_0068.bmp,0,7,3,0,12,15,15,32,15,15,-1
01_11_07_03_0076.bmp,0,7,3,0,12,15,15,32,15,32,-1
01_11_07_03_0078.bmp,0,7,3,0,12,15,15,32,32,15,-1
01_12_07_03_0004.bmp,0,7,3,0,17,36,36,1,13,1,-1
01_12_07_03_0005.bmp,1,7,3,0,17,31,31,25,24,12,-1
01_12_07_03_0006.bmp,1,7,3,0,17,31,31,18,15,13,-1
01_12_07_03_0007.bmp,0,7,3,0,17,36,36,1,15,15,-1
01_12_07_03_0008.bmp,0,7,3,0,17,15,36,1,15,15,-1
01_12_07_03_0010.bmp,0,7,3,0,17,15,36,1,15,15,-1
01_12_07_03_0010.bmp,1,7,3,0,17,31,32,1,5,13,-1
01_12_07_03_0011.bmp,1,7,3,0,17,31,31,1,24,13,-1
01_12_07_03_0012.bmp,1,7,3,0,17,31,31,1,5,13,-1
01_12_07_03_0013.bmp,1,7,3,0,17,31,31,1,24,13,-1
01_12_07_03_0014.bmp,0,7,3,0,17,36,36,1,15,15,-1
01_12_07_03_0016.bmp,1,7,3,0,17,31,31,9,5,14,-1
01_12_07_03_0017.bmp,0,7,3,0,17,36,36,1,15,15,-1
01_12_07_03_0018.bmp,0,7,3,0,17,15,36,1,15,15,-1
01_12_07_03_0019.bmp,0,7,3,0,17,15,36,1,15,15,-1
01_12_07_03_0019.bmp,1,7,3,0,17,31,31,0,5,13,-1
01_12_07_03_0021.bmp,0,7,3,0,17,15,36,1,15,15,-1
01_12_07_03_0022.bmp,0,7,3,0,17,15,36,1,15,15,-1
01_12_07_03_0025.bmp,0,7,3,0,17,15,36,1,15,15,-1
01_12_07_03_0025.bmp,1,7,3,0,17,31,31,0,5,13,-1
01_12_07_03_0026.bmp,1,7,3,0,17,31,31,1,5,13,-1
01_12_07_03_0027.bmp,0,7,3,0,17,15,36,9,15,15,-1
01_12_07_03_0027.bmp,1,7,3,0,17,31,31,0,5,13,-1
01_12_07_03_0028.bmp,0,7,3,0,17,2,12,2,14,2,-1
01_12_07_03_0029.bmp,1,7,3,0,17,31,31,0,12,13,-1
01_12_07_03_0030.bmp,1,7,3,0,17,31,36,0,12,13,-1
01_12_07_03_0032.bmp,0,7,3,0,17,17,15,17,8,26,-1
01_12_07_03_0033.bmp,0,7,3,0,17,17,15,26,17,15,-1
01_12_07_03_0037.bmp,0,7,3,0,17,17,17,17,17,17,-1
01_12_07_03_0037.bmp,1,7,3,0,17,31,31,0,5,14,-1
01_12_07_03_0039.bmp,0,7,3,0,17,17,17,17,17,17,-1
01_12_07_03_0042.bmp,0,7,3,0,17,17,17,17,17,17,-1
01_12_07_03_0042.bmp,1,7,3,0,17,31,31,0,5,14,-1
01_12_07_03_0043.bmp,1,7,3,0,17,36,36,0,1,14,-1
01_12_07_03_0044.bmp,0,7,3,0,17,36,36,0,5,14,-1
01_12_07_03_0046.bmp,0,7,3,0,17,36,31,0,5,14,-1
01_12_07_03_0047.bmp,0,7,3,0,17,36,36,0,1,13,-1
01_12_07_03_0050.bmp,0,7,3,0,17,36,36,0,5,14,-1
01_12_07_03_0052.bmp,0,7,3,0,17,36,36,0,15,5,-1
01_12_07_03_0053.bmp,0,7,3,0,17,36,36,0,5,5,-1
01_12_07_03_0060.bmp,0,7,3,0,17,36,36,0,0,0,-1
01_12_07_03_0061.bmp,0,7,3,0,17,12,36,0,0,0,-1
01_12_07_03_0063.bmp,0,7,3,0,17,36,36,0,0,0,-1
01_12_07_03_0066.bmp,0,7,3,0,17,12,36,0,0,0,-1
01_12_07_03_0072.bmp,0,7,3,0,17,36,36,0,0,0,-1
01_12_07_03_0079.bmp,0,7,3,0,17,36,36,0,0,18,-1
01_12_07_03_0080.bmp,0,7,3,0,17,36,36,0,0,18,-1
01_12_07_03_0081.bmp,0,7,3,0,17,12,36,0,0,17,-1
01_12_07_03_0085.bmp,0,7,3,0,17,12,36,0,0,0,-1
01_12_07_03_0088.bmp,0,7,3,0,17,36,36,0,0,14,-1
01_12_07_03_0089.bmp,0,7,3,0,17,0,36,0,0,14,-1
01_12_07_03_0092.bmp,0,7,3,0,17,0,36,0,0,14,-1
01_12_07_03_0094.bmp,0,7,3,0,17,36,36,0,0,14,-1
01_12_07_03_0100.bmp,0,7,3,0,17,0,36,17,0,14,-1
01_12_07_03_0102.bmp,0,7,3,0,17,36,36,0,0,14,-1
01_12_07_03_0103.bmp,0,7,3,0,17,15,36,0,17,14,-1
01_12_07_03_0107.bmp,0,7,3,0,17,15,36,15,15,13,-1
01_12_07_03_0109.bmp,0,7,3,0,17,15,15,17,15,13,-1
01_12_07_03_0113.bmp,0,7,3,0,17,15,15,15,17,17,-1
01_12_07_03_0114.bmp,0,7,3,0,17,15,15,17,17,17,-1
01_12_07_03_0115.bmp,0,7,3,0,17,15,15,17,17,17,-1
01_12_07_03_0116.bmp,0,7,3,0,17,15,15,15,17,17,-1
01_13_07_03_0003.bmp,0,7,3,0,13,31,31,11,12,38,-1
01_13_07_03_0003.bmp,1,7,3,0,13,36,11,13,13,0,-1
01_13_07_03_0005.bmp,0,7,3,0,13,31,31,11,12,25,-1
01_13_07_03_0006.bmp,1,7,3,0,13,13,11,13,13,0,-1
01_13_07_03_0007.bmp,0,7,3,0,13,12,31,11,12,12,-1
01_13_07_03_0009.bmp,0,7,3,0,13,12,31,1,12,12,-1
01_13_07_03_0010.bmp,1,7,3,0,13,13,36,13,13,13,-1
01_13_07_03_0012.bmp,0,7,3,0,13,12,31,11,12,32,-1
01_13_07_03_0012.bmp,1,7,3,0,13,13,11,13,13,0,-1
01_13_07_03_0013.bmp,0,7,3,0,13,12,31,11,12,12,-1
01_13_07_03_0014.bmp,0,7,3,0,13,12,31,16,12,32,-1
01_13_07_03_0014.bmp,1,7,3,0,13,13,11,13,13,13,-1
01_13_07_03_0015.bmp,1,7,3,0,13,13,11,13,13,13,-1
01_13_07_03_0016.bmp,0,7,3,0,13,12,31,11,12,18,-1
01_13_07_03_0017.bmp,0,7,3,0,13,12,31,11,12,32,-1
01_13_07_03_0018.bmp,1,7,3,0,13,13,11,13,13,13,-1
01_13_07_03_0019.bmp,1,7,3,0,13,13,0,13,13,13,-1
01_13_07_03_0021.bmp,0,7,3,0,13,12,31,32,12,32,-1
01_13_07_03_0023.bmp,1,7,3,0,13,13,11,13,13,13,-1
01_13_07_03_0024.bmp,1,7,3,0,13,13,0,13,13,13,-1
01_13_07_03_0025.bmp,0,7,3,0,13,12,31,12,12,32,-1
01_13_07_03_0025.bmp,1,7,3,0,13,13,13,13,13,13,-1
01_13_07_03_0029.bmp,0,7,3,0,13,12,12,12,12,32,-1
01_13_07_03_0031.bmp,0,7,3,0,13,12,31,11,12,32,-1
01_13_07_03_0031.bmp,1,7,3,0,13,13,13,13,13,13,-1
01_13_07_03_0032.bmp,0,7,3,0,13,12,12,11,12,32,-1
01_13_07_03_0032.bmp,1,7,3,0,13,13,13,13,13,13,-1
01_13_07_03_0033.bmp,1,7,3,0,13,13,13,13,13,13,-1
01_13_07_03_0034.bmp,0,7,3,0,13,12,31,11,12,32,-1
01_13_07_03_0034.bmp,1,7,3,0,13,13,13,13,13,13,-1
01_13_07_03_0036.bmp,0,7,3,0,13,12,31,11,12,32,-1
01_13_07_03_0036.bmp,1,7,3,0,13,13,13,13,13,13,-1
01_13_07_03_0037.bmp,0,7,3,0,13,12,12,11,12,32,-1
01_13_07_03_0037.bmp,1,7,3,0,13,13,13,13,13,13,-1
01_13_07_03_0039.bmp,1,7,3,0,13,13,13,13,13,13,-1
01_13_07_03_0041.bmp,0,7,3,0,13,12,12,12,12,32,-1
01_13_07_03_0041.bmp,1,7,3,0,13,13,13,13,13,13,-1
01_13_07_03_0043.bmp,0,7,3,0,13,12,12,12,12,32,-1
01_13_07_03_0043.bmp,1,7,3,0,13,13,13,13,13,13,-1
01_13_07_03_0044.bmp,0,7,3,0,13,12,12,12,12,32,-1
01_13_07_03_0048.bmp,0,7,3,0,13,12,12,32,12,32,-1
01_13_07_03_0048.bmp,1,7,3,0,13,13,13,13,13,13,-1
01_13_07_03_0049.bmp,0,7,3,0,13,12,12,12,12,32,-1
01_13_07_03_0052.bmp,0,7,3,0,13,12,12,32,12,32,-1
01_13_07_03_0054.bmp,1,7,3,0,13,13,13,13,13,13,-1
01_13_07_03_0055.bmp,1,7,3,0,13,13,13,13,13,13,-1
01_13_07_03_0057.bmp,1,7,3,0,13,13,13,13,13,13,-1
01_13_07_03_0058.bmp,0,7,3,0,13,12,12,32,12,32,-1
01_13_07_03_0058.bmp,1,7,3,0,13,13,13,13,13,15,-1
01_13_07_03_0061.bmp,0,7,3,0,13,12,12,13,12,32,-1
01_13_07_03_0062.bmp,1,7,3,0,13,13,13,13,15,15,-1
01_13_07_03_0063.bmp,1,7,3,0,13,27,31,0,23,31,-1
01_13_07_03_0064.bmp,1,7,3,0,13,31,31,1,19,13,-1
01_13_07_03_0067.bmp,1,7,3,0,13,31,31,1,19,13,-1
01_13_07_03_0068.bmp,1,7,3,0,13,31,31,1,19,13,-1
01_13_07_03_0069.bmp,1,7,3,0,13,31,31,1,19,31,-1
01_13_07_03_0072.bmp,1,7,3,0,13,31,31,0,19,31,-1
01_13_07_03_0073.bmp,1,7,3,0,13,31,31,0,27,31,-1
01_13_07_03_0074.bmp,1,7,3,0,13,27,31,1,39,31,-1
01_13_07_03_0075.bmp,0,7,3,0,13,13,12,13,13,13,-1
01_13_07_03_0076.bmp,1,7,3,0,13,31,31,1,19,13,-1
01_13_07_03_0077.bmp,1,7,3,0,13,31,31,0,27,31,-1
01_13_07_03_0078.bmp,1,7,3,0,13,31,31,1,19,36,-1
01_13_07_03_0081.bmp,0,7,3,0,13,13,13,13,13,13,-1
01_13_07_03_0083.bmp,0,7,3,0,13,13,13,13,13,13,-1
01_13_07_03_0084.bmp,0,7,3,0,13,13,13,13,13,13,-1
01_13_07_03_0085.bmp,0,7,3,0,13,13,13,13,13,13,-1
01_13_07_03_0088.bmp,0,7,3,0,13,13,13,13,13,13,-1
01_13_07_03_0093.bmp,0,7,3,0,13,13,13,13,13,13,-1
01_13_07_03_0093.bmp,1,7,3,0,13,31,31,7,19,31,-1
01_13_07_03_0095.bmp,1,7,3,0,13,31,31,17,25,31,-1
01_13_07_03_0097.bmp,0,7,3,0,13,13,13,13,13,13,-1
01_13_07_03_0097.bmp,1,7,3,0,13,31,31,0,12,31,-1
01_13_07_03_0098.bmp,1,7,3,0,13,12,31,7,12,31,-1
01_13_07_03_0099.bmp,0,7,3,0,13,13,13,13,13,13,-1
01_13_07_03_0100.bmp,1,7,3,0,13,12,31,31,12,31,-1
01_13_07_03_0101.bmp,1,7,3,0,13,31,31,31,12,31,-1
01_13_07_03_0102.bmp,1,7,3,0,13,31,31,31,12,31,-1
01_13_07_03_0105.bmp,0,7,3,0,13,13,13,13,13,13,-1
01_13_07_03_0106.bmp,0,7,3,0,13,13,13,13,13,13,-1
01_13_07_03_0108.bmp,1,7,3,0,13,32,32,32,32,32,-1
01_13_07_03_0109.bmp,1,7,3,0,13,12,31,13,12,32,-1
01_13_07_03_0110.bmp,0,7,3,0,13,13,13,13,13,13,-1
01_13_07_03_0111.bmp,0,7,3,0,13,13,13,13,13,13,-1
01_13_07_03_0111.bmp,1,7,3,0,13,12,31,32,12,14,-1
01_13_07_03_0114.bmp,0,7,3,0,13,19,31,32,11,12,-1
01_13_07_03_0116.bmp,1,7,3,0,13,12,31,0,12,15,-1
01_13_07_03_0117.bmp,1,7,3,0,13,12,31,0,12,31,-1
01_13_07_03_0120.bmp,0,7,3,0,13,12,31,32,12,12,-1
01_13_07_03_0122.bmp,0,7,3,0,13,12,31,32,12,12,-1
01_13_07_03_0124.bmp,1,7,3,0,13,12,31,12,12,15,-1
01_13_07_03_0125.bmp,1,7,3,0,13,12,31,12,12,15,-1
01_13_07_03_0126.bmp,0,7,3,0,13,12,32,32,12,32,-1
01_13_07_03_0128.bmp,0,7,3,0,13,12,32,32,12,32,-1
01_13_07_03_0130.bmp,0,7,3,0,13,12,31,32,12,32,-1
01_13_07_03_0130.bmp,1,7,3,0,13,12,31,12,12,15,-1
01_13_07_03_0132.bmp,1,7,3,0,13,12,31,12,12,15,-1
01_13_07_03_0133.bmp,1,7,3,0,13,12,31,12,12,15,-1
01_13_07_03_0134.bmp,1,7,3,0,13,12,31,13,12,15,-1
01_13_07_03_0136.bmp,1,7,3,0,13,12,31,13,12,15,-1
01_13_07_03_0137.bmp,0,7,3,0,13,12,32,32,12,32,-1
01_13_07_03_0141.bmp,1,7,3,0,13,12,31,13,12,15,-1
01_13_07_03_0143.bmp,1,7,3,0,13,12,31,13,12,15,-1
01_13_07_03_0144.bmp,0,7,3,0,13,32,32,32,18,32,-1
01_13_07_03_0146.bmp,1,7,3,0,13,12,31,12,12,15,-1
01_13_07_03_0147.bmp,0,7,3,0,13,32,32,32,32,32,-1
01_13_07_03_0148.bmp,1,7,3,0,13,12,31,12,12,15,-1
01_13_07_03_0149.bmp,1,7,3,0,13,12,31,13,12,15,-1
01_13_07_03_0150.bmp,0,7,3,0,13,32,32,32,32,32,-1
01_13_07_03_0153.bmp,0,7,3,0,13,32,32,32,32,32,-1
01_13_07_03_0154.bmp,0,7,3,0,13,32,32,32,32,32,-1
01_13_07_03_0156.bmp,0,7,3,0,13,32,32,32,32,32,-1
01_13_07_03_0157.bmp,0,7,3,0,13,32,13,32,32,32,-1
01_13_07_03_0158.bmp,0,7,3,0,13,32,13,32,32,32,-1
01_13_07_03_0158.bmp,1,7,3,0,13,12,31,13,12,13,-1
01_13_07_03_0160.bmp,1,7,3,0,13,12,31,13,12,13,-1
01_13_07_03_0161.bmp,0,7,3,0,13,32,13,13,32,15,-1
01_13_07_03_0163.bmp,0,7,3,0,13,13,13,13,13,15,-1
01_13_07_03_0166.bmp,0,7,3,0,13,13,13,32,13,13,-1
01_13_07_03_0170.bmp,0,7,3,0,13,19,31,1,32,19,-1
01_13_07_03_0172.bmp,0,7,3,0,13,19,31,1,11,12,-1
01_13_07_03_0172.bmp,1,7,3,0,13,12,31,13,12,15,-1
01_13_07_03_0173.bmp,1,7,3,0,13,32,31,32,32,13,-1
01_13_07_03_0174.bmp,0,7,3,0,13,19,31,1,32,13,-1
01_13_07_03_0174.bmp,1,7,3,0,13,13,31,13,13,15,-1
01_13_07_03_0175.bmp,0,7,3,0,13,19,31,11,32,24,-1
01_13_07_03_0175.bmp,1,7,3,0,13,12,31,13,12,15,-1
01_13_07_03_0176.bmp,1,7,3,0,13,12,31,12,12,13,-1
01_13_07_03_0178.bmp,0,7,3,0,13,19,31,13,11,12,-1
01_13_07_03_0178.bmp,1,7,3,0,13,12,31,13,12,13,-1
01_13_07_03_0179.bmp,0,7,3,0,13,19,31,1,32,12,-1
01_13_07_03_0180.bmp,0,7,3,0,13,19,31,1,32,12,-1
01_13_07_03_0181.bmp,1,7,3,0,13,12,31,13,12,13,-1
01_13_07_03_0182.bmp,0,7,3,0,13,19,31,1,32,0,-1
01_13_07_03_0185.bmp,1,7,3,0,13,12,31,12,12,13,-1
01_13_07_03_0186.bmp,1,7,3,0,13,12,31,12,12,13,-1
01_13_07_03_0188.bmp,1,7,3,0,13,12,31,13,12,15,-1
01_13_07_03_0189.bmp,1,7,3,0,13,12,31,12,12,13,-1
01_13_07_03_0191.bmp,0,7,3,0,13,19,31,1,13,19,-1
01_13_07_03_0192.bmp,1,7,3,0,13,12,31,13,12,13,-1
01_13_07_03_0193.bmp,1,7,3,0,13,12,31,13,12,13,-1
01_13_07_03_0194.bmp,0,7,3,0,13,19,31,1,13,24,-1
01_13_07_03_0196.bmp,0,7,3,0,13,19,31,11,13,28,-1
01_13_07_03_0197.bmp,0,7,3,0,13,19,31,7,13,12,-1
01_13_07_03_0198.bmp,0,7,3,0,13,19,31,1,13,24,-1
01_13_07_03_0200.bmp,1,7,3,0,13,12,31,13,12,13,-1
01_13_07_03_0201.bmp,0,7,3,0,13,19,31,1,13,19,-1
01_13_07_03_0202.bmp,0,7,3,0,13,19,31,13,12,19,-1
01_13_07_03_0203.bmp,0,7,3,0,13,19,31,18,12,39,-1
01_13_07_03_0204.bmp,0,7,3,0,13,19,31,13,12,39,-1
01_13_07_03_0204.bmp,1,7,3,0,13,12,31,13,12,13,-1
01_13_07_03_0205.bmp,1,7,3,0,13,12,31,13,12,13,-1
01_13_07_03_0208.bmp,1,7,3,0,13,12,31,12,12,13,-1
01_13_07_03_0210.bmp,1,7,3,0,13,12,31,13,12,13,-1
01_13_07_03_0211.bmp,0,7,3,0,13,12,31,7,12,19,-1
01_13_07_03_0212.bmp,1,7,3,0,13,12,31,13,12,13,-1
01_13_07_03_0215.bmp,0,7,3,0,13,12,31,13,12,11,-1
01_13_07_03_0217.bmp,0,7,3,0,13,12,31,32,12,32,-1
01_13_07_03_0220.bmp,1,7,3,0,13,12,31,13,12,13,-1
01_13_07_03_0222.bmp,0,7,3,0,13,32,31,32,32,15,-1
01_13_07_03_0223.bmp,1,7,3,0,13,12,31,13,12,13,-1
01_13_07_03_0224.bmp,0,7,3,0,13,32,31,32,32,15,-1
01_13_07_03_0224.bmp,1,7,3,0,13,12,31,13,12,13,-1
01_13_07_03_0228.bmp,1,7,3,0,13,12,31,13,12,13,-1
01_13_07_03_0229.bmp,1,7,3,0,13,12,31,13,12,13,-1
01_13_07_03_0230.bmp,0,7,3,0,13,32,31,32,32,15,-1
01_13_07_03_0231.bmp,1,7,3,0,13,12,31,12,12,13,-1
01_13_07_03_0232.bmp,0,7,3,0,13,32,31,32,32,15,-1
01_13_07_03_0232.bmp,1,7,3,0,13,12,31,12,12,13,-1
01_13_07_03_0234.bmp,1,7,3,0,13,12,31,13,12,13,-1
01_13_07_03_0235.bmp,1,7,3,0,13,12,31,13,12,13,-1
01_13_07_03_0236.bmp,0,7,3,0,13,32,13,32,32,15,-1
01_13_07_03_0237.bmp,0,7,3,0,13,32,31,32,32,15,-1
01_13_07_03_0239.bmp,1,7,3,0,13,12,31,13,12,13,-1
01_13_07_03_0240.bmp,0,7,3,0,13,15,15,13,15,15,-1
01_13_07_03_0241.bmp,1,7,3,0,13,12,31,13,12,13,-1
01_13_07_03_0245.bmp,1,7,3,0,13,12,31,12,12,13,-1
01_13_07_03_0246.bmp,1,7,3,0,13,12,31,13,12,13,-1
01_13_07_03_0247.bmp,0,7,3,0,13,15,13,13,15,15,-1
01_13_07_03_0247.bmp,1,7,3,0,13,12,31,13,12,13,-1
01_13_07_03_0248.bmp,0,7,3,0,13,13,13,13,13,15,-1
01_13_07_03_0249.bmp,0,7,3,0,13,15,13,13,15,15,-1
01_13_07_03_0250.bmp,0,7,3,0,13,15,13,13,13,15,-1
01_13_07_03_0250.bmp,1,7,3,0,13,12,31,12,12,13,-1
01_13_07_03_0252.bmp,1,7,3,0,13,12,31,13,12,15,-1
01_13_07_03_0253.bmp,0,7,3,0,13,13,13,13,15,15,-1
01_13_07_03_0256.bmp,0,7,3,0,13,13,13,13,15,15,-1
01_13_07_03_0256.bmp,1,7,3,0,13,12,31,13,12,13,-1
01_13_07_03_0257.bmp,0,7,3,0,13,13,13,13,15,15,-1
01_13_07_03_0257.bmp,1,7,3,0,13,12,31,13,12,13,-1
01_13_07_03_0260.bmp,0,7,3,0,13,13,13,13,13,13,-1
01_13_07_03_0261.bmp,0,7,3,0,13,13,13,13,13,13,-1
01_13_07_03_0262.bmp,1,7,3,0,13,12,31,13,12,13,-1
01_13_07_03_0263.bmp,0,7,3,0,13,13,13,13,13,13,-1
01_13_07_03_0271.bmp,0,7,3,0,13,12,31,13,12,13,-1
01_13_07_03_0272.bmp,0,7,3,0,13,12,31,13,12,13,-1
01_13_07_03_0273.bmp,0,7,3,0,13,12,31,13,12,13,-1
01_13_07_03_0274.bmp,0,7,3,0,13,12,31,13,12,13,-1
01_13_07_03_0277.bmp,0,7,3,0,13,12,31,13,12,13,-1
01_13_07_03_0280.bmp,0,7,3,0,13,12,31,12,12,13,-1
01_13_07_03_0281.bmp,0,7,3,0,13,12,31,13,12,13,-1
01_13_07_03_0282.bmp,0,7,3,0,13,12,31,13,12,13,-1
01_13_07_03_0285.bmp,0,7,3,0,13,12,31,13,12,13,-1
01_13_07_03_0287.bmp,0,7,3,0,13,12,31,13,12,13,-1
01_13_07_03_0288.bmp,0,7,3,0,13,12,31,13,12,13,-1
01_13_07_03_0289.bmp,0,7,3,0,13,12,31,13,12,13,-1
01_13_07_03_0293.bmp,0,7,3,0,13,12,31,13,12,13,-1
01_13_07_03_0296.bmp,0,7,3,0,13,12,31,13,12,13,-1
01_13_07_03_0299.bmp,0,7,3,0,13,12,31,13,12,13,-1
01_13_07_03_0300.bmp,0,7,3,0,13,12,31,12,12,13,-1
01_13_07_03_0301.bmp,0,7,3,0,13,12,31,12,12,13,-1
01_13_07_03_0303.bmp,0,7,3,0,13,12,31,12,12,13,-1
01_13_07_03_0307.bmp,0,7,3,0,13,12,31,32,12,13,-1
01_13_07_03_0311.bmp,0,7,3,0,13,12,31,13,12,13,-1
01_13_07_03_0316.bmp,0,7,3,0,13,12,31,13,12,13,-1
01_13_07_03_0325.bmp,0,7,3,0,13,12,31,13,12,13,-1
01_13_07_03_0331.bmp,0,7,3,0,13,13,31,13,13,13,-1
01_13_07_03_0333.bmp,0,7,3,0,13,13,12,13,13,13,-1
01_13_07_03_0334.bmp,0,7,3,0,13,13,13,13,13,13,-1
01_13_07_03_0336.bmp,0,7,3,0,13,13,13,13,13,13,-1
01_13_07_03_0337.bmp,0,7,3,0,13,13,13,13,13,13,-1
01_13_07_03_0338.bmp,0,7,3,0,13,13,13,13,13,13,-1
01_13_07_03_0341.bmp,0,7,3,0,13,13,13,13,13,13,-1
01_13_07_03_0343.bmp,0,7,3,0,13,13,13,13,13,13,-1
01_13_07_03_0344.bmp,0,7,3,0,13,13,13,13,13,13,-1
01_13_07_03_0348.bmp,0,7,3,0,13,13,13,13,13,13,-1
01_13_07_03_0350.bmp,0,7,3,0,13,13,13,13,13,7,-1
01_13_07_03_0352.bmp,0,7,3,0,13,13,13,13,13,7,-1
01_13_07_03_0353.bmp,0,7,3,0,13,13,13,13,13,7,-1
01_13_07_03_0354.bmp,0,7,3,0,13,13,13,13,13,7,-1
01_13_07_03_0357.bmp,0,7,3,0,13,15,31,13,15,15,-1
01_13_07_03_0358.bmp,0,7,3,0,13,13,13,13,15,15,-1
01_13_07_03_0359.bmp,0,7,3,0,13,15,13,13,15,15,-1
01_13_07_03_0365.bmp,0,7,3,0,13,15,15,13,15,15,-1
01_13_07_03_0371.bmp,0,7,3,0,13,15,15,13,15,15,-1
01_13_07_03_0373.bmp,0,7,3,0,13,15,13,13,15,15,-1
01_13_07_03_0382.bmp,0,7,3,0,13,15,13,15,15,15,-1
01_13_07_03_0384.bmp,0,7,3,0,13,15,15,15,15,15,-1
01_13_07_03_0385.bmp,0,7,3,0,13,15,15,15,8,15,-1
01_13_07_03_0386.bmp,0,7,3,0,13,19,31,32,11,31,-1
01_13_07_03_0387.bmp,0,7,3,0,13,19,31,32,11,13,-1
01_13_07_03_0389.bmp,0,7,3,0,13,19,31,12,11,36,-1
01_13_07_03_0391.bmp,0,7,3,0,13,19,31,12,11,36,-1
01_13_07_03_0398.bmp,0,7,3,0,13,19,31,32,40,19,-1
01_13_07_03_0402.bmp,0,7,3,0,13,12,31,32,12,13,-1
01_13_07_03_0404.bmp,0,7,3,0,13,19,31,32,40,12,-1
01_13_07_03_0408.bmp,0,7,3,0,13,19,31,32,19,15,-1
01_13_07_03_0413.bmp,0,7,3,0,13,19,31,32,19,12,-1
01_13_07_03_0414.bmp,0,7,3,0,13,19,31,42,19,13,-1
01_13_07_03_0415.bmp,0,7,3,0,13,19,31,32,19,19,-1
01_13_07_03_0419.bmp,0,7,3,0,13,19,31,32,19,13,-1
01_13_07_03_0421.bmp,0,7,3,0,13,31,31,16,19,18,-1
01_13_07_03_0422.bmp,0,7,3,0,13,31,31,32,19,13,-1
01_13_07_03_0423.bmp,0,7,3,0,13,31,31,1,19,0,-1
01_13_07_03_0424.bmp,0,7,3,0,13,31,31,1,19,36,-1
01_13_07_03_0429.bmp,0,7,3,0,13,31,31,13,12,13,-1
01_13_07_03_0430.bmp,0,7,3,0,13,31,31,1,19,13,-1
01_13_07_03_0434.bmp,0,7,3,0,13,32,31,13,32,13,-1
01_13_07_03_0435.bmp,0,7,3,0,13,31,31,1,12,13,-1
01_13_07_03_0438.bmp,0,7,3,0,13,32,31,1,12,13,-1
01_13_07_03_0441.bmp,0,7,3,0,13,32,31,32,13,38,-1
01_13_07_03_0442.bmp,0,7,3,0,13,32,31,13,32,13,-1
01_13_07_03_0443.bmp,0,7,3,0,13,32,31,13,32,38,-1
01_13_07_03_0444.bmp,0,7,3,0,13,32,31,32,32,12,-1
01_13_07_03_0448.bmp,0,7,3,0,13,32,31,13,32,13,-1
01_13_07_03_0449.bmp,0,7,3,0,13,32,31,13,32,13,-1
01_13_07_03_0456.bmp,0,7,3,0,13,12,31,1,32,13,-1
01_13_07_03_0458.bmp,0,7,3,0,13,31,31,7,32,15,-1
01_13_07_03_0461.bmp,0,7,3,0,13,12,31,13,12,13,-1
01_13_07_03_0463.bmp,0,7,3,0,13,12,31,1,13,13,-1
01_13_07_03_0468.bmp,0,7,3,0,13,13,31,13,13,15,-1
01_13_07_03_0471.bmp,0,7,3,0,13,13,15,13,15,15,-1
01_13_07_03_0475.bmp,0,7,3,0,13,15,15,13,15,15,-1
01_13_07_03_0477.bmp,0,7,3,0,13,13,13,13,15,15,-1
01_13_07_03_0479.bmp,0,7,3,0,13,13,13,13,15,15,-1
01_13_07_03_0481.bmp,0,7,3,0,13,13,13,13,15,15,-1
01_13_07_03_0484.bmp,0,7,3,0,13,13,13,13,15,15,-1
01_13_07_03_0486.bmp,0,7,3,0,13,32,13,13,15,15,-1
01_13_07_03_0489.bmp,0,7,3,0,13,13,13,13,15,13,-1
01_13_07_03_0491.bmp,0,7,3,0,13,13,13,13,13,15,-1
01_13_07_03_0492.bmp,0,7,3,0,13,13,13,13,13,15,-1
01_13_07_03_0494.bmp,0,7,3,0,13,13,13,13,13,15,-1
01_13_07_03_0501.bmp,0,7,3,0,13,13,13,13,13,13,-1
01_13_07_03_0504.bmp,0,7,3,0,13,13,13,13,13,13,-1
01_13_07_03_0507.bmp,0,7,3,0,13,13,13,13,13,13,-1
01_13_07_03_0511.bmp,0,7,3,0,13,13,13,13,13,7,-1
01_13_07_03_0513.bmp,0,7,3,0,13,13,13,13,13,13,-1
01_13_07_03_0515.bmp,0,7,3,0,13,15,15,14,8,8,-1
01_13_07_03_0516.bmp,0,7,3,0,13,31,31,1,19,12,-1
01_13_07_03_0517.bmp,0,7,3,0,13,31,31,10,19,12,-1
01_13_07_03_0519.bmp,0,7,3,0,13,19,31,32,19,19,-1
01_13_07_03_0521.bmp,0,7,3,0,13,31,31,32,19,12,-1
01_13_07_03_0525.bmp,0,7,3,0,13,12,31,13,12,13,-1
01_13_07_03_0526.bmp,0,7,3,0,13,19,31,12,19,19,-1
01_13_07_03_0527.bmp,0,7,3,0,13,12,31,13,12,13,-1
01_13_07_03_0530.bmp,0,7,3,0,13,31,31,1,19,19,-1
01_13_07_03_0535.bmp,0,7,3,0,13,12,31,7,12,12,-1
01_13_07_03_0540.bmp,0,7,3,0,13,32,31,1,19,32,-1
01_13_07_03_0542.bmp,0,7,3,0,13,31,31,1,19,12,-1
01_13_07_03_0544.bmp,0,7,3,0,13,31,31,31,27,32,-1
01_13_07_03_0545.bmp,0,7,3,0,13,12,31,16,12,12,-1
01_13_07_03_0549.bmp,0,7,3,0,13,12,31,12,12,12,-1
01_13_07_03_0550.bmp,0,7,3,0,13,32,31,1,32,19,-1
01_13_07_03_0557.bmp,0,7,3,0,13,12,31,7,12,12,-1
01_13_07_03_0558.bmp,0,7,3,0,13,31,31,25,31,40,-1
01_13_07_03_0559.bmp,0,7,3,0,13,12,31,7,12,15,-1
01_13_07_03_0565.bmp,0,7,3,0,13,12,31,13,12,15,-1
01_13_07_03_0575.bmp,0,7,3,0,13,12,31,13,12,15,-1
01_13_07_03_0578.bmp,0,7,3,0,13,19,31,13,32,13,-1
01_13_07_03_0581.bmp,0,7,3,0,13,12,31,32,19,15,-1
01_13_07_03_0582.bmp,0,7,3,0,13,19,31,1,32,13,-1
01_13_07_03_0583.bmp,0,7,3,0,13,12,31,13,32,15,-1
01_13_07_03_0584.bmp,0,7,3,0,13,19,31,7,13,13,-1
01_13_07_03_0587.bmp,0,7,3,0,13,32,31,13,32,15,-1
01_13_07_03_0591.bmp,0,7,3,0,13,32,31,13,32,15,-1
01_13_07_03_0592.bmp,0,7,3,0,13,19,31,4,13,15,-1
01_13_07_03_0594.bmp,0,7,3,0,13,19,31,7,32,13,-1
01_13_07_03_0596.bmp,0,7,3,0,13,19,31,32,32,12,-1
01_13_07_03_0599.bmp,0,7,3,0,13,32,31,32,32,15,-1
01_13_07_03_0600.bmp,0,7,3,0,13,32,31,13,32,15,-1
01_13_07_03_0604.bmp,0,7,3,0,13,13,12,32,32,15,-1
01_13_07_03_0605.bmp,0,7,3,0,13,13,12,32,32,15,-1
01_13_07_03_0607.bmp,0,7,3,0,13,13,13,32,32,15,-1
01_13_07_03_0608.bmp,0,7,3,0,13,13,13,32,32,15,-1
01_13_07_03_0609.bmp,0,7,3,0,13,13,13,32,13,15,-1
01_13_07_03_0611.bmp,0,7,3,0,13,13,13,13,32,15,-1
01_13_07_03_0613.bmp,0,7,3,0,13,13,13,13,13,13,-1
01_13_07_03_0615.bmp,0,7,3,0,13,13,13,13,13,13,-1
01_13_07_03_0616.bmp,0,7,3,0,13,13,13,13,13,15,-1
01_13_07_03_0626.bmp,0,7,3,0,13,15,13,13,15,13,-1
01_03_07_04_0004.bmp,0,7,4,0,9,31,31,1,31,18,-1
01_03_07_04_0005.bmp,0,7,4,0,9,31,31,1,19,13,-1
01_03_07_04_0011.bmp,0,7,4,0,9,31,31,32,31,32,-1
01_03_07_04_0015.bmp,0,7,4,0,9,31,31,32,31,12,-1
01_03_07_04_0016.bmp,0,7,4,0,9,31,31,32,31,0,-1
01_03_07_04_0017.bmp,0,7,4,0,9,31,31,32,19,12,-1
01_03_07_04_0024.bmp,0,7,4,0,9,31,31,32,19,12,-1
01_03_07_04_0025.bmp,0,7,4,0,9,31,31,32,19,12,-1
01_03_07_04_0028.bmp,0,7,4,0,9,19,31,12,19,15,-1
01_03_07_04_0029.bmp,0,7,4,0,9,19,31,12,19,12,-1
01_03_07_04_0030.bmp,0,7,4,0,9,31,31,32,19,15,-1
01_03_07_04_0032.bmp,0,7,4,0,9,19,31,32,19,15,-1
01_03_07_04_0033.bmp,0,7,4,0,9,19,31,16,19,15,-1
01_03_07_04_0034.bmp,0,7,4,0,9,19,31,16,19,15,-1
01_03_07_04_0041.bmp,0,7,4,0,9,32,31,12,32,15,-1
01_03_07_04_0047.bmp,0,7,4,0,9,32,31,13,32,13,-1
01_03_07_04_0048.bmp,0,7,4,0,9,32,31,13,32,13,-1
01_03_07_04_0050.bmp,0,7,4,0,9,32,31,13,32,13,-1
01_03_07_04_0051.bmp,0,7,4,0,9,32,31,13,19,15,-1
01_03_07_04_0052.bmp,0,7,4,0,9,32,31,13,32,13,-1
01_03_07_04_0055.bmp,0,7,4,0,9,32,31,13,32,13,-1
01_03_07_04_0057.bmp,0,7,4,0,9,31,31,13,15,15,-1
01_03_07_04_0058.bmp,0,7,4,0,9,31,31,13,15,15,-1
01_03_07_04_0059.bmp,0,7,4,0,9,31,36,13,15,15,-1
01_03_07_04_0064.bmp,0,7,4,0,9,31,31,31,15,15,-1
01_03_07_04_0071.bmp,0,7,4,0,9,15,31,15,15,15,-1
01_03_07_04_0072.bmp,0,7,4,0,9,15,31,15,15,15,-1
01_03_07_04_0074.bmp,0,7,4,0,9,15,15,15,15,15,-1
01_03_07_04_0075.bmp,0,7,4,0,9,15,15,15,15,15,-1
01_03_07_04_0076.bmp,0,7,4,0,9,15,15,15,15,15,-1
01_03_07_04_0077.bmp,0,7,4,0,9,15,15,15,15,15,-1
01_03_07_04_0078.bmp,0,7,4,0,9,15,15,15,15,15,-1
01_03_07_04_0083.bmp,0,7,4,0,9,15,15,15,15,15,-1
01_03_07_04_0084.bmp,0,7,4,0,9,15,15,15,15,15,-1
01_06_07_04_0001.bmp,1,7,4,0,14,32,32,9,32,5,-1
01_06_07_04_0003.bmp,1,7,4,0,14,36,32,10,36,5,-1
01_06_07_04_0005.bmp,0,7,4,0,14,36,36,12,5,6,-1
01_06_07_04_0005.bmp,1,7,4,0,14,36,36,0,36,6,-1
01_06_07_04_0006.bmp,0,7,4,0,14,31,32,0,5,14,-1
01_06_07_04_0006.bmp,1,7,4,0,14,36,32,2,36,6,-1
01_06_07_04_0007.bmp,0,7,4,0,14,36,36,0,15,17,-1
01_06_07_04_0008.bmp,1,7,4,0,14,36,36,0,36,6,-1
01_06_07_04_0010.bmp,0,7,4,0,14,36,36,36,17,5,-1
01_06_07_04_0011.bmp,0,7,4,0,14,36,36,0,17,5,-1
01_06_07_04_0013.bmp,0,7,4,0,14,36,36,17,17,14,-1
01_06_07_04_0014.bmp,0,7,4,0,14,36,36,15,17,14,-1
01_06_07_04_0016.bmp,1,7,4,0,14,31,36,0,0,5,-1
01_06_07_04_0018.bmp,1,7,4,0,14,31,36,0,0,18,-1
01_06_07_04_0020.bmp,0,7,4,0,14,17,36,17,17,14,-1
01_06_07_04_0020.bmp,1,7,4,0,14,31,36,0,0,5,-1
01_06_07_04_0021.bmp,0,7,4,0,14,17,36,17,17,17,-1
01_06_07_04_0021.bmp,1,7,4,0,14,12,31,31,0,5,-1
01_06_07_04_0022.bmp,1,7,4,0,14,36,36,0,0,15,-1
01_06_07_04_0023.bmp,0,7,4,0,14,15,36,17,17,14,-1
01_06_07_04_0023.bmp,1,7,4,0,14,12,31,31,0,13,-1
01_06_07_04_0025.bmp,0,7,4,0,14,15,36,17,17,14,-1
01_06_07_04_0026.bmp,0,7,4,0,14,15,36,17,17,14,-1
01_06_07_04_0027.bmp,0,7,4,0,14,17,36,17,17,14,-1
01_06_07_04_0028.bmp,0,7,4,0,14,17,17,17,17,14,-1
01_06_07_04_0028.bmp,1,7,4,0,14,12,36,12,12,14,-1
01_06_07_04_0031.bmp,1,7,4,0,14,31,31,11,12,13,-1
01_06_07_04_0032.bmp,0,7,4,0,14,15,15,15,17,17,-1
01_06_07_04_0032.bmp,1,7,4,0,14,31,31,11,31,1,-1
01_06_07_04_0033.bmp,0,7,4,0,14,15,15,17,15,17,-1
01_06_07_04_0033.bmp,1,7,4,0,14,31,31,32,31,13,-1
01_06_07_04_0035.bmp,0,7,4,0,14,15,13,17,15,17,-1
01_06_07_04_0036.bmp,1,7,4,0,14,31,31,6,31,13,-1
01_06_07_04_0038.bmp,1,7,4,0,14,31,31,11,31,15,-1
01_06_07_04_0040.bmp,0,7,4,0,14,15,15,17,15,17,-1
01_06_07_04_0044.bmp,0,7,4,0,14,17,17,16,17,17,-1
01_06_07_04_0044.bmp,1,7,4,0,14,31,31,5,13,3,-1
01_06_07_04_0047.bmp,0,7,4,0,14,31,31,13,13,13,-1
01_06_07_04_0048.bmp,0,7,4,0,14,12,31,13,13,13,-1
01_06_07_04_0049.bmp,0,7,4,0,14,12,31,25,13,13,-1
01_06_07_04_0050.bmp,0,7,4,0,14,12,31,25,13,15,-1
01_06_07_04_0053.bmp,0,7,4,0,14,32,32,25,32,32,-1
01_06_07_04_0054.bmp,0,7,4,0,14,32,32,6,13,14,-1
01_06_07_04_0055.bmp,0,7,4,0,14,12,12,18,12,15,-1
01_06_07_04_0056.bmp,0,7,4,0,14,13,31,18,13,18,-1
01_06_07_04_0064.bmp,0,7,4,0,14,13,12,12,8,8,-1
01_06_07_04_0065.bmp,0,7,4,0,14,15,32,12,8,8,-1
01_06_07_04_0066.bmp,0,7,4,0,14,13,32,12,8,8,-1
01_06_07_04_0067.bmp,0,7,4,0,14,13,12,12,8,8,-1
01_06_07_04_0068.bmp,0,7,4,0,14,15,12,12,8,8,-1
01_06_07_04_0076.bmp,0,7,4,0,14,15,36,15,17,14,-1
01_06_07_04_0079.bmp,0,7,4,0,14,15,31,15,17,17,-1
01_06_07_04_0080.bmp,0,7,4,0,14,15,31,15,17,17,-1
01_06_07_04_0084.bmp,0,7,4,0,14,15,15,17,15,17,-1
01_06_07_04_0085.bmp,0,7,4,0,14,15,15,17,15,17,-1
01_06_07_04_0088.bmp,0,7,4,0,14,14,14,14,14,14,-1
01_11_07_04_0001.bmp,0,7,4,0,12,36,36,0,36,0,-1
01_11_07_04_0006.bmp,0,7,4,0,12,31,31,31,31,0,-1
01_11_07_04_0010.bmp,0,7,4,0,12,31,31,31,31,17,-1
01_11_07_04_0014.bmp,0,7,4,0,12,31,36,0,31,31,-1
01_11_07_04_0016.bmp,0,7,4,0,12,36,36,25,31,36,-1
01_11_07_04_0023.bmp,0,7,4,0,12,31,31,0,31,36,-1
01_11_07_04_0026.bmp,0,7,4,0,12,31,31,1,31,36,-1
01_11_07_04_0030.bmp,0,7,4,0,12,31,36,1,31,15,-1
01_11_07_04_0032.bmp,0,7,4,0,12,31,31,1,31,36,-1
01_11_07_04_0034.bmp,0,7,4,0,12,31,31,1,31,15,-1
01_11_07_04_0036.bmp,0,7,4,0,12,31,31,1,15,15,-1
01_11_07_04_0041.bmp,0,7,4,0,12,31,31,13,15,15,-1
01_11_07_04_0045.bmp,0,7,4,0,12,31,31,31,15,15,-1
01_11_07_04_0059.bmp,0,7,4,0,12,15,31,12,15,15,-1
01_11_07_04_0067.bmp,0,7,4,0,12,15,31,15,15,15,-1
01_11_07_04_0068.bmp,0,7,4,0,12,15,31,16,15,15,-1
01_11_07_04_0069.bmp,0,7,4,0,12,15,31,15,15,15,-1
01_11_07_04_0074.bmp,0,7,4,0,12,15,31,15,15,15,-1
01_12_07_04_0001.bmp,0,7,4,0,17,15,31,12,29,24,-1
01_12_07_04_0004.bmp,1,7,4,0,17,31,31,11,27,32,-1
01_12_07_04_0005.bmp,0,7,4,0,17,36,36,1,36,36,-1
01_12_07_04_0006.bmp,1,7,4,0,17,31,31,1,27,36,-1
01_12_07_04_0007.bmp,0,7,4,0,17,36,36,0,12,15,-1
01_12_07_04_0007.bmp,1,7,4,0,17,31,31,11,27,36,-1
01_12_07_04_0010.bmp,1,7,4,0,17,31,31,11,3,36,-1
01_12_07_04_0012.bmp,1,7,4,0,17,31,31,1,27,36,-1
01_12_07_04_0013.bmp,0,7,4,0,17,36,36,1,15,15,-1
01_12_07_04_0017.bmp,1,7,4,0,17,31,31,11,3,12,-1
01_12_07_04_0018.bmp,0,7,4,0,17,36,36,1,15,15,-1
01_12_07_04_0020.bmp,1,7,4,0,17,31,31,1,31,36,-1
01_12_07_04_0021.bmp,0,7,4,0,17,36,36,1,15,15,-1
01_12_07_04_0022.bmp,0,7,4,0,17,36,36,1,15,15,-1
01_12_07_04_0024.bmp,1,7,4,0,17,31,31,1,31,36,-1
01_12_07_04_0025.bmp,0,7,4,0,17,15,36,1,15,15,-1
01_12_07_04_0028.bmp,0,7,4,0,17,32,12,2,2,2,-1
01_12_07_04_0029.bmp,0,7,4,0,17,2,12,2,2,26,-1
01_12_07_04_0029.bmp,1,7,4,0,17,31,31,1,3,13,-1
01_12_07_04_0033.bmp,0,7,4,0,17,15,15,15,14,17,-1
01_12_07_04_0033.bmp,1,7,4,0,17,31,32,0,3,13,-1
01_12_07_04_0034.bmp,0,7,4,0,17,15,15,15,17,17,-1
01_12_07_04_0034.bmp,1,7,4,0,17,31,31,1,31,13,-1
01_12_07_04_0038.bmp,0,7,4,0,17,17,15,17,17,17,-1
01_12_07_04_0040.bmp,0,7,4,0,17,17,15,15,17,14,-1
01_12_07_04_0042.bmp,0,7,4,0,17,17,17,17,17,14,-1
01_12_07_04_0045.bmp,0,7,4,0,17,31,32,0,5,13,-1
01_12_07_04_0049.bmp,0,7,4,0,17,31,32,0,31,13,-1
01_12_07_04_0050.bmp,0,7,4,0,17,31,32,0,36,13,-1
01_12_07_04_0052.bmp,0,7,4,0,17,31,31,0,5,12,-1
01_12_07_04_0056.bmp,0,7,4,0,17,31,31,0,12,0,-1
01_12_07_04_0057.bmp,0,7,4,0,17,31,31,0,12,0,-1
01_12_07_04_0061.bmp,0,7,4,0,17,31,31,0,12,0,-1
01_12_07_04_0063.bmp,0,7,4,0,17,31,31,0,0,0,-1
01_12_07_04_0071.bmp,0,7,4,0,17,31,36,0,12,0,-1
01_12_07_04_0073.bmp,0,7,4,0,17,31,31,0,12,0,-1
01_12_07_04_0076.bmp,0,7,4,0,17,12,31,0,12,0,-1
01_12_07_04_0081.bmp,0,7,4,0,17,12,31,0,12,0,-1
01_12_07_04_0082.bmp,0,7,4,0,17,31,31,0,12,0,-1
01_12_07_04_0083.bmp,0,7,4,0,17,12,31,0,0,0,-1
01_12_07_04_0092.bmp,0,7,4,0,17,31,32,0,0,14,-1
01_12_07_04_0094.bmp,0,7,4,0,17,31,32,0,0,14,-1
01_12_07_04_0096.bmp,0,7,4,0,17,31,36,0,0,14,-1
01_12_07_04_0101.bmp,0,7,4,0,17,36,36,0,0,14,-1
01_12_07_04_0102.bmp,0,7,4,0,17,31,36,0,0,14,-1
01_12_07_04_0104.bmp,0,7,4,0,17,31,36,0,0,14,-1
01_12_07_04_0105.bmp,0,7,4,0,17,31,36,0,0,14,-1
01_12_07_04_0111.bmp,0,7,4,0,17,15,36,0,15,13,-1
01_13_07_04_0003.bmp,0,7,4,0,13,31,31,32,12,32,-1
01_13_07_04_0003.bmp,1,7,4,0,13,31,31,13,0,0,-1
01_13_07_04_0004.bmp,1,7,4,0,13,36,11,13,0,0,-1
01_13_07_04_0011.bmp,1,7,4,0,13,36,31,13,13,36,-1
01_13_07_04_0013.bmp,0,7,4,0,13,12,31,11,12,12,-1
01_13_07_04_0014.bmp,1,7,4,0,13,36,11,0,13,36,-1
01_13_07_04_0016.bmp,0,7,4,0,13,12,31,32,12,12,-1
01_13_07_04_0017.bmp,0,7,4,0,13,12,31,11,12,12,-1
01_13_07_04_0021.bmp,0,7,4,0,13,12,31,32,12,12,-1
01_13_07_04_0022.bmp,0,7,4,0,13,12,31,42,12,12,-1
01_13_07_04_0024.bmp,0,7,4,0,13,12,31,11,12,32,-1
01_13_07_04_0026.bmp,0,7,4,0,13,12,31,11,12,32,-1
01_13_07_04_0026.bmp,1,7,4,0,13,13,31,13,13,13,-1
01_13_07_04_0027.bmp,0,7,4,0,13,12,31,12,12,32,-1
01_13_07_04_0028.bmp,0,7,4,0,13,12,31,1,12,32,-1
01_13_07_04_0028.bmp,1,7,4,0,13,13,31,13,13,13,-1
01_13_07_04_0032.bmp,1,7,4,0,13,36,11,13,13,13,-1
01_13_07_04_0033.bmp,1,7,4,0,13,13,31,13,13,13,-1
01_13_07_04_0034.bmp,0,7,4,0,13,12,31,11,12,12,-1
01_13_07_04_0035.bmp,0,7,4,0,13,12,31,11,12,32,-1
01_13_07_04_0035.bmp,1,7,4,0,13,13,11,13,13,13,-1
01_13_07_04_0036.bmp,1,7,4,0,13,13,11,13,13,13,-1
01_13_07_04_0037.bmp,0,7,4,0,13,12,12,11,12,32,-1
01_13_07_04_0040.bmp,0,7,4,0,13,12,12,11,12,32,-1
01_13_07_04_0040.bmp,1,7,4,0,13,13,11,13,13,13,-1
01_13_07_04_0041.bmp,0,7,4,0,13,12,12,12,12,32,-1
01_13_07_04_0042.bmp,0,7,4,0,13,12,12,11,12,32,-1
01_13_07_04_0042.bmp,1,7,4,0,13,13,11,13,13,13,-1
01_13_07_04_0044.bmp,1,7,4,0,13,13,19,13,13,13,-1
01_13_07_04_0046.bmp,0,7,4,0,13,12,12,12,12,32,-1
01_13_07_04_0051.bmp,0,7,4,0,13,12,12,12,12,32,-1
01_13_07_04_0052.bmp,0,7,4,0,13,12,12,32,12,32,-1
01_13_07_04_0054.bmp,0,7,4,0,13,12,12,32,12,32,-1
01_13_07_04_0055.bmp,0,7,4,0,13,12,12,11,12,32,-1
01_13_07_04_0056.bmp,0,7,4,0,13,12,12,32,12,32,-1
01_13_07_04_0057.bmp,1,7,4,0,13,13,13,13,13,13,-1
01_13_07_04_0058.bmp,0,7,4,0,13,12,12,12,12,32,-1
01_13_07_04_0059.bmp,0,7,4,0,13,31,12,11,12,32,-1
01_13_07_04_0060.bmp,0,7,4,0,13,12,12,12,12,32,-1
01_13_07_04_0060.bmp,1,7,4,0,13,13,13,13,13,13,-1
01_13_07_04_0061.bmp,1,7,4,0,13,13,13,13,13,13,-1
01_13_07_04_0063.bmp,1,7,4,0,13,19,31,31,23,19,-1
01_13_07_04_0066.bmp,1,7,4,0,13,27,31,1,39,31,-1
01_13_07_04_0067.bmp,1,7,4,0,13,27,31,1,39,13,-1
01_13_07_04_0068.bmp,1,7,4,0,13,27,31,1,39,31,-1
01_13_07_04_0069.bmp,1,7,4,0,13,27,31,1,39,31,-1
01_13_07_04_0072.bmp,0,7,4,0,13,12,12,13,12,32,-1
01_13_07_04_0072.bmp,1,7,4,0,13,27,31,10,39,31,-1
01_13_07_04_0073.bmp,0,7,4,0,13,12,12,1,12,32,-1
01_13_07_04_0073.bmp,1,7,4,0,13,27,31,0,39,31,-1
01_13_07_04_0074.bmp,0,7,4,0,13,12,12,12,12,13,-1
01_13_07_04_0076.bmp,0,7,4,0,13,12,12,13,12,13,-1
01_13_07_04_0078.bmp,0,7,4,0,13,12,12,13,12,13,-1
01_13_07_04_0079.bmp,0,7,4,0,13,12,12,13,12,13,-1
01_13_07_04_0079.bmp,1,7,4,0,13,27,31,1,39,31,-1
01_13_07_04_0082.bmp,1,7,4,0,13,31,31,7,39,31,-1
01_13_07_04_0083.bmp,0,7,4,0,13,13,12,13,12,13,-1
01_13_07_04_0084.bmp,0,7,4,0,13,13,12,13,12,13,-1
01_13_07_04_0085.bmp,0,7,4,0,13,13,12,13,13,13,-1
01_13_07_04_0087.bmp,0,7,4,0,13,13,25,13,13,13,-1
01_13_07_04_0088.bmp,1,7,4,0,13,31,31,1,25,31,-1
01_13_07_04_0089.bmp,1,7,4,0,13,12,31,0,25,31,-1
01_13_07_04_0090.bmp,0,7,4,0,13,13,13,13,13,13,-1
01_13_07_04_0090.bmp,1,7,4,0,13,12,31,7,25,31,-1
01_13_07_04_0093.bmp,0,7,4,0,13,13,13,13,13,13,-1
01_13_07_04_0093.bmp,1,7,4,0,13,12,31,7,25,31,-1
01_13_07_04_0094.bmp,1,7,4,0,13,12,31,1,12,31,-1
01_13_07_04_0095.bmp,0,7,4,0,13,13,13,13,13,13,-1
01_13_07_04_0098.bmp,1,7,4,0,13,12,31,7,25,31,-1
01_13_07_04_0099.bmp,1,7,4,0,13,12,31,7,12,31,-1
01_13_07_04_0100.bmp,0,7,4,0,13,13,13,13,13,13,-1
01_13_07_04_0101.bmp,0,7,4,0,13,13,13,13,13,13,-1
01_13_07_04_0101.bmp,1,7,4,0,13,12,31,17,12,31,-1
01_13_07_04_0105.bmp,1,7,4,0,13,31,31,1,12,12,-1
01_13_07_04_0107.bmp,0,7,4,0,13,13,13,13,13,13,-1
01_13_07_04_0108.bmp,0,7,4,0,13,13,13,13,13,13,-1
01_13_07_04_0109.bmp,1,7,4,0,13,31,31,12,32,32,-1
01_13_07_04_0110.bmp,0,7,4,0,13,13,13,13,13,13,-1
01_13_07_04_0110.bmp,1,7,4,0,13,12,31,25,12,13,-1
01_13_07_04_0111.bmp,0,7,4,0,13,13,13,13,13,13,-1
01_13_07_04_0112.bmp,0,7,4,0,13,13,13,13,13,13,-1
01_13_07_04_0113.bmp,1,7,4,0,13,32,31,6,32,32,-1
01_13_07_04_0114.bmp,1,7,4,0,13,12,31,12,12,12,-1
01_13_07_04_0115.bmp,0,7,4,0,13,11,31,32,2,2,-1
01_13_07_04_0115.bmp,1,7,4,0,13,12,31,12,12,31,-1
01_13_07_04_0116.bmp,1,7,4,0,13,12,31,12,12,31,-1
01_13_07_04_0117.bmp,1,7,4,0,13,12,31,0,12,31,-1
01_13_07_04_0118.bmp,0,7,4,0,13,19,31,1,11,12,-1
01_13_07_04_0118.bmp,1,7,4,0,13,12,31,0,12,31,-1
01_13_07_04_0119.bmp,0,7,4,0,13,19,31,12,11,12,-1
01_13_07_04_0119.bmp,1,7,4,0,13,12,31,0,12,31,-1
01_13_07_04_0122.bmp,1,7,4,0,13,12,31,12,12,31,-1
01_13_07_04_0123.bmp,0,7,4,0,13,12,31,32,13,32,-1
01_13_07_04_0124.bmp,0,7,4,0,13,12,31,32,13,32,-1
01_13_07_04_0124.bmp,1,7,4,0,13,12,31,12,12,31,-1
01_13_07_04_0125.bmp,0,7,4,0,13,12,31,12,12,12,-1
01_13_07_04_0125.bmp,1,7,4,0,13,12,31,12,12,31,-1
01_13_07_04_0126.bmp,0,7,4,0,13,12,31,12,12,32,-1
01_13_07_04_0128.bmp,1,7,4,0,13,12,31,12,12,15,-1
01_13_07_04_0129.bmp,0,7,4,0,13,12,31,13,12,32,-1
01_13_07_04_0130.bmp,0,7,4,0,13,12,31,32,12,32,-1
01_13_07_04_0131.bmp,0,7,4,0,13,12,31,32,12,32,-1
01_13_07_04_0131.bmp,1,7,4,0,13,12,31,12,12,13,-1
01_13_07_04_0132.bmp,0,7,4,0,13,12,31,32,12,32,-1
01_13_07_04_0133.bmp,1,7,4,0,13,12,31,12,12,12,-1
01_13_07_04_0134.bmp,1,7,4,0,13,12,31,12,12,12,-1
01_13_07_04_0136.bmp,1,7,4,0,13,12,31,12,12,15,-1
01_13_07_04_0137.bmp,0,7,4,0,13,12,31,32,12,32,-1
01_13_07_04_0137.bmp,1,7,4,0,13,12,31,12,12,15,-1
01_13_07_04_0138.bmp,0,7,4,0,13,12,31,32,12,32,-1
01_13_07_04_0139.bmp,0,7,4,0,13,12,32,32,12,32,-1
01_13_07_04_0139.bmp,1,7,4,0,13,12,31,12,12,15,-1
01_13_07_04_0140.bmp,1,7,4,0,13,12,31,12,12,15,-1
01_13_07_04_0143.bmp,1,7,4,0,13,12,31,12,12,15,-1
01_13_07_04_0146.bmp,0,7,4,0,13,32,32,32,32,32,-1
01_13_07_04_0149.bmp,0,7,4,0,13,32,32,32,4,32,-1
01_13_07_04_0149.bmp,1,7,4,0,13,12,31,12,12,15,-1
01_13_07_04_0150.bmp,0,7,4,0,13,32,32,32,32,32,-1
01_13_07_04_0150.bmp,1,7,4,0,13,12,31,12,12,15,-1
01_13_07_04_0151.bmp,0,7,4,0,13,32,32,32,32,32,-1
01_13_07_04_0154.bmp,0,7,4,0,13,32,32,32,32,32,-1
01_13_07_04_0154.bmp,1,7,4,0,13,12,31,12,12,13,-1
01_13_07_04_0155.bmp,0,7,4,0,13,32,32,32,32,32,-1
01_13_07_04_0159.bmp,0,7,4,0,13,32,32,32,32,32,-1
01_13_07_04_0160.bmp,0,7,4,0,13,32,32,32,32,32,-1
01_13_07_04_0160.bmp,1,7,4,0,13,12,31,12,12,15,-1
01_13_07_04_0162.bmp,1,7,4,0,13,12,31,12,12,15,-1
01_13_07_04_0163.bmp,0,7,4,0,13,32,13,32,32,32,-1
01_13_07_04_0164.bmp,0,7,4,0,13,32,13,32,32,32,-1
01_13_07_04_0164.bmp,1,7,4,0,13,12,31,12,12,15,-1
01_13_07_04_0165.bmp,0,7,4,0,13,32,13,32,32,32,-1
01_13_07_04_0166.bmp,1,7,4,0,13,12,31,12,12,15,-1
01_13_07_04_0168.bmp,1,7,4,0,13,12,31,12,12,15,-1
01_13_07_04_0170.bmp,0,7,4,0,13,31,31,1,13,13,-1
01_13_07_04_0170.bmp,1,7,4,0,13,12,31,12,12,15,-1
01_13_07_04_0171.bmp,0,7,4,0,13,31,31,1,13,13,-1
01_13_07_04_0172.bmp,0,7,4,0,13,31,31,13,12,13,-1
01_13_07_04_0172.bmp,1,7,4,0,13,12,31,12,12,15,-1
01_13_07_04_0173.bmp,0,7,4,0,13,31,31,1,13,13,-1
01_13_07_04_0173.bmp,1,7,4,0,13,32,31,13,32,13,-1
01_13_07_04_0174.bmp,0,7,4,0,13,13,31,13,13,13,-1
01_13_07_04_0174.bmp,1,7,4,0,13,31,31,13,13,13,-1
01_13_07_04_0175.bmp,1,7,4,0,13,12,31,12,12,15,-1
01_13_07_04_0176.bmp,1,7,4,0,13,12,31,12,12,15,-1
01_13_07_04_0177.bmp,1,7,4,0,13,12,31,12,12,13,-1
01_13_07_04_0178.bmp,0,7,4,0,13,31,31,1,13,13,-1
01_13_07_04_0178.bmp,1,7,4,0,13,12,31,12,12,15,-1
01_13_07_04_0179.bmp,0,7,4,0,13,31,31,13,13,13,-1
01_13_07_04_0179.bmp,1,7,4,0,13,12,31,12,12,15,-1
01_13_07_04_0180.bmp,0,7,4,0,13,12,31,1,12,13,-1
01_13_07_04_0182.bmp,0,7,4,0,13,12,31,7,13,13,-1
01_13_07_04_0182.bmp,1,7,4,0,13,12,31,12,12,15,-1
01_13_07_04_0185.bmp,0,7,4,0,13,31,31,13,13,13,-1
01_13_07_04_0193.bmp,1,7,4,0,13,12,31,12,12,15,-1
01_13_07_04_0196.bmp,0,7,4,0,13,13,31,7,13,13,-1
01_13_07_04_0197.bmp,1,7,4,0,13,12,31,12,12,15,-1
01_13_07_04_0199.bmp,0,7,4,0,13,12,31,1,12,12,-1
01_13_07_04_0202.bmp,0,7,4,0,13,12,31,13,12,13,-1
01_13_07_04_0203.bmp,0,7,4,0,13,12,31,13,12,12,-1
01_13_07_04_0206.bmp,0,7,4,0,13,12,31,1,13,13,-1
01_13_07_04_0207.bmp,1,7,4,0,13,12,31,12,12,13,-1
01_13_07_04_0209.bmp,0,7,4,0,13,13,13,1,13,13,-1
01_13_07_04_0209.bmp,1,7,4,0,13,12,31,12,12,15,-1
01_13_07_04_0210.bmp,1,7,4,0,13,12,31,12,12,15,-1
01_13_07_04_0212.bmp,0,7,4,0,13,12,12,34,34,34,-1
01_13_07_04_0212.bmp,1,7,4,0,13,12,31,12,12,15,-1
01_13_07_04_0214.bmp,0,7,4,0,13,12,13,7,34,41,-1
01_13_07_04_0214.bmp,1,7,4,0,13,12,31,12,12,13,-1
01_13_07_04_0215.bmp,1,7,4,0,13,12,31,12,12,15,-1
01_13_07_04_0216.bmp,0,7,4,0,13,13,13,13,15,13,-1
01_13_07_04_0216.bmp,1,7,4,0,13,12,31,12,12,13,-1
01_13_07_04_0217.bmp,1,7,4,0,13,12,31,12,12,15,-1
01_13_07_04_0219.bmp,1,7,4,0,13,12,31,12,12,15,-1
01_13_07_04_0220.bmp,0,7,4,0,13,13,13,13,15,15,-1
01_13_07_04_0221.bmp,0,7,4,0,13,15,13,13,15,15,-1
01_13_07_04_0222.bmp,0,7,4,0,13,13,13,13,15,15,-1
01_13_07_04_0223.bmp,1,7,4,0,13,12,31,12,12,15,-1
01_13_07_04_0226.bmp,0,7,4,0,13,13,13,13,15,15,-1
01_13_07_04_0227.bmp,0,7,4,0,13,13,13,13,15,15,-1
01_13_07_04_0227.bmp,1,7,4,0,13,12,31,12,12,15,-1
01_13_07_04_0231.bmp,0,7,4,0,13,13,13,13,13,13,-1
01_13_07_04_0232.bmp,1,7,4,0,13,12,31,12,12,15,-1
01_13_07_04_0233.bmp,0,7,4,0,13,13,13,13,13,13,-1
01_13_07_04_0235.bmp,0,7,4,0,13,13,13,13,13,13,-1
01_13_07_04_0236.bmp,0,7,4,0,13,13,13,13,13,13,-1
01_13_07_04_0236.bmp,1,7,4,0,13,12,31,12,12,13,-1
01_13_07_04_0238.bmp,1,7,4,0,13,12,31,12,12,13,-1
01_13_07_04_0240.bmp,0,7,4,0,13,13,13,13,13,13,-1
01_13_07_04_0240.bmp,1,7,4,0,13,12,31,12,12,15,-1
01_13_07_04_0242.bmp,1,7,4,0,13,12,31,12,12,15,-1
01_13_07_04_0244.bmp,1,7,4,0,13,12,31,12,12,15,-1
01_13_07_04_0245.bmp,0,7,4,0,13,13,13,13,13,7,-1
01_13_07_04_0246.bmp,0,7,4,0,13,15,15,32,15,15,-1
01_13_07_04_0246.bmp,1,7,4,0,13,12,31,12,12,13,-1
01_13_07_04_0247.bmp,1,7,4,0,13,12,31,12,12,13,-1
01_13_07_04_0249.bmp,0,7,4,0,13,15,13,13,8,15,-1
01_13_07_04_0250.bmp,0,7,4,0,13,15,13,13,15,15,-1
01_13_07_04_0251.bmp,0,7,4,0,13,15,13,13,8,15,-1
01_13_07_04_0252.bmp,0,7,4,0,13,15,13,13,15,15,-1
01_13_07_04_0253.bmp,0,7,4,0,13,15,13,13,15,15,-1
01_13_07_04_0258.bmp,1,7,4,0,13,12,31,12,12,15,-1
01_13_07_04_0259.bmp,1,7,4,0,13,12,31,12,12,15,-1
01_13_07_04_0260.bmp,0,7,4,0,13,13,13,13,15,15,-1
01_13_07_04_0261.bmp,0,7,4,0,13,13,13,13,13,13,-1
01_13_07_04_0262.bmp,0,7,4,0,13,13,13,13,13,13,-1
01_13_07_04_0263.bmp,1,7,4,0,13,12,31,12,12,15,-1
01_13_07_04_0264.bmp,0,7,4,0,13,13,13,13,13,13,-1
01_13_07_04_0264.bmp,1,7,4,0,13,12,31,12,12,15,-1
01_13_07_04_0265.bmp,0,7,4,0,13,13,13,13,13,13,-1
01_13_07_04_0266.bmp,1,7,4,0,13,12,31,12,12,15,-1
01_13_07_04_0267.bmp,0,7,4,0,13,13,13,13,13,13,-1
01_13_07_04_0267.bmp,1,7,4,0,13,12,31,12,12,15,-1
01_13_07_04_0269.bmp,0,7,4,0,13,15,13,13,15,7,-1
01_13_07_04_0272.bmp,0,7,4,0,13,12,31,13,12,13,-1
01_13_07_04_0273.bmp,0,7,4,0,13,12,31,12,12,15,-1
01_13_07_04_0275.bmp,0,7,4,0,13,12,31,12,12,15,-1
01_13_07_04_0278.bmp,0,7,4,0,13,12,31,12,12,15,-1
01_13_07_04_0280.bmp,0,7,4,0,13,12,31,12,12,13,-1
01_13_07_04_0287.bmp,0,7,4,0,13,12,31,12,12,13,-1
01_13_07_04_0289.bmp,0,7,4,0,13,12,31,13,12,15,-1
01_13_07_04_0291.bmp,0,7,4,0,13,12,31,12,12,15,-1
01_13_07_04_0299.bmp,0,7,4,0,13,12,31,12,12,13,-1
01_13_07_04_0306.bmp,0,7,4,0,13,12,31,12,12,13,-1
01_13_07_04_0308.bmp,0,7,4,0,13,12,31,12,12,13,-1
01_13_07_04_0311.bmp,0,7,4,0,13,12,31,12,12,13,-1
01_13_07_04_0312.bmp,0,7,4,0,13,12,31,12,12,13,-1
01_13_07_04_0314.bmp,0,7,4,0,13,12,31,12,12,13,-1
01_13_07_04_0315.bmp,0,7,4,0,13,12,31,12,12,13,-1
01_13_07_04_0316.bmp,0,7,4,0,13,12,31,12,12,12,-1
01_13_07_04_0327.bmp,0,7,4,0,13,12,31,13,12,12,-1
01_13_07_04_0328.bmp,0,7,4,0,13,12,31,13,12,13,-1
01_13_07_04_0333.bmp,0,7,4,0,13,12,31,13,12,13,-1
01_13_07_04_0334.bmp,0,7,4,0,13,12,31,13,12,13,-1
01_13_07_04_0336.bmp,0,7,4,0,13,12,31,12,12,13,-1
01_13_07_04_0337.bmp,0,7,4,0,13,12,31,13,12,13,-1
01_13_07_04_0342.bmp,0,7,4,0,13,31,31,13,13,13,-1
01_13_07_04_0351.bmp,0,7,4,0,13,13,13,13,13,8,-1
01_13_07_04_0352.bmp,0,7,4,0,13,13,13,13,13,7,-1
01_13_07_04_0355.bmp,0,7,4,0,13,13,13,13,13,7,-1
01_13_07_04_0361.bmp,0,7,4,0,13,15,15,13,15,15,-1
01_13_07_04_0363.bmp,0,7,4,0,13,15,15,13,15,15,-1
01_13_07_04_0366.bmp,0,7,4,0,13,15,15,13,15,15,-1
01_13_07_04_0369.bmp,0,7,4,0,13,15,15,13,15,15,-1
01_13_07_04_0372.bmp,0,7,4,0,13,15,15,13,15,15,-1
01_13_07_04_0375.bmp,0,7,4,0,13,15,15,13,15,15,-1
01_13_07_04_0376.bmp,0,7,4,0,13,15,13,13,15,15,-1
01_13_07_04_0377.bmp,0,7,4,0,13,15,13,15,15,15,-1
01_13_07_04_0381.bmp,0,7,4,0,13,13,13,13,15,15,-1
01_13_07_04_0384.bmp,0,7,4,0,13,15,15,15,15,15,-1
01_13_07_04_0389.bmp,0,7,4,0,13,19,31,32,7,36,-1
01_13_07_04_0392.bmp,0,7,4,0,13,19,31,11,11,13,-1
01_13_07_04_0395.bmp,0,7,4,0,13,19,31,12,40,13,-1
01_13_07_04_0398.bmp,0,7,4,0,13,19,31,32,19,12,-1
01_13_07_04_0399.bmp,0,7,4,0,13,19,31,32,11,19,-1
01_13_07_04_0400.bmp,0,7,4,0,13,19,31,32,11,19,-1
01_13_07_04_0401.bmp,0,7,4,0,13,19,31,32,19,19,-1
01_13_07_04_0405.bmp,0,7,4,0,13,19,31,32,7,19,-1
01_13_07_04_0409.bmp,0,7,4,0,13,19,31,32,40,19,-1
01_13_07_04_0413.bmp,0,7,4,0,13,19,31,32,19,19,-1
01_13_07_04_0418.bmp,0,7,4,0,13,19,31,32,11,12,-1
01_13_07_04_0424.bmp,0,7,4,0,13,19,31,32,19,12,-1
01_13_07_04_0425.bmp,0,7,4,0,13,12,31,32,19,18,-1
01_13_07_04_0429.bmp,0,7,4,0,13,12,31,12,19,13,-1
01_13_07_04_0430.bmp,0,7,4,0,13,31,31,1,19,13,-1
01_13_07_04_0432.bmp,0,7,4,0,13,19,31,1,19,18,-1
01_13_07_04_0434.bmp,0,7,4,0,13,19,31,1,19,13,-1
01_13_07_04_0439.bmp,0,7,4,0,13,19,31,1,19,12,-1
01_13_07_04_0442.bmp,0,7,4,0,13,19,31,13,19,12,-1
01_13_07_04_0443.bmp,0,7,4,0,13,19,31,32,19,12,-1
01_13_07_04_0444.bmp,0,7,4,0,13,19,31,32,12,12,-1
01_13_07_04_0448.bmp,0,7,4,0,13,32,31,13,32,12,-1
01_13_07_04_0450.bmp,0,7,4,0,13,19,31,1,12,13,-1
01_13_07_04_0452.bmp,0,7,4,0,13,19,31,13,12,13,-1
01_13_07_04_0455.bmp,0,7,4,0,13,12,31,1,12,13,-1
01_13_07_04_0456.bmp,0,7,4,0,13,12,31,1,12,13,-1
01_13_07_04_0461.bmp,0,7,4,0,13,31,31,13,12,31,-1
01_13_07_04_0462.bmp,0,7,4,0,13,31,31,12,12,31,-1
01_13_07_04_0463.bmp,0,7,4,0,13,12,31,13,12,15,-1
01_13_07_04_0464.bmp,0,7,4,0,13,31,31,4,12,15,-1
01_13_07_04_0465.bmp,0,7,4,0,13,12,31,13,13,13,-1
01_13_07_04_0466.bmp,0,7,4,0,13,12,31,13,13,15,-1
01_13_07_04_0471.bmp,0,7,4,0,13,15,31,13,15,15,-1
01_13_07_04_0473.bmp,0,7,4,0,13,19,31,13,32,15,-1
01_13_07_04_0475.bmp,0,7,4,0,13,32,31,13,15,15,-1
01_13_07_04_0476.bmp,0,7,4,0,13,32,31,13,32,15,-1
01_13_07_04_0480.bmp,0,7,4,0,13,32,31,13,15,15,-1
01_13_07_04_0485.bmp,0,7,4,0,13,32,32,32,32,15,-1
01_13_07_04_0486.bmp,0,7,4,0,13,32,31,13,32,15,-1
01_13_07_04_0490.bmp,0,7,4,0,13,32,32,13,32,13,-1
01_13_07_04_0492.bmp,0,7,4,0,13,32,13,13,32,13,-1
01_13_07_04_0495.bmp,0,7,4,0,13,13,13,13,8,15,-1
01_13_07_04_0497.bmp,0,7,4,0,13,13,13,13,13,15,-1
01_13_07_04_0499.bmp,0,7,4,0,13,13,13,13,13,13,-1
01_13_07_04_0500.bmp,0,7,4,0,13,13,13,13,13,13,-1
01_13_07_04_0501.bmp,0,7,4,0,13,13,13,13,13,13,-1
01_13_07_04_0505.bmp,0,7,4,0,13,13,13,13,13,13,-1
01_13_07_04_0508.bmp,0,7,4,0,13,13,13,13,13,13,-1
01_13_07_04_0510.bmp,0,7,4,0,13,13,13,13,13,13,-1
01_13_07_04_0511.bmp,0,7,4,0,13,13,13,13,13,7,-1
01_13_07_04_0514.bmp,0,7,4,0,13,15,13,13,15,13,-1
01_13_07_04_0516.bmp,0,7,4,0,13,31,31,32,19,12,-1
01_13_07_04_0519.bmp,0,7,4,0,13,19,31,32,19,12,-1
01_13_07_04_0521.bmp,0,7,4,0,13,19,31,32,19,12,-1
01_13_07_04_0523.bmp,0,7,4,0,13,12,31,1,12,13,-1
01_13_07_04_0525.bmp,0,7,4,0,13,12,31,13,12,19,-1
01_13_07_04_0526.bmp,0,7,4,0,13,19,31,32,19,19,-1
01_13_07_04_0533.bmp,0,7,4,0,13,19,31,13,12,40,-1
01_13_07_04_0537.bmp,0,7,4,0,13,12,31,1,12,12,-1
01_13_07_04_0538.bmp,0,7,4,0,13,19,31,32,27,12,-1
01_13_07_04_0539.bmp,0,7,4,0,13,12,31,1,12,12,-1
01_13_07_04_0542.bmp,0,7,4,0,13,31,31,32,19,12,-1
01_13_07_04_0544.bmp,0,7,4,0,13,31,31,12,27,19,-1
01_13_07_04_0545.bmp,0,7,4,0,13,12,31,16,12,12,-1
01_13_07_04_0547.bmp,0,7,4,0,13,12,31,16,12,12,-1
01_13_07_04_0549.bmp,0,7,4,0,13,12,31,7,12,12,-1
01_13_07_04_0550.bmp,0,7,4,0,13,31,31,12,32,12,-1
01_13_07_04_0554.bmp,0,7,4,0,13,19,31,42,19,13,-1
01_13_07_04_0557.bmp,0,7,4,0,13,12,31,7,12,19,-1
01_13_07_04_0559.bmp,0,7,4,0,13,12,31,7,12,13,-1
01_13_07_04_0561.bmp,0,7,4,0,13,12,31,12,12,15,-1
01_13_07_04_0564.bmp,0,7,4,0,13,31,31,1,19,12,-1
01_13_07_04_0565.bmp,0,7,4,0,13,12,31,1,12,15,-1
01_13_07_04_0566.bmp,0,7,4,0,13,31,31,11,19,19,-1
01_13_07_04_0567.bmp,0,7,4,0,13,12,31,32,12,13,-1
01_13_07_04_0570.bmp,0,7,4,0,13,19,31,32,19,19,-1
01_13_07_04_0571.bmp,0,7,4,0,13,12,31,13,12,13,-1
01_13_07_04_0573.bmp,0,7,4,0,13,19,31,13,12,32,-1
01_13_07_04_0581.bmp,0,7,4,0,13,12,31,32,40,15,-1
01_13_07_04_0584.bmp,0,7,4,0,13,19,31,1,32,12,-1
01_13_07_04_0586.bmp,0,7,4,0,13,19,31,1,32,12,-1
01_13_07_04_0588.bmp,0,7,4,0,13,19,31,7,32,12,-1
01_13_07_04_0589.bmp,0,7,4,0,13,19,31,32,32,15,-1
01_13_07_04_0590.bmp,0,7,4,0,13,19,31,1,32,13,-1
01_13_07_04_0592.bmp,0,7,4,0,13,19,31,1,32,13,-1
01_13_07_04_0594.bmp,0,7,4,0,13,19,31,13,32,12,-1
01_13_07_04_0595.bmp,0,7,4,0,13,19,31,32,32,15,-1
01_13_07_04_0600.bmp,0,7,4,0,13,12,31,32,32,15,-1
01_13_07_04_0601.bmp,0,7,4,0,13,12,31,32,13,15,-1
01_13_07_04_0605.bmp,0,7,4,0,13,32,31,32,32,15,-1
01_13_07_04_0607.bmp,0,7,4,0,13,32,31,32,13,15,-1
01_13_07_04_0609.bmp,0,7,4,0,13,32,12,32,32,15,-1
01_13_07_04_0610.bmp,0,7,4,0,13,32,12,13,32,15,-1
01_13_07_04_0612.bmp,0,7,4,0,13,13,12,32,32,15,-1
01_13_07_04_0625.bmp,0,7,4,0,13,13,13,13,13,13,-1
01_03_07_05_0001.bmp,0,7,5,0,9,31,31,12,27,12,-1
01_03_07_05_0006.bmp,0,7,5,0,9,31,31,32,27,19,-1
01_03_07_05_0012.bmp,0,7,5,0,9,31,31,32,27,12,-1
01_03_07_05_0015.bmp,0,7,5,0,9,31,31,32,19,12,-1
01_03_07_05_0018.bmp,0,7,5,0,9,31,31,32,19,19,-1
01_03_07_05_0021.bmp,0,7,5,0,9,31,31,32,19,13,-1
01_03_07_05_0024.bmp,0,7,5,0,9,31,31,32,19,12,-1
01_03_07_05_0036.bmp,0,7,5,0,9,19,31,32,19,12,-1
01_03_07_05_0042.bmp,0,7,5,0,9,19,31,12,32,13,-1
01_03_07_05_0043.bmp,0,7,5,0,9,19,31,32,32,13,-1
01_03_07_05_0044.bmp,0,7,5,0,9,19,31,12,32,13,-1
01_03_07_05_0046.bmp,0,7,5,0,9,32,31,32,32,13,-1
01_03_07_05_0048.bmp,0,7,5,0,9,19,31,32,32,13,-1
01_03_07_05_0050.bmp,0,7,5,0,9,32,31,32,32,19,-1
01_03_07_05_0051.bmp,0,7,5,0,9,32,31,32,32,19,-1
01_03_07_05_0055.bmp,0,7,5,0,9,32,31,13,32,13,-1
01_03_07_05_0056.bmp,0,7,5,0,9,31,31,31,15,15,-1
01_03_07_05_0058.bmp,0,7,5,0,9,31,31,12,19,15,-1
01_03_07_05_0061.bmp,0,7,5,0,9,31,31,13,15,15,-1
01_03_07_05_0062.bmp,0,7,5,0,9,31,36,13,19,13,-1
01_03_07_05_0066.bmp,0,7,5,0,9,31,31,13,15,15,-1
01_03_07_05_0068.bmp,0,7,5,0,9,31,31,12,15,15,-1
01_03_07_05_0069.bmp,0,7,5,0,9,31,31,31,15,15,-1
01_03_07_05_0072.bmp,0,7,5,0,9,15,31,15,15,15,-1
01_03_07_05_0075.bmp,0,7,5,0,9,15,31,15,15,29,-1
01_03_07_05_0077.bmp,0,7,5,0,9,15,31,15,15,15,-1
01_03_07_05_0078.bmp,0,7,5,0,9,15,31,15,15,15,-1
01_03_07_05_0082.bmp,0,7,5,0,9,15,15,15,15,15,-1
01_03_07_05_0083.bmp,0,7,5,0,9,15,15,16,15,15,-1
01_06_07_05_0002.bmp,1,7,5,0,14,32,32,31,32,5,-1
01_06_07_05_0003.bmp,1,7,5,0,14,32,32,13,32,29,-1
01_06_07_05_0004.bmp,1,7,5,0,14,32,32,25,32,29,-1
01_06_07_05_0007.bmp,0,7,5,0,14,31,31,31,15,15,-1
01_06_07_05_0007.bmp,1,7,5,0,14,36,36,25,36,18,-1
01_06_07_05_0012.bmp,0,7,5,0,14,36,36,36,17,14,-1
01_06_07_05_0012.bmp,1,7,5,0,14,31,31,0,31,0,-1
01_06_07_05_0013.bmp,1,7,5,0,14,31,36,0,0,16,-1
01_06_07_05_0014.bmp,0,7,5,0,14,36,36,36,14,14,-1
01_06_07_05_0015.bmp,0,7,5,0,14,36,36,36,17,14,-1
01_06_07_05_0015.bmp,1,7,5,0,14,31,31,12,0,0,-1
01_06_07_05_0016.bmp,1,7,5,0,14,31,31,0,0,5,-1
01_06_07_05_0017.bmp,1,7,5,0,14,31,31,12,12,17,-1
01_06_07_05_0021.bmp,0,7,5,0,14,36,36,17,17,14,-1
01_06_07_05_0022.bmp,1,7,5,0,14,12,31,31,12,15,-1
01_06_07_05_0024.bmp,0,7,5,0,14,36,36,13,17,14,-1
01_06_07_05_0026.bmp,1,7,5,0,14,12,31,25,12,13,-1
01_06_07_05_0029.bmp,0,7,5,0,14,17,36,17,17,14,-1
01_06_07_05_0029.bmp,1,7,5,0,14,12,31,12,12,13,-1
01_06_07_05_0030.bmp,0,7,5,0,14,17,36,17,17,14,-1
01_06_07_05_0030.bmp,1,7,5,0,14,31,31,12,12,13,-1
01_06_07_05_0031.bmp,0,7,5,0,14,15,36,17,17,14,-1
01_06_07_05_0031.bmp,1,7,5,0,14,31,31,16,12,13,-1
01_06_07_05_0035.bmp,0,7,5,0,14,15,15,17,15,14,-1
01_06_07_05_0037.bmp,1,7,5,0,14,31,31,32,31,18,-1
01_06_07_05_0038.bmp,0,7,5,0,14,15,15,17,15,14,-1
01_06_07_05_0039.bmp,0,7,5,0,14,15,15,15,15,14,-1
01_06_07_05_0039.bmp,1,7,5,0,14,31,31,32,31,12,-1
01_06_07_05_0040.bmp,1,7,5,0,14,31,31,1,12,13,-1
01_06_07_05_0041.bmp,1,7,5,0,14,31,31,11,12,13,-1
01_06_07_05_0042.bmp,0,7,5,0,14,15,15,17,15,14,-1
01_06_07_05_0043.bmp,1,7,5,0,14,31,31,1,12,13,-1
01_06_07_05_0046.bmp,0,7,5,0,14,31,31,13,12,13,-1
01_06_07_05_0048.bmp,0,7,5,0,14,31,31,11,12,5,-1
01_06_07_05_0050.bmp,0,7,5,0,14,12,31,25,12,32,-1
01_06_07_05_0051.bmp,0,7,5,0,14,32,31,25,32,32,-1
01_06_07_05_0055.bmp,0,7,5,0,14,12,31,25,12,15,-1
01_06_07_05_0056.bmp,0,7,5,0,14,12,31,25,13,18,-1
01_06_07_05_0059.bmp,0,7,5,0,14,32,12,12,32,32,-1
01_06_07_05_0064.bmp,0,7,5,0,14,13,32,12,8,8,-1
01_06_07_05_0066.bmp,0,7,5,0,14,13,32,12,8,8,-1
01_06_07_05_0067.bmp,0,7,5,0,14,13,32,12,8,8,-1
01_06_07_05_0068.bmp,0,7,5,0,14,32,32,12,8,8,-1
01_06_07_05_0070.bmp,0,7,5,0,14,15,12,12,8,8,-1
01_06_07_05_0074.bmp,0,7,5,0,14,15,32,15,29,29,-1
01_06_07_05_0075.bmp,0,7,5,0,14,15,36,15,29,29,-1
01_06_07_05_0076.bmp,0,7,5,0,14,15,36,15,17,14,-1
01_06_07_05_0080.bmp,0,7,5,0,14,15,31,15,17,17,-1
01_06_07_05_0085.bmp,0,7,5,0,14,15,12,3,15,29,-1
01_06_07_05_0088.bmp,0,7,5,0,14,14,14,14,14,14,-1
01_06_07_05_0089.bmp,0,7,5,0,14,17,17,17,17,8,-1
01_11_07_05_0002.bmp,0,7,5,0,12,31,31,0,31,12,-1
01_11_07_05_0003.bmp,0,7,5,0,12,31,31,31,31,5,-1
01_11_07_05_0013.bmp,0,7,5,0,12,31,31,12,31,27,-1
01_11_07_05_0019.bmp,0,7,5,0,12,31,31,1,31,12,-1
01_11_07_05_0020.bmp,0,7,5,0,12,31,31,25,31,31,-1
01_11_07_05_0021.bmp,0,7,5,0,12,31,31,0,31,36,-1
01_11_07_05_0022.bmp,0,7,5,0,12,31,31,12,31,31,-1
01_11_07_05_0024.bmp,0,7,5,0,12,31,31,12,31,36,-1
01_11_07_05_0027.bmp,0,7,5,0,12,31,36,1,31,36,-1
01_11_07_05_0028.bmp,0,7,5,0,12,31,31,31,31,15,-1
01_11_07_05_0031.bmp,0,7,5,0,12,31,31,1,31,36,-1
01_11_07_05_0033.bmp,0,7,5,0,12,31,31,0,31,15,-1
01_11_07_05_0038.bmp,0,7,5,0,12,31,31,12,31,15,-1
01_11_07_05_0039.bmp,0,7,5,0,12,31,31,12,15,15,-1
01_11_07_05_0041.bmp,0,7,5,0,12,31,31,31,31,15,-1
01_11_07_05_0045.bmp,0,7,5,0,12,31,31,12,15,15,-1
01_11_07_05_0047.bmp,0,7,5,0,12,31,31,31,15,15,-1
01_11_07_05_0049.bmp,0,7,5,0,12,31,31,31,15,15,-1
01_11_07_05_0050.bmp,0,7,5,0,12,31,31,31,15,15,-1
01_11_07_05_0052.bmp,0,7,5,0,12,31,31,12,15,15,-1
01_11_07_05_0060.bmp,0,7,5,0,12,31,31,12,15,15,-1
01_11_07_05_0061.bmp,0,7,5,0,12,31,31,12,15,15,-1
01_11_07_05_0062.bmp,0,7,5,0,12,31,31,31,15,15,-1
01_11_07_05_0064.bmp,0,7,5,0,12,31,31,31,15,15,-1
01_11_07_05_0065.bmp,0,7,5,0,12,31,31,12,15,15,-1
01_11_07_05_0069.bmp,0,7,5,0,12,15,31,15,15,15,-1
01_11_07_05_0077.bmp,0,7,5,0,12,15,15,15,15,15,-1
01_11_07_05_0078.bmp,0,7,5,0,12,15,15,15,15,15,-1
01_11_07_05_0080.bmp,0,7,5,0,12,15,36,17,15,17,-1
01_12_07_05_0002.bmp,0,7,5,0,17,36,36,1,33,24,-1
01_12_07_05_0004.bmp,0,7,5,0,17,31,31,12,3,1,-1
01_12_07_05_0005.bmp,0,7,5,0,17,31,31,1,32,36,-1
01_12_07_05_0006.bmp,1,7,5,0,17,31,31,11,27,36,-1
01_12_07_05_0009.bmp,0,7,5,0,17,36,36,1,29,15,-1
01_12_07_05_0009.bmp,1,7,5,0,17,31,31,11,27,36,-1
01_12_07_05_0011.bmp,0,7,5,0,17,36,36,0,29,15,-1
01_12_07_05_0011.bmp,1,7,5,0,17,31,31,11,27,31,-1
01_12_07_05_0012.bmp,0,7,5,0,17,31,36,0,29,15,-1
01_12_07_05_0012.bmp,1,7,5,0,17,31,31,11,27,36,-1
01_12_07_05_0013.bmp,0,7,5,0,17,36,36,0,29,15,-1
01_12_07_05_0015.bmp,0,7,5,0,17,31,36,0,29,36,-1
01_12_07_05_0017.bmp,1,7,5,0,17,31,31,11,27,36,-1
01_12_07_05_0018.bmp,1,7,5,0,17,31,31,11,27,36,-1
01_12_07_05_0021.bmp,1,7,5,0,17,31,31,11,27,36,-1
01_12_07_05_0022.bmp,1,7,5,0,17,31,31,1,27,12,-1
01_12_07_05_0024.bmp,1,7,5,0,17,31,31,11,27,12,-1
01_12_07_05_0025.bmp,1,7,5,0,17,31,31,11,27,12,-1
01_12_07_05_0028.bmp,1,7,5,0,17,31,31,1,27,12,-1
01_12_07_05_0032.bmp,0,7,5,0,17,32,12,13,32,15,-1
01_12_07_05_0032.bmp,1,7,5,0,17,31,31,11,27,12,-1
01_12_07_05_0033.bmp,0,7,5,0,17,15,12,15,15,15,-1
01_12_07_05_0033.bmp,1,7,5,0,17,31,31,0,3,12,-1
01_12_07_05_0034.bmp,0,7,5,0,17,15,15,15,15,17,-1
01_12_07_05_0035.bmp,0,7,5,0,17,15,15,15,15,17,-1
01_12_07_05_0035.bmp,1,7,5,0,17,31,31,11,3,12,-1
01_12_07_05_0036.bmp,1,7,5,0,17,31,31,18,3,12,-1
01_12_07_05_0037.bmp,0,7,5,0,17,15,15,15,17,17,-1
01_12_07_05_0038.bmp,0,7,5,0,17,15,15,15,17,17,-1
01_12_07_05_0040.bmp,0,7,5,0,17,15,15,15,17,14,-1
01_12_07_05_0040.bmp,1,7,5,0,17,31,31,7,31,36,-1
01_12_07_05_0041.bmp,0,7,5,0,17,15,15,17,17,14,-1
01_12_07_05_0043.bmp,0,7,5,0,17,17,15,17,17,17,-1
01_12_07_05_0044.bmp,0,7,5,0,17,31,31,11,31,13,-1
01_12_07_05_0045.bmp,0,7,5,0,17,31,31,11,3,12,-1
01_12_07_05_0051.bmp,0,7,5,0,17,31,31,11,31,36,-1
01_12_07_05_0052.bmp,0,7,5,0,17,31,31,1,31,36,-1
01_12_07_05_0056.bmp,0,7,5,0,17,31,31,0,12,12,-1
01_12_07_05_0060.bmp,0,7,5,0,17,31,31,0,12,0,-1
01_12_07_05_0061.bmp,0,7,5,0,17,12,31,0,12,12,-1
01_12_07_05_0062.bmp,0,7,5,0,17,31,31,0,12,0,-1
01_12_07_05_0068.bmp,0,7,5,0,17,31,31,0,12,0,-1
01_12_07_05_0072.bmp,0,7,5,0,17,31,31,0,12,0,-1
01_12_07_05_0075.bmp,0,7,5,0,17,31,31,0,12,0,-1
01_12_07_05_0077.bmp,0,7,5,0,17,12,31,0,12,0,-1
01_12_07_05_0078.bmp,0,7,5,0,17,31,31,0,12,0,-1
01_12_07_05_0081.bmp,0,7,5,0,17,31,31,0,12,0,-1
01_12_07_05_0082.bmp,0,7,5,0,17,31,31,31,12,0,-1
01_12_07_05_0085.bmp,0,7,5,0,17,12,31,0,12,0,-1
01_12_07_05_0086.bmp,0,7,5,0,17,12,31,0,12,0,-1
01_12_07_05_0088.bmp,0,7,5,0,17,31,31,0,12,0,-1
01_12_07_05_0092.bmp,0,7,5,0,17,31,31,0,12,0,-1
01_12_07_05_0093.bmp,0,7,5,0,17,31,32,0,12,14,-1
01_12_07_05_0097.bmp,0,7,5,0,17,31,31,0,0,1,-1
01_12_07_05_0098.bmp,0,7,5,0,17,31,31,0,0,1,-1
01_12_07_05_0101.bmp,0,7,5,0,17,31,36,0,0,13,-1
01_12_07_05_0105.bmp,0,7,5,0,17,31,36,0,0,13,-1
01_12_07_05_0107.bmp,0,7,5,0,17,31,36,0,0,18,-1
01_12_07_05_0112.bmp,0,7,5,0,17,31,36,0,0,14,-1
01_12_07_05_0113.bmp,0,7,5,0,17,36,36,0,0,14,-1
01_13_07_05_0002.bmp,1,7,5,0,13,31,31,1,31,13,-1
01_13_07_05_0003.bmp,1,7,5,0,13,31,31,13,31,18,-1
01_13_07_05_0005.bmp,1,7,5,0,13,31,31,13,0,36,-1
01_13_07_05_0006.bmp,0,7,5,0,13,12,31,11,12,12,-1
01_13_07_05_0006.bmp,1,7,5,0,13,31,31,1,0,36,-1
01_13_07_05_0007.bmp,1,7,5,0,13,31,31,13,0,36,-1
01_13_07_05_0010.bmp,1,7,5,0,13,31,31,13,0,36,-1
01_13_07_05_0013.bmp,0,7,5,0,13,12,31,32,12,12,-1
01_13_07_05_0014.bmp,1,7,5,0,13,31,31,1,0,36,-1
01_13_07_05_0016.bmp,1,7,5,0,13,31,31,1,0,36,-1
01_13_07_05_0022.bmp,0,7,5,0,13,12,31,32,12,12,-1
01_13_07_05_0024.bmp,0,7,5,0,13,12,31,32,12,32,-1
01_13_07_05_0024.bmp,1,7,5,0,13,31,31,13,0,13,-1
01_13_07_05_0025.bmp,1,7,5,0,13,31,31,13,13,13,-1
01_13_07_05_0026.bmp,0,7,5,0,13,12,31,11,12,32,-1
01_13_07_05_0028.bmp,1,7,5,0,13,31,31,13,0,13,-1
01_13_07_05_0029.bmp,1,7,5,0,13,31,31,13,0,13,-1
01_13_07_05_0030.bmp,0,7,5,0,13,12,31,11,12,12,-1
01_13_07_05_0031.bmp,1,7,5,0,13,31,31,1,13,13,-1
01_13_07_05_0032.bmp,1,7,5,0,13,31,31,1,0,13,-1
01_13_07_05_0034.bmp,0,7,5,0,13,31,31,12,12,32,-1
01_13_07_05_0035.bmp,1,7,5,0,13,31,31,1,13,13,-1
01_13_07_05_0037.bmp,0,7,5,0,13,12,31,11,12,32,-1
01_13_07_05_0037.bmp,1,7,5,0,13,31,31,13,13,13,-1
01_13_07_05_0038.bmp,0,7,5,0,13,31,31,11,12,32,-1
01_13_07_05_0040.bmp,0,7,5,0,13,12,31,11,12,32,-1
01_13_07_05_0043.bmp,1,7,5,0,13,36,31,13,13,13,-1
01_13_07_05_0045.bmp,1,7,5,0,13,31,31,13,13,15,-1
01_13_07_05_0047.bmp,0,7,5,0,13,12,31,12,12,32,-1
01_13_07_05_0047.bmp,1,7,5,0,13,13,19,13,13,15,-1
01_13_07_05_0048.bmp,0,7,5,0,13,12,12,12,12,32,-1
01_13_07_05_0050.bmp,0,7,5,0,13,12,12,12,12,32,-1
01_13_07_05_0052.bmp,0,7,5,0,13,12,12,12,12,32,-1
01_13_07_05_0053.bmp,0,7,5,0,13,12,12,12,12,32,-1
01_13_07_05_0054.bmp,0,7,5,0,13,12,12,12,12,32,-1
01_13_07_05_0056.bmp,1,7,5,0,13,13,13,13,13,13,-1
01_13_07_05_0058.bmp,0,7,5,0,13,12,12,25,12,32,-1
01_13_07_05_0058.bmp,1,7,5,0,13,13,13,13,13,13,-1
01_13_07_05_0059.bmp,0,7,5,0,13,31,12,12,12,32,-1
01_13_07_05_0059.bmp,1,7,5,0,13,13,32,13,13,15,-1
01_13_07_05_0060.bmp,0,7,5,0,13,12,12,12,12,32,-1
01_13_07_05_0061.bmp,0,7,5,0,13,12,12,12,12,32,-1
01_13_07_05_0061.bmp,1,7,5,0,13,13,13,13,13,13,-1
01_13_07_05_0062.bmp,0,7,5,0,13,31,12,12,12,32,-1
01_13_07_05_0062.bmp,1,7,5,0,13,13,13,13,15,15,-1
01_13_07_05_0065.bmp,1,7,5,0,13,3,31,31,11,31,-1
01_13_07_05_0067.bmp,1,7,5,0,13,3,31,12,11,31,-1
01_13_07_05_0068.bmp,0,7,5,0,13,12,12,13,12,32,-1
01_13_07_05_0068.bmp,1,7,5,0,13,3,31,1,11,31,-1
01_13_07_05_0070.bmp,0,7,5,0,13,31,12,12,12,32,-1
01_13_07_05_0071.bmp,0,7,5,0,13,12,12,12,12,32,-1
01_13_07_05_0073.bmp,0,7,5,0,13,12,12,12,12,32,-1
01_13_07_05_0074.bmp,0,7,5,0,13,12,12,12,12,32,-1
01_13_07_05_0075.bmp,0,7,5,0,13,12,12,13,12,13,-1
01_13_07_05_0078.bmp,1,7,5,0,13,3,31,1,11,13,-1
01_13_07_05_0079.bmp,1,7,5,0,13,3,31,1,11,13,-1
01_13_07_05_0080.bmp,1,7,5,0,13,3,31,1,11,31,-1
01_13_07_05_0082.bmp,1,7,5,0,13,12,31,7,25,31,-1
01_13_07_05_0084.bmp,0,7,5,0,13,32,12,13,12,13,-1
01_13_07_05_0084.bmp,1,7,5,0,13,3,31,0,11,31,-1
01_13_07_05_0085.bmp,0,7,5,0,13,32,12,13,32,13,-1
01_13_07_05_0085.bmp,1,7,5,0,13,12,31,17,25,31,-1
01_13_07_05_0086.bmp,1,7,5,0,13,12,31,0,25,31,-1
01_13_07_05_0088.bmp,1,7,5,0,13,12,31,0,25,31,-1
01_13_07_05_0089.bmp,0,7,5,0,13,32,12,13,32,13,-1
01_13_07_05_0090.bmp,0,7,5,0,13,32,32,13,32,13,-1
01_13_07_05_0090.bmp,1,7,5,0,13,12,31,7,12,13,-1
01_13_07_05_0091.bmp,0,7,5,0,13,32,32,13,32,13,-1
01_13_07_05_0091.bmp,1,7,5,0,13,12,31,7,12,31,-1
01_13_07_05_0093.bmp,1,7,5,0,13,12,31,7,25,31,-1
01_13_07_05_0095.bmp,1,7,5,0,13,12,31,7,25,31,-1
01_13_07_05_0096.bmp,1,7,5,0,13,12,31,7,25,31,-1
01_13_07_05_0097.bmp,1,7,5,0,13,12,31,7,12,13,-1
01_13_07_05_0098.bmp,1,7,5,0,13,12,31,12,25,31,-1
01_13_07_05_0100.bmp,0,7,5,0,13,13,13,13,13,13,-1
01_13_07_05_0101.bmp,1,7,5,0,13,12,31,17,12,31,-1
01_13_07_05_0102.bmp,0,7,5,0,13,13,13,13,13,15,-1
01_13_07_05_0104.bmp,1,7,5,0,13,12,31,7,12,31,-1
01_13_07_05_0105.bmp,0,7,5,0,13,13,13,13,13,15,-1
01_13_07_05_0106.bmp,0,7,5,0,13,13,13,13,13,13,-1
01_13_07_05_0107.bmp,0,7,5,0,13,13,13,13,13,13,-1
01_13_07_05_0110.bmp,1,7,5,0,13,31,31,25,12,11,-1
01_13_07_05_0112.bmp,0,7,5,0,13,13,13,13,13,13,-1
01_13_07_05_0113.bmp,1,7,5,0,13,31,31,12,12,32,-1
01_13_07_05_0115.bmp,1,7,5,0,13,12,31,12,12,12,-1
01_13_07_05_0116.bmp,0,7,5,0,13,19,31,32,2,12,-1
01_13_07_05_0117.bmp,0,7,5,0,13,11,31,1,11,12,-1
01_13_07_05_0117.bmp,1,7,5,0,13,12,31,0,12,31,-1
01_13_07_05_0119.bmp,1,7,5,0,13,12,31,1,12,31,-1
01_13_07_05_0120.bmp,0,7,5,0,13,11,31,32,11,40,-1
01_13_07_05_0120.bmp,1,7,5,0,13,12,31,1,12,31,-1
01_13_07_05_0121.bmp,0,7,5,0,13,12,31,1,11,12,-1
01_13_07_05_0121.bmp,1,7,5,0,13,12,31,1,12,31,-1
01_13_07_05_0122.bmp,1,7,5,0,13,12,31,7,12,31,-1
01_13_07_05_0124.bmp,1,7,5,0,13,12,31,12,12,31,-1
01_13_07_05_0128.bmp,0,7,5,0,13,12,31,13,13,12,-1
01_13_07_05_0129.bmp,1,7,5,0,13,12,31,12,12,31,-1
01_13_07_05_0130.bmp,0,7,5,0,13,12,31,32,13,12,-1
01_13_07_05_0130.bmp,1,7,5,0,13,12,31,12,12,31,-1
01_13_07_05_0131.bmp,0,7,5,0,13,12,31,32,13,12,-1
01_13_07_05_0134.bmp,0,7,5,0,13,12,31,32,13,32,-1
01_13_07_05_0135.bmp,1,7,5,0,13,12,31,12,12,31,-1
01_13_07_05_0137.bmp,0,7,5,0,13,12,31,32,13,32,-1
01_13_07_05_0137.bmp,1,7,5,0,13,12,31,12,12,31,-1
01_13_07_05_0138.bmp,0,7,5,0,13,12,31,32,12,32,-1
01_13_07_05_0139.bmp,0,7,5,0,13,12,31,32,13,32,-1
01_13_07_05_0140.bmp,1,7,5,0,13,12,31,12,12,12,-1
01_13_07_05_0142.bmp,1,7,5,0,13,12,31,12,12,12,-1
01_13_07_05_0143.bmp,1,7,5,0,13,12,31,12,12,12,-1
01_13_07_05_0144.bmp,0,7,5,0,13,32,32,32,12,32,-1
01_13_07_05_0145.bmp,0,7,5,0,13,32,32,32,12,32,-1
01_13_07_05_0145.bmp,1,7,5,0,13,12,31,12,12,13,-1
01_13_07_05_0147.bmp,1,7,5,0,13,12,31,12,12,15,-1
01_13_07_05_0152.bmp,1,7,5,0,13,12,31,12,12,12,-1
01_13_07_05_0153.bmp,1,7,5,0,13,12,31,12,12,15,-1
01_13_07_05_0154.bmp,0,7,5,0,13,32,32,32,40,32,-1
01_13_07_05_0154.bmp,1,7,5,0,13,12,31,12,12,15,-1
01_13_07_05_0155.bmp,0,7,5,0,13,32,32,32,40,32,-1
01_13_07_05_0155.bmp,1,7,5,0,13,12,31,12,12,12,-1
01_13_07_05_0156.bmp,1,7,5,0,13,12,31,12,12,12,-1
01_13_07_05_0158.bmp,1,7,5,0,13,12,31,12,12,12,-1
01_13_07_05_0159.bmp,1,7,5,0,13,12,31,12,12,13,-1
01_13_07_05_0160.bmp,1,7,5,0,13,12,31,12,12,13,-1
01_13_07_05_0161.bmp,0,7,5,0,13,32,32,32,32,32,-1
01_13_07_05_0161.bmp,1,7,5,0,13,12,31,12,12,15,-1
01_13_07_05_0164.bmp,0,7,5,0,13,32,32,32,32,32,-1
01_13_07_05_0165.bmp,1,7,5,0,13,12,31,12,12,15,-1
01_13_07_05_0166.bmp,0,7,5,0,13,32,32,32,32,32,-1
01_13_07_05_0167.bmp,0,7,5,0,13,4,15,32,8,4,-1
01_13_07_05_0167.bmp,1,7,5,0,13,12,31,12,12,15,-1
01_13_07_05_0169.bmp,0,7,5,0,13,19,31,1,32,24,-1
01_13_07_05_0173.bmp,1,7,5,0,13,32,31,32,32,13,-1
01_13_07_05_0175.bmp,1,7,5,0,13,12,31,12,12,15,-1
01_13_07_05_0177.bmp,0,7,5,0,13,19,31,1,32,24,-1
01_13_07_05_0177.bmp,1,7,5,0,13,12,31,12,12,12,-1
01_13_07_05_0180.bmp,0,7,5,0,13,19,31,1,32,36,-1
01_13_07_05_0181.bmp,1,7,5,0,13,12,31,12,12,13,-1
01_13_07_05_0186.bmp,1,7,5,0,13,12,31,12,12,13,-1
01_13_07_05_0187.bmp,0,7,5,0,13,19,31,1,32,12,-1
01_13_07_05_0191.bmp,0,7,5,0,13,19,31,1,11,24,-1
01_13_07_05_0192.bmp,1,7,5,0,13,12,31,12,12,12,-1
01_13_07_05_0194.bmp,0,7,5,0,13,19,31,10,13,24,-1
01_13_07_05_0198.bmp,0,7,5,0,13,19,31,11,11,24,-1
01_13_07_05_0198.bmp,1,7,5,0,13,12,31,12,12,13,-1
01_13_07_05_0200.bmp,0,7,5,0,13,19,31,1,13,24,-1
01_13_07_05_0200.bmp,1,7,5,0,13,12,31,12,12,15,-1
01_13_07_05_0203.bmp,1,7,5,0,13,12,31,12,12,12,-1
01_13_07_05_0204.bmp,1,7,5,0,13,12,31,12,12,12,-1
01_13_07_05_0205.bmp,1,7,5,0,13,12,31,12,12,12,-1
01_13_07_05_0206.bmp,0,7,5,0,13,19,31,11,12,24,-1
01_13_07_05_0209.bmp,0,7,5,0,13,12,31,7,12,19,-1
01_13_07_05_0211.bmp,1,7,5,0,13,12,31,12,12,12,-1
01_13_07_05_0212.bmp,0,7,5,0,13,12,31,16,12,12,-1
01_13_07_05_0213.bmp,0,7,5,0,13,12,31,1,12,12,-1
01_13_07_05_0213.bmp,1,7,5,0,13,12,31,12,12,12,-1
01_13_07_05_0215.bmp,1,7,5,0,13,12,31,12,12,15,-1
01_13_07_05_0216.bmp,0,7,5,0,13,12,31,13,12,13,-1
01_13_07_05_0219.bmp,0,7,5,0,13,12,31,32,12,32,-1
01_13_07_05_0219.bmp,1,7,5,0,13,12,31,12,12,12,-1
01_13_07_05_0222.bmp,0,7,5,0,13,32,31,32,12,13,-1
01_13_07_05_0223.bmp,0,7,5,0,13,32,31,32,12,32,-1
01_13_07_05_0223.bmp,1,7,5,0,13,12,31,12,12,15,-1
01_13_07_05_0224.bmp,0,7,5,0,13,32,31,13,32,32,-1
01_13_07_05_0225.bmp,0,7,5,0,13,32,31,32,32,32,-1
01_13_07_05_0227.bmp,0,7,5,0,13,32,31,13,32,15,-1
01_13_07_05_0227.bmp,1,7,5,0,13,12,31,12,12,13,-1
01_13_07_05_0229.bmp,0,7,5,0,13,32,31,32,32,15,-1
01_13_07_05_0231.bmp,1,7,5,0,13,12,31,12,12,12,-1
01_13_07_05_0233.bmp,0,7,5,0,13,32,32,32,32,15,-1
01_13_07_05_0239.bmp,0,7,5,0,13,32,15,32,32,15,-1
01_13_07_05_0239.bmp,1,7,5,0,13,12,31,12,12,15,-1
01_13_07_05_0240.bmp,1,7,5,0,13,12,31,12,12,12,-1
01_13_07_05_0241.bmp,0,7,5,0,13,15,15,13,15,15,-1
01_13_07_05_0244.bmp,0,7,5,0,13,15,15,32,32,15,-1
01_13_07_05_0244.bmp,1,7,5,0,13,12,31,12,12,12,-1
01_13_07_05_0245.bmp,0,7,5,0,13,32,15,32,32,15,-1
01_13_07_05_0248.bmp,0,7,5,0,13,32,13,13,8,15,-1
01_13_07_05_0248.bmp,1,7,5,0,13,12,31,12,12,12,-1
01_13_07_05_0249.bmp,1,7,5,0,13,12,31,12,12,12,-1
01_13_07_05_0250.bmp,1,7,5,0,13,12,31,12,12,15,-1
01_13_07_05_0251.bmp,1,7,5,0,13,12,31,12,12,12,-1
01_13_07_05_0252.bmp,0,7,5,0,13,15,13,13,8,15,-1
01_13_07_05_0253.bmp,0,7,5,0,13,15,13,13,8,15,-1
01_13_07_05_0255.bmp,1,7,5,0,13,12,31,12,12,12,-1
01_13_07_05_0256.bmp,0,7,5,0,13,15,13,13,8,15,-1
01_13_07_05_0257.bmp,0,7,5,0,13,15,13,13,15,15,-1
01_13_07_05_0257.bmp,1,7,5,0,13,12,31,12,12,13,-1
01_13_07_05_0260.bmp,1,7,5,0,13,12,31,12,12,13,-1
01_13_07_05_0261.bmp,0,7,5,0,13,13,13,13,13,15,-1
01_13_07_05_0262.bmp,1,7,5,0,13,12,31,12,12,12,-1
01_13_07_05_0263.bmp,1,7,5,0,13,12,31,12,12,12,-1
01_13_07_05_0266.bmp,1,7,5,0,13,12,31,12,12,12,-1
01_13_07_05_0267.bmp,1,7,5,0,13,12,31,12,12,12,-1
01_13_07_05_0268.bmp,0,7,5,0,13,13,13,13,13,13,-1
01_13_07_05_0268.bmp,1,7,5,0,13,12,31,12,12,12,-1
01_13_07_05_0269.bmp,0,7,5,0,13,15,13,13,15,13,-1
01_13_07_05_0272.bmp,0,7,5,0,13,12,31,12,12,12,-1
01_13_07_05_0276.bmp,0,7,5,0,13,12,31,12,12,12,-1
01_13_07_05_0277.bmp,0,7,5,0,13,12,31,12,12,12,-1
01_13_07_05_0279.bmp,0,7,5,0,13,12,31,12,12,13,-1
01_13_07_05_0281.bmp,0,7,5,0,13,12,31,12,12,12,-1
01_13_07_05_0285.bmp,0,7,5,0,13,12,31,12,12,12,-1
01_13_07_05_0286.bmp,0,7,5,0,13,12,31,12,12,12,-1
01_13_07_05_0287.bmp,0,7,5,0,13,12,31,12,12,15,-1
01_13_07_05_0291.bmp,0,7,5,0,13,12,31,12,12,13,-1
01_13_07_05_0293.bmp,0,7,5,0,13,12,31,12,12,13,-1
01_13_07_05_0294.bmp,0,7,5,0,13,12,31,12,12,13,-1
01_13_07_05_0295.bmp,0,7,5,0,13,12,31,12,12,13,-1
01_13_07_05_0296.bmp,0,7,5,0,13,12,31,12,12,13,-1
01_13_07_05_0297.bmp,0,7,5,0,13,12,31,12,12,12,-1
01_13_07_05_0302.bmp,0,7,5,0,13,12,31,12,12,12,-1
01_13_07_05_0304.bmp,0,7,5,0,13,12,31,12,12,15,-1
01_13_07_05_0305.bmp,0,7,5,0,13,12,31,12,12,13,-1
01_13_07_05_0306.bmp,0,7,5,0,13,12,31,12,12,12,-1
01_13_07_05_0310.bmp,0,7,5,0,13,12,31,12,12,24,-1
01_13_07_05_0311.bmp,0,7,5,0,13,12,31,12,12,12,-1
01_13_07_05_0312.bmp,0,7,5,0,13,12,31,12,12,12,-1
01_13_07_05_0313.bmp,0,7,5,0,13,12,31,12,12,24,-1
01_13_07_05_0317.bmp,0,7,5,0,13,12,31,12,12,24,-1
01_13_07_05_0322.bmp,0,7,5,0,13,12,31,12,12,12,-1
01_13_07_05_0326.bmp,0,7,5,0,13,12,31,12,12,31,-1
01_13_07_05_0328.bmp,0,7,5,0,13,12,31,12,12,12,-1
01_13_07_05_0330.bmp,0,7,5,0,13,12,31,12,12,31,-1
01_13_07_05_0337.bmp,0,7,5,0,13,31,31,12,12,13,-1
01_13_07_05_0338.bmp,0,7,5,0,13,12,31,12,12,13,-1
01_13_07_05_0339.bmp,0,7,5,0,13,31,31,13,12,13,-1
01_13_07_05_0343.bmp,0,7,5,0,13,12,31,13,11,32,-1
01_13_07_05_0349.bmp,0,7,5,0,13,13,31,13,13,8,-1
01_13_07_05_0351.bmp,0,7,5,0,13,32,13,13,32,8,-1
01_13_07_05_0353.bmp,0,7,5,0,13,13,13,13,13,7,-1
01_13_07_05_0355.bmp,0,7,5,0,13,15,13,13,4,7,-1
01_13_07_05_0358.bmp,0,7,5,0,13,32,31,13,32,15,-1
01_13_07_05_0362.bmp,0,7,5,0,13,32,15,32,15,15,-1
01_13_07_05_0364.bmp,0,7,5,0,13,15,15,13,15,15,-1
01_13_07_05_0367.bmp,0,7,5,0,13,15,32,13,15,15,-1
01_13_07_05_0368.bmp,0,7,5,0,13,15,15,13,15,15,-1
01_13_07_05_0371.bmp,0,7,5,0,13,15,15,13,15,15,-1
01_13_07_05_0373.bmp,0,7,5,0,13,15,15,13,15,15,-1
01_13_07_05_0376.bmp,0,7,5,0,13,15,13,13,15,13,-1
01_13_07_05_0386.bmp,0,7,5,0,13,19,31,32,7,11,-1
01_13_07_05_0388.bmp,0,7,5,0,13,19,31,16,11,36,-1
01_13_07_05_0391.bmp,0,7,5,0,13,19,31,32,11,13,-1
01_13_07_05_0393.bmp,0,7,5,0,13,19,31,32,7,12,-1
01_13_07_05_0394.bmp,0,7,5,0,13,19,31,32,7,31,-1
01_13_07_05_0409.bmp,0,7,5,0,13,19,31,32,7,19,-1
01_13_07_05_0410.bmp,0,7,5,0,13,19,31,32,11,19,-1
01_13_07_05_0412.bmp,0,7,5,0,13,19,31,32,40,39,-1
01_13_07_05_0415.bmp,0,7,5,0,13,19,31,32,19,19,-1
01_13_07_05_0422.bmp,0,7,5,0,13,19,31,32,19,13,-1
01_13_07_05_0425.bmp,0,7,5,0,13,19,31,12,19,13,-1
01_13_07_05_0426.bmp,0,7,5,0,13,19,31,32,40,13,-1
01_13_07_05_0427.bmp,0,7,5,0,13,19,31,32,40,13,-1
01_13_07_05_0431.bmp,0,7,5,0,13,19,31,32,19,12,-1
01_13_07_05_0434.bmp,0,7,5,0,13,19,31,32,40,12,-1
01_13_07_05_0441.bmp,0,7,5,0,13,19,31,32,19,12,-1
01_13_07_05_0442.bmp,0,7,5,0,13,19,31,12,19,12,-1
01_13_07_05_0446.bmp,0,7,5,0,13,19,31,32,19,12,-1
01_13_07_05_0449.bmp,0,7,5,0,13,19,31,32,19,12,-1
01_13_07_05_0452.bmp,0,7,5,0,13,19,31,12,19,12,-1
01_13_07_05_0454.bmp,0,7,5,0,13,19,31,1,12,13,-1
01_13_07_05_0455.bmp,0,7,5,0,13,19,31,1,12,13,-1
01_13_07_05_0458.bmp,0,7,5,0,13,31,31,12,12,31,-1
01_13_07_05_0462.bmp,0,7,5,0,13,31,31,13,12,12,-1
01_13_07_05_0463.bmp,0,7,5,0,13,12,31,12,12,12,-1
01_13_07_05_0465.bmp,0,7,5,0,13,31,31,13,12,13,-1
01_13_07_05_0469.bmp,0,7,5,0,13,19,31,13,13,13,-1
01_13_07_05_0470.bmp,0,7,5,0,13,19,31,13,12,13,-1
01_13_07_05_0473.bmp,0,7,5,0,13,32,31,13,32,15,-1
01_13_07_05_0474.bmp,0,7,5,0,13,32,31,13,32,15,-1
01_13_07_05_0476.bmp,0,7,5,0,13,32,31,13,32,15,-1
01_13_07_05_0477.bmp,0,7,5,0,13,32,31,13,32,15,-1
01_13_07_05_0478.bmp,0,7,5,0,13,32,31,13,32,15,-1
01_13_07_05_0481.bmp,0,7,5,0,13,32,31,13,32,15,-1
01_13_07_05_0483.bmp,0,7,5,0,13,32,31,13,32,15,-1
01_13_07_05_0486.bmp,0,7,5,0,13,32,31,32,32,15,-1
01_13_07_05_0487.bmp,0,7,5,0,13,32,31,13,32,15,-1
01_13_07_05_0492.bmp,0,7,5,0,13,32,31,32,32,13,-1
01_13_07_05_0498.bmp,0,7,5,0,13,13,13,13,13,15,-1
01_13_07_05_0505.bmp,0,7,5,0,13,13,13,13,13,13,-1
01_13_07_05_0507.bmp,0,7,5,0,13,13,13,13,13,13,-1
01_13_07_05_0509.bmp,0,7,5,0,13,13,13,13,13,13,-1
01_13_07_05_0516.bmp,0,7,5,0,13,31,31,32,27,19,-1
01_13_07_05_0517.bmp,0,7,5,0,13,31,31,10,19,12,-1
01_13_07_05_0518.bmp,0,7,5,0,13,31,31,32,27,19,-1
01_13_07_05_0522.bmp,0,7,5,0,13,19,31,12,11,19,-1
01_13_07_05_0523.bmp,0,7,5,0,13,13,31,13,12,13,-1
01_13_07_05_0524.bmp,0,7,5,0,13,31,31,12,27,19,-1
01_13_07_05_0525.bmp,0,7,5,0,13,12,31,13,12,19,-1
01_13_07_05_0527.bmp,0,7,5,0,13,12,31,1,12,19,-1
01_13_07_05_0528.bmp,0,7,5,0,13,31,31,32,32,19,-1
01_13_07_05_0529.bmp,0,7,5,0,13,12,31,13,12,19,-1
01_13_07_05_0531.bmp,0,7,5,0,13,12,31,12,12,40,-1
01_13_07_05_0532.bmp,0,7,5,0,13,19,31,32,19,19,-1
01_13_07_05_0535.bmp,0,7,5,0,13,12,31,16,12,19,-1
01_13_07_05_0537.bmp,0,7,5,0,13,19,31,1,12,12,-1
01_13_07_05_0539.bmp,0,7,5,0,13,19,31,1,12,16,-1
01_13_07_05_0540.bmp,0,7,5,0,13,31,31,32,27,19,-1
01_13_07_05_0542.bmp,0,7,5,0,13,31,31,12,19,19,-1
01_13_07_05_0544.bmp,0,7,5,0,13,31,31,32,27,12,-1
01_13_07_05_0551.bmp,0,7,5,0,13,12,31,12,12,12,-1
01_13_07_05_0552.bmp,0,7,5,0,13,31,31,12,27,19,-1
01_13_07_05_0553.bmp,0,7,5,0,13,12,31,32,12,12,-1
01_13_07_05_0556.bmp,0,7,5,0,13,31,31,12,27,19,-1
01_13_07_05_0559.bmp,0,7,5,0,13,12,31,12,12,13,-1
01_13_07_05_0561.bmp,0,7,5,0,13,12,31,12,12,13,-1
01_13_07_05_0562.bmp,0,7,5,0,13,31,31,12,27,12,-1
01_13_07_05_0563.bmp,0,7,5,0,13,12,31,12,12,15,-1
01_13_07_05_0569.bmp,0,7,5,0,13,12,31,12,12,12,-1
01_13_07_05_0571.bmp,0,7,5,0,13,12,31,32,12,13,-1
01_13_07_05_0572.bmp,0,7,5,0,13,19,31,12,19,19,-1
01_13_07_05_0574.bmp,0,7,5,0,13,19,31,32,11,13,-1
01_13_07_05_0580.bmp,0,7,5,0,13,19,31,32,32,13,-1
01_13_07_05_0583.bmp,0,7,5,0,13,19,31,32,40,15,-1
01_13_07_05_0584.bmp,0,7,5,0,13,19,31,32,32,12,-1
01_13_07_05_0585.bmp,0,7,5,0,13,19,31,32,19,15,-1
01_13_07_05_0587.bmp,0,7,5,0,13,19,31,32,32,32,-1
01_13_07_05_0589.bmp,0,7,5,0,13,19,31,32,12,15,-1
01_13_07_05_0590.bmp,0,7,5,0,13,32,31,12,32,13,-1
01_13_07_05_0592.bmp,0,7,5,0,13,19,31,12,32,13,-1
01_13_07_05_0593.bmp,0,7,5,0,13,19,31,32,32,32,-1
01_13_07_05_0594.bmp,0,7,5,0,13,19,31,32,32,13,-1
01_13_07_05_0597.bmp,0,7,5,0,13,19,31,13,12,15,-1
01_13_07_05_0600.bmp,0,7,5,0,13,19,31,32,40,15,-1
01_13_07_05_0601.bmp,0,7,5,0,13,19,31,32,40,15,-1
01_13_07_05_0604.bmp,0,7,5,0,13,19,31,32,32,32,-1
01_13_07_05_0608.bmp,0,7,5,0,13,32,31,32,32,15,-1
01_13_07_05_0613.bmp,0,7,5,0,13,12,31,13,12,15,-1
01_13_07_05_0616.bmp,0,7,5,0,13,13,31,32,13,15,-1
01_13_07_05_0617.bmp,0,7,5,0,13,13,31,13,13,15,-1
01_13_07_05_0618.bmp,0,7,5,0,13,13,12,13,13,13,-1
01_13_07_05_0626.bmp,0,7,5,0,13,13,13,13,13,13,-1
01_03_02_03_0001.bmp,0,2,3,4,9,12,31,0,12,12,-1
01_03_02_03_0002.bmp,0,2,3,4,9,32,31,0,12,12,-1
01_03_02_03_0003.bmp,0,2,3,4,9,12,31,25,12,13,-1
01_03_02_03_0011.bmp,0,2,3,4,9,32,31,0,12,13,-1
01_03_02_03_0012.bmp,0,2,3,4,9,31,31,0,12,12,-1
01_03_02_03_0015.bmp,0,2,3,4,9,12,31,6,12,13,-1
01_03_02_03_0018.bmp,0,2,3,4,9,12,31,25,12,13,-1
01_03_02_03_0021.bmp,0,2,3,4,9,32,31,25,12,13,-1
01_03_02_03_0022.bmp,0,2,3,4,9,32,31,41,12,12,-1
01_03_02_03_0024.bmp,0,2,3,4,9,12,31,41,12,12,-1
01_03_02_03_0026.bmp,0,2,3,4,9,12,31,25,12,13,-1
01_03_02_03_0029.bmp,0,2,3,4,9,12,31,19,13,13,-1
01_03_02_03_0030.bmp,0,2,3,4,9,13,31,42,13,13,-1
01_03_02_03_0031.bmp,0,2,3,4,9,13,13,25,13,17,-1
01_03_02_03_0037.bmp,0,2,3,4,9,13,13,41,13,15,-1
01_03_02_03_0039.bmp,0,2,3,4,9,13,13,41,13,13,-1
01_03_02_03_0044.bmp,0,2,3,4,9,13,13,41,8,13,-1
01_03_02_03_0046.bmp,0,2,3,4,9,13,13,41,41,15,-1
01_03_02_03_0048.bmp,0,2,3,4,9,32,13,41,32,13,-1
01_03_02_03_0049.bmp,0,2,3,4,9,32,13,41,32,13,-1
01_03_02_03_0052.bmp,0,2,3,4,9,13,13,13,13,15,-1
01_03_02_03_0054.bmp,0,2,3,4,9,13,13,13,15,15,-1
01_03_02_03_0058.bmp,0,2,3,4,9,15,13,41,15,15,-1
01_03_02_03_0061.bmp,0,2,3,4,9,15,15,13,15,15,-1
01_03_02_03_0062.bmp,0,2,3,4,9,15,13,9,15,15,-1
01_03_02_03_0067.bmp,0,2,3,4,9,15,15,15,15,15,-1
01_03_02_03_0070.bmp,0,2,3,4,9,15,15,41,15,15,-1
01_03_02_03_0078.bmp,0,2,3,4,9,15,15,15,15,15,-1
01_03_02_03_0079.bmp,0,2,3,4,9,15,15,15,15,15,-1
01_03_02_03_0081.bmp,0,2,3,4,9,15,15,15,15,15,-1
01_03_02_03_0083.bmp,0,2,3,4,9,15,15,15,15,15,-1
01_03_02_03_0084.bmp,0,2,3,4,9,15,15,9,15,15,-1
01_06_02_03_0001.bmp,1,2,3,4,14,36,36,25,12,14,-1
01_06_02_03_0002.bmp,0,2,3,4,14,17,36,19,17,1,-1
01_06_02_03_0002.bmp,1,2,3,4,14,36,36,25,13,14,-1
01_06_02_03_0004.bmp,0,2,3,4,14,17,36,25,14,14,-1
01_06_02_03_0005.bmp,1,2,3,4,14,36,36,25,14,14,-1
01_06_02_03_0007.bmp,0,2,3,4,14,17,25,25,14,14,-1
01_06_02_03_0007.bmp,1,2,3,4,14,36,36,23,14,14,-1
01_06_02_03_0008.bmp,1,2,3,4,14,36,36,0,0,14,-1
01_06_02_03_0010.bmp,0,2,3,4,14,17,13,14,14,14,-1
01_06_02_03_0013.bmp,1,2,3,4,14,0,36,0,0,14,-1
01_06_02_03_0014.bmp,0,2,3,4,14,14,13,14,14,14,-1
01_06_02_03_0016.bmp,1,2,3,4,14,0,0,25,0,14,-1
01_06_02_03_0020.bmp,0,2,3,4,14,14,25,14,14,14,-1
01_06_02_03_0021.bmp,0,2,3,4,14,14,13,14,14,14,-1
01_06_02_03_0022.bmp,0,2,3,4,14,14,13,14,14,14,-1
01_06_02_03_0022.bmp,1,2,3,4,14,0,0,0,0,17,-1
01_06_02_03_0023.bmp,0,2,3,4,14,14,13,14,14,14,-1
01_06_02_03_0023.bmp,1,2,3,4,14,15,12,25,14,14,-1
01_06_02_03_0024.bmp,0,2,3,4,14,14,13,14,14,14,-1
01_06_02_03_0024.bmp,1,2,3,4,14,15,25,25,14,13,-1
01_06_02_03_0025.bmp,0,2,3,4,14,14,13,14,14,14,-1
01_06_02_03_0025.bmp,1,2,3,4,14,12,25,25,12,14,-1
01_06_02_03_0026.bmp,0,2,3,4,14,14,13,14,14,14,-1
01_06_02_03_0026.bmp,1,2,3,4,14,12,11,25,15,15,-1
01_06_02_03_0027.bmp,1,2,3,4,14,36,36,13,15,15,-1
01_06_02_03_0028.bmp,1,2,3,4,14,19,11,18,19,13,-1
01_06_02_03_0029.bmp,1,2,3,4,14,15,36,19,15,15,-1
01_06_02_03_0030.bmp,0,2,3,4,14,14,17,14,14,14,-1
01_06_02_03_0031.bmp,1,2,3,4,14,12,31,6,12,13,-1
01_06_02_03_0032.bmp,0,2,3,4,14,14,17,14,14,14,-1
01_06_02_03_0032.bmp,1,2,3,4,14,12,31,2,13,13,-1
01_06_02_03_0033.bmp,1,2,3,4,14,12,31,42,12,12,-1
01_06_02_03_0034.bmp,0,2,3,4,14,14,14,14,14,17,-1
01_06_02_03_0034.bmp,1,2,3,4,14,12,31,12,13,13,-1
01_06_02_03_0036.bmp,1,2,3,4,14,12,36,5,13,13,-1
01_06_02_03_0037.bmp,0,2,3,4,14,14,14,14,14,17,-1
01_06_02_03_0037.bmp,1,2,3,4,14,12,31,6,12,3,-1
01_06_02_03_0044.bmp,0,2,3,4,14,17,17,17,17,17,-1
01_06_02_03_0045.bmp,0,2,3,4,14,13,36,12,3,3,-1
01_06_02_03_0051.bmp,0,2,3,4,14,12,12,23,14,14,-1
01_06_02_03_0052.bmp,0,2,3,4,14,13,36,23,14,14,-1
01_06_02_03_0056.bmp,0,2,3,4,14,13,13,22,14,14,-1
01_06_02_03_0057.bmp,0,2,3,4,14,13,13,14,14,14,-1
01_06_02_03_0058.bmp,0,2,3,4,14,13,13,14,14,14,-1
01_06_02_03_0059.bmp,0,2,3,4,14,15,13,1,14,14,-1
01_06_02_03_0064.bmp,0,2,3,4,14,14,13,2,14,14,-1
01_06_02_03_0067.bmp,0,2,3,4,14,14,13,41,14,14,-1
01_06_02_03_0069.bmp,0,2,3,4,14,14,13,14,14,14,-1
01_06_02_03_0070.bmp,0,2,3,4,14,14,13,14,14,14,-1
01_06_02_03_0075.bmp,0,2,3,4,14,14,13,14,14,17,-1
01_06_02_03_0085.bmp,0,2,3,4,14,17,13,9,17,17,-1
01_06_02_03_0086.bmp,0,2,3,4,14,9,16,9,16,17,-1
01_11_02_03_0001.bmp,0,2,3,4,12,36,36,0,36,0,-1
01_11_02_03_0002.bmp,0,2,3,4,12,36,36,0,12,13,-1
01_11_02_03_0003.bmp,0,2,3,4,12,36,36,0,12,12,-1
01_11_02_03_0005.bmp,0,2,3,4,12,36,36,0,36,13,-1
01_11_02_03_0006.bmp,0,2,3,4,12,36,31,1,12,13,-1
01_11_02_03_0013.bmp,0,2,3,4,12,36,36,0,12,12,-1
01_11_02_03_0014.bmp,0,2,3,4,12,36,36,0,12,18,-1
01_11_02_03_0015.bmp,0,2,3,4,12,31,31,12,31,31,-1
01_11_02_03_0016.bmp,0,2,3,4,12,36,36,0,36,12,-1
01_11_02_03_0019.bmp,0,2,3,4,12,31,31,0,12,12,-1
01_11_02_03_0020.bmp,0,2,3,4,12,31,31,0,12,13,-1
01_11_02_03_0021.bmp,0,2,3,4,12,36,36,25,12,12,-1
01_11_02_03_0024.bmp,0,2,3,4,12,36,36,0,12,36,-1
01_11_02_03_0026.bmp,0,2,3,4,12,36,36,0,12,12,-1
01_11_02_03_0027.bmp,0,2,3,4,12,36,36,20,12,36,-1
01_11_02_03_0028.bmp,0,2,3,4,12,31,31,0,12,12,-1
01_11_02_03_0031.bmp,0,2,3,4,12,31,31,0,12,12,-1
01_11_02_03_0033.bmp,0,2,3,4,12,31,31,0,31,36,-1
01_11_02_03_0035.bmp,0,2,3,4,12,31,31,2,15,15,-1
01_11_02_03_0036.bmp,0,2,3,4,12,12,31,0,12,12,-1
01_11_02_03_0042.bmp,0,2,3,4,12,12,36,25,15,12,-1
01_11_02_03_0046.bmp,0,2,3,4,12,15,31,25,15,13,-1
01_11_02_03_0056.bmp,0,2,3,4,12,15,31,41,15,15,-1
01_11_02_03_0061.bmp,0,2,3,4,12,15,15,41,15,15,-1
01_11_02_03_0064.bmp,0,2,3,4,12,15,15,42,15,15,-1
01_11_02_03_0065.bmp,0,2,3,4,12,15,15,16,15,15,-1
01_11_02_03_0066.bmp,0,2,3,4,12,15,15,42,15,15,-1
01_11_02_03_0067.bmp,0,2,3,4,12,15,15,32,15,15,-1
01_11_02_03_0072.bmp,0,2,3,4,12,15,15,32,15,15,-1
01_11_02_03_0075.bmp,0,2,3,4,12,15,15,1,15,15,-1
01_12_02_03_0003.bmp,0,2,3,4,17,15,13,25,15,15,-1
01_12_02_03_0004.bmp,0,2,3,4,17,15,36,25,0,15,-1
01_12_02_03_0004.bmp,1,2,3,4,17,31,31,12,29,13,-1
01_12_02_03_0005.bmp,0,2,3,4,17,36,36,0,17,36,-1
01_12_02_03_0005.bmp,1,2,3,4,17,31,31,11,5,13,-1
01_12_02_03_0006.bmp,1,2,3,4,17,12,32,12,29,14,-1
01_12_02_03_0009.bmp,1,2,3,4,17,31,31,0,29,12,-1
01_12_02_03_0013.bmp,0,2,3,4,17,15,13,25,15,15,-1
01_12_02_03_0014.bmp,0,2,3,4,17,15,13,25,15,15,-1
01_12_02_03_0017.bmp,1,2,3,4,17,12,31,0,29,14,-1
01_12_02_03_0020.bmp,0,2,3,4,17,15,15,1,15,15,-1
01_12_02_03_0020.bmp,1,2,3,4,17,12,36,11,29,14,-1
01_12_02_03_0022.bmp,0,2,3,4,17,15,13,1,15,15,-1
01_12_02_03_0023.bmp,1,2,3,4,17,12,31,0,29,14,-1
01_12_02_03_0027.bmp,0,2,3,4,17,15,15,1,17,15,-1
01_12_02_03_0028.bmp,0,2,3,4,17,2,13,2,2,2,-1
01_12_02_03_0029.bmp,0,2,3,4,17,26,13,2,14,26,-1
01_12_02_03_0030.bmp,0,2,3,4,17,26,13,26,8,26,-1
01_12_02_03_0032.bmp,1,2,3,4,17,12,31,25,29,14,-1
01_12_02_03_0033.bmp,1,2,3,4,17,12,31,0,29,14,-1
01_12_02_03_0034.bmp,1,2,3,4,17,12,36,25,29,14,-1
01_12_02_03_0035.bmp,1,2,3,4,17,12,31,0,29,14,-1
01_12_02_03_0036.bmp,0,2,3,4,17,17,17,17,17,17,-1
01_12_02_03_0036.bmp,1,2,3,4,17,12,31,11,5,14,-1
01_12_02_03_0037.bmp,1,2,3,4,17,12,0,12,5,14,-1
01_12_02_03_0041.bmp,0,2,3,4,17,17,17,17,17,17,-1
01_12_02_03_0042.bmp,0,2,3,4,17,17,17,17,17,17,-1
01_12_02_03_0042.bmp,1,2,3,4,17,12,31,11,29,14,-1
01_12_02_03_0047.bmp,0,2,3,4,17,1,36,0,5,13,-1
01_12_02_03_0048.bmp,0,2,3,4,17,12,0,0,5,14,-1
01_12_02_03_0049.bmp,0,2,3,4,17,12,36,25,29,24,-1
01_12_02_03_0054.bmp,0,2,3,4,17,12,36,0,5,13,-1
01_12_02_03_0055.bmp,0,2,3,4,17,12,36,0,5,13,-1
01_12_02_03_0056.bmp,0,2,3,4,17,12,36,0,0,14,-1
01_12_02_03_0066.bmp,0,2,3,4,17,0,36,0,0,0,-1
01_12_02_03_0068.bmp,0,2,3,4,17,12,36,0,0,14,-1
01_12_02_03_0079.bmp,0,2,3,4,17,0,36,0,0,14,-1
01_12_02_03_0080.bmp,0,2,3,4,17,0,0,0,0,14,-1
01_12_02_03_0081.bmp,0,2,3,4,17,0,0,0,0,14,-1
01_12_02_03_0087.bmp,0,2,3,4,17,0,17,0,0,14,-1
01_12_02_03_0089.bmp,0,2,3,4,17,0,36,25,0,14,-1
01_12_02_03_0090.bmp,0,2,3,4,17,0,36,13,0,14,-1
01_12_02_03_0091.bmp,0,2,3,4,17,36,36,14,0,14,-1
01_12_02_03_0095.bmp,0,2,3,4,17,36,36,14,0,14,-1
01_12_02_03_0096.bmp,0,2,3,4,17,0,17,25,0,14,-1
01_12_02_03_0104.bmp,0,2,3,4,17,17,15,14,17,17,-1
01_12_02_03_0108.bmp,0,2,3,4,17,15,15,14,17,17,-1
01_12_02_03_0113.bmp,0,2,3,4,17,17,15,14,17,17,-1
01_13_02_03_0001.bmp,0,2,3,4,13,12,12,6,12,25,-1
01_13_02_03_0003.bmp,0,2,3,4,13,12,31,42,12,25,-1
01_13_02_03_0004.bmp,0,2,3,4,13,12,12,42,12,12,-1
01_13_02_03_0006.bmp,0,2,3,4,13,12,12,40,12,13,-1
01_13_02_03_0007.bmp,1,2,3,4,13,13,11,0,13,13,-1
01_13_02_03_0008.bmp,1,2,3,4,13,13,13,25,13,13,-1
01_13_02_03_0009.bmp,0,2,3,4,13,12,31,11,12,13,-1
01_13_02_03_0009.bmp,1,2,3,4,13,13,13,0,13,13,-1
01_13_02_03_0010.bmp,0,2,3,4,13,12,31,11,12,12,-1
01_13_02_03_0010.bmp,1,2,3,4,13,13,13,25,13,13,-1
01_13_02_03_0011.bmp,0,2,3,4,13,12,31,25,12,12,-1
01_13_02_03_0012.bmp,0,2,3,4,13,12,12,42,12,18,-1
01_13_02_03_0014.bmp,0,2,3,4,13,12,31,6,12,13,-1
01_13_02_03_0014.bmp,1,2,3,4,13,13,13,0,13,13,-1
01_13_02_03_0017.bmp,0,2,3,4,13,12,12,6,12,32,-1
01_13_02_03_0018.bmp,1,2,3,4,13,13,13,0,13,13,-1
01_13_02_03_0019.bmp,0,2,3,4,13,12,31,11,12,32,-1
01_13_02_03_0020.bmp,0,2,3,4,13,12,12,12,12,32,-1
01_13_02_03_0023.bmp,0,2,3,4,13,12,31,42,12,32,-1
01_13_02_03_0025.bmp,0,2,3,4,13,12,12,25,12,18,-1
01_13_02_03_0027.bmp,0,2,3,4,13,12,12,25,12,32,-1
01_13_02_03_0027.bmp,1,2,3,4,13,13,13,13,13,13,-1
01_13_02_03_0028.bmp,0,2,3,4,13,12,12,12,12,32,-1
01_13_02_03_0029.bmp,0,2,3,4,13,12,12,25,12,32,-1
01_13_02_03_0029.bmp,1,2,3,4,13,13,13,13,13,13,-1
01_13_02_03_0031.bmp,1,2,3,4,13,13,13,13,13,13,-1
01_13_02_03_0032.bmp,1,2,3,4,13,13,13,13,13,13,-1
01_13_02_03_0037.bmp,1,2,3,4,13,13,13,13,13,13,-1
01_13_02_03_0040.bmp,1,2,3,4,13,13,13,13,13,13,-1
01_13_02_03_0042.bmp,0,2,3,4,13,12,12,25,12,32,-1
01_13_02_03_0043.bmp,1,2,3,4,13,13,13,13,13,13,-1
01_13_02_03_0044.bmp,1,2,3,4,13,13,13,13,13,13,-1
01_13_02_03_0045.bmp,1,2,3,4,13,13,13,13,13,13,-1
01_13_02_03_0046.bmp,0,2,3,4,13,12,12,25,12,13,-1
01_13_02_03_0046.bmp,1,2,3,4,13,13,13,13,13,13,-1
01_13_02_03_0047.bmp,0,2,3,4,13,12,12,40,12,32,-1
01_13_02_03_0047.bmp,1,2,3,4,13,13,13,13,13,13,-1
01_13_02_03_0048.bmp,0,2,3,4,13,12,12,6,12,32,-1
01_13_02_03_0049.bmp,0,2,3,4,13,12,12,11,12,32,-1
01_13_02_03_0050.bmp,1,2,3,4,13,13,13,13,13,13,-1
01_13_02_03_0051.bmp,0,2,3,4,13,12,12,13,12,32,-1
01_13_02_03_0051.bmp,1,2,3,4,13,13,13,13,13,13,-1
01_13_02_03_0054.bmp,0,2,3,4,13,12,12,11,13,32,-1
01_13_02_03_0056.bmp,0,2,3,4,13,13,12,13,13,13,-1
01_13_02_03_0059.bmp,0,2,3,4,13,13,12,11,13,13,-1
01_13_02_03_0061.bmp,1,2,3,4,13,13,13,13,13,13,-1
01_13_02_03_0063.bmp,0,2,3,4,13,13,13,25,13,32,-1
01_13_02_03_0064.bmp,0,2,3,4,13,13,12,13,13,13,-1
01_13_02_03_0065.bmp,0,2,3,4,13,13,13,12,13,13,-1
01_13_02_03_0065.bmp,1,2,3,4,13,31,31,25,19,13,-1
01_13_02_03_0066.bmp,1,2,3,4,13,31,31,12,19,13,-1
01_13_02_03_0068.bmp,0,2,3,4,13,13,13,12,13,13,-1
01_13_02_03_0069.bmp,0,2,3,4,13,13,13,11,13,13,-1
01_13_02_03_0070.bmp,0,2,3,4,13,13,13,13,13,32,-1
01_13_02_03_0070.bmp,1,2,3,4,13,31,31,12,19,13,-1
01_13_02_03_0071.bmp,1,2,3,4,13,31,31,25,24,13,-1
01_13_02_03_0072.bmp,0,2,3,4,13,13,12,13,13,13,-1
01_13_02_03_0073.bmp,0,2,3,4,13,13,13,13,13,13,-1
01_13_02_03_0073.bmp,1,2,3,4,13,31,31,12,24,12,-1
01_13_02_03_0074.bmp,0,2,3,4,13,13,13,13,13,13,-1
01_13_02_03_0076.bmp,1,2,3,4,13,31,31,11,19,12,-1
01_13_02_03_0077.bmp,1,2,3,4,13,27,31,0,23,19,-1
01_13_02_03_0078.bmp,1,2,3,4,13,31,31,11,19,31,-1
01_13_02_03_0079.bmp,1,2,3,4,13,31,31,11,19,12,-1
01_13_02_03_0080.bmp,0,2,3,4,13,13,13,13,13,13,-1
01_13_02_03_0081.bmp,1,2,3,4,13,31,31,0,19,31,-1
01_13_02_03_0085.bmp,0,2,3,4,13,13,13,13,13,13,-1
01_13_02_03_0085.bmp,1,2,3,4,13,31,31,0,19,31,-1
01_13_02_03_0086.bmp,0,2,3,4,13,13,13,13,13,13,-1
01_13_02_03_0087.bmp,0,2,3,4,13,13,13,13,13,13,-1
01_13_02_03_0088.bmp,0,2,3,4,13,13,13,13,13,13,-1
01_13_02_03_0088.bmp,1,2,3,4,13,12,31,20,19,13,-1
01_13_02_03_0090.bmp,1,2,3,4,13,31,31,0,12,31,-1
01_13_02_03_0092.bmp,0,2,3,4,13,13,13,13,13,13,-1
01_13_02_03_0092.bmp,1,2,3,4,13,31,31,0,12,31,-1
01_13_02_03_0096.bmp,0,2,3,4,13,13,13,13,13,13,-1
01_13_02_03_0096.bmp,1,2,3,4,13,31,31,0,12,31,-1
01_13_02_03_0098.bmp,0,2,3,4,13,13,13,13,13,13,-1
01_13_02_03_0100.bmp,0,2,3,4,13,13,13,13,13,13,-1
01_13_02_03_0100.bmp,1,2,3,4,13,12,31,0,12,13,-1
01_13_02_03_0101.bmp,0,2,3,4,13,13,13,13,13,13,-1
01_13_02_03_0103.bmp,1,2,3,4,13,12,31,0,12,19,-1
01_13_02_03_0104.bmp,1,2,3,4,13,12,31,11,12,13,-1
01_13_02_03_0105.bmp,1,2,3,4,13,12,31,0,12,12,-1
01_13_02_03_0108.bmp,0,2,3,4,13,13,13,13,13,13,-1
01_13_02_03_0109.bmp,1,2,3,4,13,12,31,6,12,13,-1
01_13_02_03_0111.bmp,0,2,3,4,13,13,13,13,13,13,-1
01_13_02_03_0113.bmp,0,2,3,4,13,13,13,13,13,13,-1
01_13_02_03_0113.bmp,1,2,3,4,13,32,32,6,32,32,-1
01_13_02_03_0114.bmp,1,2,3,4,13,12,31,20,12,12,-1
01_13_02_03_0115.bmp,1,2,3,4,13,12,31,0,12,13,-1
01_13_02_03_0116.bmp,1,2,3,4,13,12,31,0,12,13,-1
01_13_02_03_0118.bmp,0,2,3,4,13,12,32,25,12,12,-1
01_13_02_03_0118.bmp,1,2,3,4,13,12,31,0,12,13,-1
01_13_02_03_0119.bmp,1,2,3,4,13,12,31,20,12,13,-1
01_13_02_03_0121.bmp,0,2,3,4,13,12,31,12,12,12,-1
01_13_02_03_0123.bmp,0,2,3,4,13,12,32,12,40,12,-1
01_13_02_03_0125.bmp,0,2,3,4,13,12,32,6,12,12,-1
01_13_02_03_0128.bmp,0,2,3,4,13,12,32,13,6,13,-1
01_13_02_03_0130.bmp,0,2,3,4,13,32,32,13,4,32,-1
01_13_02_03_0130.bmp,1,2,3,4,13,12,31,25,12,13,-1
01_13_02_03_0131.bmp,0,2,3,4,13,12,32,13,6,12,-1
01_13_02_03_0132.bmp,0,2,3,4,13,32,32,13,18,32,-1
01_13_02_03_0134.bmp,0,2,3,4,13,12,32,6,4,13,-1
01_13_02_03_0140.bmp,1,2,3,4,13,13,31,12,12,13,-1
01_13_02_03_0141.bmp,0,2,3,4,13,13,13,13,4,13,-1
01_13_02_03_0141.bmp,1,2,3,4,13,13,31,13,12,13,-1
01_13_02_03_0142.bmp,1,2,3,4,13,13,31,12,12,13,-1
01_13_02_03_0143.bmp,1,2,3,4,13,12,12,12,12,13,-1
01_13_02_03_0144.bmp,0,2,3,4,13,13,13,13,8,13,-1
01_13_02_03_0144.bmp,1,2,3,4,13,13,31,12,12,13,-1
01_13_02_03_0148.bmp,0,2,3,4,13,13,13,13,38,13,-1
01_13_02_03_0150.bmp,1,2,3,4,13,12,12,12,12,13,-1
01_13_02_03_0151.bmp,0,2,3,4,13,13,13,13,13,13,-1
01_13_02_03_0152.bmp,0,2,3,4,13,13,13,13,38,13,-1
01_13_02_03_0153.bmp,1,2,3,4,13,12,31,13,12,13,-1
01_13_02_03_0155.bmp,0,2,3,4,13,13,13,13,13,13,-1
01_13_02_03_0155.bmp,1,2,3,4,13,13,12,12,13,13,-1
01_13_02_03_0156.bmp,0,2,3,4,13,13,13,13,13,13,-1
01_13_02_03_0158.bmp,0,2,3,4,13,13,13,13,13,13,-1
01_13_02_03_0159.bmp,0,2,3,4,13,13,13,13,13,13,-1
01_13_02_03_0160.bmp,1,2,3,4,13,13,31,13,13,13,-1
01_13_02_03_0161.bmp,0,2,3,4,13,13,13,13,13,13,-1
01_13_02_03_0163.bmp,1,2,3,4,13,12,12,12,12,13,-1
01_13_02_03_0164.bmp,1,2,3,4,13,12,31,12,12,13,-1
01_13_02_03_0168.bmp,1,2,3,4,13,12,31,12,12,13,-1
01_13_02_03_0169.bmp,0,2,3,4,13,13,31,11,13,26,-1
01_13_02_03_0170.bmp,1,2,3,4,13,12,12,12,12,13,-1
01_13_02_03_0172.bmp,1,2,3,4,13,12,12,12,12,13,-1
01_13_02_03_0173.bmp,1,2,3,4,13,32,13,13,32,13,-1
01_13_02_03_0174.bmp,1,2,3,4,13,13,13,25,13,13,-1
01_13_02_03_0176.bmp,1,2,3,4,13,13,31,13,12,13,-1
01_13_02_03_0177.bmp,1,2,3,4,13,12,31,12,12,13,-1
01_13_02_03_0178.bmp,0,2,3,4,13,19,31,1,13,12,-1
01_13_02_03_0179.bmp,1,2,3,4,13,13,31,12,13,13,-1
01_13_02_03_0181.bmp,0,2,3,4,13,19,31,12,19,12,-1
01_13_02_03_0181.bmp,1,2,3,4,13,13,31,12,13,13,-1
01_13_02_03_0182.bmp,0,2,3,4,13,19,31,12,13,13,-1
01_13_02_03_0184.bmp,0,2,3,4,13,19,31,0,32,12,-1
01_13_02_03_0184.bmp,1,2,3,4,13,13,31,13,13,13,-1
01_13_02_03_0185.bmp,1,2,3,4,13,13,31,12,13,13,-1
01_13_02_03_0186.bmp,0,2,3,4,13,19,31,12,12,12,-1
01_13_02_03_0187.bmp,0,2,3,4,13,31,31,1,12,13,-1
01_13_02_03_0188.bmp,0,2,3,4,13,19,31,1,12,13,-1
01_13_02_03_0189.bmp,0,2,3,4,13,19,31,42,12,13,-1
01_13_02_03_0190.bmp,0,2,3,4,13,19,31,1,12,12,-1
01_13_02_03_0192.bmp,0,2,3,4,13,32,31,12,12,13,-1
01_13_02_03_0193.bmp,1,2,3,4,13,13,31,12,13,13,-1
01_13_02_03_0194.bmp,0,2,3,4,13,32,31,1,12,13,-1
01_13_02_03_0196.bmp,0,2,3,4,13,32,31,12,32,12,-1
01_13_02_03_0196.bmp,1,2,3,4,13,13,31,13,13,13,-1
01_13_02_03_0197.bmp,0,2,3,4,13,32,31,12,12,12,-1
01_13_02_03_0199.bmp,0,2,3,4,13,19,31,25,12,12,-1
01_13_02_03_0199.bmp,1,2,3,4,13,13,31,13,12,13,-1
01_13_02_03_0200.bmp,1,2,3,4,13,12,31,13,12,13,-1
01_13_02_03_0201.bmp,1,2,3,4,13,12,31,12,13,13,-1
01_13_02_03_0204.bmp,0,2,3,4,13,12,31,1,12,13,-1
01_13_02_03_0204.bmp,1,2,3,4,13,12,31,12,12,13,-1
01_13_02_03_0205.bmp,0,2,3,4,13,12,31,12,12,12,-1
01_13_02_03_0205.bmp,1,2,3,4,13,12,31,13,12,13,-1
01_13_02_03_0206.bmp,1,2,3,4,13,12,31,12,12,13,-1
01_13_02_03_0207.bmp,1,2,3,4,13,13,31,13,13,13,-1
01_13_02_03_0208.bmp,0,2,3,4,13,12,31,12,12,13,-1
01_13_02_03_0209.bmp,1,2,3,4,13,12,31,13,12,13,-1
01_13_02_03_0210.bmp,0,2,3,4,13,12,31,25,12,12,-1
01_13_02_03_0210.bmp,1,2,3,4,13,12,31,13,12,13,-1
01_13_02_03_0211.bmp,0,2,3,4,13,12,12,12,12,13,-1
01_13_02_03_0212.bmp,0,2,3,4,13,12,12,25,12,13,-1
01_13_02_03_0212.bmp,1,2,3,4,13,13,31,13,12,13,-1
01_13_02_03_0213.bmp,0,2,3,4,13,12,12,40,12,12,-1
01_13_02_03_0214.bmp,0,2,3,4,13,12,12,40,13,12,-1
01_13_02_03_0214.bmp,1,2,3,4,13,13,31,13,13,13,-1
01_13_02_03_0217.bmp,1,2,3,4,13,13,31,13,12,13,-1
01_13_02_03_0218.bmp,0,2,3,4,13,32,13,12,32,15,-1
01_13_02_03_0218.bmp,1,2,3,4,13,13,31,12,13,13,-1
01_13_02_03_0220.bmp,0,2,3,4,13,32,13,12,32,32,-1
01_13_02_03_0221.bmp,1,2,3,4,13,12,31,13,12,13,-1
01_13_02_03_0222.bmp,0,2,3,4,13,32,13,13,4,4,-1
01_13_02_03_0222.bmp,1,2,3,4,13,12,31,12,12,13,-1
01_13_02_03_0223.bmp,1,2,3,4,13,12,31,12,12,13,-1
01_13_02_03_0225.bmp,1,2,3,4,13,13,31,12,13,13,-1
01_13_02_03_0227.bmp,0,2,3,4,13,13,13,13,15,15,-1
01_13_02_03_0230.bmp,1,2,3,4,13,13,31,13,13,13,-1
01_13_02_03_0231.bmp,0,2,3,4,13,15,13,13,15,15,-1
01_13_02_03_0232.bmp,1,2,3,4,13,13,31,12,13,13,-1
01_13_02_03_0235.bmp,0,2,3,4,13,15,13,13,15,15,-1
01_13_02_03_0236.bmp,0,2,3,4,13,15,13,13,15,15,-1
01_13_02_03_0237.bmp,0,2,3,4,13,13,13,13,15,15,-1
01_13_02_03_0238.bmp,0,2,3,4,13,13,13,13,15,15,-1
01_13_02_03_0238.bmp,1,2,3,4,13,13,31,12,13,13,-1
01_13_02_03_0239.bmp,0,2,3,4,13,13,13,13,15,13,-1
01_13_02_03_0240.bmp,0,2,3,4,13,13,13,13,15,7,-1
01_13_02_03_0241.bmp,0,2,3,4,13,13,13,13,15,7,-1
01_13_02_03_0242.bmp,0,2,3,4,13,13,13,13,15,7,-1
01_13_02_03_0242.bmp,1,2,3,4,13,13,31,13,13,13,-1
01_13_02_03_0243.bmp,0,2,3,4,13,15,13,30,15,7,-1
01_13_02_03_0246.bmp,0,2,3,4,13,13,13,13,13,13,-1
01_13_02_03_0248.bmp,1,2,3,4,13,13,31,12,13,13,-1
01_13_02_03_0249.bmp,0,2,3,4,13,13,13,13,13,13,-1
01_13_02_03_0249.bmp,1,2,3,4,13,12,31,13,13,13,-1
01_13_02_03_0252.bmp,0,2,3,4,13,13,13,13,13,13,-1
01_13_02_03_0254.bmp,1,2,3,4,13,13,31,12,13,13,-1
01_13_02_03_0256.bmp,0,2,3,4,13,13,13,13,13,13,-1
01_13_02_03_0257.bmp,0,2,3,4,13,13,13,13,13,13,-1
01_13_02_03_0258.bmp,1,2,3,4,13,12,31,13,12,13,-1
01_13_02_03_0260.bmp,1,2,3,4,13,13,31,12,12,13,-1
01_13_02_03_0262.bmp,1,2,3,4,13,13,31,12,13,13,-1
01_13_02_03_0267.bmp,0,2,3,4,13,13,13,13,13,13,-1
01_13_02_03_0267.bmp,1,2,3,4,13,12,31,12,13,13,-1
01_13_02_03_0268.bmp,1,2,3,4,13,13,31,12,13,13,-1
01_13_02_03_0269.bmp,0,2,3,4,13,13,13,13,13,13,-1
01_13_02_03_0275.bmp,0,2,3,4,13,12,31,12,13,13,-1
01_13_02_03_0277.bmp,0,2,3,4,13,13,31,12,13,13,-1
01_13_02_03_0279.bmp,0,2,3,4,13,13,31,13,13,13,-1
01_13_02_03_0281.bmp,0,2,3,4,13,13,31,12,13,13,-1
01_13_02_03_0285.bmp,0,2,3,4,13,13,31,12,13,13,-1
01_13_02_03_0286.bmp,0,2,3,4,13,13,31,12,13,13,-1
01_13_02_03_0287.bmp,0,2,3,4,13,13,31,12,13,13,-1
01_13_02_03_0290.bmp,0,2,3,4,13,13,12,12,12,13,-1
01_13_02_03_0291.bmp,0,2,3,4,13,13,31,12,13,13,-1
01_13_02_03_0299.bmp,0,2,3,4,13,12,31,12,12,13,-1
01_13_02_03_0302.bmp,0,2,3,4,13,12,12,12,12,13,-1
01_13_02_03_0305.bmp,0,2,3,4,13,13,31,13,13,13,-1
01_13_02_03_0306.bmp,0,2,3,4,13,12,12,12,13,13,-1
01_13_02_03_0308.bmp,0,2,3,4,13,12,12,12,12,13,-1
01_13_02_03_0320.bmp,0,2,3,4,13,13,13,13,13,13,-1
01_13_02_03_0325.bmp,0,2,3,4,13,13,13,13,13,13,-1
01_13_02_03_0328.bmp,0,2,3,4,13,13,13,13,13,13,-1
01_13_02_03_0329.bmp,0,2,3,4,13,13,13,13,13,13,-1
01_13_02_03_0332.bmp,0,2,3,4,13,13,13,13,13,13,-1
01_13_02_03_0339.bmp,0,2,3,4,13,13,13,13,13,13,-1
01_13_02_03_0340.bmp,0,2,3,4,13,13,13,13,13,13,-1
01_13_02_03_0343.bmp,0,2,3,4,13,13,13,13,13,13,-1
01_13_02_03_0347.bmp,0,2,3,4,13,13,13,13,13,13,-1
01_13_02_03_0350.bmp,0,2,3,4,13,13,13,13,13,13,-1
01_13_02_03_0352.bmp,0,2,3,4,13,13,13,13,13,7,-1
01_13_02_03_0353.bmp,0,2,3,4,13,13,13,13,13,7,-1
01_13_02_03_0354.bmp,0,2,3,4,13,13,13,13,13,7,-1
01_13_02_03_0355.bmp,0,2,3,4,13,13,13,13,13,7,-1
01_13_02_03_0357.bmp,0,2,3,4,13,32,31,1,15,15,-1
01_13_02_03_0358.bmp,0,2,3,4,13,32,32,13,15,15,-1
01_13_02_03_0360.bmp,0,2,3,4,13,15,13,13,15,15,-1
01_13_02_03_0363.bmp,0,2,3,4,13,15,15,13,15,15,-1
01_13_02_03_0367.bmp,0,2,3,4,13,15,15,13,15,15,-1
01_13_02_03_0372.bmp,0,2,3,4,13,15,13,13,15,15,-1
01_13_02_03_0373.bmp,0,2,3,4,13,15,13,13,15,15,-1
01_13_02_03_0376.bmp,0,2,3,4,13,15,13,13,15,15,-1
01_13_02_03_0379.bmp,0,2,3,4,13,15,13,13,15,15,-1
01_13_02_03_0381.bmp,0,2,3,4,13,13,13,13,13,13,-1
01_13_02_03_0384.bmp,0,2,3,4,13,15,15,15,15,15,-1
01_13_02_03_0387.bmp,0,2,3,4,13,12,31,42,7,36,-1
01_13_02_03_0388.bmp,0,2,3,4,13,12,31,42,7,13,-1
01_13_02_03_0390.bmp,0,2,3,4,13,12,31,12,40,13,-1
01_13_02_03_0391.bmp,0,2,3,4,13,12,31,12,19,13,-1
01_13_02_03_0395.bmp,0,2,3,4,13,19,31,11,40,13,-1
01_13_02_03_0396.bmp,0,2,3,4,13,12,31,12,12,13,-1
01_13_02_03_0402.bmp,0,2,3,4,13,12,31,42,40,12,-1
01_13_02_03_0407.bmp,0,2,3,4,13,12,31,11,12,13,-1
01_13_02_03_0409.bmp,0,2,3,4,13,12,31,12,40,13,-1
01_13_02_03_0414.bmp,0,2,3,4,13,12,31,12,12,13,-1
01_13_02_03_0423.bmp,0,2,3,4,13,31,31,1,12,12,-1
01_13_02_03_0424.bmp,0,2,3,4,13,31,31,11,12,36,-1
01_13_02_03_0426.bmp,0,2,3,4,13,31,31,11,31,12,-1
01_13_02_03_0427.bmp,0,2,3,4,13,31,31,1,12,19,-1
01_13_02_03_0428.bmp,0,2,3,4,13,31,31,1,31,12,-1
01_13_02_03_0434.bmp,0,2,3,4,13,32,31,12,12,12,-1
01_13_02_03_0437.bmp,0,2,3,4,13,32,31,13,13,13,-1
01_13_02_03_0438.bmp,0,2,3,4,13,32,31,25,12,18,-1
01_13_02_03_0443.bmp,0,2,3,4,13,32,31,1,32,18,-1
01_13_02_03_0445.bmp,0,2,3,4,13,32,31,12,32,32,-1
01_13_02_03_0446.bmp,0,2,3,4,13,32,31,13,32,12,-1
01_13_02_03_0447.bmp,0,2,3,4,13,32,31,25,32,32,-1
01_13_02_03_0449.bmp,0,2,3,4,13,32,31,25,32,12,-1
01_13_02_03_0451.bmp,0,2,3,4,13,12,31,25,13,13,-1
01_13_02_03_0455.bmp,0,2,3,4,13,13,12,25,13,13,-1
01_13_02_03_0460.bmp,0,2,3,4,13,12,31,25,13,13,-1
01_13_02_03_0463.bmp,0,2,3,4,13,13,13,6,13,13,-1
01_13_02_03_0464.bmp,0,2,3,4,13,13,13,13,13,13,-1
01_13_02_03_0467.bmp,0,2,3,4,13,13,13,13,13,13,-1
01_13_02_03_0471.bmp,0,2,3,4,13,13,13,13,15,15,-1
01_13_02_03_0474.bmp,0,2,3,4,13,15,13,13,15,15,-1
01_13_02_03_0477.bmp,0,2,3,4,13,13,13,13,15,13,-1
01_13_02_03_0478.bmp,0,2,3,4,13,13,13,13,15,13,-1
01_13_02_03_0480.bmp,0,2,3,4,13,13,13,13,15,15,-1
01_13_02_03_0488.bmp,0,2,3,4,13,13,13,13,15,13,-1
01_13_02_03_0491.bmp,0,2,3,4,13,13,13,13,13,13,-1
01_13_02_03_0493.bmp,0,2,3,4,13,13,13,13,13,13,-1
01_13_02_03_0495.bmp,0,2,3,4,13,13,13,13,13,13,-1
01_13_02_03_0502.bmp,0,2,3,4,13,13,13,13,13,13,-1
01_13_02_03_0503.bmp,0,2,3,4,13,13,13,13,13,13,-1
01_13_02_03_0505.bmp,0,2,3,4,13,13,13,13,13,13,-1
01_13_02_03_0508.bmp,0,2,3,4,13,13,13,13,13,13,-1
01_13_02_03_0509.bmp,0,2,3,4,13,13,13,13,13,13,-1
01_13_02_03_0513.bmp,0,2,3,4,13,13,13,13,13,13,-1
01_13_02_03_0514.bmp,0,2,3,4,13,13,13,13,13,13,-1
01_13_02_03_0515.bmp,0,2,3,4,13,8,13,14,14,14,-1
01_13_02_03_0517.bmp,0,2,3,4,13,12,31,25,12,12,-1
01_13_02_03_0521.bmp,0,2,3,4,13,12,31,42,32,12,-1
01_13_02_03_0523.bmp,0,2,3,4,13,13,31,25,13,12,-1
01_13_02_03_0525.bmp,0,2,3,4,13,12,31,13,12,12,-1
01_13_02_03_0526.bmp,0,2,3,4,13,32,31,1,19,32,-1
01_13_02_03_0532.bmp,0,2,3,4,13,32,31,1,32,12,-1
01_13_02_03_0534.bmp,0,2,3,4,13,32,31,25,32,32,-1
01_13_02_03_0535.bmp,0,2,3,4,13,12,31,7,12,12,-1
01_13_02_03_0536.bmp,0,2,3,4,13,32,31,11,32,12,-1
01_13_02_03_0538.bmp,0,2,3,4,13,32,31,25,32,12,-1
01_13_02_03_0539.bmp,0,2,3,4,13,12,31,40,12,12,-1
01_13_02_03_0540.bmp,0,2,3,4,13,32,31,1,32,13,-1
01_13_02_03_0547.bmp,0,2,3,4,13,12,12,11,12,12,-1
01_13_02_03_0550.bmp,0,2,3,4,13,32,31,25,32,12,-1
01_13_02_03_0551.bmp,0,2,3,4,13,12,31,25,40,13,-1
01_13_02_03_0554.bmp,0,2,3,4,13,32,31,1,32,13,-1
01_13_02_03_0555.bmp,0,2,3,4,13,12,31,40,12,12,-1
01_13_02_03_0560.bmp,0,2,3,4,13,32,31,12,32,12,-1
01_13_02_03_0561.bmp,0,2,3,4,13,12,31,40,12,13,-1
01_13_02_03_0562.bmp,0,2,3,4,13,12,31,12,12,25,-1
01_13_02_03_0563.bmp,0,2,3,4,13,12,31,40,12,40,-1
01_13_02_03_0569.bmp,0,2,3,4,13,12,31,20,40,13,-1
01_13_02_03_0574.bmp,0,2,3,4,13,19,31,2,12,13,-1
01_13_02_03_0575.bmp,0,2,3,4,13,13,31,25,13,15,-1
01_13_02_03_0576.bmp,0,2,3,4,13,32,31,6,12,13,-1
01_13_02_03_0577.bmp,0,2,3,4,13,12,31,13,13,13,-1
01_13_02_03_0579.bmp,0,2,3,4,13,12,31,25,12,13,-1
01_13_02_03_0581.bmp,0,2,3,4,13,13,31,13,32,15,-1
01_13_02_03_0583.bmp,0,2,3,4,13,13,31,13,13,15,-1
01_13_02_03_0584.bmp,0,2,3,4,13,13,31,25,13,13,-1
01_13_02_03_0588.bmp,0,2,3,4,13,12,31,25,12,12,-1
01_13_02_03_0589.bmp,0,2,3,4,13,13,13,13,13,15,-1
01_13_02_03_0591.bmp,0,2,3,4,13,13,13,13,13,15,-1
01_13_02_03_0600.bmp,0,2,3,4,13,13,13,13,13,13,-1
01_13_02_03_0605.bmp,0,2,3,4,13,13,13,13,13,13,-1
01_13_02_03_0610.bmp,0,2,3,4,13,13,13,13,13,13,-1
01_13_02_03_0613.bmp,0,2,3,4,13,13,13,13,13,13,-1
01_13_02_03_0615.bmp,0,2,3,4,13,13,13,13,13,13,-1
01_13_02_03_0621.bmp,0,2,3,4,13,13,13,13,13,13,-1
01_13_02_03_0622.bmp,0,2,3,4,13,13,13,13,13,13,-1
01_13_02_03_0624.bmp,0,2,3,4,13,13,13,13,13,13,-1
01_13_02_03_0626.bmp,0,2,3,4,13,13,13,13,13,7,-1
01_03_02_04_0002.bmp,0,2,4,4,9,32,31,0,12,40,-1
01_03_02_04_0004.bmp,0,2,4,4,9,12,31,0,12,12,-1
01_03_02_04_0009.bmp,0,2,4,4,9,32,31,22,12,13,-1
01_03_02_04_0010.bmp,0,2,4,4,9,32,31,25,12,12,-1
01_03_02_04_0018.bmp,0,2,4,4,9,31,31,0,12,13,-1
01_03_02_04_0025.bmp,0,2,4,4,9,32,31,6,12,12,-1
01_03_02_04_0028.bmp,0,2,4,4,9,32,31,25,12,13,-1
01_03_02_04_0029.bmp,0,2,4,4,9,12,31,6,12,12,-1
01_03_02_04_0030.bmp,0,2,4,4,9,12,31,0,12,13,-1
01_03_02_04_0038.bmp,0,2,4,4,9,32,31,25,12,13,-1
01_03_02_04_0042.bmp,0,2,4,4,9,32,32,25,32,13,-1
01_03_02_04_0044.bmp,0,2,4,4,9,32,19,25,32,13,-1
01_03_02_04_0046.bmp,0,2,4,4,9,32,31,25,32,13,-1
01_03_02_04_0048.bmp,0,2,4,4,9,32,31,41,32,13,-1
01_03_02_04_0049.bmp,0,2,4,4,9,32,32,41,32,13,-1
01_03_02_04_0055.bmp,0,2,4,4,9,32,13,13,19,13,-1
01_03_02_04_0059.bmp,0,2,4,4,9,19,36,13,15,17,-1
01_03_02_04_0060.bmp,0,2,4,4,9,15,36,41,15,15,-1
01_03_02_04_0065.bmp,0,2,4,4,9,15,15,41,15,15,-1
01_03_02_04_0066.bmp,0,2,4,4,9,15,0,13,15,15,-1
01_03_02_04_0068.bmp,0,2,4,4,9,15,15,41,15,17,-1
01_03_02_04_0069.bmp,0,2,4,4,9,15,13,41,15,15,-1
01_03_02_04_0071.bmp,0,2,4,4,9,15,15,13,15,15,-1
01_03_02_04_0073.bmp,0,2,4,4,9,15,15,41,15,15,-1
01_03_02_04_0074.bmp,0,2,4,4,9,15,15,13,15,15,-1
01_03_02_04_0076.bmp,0,2,4,4,9,15,15,15,15,15,-1
01_03_02_04_0077.bmp,0,2,4,4,9,15,15,15,15,15,-1
01_03_02_04_0078.bmp,0,2,4,4,9,15,15,15,15,15,-1
01_03_02_04_0079.bmp,0,2,4,4,9,15,15,15,15,15,-1
01_03_02_04_0080.bmp,0,2,4,4,9,15,15,15,15,15,-1
01_03_02_04_0081.bmp,0,2,4,4,9,15,15,15,15,15,-1
01_03_02_04_0084.bmp,0,2,4,4,9,15,15,15,15,15,-1
01_06_02_04_0002.bmp,1,2,4,4,14,36,36,25,29,6,-1
01_06_02_04_0003.bmp,0,2,4,4,14,36,36,23,38,14,-1
01_06_02_04_0004.bmp,1,2,4,4,14,36,36,25,29,14,-1
01_06_02_04_0005.bmp,1,2,4,4,14,36,36,25,12,6,-1
01_06_02_04_0006.bmp,0,2,4,4,14,15,12,22,15,14,-1
01_06_02_04_0006.bmp,1,2,4,4,14,36,36,0,36,6,-1
01_06_02_04_0008.bmp,0,2,4,4,14,36,36,14,14,14,-1
01_06_02_04_0008.bmp,1,2,4,4,14,36,36,25,0,18,-1
01_06_02_04_0011.bmp,0,2,4,4,14,17,25,14,14,14,-1
01_06_02_04_0012.bmp,1,2,4,4,14,0,36,0,0,14,-1
01_06_02_04_0014.bmp,1,2,4,4,14,0,36,0,0,14,-1
01_06_02_04_0015.bmp,0,2,4,4,14,14,25,14,14,14,-1
01_06_02_04_0016.bmp,1,2,4,4,14,0,36,25,0,8,-1
01_06_02_04_0017.bmp,1,2,4,4,14,0,36,25,0,0,-1
01_06_02_04_0018.bmp,0,2,4,4,14,14,25,14,14,14,-1
01_06_02_04_0018.bmp,1,2,4,4,14,0,36,25,0,18,-1
01_06_02_04_0020.bmp,0,2,4,4,14,14,13,14,14,14,-1
01_06_02_04_0022.bmp,1,2,4,4,14,0,0,25,0,13,-1
01_06_02_04_0023.bmp,0,2,4,4,14,14,13,14,14,14,-1
01_06_02_04_0023.bmp,1,2,4,4,14,12,12,25,0,14,-1
01_06_02_04_0024.bmp,0,2,4,4,14,14,13,14,14,14,-1
01_06_02_04_0024.bmp,1,2,4,4,14,12,11,25,0,13,-1
01_06_02_04_0025.bmp,0,2,4,4,14,14,13,14,14,14,-1
01_06_02_04_0027.bmp,0,2,4,4,14,14,13,14,14,14,-1
01_06_02_04_0028.bmp,1,2,4,4,14,12,32,13,12,13,-1
01_06_02_04_0031.bmp,0,2,4,4,14,14,13,14,14,14,-1
01_06_02_04_0032.bmp,0,2,4,4,14,14,13,14,14,14,-1
01_06_02_04_0037.bmp,0,2,4,4,14,14,13,14,14,14,-1
01_06_02_04_0038.bmp,0,2,4,4,14,14,14,14,14,14,-1
01_06_02_04_0040.bmp,0,2,4,4,14,14,14,14,14,14,-1
01_06_02_04_0042.bmp,1,2,4,4,14,12,31,2,13,13,-1
01_06_02_04_0044.bmp,1,2,4,4,14,12,12,0,13,13,-1
01_06_02_04_0047.bmp,0,2,4,4,14,13,36,0,15,13,-1
01_06_02_04_0050.bmp,0,2,4,4,14,12,12,25,4,15,-1
01_06_02_04_0055.bmp,0,2,4,4,14,12,12,25,14,13,-1
01_06_02_04_0058.bmp,0,2,4,4,14,13,13,14,14,13,-1
01_06_02_04_0060.bmp,0,2,4,4,14,13,13,14,14,14,-1
01_06_02_04_0062.bmp,0,2,4,4,14,15,12,25,14,14,-1
01_06_02_04_0063.bmp,0,2,4,4,14,13,13,14,14,14,-1
01_06_02_04_0064.bmp,0,2,4,4,14,13,12,41,14,14,-1
01_06_02_04_0065.bmp,0,2,4,4,14,15,13,14,14,14,-1
01_06_02_04_0066.bmp,0,2,4,4,14,13,13,14,14,14,-1
01_06_02_04_0068.bmp,0,2,4,4,14,13,13,13,14,14,-1
01_06_02_04_0070.bmp,0,2,4,4,14,15,13,13,14,14,-1
01_06_02_04_0071.bmp,0,2,4,4,14,15,13,9,14,14,-1
01_06_02_04_0081.bmp,0,2,4,4,14,15,13,14,14,14,-1
01_06_02_04_0086.bmp,0,2,4,4,14,12,31,0,8,9,-1
01_06_02_04_0087.bmp,0,2,4,4,14,8,17,14,14,14,-1
01_11_02_04_0002.bmp,0,2,4,4,12,36,36,2,36,13,-1
01_11_02_04_0004.bmp,0,2,4,4,12,36,36,1,12,0,-1
01_11_02_04_0006.bmp,0,2,4,4,12,31,32,0,12,0,-1
01_11_02_04_0007.bmp,0,2,4,4,12,31,36,1,12,12,-1
01_11_02_04_0008.bmp,0,2,4,4,12,36,36,0,31,16,-1
01_11_02_04_0009.bmp,0,2,4,4,12,36,36,0,31,12,-1
01_11_02_04_0010.bmp,0,2,4,4,12,31,36,1,31,13,-1
01_11_02_04_0012.bmp,0,2,4,4,12,36,36,1,12,0,-1
01_11_02_04_0015.bmp,0,2,4,4,12,31,36,0,31,13,-1
01_11_02_04_0020.bmp,0,2,4,4,12,31,31,0,31,13,-1
01_11_02_04_0021.bmp,0,2,4,4,12,31,32,0,12,12,-1
01_11_02_04_0025.bmp,0,2,4,4,12,36,36,25,12,12,-1
01_11_02_04_0027.bmp,0,2,4,4,12,36,36,0,12,12,-1
01_11_02_04_0028.bmp,0,2,4,4,12,31,31,0,12,12,-1
01_11_02_04_0030.bmp,0,2,4,4,12,36,36,0,12,12,-1
01_11_02_04_0031.bmp,0,2,4,4,12,36,36,0,12,12,-1
01_11_02_04_0032.bmp,0,2,4,4,12,36,36,0,12,36,-1
01_11_02_04_0033.bmp,0,2,4,4,12,31,31,20,12,36,-1
01_11_02_04_0035.bmp,0,2,4,4,12,31,31,25,31,31,-1
01_11_02_04_0036.bmp,0,2,4,4,12,12,31,25,12,12,-1
01_11_02_04_0039.bmp,0,2,4,4,12,31,31,0,15,36,-1
01_11_02_04_0040.bmp,0,2,4,4,12,12,36,0,12,12,-1
01_11_02_04_0049.bmp,0,2,4,4,12,15,31,0,15,12,-1
01_11_02_04_0054.bmp,0,2,4,4,12,12,31,13,15,12,-1
01_11_02_04_0061.bmp,0,2,4,4,12,15,13,0,15,1,-1
01_11_02_04_0062.bmp,0,2,4,4,12,15,15,1,15,15,-1
01_11_02_04_0065.bmp,0,2,4,4,12,15,31,25,15,15,-1
01_11_02_04_0068.bmp,0,2,4,4,12,15,15,1,15,15,-1
01_11_02_04_0070.bmp,0,2,4,4,12,15,15,15,15,15,-1
01_11_02_04_0073.bmp,0,2,4,4,12,15,15,15,15,15,-1
01_11_02_04_0074.bmp,0,2,4,4,12,15,15,16,15,15,-1
01_11_02_04_0076.bmp,0,2,4,4,12,15,15,1,15,15,-1
01_11_02_04_0077.bmp,0,2,4,4,12,15,15,32,15,15,-1
01_12_02_04_0002.bmp,1,2,4,4,17,31,31,11,12,12,-1
01_12_02_04_0004.bmp,0,2,4,4,17,13,36,25,1,1,-1
01_12_02_04_0006.bmp,0,2,4,4,17,36,36,25,13,36,-1
01_12_02_04_0007.bmp,0,2,4,4,17,36,36,1,13,13,-1
01_12_02_04_0008.bmp,1,2,4,4,17,31,31,11,19,13,-1
01_12_02_04_0009.bmp,0,2,4,4,17,15,36,0,15,15,-1
01_12_02_04_0010.bmp,1,2,4,4,17,31,31,25,29,14,-1
01_12_02_04_0011.bmp,1,2,4,4,17,31,31,12,24,29,-1
01_12_02_04_0012.bmp,1,2,4,4,17,31,31,25,12,13,-1
01_12_02_04_0013.bmp,0,2,4,4,17,36,36,25,13,15,-1
01_12_02_04_0013.bmp,1,2,4,4,17,31,31,12,24,29,-1
01_12_02_04_0014.bmp,0,2,4,4,17,15,36,25,13,15,-1
01_12_02_04_0015.bmp,1,2,4,4,17,31,31,12,12,13,-1
01_12_02_04_0017.bmp,0,2,4,4,17,15,36,25,13,15,-1
01_12_02_04_0017.bmp,1,2,4,4,17,31,31,11,24,29,-1
01_12_02_04_0018.bmp,0,2,4,4,17,15,36,25,15,15,-1
01_12_02_04_0018.bmp,1,2,4,4,17,31,31,12,24,14,-1
01_12_02_04_0019.bmp,1,2,4,4,17,31,31,18,12,13,-1
01_12_02_04_0023.bmp,0,2,4,4,17,15,15,25,15,15,-1
01_12_02_04_0023.bmp,1,2,4,4,17,31,31,0,12,14,-1
01_12_02_04_0025.bmp,1,2,4,4,17,31,31,0,12,14,-1
01_12_02_04_0026.bmp,0,2,4,4,17,15,15,25,15,15,-1
01_12_02_04_0027.bmp,1,2,4,4,17,12,31,0,12,14,-1
01_12_02_04_0028.bmp,0,2,4,4,17,2,13,2,2,2,-1
01_12_02_04_0029.bmp,0,2,4,4,17,2,13,2,2,26,-1
01_12_02_04_0031.bmp,1,2,4,4,17,31,12,11,12,1,-1
01_12_02_04_0032.bmp,0,2,4,4,17,26,17,14,8,14,-1
01_12_02_04_0033.bmp,1,2,4,4,17,12,31,11,29,14,-1
01_12_02_04_0034.bmp,1,2,4,4,17,12,31,0,29,29,-1
01_12_02_04_0035.bmp,1,2,4,4,17,12,36,25,5,14,-1
01_12_02_04_0038.bmp,0,2,4,4,17,17,17,17,17,17,-1
01_12_02_04_0038.bmp,1,2,4,4,17,12,31,0,5,14,-1
01_12_02_04_0040.bmp,0,2,4,4,17,17,17,17,17,17,-1
01_12_02_04_0040.bmp,1,2,4,4,17,12,36,0,29,14,-1
01_12_02_04_0042.bmp,1,2,4,4,17,12,12,12,5,14,-1
01_12_02_04_0045.bmp,0,2,4,4,17,12,31,13,29,12,-1
01_12_02_04_0049.bmp,0,2,4,4,17,12,31,0,29,24,-1
01_12_02_04_0052.bmp,0,2,4,4,17,12,36,25,15,13,-1
01_12_02_04_0053.bmp,0,2,4,4,17,12,36,0,12,13,-1
01_12_02_04_0056.bmp,0,2,4,4,17,12,36,0,0,0,-1
01_12_02_04_0058.bmp,0,2,4,4,17,12,0,0,0,0,-1
01_12_02_04_0061.bmp,0,2,4,4,17,12,0,0,0,0,-1
01_12_02_04_0062.bmp,0,2,4,4,17,12,36,0,0,14,-1
01_12_02_04_0063.bmp,0,2,4,4,17,12,36,0,12,0,-1
01_12_02_04_0064.bmp,0,2,4,4,17,36,36,0,0,0,-1
01_12_02_04_0065.bmp,0,2,4,4,17,12,36,0,12,0,-1
01_12_02_04_0066.bmp,0,2,4,4,17,12,36,0,12,13,-1
01_12_02_04_0068.bmp,0,2,4,4,17,12,36,0,12,14,-1
01_12_02_04_0069.bmp,0,2,4,4,17,12,36,0,12,14,-1
01_12_02_04_0072.bmp,0,2,4,4,17,12,36,0,12,14,-1
01_12_02_04_0075.bmp,0,2,4,4,17,12,0,0,0,14,-1
01_12_02_04_0077.bmp,0,2,4,4,17,12,0,0,12,0,-1
01_12_02_04_0078.bmp,0,2,4,4,17,12,36,0,12,14,-1
01_12_02_04_0079.bmp,0,2,4,4,17,36,36,0,0,14,-1
01_12_02_04_0080.bmp,0,2,4,4,17,12,36,0,12,14,-1
01_12_02_04_0081.bmp,0,2,4,4,17,12,0,0,0,14,-1
01_12_02_04_0082.bmp,0,2,4,4,17,12,36,0,0,14,-1
01_12_02_04_0083.bmp,0,2,4,4,17,12,0,0,0,14,-1
01_12_02_04_0085.bmp,0,2,4,4,17,12,36,0,0,14,-1
01_12_02_04_0089.bmp,0,2,4,4,17,0,36,0,0,14,-1
01_12_02_04_0090.bmp,0,2,4,4,17,0,36,0,0,14,-1
01_12_02_04_0091.bmp,0,2,4,4,17,0,36,25,0,14,-1
01_12_02_04_0093.bmp,0,2,4,4,17,36,36,25,0,14,-1
01_12_02_04_0096.bmp,0,2,4,4,17,0,36,0,0,14,-1
01_12_02_04_0100.bmp,0,2,4,4,17,0,36,0,0,14,-1
01_12_02_04_0101.bmp,0,2,4,4,17,0,36,0,0,14,-1
01_12_02_04_0112.bmp,0,2,4,4,17,15,15,14,17,17,-1
01_12_02_04_0114.bmp,0,2,4,4,17,15,15,14,15,17,-1
01_13_02_04_0001.bmp,1,2,4,4,13,32,11,25,13,13,-1
01_13_02_04_0003.bmp,0,2,4,4,13,12,31,25,12,12,-1
01_13_02_04_0004.bmp,0,2,4,4,13,12,31,40,12,12,-1
01_13_02_04_0005.bmp,1,2,4,4,13,13,11,0,13,12,-1
01_13_02_04_0007.bmp,1,2,4,4,13,13,11,0,13,13,-1
01_13_02_04_0010.bmp,1,2,4,4,13,13,11,0,13,13,-1
01_13_02_04_0012.bmp,0,2,4,4,13,12,12,42,12,32,-1
01_13_02_04_0012.bmp,1,2,4,4,13,13,11,0,13,13,-1
01_13_02_04_0014.bmp,0,2,4,4,13,12,31,25,12,13,-1
01_13_02_04_0015.bmp,0,2,4,4,13,12,31,40,12,13,-1
01_13_02_04_0015.bmp,1,2,4,4,13,13,11,25,13,13,-1
01_13_02_04_0016.bmp,0,2,4,4,13,12,12,42,12,18,-1
01_13_02_04_0017.bmp,1,2,4,4,13,13,11,0,13,13,-1
01_13_02_04_0018.bmp,0,2,4,4,13,12,31,42,12,12,-1
01_13_02_04_0020.bmp,0,2,4,4,13,12,12,12,12,12,-1
01_13_02_04_0021.bmp,0,2,4,4,13,12,12,40,12,13,-1
01_13_02_04_0021.bmp,1,2,4,4,13,13,0,0,13,13,-1
01_13_02_04_0022.bmp,1,2,4,4,13,13,11,13,13,13,-1
01_13_02_04_0026.bmp,0,2,4,4,13,12,12,6,12,32,-1
01_13_02_04_0026.bmp,1,2,4,4,13,13,13,13,13,13,-1
01_13_02_04_0027.bmp,1,2,4,4,13,13,13,0,13,13,-1
01_13_02_04_0028.bmp,0,2,4,4,13,12,12,11,12,13,-1
01_13_02_04_0029.bmp,1,2,4,4,13,13,0,13,13,13,-1
01_13_02_04_0030.bmp,0,2,4,4,13,12,12,12,12,32,-1
01_13_02_04_0031.bmp,0,2,4,4,13,12,12,25,12,32,-1
01_13_02_04_0031.bmp,1,2,4,4,13,13,11,25,13,13,-1
01_13_02_04_0032.bmp,0,2,4,4,13,12,12,25,12,13,-1
01_13_02_04_0034.bmp,1,2,4,4,13,13,13,13,13,13,-1
01_13_02_04_0035.bmp,0,2,4,4,13,12,12,11,12,13,-1
01_13_02_04_0036.bmp,0,2,4,4,13,12,31,1,12,32,-1
01_13_02_04_0036.bmp,1,2,4,4,13,13,11,13,13,13,-1
01_13_02_04_0037.bmp,1,2,4,4,13,13,13,13,13,13,-1
01_13_02_04_0040.bmp,1,2,4,4,13,13,13,13,13,13,-1
01_13_02_04_0041.bmp,1,2,4,4,13,13,13,13,13,13,-1
01_13_02_04_0043.bmp,0,2,4,4,13,12,12,40,12,12,-1
01_13_02_04_0044.bmp,1,2,4,4,13,13,13,13,13,13,-1
01_13_02_04_0048.bmp,1,2,4,4,13,13,13,13,13,13,-1
01_13_02_04_0049.bmp,1,2,4,4,13,13,13,13,13,13,-1
01_13_02_04_0050.bmp,0,2,4,4,13,12,12,40,12,32,-1
01_13_02_04_0050.bmp,1,2,4,4,13,13,13,13,13,13,-1
01_13_02_04_0051.bmp,0,2,4,4,13,12,12,25,12,13,-1
01_13_02_04_0052.bmp,1,2,4,4,13,13,13,13,13,13,-1
01_13_02_04_0053.bmp,1,2,4,4,13,13,13,13,13,13,-1
01_13_02_04_0059.bmp,1,2,4,4,13,13,13,13,13,13,-1
01_13_02_04_0063.bmp,1,2,4,4,13,19,12,12,19,13,-1
01_13_02_04_0065.bmp,1,2,4,4,13,31,31,25,19,13,-1
01_13_02_04_0068.bmp,0,2,4,4,13,13,12,12,13,32,-1
01_13_02_04_0068.bmp,1,2,4,4,13,31,31,12,19,13,-1
01_13_02_04_0069.bmp,0,2,4,4,13,13,12,25,13,32,-1
01_13_02_04_0069.bmp,1,2,4,4,13,31,31,12,11,13,-1
01_13_02_04_0074.bmp,0,2,4,4,13,13,12,25,13,13,-1
01_13_02_04_0074.bmp,1,2,4,4,13,31,31,0,19,24,-1
01_13_02_04_0078.bmp,1,2,4,4,13,31,31,25,19,24,-1
01_13_02_04_0080.bmp,1,2,4,4,13,31,31,0,23,31,-1
01_13_02_04_0082.bmp,0,2,4,4,13,13,13,13,13,13,-1
01_13_02_04_0082.bmp,1,2,4,4,13,12,31,0,23,31,-1
01_13_02_04_0083.bmp,1,2,4,4,13,31,31,0,12,13,-1
01_13_02_04_0084.bmp,0,2,4,4,13,13,13,13,13,13,-1
01_13_02_04_0086.bmp,0,2,4,4,13,13,13,13,13,13,-1
01_13_02_04_0090.bmp,1,2,4,4,13,12,31,0,12,12,-1
01_13_02_04_0092.bmp,0,2,4,4,13,13,13,13,13,13,-1
01_13_02_04_0092.bmp,1,2,4,4,13,12,31,0,12,12,-1
01_13_02_04_0093.bmp,1,2,4,4,13,12,31,12,25,31,-1
01_13_02_04_0094.bmp,0,2,4,4,13,13,13,13,13,13,-1
01_13_02_04_0094.bmp,1,2,4,4,13,12,31,12,12,31,-1
01_13_02_04_0097.bmp,1,2,4,4,13,12,31,0,12,31,-1
01_13_02_04_0101.bmp,1,2,4,4,13,12,31,0,12,31,-1
01_13_02_04_0102.bmp,1,2,4,4,13,31,31,0,12,31,-1
01_13_02_04_0104.bmp,0,2,4,4,13,13,13,13,13,13,-1
01_13_02_04_0106.bmp,1,2,4,4,13,12,31,20,12,13,-1
01_13_02_04_0111.bmp,0,2,4,4,13,13,13,13,13,13,-1
01_13_02_04_0111.bmp,1,2,4,4,13,12,31,6,12,19,-1
01_13_02_04_0112.bmp,0,2,4,4,13,13,13,13,13,13,-1
01_13_02_04_0112.bmp,1,2,4,4,13,12,12,20,12,13,-1
01_13_02_04_0115.bmp,1,2,4,4,13,12,31,6,12,12,-1
01_13_02_04_0118.bmp,1,2,4,4,13,12,31,0,12,12,-1
01_13_02_04_0119.bmp,0,2,4,4,13,12,31,12,23,12,-1
01_13_02_04_0120.bmp,1,2,4,4,13,12,31,0,12,13,-1
01_13_02_04_0121.bmp,0,2,4,4,13,12,31,6,12,12,-1
01_13_02_04_0126.bmp,1,2,4,4,13,12,31,0,12,13,-1
01_13_02_04_0127.bmp,1,2,4,4,13,12,31,12,12,13,-1
01_13_02_04_0128.bmp,0,2,4,4,13,12,32,13,12,12,-1
01_13_02_04_0129.bmp,0,2,4,4,13,12,32,40,12,12,-1
01_13_02_04_0129.bmp,1,2,4,4,13,12,31,12,12,12,-1
01_13_02_04_0130.bmp,1,2,4,4,13,12,31,20,12,13,-1
01_13_02_04_0132.bmp,0,2,4,4,13,32,32,12,12,12,-1
01_13_02_04_0134.bmp,1,2,4,4,13,12,31,0,12,13,-1
01_13_02_04_0138.bmp,0,2,4,4,13,12,32,13,12,12,-1
01_13_02_04_0140.bmp,0,2,4,4,13,12,32,13,40,13,-1
01_13_02_04_0142.bmp,0,2,4,4,13,12,32,13,40,13,-1
01_13_02_04_0142.bmp,1,2,4,4,13,12,31,12,12,13,-1
01_13_02_04_0144.bmp,0,2,4,4,13,13,32,13,18,13,-1
01_13_02_04_0145.bmp,1,2,4,4,13,12,31,13,12,13,-1
01_13_02_04_0146.bmp,1,2,4,4,13,12,31,13,12,13,-1
01_13_02_04_0148.bmp,1,2,4,4,13,12,31,12,12,13,-1
01_13_02_04_0151.bmp,1,2,4,4,13,12,31,12,12,12,-1
01_13_02_04_0152.bmp,1,2,4,4,13,12,31,12,12,13,-1
01_13_02_04_0155.bmp,0,2,4,4,13,13,13,13,32,13,-1
01_13_02_04_0157.bmp,0,2,4,4,13,13,13,13,13,13,-1
01_13_02_04_0158.bmp,1,2,4,4,13,12,31,13,12,13,-1
01_13_02_04_0160.bmp,0,2,4,4,13,13,13,13,13,13,-1
01_13_02_04_0161.bmp,0,2,4,4,13,13,13,13,13,13,-1
01_13_02_04_0161.bmp,1,2,4,4,13,12,31,12,12,13,-1
01_13_02_04_0162.bmp,1,2,4,4,13,12,31,13,12,13,-1
01_13_02_04_0165.bmp,1,2,4,4,13,12,31,12,12,13,-1
01_13_02_04_0166.bmp,1,2,4,4,13,12,31,12,12,13,-1
01_13_02_04_0169.bmp,0,2,4,4,13,19,31,25,13,12,-1
01_13_02_04_0170.bmp,0,2,4,4,13,19,31,12,13,12,-1
01_13_02_04_0172.bmp,1,2,4,4,13,12,31,12,12,13,-1
01_13_02_04_0173.bmp,0,2,4,4,13,19,31,12,11,26,-1
01_13_02_04_0175.bmp,0,2,4,4,13,13,31,1,11,12,-1
01_13_02_04_0175.bmp,1,2,4,4,13,12,12,12,12,13,-1
01_13_02_04_0177.bmp,1,2,4,4,13,12,31,12,12,13,-1
01_13_02_04_0179.bmp,0,2,4,4,13,19,31,12,32,13,-1
01_13_02_04_0180.bmp,0,2,4,4,13,19,31,42,32,23,-1
01_13_02_04_0181.bmp,0,2,4,4,13,19,31,12,23,26,-1
01_13_02_04_0182.bmp,1,2,4,4,13,12,31,12,12,13,-1
01_13_02_04_0185.bmp,1,2,4,4,13,12,31,13,12,13,-1
01_13_02_04_0186.bmp,1,2,4,4,13,12,31,13,12,13,-1
01_13_02_04_0191.bmp,1,2,4,4,13,12,31,13,12,13,-1
01_13_02_04_0192.bmp,1,2,4,4,13,12,31,13,12,13,-1
01_13_02_04_0193.bmp,0,2,4,4,13,19,31,12,13,12,-1
01_13_02_04_0195.bmp,0,2,4,4,13,19,31,25,13,40,-1
01_13_02_04_0196.bmp,0,2,4,4,13,32,31,12,13,12,-1
01_13_02_04_0196.bmp,1,2,4,4,13,12,31,13,12,13,-1
01_13_02_04_0197.bmp,1,2,4,4,13,12,31,13,12,13,-1
01_13_02_04_0198.bmp,0,2,4,4,13,19,31,0,13,12,-1
01_13_02_04_0200.bmp,0,2,4,4,13,19,31,12,12,11,-1
01_13_02_04_0200.bmp,1,2,4,4,13,12,31,13,12,13,-1
01_13_02_04_0201.bmp,0,2,4,4,13,19,31,41,12,31,-1
01_13_02_04_0202.bmp,0,2,4,4,13,19,31,40,12,12,-1
01_13_02_04_0202.bmp,1,2,4,4,13,12,31,13,12,13,-1
01_13_02_04_0204.bmp,0,2,4,4,13,12,31,25,12,12,-1
01_13_02_04_0206.bmp,0,2,4,4,13,12,31,19,12,23,-1
01_13_02_04_0206.bmp,1,2,4,4,13,12,31,12,12,13,-1
01_13_02_04_0207.bmp,1,2,4,4,13,12,31,13,12,13,-1
01_13_02_04_0208.bmp,1,2,4,4,13,12,31,13,12,13,-1
01_13_02_04_0211.bmp,0,2,4,4,13,12,31,40,12,12,-1
01_13_02_04_0212.bmp,1,2,4,4,13,12,31,13,12,13,-1
01_13_02_04_0213.bmp,0,2,4,4,13,12,12,40,12,12,-1
01_13_02_04_0214.bmp,1,2,4,4,13,12,31,12,12,13,-1
01_13_02_04_0215.bmp,0,2,4,4,13,12,32,23,12,32,-1
01_13_02_04_0217.bmp,1,2,4,4,13,12,31,12,12,13,-1
01_13_02_04_0218.bmp,0,2,4,4,13,32,32,25,32,32,-1
01_13_02_04_0218.bmp,1,2,4,4,13,12,31,13,12,13,-1
01_13_02_04_0219.bmp,0,2,4,4,13,32,31,25,32,32,-1
01_13_02_04_0219.bmp,1,2,4,4,13,12,31,12,12,13,-1
01_13_02_04_0223.bmp,1,2,4,4,13,12,31,12,12,13,-1
01_13_02_04_0224.bmp,1,2,4,4,13,12,31,12,12,13,-1
01_13_02_04_0228.bmp,0,2,4,4,13,32,13,13,32,15,-1
01_13_02_04_0229.bmp,1,2,4,4,13,12,31,12,12,13,-1
01_13_02_04_0230.bmp,0,2,4,4,13,32,13,13,15,15,-1
01_13_02_04_0231.bmp,1,2,4,4,13,12,31,13,12,13,-1
01_13_02_04_0232.bmp,0,2,4,4,13,32,13,20,15,15,-1
01_13_02_04_0232.bmp,1,2,4,4,13,12,31,13,12,13,-1
01_13_02_04_0234.bmp,1,2,4,4,13,12,31,12,12,13,-1
01_13_02_04_0235.bmp,0,2,4,4,13,15,13,5,15,15,-1
01_13_02_04_0236.bmp,0,2,4,4,13,32,13,13,15,15,-1
01_13_02_04_0236.bmp,1,2,4,4,13,12,31,12,12,13,-1
01_13_02_04_0237.bmp,1,2,4,4,13,12,31,12,12,13,-1
01_13_02_04_0238.bmp,1,2,4,4,13,12,31,12,12,13,-1
01_13_02_04_0239.bmp,0,2,4,4,13,13,13,13,15,15,-1
01_13_02_04_0241.bmp,0,2,4,4,13,13,13,13,15,15,-1
01_13_02_04_0243.bmp,0,2,4,4,13,15,13,13,15,8,-1
01_13_02_04_0244.bmp,0,2,4,4,13,13,13,13,15,7,-1
01_13_02_04_0244.bmp,1,2,4,4,13,12,31,12,12,18,-1
01_13_02_04_0248.bmp,1,2,4,4,13,12,31,12,12,13,-1
01_13_02_04_0249.bmp,0,2,4,4,13,13,13,13,13,15,-1
01_13_02_04_0250.bmp,1,2,4,4,13,12,31,13,12,13,-1
01_13_02_04_0251.bmp,1,2,4,4,13,12,31,13,12,13,-1
01_13_02_04_0253.bmp,0,2,4,4,13,13,13,13,13,13,-1
01_13_02_04_0255.bmp,1,2,4,4,13,12,31,12,12,13,-1
01_13_02_04_0256.bmp,1,2,4,4,13,12,31,12,12,13,-1
01_13_02_04_0258.bmp,1,2,4,4,13,12,31,13,12,13,-1
01_13_02_04_0259.bmp,0,2,4,4,13,13,13,13,13,13,-1
01_13_02_04_0262.bmp,1,2,4,4,13,12,31,12,12,13,-1
01_13_02_04_0263.bmp,0,2,4,4,13,13,13,13,13,13,-1
01_13_02_04_0264.bmp,0,2,4,4,13,13,13,13,13,13,-1
01_13_02_04_0264.bmp,1,2,4,4,13,12,31,13,12,12,-1
01_13_02_04_0268.bmp,1,2,4,4,13,12,31,13,12,13,-1
01_13_02_04_0269.bmp,0,2,4,4,13,15,13,13,13,13,-1
01_13_02_04_0269.bmp,1,2,4,4,13,12,31,12,12,13,-1
01_13_02_04_0271.bmp,0,2,4,4,13,12,31,12,12,12,-1
01_13_02_04_0274.bmp,0,2,4,4,13,12,31,13,12,13,-1
01_13_02_04_0275.bmp,0,2,4,4,13,12,31,13,12,13,-1
01_13_02_04_0276.bmp,0,2,4,4,13,12,31,12,12,12,-1
01_13_02_04_0277.bmp,0,2,4,4,13,12,31,13,12,13,-1
01_13_02_04_0278.bmp,0,2,4,4,13,12,31,13,12,13,-1
01_13_02_04_0279.bmp,0,2,4,4,13,12,31,13,12,13,-1
01_13_02_04_0283.bmp,0,2,4,4,13,12,31,12,12,13,-1
01_13_02_04_0284.bmp,0,2,4,4,13,12,31,12,12,13,-1
01_13_02_04_0285.bmp,0,2,4,4,13,12,31,12,12,13,-1
01_13_02_04_0286.bmp,0,2,4,4,13,12,31,12,12,13,-1
01_13_02_04_0287.bmp,0,2,4,4,13,12,31,13,12,13,-1
01_13_02_04_0289.bmp,0,2,4,4,13,12,31,13,12,13,-1
01_13_02_04_0290.bmp,0,2,4,4,13,12,31,12,12,13,-1
01_13_02_04_0293.bmp,0,2,4,4,13,12,31,12,12,13,-1
01_13_02_04_0294.bmp,0,2,4,4,13,12,31,12,12,13,-1
01_13_02_04_0296.bmp,0,2,4,4,13,12,31,13,12,13,-1
01_13_02_04_0299.bmp,0,2,4,4,13,12,31,12,12,12,-1
01_13_02_04_0301.bmp,0,2,4,4,13,12,31,12,12,13,-1
01_13_02_04_0302.bmp,0,2,4,4,13,12,31,12,12,13,-1
01_13_02_04_0304.bmp,0,2,4,4,13,12,31,12,12,13,-1
01_13_02_04_0306.bmp,0,2,4,4,13,12,31,12,12,13,-1
01_13_02_04_0308.bmp,0,2,4,4,13,12,31,12,12,13,-1
01_13_02_04_0312.bmp,0,2,4,4,13,12,31,12,12,13,-1
01_13_02_04_0315.bmp,0,2,4,4,13,12,31,12,12,12,-1
01_13_02_04_0316.bmp,0,2,4,4,13,12,31,12,12,12,-1
01_13_02_04_0328.bmp,0,2,4,4,13,13,31,13,13,13,-1
01_13_02_04_0333.bmp,0,2,4,4,13,12,12,13,13,13,-1
01_13_02_04_0338.bmp,0,2,4,4,13,13,13,13,13,13,-1
01_13_02_04_0341.bmp,0,2,4,4,13,13,13,13,13,13,-1
01_13_02_04_0342.bmp,0,2,4,4,13,13,13,13,13,13,-1
01_13_02_04_0343.bmp,0,2,4,4,13,13,13,13,13,13,-1
01_13_02_04_0344.bmp,0,2,4,4,13,13,13,13,13,13,-1
01_13_02_04_0348.bmp,0,2,4,4,13,13,13,13,13,13,-1
01_13_02_04_0349.bmp,0,2,4,4,13,13,13,13,13,13,-1
01_13_02_04_0352.bmp,0,2,4,4,13,13,13,13,13,7,-1
01_13_02_04_0356.bmp,0,2,4,4,13,8,13,8,8,7,-1
01_13_02_04_0360.bmp,0,2,4,4,13,15,13,13,15,15,-1
01_13_02_04_0363.bmp,0,2,4,4,13,15,13,13,15,15,-1
01_13_02_04_0367.bmp,0,2,4,4,13,15,15,13,15,15,-1
01_13_02_04_0370.bmp,0,2,4,4,13,15,13,13,15,15,-1
01_13_02_04_0371.bmp,0,2,4,4,13,15,13,13,15,15,-1
01_13_02_04_0372.bmp,0,2,4,4,13,15,13,13,15,15,-1
01_13_02_04_0374.bmp,0,2,4,4,13,15,13,13,15,15,-1
01_13_02_04_0377.bmp,0,2,4,4,13,15,13,13,15,15,-1
01_13_02_04_0378.bmp,0,2,4,4,13,13,13,13,15,13,-1
01_13_02_04_0382.bmp,0,2,4,4,13,13,13,13,15,13,-1
01_13_02_04_0384.bmp,0,2,4,4,13,15,15,15,15,15,-1
01_13_02_04_0387.bmp,0,2,4,4,13,19,31,12,7,13,-1
01_13_02_04_0389.bmp,0,2,4,4,13,19,31,42,7,13,-1
01_13_02_04_0390.bmp,0,2,4,4,13,12,31,42,40,13,-1
01_13_02_04_0393.bmp,0,2,4,4,13,12,31,42,7,12,-1
01_13_02_04_0397.bmp,0,2,4,4,13,12,31,11,40,12,-1
01_13_02_04_0399.bmp,0,2,4,4,13,19,31,11,7,39,-1
01_13_02_04_0400.bmp,0,2,4,4,13,12,31,42,19,39,-1
01_13_02_04_0401.bmp,0,2,4,4,13,19,31,42,19,19,-1
01_13_02_04_0402.bmp,0,2,4,4,13,12,31,42,12,12,-1
01_13_02_04_0406.bmp,0,2,4,4,13,19,31,42,7,13,-1
01_13_02_04_0407.bmp,0,2,4,4,13,19,31,42,19,13,-1
01_13_02_04_0416.bmp,0,2,4,4,13,12,31,42,12,13,-1
01_13_02_04_0419.bmp,0,2,4,4,13,12,31,11,19,13,-1
01_13_02_04_0420.bmp,0,2,4,4,13,12,31,11,40,12,-1
01_13_02_04_0424.bmp,0,2,4,4,13,12,31,42,40,36,-1
01_13_02_04_0429.bmp,0,2,4,4,13,32,31,12,32,13,-1
01_13_02_04_0433.bmp,0,2,4,4,13,32,31,2,32,13,-1
01_13_02_04_0437.bmp,0,2,4,4,13,32,31,6,32,13,-1
01_13_02_04_0444.bmp,0,2,4,4,13,32,31,25,32,13,-1
01_13_02_04_0445.bmp,0,2,4,4,13,32,31,25,32,13,-1
01_13_02_04_0446.bmp,0,2,4,4,13,32,31,25,32,12,-1
01_13_02_04_0447.bmp,0,2,4,4,13,32,31,25,32,38,-1
01_13_02_04_0453.bmp,0,2,4,4,13,32,31,25,32,32,-1
01_13_02_04_0457.bmp,0,2,4,4,13,12,31,25,13,13,-1
01_13_02_04_0459.bmp,0,2,4,4,13,12,31,25,12,12,-1
01_13_02_04_0461.bmp,0,2,4,4,13,12,31,25,12,13,-1
01_13_02_04_0464.bmp,0,2,4,4,13,13,31,25,13,13,-1
01_13_02_04_0466.bmp,0,2,4,4,13,13,31,25,13,13,-1
01_13_02_04_0468.bmp,0,2,4,4,13,13,13,25,13,13,-1
01_13_02_04_0469.bmp,0,2,4,4,13,13,13,25,13,13,-1
01_13_02_04_0472.bmp,0,2,4,4,13,13,13,25,18,18,-1
01_13_02_04_0473.bmp,0,2,4,4,13,13,13,25,13,18,-1
01_13_02_04_0475.bmp,0,2,4,4,13,15,13,13,15,15,-1
01_13_02_04_0476.bmp,0,2,4,4,13,13,13,13,15,15,-1
01_13_02_04_0483.bmp,0,2,4,4,13,13,13,13,15,13,-1
01_13_02_04_0484.bmp,0,2,4,4,13,13,13,13,15,13,-1
01_13_02_04_0486.bmp,0,2,4,4,13,13,13,13,15,13,-1
01_13_02_04_0489.bmp,0,2,4,4,13,13,13,13,13,13,-1
01_13_02_04_0490.bmp,0,2,4,4,13,13,13,13,13,13,-1
01_13_02_04_0492.bmp,0,2,4,4,13,13,13,13,13,13,-1
01_13_02_04_0493.bmp,0,2,4,4,13,13,13,13,13,13,-1
01_13_02_04_0494.bmp,0,2,4,4,13,13,13,13,13,13,-1
01_13_02_04_0495.bmp,0,2,4,4,13,13,13,13,13,13,-1
01_13_02_04_0496.bmp,0,2,4,4,13,13,13,13,13,13,-1
01_13_02_04_0501.bmp,0,2,4,4,13,13,13,13,13,13,-1
01_13_02_04_0503.bmp,0,2,4,4,13,13,13,13,13,13,-1
01_13_02_04_0506.bmp,0,2,4,4,13,13,13,13,13,13,-1
01_13_02_04_0509.bmp,0,2,4,4,13,13,13,13,13,13,-1
01_13_02_04_0512.bmp,0,2,4,4,13,13,13,13,13,13,-1
01_13_02_04_0513.bmp,0,2,4,4,13,13,13,13,13,13,-1
01_13_02_04_0518.bmp,0,2,4,4,13,12,31,42,19,12,-1
01_13_02_04_0519.bmp,0,2,4,4,13,19,31,1,19,12,-1
01_13_02_04_0520.bmp,0,2,4,4,13,12,31,42,19,13,-1
01_13_02_04_0522.bmp,0,2,4,4,13,19,31,12,32,12,-1
01_13_02_04_0525.bmp,0,2,4,4,13,12,31,25,12,13,-1
01_13_02_04_0527.bmp,0,2,4,4,13,12,31,40,12,13,-1
01_13_02_04_0528.bmp,0,2,4,4,13,12,31,2,12,12,-1
01_13_02_04_0529.bmp,0,2,4,4,13,12,31,25,12,13,-1
01_13_02_04_0530.bmp,0,2,4,4,13,32,31,2,32,12,-1
01_13_02_04_0532.bmp,0,2,4,4,13,32,31,25,32,12,-1
01_13_02_04_0533.bmp,0,2,4,4,13,12,31,25,12,13,-1
01_13_02_04_0535.bmp,0,2,4,4,13,12,31,25,12,40,-1
01_13_02_04_0539.bmp,0,2,4,4,13,12,31,40,12,13,-1
01_13_02_04_0540.bmp,0,2,4,4,13,32,31,12,32,12,-1
01_13_02_04_0546.bmp,0,2,4,4,13,32,31,2,32,13,-1
01_13_02_04_0547.bmp,0,2,4,4,13,12,12,40,12,12,-1
01_13_02_04_0549.bmp,0,2,4,4,13,12,12,25,12,12,-1
01_13_02_04_0553.bmp,0,2,4,4,13,12,12,40,12,12,-1
01_13_02_04_0556.bmp,0,2,4,4,13,32,31,12,32,40,-1
01_13_02_04_0557.bmp,0,2,4,4,13,12,31,40,12,40,-1
01_13_02_04_0559.bmp,0,2,4,4,13,12,31,40,12,12,-1
01_13_02_04_0567.bmp,0,2,4,4,13,12,31,40,12,13,-1
01_13_02_04_0576.bmp,0,2,4,4,13,32,31,0,32,12,-1
01_13_02_04_0578.bmp,0,2,4,4,13,32,31,12,32,12,-1
01_13_02_04_0584.bmp,0,2,4,4,13,32,31,12,12,12,-1
01_13_02_04_0585.bmp,0,2,4,4,13,32,31,25,32,8,-1
01_13_02_04_0587.bmp,0,2,4,4,13,32,31,25,32,8,-1
01_13_02_04_0591.bmp,0,2,4,4,13,12,31,13,13,4,-1
01_13_02_04_0593.bmp,0,2,4,4,13,32,31,13,32,15,-1
01_13_02_04_0595.bmp,0,2,4,4,13,32,31,13,32,4,-1
01_13_02_04_0601.bmp,0,2,4,4,13,13,32,13,32,15,-1
01_13_02_04_0603.bmp,0,2,4,4,13,13,13,13,32,13,-1
01_13_02_04_0606.bmp,0,2,4,4,13,13,13,11,32,13,-1
01_13_02_04_0607.bmp,0,2,4,4,13,13,13,13,32,13,-1
01_13_02_04_0608.bmp,0,2,4,4,13,13,13,13,32,15,-1
01_13_02_04_0611.bmp,0,2,4,4,13,13,13,13,13,13,-1
01_13_02_04_0617.bmp,0,2,4,4,13,13,13,13,13,13,-1
01_13_02_04_0619.bmp,0,2,4,4,13,13,13,13,13,13,-1
01_13_02_04_0622.bmp,0,2,4,4,13,13,13,13,13,13,-1
01_03_02_05_0005.bmp,0,2,5,4,9,32,31,25,12,13,-1
01_03_02_05_0006.bmp,0,2,5,4,9,32,31,22,12,13,-1
01_03_02_05_0008.bmp,0,2,5,4,9,32,31,0,12,12,-1
01_03_02_05_0009.bmp,0,2,5,4,9,32,31,0,12,12,-1
01_03_02_05_0014.bmp,0,2,5,4,9,32,31,25,12,12,-1
01_03_02_05_0015.bmp,0,2,5,4,9,32,31,0,12,0,-1
01_03_02_05_0024.bmp,0,2,5,4,9,32,31,20,32,40,-1
01_03_02_05_0028.bmp,0,2,5,4,9,32,31,2,12,13,-1
01_03_02_05_0032.bmp,0,2,5,4,9,32,31,25,19,13,-1
01_03_02_05_0038.bmp,0,2,5,4,9,32,31,25,32,13,-1
01_03_02_05_0039.bmp,0,2,5,4,9,32,31,25,12,13,-1
01_03_02_05_0040.bmp,0,2,5,4,9,32,31,25,32,12,-1
01_03_02_05_0043.bmp,0,2,5,4,9,32,31,25,32,13,-1
01_03_02_05_0045.bmp,0,2,5,4,9,32,31,25,32,19,-1
01_03_02_05_0046.bmp,0,2,5,4,9,32,31,25,32,13,-1
01_03_02_05_0048.bmp,0,2,5,4,9,32,31,25,32,13,-1
01_03_02_05_0051.bmp,0,2,5,4,9,32,31,25,19,19,-1
01_03_02_05_0055.bmp,0,2,5,4,9,32,31,25,19,13,-1
01_03_02_05_0056.bmp,0,2,5,4,9,31,36,12,15,19,-1
01_03_02_05_0059.bmp,0,2,5,4,9,19,36,12,19,19,-1
01_03_02_05_0063.bmp,0,2,5,4,9,19,36,0,19,13,-1
01_03_02_05_0064.bmp,0,2,5,4,9,19,36,0,19,19,-1
01_03_02_05_0066.bmp,0,2,5,4,9,15,31,13,15,13,-1
01_03_02_05_0069.bmp,0,2,5,4,9,15,31,41,15,15,-1
01_03_02_05_0072.bmp,0,2,5,4,9,15,15,13,15,15,-1
01_03_02_05_0073.bmp,0,2,5,4,9,15,13,13,15,15,-1
01_03_02_05_0079.bmp,0,2,5,4,9,15,15,15,15,15,-1
01_03_02_05_0082.bmp,0,2,5,4,9,15,15,15,15,15,-1
01_03_02_05_0085.bmp,0,2,5,4,9,15,15,9,15,15,-1
01_06_02_05_0001.bmp,0,2,5,4,14,12,32,24,19,13,-1
01_06_02_05_0001.bmp,1,2,5,4,14,12,32,25,12,6,-1
01_06_02_05_0002.bmp,1,2,5,4,14,36,36,25,13,6,-1
01_06_02_05_0005.bmp,1,2,5,4,14,36,36,23,12,14,-1
01_06_02_05_0006.bmp,0,2,5,4,14,12,32,0,5,14,-1
01_06_02_05_0006.bmp,1,2,5,4,14,36,36,23,36,14,-1
01_06_02_05_0007.bmp,1,2,5,4,14,36,36,25,36,29,-1
01_06_02_05_0009.bmp,0,2,5,4,14,36,36,18,14,14,-1
01_06_02_05_0009.bmp,1,2,5,4,14,36,36,0,0,0,-1
01_06_02_05_0011.bmp,0,2,5,4,14,36,36,25,14,29,-1
01_06_02_05_0011.bmp,1,2,5,4,14,0,36,0,0,0,-1
01_06_02_05_0012.bmp,0,2,5,4,14,36,36,25,14,14,-1
01_06_02_05_0012.bmp,1,2,5,4,14,0,36,0,0,0,-1
01_06_02_05_0014.bmp,0,2,5,4,14,36,36,25,14,14,-1
01_06_02_05_0014.bmp,1,2,5,4,14,0,36,0,0,0,-1
01_06_02_05_0015.bmp,1,2,5,4,14,0,36,25,0,0,-1
01_06_02_05_0016.bmp,0,2,5,4,14,36,36,25,14,14,-1
01_06_02_05_0017.bmp,0,2,5,4,14,13,36,14,14,14,-1
01_06_02_05_0017.bmp,1,2,5,4,14,0,36,0,0,0,-1
01_06_02_05_0019.bmp,0,2,5,4,14,25,25,25,14,14,-1
01_06_02_05_0019.bmp,1,2,5,4,14,36,36,20,0,13,-1
01_06_02_05_0025.bmp,1,2,5,4,14,12,11,25,12,13,-1
01_06_02_05_0026.bmp,1,2,5,4,14,12,32,20,12,12,-1
01_06_02_05_0029.bmp,0,2,5,4,14,14,13,14,14,14,-1
01_06_02_05_0030.bmp,0,2,5,4,14,14,17,14,14,14,-1
01_06_02_05_0033.bmp,0,2,5,4,14,14,13,14,14,14,-1
01_06_02_05_0033.bmp,1,2,5,4,14,31,31,6,12,13,-1
01_06_02_05_0034.bmp,1,2,5,4,14,31,31,0,31,13,-1
01_06_02_05_0037.bmp,1,2,5,4,14,31,31,6,12,12,-1
01_06_02_05_0038.bmp,0,2,5,4,14,14,13,14,14,14,-1
01_06_02_05_0038.bmp,1,2,5,4,14,12,31,6,12,12,-1
01_06_02_05_0039.bmp,0,2,5,4,14,14,13,14,14,14,-1
01_06_02_05_0039.bmp,1,2,5,4,14,12,31,6,12,12,-1
01_06_02_05_0043.bmp,0,2,5,4,14,17,17,17,17,17,-1
01_06_02_05_0046.bmp,0,2,5,4,14,12,31,0,13,13,-1
01_06_02_05_0048.bmp,0,2,5,4,14,12,31,6,13,13,-1
01_06_02_05_0050.bmp,0,2,5,4,14,12,12,23,4,4,-1
01_06_02_05_0057.bmp,0,2,5,4,14,13,12,13,13,13,-1
01_06_02_05_0061.bmp,0,2,5,4,14,13,12,23,14,14,-1
01_06_02_05_0062.bmp,0,2,5,4,14,13,36,25,14,14,-1
01_06_02_05_0064.bmp,0,2,5,4,14,13,12,23,14,14,-1
01_06_02_05_0065.bmp,0,2,5,4,14,15,12,25,14,14,-1
01_06_02_05_0069.bmp,0,2,5,4,14,15,12,4,14,14,-1
01_06_02_05_0071.bmp,0,2,5,4,14,15,36,9,14,14,-1
01_06_02_05_0072.bmp,0,2,5,4,14,15,13,9,14,14,-1
01_06_02_05_0073.bmp,0,2,5,4,14,15,36,13,14,14,-1
01_06_02_05_0076.bmp,0,2,5,4,14,15,13,41,14,14,-1
01_06_02_05_0077.bmp,0,2,5,4,14,15,13,13,14,14,-1
01_06_02_05_0078.bmp,0,2,5,4,14,13,13,25,14,14,-1
01_06_02_05_0080.bmp,0,2,5,4,14,15,13,25,14,14,-1
01_06_02_05_0082.bmp,0,2,5,4,14,15,13,14,14,14,-1
01_06_02_05_0083.bmp,0,2,5,4,14,15,13,25,14,14,-1
01_06_02_05_0084.bmp,0,2,5,4,14,15,13,14,14,14,-1
01_11_02_05_0001.bmp,0,2,5,4,12,36,36,1,12,14,-1
01_11_02_05_0005.bmp,0,2,5,4,12,31,36,0,12,12,-1
01_11_02_05_0009.bmp,0,2,5,4,12,12,31,0,12,12,-1
01_11_02_05_0015.bmp,0,2,5,4,12,31,31,0,12,12,-1
01_11_02_05_0017.bmp,0,2,5,4,12,31,36,0,12,0,-1
01_11_02_05_0018.bmp,0,2,5,4,12,36,36,0,12,12,-1
01_11_02_05_0021.bmp,0,2,5,4,12,31,32,0,12,12,-1
01_11_02_05_0023.bmp,0,2,5,4,12,31,32,0,12,0,-1
01_11_02_05_0026.bmp,0,2,5,4,12,31,32,0,12,12,-1
01_11_02_05_0028.bmp,0,2,5,4,12,31,31,6,12,13,-1
01_11_02_05_0029.bmp,0,2,5,4,12,31,31,0,12,12,-1
01_11_02_05_0035.bmp,0,2,5,4,12,31,31,20,12,12,-1
01_11_02_05_0036.bmp,0,2,5,4,12,12,32,25,12,12,-1
01_11_02_05_0038.bmp,0,2,5,4,12,31,31,25,12,12,-1
01_11_02_05_0039.bmp,0,2,5,4,12,12,32,20,12,12,-1
01_11_02_05_0040.bmp,0,2,5,4,12,31,36,0,12,18,-1
01_11_02_05_0045.bmp,0,2,5,4,12,31,31,25,15,12,-1
01_11_02_05_0048.bmp,0,2,5,4,12,12,31,25,15,12,-1
01_11_02_05_0049.bmp,0,2,5,4,12,15,31,25,15,12,-1
01_11_02_05_0052.bmp,0,2,5,4,12,12,31,25,19,12,-1
01_11_02_05_0053.bmp,0,2,5,4,12,12,31,25,12,12,-1
01_11_02_05_0054.bmp,0,2,5,4,12,12,31,25,12,18,-1
01_11_02_05_0056.bmp,0,2,5,4,12,12,31,25,12,12,-1
01_11_02_05_0058.bmp,0,2,5,4,12,15,31,25,15,12,-1
01_11_02_05_0059.bmp,0,2,5,4,12,12,31,12,15,12,-1
01_11_02_05_0060.bmp,0,2,5,4,12,12,31,12,15,18,-1
01_11_02_05_0061.bmp,0,2,5,4,12,12,31,12,15,12,-1
01_11_02_05_0062.bmp,0,2,5,4,12,12,31,12,15,4,-1
01_11_02_05_0064.bmp,0,2,5,4,12,12,31,25,15,18,-1
01_11_02_05_0066.bmp,0,2,5,4,12,15,15,12,15,12,-1
01_11_02_05_0069.bmp,0,2,5,4,12,15,15,4,15,15,-1
01_11_02_05_0071.bmp,0,2,5,4,12,15,15,41,15,15,-1
01_11_02_05_0073.bmp,0,2,5,4,12,15,15,15,15,15,-1
01_11_02_05_0079.bmp,0,2,5,4,12,15,15,1,15,15,-1
01_11_02_05_0080.bmp,0,2,5,4,12,15,15,41,15,17,-1
01_12_02_05_0001.bmp,0,2,5,4,17,3,12,2,24,24,-1
01_12_02_05_0002.bmp,0,2,5,4,17,12,36,19,1,12,-1
01_12_02_05_0002.bmp,1,2,5,4,17,31,31,11,12,36,-1
01_12_02_05_0003.bmp,0,2,5,4,17,12,12,25,24,24,-1
01_12_02_05_0005.bmp,0,2,5,4,17,36,32,2,36,36,-1
01_12_02_05_0006.bmp,0,2,5,4,17,36,36,25,12,12,-1
01_12_02_05_0007.bmp,0,2,5,4,17,36,36,25,1,13,-1
01_12_02_05_0009.bmp,1,2,5,4,17,31,31,11,12,36,-1
01_12_02_05_0015.bmp,0,2,5,4,17,36,36,0,13,15,-1
01_12_02_05_0016.bmp,0,2,5,4,17,36,36,0,1,15,-1
01_12_02_05_0017.bmp,0,2,5,4,17,36,36,25,13,12,-1
01_12_02_05_0017.bmp,1,2,5,4,17,31,31,25,3,13,-1
01_12_02_05_0019.bmp,0,2,5,4,17,15,36,25,13,15,-1
01_12_02_05_0019.bmp,1,2,5,4,17,31,31,12,12,36,-1
01_12_02_05_0020.bmp,0,2,5,4,17,15,15,25,15,15,-1
01_12_02_05_0020.bmp,1,2,5,4,17,31,31,12,31,13,-1
01_12_02_05_0023.bmp,1,2,5,4,17,12,31,12,12,13,-1
01_12_02_05_0026.bmp,0,2,5,4,17,15,15,25,15,15,-1
01_12_02_05_0027.bmp,1,2,5,4,17,31,31,0,12,12,-1
01_12_02_05_0030.bmp,0,2,5,4,17,2,13,2,2,2,-1
01_12_02_05_0031.bmp,1,2,5,4,17,31,31,0,12,17,-1
01_12_02_05_0032.bmp,1,2,5,4,17,31,31,0,12,13,-1
01_12_02_05_0033.bmp,0,2,5,4,17,15,15,26,14,17,-1
01_12_02_05_0034.bmp,0,2,5,4,17,15,15,14,17,14,-1
01_12_02_05_0034.bmp,1,2,5,4,17,31,17,11,12,14,-1
01_12_02_05_0035.bmp,1,2,5,4,17,31,32,0,12,14,-1
01_12_02_05_0036.bmp,1,2,5,4,17,31,32,0,3,29,-1
01_12_02_05_0037.bmp,1,2,5,4,17,31,31,12,12,14,-1
01_12_02_05_0040.bmp,0,2,5,4,17,17,26,17,17,14,-1
01_12_02_05_0040.bmp,1,2,5,4,17,31,32,12,12,14,-1
01_12_02_05_0041.bmp,0,2,5,4,17,17,17,17,17,14,-1
01_12_02_05_0041.bmp,1,2,5,4,17,31,17,12,5,15,-1
01_12_02_05_0042.bmp,0,2,5,4,17,17,17,17,17,14,-1
01_12_02_05_0043.bmp,1,2,5,4,17,31,32,0,12,14,-1
01_12_02_05_0044.bmp,0,2,5,4,17,31,36,0,12,17,-1
01_12_02_05_0045.bmp,0,2,5,4,17,31,32,12,5,14,-1
01_12_02_05_0047.bmp,0,2,5,4,17,12,36,0,12,12,-1
01_12_02_05_0052.bmp,0,2,5,4,17,31,17,0,12,12,-1
01_12_02_05_0053.bmp,0,2,5,4,17,12,36,0,12,13,-1
01_12_02_05_0054.bmp,0,2,5,4,17,12,36,0,12,14,-1
01_12_02_05_0058.bmp,0,2,5,4,17,12,31,0,12,0,-1
01_12_02_05_0067.bmp,0,2,5,4,17,12,31,0,12,0,-1
01_12_02_05_0068.bmp,0,2,5,4,17,12,31,0,12,0,-1
01_12_02_05_0069.bmp,0,2,5,4,17,12,31,0,12,0,-1
01_12_02_05_0074.bmp,0,2,5,4,17,12,31,0,12,0,-1
01_12_02_05_0076.bmp,0,2,5,4,17,12,31,0,12,0,-1
01_12_02_05_0077.bmp,0,2,5,4,17,12,31,0,12,12,-1
01_12_02_05_0079.bmp,0,2,5,4,17,12,31,0,12,14,-1
01_12_02_05_0080.bmp,0,2,5,4,17,12,31,0,12,14,-1
01_12_02_05_0083.bmp,0,2,5,4,17,12,0,0,12,14,-1
01_12_02_05_0086.bmp,0,2,5,4,17,12,0,0,12,14,-1
01_12_02_05_0087.bmp,0,2,5,4,17,12,17,0,0,14,-1
01_12_02_05_0089.bmp,0,2,5,4,17,12,36,0,0,14,-1
01_12_02_05_0090.bmp,0,2,5,4,17,36,36,0,0,14,-1
01_12_02_05_0092.bmp,0,2,5,4,17,12,17,13,0,14,-1
01_12_02_05_0093.bmp,0,2,5,4,17,36,36,0,0,14,-1
01_12_02_05_0106.bmp,0,2,5,4,17,12,11,25,0,14,-1
01_12_02_05_0111.bmp,0,2,5,4,17,0,36,0,0,14,-1
01_12_02_05_0112.bmp,0,2,5,4,17,15,13,14,0,14,-1
01_12_02_05_0116.bmp,0,2,5,4,17,15,15,41,15,17,-1
01_13_02_05_0001.bmp,0,2,5,4,13,12,31,12,12,40,-1
01_13_02_05_0001.bmp,1,2,5,4,13,32,11,25,13,0,-1
01_13_02_05_0004.bmp,1,2,5,4,13,36,11,25,13,13,-1
01_13_02_05_0007.bmp,0,2,5,4,13,12,31,12,12,12,-1
01_13_02_05_0007.bmp,1,2,5,4,13,13,11,25,13,13,-1
01_13_02_05_0009.bmp,0,2,5,4,13,12,31,6,12,35,-1
01_13_02_05_0009.bmp,1,2,5,4,13,13,11,25,13,0,-1
01_13_02_05_0010.bmp,0,2,5,4,13,31,31,12,12,35,-1
01_13_02_05_0016.bmp,0,2,5,4,13,12,31,6,12,12,-1
01_13_02_05_0017.bmp,1,2,5,4,13,13,11,0,13,13,-1
01_13_02_05_0019.bmp,0,2,5,4,13,12,12,25,12,13,-1
01_13_02_05_0019.bmp,1,2,5,4,13,13,11,0,13,13,-1
01_13_02_05_0021.bmp,0,2,5,4,13,12,31,40,12,40,-1
01_13_02_05_0022.bmp,0,2,5,4,13,12,12,12,12,13,-1
01_13_02_05_0023.bmp,1,2,5,4,13,13,11,25,13,13,-1
01_13_02_05_0024.bmp,0,2,5,4,13,12,31,6,12,32,-1
01_13_02_05_0024.bmp,1,2,5,4,13,13,11,0,13,13,-1
01_13_02_05_0025.bmp,0,2,5,4,13,12,12,6,12,40,-1
01_13_02_05_0027.bmp,0,2,5,4,13,12,12,25,12,13,-1
01_13_02_05_0028.bmp,1,2,5,4,13,13,11,25,13,13,-1
01_13_02_05_0029.bmp,1,2,5,4,13,13,11,0,13,13,-1
01_13_02_05_0030.bmp,0,2,5,4,13,12,12,25,12,13,-1
01_13_02_05_0030.bmp,1,2,5,4,13,13,11,0,13,13,-1
01_13_02_05_0031.bmp,0,2,5,4,13,12,12,25,12,40,-1
01_13_02_05_0031.bmp,1,2,5,4,13,13,11,0,13,13,-1
01_13_02_05_0032.bmp,0,2,5,4,13,12,12,25,12,12,-1
01_13_02_05_0036.bmp,1,2,5,4,13,13,11,25,13,13,-1
01_13_02_05_0037.bmp,0,2,5,4,13,12,12,12,12,13,-1
01_13_02_05_0037.bmp,1,2,5,4,13,13,11,25,13,13,-1
01_13_02_05_0038.bmp,0,2,5,4,13,12,12,42,12,38,-1
01_13_02_05_0038.bmp,1,2,5,4,13,13,11,13,13,13,-1
01_13_02_05_0041.bmp,0,2,5,4,13,12,12,40,12,12,-1
01_13_02_05_0043.bmp,1,2,5,4,13,13,11,13,13,13,-1
01_13_02_05_0045.bmp,1,2,5,4,13,13,11,13,13,13,-1
01_13_02_05_0049.bmp,0,2,5,4,13,12,12,40,12,32,-1
01_13_02_05_0050.bmp,0,2,5,4,13,12,12,40,12,32,-1
01_13_02_05_0050.bmp,1,2,5,4,13,13,13,13,13,13,-1
01_13_02_05_0052.bmp,1,2,5,4,13,13,13,13,13,13,-1
01_13_02_05_0053.bmp,0,2,5,4,13,12,12,6,12,13,-1
01_13_02_05_0053.bmp,1,2,5,4,13,13,13,13,13,13,-1
01_13_02_05_0054.bmp,0,2,5,4,13,12,12,40,12,32,-1
01_13_02_05_0055.bmp,1,2,5,4,13,13,13,13,13,13,-1
01_13_02_05_0059.bmp,0,2,5,4,13,12,12,20,12,32,-1
01_13_02_05_0060.bmp,1,2,5,4,13,13,13,13,13,13,-1
01_13_02_05_0062.bmp,1,2,5,4,13,13,13,13,15,13,-1
01_13_02_05_0066.bmp,0,2,5,4,13,12,12,25,13,32,-1
01_13_02_05_0070.bmp,1,2,5,4,13,31,31,11,19,13,-1
01_13_02_05_0072.bmp,1,2,5,4,13,31,31,0,23,31,-1
01_13_02_05_0075.bmp,0,2,5,4,13,12,12,11,12,13,-1
01_13_02_05_0075.bmp,1,2,5,4,13,31,12,0,19,13,-1
01_13_02_05_0076.bmp,1,2,5,4,13,31,12,0,11,31,-1
01_13_02_05_0080.bmp,0,2,5,4,13,13,12,25,32,13,-1
01_13_02_05_0081.bmp,1,2,5,4,13,12,31,0,23,31,-1
01_13_02_05_0082.bmp,0,2,5,4,13,13,12,25,13,13,-1
01_13_02_05_0083.bmp,0,2,5,4,13,13,12,13,13,13,-1
01_13_02_05_0084.bmp,1,2,5,4,13,31,31,0,19,31,-1
01_13_02_05_0086.bmp,0,2,5,4,13,13,13,13,13,13,-1
01_13_02_05_0088.bmp,1,2,5,4,13,12,31,20,12,31,-1
01_13_02_05_0089.bmp,0,2,5,4,13,13,13,13,13,13,-1
01_13_02_05_0090.bmp,1,2,5,4,13,12,31,12,12,31,-1
01_13_02_05_0091.bmp,0,2,5,4,13,13,13,13,13,13,-1
01_13_02_05_0091.bmp,1,2,5,4,13,12,31,0,12,31,-1
01_13_02_05_0092.bmp,0,2,5,4,13,13,13,13,13,13,-1
01_13_02_05_0093.bmp,0,2,5,4,13,13,13,13,13,13,-1
01_13_02_05_0093.bmp,1,2,5,4,13,12,31,12,19,31,-1
01_13_02_05_0095.bmp,1,2,5,4,13,12,31,12,12,12,-1
01_13_02_05_0098.bmp,0,2,5,4,13,13,13,13,13,13,-1
01_13_02_05_0101.bmp,0,2,5,4,13,13,13,13,13,13,-1
01_13_02_05_0101.bmp,1,2,5,4,13,12,31,0,12,12,-1
01_13_02_05_0104.bmp,0,2,5,4,13,13,13,13,13,13,-1
01_13_02_05_0106.bmp,1,2,5,4,13,12,31,6,12,12,-1
01_13_02_05_0108.bmp,1,2,5,4,13,32,32,6,32,32,-1
01_13_02_05_0109.bmp,0,2,5,4,13,13,13,13,13,13,-1
01_13_02_05_0111.bmp,1,2,5,4,13,12,31,20,12,12,-1
01_13_02_05_0113.bmp,0,2,5,4,13,15,13,13,13,26,-1
01_13_02_05_0113.bmp,1,2,5,4,13,32,31,20,32,12,-1
01_13_02_05_0114.bmp,1,2,5,4,13,12,31,20,12,12,-1
01_13_02_05_0115.bmp,0,2,5,4,13,11,12,42,23,12,-1
01_13_02_05_0116.bmp,1,2,5,4,13,12,31,20,12,12,-1
01_13_02_05_0117.bmp,1,2,5,4,13,12,31,20,12,12,-1
01_13_02_05_0119.bmp,1,2,5,4,13,12,31,20,12,12,-1
01_13_02_05_0120.bmp,1,2,5,4,13,12,31,20,12,12,-1
01_13_02_05_0121.bmp,1,2,5,4,13,12,31,20,12,12,-1
01_13_02_05_0122.bmp,0,2,5,4,13,12,32,12,23,12,-1
01_13_02_05_0125.bmp,0,2,5,4,13,12,32,20,2,12,-1
01_13_02_05_0128.bmp,0,2,5,4,13,12,32,12,12,12,-1
01_13_02_05_0128.bmp,1,2,5,4,13,12,31,0,12,12,-1
01_13_02_05_0130.bmp,1,2,5,4,13,12,31,0,12,13,-1
01_13_02_05_0131.bmp,0,2,5,4,13,12,32,40,40,12,-1
01_13_02_05_0131.bmp,1,2,5,4,13,12,31,20,12,12,-1
01_13_02_05_0132.bmp,0,2,5,4,13,12,32,20,12,13,-1
01_13_02_05_0132.bmp,1,2,5,4,13,12,31,20,12,13,-1
01_13_02_05_0134.bmp,1,2,5,4,13,12,31,0,12,12,-1
01_13_02_05_0136.bmp,0,2,5,4,13,12,32,40,12,12,-1
01_13_02_05_0137.bmp,0,2,5,4,13,12,32,13,12,12,-1
01_13_02_05_0137.bmp,1,2,5,4,13,12,31,12,12,12,-1
01_13_02_05_0138.bmp,1,2,5,4,13,12,31,12,12,12,-1
01_13_02_05_0139.bmp,1,2,5,4,13,12,31,12,12,13,-1
01_13_02_05_0140.bmp,1,2,5,4,13,12,31,12,12,12,-1
01_13_02_05_0141.bmp,1,2,5,4,13,12,31,12,12,12,-1
01_13_02_05_0146.bmp,1,2,5,4,13,12,31,12,12,12,-1
01_13_02_05_0148.bmp,0,2,5,4,13,32,32,13,13,32,-1
01_13_02_05_0149.bmp,1,2,5,4,13,12,31,40,12,12,-1
01_13_02_05_0150.bmp,0,2,5,4,13,32,32,13,32,32,-1
01_13_02_05_0151.bmp,0,2,5,4,13,13,13,13,32,13,-1
01_13_02_05_0151.bmp,1,2,5,4,13,12,31,12,12,12,-1
01_13_02_05_0153.bmp,0,2,5,4,13,13,13,13,32,13,-1
01_13_02_05_0155.bmp,0,2,5,4,13,32,13,13,32,13,-1
01_13_02_05_0155.bmp,1,2,5,4,13,12,31,12,12,12,-1
01_13_02_05_0156.bmp,0,2,5,4,13,32,13,32,32,32,-1
01_13_02_05_0157.bmp,0,2,5,4,13,32,13,13,32,32,-1
01_13_02_05_0160.bmp,0,2,5,4,13,32,13,13,32,32,-1
01_13_02_05_0161.bmp,1,2,5,4,13,12,31,12,12,24,-1
01_13_02_05_0164.bmp,0,2,5,4,13,32,13,13,32,13,-1
01_13_02_05_0165.bmp,1,2,5,4,13,12,31,12,12,12,-1
01_13_02_05_0168.bmp,0,2,5,4,13,13,31,1,13,14,-1
01_13_02_05_0169.bmp,0,2,5,4,13,13,31,11,11,12,-1
01_13_02_05_0170.bmp,0,2,5,4,13,19,31,2,23,12,-1
01_13_02_05_0170.bmp,1,2,5,4,13,12,31,12,12,12,-1
01_13_02_05_0171.bmp,0,2,5,4,13,19,31,12,23,12,-1
01_13_02_05_0172.bmp,1,2,5,4,13,12,31,12,12,12,-1
01_13_02_05_0174.bmp,0,2,5,4,13,19,31,11,32,24,-1
01_13_02_05_0174.bmp,1,2,5,4,13,12,31,25,13,13,-1
01_13_02_05_0176.bmp,0,2,5,4,13,19,31,42,11,13,-1
01_13_02_05_0177.bmp,0,2,5,4,13,19,31,1,11,26,-1
01_13_02_05_0179.bmp,1,2,5,4,13,12,31,20,12,13,-1
01_13_02_05_0181.bmp,1,2,5,4,13,12,31,12,12,13,-1
01_13_02_05_0182.bmp,1,2,5,4,13,12,31,13,12,13,-1
01_13_02_05_0183.bmp,0,2,5,4,13,19,31,1,13,12,-1
01_13_02_05_0185.bmp,1,2,5,4,13,12,31,12,12,12,-1
01_13_02_05_0186.bmp,0,2,5,4,13,19,31,11,23,23,-1
01_13_02_05_0187.bmp,0,2,5,4,13,32,31,23,32,9,-1
01_13_02_05_0190.bmp,0,2,5,4,13,19,31,12,11,7,-1
01_13_02_05_0194.bmp,0,2,5,4,13,19,31,42,23,24,-1
01_13_02_05_0198.bmp,0,2,5,4,13,19,31,12,23,40,-1
01_13_02_05_0199.bmp,1,2,5,4,13,12,31,13,12,12,-1
01_13_02_05_0201.bmp,1,2,5,4,13,12,31,12,12,13,-1
01_13_02_05_0202.bmp,0,2,5,4,13,19,31,12,13,40,-1
01_13_02_05_0204.bmp,0,2,5,4,13,19,31,6,12,12,-1
01_13_02_05_0204.bmp,1,2,5,4,13,12,31,13,12,13,-1
01_13_02_05_0205.bmp,0,2,5,4,13,19,31,11,7,1,-1
01_13_02_05_0205.bmp,1,2,5,4,13,12,31,13,12,12,-1
01_13_02_05_0206.bmp,1,2,5,4,13,12,31,12,12,12,-1
01_13_02_05_0210.bmp,0,2,5,4,13,12,31,40,12,12,-1
01_13_02_05_0211.bmp,1,2,5,4,13,12,31,12,12,12,-1
01_13_02_05_0212.bmp,0,2,5,4,13,12,12,40,12,12,-1
01_13_02_05_0213.bmp,0,2,5,4,13,12,31,40,12,23,-1
01_13_02_05_0213.bmp,1,2,5,4,13,12,31,13,12,12,-1
01_13_02_05_0216.bmp,0,2,5,4,13,12,31,20,12,13,-1
01_13_02_05_0217.bmp,0,2,5,4,13,12,31,25,12,12,-1
01_13_02_05_0217.bmp,1,2,5,4,13,12,31,12,12,12,-1
01_13_02_05_0218.bmp,0,2,5,4,13,32,31,25,32,32,-1
01_13_02_05_0220.bmp,0,2,5,4,13,32,31,25,12,32,-1
01_13_02_05_0220.bmp,1,2,5,4,13,12,31,13,12,12,-1
01_13_02_05_0221.bmp,0,2,5,4,13,32,31,25,32,13,-1
01_13_02_05_0221.bmp,1,2,5,4,13,12,31,12,12,12,-1
01_13_02_05_0226.bmp,0,2,5,4,13,32,32,25,32,13,-1
01_13_02_05_0228.bmp,0,2,5,4,13,32,32,13,32,13,-1
01_13_02_05_0228.bmp,1,2,5,4,13,12,31,13,12,12,-1
01_13_02_05_0229.bmp,0,2,5,4,13,32,32,13,32,15,-1
01_13_02_05_0229.bmp,1,2,5,4,13,12,31,13,12,13,-1
01_13_02_05_0230.bmp,1,2,5,4,13,12,31,12,12,12,-1
01_13_02_05_0232.bmp,0,2,5,4,13,32,13,32,4,15,-1
01_13_02_05_0232.bmp,1,2,5,4,13,12,31,12,12,13,-1
01_13_02_05_0233.bmp,1,2,5,4,13,12,31,12,12,13,-1
01_13_02_05_0234.bmp,1,2,5,4,13,12,31,12,12,12,-1
01_13_02_05_0236.bmp,1,2,5,4,13,12,31,12,12,12,-1
01_13_02_05_0237.bmp,1,2,5,4,13,12,31,12,12,12,-1
01_13_02_05_0238.bmp,0,2,5,4,13,32,13,13,32,4,-1
01_13_02_05_0240.bmp,0,2,5,4,13,32,13,13,15,15,-1
01_13_02_05_0241.bmp,1,2,5,4,13,12,31,13,12,12,-1
01_13_02_05_0242.bmp,1,2,5,4,13,12,31,12,12,12,-1
01_13_02_05_0244.bmp,1,2,5,4,13,12,31,12,12,13,-1
01_13_02_05_0248.bmp,0,2,5,4,13,13,13,13,13,13,-1
01_13_02_05_0249.bmp,0,2,5,4,13,15,13,13,15,15,-1
01_13_02_05_0249.bmp,1,2,5,4,13,12,31,12,12,12,-1
01_13_02_05_0250.bmp,0,2,5,4,13,15,13,13,15,15,-1
01_13_02_05_0250.bmp,1,2,5,4,13,12,31,12,12,12,-1
01_13_02_05_0252.bmp,0,2,5,4,13,13,13,13,15,13,-1
01_13_02_05_0252.bmp,1,2,5,4,13,12,31,12,12,13,-1
01_13_02_05_0254.bmp,0,2,5,4,13,13,13,13,13,13,-1
01_13_02_05_0255.bmp,0,2,5,4,13,13,13,13,13,13,-1
01_13_02_05_0256.bmp,0,2,5,4,13,13,13,13,13,13,-1
01_13_02_05_0257.bmp,0,2,5,4,13,13,13,13,13,15,-1
01_13_02_05_0258.bmp,0,2,5,4,13,13,13,13,13,13,-1
01_13_02_05_0259.bmp,0,2,5,4,13,13,13,13,13,13,-1
01_13_02_05_0260.bmp,1,2,5,4,13,12,31,12,12,12,-1
01_13_02_05_0261.bmp,0,2,5,4,13,13,13,13,13,13,-1
01_13_02_05_0262.bmp,1,2,5,4,13,12,31,12,12,12,-1
01_13_02_05_0264.bmp,0,2,5,4,13,13,13,13,13,13,-1
01_13_02_05_0266.bmp,1,2,5,4,13,12,31,12,12,28,-1
01_13_02_05_0267.bmp,0,2,5,4,13,13,13,13,13,13,-1
01_13_02_05_0267.bmp,1,2,5,4,13,12,31,12,12,12,-1
01_13_02_05_0268.bmp,0,2,5,4,13,13,13,13,13,13,-1
01_13_02_05_0270.bmp,0,2,5,4,13,12,31,13,12,12,-1
01_13_02_05_0271.bmp,0,2,5,4,13,12,31,13,12,12,-1
01_13_02_05_0275.bmp,0,2,5,4,13,12,31,13,12,12,-1
01_13_02_05_0276.bmp,0,2,5,4,13,12,31,13,12,13,-1
01_13_02_05_0277.bmp,0,2,5,4,13,12,31,13,12,12,-1
01_13_02_05_0279.bmp,0,2,5,4,13,12,31,13,12,12,-1
01_13_02_05_0280.bmp,0,2,5,4,13,12,31,12,12,13,-1
01_13_02_05_0282.bmp,0,2,5,4,13,12,31,12,12,12,-1
01_13_02_05_0284.bmp,0,2,5,4,13,12,31,13,12,12,-1
01_13_02_05_0285.bmp,0,2,5,4,13,12,31,12,12,12,-1
01_13_02_05_0290.bmp,0,2,5,4,13,12,31,12,12,13,-1
01_13_02_05_0292.bmp,0,2,5,4,13,12,31,13,12,13,-1
01_13_02_05_0294.bmp,0,2,5,4,13,12,31,13,12,12,-1
01_13_02_05_0295.bmp,0,2,5,4,13,12,31,12,12,12,-1
01_13_02_05_0297.bmp,0,2,5,4,13,12,31,12,12,12,-1
01_13_02_05_0298.bmp,0,2,5,4,13,12,31,13,12,12,-1
01_13_02_05_0300.bmp,0,2,5,4,13,12,31,12,12,12,-1
01_13_02_05_0301.bmp,0,2,5,4,13,12,31,12,12,12,-1
01_13_02_05_0304.bmp,0,2,5,4,13,12,31,12,12,12,-1
01_13_02_05_0307.bmp,0,2,5,4,13,12,31,12,12,12,-1
01_13_02_05_0309.bmp,0,2,5,4,13,12,31,12,12,12,-1
01_13_02_05_0311.bmp,0,2,5,4,13,12,31,13,12,12,-1
01_13_02_05_0315.bmp,0,2,5,4,13,12,31,13,12,12,-1
01_13_02_05_0316.bmp,0,2,5,4,13,12,31,13,12,12,-1
01_13_02_05_0318.bmp,0,2,5,4,13,12,31,12,12,12,-1
01_13_02_05_0321.bmp,0,2,5,4,13,12,31,12,12,13,-1
01_13_02_05_0327.bmp,0,2,5,4,13,12,31,12,12,12,-1
01_13_02_05_0328.bmp,0,2,5,4,13,12,31,12,12,12,-1
01_13_02_05_0330.bmp,0,2,5,4,13,12,31,12,12,12,-1
01_13_02_05_0334.bmp,0,2,5,4,13,12,31,12,12,13,-1
01_13_02_05_0335.bmp,0,2,5,4,13,12,12,12,13,13,-1
01_13_02_05_0337.bmp,0,2,5,4,13,13,31,12,13,13,-1
01_13_02_05_0340.bmp,0,2,5,4,13,12,31,18,12,13,-1
01_13_02_05_0345.bmp,0,2,5,4,13,13,13,13,13,13,-1
01_13_02_05_0347.bmp,0,2,5,4,13,13,13,13,13,13,-1
01_13_02_05_0356.bmp,0,2,5,4,13,15,13,8,8,7,-1
01_13_02_05_0358.bmp,0,2,5,4,13,15,13,13,15,15,-1
01_13_02_05_0359.bmp,0,2,5,4,13,15,13,13,15,15,-1
01_13_02_05_0360.bmp,0,2,5,4,13,15,13,13,15,15,-1
01_13_02_05_0362.bmp,0,2,5,4,13,15,13,13,15,15,-1
01_13_02_05_0387.bmp,0,2,5,4,13,19,31,42,7,13,-1
01_13_02_05_0390.bmp,0,2,5,4,13,12,31,11,7,13,-1
01_13_02_05_0393.bmp,0,2,5,4,13,12,31,42,7,12,-1
01_13_02_05_0394.bmp,0,2,5,4,13,12,31,25,7,13,-1
01_13_02_05_0397.bmp,0,2,5,4,13,19,31,25,1,19,-1
01_13_02_05_0400.bmp,0,2,5,4,13,19,31,42,7,12,-1
01_13_02_05_0401.bmp,0,2,5,4,13,12,31,42,7,13,-1
01_13_02_05_0407.bmp,0,2,5,4,13,19,31,42,40,39,-1
01_13_02_05_0409.bmp,0,2,5,4,13,19,31,42,7,13,-1
01_13_02_05_0411.bmp,0,2,5,4,13,19,31,42,40,7,-1
01_13_02_05_0416.bmp,0,2,5,4,13,19,31,42,19,13,-1
01_13_02_05_0420.bmp,0,2,5,4,13,19,31,12,19,12,-1
01_13_02_05_0425.bmp,0,2,5,4,13,12,31,42,40,13,-1
01_13_02_05_0430.bmp,0,2,5,4,13,32,31,12,12,13,-1
01_13_02_05_0431.bmp,0,2,5,4,13,32,31,25,32,13,-1
01_13_02_05_0432.bmp,0,2,5,4,13,32,31,40,32,13,-1
01_13_02_05_0437.bmp,0,2,5,4,13,32,31,40,40,40,-1
01_13_02_05_0444.bmp,0,2,5,4,13,32,31,25,12,13,-1
01_13_02_05_0445.bmp,0,2,5,4,13,32,31,25,32,13,-1
01_13_02_05_0448.bmp,0,2,5,4,13,32,31,25,12,12,-1
01_13_02_05_0449.bmp,0,2,5,4,13,32,31,25,12,13,-1
01_13_02_05_0450.bmp,0,2,5,4,13,32,31,25,32,18,-1
01_13_02_05_0452.bmp,0,2,5,4,13,12,31,12,12,12,-1
01_13_02_05_0457.bmp,0,2,5,4,13,12,31,25,32,32,-1
01_13_02_05_0458.bmp,0,2,5,4,13,12,31,25,12,12,-1
01_13_02_05_0459.bmp,0,2,5,4,13,12,31,25,12,12,-1
01_13_02_05_0460.bmp,0,2,5,4,13,12,31,40,12,13,-1
01_13_02_05_0462.bmp,0,2,5,4,13,12,31,40,12,12,-1
01_13_02_05_0466.bmp,0,2,5,4,13,12,31,25,13,13,-1
01_13_02_05_0470.bmp,0,2,5,4,13,13,13,25,13,13,-1
01_13_02_05_0474.bmp,0,2,5,4,13,32,31,5,32,18,-1
01_13_02_05_0477.bmp,0,2,5,4,13,32,31,13,19,13,-1
01_13_02_05_0478.bmp,0,2,5,4,13,32,31,25,18,13,-1
01_13_02_05_0481.bmp,0,2,5,4,13,13,13,13,4,4,-1
01_13_02_05_0484.bmp,0,2,5,4,13,32,13,13,15,13,-1
01_13_02_05_0486.bmp,0,2,5,4,13,32,13,13,32,13,-1
01_13_02_05_0493.bmp,0,2,5,4,13,13,13,13,32,13,-1
01_13_02_05_0496.bmp,0,2,5,4,13,13,13,13,13,13,-1
01_13_02_05_0497.bmp,0,2,5,4,13,13,13,13,13,13,-1
01_13_02_05_0499.bmp,0,2,5,4,13,13,13,13,13,13,-1
01_13_02_05_0501.bmp,0,2,5,4,13,13,13,13,13,13,-1
01_13_02_05_0505.bmp,0,2,5,4,13,13,13,13,13,13,-1
01_13_02_05_0506.bmp,0,2,5,4,13,13,13,13,13,13,-1
01_13_02_05_0507.bmp,0,2,5,4,13,13,13,13,13,13,-1
01_13_02_05_0508.bmp,0,2,5,4,13,13,13,13,13,13,-1
01_13_02_05_0510.bmp,0,2,5,4,13,13,13,13,13,13,-1
01_13_02_05_0511.bmp,0,2,5,4,13,13,13,13,13,13,-1
01_13_02_05_0512.bmp,0,2,5,4,13,13,13,13,13,13,-1
01_13_02_05_0513.bmp,0,2,5,4,13,13,13,13,13,13,-1
01_13_02_05_0515.bmp,0,2,5,4,13,15,15,8,8,8,-1
01_13_02_05_0516.bmp,0,2,5,4,13,19,31,25,19,7,-1
01_13_02_05_0517.bmp,0,2,5,4,13,12,31,0,19,40,-1
01_13_02_05_0521.bmp,0,2,5,4,13,19,31,1,19,38,-1
01_13_02_05_0524.bmp,0,2,5,4,13,12,31,11,12,12,-1
01_13_02_05_0527.bmp,0,2,5,4,13,12,31,40,12,12,-1
01_13_02_05_0530.bmp,0,2,5,4,13,32,31,12,32,1,-1
01_13_02_05_0535.bmp,0,2,5,4,13,12,31,25,12,12,-1
01_13_02_05_0537.bmp,0,2,5,4,13,12,31,25,12,12,-1
01_13_02_05_0538.bmp,0,2,5,4,13,32,31,42,32,12,-1
01_13_02_05_0540.bmp,0,2,5,4,13,32,31,12,32,12,-1
01_13_02_05_0543.bmp,0,2,5,4,13,12,31,25,12,12,-1
01_13_02_05_0546.bmp,0,2,5,4,13,32,31,12,32,40,-1
01_13_02_05_0550.bmp,0,2,5,4,13,32,31,25,32,12,-1
01_13_02_05_0551.bmp,0,2,5,4,13,12,12,40,40,40,-1
01_13_02_05_0552.bmp,0,2,5,4,13,32,31,12,32,40,-1
01_13_02_05_0555.bmp,0,2,5,4,13,12,31,40,12,40,-1
01_13_02_05_0558.bmp,0,2,5,4,13,32,31,12,32,2,-1
01_13_02_05_0559.bmp,0,2,5,4,13,12,31,40,12,40,-1
01_13_02_05_0563.bmp,0,2,5,4,13,12,31,40,12,12,-1
01_13_02_05_0566.bmp,0,2,5,4,13,12,31,0,19,13,-1
01_13_02_05_0568.bmp,0,2,5,4,13,12,31,19,19,13,-1
01_13_02_05_0570.bmp,0,2,5,4,13,19,31,6,19,19,-1
01_13_02_05_0580.bmp,0,2,5,4,13,32,31,0,32,40,-1
01_13_02_05_0582.bmp,0,2,5,4,13,32,31,0,12,12,-1
01_13_02_05_0585.bmp,0,2,5,4,13,32,31,25,32,32,-1
01_13_02_05_0587.bmp,0,2,5,4,13,32,31,20,32,19,-1
01_13_02_05_0591.bmp,0,2,5,4,13,12,31,25,12,13,-1
01_13_02_05_0592.bmp,0,2,5,4,13,13,31,0,12,12,-1
01_13_02_05_0593.bmp,0,2,5,4,13,12,31,13,32,32,-1
01_13_02_05_0601.bmp,0,2,5,4,13,12,31,40,40,32,-1
01_13_02_05_0602.bmp,0,2,5,4,13,12,12,25,13,13,-1
01_13_02_05_0604.bmp,0,2,5,4,13,32,12,13,32,13,-1
01_13_02_05_0606.bmp,0,2,5,4,13,13,12,13,13,13,-1
01_13_02_05_0612.bmp,0,2,5,4,13,13,13,13,13,13,-1
01_13_02_05_0618.bmp,0,2,5,4,13,13,13,13,13,13,-1
01_13_02_05_0620.bmp,0,2,5,4,13,13,13,13,13,13,-1
01_13_02_05_0621.bmp,0,2,5,4,13,13,13,13,13,13,-1
01_13_02_05_0623.bmp,0,2,5,4,13,13,13,13,13,13,-1
01_13_02_05_0624.bmp,0,2,5,4,13,13,13,13,13,13,-1
01_03_07_03_0006.bmp,0,7,3,4,9,12,31,2,12,18,-1
01_03_07_03_0008.bmp,0,7,3,4,9,32,31,0,32,19,-1
01_03_07_03_0009.bmp,0,7,3,4,9,32,31,6,12,13,-1
01_03_07_03_0011.bmp,0,7,3,4,9,32,31,0,32,19,-1
01_03_07_03_0017.bmp,0,7,3,4,9,32,31,6,12,13,-1
01_03_07_03_0019.bmp,0,7,3,4,9,32,31,25,12,13,-1
01_03_07_03_0020.bmp,0,7,3,4,9,12,31,0,12,13,-1
01_03_07_03_0021.bmp,0,7,3,4,9,32,31,25,12,12,-1
01_03_07_03_0023.bmp,0,7,3,4,9,32,31,0,12,13,-1
01_03_07_03_0024.bmp,0,7,3,4,9,32,31,25,12,12,-1
01_03_07_03_0028.bmp,0,7,3,4,9,32,31,25,12,13,-1
01_03_07_03_0038.bmp,0,7,3,4,9,32,32,41,32,13,-1
01_03_07_03_0040.bmp,0,7,3,4,9,32,32,25,32,13,-1
01_03_07_03_0043.bmp,0,7,3,4,9,32,31,25,32,13,-1
01_03_07_03_0054.bmp,0,7,3,4,9,32,13,25,19,13,-1
01_03_07_03_0055.bmp,0,7,3,4,9,32,13,13,19,13,-1
01_03_07_03_0063.bmp,0,7,3,4,9,15,13,41,15,15,-1
01_03_07_03_0065.bmp,0,7,3,4,9,15,13,41,15,15,-1
01_03_07_03_0075.bmp,0,7,3,4,9,15,13,15,15,15,-1
01_03_07_03_0079.bmp,0,7,3,4,9,15,15,15,15,15,-1
01_03_07_03_0080.bmp,0,7,3,4,9,15,15,15,15,15,-1
01_03_07_03_0081.bmp,0,7,3,4,9,15,15,15,15,15,-1
01_03_07_03_0085.bmp,0,7,3,4,9,15,15,9,15,41,-1
01_06_07_03_0001.bmp,0,7,3,4,14,12,36,13,19,13,-1
01_06_07_03_0003.bmp,1,7,3,4,14,36,36,25,12,14,-1
01_06_07_03_0004.bmp,0,7,3,4,14,36,36,25,14,14,-1
01_06_07_03_0007.bmp,0,7,3,4,14,17,36,25,14,14,-1
01_06_07_03_0007.bmp,1,7,3,4,14,36,36,23,0,14,-1
01_06_07_03_0009.bmp,0,7,3,4,14,17,36,14,14,14,-1
01_06_07_03_0010.bmp,1,7,3,4,14,0,36,0,0,13,-1
01_06_07_03_0014.bmp,1,7,3,4,14,0,36,0,0,13,-1
01_06_07_03_0015.bmp,0,7,3,4,14,17,25,14,14,14,-1
01_06_07_03_0015.bmp,1,7,3,4,14,0,36,25,0,13,-1
01_06_07_03_0016.bmp,0,7,3,4,14,17,25,14,14,14,-1
01_06_07_03_0017.bmp,0,7,3,4,14,17,25,14,14,14,-1
01_06_07_03_0018.bmp,0,7,3,4,14,17,25,14,14,14,-1
01_06_07_03_0020.bmp,1,7,3,4,14,0,36,25,0,14,-1
01_06_07_03_0022.bmp,0,7,3,4,14,14,13,14,14,14,-1
01_06_07_03_0025.bmp,1,7,3,4,14,12,36,25,12,13,-1
01_06_07_03_0026.bmp,0,7,3,4,14,14,13,14,14,14,-1
01_06_07_03_0027.bmp,0,7,3,4,14,14,13,14,14,14,-1
01_06_07_03_0028.bmp,0,7,3,4,14,14,13,14,14,14,-1
01_06_07_03_0028.bmp,1,7,3,4,14,12,32,20,12,14,-1
01_06_07_03_0030.bmp,0,7,3,4,14,14,17,14,14,14,-1
01_06_07_03_0030.bmp,1,7,3,4,14,12,36,19,19,13,-1
01_06_07_03_0032.bmp,1,7,3,4,14,31,31,6,12,13,-1
01_06_07_03_0033.bmp,0,7,3,4,14,14,13,17,14,17,-1
01_06_07_03_0033.bmp,1,7,3,4,14,31,31,6,12,0,-1
01_06_07_03_0035.bmp,0,7,3,4,14,14,13,14,14,14,-1
01_06_07_03_0035.bmp,1,7,3,4,14,31,31,0,31,13,-1
01_06_07_03_0036.bmp,1,7,3,4,14,31,31,6,31,13,-1
01_06_07_03_0037.bmp,0,7,3,4,14,14,13,14,14,14,-1
01_06_07_03_0039.bmp,1,7,3,4,14,12,31,6,13,3,-1
01_06_07_03_0040.bmp,0,7,3,4,14,14,17,14,14,17,-1
01_06_07_03_0041.bmp,0,7,3,4,14,14,14,14,14,14,-1
01_06_07_03_0041.bmp,1,7,3,4,14,12,31,23,13,13,-1
01_06_07_03_0042.bmp,0,7,3,4,14,14,14,14,14,17,-1
01_06_07_03_0043.bmp,1,7,3,4,14,12,31,0,12,3,-1
01_06_07_03_0044.bmp,1,7,3,4,14,12,12,20,12,3,-1
01_06_07_03_0054.bmp,0,7,3,4,14,13,12,23,14,14,-1
01_06_07_03_0055.bmp,0,7,3,4,14,13,12,25,14,14,-1
01_06_07_03_0058.bmp,0,7,3,4,14,13,12,25,14,14,-1
01_06_07_03_0059.bmp,0,7,3,4,14,13,36,25,14,14,-1
01_06_07_03_0061.bmp,0,7,3,4,14,15,12,14,14,14,-1
01_06_07_03_0063.bmp,0,7,3,4,14,13,36,14,14,14,-1
01_06_07_03_0064.bmp,0,7,3,4,14,13,36,25,14,14,-1
01_06_07_03_0067.bmp,0,7,3,4,14,13,12,14,14,14,-1
01_06_07_03_0068.bmp,0,7,3,4,14,15,12,14,14,14,-1
01_06_07_03_0073.bmp,0,7,3,4,14,17,15,14,14,14,-1
01_06_07_03_0075.bmp,0,7,3,4,14,17,13,14,14,14,-1
01_06_07_03_0077.bmp,0,7,3,4,14,15,13,14,14,17,-1
01_06_07_03_0080.bmp,0,7,3,4,14,15,13,14,14,17,-1
01_06_07_03_0081.bmp,0,7,3,4,14,15,13,14,14,17,-1
01_06_07_03_0083.bmp,0,7,3,4,14,15,15,14,14,17,-1
01_06_07_03_0087.bmp,0,7,3,4,14,17,17,14,14,14,-1
01_06_07_03_0089.bmp,0,7,3,4,14,17,17,17,8,8,-1
01_11_07_03_0002.bmp,0,7,3,4,12,36,36,0,12,0,-1
01_11_07_03_0006.bmp,0,7,3,4,12,31,31,0,12,12,-1
01_11_07_03_0007.bmp,0,7,3,4,12,31,36,0,31,12,-1
01_11_07_03_0009.bmp,0,7,3,4,12,31,36,0,31,12,-1
01_11_07_03_0010.bmp,0,7,3,4,12,31,36,0,12,26,-1
01_11_07_03_0011.bmp,0,7,3,4,12,31,31,0,31,13,-1
01_11_07_03_0015.bmp,0,7,3,4,12,31,31,0,12,12,-1
01_11_07_03_0016.bmp,0,7,3,4,12,31,36,0,12,12,-1
01_11_07_03_0017.bmp,0,7,3,4,12,31,31,0,12,12,-1
01_11_07_03_0018.bmp,0,7,3,4,12,36,36,0,12,12,-1
01_11_07_03_0022.bmp,0,7,3,4,12,31,32,0,12,12,-1
01_11_07_03_0026.bmp,0,7,3,4,12,31,31,0,12,12,-1
01_11_07_03_0028.bmp,0,7,3,4,12,31,31,0,12,12,-1
01_11_07_03_0029.bmp,0,7,3,4,12,36,31,0,12,12,-1
01_11_07_03_0030.bmp,0,7,3,4,12,36,36,0,12,12,-1
01_11_07_03_0031.bmp,0,7,3,4,12,31,31,25,12,12,-1
01_11_07_03_0033.bmp,0,7,3,4,12,31,31,0,12,36,-1
01_11_07_03_0037.bmp,0,7,3,4,12,31,31,25,19,19,-1
01_11_07_03_0038.bmp,0,7,3,4,12,31,31,25,15,15,-1
01_11_07_03_0043.bmp,0,7,3,4,12,31,31,25,15,12,-1
01_11_07_03_0048.bmp,0,7,3,4,12,15,31,25,15,15,-1
01_11_07_03_0049.bmp,0,7,3,4,12,15,31,25,15,15,-1
01_11_07_03_0050.bmp,0,7,3,4,12,15,31,25,15,15,-1
01_11_07_03_0058.bmp,0,7,3,4,12,15,31,4,15,15,-1
01_11_07_03_0059.bmp,0,7,3,4,12,15,31,1,15,15,-1
01_11_07_03_0060.bmp,0,7,3,4,12,15,31,25,15,15,-1
01_11_07_03_0061.bmp,0,7,3,4,12,15,31,25,15,15,-1
01_11_07_03_0063.bmp,0,7,3,4,12,15,31,1,15,8,-1
01_11_07_03_0065.bmp,0,7,3,4,12,15,31,1,15,15,-1
01_11_07_03_0068.bmp,0,7,3,4,12,15,15,32,15,15,-1
01_11_07_03_0076.bmp,0,7,3,4,12,15,15,32,15,15,-1
01_11_07_03_0078.bmp,0,7,3,4,12,15,15,32,32,15,-1
01_12_07_03_0004.bmp,0,7,3,4,17,36,36,25,1,1,-1
01_12_07_03_0005.bmp,1,7,3,4,17,31,32,12,24,12,-1
01_12_07_03_0006.bmp,1,7,3,4,17,31,32,11,15,14,-1
01_12_07_03_0007.bmp,0,7,3,4,17,36,36,1,1,13,-1
01_12_07_03_0008.bmp,0,7,3,4,17,15,36,1,15,15,-1
01_12_07_03_0010.bmp,0,7,3,4,17,15,36,25,15,15,-1
01_12_07_03_0010.bmp,1,7,3,4,17,31,32,11,5,13,-1
01_12_07_03_0011.bmp,1,7,3,4,17,31,31,11,24,24,-1
01_12_07_03_0012.bmp,1,7,3,4,17,31,31,11,12,13,-1
01_12_07_03_0013.bmp,1,7,3,4,17,31,31,12,24,12,-1
01_12_07_03_0014.bmp,0,7,3,4,17,36,36,25,15,13,-1
01_12_07_03_0016.bmp,1,7,3,4,17,31,31,11,12,14,-1
01_12_07_03_0017.bmp,0,7,3,4,17,36,36,0,15,15,-1
01_12_07_03_0018.bmp,0,7,3,4,17,15,36,25,15,15,-1
01_12_07_03_0019.bmp,0,7,3,4,17,15,36,25,15,15,-1
01_12_07_03_0019.bmp,1,7,3,4,17,31,31,0,12,13,-1
01_12_07_03_0021.bmp,0,7,3,4,17,15,36,1,15,15,-1
01_12_07_03_0022.bmp,0,7,3,4,17,15,36,1,15,15,-1
01_12_07_03_0025.bmp,0,7,3,4,17,15,15,9,15,15,-1
01_12_07_03_0025.bmp,1,7,3,4,17,31,32,12,12,29,-1
01_12_07_03_0026.bmp,1,7,3,4,17,31,31,11,12,13,-1
01_12_07_03_0027.bmp,0,7,3,4,17,15,36,0,15,15,-1
01_12_07_03_0027.bmp,1,7,3,4,17,12,31,11,12,14,-1
01_12_07_03_0028.bmp,0,7,3,4,17,2,12,2,2,26,-1
01_12_07_03_0029.bmp,1,7,3,4,17,31,31,0,12,14,-1
01_12_07_03_0030.bmp,1,7,3,4,17,12,36,12,12,14,-1
01_12_07_03_0032.bmp,0,7,3,4,17,26,17,26,8,14,-1
01_12_07_03_0033.bmp,0,7,3,4,17,17,17,26,17,14,-1
01_12_07_03_0037.bmp,0,7,3,4,17,17,17,17,17,17,-1
01_12_07_03_0037.bmp,1,7,3,4,17,12,31,0,5,14,-1
01_12_07_03_0039.bmp,0,7,3,4,17,17,17,17,17,14,-1
01_12_07_03_0042.bmp,0,7,3,4,17,17,17,17,17,14,-1
01_12_07_03_0042.bmp,1,7,3,4,17,12,31,0,5,14,-1
01_12_07_03_0043.bmp,1,7,3,4,17,12,36,0,1,14,-1
01_12_07_03_0044.bmp,0,7,3,4,17,12,36,0,1,14,-1
01_12_07_03_0046.bmp,0,7,3,4,17,12,31,0,29,14,-1
01_12_07_03_0047.bmp,0,7,3,4,17,12,36,11,1,14,-1
01_12_07_03_0050.bmp,0,7,3,4,17,12,36,0,5,14,-1
01_12_07_03_0052.bmp,0,7,3,4,17,12,36,0,15,24,-1
01_12_07_03_0053.bmp,0,7,3,4,17,12,36,25,5,13,-1
01_12_07_03_0060.bmp,0,7,3,4,17,12,36,0,0,0,-1
01_12_07_03_0061.bmp,0,7,3,4,17,12,0,0,0,0,-1
01_12_07_03_0063.bmp,0,7,3,4,17,12,36,0,0,0,-1
01_12_07_03_0066.bmp,0,7,3,4,17,12,36,0,0,0,-1
01_12_07_03_0072.bmp,0,7,3,4,17,36,36,0,0,14,-1
01_12_07_03_0079.bmp,0,7,3,4,17,36,36,0,0,14,-1
01_12_07_03_0080.bmp,0,7,3,4,17,12,36,0,0,14,-1
01_12_07_03_0081.bmp,0,7,3,4,17,12,0,0,0,0,-1
01_12_07_03_0085.bmp,0,7,3,4,17,12,36,0,0,12,-1
01_12_07_03_0088.bmp,0,7,3,4,17,0,36,0,0,14,-1
01_12_07_03_0089.bmp,0,7,3,4,17,0,36,0,0,18,-1
01_12_07_03_0092.bmp,0,7,3,4,17,0,0,0,0,29,-1
01_12_07_03_0094.bmp,0,7,3,4,17,0,36,0,0,14,-1
01_12_07_03_0100.bmp,0,7,3,4,17,0,0,0,0,14,-1
01_12_07_03_0102.bmp,0,7,3,4,17,0,36,0,0,14,-1
01_12_07_03_0103.bmp,0,7,3,4,17,0,0,0,0,14,-1
01_12_07_03_0107.bmp,0,7,3,4,17,15,36,41,15,14,-1
01_12_07_03_0109.bmp,0,7,3,4,17,15,15,17,15,13,-1
01_12_07_03_0113.bmp,0,7,3,4,17,15,15,14,17,17,-1
01_12_07_03_0114.bmp,0,7,3,4,17,15,15,17,15,17,-1
01_12_07_03_0115.bmp,0,7,3,4,17,15,15,26,17,17,-1
01_12_07_03_0116.bmp,0,7,3,4,17,15,15,26,17,17,-1
01_13_07_03_0003.bmp,0,7,3,4,13,12,31,40,12,12,-1
01_13_07_03_0003.bmp,1,7,3,4,13,13,11,25,13,13,-1
01_13_07_03_0005.bmp,0,7,3,4,13,12,31,40,12,25,-1
01_13_07_03_0006.bmp,1,7,3,4,13,13,11,0,13,13,-1
01_13_07_03_0007.bmp,0,7,3,4,13,12,31,25,12,13,-1
01_13_07_03_0009.bmp,0,7,3,4,13,12,12,12,12,12,-1
01_13_07_03_0010.bmp,1,7,3,4,13,13,11,0,13,13,-1
01_13_07_03_0012.bmp,0,7,3,4,13,12,31,40,12,13,-1
01_13_07_03_0012.bmp,1,7,3,4,13,13,11,0,13,13,-1
01_13_07_03_0013.bmp,0,7,3,4,13,12,31,11,12,13,-1
01_13_07_03_0014.bmp,0,7,3,4,13,12,31,40,12,13,-1
01_13_07_03_0014.bmp,1,7,3,4,13,13,11,0,13,13,-1
01_13_07_03_0015.bmp,1,7,3,4,13,13,11,25,13,13,-1
01_13_07_03_0016.bmp,0,7,3,4,13,12,31,40,12,12,-1
01_13_07_03_0017.bmp,0,7,3,4,13,12,31,42,12,13,-1
01_13_07_03_0018.bmp,1,7,3,4,13,13,11,0,13,13,-1
01_13_07_03_0019.bmp,1,7,3,4,13,13,13,0,13,13,-1
01_13_07_03_0021.bmp,0,7,3,4,13,12,31,40,12,13,-1
01_13_07_03_0023.bmp,1,7,3,4,13,13,11,25,13,13,-1
01_13_07_03_0024.bmp,1,7,3,4,13,13,13,13,13,13,-1
01_13_07_03_0025.bmp,0,7,3,4,13,12,12,25,12,13,-1
01_13_07_03_0025.bmp,1,7,3,4,13,13,13,13,13,13,-1
01_13_07_03_0029.bmp,0,7,3,4,13,12,12,6,12,32,-1
01_13_07_03_0031.bmp,0,7,3,4,13,12,12,6,12,32,-1
01_13_07_03_0031.bmp,1,7,3,4,13,13,13,13,13,13,-1
01_13_07_03_0032.bmp,0,7,3,4,13,12,12,1,12,18,-1
01_13_07_03_0032.bmp,1,7,3,4,13,13,13,13,13,13,-1
01_13_07_03_0033.bmp,1,7,3,4,13,13,13,13,13,13,-1
01_13_07_03_0034.bmp,0,7,3,4,13,12,31,11,12,19,-1
01_13_07_03_0034.bmp,1,7,3,4,13,13,13,13,13,13,-1
01_13_07_03_0036.bmp,0,7,3,4,13,12,12,40,12,12,-1
01_13_07_03_0036.bmp,1,7,3,4,13,13,13,13,13,13,-1
01_13_07_03_0037.bmp,0,7,3,4,13,12,12,25,12,13,-1
01_13_07_03_0037.bmp,1,7,3,4,13,13,13,13,13,13,-1
01_13_07_03_0039.bmp,1,7,3,4,13,13,13,13,13,13,-1
01_13_07_03_0041.bmp,0,7,3,4,13,12,12,25,12,32,-1
01_13_07_03_0041.bmp,1,7,3,4,13,13,13,13,13,13,-1
01_13_07_03_0043.bmp,0,7,3,4,13,12,12,40,12,32,-1
01_13_07_03_0043.bmp,1,7,3,4,13,13,13,13,13,13,-1
01_13_07_03_0044.bmp,0,7,3,4,13,12,12,40,12,32,-1
01_13_07_03_0048.bmp,0,7,3,4,13,12,12,40,12,32,-1
01_13_07_03_0048.bmp,1,7,3,4,13,13,13,13,13,13,-1
01_13_07_03_0049.bmp,0,7,3,4,13,12,12,40,12,32,-1
01_13_07_03_0052.bmp,0,7,3,4,13,12,12,40,12,32,-1
01_13_07_03_0054.bmp,1,7,3,4,13,13,13,13,13,13,-1
01_13_07_03_0055.bmp,1,7,3,4,13,13,13,13,13,13,-1
01_13_07_03_0057.bmp,1,7,3,4,13,13,13,13,13,13,-1
01_13_07_03_0058.bmp,0,7,3,4,13,12,12,25,13,32,-1
01_13_07_03_0058.bmp,1,7,3,4,13,13,13,13,13,13,-1
01_13_07_03_0061.bmp,0,7,3,4,13,12,12,12,13,32,-1
01_13_07_03_0062.bmp,1,7,3,4,13,13,13,13,15,15,-1
01_13_07_03_0063.bmp,1,7,3,4,13,27,12,11,23,24,-1
01_13_07_03_0064.bmp,1,7,3,4,13,31,31,1,19,13,-1
01_13_07_03_0067.bmp,1,7,3,4,13,31,31,11,19,13,-1
01_13_07_03_0068.bmp,1,7,3,4,13,31,31,0,19,13,-1
01_13_07_03_0069.bmp,1,7,3,4,13,31,31,1,19,31,-1
01_13_07_03_0072.bmp,1,7,3,4,13,31,31,12,19,31,-1
01_13_07_03_0073.bmp,1,7,3,4,13,31,31,11,23,31,-1
01_13_07_03_0074.bmp,1,7,3,4,13,31,31,0,23,31,-1
01_13_07_03_0075.bmp,0,7,3,4,13,13,12,13,13,13,-1
01_13_07_03_0076.bmp,1,7,3,4,13,31,31,0,19,13,-1
01_13_07_03_0077.bmp,1,7,3,4,13,31,31,25,23,12,-1
01_13_07_03_0078.bmp,1,7,3,4,13,31,31,1,19,13,-1
01_13_07_03_0081.bmp,0,7,3,4,13,13,13,13,13,13,-1
01_13_07_03_0083.bmp,0,7,3,4,13,13,13,13,13,13,-1
01_13_07_03_0084.bmp,0,7,3,4,13,13,13,13,13,13,-1
01_13_07_03_0085.bmp,0,7,3,4,13,13,13,13,13,13,-1
01_13_07_03_0088.bmp,0,7,3,4,13,13,13,13,13,13,-1
01_13_07_03_0093.bmp,0,7,3,4,13,13,13,13,13,13,-1
01_13_07_03_0093.bmp,1,7,3,4,13,12,31,0,12,31,-1
01_13_07_03_0095.bmp,1,7,3,4,13,12,31,0,12,12,-1
01_13_07_03_0097.bmp,0,7,3,4,13,13,13,13,13,13,-1
01_13_07_03_0097.bmp,1,7,3,4,13,12,31,0,12,31,-1
01_13_07_03_0098.bmp,1,7,3,4,13,12,31,0,12,31,-1
01_13_07_03_0099.bmp,0,7,3,4,13,13,13,13,13,13,-1
01_13_07_03_0100.bmp,1,7,3,4,13,12,31,0,12,31,-1
01_13_07_03_0101.bmp,1,7,3,4,13,12,31,0,12,12,-1
01_13_07_03_0102.bmp,1,7,3,4,13,12,31,0,12,31,-1
01_13_07_03_0105.bmp,0,7,3,4,13,13,13,13,13,13,-1
01_13_07_03_0106.bmp,0,7,3,4,13,13,13,13,13,13,-1
01_13_07_03_0108.bmp,1,7,3,4,13,32,32,20,32,32,-1
01_13_07_03_0109.bmp,1,7,3,4,13,12,31,20,12,12,-1
01_13_07_03_0110.bmp,0,7,3,4,13,13,13,13,13,13,-1
01_13_07_03_0111.bmp,0,7,3,4,13,13,13,13,13,13,-1
01_13_07_03_0111.bmp,1,7,3,4,13,12,31,20,12,14,-1
01_13_07_03_0114.bmp,0,7,3,4,13,12,31,12,23,23,-1
01_13_07_03_0116.bmp,1,7,3,4,13,12,31,20,12,12,-1
01_13_07_03_0117.bmp,1,7,3,4,13,12,31,20,12,13,-1
01_13_07_03_0120.bmp,0,7,3,4,13,12,12,12,23,12,-1
01_13_07_03_0122.bmp,0,7,3,4,13,12,31,12,12,12,-1
01_13_07_03_0124.bmp,1,7,3,4,13,12,31,0,12,13,-1
01_13_07_03_0125.bmp,1,7,3,4,13,12,31,25,12,12,-1
01_13_07_03_0126.bmp,0,7,3,4,13,12,32,6,12,12,-1
01_13_07_03_0128.bmp,0,7,3,4,13,12,32,20,12,12,-1
01_13_07_03_0130.bmp,0,7,3,4,13,12,32,12,12,32,-1
01_13_07_03_0130.bmp,1,7,3,4,13,12,31,0,12,13,-1
01_13_07_03_0132.bmp,1,7,3,4,13,12,31,25,12,13,-1
01_13_07_03_0133.bmp,1,7,3,4,13,12,31,40,12,24,-1
01_13_07_03_0134.bmp,1,7,3,4,13,12,31,2,12,13,-1
01_13_07_03_0136.bmp,1,7,3,4,13,12,31,12,12,13,-1
01_13_07_03_0137.bmp,0,7,3,4,13,12,32,12,12,32,-1
01_13_07_03_0141.bmp,1,7,3,4,13,12,31,12,12,12,-1
01_13_07_03_0143.bmp,1,7,3,4,13,12,31,12,12,13,-1
01_13_07_03_0144.bmp,0,7,3,4,13,12,32,13,18,32,-1
01_13_07_03_0146.bmp,1,7,3,4,13,12,31,12,12,19,-1
01_13_07_03_0147.bmp,0,7,3,4,13,32,32,13,38,32,-1
01_13_07_03_0148.bmp,1,7,3,4,13,12,31,12,12,13,-1
01_13_07_03_0149.bmp,1,7,3,4,13,12,12,12,12,13,-1
01_13_07_03_0150.bmp,0,7,3,4,13,32,32,13,32,32,-1
01_13_07_03_0153.bmp,0,7,3,4,13,32,13,13,32,32,-1
01_13_07_03_0154.bmp,0,7,3,4,13,32,32,13,32,32,-1
01_13_07_03_0156.bmp,0,7,3,4,13,32,13,13,32,32,-1
01_13_07_03_0157.bmp,0,7,3,4,13,32,13,13,32,32,-1
01_13_07_03_0158.bmp,0,7,3,4,13,32,13,13,32,32,-1
01_13_07_03_0158.bmp,1,7,3,4,13,12,31,25,12,13,-1
01_13_07_03_0160.bmp,1,7,3,4,13,12,31,12,12,13,-1
01_13_07_03_0161.bmp,0,7,3,4,13,32,13,13,32,32,-1
01_13_07_03_0163.bmp,0,7,3,4,13,13,13,13,13,13,-1
01_13_07_03_0166.bmp,0,7,3,4,13,13,13,13,13,13,-1
01_13_07_03_0170.bmp,0,7,3,4,13,19,31,1,13,23,-1
01_13_07_03_0172.bmp,0,7,3,4,13,19,31,12,23,13,-1
01_13_07_03_0172.bmp,1,7,3,4,13,12,31,12,12,13,-1
01_13_07_03_0173.bmp,1,7,3,4,13,32,32,12,32,13,-1
01_13_07_03_0174.bmp,0,7,3,4,13,19,31,42,13,12,-1
01_13_07_03_0174.bmp,1,7,3,4,13,13,31,13,13,13,-1
01_13_07_03_0175.bmp,0,7,3,4,13,19,31,1,23,12,-1
01_13_07_03_0175.bmp,1,7,3,4,13,12,31,13,12,13,-1
01_13_07_03_0176.bmp,1,7,3,4,13,12,31,12,12,13,-1
01_13_07_03_0178.bmp,0,7,3,4,13,19,31,42,13,12,-1
01_13_07_03_0178.bmp,1,7,3,4,13,12,31,12,12,13,-1
01_13_07_03_0179.bmp,0,7,3,4,13,19,31,25,13,12,-1
01_13_07_03_0180.bmp,0,7,3,4,13,19,31,11,11,12,-1
01_13_07_03_0181.bmp,1,7,3,4,13,12,31,12,12,13,-1
01_13_07_03_0182.bmp,0,7,3,4,13,19,31,42,23,12,-1
01_13_07_03_0185.bmp,1,7,3,4,13,12,31,12,12,13,-1
01_13_07_03_0186.bmp,1,7,3,4,13,12,31,12,12,13,-1
01_13_07_03_0188.bmp,1,7,3,4,13,12,31,12,12,13,-1
01_13_07_03_0189.bmp,1,7,3,4,13,12,31,13,12,13,-1
01_13_07_03_0191.bmp,0,7,3,4,13,19,31,12,13,12,-1
01_13_07_03_0192.bmp,1,7,3,4,13,12,31,12,12,13,-1
01_13_07_03_0193.bmp,1,7,3,4,13,12,31,12,12,13,-1
01_13_07_03_0194.bmp,0,7,3,4,13,19,31,1,13,1,-1
01_13_07_03_0196.bmp,0,7,3,4,13,19,31,12,32,12,-1
01_13_07_03_0197.bmp,0,7,3,4,13,19,31,12,13,23,-1
01_13_07_03_0198.bmp,0,7,3,4,13,19,31,11,13,23,-1
01_13_07_03_0200.bmp,1,7,3,4,13,12,31,12,12,13,-1
01_13_07_03_0201.bmp,0,7,3,4,13,19,31,12,13,13,-1
01_13_07_03_0202.bmp,0,7,3,4,13,19,31,12,13,35,-1
01_13_07_03_0203.bmp,0,7,3,4,13,19,31,12,12,23,-1
01_13_07_03_0204.bmp,0,7,3,4,13,19,31,12,12,23,-1
01_13_07_03_0204.bmp,1,7,3,4,13,12,31,12,12,13,-1
01_13_07_03_0205.bmp,1,7,3,4,13,12,31,12,12,13,-1
01_13_07_03_0208.bmp,1,7,3,4,13,12,31,12,12,13,-1
01_13_07_03_0210.bmp,1,7,3,4,13,12,31,13,12,13,-1
01_13_07_03_0211.bmp,0,7,3,4,13,12,31,40,12,40,-1
01_13_07_03_0212.bmp,1,7,3,4,13,12,31,12,12,13,-1
01_13_07_03_0215.bmp,0,7,3,4,13,12,31,20,12,23,-1
01_13_07_03_0217.bmp,0,7,3,4,13,12,31,25,12,32,-1
01_13_07_03_0220.bmp,1,7,3,4,13,12,31,12,12,13,-1
01_13_07_03_0222.bmp,0,7,3,4,13,32,32,25,12,32,-1
01_13_07_03_0223.bmp,1,7,3,4,13,12,31,12,12,13,-1
01_13_07_03_0224.bmp,0,7,3,4,13,32,31,40,32,13,-1
01_13_07_03_0224.bmp,1,7,3,4,13,12,31,12,12,13,-1
01_13_07_03_0228.bmp,1,7,3,4,13,12,31,12,12,13,-1
01_13_07_03_0229.bmp,1,7,3,4,13,12,31,12,12,13,-1
01_13_07_03_0230.bmp,0,7,3,4,13,32,32,13,32,15,-1
01_13_07_03_0231.bmp,1,7,3,4,13,12,31,12,12,13,-1
01_13_07_03_0232.bmp,0,7,3,4,13,32,13,13,32,15,-1
01_13_07_03_0232.bmp,1,7,3,4,13,12,31,12,12,13,-1
01_13_07_03_0234.bmp,1,7,3,4,13,12,31,12,12,13,-1
01_13_07_03_0235.bmp,1,7,3,4,13,12,31,12,12,13,-1
01_13_07_03_0236.bmp,0,7,3,4,13,32,13,32,32,15,-1
01_13_07_03_0237.bmp,0,7,3,4,13,32,13,13,32,15,-1
01_13_07_03_0239.bmp,1,7,3,4,13,12,31,12,12,13,-1
01_13_07_03_0240.bmp,0,7,3,4,13,32,13,13,32,15,-1
01_13_07_03_0241.bmp,1,7,3,4,13,12,31,12,12,13,-1
01_13_07_03_0245.bmp,1,7,3,4,13,12,31,12,12,13,-1
01_13_07_03_0246.bmp,1,7,3,4,13,12,31,12,12,13,-1
01_13_07_03_0247.bmp,0,7,3,4,13,13,13,13,13,15,-1
01_13_07_03_0247.bmp,1,7,3,4,13,12,31,12,12,13,-1
01_13_07_03_0248.bmp,0,7,3,4,13,13,13,13,13,15,-1
01_13_07_03_0249.bmp,0,7,3,4,13,13,13,13,13,15,-1
01_13_07_03_0250.bmp,0,7,3,4,13,13,13,13,13,15,-1
01_13_07_03_0250.bmp,1,7,3,4,13,12,31,12,12,13,-1
01_13_07_03_0252.bmp,1,7,3,4,13,12,31,13,12,13,-1
01_13_07_03_0253.bmp,0,7,3,4,13,13,13,13,15,13,-1
01_13_07_03_0256.bmp,0,7,3,4,13,13,13,13,13,15,-1
01_13_07_03_0256.bmp,1,7,3,4,13,12,31,12,12,13,-1
01_13_07_03_0257.bmp,0,7,3,4,13,13,13,13,13,13,-1
01_13_07_03_0257.bmp,1,7,3,4,13,12,31,12,12,13,-1
01_13_07_03_0260.bmp,0,7,3,4,13,13,13,13,13,13,-1
01_13_07_03_0261.bmp,0,7,3,4,13,13,13,13,13,13,-1
01_13_07_03_0262.bmp,1,7,3,4,13,12,31,12,12,13,-1
01_13_07_03_0263.bmp,0,7,3,4,13,13,13,13,13,13,-1
01_13_07_03_0271.bmp,0,7,3,4,13,12,31,12,12,13,-1
01_13_07_03_0272.bmp,0,7,3,4,13,12,31,12,12,13,-1
01_13_07_03_0273.bmp,0,7,3,4,13,12,31,12,12,13,-1
01_13_07_03_0274.bmp,0,7,3,4,13,12,31,12,12,13,-1
01_13_07_03_0277.bmp,0,7,3,4,13,12,31,12,12,13,-1
01_13_07_03_0280.bmp,0,7,3,4,13,12,31,12,12,13,-1
01_13_07_03_0281.bmp,0,7,3,4,13,12,31,12,12,13,-1
01_13_07_03_0282.bmp,0,7,3,4,13,12,31,12,12,13,-1
01_13_07_03_0285.bmp,0,7,3,4,13,12,31,12,12,13,-1
01_13_07_03_0287.bmp,0,7,3,4,13,12,31,12,12,13,-1
01_13_07_03_0288.bmp,0,7,3,4,13,12,31,13,12,13,-1
01_13_07_03_0289.bmp,0,7,3,4,13,12,31,12,12,13,-1
01_13_07_03_0293.bmp,0,7,3,4,13,12,31,12,12,13,-1
01_13_07_03_0296.bmp,0,7,3,4,13,12,31,12,12,13,-1
01_13_07_03_0299.bmp,0,7,3,4,13,12,31,12,12,13,-1
01_13_07_03_0300.bmp,0,7,3,4,13,12,31,12,12,13,-1
01_13_07_03_0301.bmp,0,7,3,4,13,12,31,12,12,13,-1
01_13_07_03_0303.bmp,0,7,3,4,13,12,31,12,12,13,-1
01_13_07_03_0307.bmp,0,7,3,4,13,12,31,12,12,13,-1
01_13_07_03_0311.bmp,0,7,3,4,13,12,31,12,12,13,-1
01_13_07_03_0316.bmp,0,7,3,4,13,12,31,13,12,13,-1
01_13_07_03_0325.bmp,0,7,3,4,13,12,12,13,12,13,-1
01_13_07_03_0331.bmp,0,7,3,4,13,12,31,13,12,13,-1
01_13_07_03_0333.bmp,0,7,3,4,13,12,12,13,13,13,-1
01_13_07_03_0334.bmp,0,7,3,4,13,13,13,13,13,13,-1
01_13_07_03_0336.bmp,0,7,3,4,13,13,13,13,13,13,-1
01_13_07_03_0337.bmp,0,7,3,4,13,13,13,13,13,13,-1
01_13_07_03_0338.bmp,0,7,3,4,13,13,13,13,13,13,-1
01_13_07_03_0341.bmp,0,7,3,4,13,13,13,13,13,13,-1
01_13_07_03_0343.bmp,0,7,3,4,13,13,13,13,13,13,-1
01_13_07_03_0344.bmp,0,7,3,4,13,13,13,13,13,13,-1
01_13_07_03_0348.bmp,0,7,3,4,13,13,13,13,13,13,-1
01_13_07_03_0350.bmp,0,7,3,4,13,13,13,13,13,13,-1
01_13_07_03_0352.bmp,0,7,3,4,13,13,13,13,13,7,-1
01_13_07_03_0353.bmp,0,7,3,4,13,13,13,13,13,7,-1
01_13_07_03_0354.bmp,0,7,3,4,13,13,13,13,13,7,-1
01_13_07_03_0357.bmp,0,7,3,4,13,15,13,13,15,15,-1
01_13_07_03_0358.bmp,0,7,3,4,13,13,13,13,15,15,-1
01_13_07_03_0359.bmp,0,7,3,4,13,13,13,13,15,15,-1
01_13_07_03_0365.bmp,0,7,3,4,13,15,13,13,15,15,-1
01_13_07_03_0371.bmp,0,7,3,4,13,15,13,13,15,15,-1
01_13_07_03_0373.bmp,0,7,3,4,13,15,13,13,15,15,-1
01_13_07_03_0382.bmp,0,7,3,4,13,15,13,13,15,13,-1
01_13_07_03_0384.bmp,0,7,3,4,13,15,15,15,15,15,-1
01_13_07_03_0385.bmp,0,7,3,4,13,15,15,15,8,15,-1
01_13_07_03_0386.bmp,0,7,3,4,13,19,31,1,7,13,-1
01_13_07_03_0387.bmp,0,7,3,4,13,19,31,42,7,13,-1
01_13_07_03_0389.bmp,0,7,3,4,13,12,31,42,7,13,-1
01_13_07_03_0391.bmp,0,7,3,4,13,12,31,1,40,12,-1
01_13_07_03_0398.bmp,0,7,3,4,13,12,31,42,40,13,-1
01_13_07_03_0402.bmp,0,7,3,4,13,12,31,1,12,13,-1
01_13_07_03_0404.bmp,0,7,3,4,13,12,31,1,40,12,-1
01_13_07_03_0408.bmp,0,7,3,4,13,12,31,42,12,13,-1
01_13_07_03_0413.bmp,0,7,3,4,13,19,31,42,40,12,-1
01_13_07_03_0414.bmp,0,7,3,4,13,12,31,42,12,13,-1
01_13_07_03_0415.bmp,0,7,3,4,13,19,31,12,19,15,-1
01_13_07_03_0419.bmp,0,7,3,4,13,12,31,25,40,12,-1
01_13_07_03_0421.bmp,0,7,3,4,13,12,31,1,12,1,-1
01_13_07_03_0422.bmp,0,7,3,4,13,12,31,12,12,12,-1
01_13_07_03_0423.bmp,0,7,3,4,13,12,31,16,12,13,-1
01_13_07_03_0424.bmp,0,7,3,4,13,32,31,12,40,13,-1
01_13_07_03_0429.bmp,0,7,3,4,13,32,31,12,12,13,-1
01_13_07_03_0430.bmp,0,7,3,4,13,32,31,12,32,13,-1
01_13_07_03_0434.bmp,0,7,3,4,13,32,31,12,32,13,-1
01_13_07_03_0435.bmp,0,7,3,4,13,32,31,12,12,18,-1
01_13_07_03_0438.bmp,0,7,3,4,13,32,31,6,12,13,-1
01_13_07_03_0441.bmp,0,7,3,4,13,32,31,12,32,13,-1
01_13_07_03_0442.bmp,0,7,3,4,13,32,31,25,13,13,-1
01_13_07_03_0443.bmp,0,7,3,4,13,32,31,12,32,13,-1
01_13_07_03_0444.bmp,0,7,3,4,13,32,31,12,32,13,-1
01_13_07_03_0448.bmp,0,7,3,4,13,32,31,12,32,13,-1
01_13_07_03_0449.bmp,0,7,3,4,13,32,31,12,32,13,-1
01_13_07_03_0456.bmp,0,7,3,4,13,12,31,2,13,13,-1
01_13_07_03_0458.bmp,0,7,3,4,13,12,31,24,13,13,-1
01_13_07_03_0461.bmp,0,7,3,4,13,12,31,6,12,13,-1
01_13_07_03_0463.bmp,0,7,3,4,13,12,31,25,13,13,-1
01_13_07_03_0468.bmp,0,7,3,4,13,13,13,13,13,13,-1
01_13_07_03_0471.bmp,0,7,3,4,13,13,13,25,13,15,-1
01_13_07_03_0475.bmp,0,7,3,4,13,13,13,13,15,15,-1
01_13_07_03_0477.bmp,0,7,3,4,13,13,13,13,15,13,-1
01_13_07_03_0479.bmp,0,7,3,4,13,13,13,13,15,13,-1
01_13_07_03_0481.bmp,0,7,3,4,13,13,13,13,15,13,-1
01_13_07_03_0484.bmp,0,7,3,4,13,13,13,13,15,13,-1
01_13_07_03_0486.bmp,0,7,3,4,13,13,13,13,15,13,-1
01_13_07_03_0489.bmp,0,7,3,4,13,13,13,13,13,13,-1
01_13_07_03_0491.bmp,0,7,3,4,13,13,13,13,13,13,-1
01_13_07_03_0492.bmp,0,7,3,4,13,13,13,13,13,13,-1
01_13_07_03_0494.bmp,0,7,3,4,13,13,13,13,13,13,-1
01_13_07_03_0501.bmp,0,7,3,4,13,13,13,13,13,13,-1
01_13_07_03_0504.bmp,0,7,3,4,13,13,13,13,13,13,-1
01_13_07_03_0507.bmp,0,7,3,4,13,13,13,13,13,13,-1
01_13_07_03_0511.bmp,0,7,3,4,13,13,13,13,13,7,-1
01_13_07_03_0513.bmp,0,7,3,4,13,13,13,13,13,13,-1
01_13_07_03_0515.bmp,0,7,3,4,13,15,15,14,8,8,-1
01_13_07_03_0516.bmp,0,7,3,4,13,19,31,25,19,13,-1
01_13_07_03_0517.bmp,0,7,3,4,13,12,31,6,12,13,-1
01_13_07_03_0519.bmp,0,7,3,4,13,12,31,22,12,12,-1
01_13_07_03_0521.bmp,0,7,3,4,13,12,31,1,12,13,-1
01_13_07_03_0525.bmp,0,7,3,4,13,12,31,25,12,13,-1
01_13_07_03_0526.bmp,0,7,3,4,13,32,31,1,32,12,-1
01_13_07_03_0527.bmp,0,7,3,4,13,12,31,40,12,13,-1
01_13_07_03_0530.bmp,0,7,3,4,13,32,31,12,32,12,-1
01_13_07_03_0535.bmp,0,7,3,4,13,12,31,12,12,40,-1
01_13_07_03_0540.bmp,0,7,3,4,13,32,31,42,32,13,-1
01_13_07_03_0542.bmp,0,7,3,4,13,32,31,2,12,13,-1
01_13_07_03_0544.bmp,0,7,3,4,13,32,31,0,32,12,-1
01_13_07_03_0545.bmp,0,7,3,4,13,12,31,40,12,12,-1
01_13_07_03_0549.bmp,0,7,3,4,13,12,12,25,12,12,-1
01_13_07_03_0550.bmp,0,7,3,4,13,32,31,12,32,15,-1
01_13_07_03_0557.bmp,0,7,3,4,13,12,31,40,12,13,-1
01_13_07_03_0558.bmp,0,7,3,4,13,32,31,1,32,18,-1
01_13_07_03_0559.bmp,0,7,3,4,13,12,31,40,12,13,-1
01_13_07_03_0565.bmp,0,7,3,4,13,12,31,40,12,13,-1
01_13_07_03_0575.bmp,0,7,3,4,13,12,31,40,12,13,-1
01_13_07_03_0578.bmp,0,7,3,4,13,32,31,12,32,13,-1
01_13_07_03_0581.bmp,0,7,3,4,13,12,31,25,40,13,-1
01_13_07_03_0582.bmp,0,7,3,4,13,13,31,6,12,12,-1
01_13_07_03_0583.bmp,0,7,3,4,13,12,31,25,40,15,-1
01_13_07_03_0584.bmp,0,7,3,4,13,32,31,0,13,13,-1
01_13_07_03_0587.bmp,0,7,3,4,13,32,31,20,32,8,-1
01_13_07_03_0591.bmp,0,7,3,4,13,12,32,13,13,15,-1
01_13_07_03_0592.bmp,0,7,3,4,13,13,31,25,13,12,-1
01_13_07_03_0594.bmp,0,7,3,4,13,13,31,25,13,12,-1
01_13_07_03_0596.bmp,0,7,3,4,13,32,31,25,32,13,-1
01_13_07_03_0599.bmp,0,7,3,4,13,32,31,13,32,13,-1
01_13_07_03_0600.bmp,0,7,3,4,13,13,12,13,13,13,-1
01_13_07_03_0604.bmp,0,7,3,4,13,13,13,13,13,13,-1
01_13_07_03_0605.bmp,0,7,3,4,13,13,13,13,13,13,-1
01_13_07_03_0607.bmp,0,7,3,4,13,13,13,13,13,13,-1
01_13_07_03_0608.bmp,0,7,3,4,13,13,13,13,13,13,-1
01_13_07_03_0609.bmp,0,7,3,4,13,13,13,13,13,13,-1
01_13_07_03_0611.bmp,0,7,3,4,13,13,13,13,13,13,-1
01_13_07_03_0613.bmp,0,7,3,4,13,13,13,13,13,13,-1
01_13_07_03_0615.bmp,0,7,3,4,13,13,13,13,13,13,-1
01_13_07_03_0616.bmp,0,7,3,4,13,13,13,13,13,13,-1
01_13_07_03_0626.bmp,0,7,3,4,13,13,13,13,15,13,-1
01_03_07_04_0004.bmp,0,7,4,4,9,32,31,0,12,1,-1
01_03_07_04_0005.bmp,0,7,4,4,9,32,31,19,12,38,-1
01_03_07_04_0011.bmp,0,7,4,4,9,32,31,25,32,4,-1
01_03_07_04_0015.bmp,0,7,4,4,9,32,31,0,32,12,-1
01_03_07_04_0016.bmp,0,7,4,4,9,32,31,0,12,13,-1
01_03_07_04_0017.bmp,0,7,4,4,9,32,31,0,12,12,-1
01_03_07_04_0024.bmp,0,7,4,4,9,32,31,25,12,12,-1
01_03_07_04_0025.bmp,0,7,4,4,9,32,31,0,19,13,-1
01_03_07_04_0028.bmp,0,7,4,4,9,32,31,40,12,12,-1
01_03_07_04_0029.bmp,0,7,4,4,9,32,31,20,12,12,-1
01_03_07_04_0030.bmp,0,7,4,4,9,32,31,25,12,12,-1
01_03_07_04_0032.bmp,0,7,4,4,9,32,31,20,12,13,-1
01_03_07_04_0033.bmp,0,7,4,4,9,32,31,25,19,13,-1
01_03_07_04_0034.bmp,0,7,4,4,9,32,31,40,19,12,-1
01_03_07_04_0041.bmp,0,7,4,4,9,32,31,25,32,13,-1
01_03_07_04_0047.bmp,0,7,4,4,9,32,31,25,32,13,-1
01_03_07_04_0048.bmp,0,7,4,4,9,32,31,25,32,13,-1
01_03_07_04_0050.bmp,0,7,4,4,9,32,32,25,32,19,-1
01_03_07_04_0051.bmp,0,7,4,4,9,32,31,25,19,19,-1
01_03_07_04_0052.bmp,0,7,4,4,9,32,31,25,19,19,-1
01_03_07_04_0055.bmp,0,7,4,4,9,32,31,25,19,13,-1
01_03_07_04_0057.bmp,0,7,4,4,9,31,36,12,19,19,-1
01_03_07_04_0058.bmp,0,7,4,4,9,19,36,19,19,13,-1
01_03_07_04_0059.bmp,0,7,4,4,9,19,36,12,19,13,-1
01_03_07_04_0064.bmp,0,7,4,4,9,19,31,0,19,13,-1
01_03_07_04_0071.bmp,0,7,4,4,9,15,15,13,15,15,-1
01_03_07_04_0072.bmp,0,7,4,4,9,15,13,13,15,15,-1
01_03_07_04_0074.bmp,0,7,4,4,9,15,13,13,15,15,-1
01_03_07_04_0075.bmp,0,7,4,4,9,15,13,13,15,15,-1
01_03_07_04_0076.bmp,0,7,4,4,9,15,13,13,15,15,-1
01_03_07_04_0077.bmp,0,7,4,4,9,15,13,13,15,15,-1
01_03_07_04_0078.bmp,0,7,4,4,9,15,15,15,15,15,-1
01_03_07_04_0083.bmp,0,7,4,4,9,15,15,15,15,15,-1
01_03_07_04_0084.bmp,0,7,4,4,9,15,15,15,15,15,-1
01_06_07_04_0001.bmp,1,7,4,4,14,32,32,25,32,29,-1
01_06_07_04_0003.bmp,1,7,4,4,14,36,32,19,36,29,-1
01_06_07_04_0005.bmp,0,7,4,4,14,12,32,25,29,14,-1
01_06_07_04_0005.bmp,1,7,4,4,14,36,36,0,12,14,-1
01_06_07_04_0006.bmp,0,7,4,4,14,12,32,25,5,14,-1
01_06_07_04_0006.bmp,1,7,4,4,14,36,32,20,12,14,-1
01_06_07_04_0007.bmp,0,7,4,4,14,12,36,25,14,14,-1
01_06_07_04_0008.bmp,1,7,4,4,14,36,36,0,0,14,-1
01_06_07_04_0010.bmp,0,7,4,4,14,36,36,25,14,14,-1
01_06_07_04_0011.bmp,0,7,4,4,14,36,36,25,14,14,-1
01_06_07_04_0013.bmp,0,7,4,4,14,36,36,14,14,14,-1
01_06_07_04_0014.bmp,0,7,4,4,14,36,36,25,14,14,-1
01_06_07_04_0016.bmp,1,7,4,4,14,31,36,0,0,5,-1
01_06_07_04_0018.bmp,1,7,4,4,14,12,11,0,0,14,-1
01_06_07_04_0020.bmp,0,7,4,4,14,15,36,14,14,14,-1
01_06_07_04_0020.bmp,1,7,4,4,14,12,36,0,0,8,-1
01_06_07_04_0021.bmp,0,7,4,4,14,14,36,14,14,14,-1
01_06_07_04_0021.bmp,1,7,4,4,14,12,11,0,0,14,-1
01_06_07_04_0022.bmp,1,7,4,4,14,12,36,0,0,24,-1
01_06_07_04_0023.bmp,0,7,4,4,14,15,36,14,14,14,-1
01_06_07_04_0023.bmp,1,7,4,4,14,12,31,20,0,13,-1
01_06_07_04_0025.bmp,0,7,4,4,14,14,13,14,14,14,-1
01_06_07_04_0026.bmp,0,7,4,4,14,14,13,14,14,14,-1
01_06_07_04_0027.bmp,0,7,4,4,14,14,13,14,14,14,-1
01_06_07_04_0028.bmp,0,7,4,4,14,14,25,14,14,14,-1
01_06_07_04_0028.bmp,1,7,4,4,14,12,32,20,12,14,-1
01_06_07_04_0031.bmp,1,7,4,4,14,31,31,6,12,12,-1
01_06_07_04_0032.bmp,0,7,4,4,14,14,13,14,14,14,-1
01_06_07_04_0032.bmp,1,7,4,4,14,31,31,6,12,13,-1
01_06_07_04_0033.bmp,0,7,4,4,14,14,13,14,14,14,-1
01_06_07_04_0033.bmp,1,7,4,4,14,31,31,6,12,13,-1
01_06_07_04_0035.bmp,0,7,4,4,14,14,13,14,14,14,-1
01_06_07_04_0036.bmp,1,7,4,4,14,31,31,6,12,13,-1
01_06_07_04_0038.bmp,1,7,4,4,14,12,31,6,12,12,-1
01_06_07_04_0040.bmp,0,7,4,4,14,14,13,14,14,14,-1
01_06_07_04_0044.bmp,0,7,4,4,14,17,17,9,17,17,-1
01_06_07_04_0044.bmp,1,7,4,4,14,12,31,6,12,13,-1
01_06_07_04_0047.bmp,0,7,4,4,14,12,31,0,13,13,-1
01_06_07_04_0048.bmp,0,7,4,4,14,12,31,0,12,13,-1
01_06_07_04_0049.bmp,0,7,4,4,14,13,32,0,13,13,-1
01_06_07_04_0050.bmp,0,7,4,4,14,12,12,20,13,4,-1
01_06_07_04_0053.bmp,0,7,4,4,14,32,32,25,13,13,-1
01_06_07_04_0054.bmp,0,7,4,4,14,13,32,20,13,14,-1
01_06_07_04_0055.bmp,0,7,4,4,14,12,12,20,12,14,-1
01_06_07_04_0056.bmp,0,7,4,4,14,13,12,25,13,18,-1
01_06_07_04_0064.bmp,0,7,4,4,14,13,12,25,8,8,-1
01_06_07_04_0065.bmp,0,7,4,4,14,13,32,25,14,14,-1
01_06_07_04_0066.bmp,0,7,4,4,14,13,32,25,14,14,-1
01_06_07_04_0067.bmp,0,7,4,4,14,13,12,25,14,14,-1
01_06_07_04_0068.bmp,0,7,4,4,14,12,12,25,14,14,-1
01_06_07_04_0076.bmp,0,7,4,4,14,15,13,14,14,14,-1
01_06_07_04_0079.bmp,0,7,4,4,14,15,12,25,14,14,-1
01_06_07_04_0080.bmp,0,7,4,4,14,15,12,0,14,14,-1
01_06_07_04_0084.bmp,0,7,4,4,14,15,13,14,14,14,-1
01_06_07_04_0085.bmp,0,7,4,4,14,15,12,41,14,14,-1
01_06_07_04_0088.bmp,0,7,4,4,14,14,14,14,14,14,-1
01_11_07_04_0001.bmp,0,7,4,4,12,31,36,0,12,26,-1
01_11_07_04_0006.bmp,0,7,4,4,12,31,36,0,12,12,-1
01_11_07_04_0010.bmp,0,7,4,4,12,31,31,0,12,12,-1
01_11_07_04_0014.bmp,0,7,4,4,12,31,36,0,12,13,-1
01_11_07_04_0016.bmp,0,7,4,4,12,31,36,0,12,12,-1
01_11_07_04_0023.bmp,0,7,4,4,12,31,32,0,12,12,-1
01_11_07_04_0026.bmp,0,7,4,4,12,31,32,0,12,12,-1
01_11_07_04_0030.bmp,0,7,4,4,12,36,36,0,12,12,-1
01_11_07_04_0032.bmp,0,7,4,4,12,31,36,25,12,12,-1
01_11_07_04_0034.bmp,0,7,4,4,12,31,31,0,12,12,-1
01_11_07_04_0036.bmp,0,7,4,4,12,12,31,25,12,12,-1
01_11_07_04_0041.bmp,0,7,4,4,12,12,31,25,12,12,-1
01_11_07_04_0045.bmp,0,7,4,4,12,31,31,2,15,8,-1
01_11_07_04_0059.bmp,0,7,4,4,12,15,31,25,15,8,-1
01_11_07_04_0067.bmp,0,7,4,4,12,15,31,1,15,8,-1
01_11_07_04_0068.bmp,0,7,4,4,12,15,31,1,15,15,-1
01_11_07_04_0069.bmp,0,7,4,4,12,15,15,1,15,15,-1
01_11_07_04_0074.bmp,0,7,4,4,12,15,15,15,15,15,-1
01_12_07_04_0001.bmp,0,7,4,4,17,3,12,20,29,24,-1
01_12_07_04_0004.bmp,1,7,4,4,17,31,31,25,27,13,-1
01_12_07_04_0005.bmp,0,7,4,4,17,36,32,0,36,36,-1
01_12_07_04_0006.bmp,1,7,4,4,17,31,31,11,12,38,-1
01_12_07_04_0007.bmp,0,7,4,4,17,36,36,25,1,13,-1
01_12_07_04_0007.bmp,1,7,4,4,17,31,31,12,12,25,-1
01_12_07_04_0010.bmp,1,7,4,4,17,31,31,25,3,36,-1
01_12_07_04_0012.bmp,1,7,4,4,17,31,31,12,3,13,-1
01_12_07_04_0013.bmp,0,7,4,4,17,36,36,25,1,13,-1
01_12_07_04_0017.bmp,1,7,4,4,17,31,31,11,3,25,-1
01_12_07_04_0018.bmp,0,7,4,4,17,36,36,25,1,13,-1
01_12_07_04_0020.bmp,1,7,4,4,17,31,31,11,12,13,-1
01_12_07_04_0021.bmp,0,7,4,4,17,36,36,25,29,15,-1
01_12_07_04_0022.bmp,0,7,4,4,17,36,36,2,15,15,-1
01_12_07_04_0024.bmp,1,7,4,4,17,31,31,12,12,13,-1
01_12_07_04_0025.bmp,0,7,4,4,17,15,36,2,15,15,-1
01_12_07_04_0028.bmp,0,7,4,4,17,32,12,2,2,2,-1
01_12_07_04_0029.bmp,0,7,4,4,17,2,12,2,2,2,-1
01_12_07_04_0029.bmp,1,7,4,4,17,31,31,12,12,0,-1
01_12_07_04_0033.bmp,0,7,4,4,17,15,15,26,14,14,-1
01_12_07_04_0033.bmp,1,7,4,4,17,31,31,11,12,14,-1
01_12_07_04_0034.bmp,0,7,4,4,17,15,15,14,17,14,-1
01_12_07_04_0034.bmp,1,7,4,4,17,31,31,12,31,13,-1
01_12_07_04_0038.bmp,0,7,4,4,17,17,26,26,17,14,-1
01_12_07_04_0040.bmp,0,7,4,4,17,17,15,14,17,14,-1
01_12_07_04_0042.bmp,0,7,4,4,17,17,17,17,17,14,-1
01_12_07_04_0045.bmp,0,7,4,4,17,31,32,12,12,14,-1
01_12_07_04_0049.bmp,0,7,4,4,17,31,32,25,12,12,-1
01_12_07_04_0050.bmp,0,7,4,4,17,31,32,25,12,12,-1
01_12_07_04_0052.bmp,0,7,4,4,17,31,17,0,12,13,-1
01_12_07_04_0056.bmp,0,7,4,4,17,12,11,0,12,13,-1
01_12_07_04_0057.bmp,0,7,4,4,17,12,11,0,12,12,-1
01_12_07_04_0061.bmp,0,7,4,4,17,12,11,0,12,12,-1
01_12_07_04_0063.bmp,0,7,4,4,17,12,11,0,12,0,-1
01_12_07_04_0071.bmp,0,7,4,4,17,12,11,0,12,0,-1
01_12_07_04_0073.bmp,0,7,4,4,17,12,31,0,12,0,-1
01_12_07_04_0076.bmp,0,7,4,4,17,12,11,0,12,12,-1
01_12_07_04_0081.bmp,0,7,4,4,17,12,11,0,12,0,-1
01_12_07_04_0082.bmp,0,7,4,4,17,12,11,0,12,1,-1
01_12_07_04_0083.bmp,0,7,4,4,17,12,11,0,12,14,-1
01_12_07_04_0092.bmp,0,7,4,4,17,12,32,0,0,14,-1
01_12_07_04_0094.bmp,0,7,4,4,17,12,32,0,0,14,-1
01_12_07_04_0096.bmp,0,7,4,4,17,12,11,0,0,14,-1
01_12_07_04_0101.bmp,0,7,4,4,17,0,36,0,0,14,-1
01_12_07_04_0102.bmp,0,7,4,4,17,0,36,0,0,14,-1
01_12_07_04_0104.bmp,0,7,4,4,17,0,36,25,0,14,-1
01_12_07_04_0105.bmp,0,7,4,4,17,0,36,0,0,14,-1
01_12_07_04_0111.bmp,0,7,4,4,17,0,36,0,0,13,-1
01_13_07_04_0003.bmp,0,7,4,4,13,12,31,12,12,40,-1
01_13_07_04_0003.bmp,1,7,4,4,13,11,11,25,13,0,-1
01_13_07_04_0004.bmp,1,7,4,4,13,11,11,2,13,0,-1
01_13_07_04_0011.bmp,1,7,4,4,13,13,11,0,13,0,-1
01_13_07_04_0013.bmp,0,7,4,4,13,12,31,25,12,12,-1
01_13_07_04_0014.bmp,1,7,4,4,13,13,11,0,13,0,-1
01_13_07_04_0016.bmp,0,7,4,4,13,12,31,42,12,13,-1
01_13_07_04_0017.bmp,0,7,4,4,13,12,31,12,12,12,-1
01_13_07_04_0021.bmp,0,7,4,4,13,12,31,40,12,12,-1
01_13_07_04_0022.bmp,0,7,4,4,13,12,31,42,12,12,-1
01_13_07_04_0024.bmp,0,7,4,4,13,12,31,11,12,32,-1
01_13_07_04_0026.bmp,0,7,4,4,13,12,31,40,12,13,-1
01_13_07_04_0026.bmp,1,7,4,4,13,13,11,25,13,13,-1
01_13_07_04_0027.bmp,0,7,4,4,13,12,31,40,12,13,-1
01_13_07_04_0028.bmp,0,7,4,4,13,12,12,40,12,35,-1
01_13_07_04_0028.bmp,1,7,4,4,13,13,11,25,13,13,-1
01_13_07_04_0032.bmp,1,7,4,4,13,13,11,25,13,13,-1
01_13_07_04_0033.bmp,1,7,4,4,13,13,11,2,13,0,-1
01_13_07_04_0034.bmp,0,7,4,4,13,12,12,42,12,12,-1
01_13_07_04_0035.bmp,0,7,4,4,13,12,31,40,12,36,-1
01_13_07_04_0035.bmp,1,7,4,4,13,13,11,25,13,0,-1
01_13_07_04_0036.bmp,1,7,4,4,13,13,11,25,13,13,-1
01_13_07_04_0037.bmp,0,7,4,4,13,12,12,25,12,13,-1
01_13_07_04_0040.bmp,0,7,4,4,13,12,12,25,12,40,-1
01_13_07_04_0040.bmp,1,7,4,4,13,13,11,13,13,13,-1
01_13_07_04_0041.bmp,0,7,4,4,13,12,12,40,12,5,-1
01_13_07_04_0042.bmp,0,7,4,4,13,12,12,40,12,12,-1
01_13_07_04_0042.bmp,1,7,4,4,13,13,11,13,13,13,-1
01_13_07_04_0044.bmp,1,7,4,4,13,13,11,13,13,13,-1
01_13_07_04_0046.bmp,0,7,4,4,13,12,12,40,12,13,-1
01_13_07_04_0051.bmp,0,7,4,4,13,12,12,40,12,13,-1
01_13_07_04_0052.bmp,0,7,4,4,13,12,12,40,12,13,-1
01_13_07_04_0054.bmp,0,7,4,4,13,12,12,40,12,13,-1
01_13_07_04_0055.bmp,0,7,4,4,13,12,12,40,12,13,-1
01_13_07_04_0056.bmp,0,7,4,4,13,12,12,40,12,32,-1
01_13_07_04_0057.bmp,1,7,4,4,13,13,13,13,13,13,-1
01_13_07_04_0058.bmp,0,7,4,4,13,12,12,25,12,32,-1
01_13_07_04_0059.bmp,0,7,4,4,13,12,12,40,12,32,-1
01_13_07_04_0060.bmp,0,7,4,4,13,12,12,40,12,13,-1
01_13_07_04_0060.bmp,1,7,4,4,13,13,13,13,13,13,-1
01_13_07_04_0061.bmp,1,7,4,4,13,13,13,13,13,13,-1
01_13_07_04_0063.bmp,1,7,4,4,13,19,31,12,23,12,-1
01_13_07_04_0066.bmp,1,7,4,4,13,27,31,0,23,13,-1
01_13_07_04_0067.bmp,1,7,4,4,13,27,31,12,23,31,-1
01_13_07_04_0068.bmp,1,7,4,4,13,31,12,12,23,31,-1
01_13_07_04_0069.bmp,1,7,4,4,13,31,31,25,23,31,-1
01_13_07_04_0072.bmp,0,7,4,4,13,12,12,25,12,32,-1
01_13_07_04_0072.bmp,1,7,4,4,13,19,31,25,23,13,-1
01_13_07_04_0073.bmp,0,7,4,4,13,12,12,25,12,32,-1
01_13_07_04_0073.bmp,1,7,4,4,13,31,31,12,23,13,-1
01_13_07_04_0074.bmp,0,7,4,4,13,12,12,25,12,13,-1
01_13_07_04_0076.bmp,0,7,4,4,13,12,12,25,12,13,-1
01_13_07_04_0078.bmp,0,7,4,4,13,13,12,25,12,13,-1
01_13_07_04_0079.bmp,0,7,4,4,13,13,12,13,13,13,-1
01_13_07_04_0079.bmp,1,7,4,4,13,31,12,12,19,12,-1
01_13_07_04_0082.bmp,1,7,4,4,13,12,31,0,23,31,-1
01_13_07_04_0083.bmp,0,7,4,4,13,13,12,13,12,13,-1
01_13_07_04_0084.bmp,0,7,4,4,13,13,12,13,13,13,-1
01_13_07_04_0085.bmp,0,7,4,4,13,13,12,13,13,13,-1
01_13_07_04_0087.bmp,0,7,4,4,13,13,25,13,13,13,-1
01_13_07_04_0088.bmp,1,7,4,4,13,12,31,0,12,13,-1
01_13_07_04_0089.bmp,1,7,4,4,13,12,31,0,12,12,-1
01_13_07_04_0090.bmp,0,7,4,4,13,13,13,13,13,13,-1
01_13_07_04_0090.bmp,1,7,4,4,13,12,31,0,12,31,-1
01_13_07_04_0093.bmp,0,7,4,4,13,13,13,13,13,13,-1
01_13_07_04_0093.bmp,1,7,4,4,13,12,31,0,19,12,-1
01_13_07_04_0094.bmp,1,7,4,4,13,12,31,0,12,12,-1
01_13_07_04_0095.bmp,0,7,4,4,13,13,13,13,13,13,-1
01_13_07_04_0098.bmp,1,7,4,4,13,12,31,0,12,12,-1
01_13_07_04_0099.bmp,1,7,4,4,13,12,31,0,12,31,-1
01_13_07_04_0100.bmp,0,7,4,4,13,13,13,13,13,13,-1
01_13_07_04_0101.bmp,0,7,4,4,13,13,13,13,13,13,-1
01_13_07_04_0101.bmp,1,7,4,4,13,12,31,12,12,31,-1
01_13_07_04_0105.bmp,1,7,4,4,13,12,31,0,12,13,-1
01_13_07_04_0107.bmp,0,7,4,4,13,13,13,13,13,13,-1
01_13_07_04_0108.bmp,0,7,4,4,13,13,13,13,13,13,-1
01_13_07_04_0109.bmp,1,7,4,4,13,32,31,20,32,2,-1
01_13_07_04_0110.bmp,0,7,4,4,13,13,13,13,13,13,-1
01_13_07_04_0110.bmp,1,7,4,4,13,12,31,20,12,13,-1
01_13_07_04_0111.bmp,0,7,4,4,13,13,13,13,13,13,-1
01_13_07_04_0112.bmp,0,7,4,4,13,13,13,13,13,13,-1
01_13_07_04_0113.bmp,1,7,4,4,13,12,31,20,12,12,-1
01_13_07_04_0114.bmp,1,7,4,4,13,12,31,20,12,13,-1
01_13_07_04_0115.bmp,0,7,4,4,13,11,12,12,2,23,-1
01_13_07_04_0115.bmp,1,7,4,4,13,12,31,20,12,0,-1
01_13_07_04_0116.bmp,1,7,4,4,13,12,31,0,12,12,-1
01_13_07_04_0117.bmp,1,7,4,4,13,12,31,20,12,31,-1
01_13_07_04_0118.bmp,0,7,4,4,13,12,12,2,23,12,-1
01_13_07_04_0118.bmp,1,7,4,4,13,12,31,20,12,12,-1
01_13_07_04_0119.bmp,0,7,4,4,13,12,31,12,23,12,-1
01_13_07_04_0119.bmp,1,7,4,4,13,12,31,20,12,12,-1
01_13_07_04_0122.bmp,1,7,4,4,13,12,31,20,12,12,-1
01_13_07_04_0123.bmp,0,7,4,4,13,12,31,25,13,12,-1
01_13_07_04_0124.bmp,0,7,4,4,13,12,32,40,13,13,-1
01_13_07_04_0124.bmp,1,7,4,4,13,12,31,25,12,12,-1
01_13_07_04_0125.bmp,0,7,4,4,13,12,12,20,13,12,-1
01_13_07_04_0125.bmp,1,7,4,4,13,12,31,20,12,12,-1
01_13_07_04_0126.bmp,0,7,4,4,13,12,32,40,12,12,-1
01_13_07_04_0128.bmp,1,7,4,4,13,12,31,20,12,12,-1
01_13_07_04_0129.bmp,0,7,4,4,13,12,32,20,13,12,-1
01_13_07_04_0130.bmp,0,7,4,4,13,12,32,20,12,12,-1
01_13_07_04_0131.bmp,0,7,4,4,13,12,32,20,13,12,-1
01_13_07_04_0131.bmp,1,7,4,4,13,12,31,20,12,12,-1
01_13_07_04_0132.bmp,0,7,4,4,13,12,32,25,12,12,-1
01_13_07_04_0133.bmp,1,7,4,4,13,12,31,40,12,12,-1
01_13_07_04_0134.bmp,1,7,4,4,13,12,31,25,12,12,-1
01_13_07_04_0136.bmp,1,7,4,4,13,12,31,12,12,12,-1
01_13_07_04_0137.bmp,0,7,4,4,13,12,32,40,12,12,-1
01_13_07_04_0137.bmp,1,7,4,4,13,12,31,12,12,12,-1
01_13_07_04_0138.bmp,0,7,4,4,13,12,32,40,12,12,-1
01_13_07_04_0139.bmp,0,7,4,4,13,12,32,40,40,12,-1
01_13_07_04_0139.bmp,1,7,4,4,13,12,31,40,12,13,-1
01_13_07_04_0140.bmp,1,7,4,4,13,12,31,12,12,12,-1
01_13_07_04_0143.bmp,1,7,4,4,13,12,31,12,12,12,-1
01_13_07_04_0146.bmp,0,7,4,4,13,32,32,13,40,32,-1
01_13_07_04_0149.bmp,0,7,4,4,13,12,32,40,40,32,-1
01_13_07_04_0149.bmp,1,7,4,4,13,12,31,12,12,12,-1
01_13_07_04_0150.bmp,0,7,4,4,13,32,32,13,40,32,-1
01_13_07_04_0150.bmp,1,7,4,4,13,12,31,20,12,12,-1
01_13_07_04_0151.bmp,0,7,4,4,13,32,32,13,40,12,-1
01_13_07_04_0154.bmp,0,7,4,4,13,32,32,13,40,32,-1
01_13_07_04_0154.bmp,1,7,4,4,13,12,31,12,12,12,-1
01_13_07_04_0155.bmp,0,7,4,4,13,32,32,32,32,32,-1
01_13_07_04_0159.bmp,0,7,4,4,13,32,32,32,32,32,-1
01_13_07_04_0160.bmp,0,7,4,4,13,32,32,32,32,32,-1
01_13_07_04_0160.bmp,1,7,4,4,13,12,31,12,12,13,-1
01_13_07_04_0162.bmp,1,7,4,4,13,12,31,12,12,12,-1
01_13_07_04_0163.bmp,0,7,4,4,13,32,13,32,32,32,-1
01_13_07_04_0164.bmp,0,7,4,4,13,32,13,13,32,32,-1
01_13_07_04_0164.bmp,1,7,4,4,13,12,31,12,12,12,-1
01_13_07_04_0165.bmp,0,7,4,4,13,32,13,13,32,32,-1
01_13_07_04_0166.bmp,1,7,4,4,13,12,31,12,12,12,-1
01_13_07_04_0168.bmp,1,7,4,4,13,12,31,12,12,12,-1
01_13_07_04_0170.bmp,0,7,4,4,13,31,31,1,13,13,-1
01_13_07_04_0170.bmp,1,7,4,4,13,12,31,12,12,12,-1
01_13_07_04_0171.bmp,0,7,4,4,13,13,31,1,13,13,-1
01_13_07_04_0172.bmp,0,7,4,4,13,12,31,32,12,13,-1
01_13_07_04_0172.bmp,1,7,4,4,13,12,31,12,12,12,-1
01_13_07_04_0173.bmp,0,7,4,4,13,13,31,1,13,13,-1
01_13_07_04_0173.bmp,1,7,4,4,13,32,31,25,32,13,-1
01_13_07_04_0174.bmp,0,7,4,4,13,13,31,1,13,13,-1
01_13_07_04_0174.bmp,1,7,4,4,13,12,31,25,13,13,-1
01_13_07_04_0175.bmp,1,7,4,4,13,12,31,12,12,13,-1
01_13_07_04_0176.bmp,1,7,4,4,13,12,31,12,12,12,-1
01_13_07_04_0177.bmp,1,7,4,4,13,12,31,12,12,12,-1
01_13_07_04_0178.bmp,0,7,4,4,13,31,31,1,13,13,-1
01_13_07_04_0178.bmp,1,7,4,4,13,12,31,12,12,12,-1
01_13_07_04_0179.bmp,0,7,4,4,13,31,31,13,13,13,-1
01_13_07_04_0179.bmp,1,7,4,4,13,12,31,12,12,12,-1
01_13_07_04_0180.bmp,0,7,4,4,13,12,31,1,12,12,-1
01_13_07_04_0182.bmp,0,7,4,4,13,12,31,1,12,13,-1
01_13_07_04_0182.bmp,1,7,4,4,13,12,31,12,12,19,-1
01_13_07_04_0185.bmp,0,7,4,4,13,31,31,1,13,13,-1
01_13_07_04_0193.bmp,1,7,4,4,13,12,31,12,12,13,-1
01_13_07_04_0196.bmp,0,7,4,4,13,13,31,1,13,13,-1
01_13_07_04_0197.bmp,1,7,4,4,13,12,31,12,12,12,-1
01_13_07_04_0199.bmp,0,7,4,4,13,12,31,7,12,12,-1
01_13_07_04_0202.bmp,0,7,4,4,13,12,31,13,12,13,-1
01_13_07_04_0203.bmp,0,7,4,4,13,12,31,13,12,12,-1
01_13_07_04_0206.bmp,0,7,4,4,13,12,13,13,12,13,-1
01_13_07_04_0207.bmp,1,7,4,4,13,12,31,12,12,12,-1
01_13_07_04_0209.bmp,0,7,4,4,13,13,13,1,13,13,-1
01_13_07_04_0209.bmp,1,7,4,4,13,12,31,12,12,12,-1
01_13_07_04_0210.bmp,1,7,4,4,13,12,31,12,12,13,-1
01_13_07_04_0212.bmp,0,7,4,4,13,12,12,34,34,34,-1
01_13_07_04_0212.bmp,1,7,4,4,13,12,31,12,12,13,-1
01_13_07_04_0214.bmp,0,7,4,4,13,12,13,3,34,41,-1
01_13_07_04_0214.bmp,1,7,4,4,13,12,31,12,12,12,-1
01_13_07_04_0215.bmp,1,7,4,4,13,12,31,12,12,13,-1
01_13_07_04_0216.bmp,0,7,4,4,13,13,13,13,13,13,-1
01_13_07_04_0216.bmp,1,7,4,4,13,12,31,12,12,12,-1
01_13_07_04_0217.bmp,1,7,4,4,13,12,31,12,12,12,-1
01_13_07_04_0219.bmp,1,7,4,4,13,12,31,12,12,12,-1
01_13_07_04_0220.bmp,0,7,4,4,13,13,13,13,15,15,-1
01_13_07_04_0221.bmp,0,7,4,4,13,13,13,13,15,15,-1
01_13_07_04_0222.bmp,0,7,4,4,13,13,13,13,15,13,-1
01_13_07_04_0223.bmp,1,7,4,4,13,12,31,12,12,12,-1
01_13_07_04_0226.bmp,0,7,4,4,13,13,13,13,13,13,-1
01_13_07_04_0227.bmp,0,7,4,4,13,13,13,13,15,15,-1
01_13_07_04_0227.bmp,1,7,4,4,13,12,31,12,12,13,-1
01_13_07_04_0231.bmp,0,7,4,4,13,13,13,13,13,13,-1
01_13_07_04_0232.bmp,1,7,4,4,13,12,31,12,12,12,-1
01_13_07_04_0233.bmp,0,7,4,4,13,13,13,13,13,13,-1
01_13_07_04_0235.bmp,0,7,4,4,13,13,13,13,13,13,-1
01_13_07_04_0236.bmp,0,7,4,4,13,13,13,13,13,13,-1
01_13_07_04_0236.bmp,1,7,4,4,13,12,31,12,12,13,-1
01_13_07_04_0238.bmp,1,7,4,4,13,12,31,12,12,12,-1
01_13_07_04_0240.bmp,0,7,4,4,13,13,13,13,13,13,-1
01_13_07_04_0240.bmp,1,7,4,4,13,12,31,12,12,12,-1
01_13_07_04_0242.bmp,1,7,4,4,13,12,31,12,12,13,-1
01_13_07_04_0244.bmp,1,7,4,4,13,12,31,12,12,12,-1
01_13_07_04_0245.bmp,0,7,4,4,13,13,13,13,13,7,-1
01_13_07_04_0246.bmp,0,7,4,4,13,15,15,15,4,15,-1
01_13_07_04_0246.bmp,1,7,4,4,13,12,31,12,12,12,-1
01_13_07_04_0247.bmp,1,7,4,4,13,12,31,12,12,12,-1
01_13_07_04_0249.bmp,0,7,4,4,13,15,13,13,8,15,-1
01_13_07_04_0250.bmp,0,7,4,4,13,15,13,13,8,15,-1
01_13_07_04_0251.bmp,0,7,4,4,13,15,13,13,8,15,-1
01_13_07_04_0252.bmp,0,7,4,4,13,13,13,13,15,15,-1
01_13_07_04_0253.bmp,0,7,4,4,13,13,13,13,15,15,-1
01_13_07_04_0258.bmp,1,7,4,4,13,12,31,12,12,12,-1
01_13_07_04_0259.bmp,1,7,4,4,13,12,31,12,12,12,-1
01_13_07_04_0260.bmp,0,7,4,4,13,13,13,13,13,13,-1
01_13_07_04_0261.bmp,0,7,4,4,13,13,13,13,13,13,-1
01_13_07_04_0262.bmp,0,7,4,4,13,13,13,13,13,13,-1
01_13_07_04_0263.bmp,1,7,4,4,13,12,31,12,12,13,-1
01_13_07_04_0264.bmp,0,7,4,4,13,13,13,13,13,13,-1
01_13_07_04_0264.bmp,1,7,4,4,13,12,31,12,12,12,-1
01_13_07_04_0265.bmp,0,7,4,4,13,13,13,13,13,13,-1
01_13_07_04_0266.bmp,1,7,4,4,13,12,31,12,12,13,-1
01_13_07_04_0267.bmp,0,7,4,4,13,13,13,13,13,13,-1
01_13_07_04_0267.bmp,1,7,4,4,13,12,31,12,12,13,-1
01_13_07_04_0269.bmp,0,7,4,4,13,15,13,13,13,13,-1
01_13_07_04_0272.bmp,0,7,4,4,13,12,31,12,12,12,-1
01_13_07_04_0273.bmp,0,7,4,4,13,12,31,12,12,13,-1
01_13_07_04_0275.bmp,0,7,4,4,13,12,31,12,12,13,-1
01_13_07_04_0278.bmp,0,7,4,4,13,12,31,12,12,13,-1
01_13_07_04_0280.bmp,0,7,4,4,13,12,31,12,12,13,-1
01_13_07_04_0287.bmp,0,7,4,4,13,12,31,12,12,13,-1
01_13_07_04_0289.bmp,0,7,4,4,13,12,31,12,12,12,-1
01_13_07_04_0291.bmp,0,7,4,4,13,12,31,12,12,12,-1
01_13_07_04_0299.bmp,0,7,4,4,13,12,31,12,12,13,-1
01_13_07_04_0306.bmp,0,7,4,4,13,12,31,12,12,0,-1
01_13_07_04_0308.bmp,0,7,4,4,13,12,31,12,12,12,-1
01_13_07_04_0311.bmp,0,7,4,4,13,12,31,12,12,12,-1
01_13_07_04_0312.bmp,0,7,4,4,13,12,31,12,12,12,-1
01_13_07_04_0314.bmp,0,7,4,4,13,12,31,12,12,12,-1
01_13_07_04_0315.bmp,0,7,4,4,13,12,31,12,12,12,-1
01_13_07_04_0316.bmp,0,7,4,4,13,12,31,12,12,12,-1
01_13_07_04_0327.bmp,0,7,4,4,13,12,31,12,12,23,-1
01_13_07_04_0328.bmp,0,7,4,4,13,12,31,12,12,12,-1
01_13_07_04_0333.bmp,0,7,4,4,13,12,31,12,12,13,-1
01_13_07_04_0334.bmp,0,7,4,4,13,12,31,12,12,12,-1
01_13_07_04_0336.bmp,0,7,4,4,13,12,31,12,12,13,-1
01_13_07_04_0337.bmp,0,7,4,4,13,12,31,12,12,13,-1
01_13_07_04_0342.bmp,0,7,4,4,13,12,31,13,12,13,-1
01_13_07_04_0351.bmp,0,7,4,4,13,13,13,13,13,8,-1
01_13_07_04_0352.bmp,0,7,4,4,13,13,13,13,13,7,-1
01_13_07_04_0355.bmp,0,7,4,4,13,13,13,13,4,7,-1
01_13_07_04_0361.bmp,0,7,4,4,13,15,15,13,15,15,-1
01_13_07_04_0363.bmp,0,7,4,4,13,15,13,13,15,15,-1
01_13_07_04_0366.bmp,0,7,4,4,13,15,13,13,15,15,-1
01_13_07_04_0369.bmp,0,7,4,4,13,15,13,13,15,15,-1
01_13_07_04_0372.bmp,0,7,4,4,13,15,13,13,15,15,-1
01_13_07_04_0375.bmp,0,7,4,4,13,15,13,13,15,15,-1
01_13_07_04_0376.bmp,0,7,4,4,13,13,13,13,15,13,-1
01_13_07_04_0377.bmp,0,7,4,4,13,15,13,13,15,15,-1
01_13_07_04_0381.bmp,0,7,4,4,13,13,13,13,13,13,-1
01_13_07_04_0384.bmp,0,7,4,4,13,15,15,15,15,8,-1
01_13_07_04_0389.bmp,0,7,4,4,13,19,31,42,7,12,-1
01_13_07_04_0392.bmp,0,7,4,4,13,19,31,42,7,35,-1
01_13_07_04_0395.bmp,0,7,4,4,13,12,31,42,7,40,-1
01_13_07_04_0398.bmp,0,7,4,4,13,19,31,42,1,13,-1
01_13_07_04_0399.bmp,0,7,4,4,13,12,31,42,1,12,-1
01_13_07_04_0400.bmp,0,7,4,4,13,12,31,42,7,18,-1
01_13_07_04_0401.bmp,0,7,4,4,13,12,31,25,11,12,-1
01_13_07_04_0405.bmp,0,7,4,4,13,19,31,42,7,12,-1
01_13_07_04_0409.bmp,0,7,4,4,13,12,31,1,40,12,-1
01_13_07_04_0413.bmp,0,7,4,4,13,19,31,42,40,39,-1
01_13_07_04_0418.bmp,0,7,4,4,13,19,31,12,11,13,-1
01_13_07_04_0424.bmp,0,7,4,4,13,12,31,12,40,40,-1
01_13_07_04_0425.bmp,0,7,4,4,13,12,31,12,12,0,-1
01_13_07_04_0429.bmp,0,7,4,4,13,12,31,42,40,13,-1
01_13_07_04_0430.bmp,0,7,4,4,13,12,31,25,12,18,-1
01_13_07_04_0432.bmp,0,7,4,4,13,32,31,12,40,13,-1
01_13_07_04_0434.bmp,0,7,4,4,13,32,31,6,40,4,-1
01_13_07_04_0439.bmp,0,7,4,4,13,32,31,25,40,12,-1
01_13_07_04_0442.bmp,0,7,4,4,13,32,31,6,32,12,-1
01_13_07_04_0443.bmp,0,7,4,4,13,32,31,25,12,13,-1
01_13_07_04_0444.bmp,0,7,4,4,13,32,31,25,32,12,-1
01_13_07_04_0448.bmp,0,7,4,4,13,32,31,25,32,13,-1
01_13_07_04_0450.bmp,0,7,4,4,13,12,31,25,12,13,-1
01_13_07_04_0452.bmp,0,7,4,4,13,12,31,40,12,12,-1
01_13_07_04_0455.bmp,0,7,4,4,13,12,31,12,12,12,-1
01_13_07_04_0456.bmp,0,7,4,4,13,32,31,25,12,32,-1
01_13_07_04_0461.bmp,0,7,4,4,13,12,31,24,12,13,-1
01_13_07_04_0462.bmp,0,7,4,4,13,12,31,25,12,12,-1
01_13_07_04_0463.bmp,0,7,4,4,13,12,31,25,12,13,-1
01_13_07_04_0464.bmp,0,7,4,4,13,12,31,25,12,12,-1
01_13_07_04_0465.bmp,0,7,4,4,13,12,31,6,13,13,-1
01_13_07_04_0466.bmp,0,7,4,4,13,12,31,25,13,13,-1
01_13_07_04_0471.bmp,0,7,4,4,13,32,31,25,13,13,-1
01_13_07_04_0473.bmp,0,7,4,4,13,32,13,25,13,13,-1
01_13_07_04_0475.bmp,0,7,4,4,13,32,32,25,15,13,-1
01_13_07_04_0476.bmp,0,7,4,4,13,32,32,25,32,18,-1
01_13_07_04_0480.bmp,0,7,4,4,13,32,32,25,18,4,-1
01_13_07_04_0485.bmp,0,7,4,4,13,32,32,13,32,32,-1
01_13_07_04_0486.bmp,0,7,4,4,13,32,32,13,32,4,-1
01_13_07_04_0490.bmp,0,7,4,4,13,32,32,13,32,13,-1
01_13_07_04_0492.bmp,0,7,4,4,13,32,13,13,32,13,-1
01_13_07_04_0495.bmp,0,7,4,4,13,13,13,13,8,13,-1
01_13_07_04_0497.bmp,0,7,4,4,13,13,13,13,13,13,-1
01_13_07_04_0499.bmp,0,7,4,4,13,13,13,13,13,13,-1
01_13_07_04_0500.bmp,0,7,4,4,13,13,13,13,13,13,-1
01_13_07_04_0501.bmp,0,7,4,4,13,13,13,13,13,13,-1
01_13_07_04_0505.bmp,0,7,4,4,13,13,13,13,13,13,-1
01_13_07_04_0508.bmp,0,7,4,4,13,13,13,13,13,13,-1
01_13_07_04_0510.bmp,0,7,4,4,13,13,13,13,13,13,-1
01_13_07_04_0511.bmp,0,7,4,4,13,13,13,13,13,13,-1
01_13_07_04_0514.bmp,0,7,4,4,13,15,13,13,13,13,-1
01_13_07_04_0516.bmp,0,7,4,4,13,12,31,11,19,12,-1
01_13_07_04_0519.bmp,0,7,4,4,13,12,31,12,19,40,-1
01_13_07_04_0521.bmp,0,7,4,4,13,12,31,12,19,12,-1
01_13_07_04_0523.bmp,0,7,4,4,13,12,31,6,12,12,-1
01_13_07_04_0525.bmp,0,7,4,4,13,12,31,12,12,19,-1
01_13_07_04_0526.bmp,0,7,4,4,13,19,31,11,32,12,-1
01_13_07_04_0533.bmp,0,7,4,4,13,12,31,40,12,40,-1
01_13_07_04_0537.bmp,0,7,4,4,13,12,31,40,12,12,-1
01_13_07_04_0538.bmp,0,7,4,4,13,32,31,25,32,12,-1
01_13_07_04_0539.bmp,0,7,4,4,13,12,31,25,12,12,-1
01_13_07_04_0542.bmp,0,7,4,4,13,32,31,25,32,13,-1
01_13_07_04_0544.bmp,0,7,4,4,13,32,31,42,32,40,-1
01_13_07_04_0545.bmp,0,7,4,4,13,12,31,25,12,40,-1
01_13_07_04_0547.bmp,0,7,4,4,13,12,31,40,12,40,-1
01_13_07_04_0549.bmp,0,7,4,4,13,12,12,25,12,40,-1
01_13_07_04_0550.bmp,0,7,4,4,13,32,31,6,32,23,-1
01_13_07_04_0554.bmp,0,7,4,4,13,32,31,2,32,13,-1
01_13_07_04_0557.bmp,0,7,4,4,13,12,31,25,12,40,-1
01_13_07_04_0559.bmp,0,7,4,4,13,12,31,40,12,40,-1
01_13_07_04_0561.bmp,0,7,4,4,13,12,31,40,12,13,-1
01_13_07_04_0564.bmp,0,7,4,4,13,12,31,1,12,40,-1
01_13_07_04_0565.bmp,0,7,4,4,13,12,31,40,12,12,-1
01_13_07_04_0566.bmp,0,7,4,4,13,19,31,25,19,24,-1
01_13_07_04_0567.bmp,0,7,4,4,13,12,31,40,12,13,-1
01_13_07_04_0570.bmp,0,7,4,4,13,19,31,0,19,12,-1
01_13_07_04_0571.bmp,0,7,4,4,13,12,31,20,12,12,-1
01_13_07_04_0573.bmp,0,7,4,4,13,40,31,40,40,40,-1
01_13_07_04_0581.bmp,0,7,4,4,13,12,31,20,40,13,-1
01_13_07_04_0584.bmp,0,7,4,4,13,32,31,12,32,40,-1
01_13_07_04_0586.bmp,0,7,4,4,13,32,31,0,32,12,-1
01_13_07_04_0588.bmp,0,7,4,4,13,32,31,0,12,13,-1
01_13_07_04_0589.bmp,0,7,4,4,13,12,31,25,12,19,-1
01_13_07_04_0590.bmp,0,7,4,4,13,32,31,25,12,40,-1
01_13_07_04_0592.bmp,0,7,4,4,13,13,31,19,12,13,-1
01_13_07_04_0594.bmp,0,7,4,4,13,32,32,6,12,13,-1
01_13_07_04_0595.bmp,0,7,4,4,13,32,31,25,32,32,-1
01_13_07_04_0600.bmp,0,7,4,4,13,12,31,40,32,32,-1
01_13_07_04_0601.bmp,0,7,4,4,13,40,31,40,40,4,-1
01_13_07_04_0605.bmp,0,7,4,4,13,12,31,13,32,13,-1
01_13_07_04_0607.bmp,0,7,4,4,13,13,12,13,13,13,-1
01_13_07_04_0609.bmp,0,7,4,4,13,13,12,13,32,13,-1
01_13_07_04_0610.bmp,0,7,4,4,13,12,12,13,13,13,-1
01_13_07_04_0612.bmp,0,7,4,4,13,13,12,13,12,13,-1
01_13_07_04_0625.bmp,0,7,4,4,13,13,13,13,13,13,-1
01_03_07_05_0001.bmp,0,7,5,4,9,32,31,20,40,25,-1
01_03_07_05_0006.bmp,0,7,5,4,9,32,31,0,32,40,-1
01_03_07_05_0012.bmp,0,7,5,4,9,32,31,0,32,14,-1
01_03_07_05_0015.bmp,0,7,5,4,9,32,31,0,32,40,-1
01_03_07_05_0018.bmp,0,7,5,4,9,32,31,19,19,4,-1
01_03_07_05_0021.bmp,0,7,5,4,9,32,31,2,12,13,-1
01_03_07_05_0024.bmp,0,7,5,4,9,32,31,40,19,40,-1
01_03_07_05_0036.bmp,0,7,5,4,9,32,31,2,19,13,-1
01_03_07_05_0042.bmp,0,7,5,4,9,32,31,40,32,13,-1
01_03_07_05_0043.bmp,0,7,5,4,9,32,31,40,32,40,-1
01_03_07_05_0044.bmp,0,7,5,4,9,32,31,40,32,12,-1
01_03_07_05_0046.bmp,0,7,5,4,9,32,31,25,32,12,-1
01_03_07_05_0048.bmp,0,7,5,4,9,32,31,25,32,13,-1
01_03_07_05_0050.bmp,0,7,5,4,9,32,31,25,32,19,-1
01_03_07_05_0051.bmp,0,7,5,4,9,32,31,25,32,19,-1
01_03_07_05_0055.bmp,0,7,5,4,9,32,31,25,32,13,-1
01_03_07_05_0056.bmp,0,7,5,4,9,31,36,25,19,19,-1
01_03_07_05_0058.bmp,0,7,5,4,9,31,31,25,19,13,-1
01_03_07_05_0061.bmp,0,7,5,4,9,31,31,12,19,13,-1
01_03_07_05_0062.bmp,0,7,5,4,9,19,36,25,19,19,-1
01_03_07_05_0066.bmp,0,7,5,4,9,31,31,12,19,13,-1
01_03_07_05_0068.bmp,0,7,5,4,9,31,31,12,19,13,-1
01_03_07_05_0069.bmp,0,7,5,4,9,31,31,12,15,19,-1
01_03_07_05_0072.bmp,0,7,5,4,9,31,31,12,15,15,-1
01_03_07_05_0075.bmp,0,7,5,4,9,12,31,12,15,29,-1
01_03_07_05_0077.bmp,0,7,5,4,9,13,0,13,15,14,-1
01_03_07_05_0078.bmp,0,7,5,4,9,15,0,13,15,15,-1
01_03_07_05_0082.bmp,0,7,5,4,9,15,15,15,15,15,-1
01_03_07_05_0083.bmp,0,7,5,4,9,15,15,13,15,14,-1
01_06_07_05_0002.bmp,1,7,5,4,14,32,32,20,32,29,-1
01_06_07_05_0003.bmp,1,7,5,4,14,32,32,23,32,29,-1
01_06_07_05_0004.bmp,1,7,5,4,14,32,32,23,32,29,-1
01_06_07_05_0007.bmp,0,7,5,4,14,12,36,25,12,13,-1
01_06_07_05_0007.bmp,1,7,5,4,14,36,32,0,36,14,-1
01_06_07_05_0012.bmp,0,7,5,4,14,36,32,25,14,29,-1
01_06_07_05_0012.bmp,1,7,5,4,14,31,11,0,0,0,-1
01_06_07_05_0013.bmp,1,7,5,4,14,31,11,0,0,0,-1
01_06_07_05_0014.bmp,0,7,5,4,14,36,36,25,14,14,-1
01_06_07_05_0015.bmp,0,7,5,4,14,36,36,25,14,14,-1
01_06_07_05_0015.bmp,1,7,5,4,14,31,11,25,0,0,-1
01_06_07_05_0016.bmp,1,7,5,4,14,12,11,20,0,31,-1
01_06_07_05_0017.bmp,1,7,5,4,14,12,11,20,12,14,-1
01_06_07_05_0021.bmp,0,7,5,4,14,12,36,25,14,14,-1
01_06_07_05_0022.bmp,1,7,5,4,14,12,11,20,12,13,-1
01_06_07_05_0024.bmp,0,7,5,4,14,13,36,25,14,14,-1
01_06_07_05_0026.bmp,1,7,5,4,14,12,32,20,12,13,-1
01_06_07_05_0029.bmp,0,7,5,4,14,14,36,14,14,14,-1
01_06_07_05_0029.bmp,1,7,5,4,14,12,32,20,12,13,-1
01_06_07_05_0030.bmp,0,7,5,4,14,17,36,25,14,14,-1
01_06_07_05_0030.bmp,1,7,5,4,14,12,32,20,12,14,-1
01_06_07_05_0031.bmp,0,7,5,4,14,13,36,14,14,14,-1
01_06_07_05_0031.bmp,1,7,5,4,14,31,31,6,12,40,-1
01_06_07_05_0035.bmp,0,7,5,4,14,15,13,14,14,14,-1
01_06_07_05_0037.bmp,1,7,5,4,14,31,31,0,12,18,-1
01_06_07_05_0038.bmp,0,7,5,4,14,15,13,14,14,14,-1
01_06_07_05_0039.bmp,0,7,5,4,14,15,15,17,14,14,-1
01_06_07_05_0039.bmp,1,7,5,4,14,12,31,0,12,12,-1
01_06_07_05_0040.bmp,1,7,5,4,14,12,31,23,12,13,-1
01_06_07_05_0041.bmp,1,7,5,4,14,12,31,0,12,40,-1
01_06_07_05_0042.bmp,0,7,5,4,14,14,15,17,14,14,-1
01_06_07_05_0043.bmp,1,7,5,4,14,12,31,0,12,13,-1
01_06_07_05_0046.bmp,0,7,5,4,14,12,31,0,12,13,-1
01_06_07_05_0048.bmp,0,7,5,4,14,12,31,6,12,13,-1
01_06_07_05_0050.bmp,0,7,5,4,14,12,31,20,12,14,-1
01_06_07_05_0051.bmp,0,7,5,4,14,32,32,20,12,14,-1
01_06_07_05_0055.bmp,0,7,5,4,14,12,12,20,12,5,-1
01_06_07_05_0056.bmp,0,7,5,4,14,13,31,20,13,18,-1
01_06_07_05_0059.bmp,0,7,5,4,14,13,12,20,32,32,-1
01_06_07_05_0064.bmp,0,7,5,4,14,13,32,25,8,8,-1
01_06_07_05_0066.bmp,0,7,5,4,14,13,32,25,8,8,-1
01_06_07_05_0067.bmp,0,7,5,4,14,13,32,25,8,8,-1
01_06_07_05_0068.bmp,0,7,5,4,14,32,32,20,8,14,-1
01_06_07_05_0070.bmp,0,7,5,4,14,32,32,25,29,14,-1
01_06_07_05_0074.bmp,0,7,5,4,14,15,32,25,29,29,-1
01_06_07_05_0075.bmp,0,7,5,4,14,13,32,25,14,14,-1
01_06_07_05_0076.bmp,0,7,5,4,14,12,12,25,14,14,-1
01_06_07_05_0080.bmp,0,7,5,4,14,12,12,25,14,14,-1
01_06_07_05_0085.bmp,0,7,5,4,14,15,12,25,24,14,-1
01_06_07_05_0088.bmp,0,7,5,4,14,14,14,14,14,14,-1
01_06_07_05_0089.bmp,0,7,5,4,14,17,17,17,17,8,-1
01_11_07_05_0002.bmp,0,7,5,4,12,31,36,0,12,14,-1
01_11_07_05_0003.bmp,0,7,5,4,12,12,31,0,12,12,-1
01_11_07_05_0013.bmp,0,7,5,4,12,31,36,0,12,2,-1
01_11_07_05_0019.bmp,0,7,5,4,12,31,36,0,12,1,-1
01_11_07_05_0020.bmp,0,7,5,4,12,31,31,0,31,1,-1
01_11_07_05_0021.bmp,0,7,5,4,12,31,32,0,12,2,-1
01_11_07_05_0022.bmp,0,7,5,4,12,12,31,0,12,26,-1
01_11_07_05_0024.bmp,0,7,5,4,12,31,32,0,12,1,-1
01_11_07_05_0027.bmp,0,7,5,4,12,31,32,0,12,12,-1
01_11_07_05_0028.bmp,0,7,5,4,12,31,31,0,31,40,-1
01_11_07_05_0031.bmp,0,7,5,4,12,31,36,0,12,12,-1
01_11_07_05_0033.bmp,0,7,5,4,12,31,32,0,12,12,-1
01_11_07_05_0038.bmp,0,7,5,4,12,12,32,25,12,13,-1
01_11_07_05_0039.bmp,0,7,5,4,12,31,32,25,12,12,-1
01_11_07_05_0041.bmp,0,7,5,4,12,31,32,0,12,1,-1
01_11_07_05_0045.bmp,0,7,5,4,12,31,32,19,15,13,-1
01_11_07_05_0047.bmp,0,7,5,4,12,12,32,24,12,12,-1
01_11_07_05_0049.bmp,0,7,5,4,12,19,32,25,15,12,-1
01_11_07_05_0050.bmp,0,7,5,4,12,31,32,25,15,12,-1
01_11_07_05_0052.bmp,0,7,5,4,12,12,32,25,19,12,-1
01_11_07_05_0060.bmp,0,7,5,4,12,12,31,25,15,19,-1
01_11_07_05_0061.bmp,0,7,5,4,12,12,31,2,15,4,-1
01_11_07_05_0062.bmp,0,7,5,4,12,12,31,12,12,4,-1
01_11_07_05_0064.bmp,0,7,5,4,12,12,31,12,15,4,-1
01_11_07_05_0065.bmp,0,7,5,4,12,12,31,12,15,4,-1
01_11_07_05_0069.bmp,0,7,5,4,12,15,31,4,15,4,-1
01_11_07_05_0077.bmp,0,7,5,4,12,15,15,15,15,1,-1
01_11_07_05_0078.bmp,0,7,5,4,12,15,15,15,15,1,-1
01_11_07_05_0080.bmp,0,7,5,4,12,15,36,17,15,17,-1
01_12_07_05_0002.bmp,0,7,5,4,17,12,36,19,13,24,-1
01_12_07_05_0004.bmp,0,7,5,4,17,31,36,19,24,1,-1
01_12_07_05_0005.bmp,0,7,5,4,17,32,31,0,32,38,-1
01_12_07_05_0006.bmp,1,7,5,4,17,32,31,11,32,13,-1
01_12_07_05_0009.bmp,0,7,5,4,17,12,36,25,29,13,-1
01_12_07_05_0009.bmp,1,7,5,4,17,31,31,11,12,33,-1
01_12_07_05_0011.bmp,0,7,5,4,17,12,36,25,29,13,-1
01_12_07_05_0011.bmp,1,7,5,4,17,32,31,11,11,31,-1
01_12_07_05_0012.bmp,0,7,5,4,17,31,36,25,29,12,-1
01_12_07_05_0012.bmp,1,7,5,4,17,32,31,11,12,12,-1
01_12_07_05_0013.bmp,0,7,5,4,17,36,36,0,29,12,-1
01_12_07_05_0015.bmp,0,7,5,4,17,31,36,0,29,12,-1
01_12_07_05_0017.bmp,1,7,5,4,17,31,31,11,32,36,-1
01_12_07_05_0018.bmp,1,7,5,4,17,32,31,12,12,12,-1
01_12_07_05_0021.bmp,1,7,5,4,17,31,31,12,12,12,-1
01_12_07_05_0022.bmp,1,7,5,4,17,12,31,11,12,12,-1
01_12_07_05_0024.bmp,1,7,5,4,17,12,31,12,12,12,-1
01_12_07_05_0025.bmp,1,7,5,4,17,32,31,11,12,13,-1
01_12_07_05_0028.bmp,1,7,5,4,17,12,31,12,12,13,-1
01_12_07_05_0032.bmp,0,7,5,4,17,32,12,2,14,14,-1
01_12_07_05_0032.bmp,1,7,5,4,17,31,31,12,12,12,-1
01_12_07_05_0033.bmp,0,7,5,4,17,15,12,2,14,14,-1
01_12_07_05_0033.bmp,1,7,5,4,17,31,31,12,12,26,-1
01_12_07_05_0034.bmp,0,7,5,4,17,15,15,15,14,14,-1
01_12_07_05_0035.bmp,0,7,5,4,17,15,15,26,14,14,-1
01_12_07_05_0035.bmp,1,7,5,4,17,31,31,11,31,12,-1
01_12_07_05_0036.bmp,1,7,5,4,17,12,31,25,12,2,-1
01_12_07_05_0037.bmp,0,7,5,4,17,15,15,14,17,14,-1
01_12_07_05_0038.bmp,0,7,5,4,17,15,15,14,17,14,-1
01_12_07_05_0040.bmp,0,7,5,4,17,15,15,15,17,14,-1
01_12_07_05_0040.bmp,1,7,5,4,17,31,31,11,12,13,-1
01_12_07_05_0041.bmp,0,7,5,4,17,15,15,26,17,14,-1
01_12_07_05_0043.bmp,0,7,5,4,17,17,15,17,17,14,-1
01_12_07_05_0044.bmp,0,7,5,4,17,31,31,0,31,14,-1
01_12_07_05_0045.bmp,0,7,5,4,17,12,31,12,31,14,-1
01_12_07_05_0051.bmp,0,7,5,4,17,12,31,0,12,12,-1
01_12_07_05_0052.bmp,0,7,5,4,17,12,31,11,12,13,-1
01_12_07_05_0056.bmp,0,7,5,4,17,12,31,12,12,12,-1
01_12_07_05_0060.bmp,0,7,5,4,17,12,31,0,12,12,-1
01_12_07_05_0061.bmp,0,7,5,4,17,12,31,0,12,24,-1
01_12_07_05_0062.bmp,0,7,5,4,17,12,31,0,12,0,-1
01_12_07_05_0068.bmp,0,7,5,4,17,12,31,0,12,0,-1
01_12_07_05_0072.bmp,0,7,5,4,17,31,11,0,12,14,-1
01_12_07_05_0075.bmp,0,7,5,4,17,12,11,0,12,12,-1
01_12_07_05_0077.bmp,0,7,5,4,17,12,11,0,12,1,-1
01_12_07_05_0078.bmp,0,7,5,4,17,12,11,0,12,12,-1
01_12_07_05_0081.bmp,0,7,5,4,17,12,11,0,12,0,-1
01_12_07_05_0082.bmp,0,7,5,4,17,12,11,0,12,1,-1
01_12_07_05_0085.bmp,0,7,5,4,17,12,11,0,12,0,-1
01_12_07_05_0086.bmp,0,7,5,4,17,12,11,0,12,1,-1
01_12_07_05_0088.bmp,0,7,5,4,17,12,11,0,12,1,-1
01_12_07_05_0092.bmp,0,7,5,4,17,12,32,0,12,14,-1
01_12_07_05_0093.bmp,0,7,5,4,17,12,32,0,12,14,-1
01_12_07_05_0097.bmp,0,7,5,4,17,12,11,0,12,14,-1
01_12_07_05_0098.bmp,0,7,5,4,17,31,11,0,12,14,-1
01_12_07_05_0101.bmp,0,7,5,4,17,12,11,0,0,14,-1
01_12_07_05_0105.bmp,0,7,5,4,17,12,11,0,0,14,-1
01_12_07_05_0107.bmp,0,7,5,4,17,31,36,0,0,14,-1
01_12_07_05_0112.bmp,0,7,5,4,17,0,36,0,0,14,-1
01_12_07_05_0113.bmp,0,7,5,4,17,36,36,0,0,14,-1
01_13_07_05_0002.bmp,1,7,5,4,13,11,11,2,11,13,-1
01_13_07_05_0003.bmp,1,7,5,4,13,11,11,25,11,13,-1
01_13_07_05_0005.bmp,1,7,5,4,13,11,11,0,0,0,-1
01_13_07_05_0006.bmp,0,7,5,4,13,12,31,40,12,12,-1
01_13_07_05_0006.bmp,1,7,5,4,13,31,11,0,13,12,-1
01_13_07_05_0007.bmp,1,7,5,4,13,31,11,25,0,0,-1
01_13_07_05_0010.bmp,1,7,5,4,13,31,11,0,0,13,-1
01_13_07_05_0013.bmp,0,7,5,4,13,12,31,6,12,12,-1
01_13_07_05_0014.bmp,1,7,5,4,13,36,11,0,0,0,-1
01_13_07_05_0016.bmp,1,7,5,4,13,31,11,0,0,12,-1
01_13_07_05_0022.bmp,0,7,5,4,13,12,31,11,12,12,-1
01_13_07_05_0024.bmp,0,7,5,4,13,12,31,25,12,25,-1
01_13_07_05_0024.bmp,1,7,5,4,13,31,31,0,13,13,-1
01_13_07_05_0025.bmp,1,7,5,4,13,31,31,0,13,13,-1
01_13_07_05_0026.bmp,0,7,5,4,13,12,31,40,12,40,-1
01_13_07_05_0028.bmp,1,7,5,4,13,13,11,25,13,13,-1
01_13_07_05_0029.bmp,1,7,5,4,13,31,31,25,13,13,-1
01_13_07_05_0030.bmp,0,7,5,4,13,12,31,40,12,12,-1
01_13_07_05_0031.bmp,1,7,5,4,13,31,11,0,13,13,-1
01_13_07_05_0032.bmp,1,7,5,4,13,11,11,2,13,1,-1
01_13_07_05_0034.bmp,0,7,5,4,13,12,31,40,12,12,-1
01_13_07_05_0035.bmp,1,7,5,4,13,31,11,25,13,13,-1
01_13_07_05_0037.bmp,0,7,5,4,13,12,12,11,12,40,-1
01_13_07_05_0037.bmp,1,7,5,4,13,13,11,25,13,13,-1
01_13_07_05_0038.bmp,0,7,5,4,13,12,31,40,12,39,-1
01_13_07_05_0040.bmp,0,7,5,4,13,12,12,42,12,18,-1
01_13_07_05_0043.bmp,1,7,5,4,13,13,11,25,13,1,-1
01_13_07_05_0045.bmp,1,7,5,4,13,13,11,25,13,13,-1
01_13_07_05_0047.bmp,0,7,5,4,13,12,12,40,12,13,-1
01_13_07_05_0047.bmp,1,7,5,4,13,13,19,13,13,13,-1
01_13_07_05_0048.bmp,0,7,5,4,13,12,12,40,12,32,-1
01_13_07_05_0050.bmp,0,7,5,4,13,12,12,40,12,40,-1
01_13_07_05_0052.bmp,0,7,5,4,13,12,12,40,12,32,-1
01_13_07_05_0053.bmp,0,7,5,4,13,12,12,40,12,32,-1
01_13_07_05_0054.bmp,0,7,5,4,13,12,12,40,12,13,-1
01_13_07_05_0056.bmp,1,7,5,4,13,13,13,13,13,13,-1
01_13_07_05_0058.bmp,0,7,5,4,13,12,12,40,12,5,-1
01_13_07_05_0058.bmp,1,7,5,4,13,13,13,13,13,13,-1
01_13_07_05_0059.bmp,0,7,5,4,13,12,12,20,12,5,-1
01_13_07_05_0059.bmp,1,7,5,4,13,13,13,13,13,13,-1
01_13_07_05_0060.bmp,0,7,5,4,13,12,12,40,12,32,-1
01_13_07_05_0061.bmp,0,7,5,4,13,12,12,25,12,12,-1
01_13_07_05_0061.bmp,1,7,5,4,13,13,13,13,13,13,-1
01_13_07_05_0062.bmp,0,7,5,4,13,12,12,40,12,32,-1
01_13_07_05_0062.bmp,1,7,5,4,13,13,13,13,15,13,-1
01_13_07_05_0065.bmp,1,7,5,4,13,19,31,12,23,23,-1
01_13_07_05_0067.bmp,1,7,5,4,13,31,31,20,23,13,-1
01_13_07_05_0068.bmp,0,7,5,4,13,12,12,40,12,32,-1
01_13_07_05_0068.bmp,1,7,5,4,13,31,31,25,23,31,-1
01_13_07_05_0070.bmp,0,7,5,4,13,12,12,25,12,32,-1
01_13_07_05_0071.bmp,0,7,5,4,13,12,12,25,12,13,-1
01_13_07_05_0073.bmp,0,7,5,4,13,12,12,25,12,13,-1
01_13_07_05_0074.bmp,0,7,5,4,13,12,12,40,12,13,-1
01_13_07_05_0075.bmp,0,7,5,4,13,12,12,25,12,13,-1
01_13_07_05_0078.bmp,1,7,5,4,13,19,31,11,11,13,-1
01_13_07_05_0079.bmp,1,7,5,4,13,12,31,11,23,13,-1
01_13_07_05_0080.bmp,1,7,5,4,13,13,31,11,23,13,-1
01_13_07_05_0082.bmp,1,7,5,4,13,12,31,0,23,31,-1
01_13_07_05_0084.bmp,0,7,5,4,13,12,12,25,12,13,-1
01_13_07_05_0084.bmp,1,7,5,4,13,31,31,0,11,12,-1
01_13_07_05_0085.bmp,0,7,5,4,13,32,12,25,13,13,-1
01_13_07_05_0085.bmp,1,7,5,4,13,12,31,0,7,31,-1
01_13_07_05_0086.bmp,1,7,5,4,13,12,31,0,12,31,-1
01_13_07_05_0088.bmp,1,7,5,4,13,12,31,0,12,12,-1
01_13_07_05_0089.bmp,0,7,5,4,13,13,32,13,13,13,-1
01_13_07_05_0090.bmp,0,7,5,4,13,13,32,13,32,13,-1
01_13_07_05_0090.bmp,1,7,5,4,13,12,31,25,12,13,-1
01_13_07_05_0091.bmp,0,7,5,4,13,32,32,13,32,13,-1
01_13_07_05_0091.bmp,1,7,5,4,13,12,31,0,12,31,-1
01_13_07_05_0093.bmp,1,7,5,4,13,12,31,0,25,31,-1
01_13_07_05_0095.bmp,1,7,5,4,13,12,31,12,12,31,-1
01_13_07_05_0096.bmp,1,7,5,4,13,12,31,0,12,12,-1
01_13_07_05_0097.bmp,1,7,5,4,13,12,31,0,12,12,-1
01_13_07_05_0098.bmp,1,7,5,4,13,12,31,6,12,12,-1
01_13_07_05_0100.bmp,0,7,5,4,13,13,13,13,13,13,-1
01_13_07_05_0101.bmp,1,7,5,4,13,12,31,12,12,12,-1
01_13_07_05_0102.bmp,0,7,5,4,13,13,13,13,13,13,-1
01_13_07_05_0104.bmp,1,7,5,4,13,12,31,0,12,12,-1
01_13_07_05_0105.bmp,0,7,5,4,13,13,13,13,13,13,-1
01_13_07_05_0106.bmp,0,7,5,4,13,13,13,13,13,13,-1
01_13_07_05_0107.bmp,0,7,5,4,13,13,13,13,13,13,-1
01_13_07_05_0110.bmp,1,7,5,4,13,12,31,20,12,40,-1
01_13_07_05_0112.bmp,0,7,5,4,13,13,13,13,13,13,-1
01_13_07_05_0113.bmp,1,7,5,4,13,12,31,20,12,12,-1
01_13_07_05_0115.bmp,1,7,5,4,13,12,31,20,12,12,-1
01_13_07_05_0116.bmp,0,7,5,4,13,13,12,12,23,12,-1
01_13_07_05_0117.bmp,0,7,5,4,13,10,12,40,2,40,-1
01_13_07_05_0117.bmp,1,7,5,4,13,12,31,6,12,31,-1
01_13_07_05_0119.bmp,1,7,5,4,13,12,31,20,12,12,-1
01_13_07_05_0120.bmp,0,7,5,4,13,10,12,25,23,40,-1
01_13_07_05_0120.bmp,1,7,5,4,13,12,31,20,12,12,-1
01_13_07_05_0121.bmp,0,7,5,4,13,12,12,0,2,40,-1
01_13_07_05_0121.bmp,1,7,5,4,13,12,31,20,12,12,-1
01_13_07_05_0122.bmp,1,7,5,4,13,12,31,0,12,12,-1
01_13_07_05_0124.bmp,1,7,5,4,13,12,31,0,12,13,-1
01_13_07_05_0128.bmp,0,7,5,4,13,12,32,20,13,12,-1
01_13_07_05_0129.bmp,1,7,5,4,13,12,31,40,12,12,-1
01_13_07_05_0130.bmp,0,7,5,4,13,12,32,20,13,12,-1
01_13_07_05_0130.bmp,1,7,5,4,13,12,31,20,12,19,-1
01_13_07_05_0131.bmp,0,7,5,4,13,12,32,40,13,32,-1
01_13_07_05_0134.bmp,0,7,5,4,13,12,32,2,13,12,-1
01_13_07_05_0135.bmp,1,7,5,4,13,12,31,12,12,12,-1
01_13_07_05_0137.bmp,0,7,5,4,13,12,32,40,13,32,-1
01_13_07_05_0137.bmp,1,7,5,4,13,12,31,12,12,19,-1
01_13_07_05_0138.bmp,0,7,5,4,13,12,32,40,13,12,-1
01_13_07_05_0139.bmp,0,7,5,4,13,12,32,40,40,12,-1
01_13_07_05_0140.bmp,1,7,5,4,13,12,31,25,12,13,-1
01_13_07_05_0142.bmp,1,7,5,4,13,12,31,40,12,23,-1
01_13_07_05_0143.bmp,1,7,5,4,13,12,31,25,12,12,-1
01_13_07_05_0144.bmp,0,7,5,4,13,12,32,40,40,12,-1
01_13_07_05_0145.bmp,0,7,5,4,13,12,32,40,40,32,-1
01_13_07_05_0145.bmp,1,7,5,4,13,12,31,40,12,19,-1
01_13_07_05_0147.bmp,1,7,5,4,13,12,31,25,12,24,-1
01_13_07_05_0152.bmp,1,7,5,4,13,12,31,12,12,13,-1
01_13_07_05_0153.bmp,1,7,5,4,13,12,31,40,12,12,-1
01_13_07_05_0154.bmp,0,7,5,4,13,32,32,40,40,12,-1
01_13_07_05_0154.bmp,1,7,5,4,13,12,31,12,12,13,-1
01_13_07_05_0155.bmp,0,7,5,4,13,32,32,13,40,32,-1
01_13_07_05_0155.bmp,1,7,5,4,13,12,31,40,12,12,-1
01_13_07_05_0156.bmp,1,7,5,4,13,12,31,25,12,12,-1
01_13_07_05_0158.bmp,1,7,5,4,13,12,31,40,12,13,-1
01_13_07_05_0159.bmp,1,7,5,4,13,12,31,40,12,12,-1
01_13_07_05_0160.bmp,1,7,5,4,13,12,31,12,12,13,-1
01_13_07_05_0161.bmp,0,7,5,4,13,32,32,32,32,32,-1
01_13_07_05_0161.bmp,1,7,5,4,13,12,31,25,12,13,-1
01_13_07_05_0164.bmp,0,7,5,4,13,32,32,32,32,32,-1
01_13_07_05_0165.bmp,1,7,5,4,13,12,31,12,12,12,-1
01_13_07_05_0166.bmp,0,7,5,4,13,32,32,32,32,32,-1
01_13_07_05_0167.bmp,0,7,5,4,13,4,15,32,4,4,-1
01_13_07_05_0167.bmp,1,7,5,4,13,12,31,12,12,24,-1
01_13_07_05_0169.bmp,0,7,5,4,13,32,31,12,42,1,-1
01_13_07_05_0173.bmp,1,7,5,4,13,32,31,25,32,13,-1
01_13_07_05_0175.bmp,1,7,5,4,13,12,31,40,12,13,-1
01_13_07_05_0177.bmp,0,7,5,4,13,19,31,0,7,13,-1
01_13_07_05_0177.bmp,1,7,5,4,13,12,31,40,12,12,-1
01_13_07_05_0180.bmp,0,7,5,4,13,19,31,12,42,26,-1
01_13_07_05_0181.bmp,1,7,5,4,13,12,31,12,12,12,-1
01_13_07_05_0186.bmp,1,7,5,4,13,12,31,12,12,12,-1
01_13_07_05_0187.bmp,0,7,5,4,13,13,31,42,32,31,-1
01_13_07_05_0191.bmp,0,7,5,4,13,13,31,42,13,23,-1
01_13_07_05_0192.bmp,1,7,5,4,13,12,31,12,12,12,-1
01_13_07_05_0194.bmp,0,7,5,4,13,13,31,11,13,23,-1
01_13_07_05_0198.bmp,0,7,5,4,13,13,31,12,23,1,-1
01_13_07_05_0198.bmp,1,7,5,4,13,12,31,12,12,13,-1
01_13_07_05_0200.bmp,0,7,5,4,13,13,31,25,13,7,-1
01_13_07_05_0200.bmp,1,7,5,4,13,12,31,12,12,12,-1
01_13_07_05_0203.bmp,1,7,5,4,13,12,31,12,12,12,-1
01_13_07_05_0204.bmp,1,7,5,4,13,12,31,12,12,12,-1
01_13_07_05_0205.bmp,1,7,5,4,13,12,31,12,12,12,-1
01_13_07_05_0206.bmp,0,7,5,4,13,12,31,25,12,24,-1
01_13_07_05_0209.bmp,0,7,5,4,13,12,31,40,12,1,-1
01_13_07_05_0211.bmp,1,7,5,4,13,12,31,12,12,12,-1
01_13_07_05_0212.bmp,0,7,5,4,13,12,31,40,12,12,-1
01_13_07_05_0213.bmp,0,7,5,4,13,12,12,40,12,24,-1
01_13_07_05_0213.bmp,1,7,5,4,13,12,31,12,12,12,-1
01_13_07_05_0215.bmp,1,7,5,4,13,12,31,12,12,12,-1
01_13_07_05_0216.bmp,0,7,5,4,13,12,31,20,12,13,-1
01_13_07_05_0219.bmp,0,7,5,4,13,12,31,25,12,24,-1
01_13_07_05_0219.bmp,1,7,5,4,13,12,31,12,12,12,-1
01_13_07_05_0222.bmp,0,7,5,4,13,12,31,40,12,13,-1
01_13_07_05_0223.bmp,0,7,5,4,13,32,31,25,12,13,-1
01_13_07_05_0223.bmp,1,7,5,4,13,12,31,12,12,12,-1
01_13_07_05_0224.bmp,0,7,5,4,13,32,31,40,32,32,-1
01_13_07_05_0225.bmp,0,7,5,4,13,32,32,25,12,32,-1
01_13_07_05_0227.bmp,0,7,5,4,13,32,31,40,12,13,-1
01_13_07_05_0227.bmp,1,7,5,4,13,12,31,12,12,12,-1
01_13_07_05_0229.bmp,0,7,5,4,13,32,32,25,32,18,-1
01_13_07_05_0231.bmp,1,7,5,4,13,12,31,12,12,13,-1
01_13_07_05_0233.bmp,0,7,5,4,13,32,32,13,32,32,-1
01_13_07_05_0239.bmp,0,7,5,4,13,32,13,13,32,15,-1
01_13_07_05_0239.bmp,1,7,5,4,13,12,31,12,12,13,-1
01_13_07_05_0240.bmp,1,7,5,4,13,12,31,12,12,13,-1
01_13_07_05_0241.bmp,0,7,5,4,13,13,13,13,32,15,-1
01_13_07_05_0244.bmp,0,7,5,4,13,32,15,32,32,8,-1
01_13_07_05_0244.bmp,1,7,5,4,13,12,31,12,12,13,-1
01_13_07_05_0245.bmp,0,7,5,4,13,32,15,13,32,15,-1
01_13_07_05_0248.bmp,0,7,5,4,13,32,13,13,8,15,-1
01_13_07_05_0248.bmp,1,7,5,4,13,12,31,12,12,12,-1
01_13_07_05_0249.bmp,1,7,5,4,13,12,31,12,12,12,-1
01_13_07_05_0250.bmp,1,7,5,4,13,12,31,12,12,12,-1
01_13_07_05_0251.bmp,1,7,5,4,13,12,31,12,12,12,-1
01_13_07_05_0252.bmp,0,7,5,4,13,32,13,13,8,15,-1
01_13_07_05_0253.bmp,0,7,5,4,13,15,13,13,8,15,-1
01_13_07_05_0255.bmp,1,7,5,4,13,12,31,12,12,12,-1
01_13_07_05_0256.bmp,0,7,5,4,13,13,13,13,13,15,-1
01_13_07_05_0257.bmp,0,7,5,4,13,13,13,13,15,15,-1
01_13_07_05_0257.bmp,1,7,5,4,13,12,31,12,12,12,-1
01_13_07_05_0260.bmp,1,7,5,4,13,12,31,12,12,12,-1
01_13_07_05_0261.bmp,0,7,5,4,13,13,13,13,13,13,-1
01_13_07_05_0262.bmp,1,7,5,4,13,12,31,12,12,12,-1
01_13_07_05_0263.bmp,1,7,5,4,13,12,31,12,12,12,-1
01_13_07_05_0266.bmp,1,7,5,4,13,12,31,12,12,12,-1
01_13_07_05_0267.bmp,1,7,5,4,13,12,31,12,12,12,-1
01_13_07_05_0268.bmp,0,7,5,4,13,13,13,13,13,13,-1
01_13_07_05_0268.bmp,1,7,5,4,13,12,31,12,12,13,-1
01_13_07_05_0269.bmp,0,7,5,4,13,15,13,13,15,13,-1
01_13_07_05_0272.bmp,0,7,5,4,13,12,31,12,12,12,-1
01_13_07_05_0276.bmp,0,7,5,4,13,12,31,12,12,12,-1
01_13_07_05_0277.bmp,0,7,5,4,13,12,31,12,12,13,-1
01_13_07_05_0279.bmp,0,7,5,4,13,12,31,12,12,13,-1
01_13_07_05_0281.bmp,0,7,5,4,13,12,31,12,12,13,-1
01_13_07_05_0285.bmp,0,7,5,4,13,12,31,12,12,12,-1
01_13_07_05_0286.bmp,0,7,5,4,13,12,31,12,12,12,-1
01_13_07_05_0287.bmp,0,7,5,4,13,12,31,12,12,12,-1
01_13_07_05_0291.bmp,0,7,5,4,13,12,31,12,12,13,-1
01_13_07_05_0293.bmp,0,7,5,4,13,12,31,12,12,13,-1
01_13_07_05_0294.bmp,0,7,5,4,13,12,31,12,12,12,-1
01_13_07_05_0295.bmp,0,7,5,4,13,12,31,40,12,12,-1
01_13_07_05_0296.bmp,0,7,5,4,13,12,31,12,12,13,-1
01_13_07_05_0297.bmp,0,7,5,4,13,12,31,12,12,12,-1
01_13_07_05_0302.bmp,0,7,5,4,13,12,31,12,12,12,-1
01_13_07_05_0304.bmp,0,7,5,4,13,12,31,12,12,12,-1
01_13_07_05_0305.bmp,0,7,5,4,13,12,31,12,12,12,-1
01_13_07_05_0306.bmp,0,7,5,4,13,12,31,12,12,12,-1
01_13_07_05_0310.bmp,0,7,5,4,13,12,31,12,12,23,-1
01_13_07_05_0311.bmp,0,7,5,4,13,12,31,12,12,23,-1
01_13_07_05_0312.bmp,0,7,5,4,13,12,31,12,12,13,-1
01_13_07_05_0313.bmp,0,7,5,4,13,12,31,12,12,12,-1
01_13_07_05_0317.bmp,0,7,5,4,13,12,31,40,12,12,-1
01_13_07_05_0322.bmp,0,7,5,4,13,12,31,12,12,12,-1
01_13_07_05_0326.bmp,0,7,5,4,13,12,31,12,12,23,-1
01_13_07_05_0328.bmp,0,7,5,4,13,12,31,12,12,12,-1
01_13_07_05_0330.bmp,0,7,5,4,13,12,31,12,12,12,-1
01_13_07_05_0337.bmp,0,7,5,4,13,12,31,12,12,12,-1
01_13_07_05_0338.bmp,0,7,5,4,13,12,31,12,12,12,-1
01_13_07_05_0339.bmp,0,7,5,4,13,12,31,12,12,13,-1
01_13_07_05_0343.bmp,0,7,5,4,13,12,31,12,11,13,-1
01_13_07_05_0349.bmp,0,7,5,4,13,13,12,13,32,13,-1
01_13_07_05_0351.bmp,0,7,5,4,13,32,13,13,32,8,-1
01_13_07_05_0353.bmp,0,7,5,4,13,13,13,13,13,7,-1
01_13_07_05_0355.bmp,0,7,5,4,13,13,13,13,4,7,-1
01_13_07_05_0358.bmp,0,7,5,4,13,32,32,13,32,32,-1
01_13_07_05_0362.bmp,0,7,5,4,13,32,13,13,32,15,-1
01_13_07_05_0364.bmp,0,7,5,4,13,15,15,13,15,15,-1
01_13_07_05_0367.bmp,0,7,5,4,13,32,32,13,15,15,-1
01_13_07_05_0368.bmp,0,7,5,4,13,15,13,13,15,15,-1
01_13_07_05_0371.bmp,0,7,5,4,13,32,13,13,15,15,-1
01_13_07_05_0373.bmp,0,7,5,4,13,15,13,13,15,15,-1
01_13_07_05_0376.bmp,0,7,5,4,13,13,13,13,15,13,-1
01_13_07_05_0386.bmp,0,7,5,4,13,19,31,11,7,25,-1
01_13_07_05_0388.bmp,0,7,5,4,13,19,31,1,7,40,-1
01_13_07_05_0391.bmp,0,7,5,4,13,19,31,11,7,13,-1
01_13_07_05_0393.bmp,0,7,5,4,13,19,31,42,7,23,-1
01_13_07_05_0394.bmp,0,7,5,4,13,19,31,11,7,12,-1
01_13_07_05_0409.bmp,0,7,5,4,13,19,31,42,7,28,-1
01_13_07_05_0410.bmp,0,7,5,4,13,19,31,42,7,7,-1
01_13_07_05_0412.bmp,0,7,5,4,13,12,31,25,7,13,-1
01_13_07_05_0415.bmp,0,7,5,4,13,19,31,42,1,23,-1
01_13_07_05_0422.bmp,0,7,5,4,13,12,31,12,40,12,-1
01_13_07_05_0425.bmp,0,7,5,4,13,19,31,42,40,40,-1
01_13_07_05_0426.bmp,0,7,5,4,13,12,31,25,40,40,-1
01_13_07_05_0427.bmp,0,7,5,4,13,12,31,42,40,1,-1
01_13_07_05_0431.bmp,0,7,5,4,13,12,31,6,40,12,-1
01_13_07_05_0434.bmp,0,7,5,4,13,40,31,40,40,12,-1
01_13_07_05_0441.bmp,0,7,5,4,13,19,31,40,40,18,-1
01_13_07_05_0442.bmp,0,7,5,4,13,32,31,6,40,40,-1
01_13_07_05_0446.bmp,0,7,5,4,13,32,31,12,40,40,-1
01_13_07_05_0449.bmp,0,7,5,4,13,32,31,20,12,18,-1
01_13_07_05_0452.bmp,0,7,5,4,13,12,31,0,12,12,-1
01_13_07_05_0454.bmp,0,7,5,4,13,32,31,20,12,13,-1
01_13_07_05_0455.bmp,0,7,5,4,13,12,31,24,12,12,-1
01_13_07_05_0458.bmp,0,7,5,4,13,32,31,25,12,12,-1
01_13_07_05_0462.bmp,0,7,5,4,13,12,31,25,12,12,-1
01_13_07_05_0463.bmp,0,7,5,4,13,12,31,20,12,12,-1
01_13_07_05_0465.bmp,0,7,5,4,13,12,31,25,12,13,-1
01_13_07_05_0469.bmp,0,7,5,4,13,19,31,25,12,13,-1
01_13_07_05_0470.bmp,0,7,5,4,13,12,31,25,12,12,-1
01_13_07_05_0473.bmp,0,7,5,4,13,32,19,25,32,13,-1
01_13_07_05_0474.bmp,0,7,5,4,13,32,31,25,32,12,-1
01_13_07_05_0476.bmp,0,7,5,4,13,32,31,25,32,12,-1
01_13_07_05_0477.bmp,0,7,5,4,13,32,31,25,32,13,-1
01_13_07_05_0478.bmp,0,7,5,4,13,32,31,25,32,13,-1
01_13_07_05_0481.bmp,0,7,5,4,13,32,31,25,32,4,-1
01_13_07_05_0483.bmp,0,7,5,4,13,32,32,13,32,13,-1
01_13_07_05_0486.bmp,0,7,5,4,13,32,32,13,32,13,-1
01_13_07_05_0487.bmp,0,7,5,4,13,32,32,13,32,13,-1
01_13_07_05_0492.bmp,0,7,5,4,13,32,32,13,40,13,-1
01_13_07_05_0498.bmp,0,7,5,4,13,13,13,13,13,13,-1
01_13_07_05_0505.bmp,0,7,5,4,13,13,13,13,13,13,-1
01_13_07_05_0507.bmp,0,7,5,4,13,13,13,13,13,13,-1
01_13_07_05_0509.bmp,0,7,5,4,13,13,13,13,13,13,-1
01_13_07_05_0516.bmp,0,7,5,4,13,12,31,25,32,7,-1
01_13_07_05_0517.bmp,0,7,5,4,13,12,31,12,19,13,-1
01_13_07_05_0518.bmp,0,7,5,4,13,19,31,6,11,13,-1
01_13_07_05_0522.bmp,0,7,5,4,13,19,31,42,11,13,-1
01_13_07_05_0523.bmp,0,7,5,4,13,12,31,40,12,36,-1
01_13_07_05_0524.bmp,0,7,5,4,13,32,31,12,32,12,-1
01_13_07_05_0525.bmp,0,7,5,4,13,12,31,25,12,40,-1
01_13_07_05_0527.bmp,0,7,5,4,13,12,31,25,12,13,-1
01_13_07_05_0528.bmp,0,7,5,4,13,12,31,12,32,12,-1
01_13_07_05_0529.bmp,0,7,5,4,13,12,31,25,12,12,-1
01_13_07_05_0531.bmp,0,7,5,4,13,12,12,40,12,40,-1
01_13_07_05_0532.bmp,0,7,5,4,13,19,31,12,32,12,-1
01_13_07_05_0535.bmp,0,7,5,4,13,12,31,25,12,40,-1
01_13_07_05_0537.bmp,0,7,5,4,13,12,31,40,12,19,-1
01_13_07_05_0539.bmp,0,7,5,4,13,12,31,6,12,40,-1
01_13_07_05_0540.bmp,0,7,5,4,13,32,31,12,32,40,-1
01_13_07_05_0542.bmp,0,7,5,4,13,19,31,6,32,13,-1
01_13_07_05_0544.bmp,0,7,5,4,13,19,31,12,32,1,-1
01_13_07_05_0551.bmp,0,7,5,4,13,12,31,25,12,40,-1
01_13_07_05_0552.bmp,0,7,5,4,13,19,31,12,32,12,-1
01_13_07_05_0553.bmp,0,7,5,4,13,12,12,40,12,12,-1
01_13_07_05_0556.bmp,0,7,5,4,13,32,31,12,32,13,-1
01_13_07_05_0559.bmp,0,7,5,4,13,12,31,40,40,13,-1
01_13_07_05_0561.bmp,0,7,5,4,13,12,31,40,12,13,-1
01_13_07_05_0562.bmp,0,7,5,4,13,12,31,42,32,13,-1
01_13_07_05_0563.bmp,0,7,5,4,13,12,31,40,12,23,-1
01_13_07_05_0569.bmp,0,7,5,4,13,12,31,40,40,12,-1
01_13_07_05_0571.bmp,0,7,5,4,13,12,31,20,40,13,-1
01_13_07_05_0572.bmp,0,7,5,4,13,19,31,25,19,12,-1
01_13_07_05_0574.bmp,0,7,5,4,13,19,31,0,11,12,-1
01_13_07_05_0580.bmp,0,7,5,4,13,32,31,0,32,13,-1
01_13_07_05_0583.bmp,0,7,5,4,13,12,31,40,40,40,-1
01_13_07_05_0584.bmp,0,7,5,4,13,32,31,2,6,12,-1
01_13_07_05_0585.bmp,0,7,5,4,13,40,31,40,40,13,-1
01_13_07_05_0587.bmp,0,7,5,4,13,32,31,20,12,13,-1
01_13_07_05_0589.bmp,0,7,5,4,13,40,31,40,12,13,-1
01_13_07_05_0590.bmp,0,7,5,4,13,32,32,12,13,13,-1
01_13_07_05_0592.bmp,0,7,5,4,13,32,31,0,6,12,-1
01_13_07_05_0593.bmp,0,7,5,4,13,12,31,40,12,40,-1
01_13_07_05_0594.bmp,0,7,5,4,13,32,32,19,12,40,-1
01_13_07_05_0597.bmp,0,7,5,4,13,40,31,40,12,32,-1
01_13_07_05_0600.bmp,0,7,5,4,13,40,31,40,40,12,-1
01_13_07_05_0601.bmp,0,7,5,4,13,40,31,40,40,13,-1
01_13_07_05_0604.bmp,0,7,5,4,13,40,31,40,40,32,-1
01_13_07_05_0608.bmp,0,7,5,4,13,12,31,13,12,13,-1
01_13_07_05_0613.bmp,0,7,5,4,13,12,12,13,12,13,-1
01_13_07_05_0616.bmp,0,7,5,4,13,12,12,13,13,13,-1
01_13_07_05_0617.bmp,0,7,5,4,13,13,12,13,13,13,-1
01_13_07_05_0618.bmp,0,7,5,4,13,13,12,13,13,13,-1
01_13_07_05_0626.bmp,0,7,5,4,13,13,13,13,13,13,-1
01_03_02_03_0001.bmp,0,2,3,8,9,12,31,0,12,12,-1
01_03_02_03_0002.bmp,0,2,3,8,9,12,31,20,12,12,-1
01_03_02_03_0003.bmp,0,2,3,8,9,12,31,2,12,13,-1
01_03_02_03_0011.bmp,0,2,3,8,9,12,31,0,12,13,-1
01_03_02_03_0012.bmp,0,2,3,8,9,12,31,0,12,12,-1
01_03_02_03_0015.bmp,0,2,3,8,9,12,31,2,12,12,-1
01_03_02_03_0018.bmp,0,2,3,8,9,12,31,0,12,12,-1
01_03_02_03_0021.bmp,0,2,3,8,9,12,31,0,12,26,-1
01_03_02_03_0022.bmp,0,2,3,8,9,32,31,0,12,12,-1
01_03_02_03_0024.bmp,0,2,3,8,9,12,31,25,12,12,-1
01_03_02_03_0026.bmp,0,2,3,8,9,12,13,22,12,13,-1
01_03_02_03_0029.bmp,0,2,3,8,9,12,13,25,13,13,-1
01_03_02_03_0030.bmp,0,2,3,8,9,12,13,25,13,13,-1
01_03_02_03_0031.bmp,0,2,3,8,9,13,13,25,13,13,-1
01_03_02_03_0037.bmp,0,2,3,8,9,13,13,25,13,13,-1
01_03_02_03_0039.bmp,0,2,3,8,9,13,13,25,13,13,-1
01_03_02_03_0044.bmp,0,2,3,8,9,13,13,25,41,13,-1
01_03_02_03_0046.bmp,0,2,3,8,9,13,13,25,8,13,-1
01_03_02_03_0048.bmp,0,2,3,8,9,13,13,25,8,13,-1
01_03_02_03_0049.bmp,0,2,3,8,9,13,13,41,41,41,-1
01_03_02_03_0052.bmp,0,2,3,8,9,13,13,25,41,13,-1
01_03_02_03_0054.bmp,0,2,3,8,9,13,13,25,8,15,-1
01_03_02_03_0058.bmp,0,2,3,8,9,15,13,41,15,15,-1
01_03_02_03_0061.bmp,0,2,3,8,9,15,13,13,15,15,-1
01_03_02_03_0062.bmp,0,2,3,8,9,15,13,41,15,17,-1
01_03_02_03_0067.bmp,0,2,3,8,9,15,13,41,15,15,-1
01_03_02_03_0070.bmp,0,2,3,8,9,13,13,41,15,15,-1
01_03_02_03_0078.bmp,0,2,3,8,9,15,13,41,15,41,-1
01_03_02_03_0079.bmp,0,2,3,8,9,15,13,9,15,41,-1
01_03_02_03_0081.bmp,0,2,3,8,9,15,13,9,15,41,-1
01_03_02_03_0083.bmp,0,2,3,8,9,15,13,9,15,41,-1
01_03_02_03_0084.bmp,0,2,3,8,9,15,15,9,15,41,-1
01_06_02_03_0001.bmp,1,2,3,8,14,36,36,23,25,14,-1
01_06_02_03_0002.bmp,0,2,3,8,14,12,36,6,14,1,-1
01_06_02_03_0002.bmp,1,2,3,8,14,12,36,23,14,14,-1
01_06_02_03_0004.bmp,0,2,3,8,14,14,25,25,14,14,-1
01_06_02_03_0005.bmp,1,2,3,8,14,36,36,25,14,14,-1
01_06_02_03_0007.bmp,0,2,3,8,14,14,25,14,14,14,-1
01_06_02_03_0007.bmp,1,2,3,8,14,0,36,20,14,14,-1
01_06_02_03_0008.bmp,1,2,3,8,14,0,36,25,14,14,-1
01_06_02_03_0010.bmp,0,2,3,8,14,14,25,14,14,14,-1
01_06_02_03_0013.bmp,1,2,3,8,14,0,0,0,14,14,-1
01_06_02_03_0014.bmp,0,2,3,8,14,14,13,14,14,14,-1
01_06_02_03_0016.bmp,1,2,3,8,14,0,0,25,0,14,-1
01_06_02_03_0020.bmp,0,2,3,8,14,14,25,14,14,14,-1
01_06_02_03_0021.bmp,0,2,3,8,14,14,25,14,14,14,-1
01_06_02_03_0022.bmp,0,2,3,8,14,14,13,14,14,14,-1
01_06_02_03_0022.bmp,1,2,3,8,14,0,25,25,14,14,-1
01_06_02_03_0023.bmp,0,2,3,8,14,14,14,14,14,14,-1
01_06_02_03_0023.bmp,1,2,3,8,14,12,25,23,14,14,-1
01_06_02_03_0024.bmp,0,2,3,8,14,14,14,14,14,14,-1
01_06_02_03_0024.bmp,1,2,3,8,14,12,25,23,14,14,-1
01_06_02_03_0025.bmp,0,2,3,8,14,14,14,14,14,14,-1
01_06_02_03_0025.bmp,1,2,3,8,14,25,11,25,14,14,-1
01_06_02_03_0026.bmp,0,2,3,8,14,14,14,14,14,14,-1
01_06_02_03_0026.bmp,1,2,3,8,14,12,11,25,12,14,-1
01_06_02_03_0027.bmp,1,2,3,8,14,12,11,23,24,3,-1
01_06_02_03_0028.bmp,1,2,3,8,14,12,11,20,19,14,-1
01_06_02_03_0029.bmp,1,2,3,8,14,19,25,20,19,14,-1
01_06_02_03_0030.bmp,0,2,3,8,14,14,17,14,14,14,-1
01_06_02_03_0031.bmp,1,2,3,8,14,12,31,2,12,13,-1
01_06_02_03_0032.bmp,0,2,3,8,14,14,14,14,14,14,-1
01_06_02_03_0032.bmp,1,2,3,8,14,12,11,0,12,13,-1
01_06_02_03_0033.bmp,1,2,3,8,14,12,31,0,13,13,-1
01_06_02_03_0034.bmp,0,2,3,8,14,14,14,14,14,17,-1
01_06_02_03_0034.bmp,1,2,3,8,14,12,31,0,12,13,-1
01_06_02_03_0036.bmp,1,2,3,8,14,12,12,0,12,13,-1
01_06_02_03_0037.bmp,0,2,3,8,14,14,14,14,14,17,-1
01_06_02_03_0037.bmp,1,2,3,8,14,12,12,0,12,3,-1
01_06_02_03_0044.bmp,0,2,3,8,14,17,17,17,17,17,-1
01_06_02_03_0045.bmp,0,2,3,8,14,13,36,2,3,3,-1
01_06_02_03_0051.bmp,0,2,3,8,14,12,25,23,14,14,-1
01_06_02_03_0052.bmp,0,2,3,8,14,12,12,25,14,14,-1
01_06_02_03_0056.bmp,0,2,3,8,14,13,25,25,14,14,-1
01_06_02_03_0057.bmp,0,2,3,8,14,13,13,25,14,14,-1
01_06_02_03_0058.bmp,0,2,3,8,14,13,13,25,14,14,-1
01_06_02_03_0059.bmp,0,2,3,8,14,14,13,25,14,14,-1
01_06_02_03_0064.bmp,0,2,3,8,14,14,13,25,14,14,-1
01_06_02_03_0067.bmp,0,2,3,8,14,14,25,25,14,14,-1
01_06_02_03_0069.bmp,0,2,3,8,14,14,13,14,14,14,-1
01_06_02_03_0070.bmp,0,2,3,8,14,14,13,14,14,14,-1
01_06_02_03_0075.bmp,0,2,3,8,14,14,14,14,14,14,-1
01_06_02_03_0085.bmp,0,2,3,8,14,17,13,9,10,17,-1
01_06_02_03_0086.bmp,0,2,3,8,14,9,9,23,9,12,-1
01_11_02_03_0001.bmp,0,2,3,8,12,12,36,0,12,13,-1
01_11_02_03_0002.bmp,0,2,3,8,12,12,36,0,12,12,-1
01_11_02_03_0003.bmp,0,2,3,8,12,12,31,0,12,12,-1
01_11_02_03_0005.bmp,0,2,3,8,12,36,36,0,12,12,-1
01_11_02_03_0006.bmp,0,2,3,8,12,12,31,0,12,0,-1
01_11_02_03_0013.bmp,0,2,3,8,12,36,36,0,12,12,-1
01_11_02_03_0014.bmp,0,2,3,8,12,12,36,0,12,12,-1
01_11_02_03_0015.bmp,0,2,3,8,12,12,31,0,12,12,-1
01_11_02_03_0016.bmp,0,2,3,8,12,12,36,0,12,12,-1
01_11_02_03_0019.bmp,0,2,3,8,12,31,31,0,12,26,-1
01_11_02_03_0020.bmp,0,2,3,8,12,12,31,0,12,12,-1
01_11_02_03_0021.bmp,0,2,3,8,12,12,32,2,12,12,-1
01_11_02_03_0024.bmp,0,2,3,8,12,12,36,25,12,40,-1
01_11_02_03_0026.bmp,0,2,3,8,12,12,32,0,12,12,-1
01_11_02_03_0027.bmp,0,2,3,8,12,12,32,25,12,12,-1
01_11_02_03_0028.bmp,0,2,3,8,12,12,31,0,12,12,-1
01_11_02_03_0031.bmp,0,2,3,8,12,12,31,20,12,36,-1
01_11_02_03_0033.bmp,0,2,3,8,12,12,32,0,12,12,-1
01_11_02_03_0035.bmp,0,2,3,8,12,12,31,2,12,12,-1
01_11_02_03_0036.bmp,0,2,3,8,12,12,36,2,12,12,-1
01_11_02_03_0042.bmp,0,2,3,8,12,12,36,19,12,13,-1
01_11_02_03_0046.bmp,0,2,3,8,12,12,31,0,4,4,-1
01_11_02_03_0056.bmp,0,2,3,8,12,19,13,2,19,4,-1
01_11_02_03_0061.bmp,0,2,3,8,12,15,13,19,15,1,-1
01_11_02_03_0064.bmp,0,2,3,8,12,15,15,18,15,15,-1
01_11_02_03_0065.bmp,0,2,3,8,12,15,13,0,15,15,-1
01_11_02_03_0066.bmp,0,2,3,8,12,15,15,1,15,15,-1
01_11_02_03_0067.bmp,0,2,3,8,12,15,13,1,15,15,-1
01_11_02_03_0072.bmp,0,2,3,8,12,15,15,7,15,15,-1
01_11_02_03_0075.bmp,0,2,3,8,12,15,15,1,15,15,-1
01_12_02_03_0003.bmp,0,2,3,8,17,12,13,25,0,0,-1
01_12_02_03_0004.bmp,0,2,3,8,17,12,13,25,1,0,-1
01_12_02_03_0004.bmp,1,2,3,8,17,12,12,25,12,38,-1
01_12_02_03_0005.bmp,0,2,3,8,17,36,13,0,38,36,-1
01_12_02_03_0005.bmp,1,2,3,8,17,31,31,12,24,29,-1
01_12_02_03_0006.bmp,1,2,3,8,17,31,12,12,22,13,-1
01_12_02_03_0009.bmp,1,2,3,8,17,12,12,1,14,14,-1
01_12_02_03_0013.bmp,0,2,3,8,17,15,13,25,0,15,-1
01_12_02_03_0014.bmp,0,2,3,8,17,13,13,25,13,13,-1
01_12_02_03_0017.bmp,1,2,3,8,17,12,31,12,29,14,-1
01_12_02_03_0020.bmp,0,2,3,8,17,15,13,25,15,15,-1
01_12_02_03_0020.bmp,1,2,3,8,17,12,36,25,1,25,-1
01_12_02_03_0022.bmp,0,2,3,8,17,15,13,24,15,15,-1
01_12_02_03_0023.bmp,1,2,3,8,17,12,12,25,29,14,-1
01_12_02_03_0027.bmp,0,2,3,8,17,15,13,2,17,15,-1
01_12_02_03_0028.bmp,0,2,3,8,17,2,13,2,2,2,-1
01_12_02_03_0029.bmp,0,2,3,8,17,26,13,22,14,26,-1
01_12_02_03_0030.bmp,0,2,3,8,17,26,13,26,14,26,-1
01_12_02_03_0032.bmp,1,2,3,8,17,12,12,12,29,14,-1
01_12_02_03_0033.bmp,1,2,3,8,17,12,0,25,29,14,-1
01_12_02_03_0034.bmp,1,2,3,8,17,12,36,25,29,14,-1
01_12_02_03_0035.bmp,1,2,3,8,17,12,31,0,29,29,-1
01_12_02_03_0036.bmp,0,2,3,8,17,17,17,17,17,17,-1
01_12_02_03_0036.bmp,1,2,3,8,17,12,0,25,29,14,-1
01_12_02_03_0037.bmp,1,2,3,8,17,12,31,11,29,29,-1
01_12_02_03_0041.bmp,0,2,3,8,17,17,17,14,17,14,-1
01_12_02_03_0042.bmp,0,2,3,8,17,17,17,17,17,14,-1
01_12_02_03_0042.bmp,1,2,3,8,17,12,31,11,29,14,-1
01_12_02_03_0047.bmp,0,2,3,8,17,1,36,25,14,14,-1
01_12_02_03_0048.bmp,0,2,3,8,17,12,0,25,29,12,-1
01_12_02_03_0049.bmp,0,2,3,8,17,12,0,25,29,26,-1
01_12_02_03_0054.bmp,0,2,3,8,17,12,0,0,12,14,-1
01_12_02_03_0055.bmp,0,2,3,8,17,12,36,11,29,12,-1
01_12_02_03_0056.bmp,0,2,3,8,17,12,0,0,0,14,-1
01_12_02_03_0066.bmp,0,2,3,8,17,0,0,0,0,0,-1
01_12_02_03_0068.bmp,0,2,3,8,17,12,0,0,0,14,-1
01_12_02_03_0079.bmp,0,2,3,8,17,0,0,0,0,14,-1
01_12_02_03_0080.bmp,0,2,3,8,17,0,0,0,0,14,-1
01_12_02_03_0081.bmp,0,2,3,8,17,0,0,0,0,14,-1
01_12_02_03_0087.bmp,0,2,3,8,17,0,0,25,0,14,-1
01_12_02_03_0089.bmp,0,2,3,8,17,0,0,25,0,14,-1
01_12_02_03_0090.bmp,0,2,3,8,17,0,25,14,14,14,-1
01_12_02_03_0091.bmp,0,2,3,8,17,0,13,25,0,14,-1
01_12_02_03_0095.bmp,0,2,3,8,17,0,25,23,0,0,-1
01_12_02_03_0096.bmp,0,2,3,8,17,0,0,0,0,14,-1
01_12_02_03_0104.bmp,0,2,3,8,17,17,25,14,14,14,-1
01_12_02_03_0108.bmp,0,2,3,8,17,17,15,14,17,17,-1
01_12_02_03_0113.bmp,0,2,3,8,17,17,15,14,17,17,-1
01_13_02_03_0001.bmp,0,2,3,8,13,12,12,12,12,40,-1
01_13_02_03_0003.bmp,0,2,3,8,13,12,12,25,12,35,-1
01_13_02_03_0004.bmp,0,2,3,8,13,12,12,40,12,40,-1
01_13_02_03_0006.bmp,0,2,3,8,13,12,12,25,12,24,-1
01_13_02_03_0007.bmp,1,2,3,8,13,13,13,0,13,13,-1
01_13_02_03_0008.bmp,1,2,3,8,13,13,13,0,13,13,-1
01_13_02_03_0009.bmp,0,2,3,8,13,12,12,40,12,13,-1
01_13_02_03_0009.bmp,1,2,3,8,13,13,13,0,13,0,-1
01_13_02_03_0010.bmp,0,2,3,8,13,12,12,40,12,40,-1
01_13_02_03_0010.bmp,1,2,3,8,13,13,13,0,13,13,-1
01_13_02_03_0011.bmp,0,2,3,8,13,12,12,42,12,13,-1
01_13_02_03_0012.bmp,0,2,3,8,13,12,12,25,12,13,-1
01_13_02_03_0014.bmp,0,2,3,8,13,12,12,40,12,13,-1
01_13_02_03_0014.bmp,1,2,3,8,13,13,13,0,13,13,-1
01_13_02_03_0017.bmp,0,2,3,8,13,12,12,40,12,40,-1
01_13_02_03_0018.bmp,1,2,3,8,13,13,13,0,13,13,-1
01_13_02_03_0019.bmp,0,2,3,8,13,12,12,40,12,12,-1
01_13_02_03_0020.bmp,0,2,3,8,13,12,12,40,12,12,-1
01_13_02_03_0023.bmp,0,2,3,8,13,12,12,25,12,38,-1
01_13_02_03_0025.bmp,0,2,3,8,13,12,12,40,12,13,-1
01_13_02_03_0027.bmp,0,2,3,8,13,12,12,40,12,12,-1
01_13_02_03_0027.bmp,1,2,3,8,13,13,13,0,13,13,-1
01_13_02_03_0028.bmp,0,2,3,8,13,12,12,40,12,32,-1
01_13_02_03_0029.bmp,0,2,3,8,13,12,12,40,12,35,-1
01_13_02_03_0029.bmp,1,2,3,8,13,13,13,13,13,13,-1
01_13_02_03_0031.bmp,1,2,3,8,13,13,13,13,13,13,-1
01_13_02_03_0032.bmp,1,2,3,8,13,13,13,13,13,13,-1
01_13_02_03_0037.bmp,1,2,3,8,13,13,13,13,13,13,-1
01_13_02_03_0040.bmp,1,2,3,8,13,13,13,13,13,13,-1
01_13_02_03_0042.bmp,0,2,3,8,13,12,12,40,12,32,-1
01_13_02_03_0043.bmp,1,2,3,8,13,13,13,13,13,13,-1
01_13_02_03_0044.bmp,1,2,3,8,13,13,13,13,13,13,-1
01_13_02_03_0045.bmp,1,2,3,8,13,13,13,13,13,13,-1
01_13_02_03_0046.bmp,0,2,3,8,13,12,12,40,12,13,-1
01_13_02_03_0046.bmp,1,2,3,8,13,13,13,13,13,13,-1
01_13_02_03_0047.bmp,0,2,3,8,13,12,12,40,12,12,-1
01_13_02_03_0047.bmp,1,2,3,8,13,13,13,13,13,13,-1
01_13_02_03_0048.bmp,0,2,3,8,13,12,12,40,40,40,-1
01_13_02_03_0049.bmp,0,2,3,8,13,12,12,40,12,32,-1
01_13_02_03_0050.bmp,1,2,3,8,13,13,13,13,13,13,-1
01_13_02_03_0051.bmp,0,2,3,8,13,12,12,40,13,32,-1
01_13_02_03_0051.bmp,1,2,3,8,13,13,13,13,13,13,-1
01_13_02_03_0054.bmp,0,2,3,8,13,13,12,40,13,18,-1
01_13_02_03_0056.bmp,0,2,3,8,13,13,12,40,13,13,-1
01_13_02_03_0059.bmp,0,2,3,8,13,13,12,40,13,13,-1
01_13_02_03_0061.bmp,1,2,3,8,13,13,13,13,13,13,-1
01_13_02_03_0063.bmp,0,2,3,8,13,13,13,40,13,13,-1
01_13_02_03_0064.bmp,0,2,3,8,13,13,13,25,13,32,-1
01_13_02_03_0065.bmp,0,2,3,8,13,13,13,25,13,13,-1
01_13_02_03_0065.bmp,1,2,3,8,13,24,12,25,23,24,-1
01_13_02_03_0066.bmp,1,2,3,8,13,12,12,11,2,1,-1
01_13_02_03_0068.bmp,0,2,3,8,13,13,13,40,13,13,-1
01_13_02_03_0069.bmp,0,2,3,8,13,13,13,40,13,13,-1
01_13_02_03_0070.bmp,0,2,3,8,13,13,13,40,13,13,-1
01_13_02_03_0070.bmp,1,2,3,8,13,12,12,12,23,13,-1
01_13_02_03_0071.bmp,1,2,3,8,13,12,12,12,13,1,-1
01_13_02_03_0072.bmp,0,2,3,8,13,13,13,40,13,13,-1
01_13_02_03_0073.bmp,0,2,3,8,13,13,13,40,13,13,-1
01_13_02_03_0073.bmp,1,2,3,8,13,12,12,20,23,13,-1
01_13_02_03_0074.bmp,0,2,3,8,13,13,13,6,13,13,-1
01_13_02_03_0076.bmp,1,2,3,8,13,12,12,25,2,12,-1
01_13_02_03_0077.bmp,1,2,3,8,13,12,12,12,23,12,-1
01_13_02_03_0078.bmp,1,2,3,8,13,12,12,25,19,12,-1
01_13_02_03_0079.bmp,1,2,3,8,13,12,31,11,13,13,-1
01_13_02_03_0080.bmp,0,2,3,8,13,13,13,13,13,13,-1
01_13_02_03_0081.bmp,1,2,3,8,13,12,31,0,25,12,-1
01_13_02_03_0085.bmp,0,2,3,8,13,13,13,13,13,13,-1
01_13_02_03_0085.bmp,1,2,3,8,13,12,31,0,23,12,-1
01_13_02_03_0086.bmp,0,2,3,8,13,13,13,13,13,13,-1
01_13_02_03_0087.bmp,0,2,3,8,13,13,13,13,13,13,-1
01_13_02_03_0088.bmp,0,2,3,8,13,13,13,13,13,13,-1
01_13_02_03_0088.bmp,1,2,3,8,13,12,31,0,23,40,-1
01_13_02_03_0090.bmp,1,2,3,8,13,12,31,12,12,12,-1
01_13_02_03_0092.bmp,0,2,3,8,13,13,13,13,13,13,-1
01_13_02_03_0092.bmp,1,2,3,8,13,12,31,0,12,12,-1
01_13_02_03_0096.bmp,0,2,3,8,13,13,13,13,13,13,-1
01_13_02_03_0096.bmp,1,2,3,8,13,12,31,0,12,12,-1
01_13_02_03_0098.bmp,0,2,3,8,13,13,13,13,13,13,-1
01_13_02_03_0100.bmp,0,2,3,8,13,13,13,13,13,13,-1
01_13_02_03_0100.bmp,1,2,3,8,13,12,31,0,12,12,-1
01_13_02_03_0101.bmp,0,2,3,8,13,13,13,13,13,13,-1
01_13_02_03_0103.bmp,1,2,3,8,13,12,31,0,12,12,-1
01_13_02_03_0104.bmp,1,2,3,8,13,12,31,20,12,13,-1
01_13_02_03_0105.bmp,1,2,3,8,13,12,31,20,12,12,-1
01_13_02_03_0108.bmp,0,2,3,8,13,13,13,13,13,13,-1
01_13_02_03_0109.bmp,1,2,3,8,13,12,12,20,12,12,-1
01_13_02_03_0111.bmp,0,2,3,8,13,13,13,13,13,13,-1
01_13_02_03_0113.bmp,0,2,3,8,13,13,13,13,13,13,-1
01_13_02_03_0113.bmp,1,2,3,8,13,32,32,20,12,12,-1
01_13_02_03_0114.bmp,1,2,3,8,13,12,12,20,12,12,-1
01_13_02_03_0115.bmp,1,2,3,8,13,12,12,0,12,13,-1
01_13_02_03_0116.bmp,1,2,3,8,13,12,31,20,12,12,-1
01_13_02_03_0118.bmp,0,2,3,8,13,12,12,25,40,12,-1
01_13_02_03_0118.bmp,1,2,3,8,13,12,31,0,12,13,-1
01_13_02_03_0119.bmp,1,2,3,8,13,12,31,20,12,13,-1
01_13_02_03_0121.bmp,0,2,3,8,13,12,12,2,40,12,-1
01_13_02_03_0123.bmp,0,2,3,8,13,12,12,40,40,40,-1
01_13_02_03_0125.bmp,0,2,3,8,13,12,12,40,40,12,-1
01_13_02_03_0128.bmp,0,2,3,8,13,12,32,20,40,13,-1
01_13_02_03_0130.bmp,0,2,3,8,13,13,13,20,4,13,-1
01_13_02_03_0130.bmp,1,2,3,8,13,12,0,0,12,12,-1
01_13_02_03_0131.bmp,0,2,3,8,13,12,32,20,6,12,-1
01_13_02_03_0132.bmp,0,2,3,8,13,12,32,20,40,13,-1
01_13_02_03_0134.bmp,0,2,3,8,13,13,13,20,4,13,-1
01_13_02_03_0140.bmp,1,2,3,8,13,12,12,20,12,13,-1
01_13_02_03_0141.bmp,0,2,3,8,13,13,13,40,13,13,-1
01_13_02_03_0141.bmp,1,2,3,8,13,12,12,20,12,13,-1
01_13_02_03_0142.bmp,1,2,3,8,13,12,12,40,12,13,-1
01_13_02_03_0143.bmp,1,2,3,8,13,12,12,40,12,13,-1
01_13_02_03_0144.bmp,0,2,3,8,13,13,13,13,38,13,-1
01_13_02_03_0144.bmp,1,2,3,8,13,12,12,40,12,13,-1
01_13_02_03_0148.bmp,0,2,3,8,13,13,13,13,38,13,-1
01_13_02_03_0150.bmp,1,2,3,8,13,12,12,13,12,13,-1
01_13_02_03_0151.bmp,0,2,3,8,13,13,13,13,13,13,-1
01_13_02_03_0152.bmp,0,2,3,8,13,13,13,13,13,13,-1
01_13_02_03_0153.bmp,1,2,3,8,13,12,12,20,12,13,-1
01_13_02_03_0155.bmp,0,2,3,8,13,13,13,13,13,13,-1
01_13_02_03_0155.bmp,1,2,3,8,13,12,12,13,12,13,-1
01_13_02_03_0156.bmp,0,2,3,8,13,13,13,13,13,13,-1
01_13_02_03_0158.bmp,0,2,3,8,13,13,13,13,13,13,-1
01_13_02_03_0159.bmp,0,2,3,8,13,13,13,13,13,13,-1
01_13_02_03_0160.bmp,1,2,3,8,13,12,12,13,13,13,-1
01_13_02_03_0161.bmp,0,2,3,8,13,13,13,13,13,13,-1
01_13_02_03_0163.bmp,1,2,3,8,13,12,12,20,12,13,-1
01_13_02_03_0164.bmp,1,2,3,8,13,12,12,12,12,13,-1
01_13_02_03_0168.bmp,1,2,3,8,13,12,12,40,12,13,-1
01_13_02_03_0169.bmp,0,2,3,8,13,12,31,25,13,13,-1
01_13_02_03_0170.bmp,1,2,3,8,13,12,12,13,12,13,-1
01_13_02_03_0172.bmp,1,2,3,8,13,12,13,20,12,13,-1
01_13_02_03_0173.bmp,1,2,3,8,13,13,13,13,13,13,-1
01_13_02_03_0174.bmp,1,2,3,8,13,13,13,25,13,13,-1
01_13_02_03_0176.bmp,1,2,3,8,13,12,12,25,12,13,-1
01_13_02_03_0177.bmp,1,2,3,8,13,12,12,25,12,13,-1
01_13_02_03_0178.bmp,0,2,3,8,13,13,31,12,13,12,-1
01_13_02_03_0179.bmp,1,2,3,8,13,12,13,20,12,13,-1
01_13_02_03_0181.bmp,0,2,3,8,13,12,31,0,2,40,-1
01_13_02_03_0181.bmp,1,2,3,8,13,12,12,13,13,13,-1
01_13_02_03_0182.bmp,0,2,3,8,13,12,31,42,13,13,-1
01_13_02_03_0184.bmp,0,2,3,8,13,12,31,12,12,23,-1
01_13_02_03_0184.bmp,1,2,3,8,13,12,13,20,12,13,-1
01_13_02_03_0185.bmp,1,2,3,8,13,12,12,13,12,13,-1
01_13_02_03_0186.bmp,0,2,3,8,13,12,31,1,12,12,-1
01_13_02_03_0187.bmp,0,2,3,8,13,13,31,1,13,12,-1
01_13_02_03_0188.bmp,0,2,3,8,13,12,31,1,12,12,-1
01_13_02_03_0189.bmp,0,2,3,8,13,32,31,1,12,40,-1
01_13_02_03_0190.bmp,0,2,3,8,13,12,31,42,12,34,-1
01_13_02_03_0192.bmp,0,2,3,8,13,32,31,42,12,40,-1
01_13_02_03_0193.bmp,1,2,3,8,13,12,12,40,12,13,-1
01_13_02_03_0194.bmp,0,2,3,8,13,12,31,42,12,12,-1
01_13_02_03_0196.bmp,0,2,3,8,13,12,31,25,12,12,-1
01_13_02_03_0196.bmp,1,2,3,8,13,12,12,13,13,13,-1
01_13_02_03_0197.bmp,0,2,3,8,13,32,31,42,13,12,-1
01_13_02_03_0199.bmp,0,2,3,8,13,12,31,42,13,12,-1
01_13_02_03_0199.bmp,1,2,3,8,13,12,12,25,12,13,-1
01_13_02_03_0200.bmp,1,2,3,8,13,12,13,20,13,13,-1
01_13_02_03_0201.bmp,1,2,3,8,13,12,13,40,12,13,-1
01_13_02_03_0204.bmp,0,2,3,8,13,12,31,12,12,13,-1
01_13_02_03_0204.bmp,1,2,3,8,13,12,13,40,12,13,-1
01_13_02_03_0205.bmp,0,2,3,8,13,12,31,40,12,12,-1
01_13_02_03_0205.bmp,1,2,3,8,13,12,12,20,12,13,-1
01_13_02_03_0206.bmp,1,2,3,8,13,12,12,40,12,13,-1
01_13_02_03_0207.bmp,1,2,3,8,13,12,12,13,12,13,-1
01_13_02_03_0208.bmp,0,2,3,8,13,12,12,40,12,12,-1
01_13_02_03_0209.bmp,1,2,3,8,13,12,12,40,12,13,-1
01_13_02_03_0210.bmp,0,2,3,8,13,12,12,40,12,12,-1
01_13_02_03_0210.bmp,1,2,3,8,13,12,12,13,12,13,-1
01_13_02_03_0211.bmp,0,2,3,8,13,12,12,40,12,12,-1
01_13_02_03_0212.bmp,0,2,3,8,13,12,12,40,12,12,-1
01_13_02_03_0212.bmp,1,2,3,8,13,12,12,12,12,13,-1
01_13_02_03_0213.bmp,0,2,3,8,13,12,12,40,12,40,-1
01_13_02_03_0214.bmp,0,2,3,8,13,12,12,40,12,12,-1
01_13_02_03_0214.bmp,1,2,3,8,13,12,12,13,12,13,-1
01_13_02_03_0217.bmp,1,2,3,8,13,12,12,20,12,13,-1
01_13_02_03_0218.bmp,0,2,3,8,13,32,13,20,18,18,-1
01_13_02_03_0218.bmp,1,2,3,8,13,12,13,20,12,13,-1
01_13_02_03_0220.bmp,0,2,3,8,13,32,13,25,32,13,-1
01_13_02_03_0221.bmp,1,2,3,8,13,12,13,40,12,13,-1
01_13_02_03_0222.bmp,0,2,3,8,13,32,13,40,4,13,-1
01_13_02_03_0222.bmp,1,2,3,8,13,12,12,40,12,13,-1
01_13_02_03_0223.bmp,1,2,3,8,13,12,12,40,12,13,-1
01_13_02_03_0225.bmp,1,2,3,8,13,12,13,13,13,13,-1
01_13_02_03_0227.bmp,0,2,3,8,13,13,13,24,18,13,-1
01_13_02_03_0230.bmp,1,2,3,8,13,12,13,20,12,13,-1
01_13_02_03_0231.bmp,0,2,3,8,13,13,13,20,4,13,-1
01_13_02_03_0232.bmp,1,2,3,8,13,12,13,12,13,13,-1
01_13_02_03_0235.bmp,0,2,3,8,13,15,13,13,15,13,-1
01_13_02_03_0236.bmp,0,2,3,8,13,13,13,20,15,13,-1
01_13_02_03_0237.bmp,0,2,3,8,13,13,13,13,15,13,-1
01_13_02_03_0238.bmp,0,2,3,8,13,13,13,13,15,13,-1
01_13_02_03_0238.bmp,1,2,3,8,13,12,13,12,13,13,-1
01_13_02_03_0239.bmp,0,2,3,8,13,13,13,13,13,13,-1
01_13_02_03_0240.bmp,0,2,3,8,13,13,13,13,13,7,-1
01_13_02_03_0241.bmp,0,2,3,8,13,13,13,13,13,13,-1
01_13_02_03_0242.bmp,0,2,3,8,13,13,13,13,15,7,-1
01_13_02_03_0242.bmp,1,2,3,8,13,12,12,40,12,13,-1
01_13_02_03_0243.bmp,0,2,3,8,13,13,13,13,13,7,-1
01_13_02_03_0246.bmp,0,2,3,8,13,13,13,13,13,13,-1
01_13_02_03_0248.bmp,1,2,3,8,13,12,13,40,13,13,-1
01_13_02_03_0249.bmp,0,2,3,8,13,13,13,13,13,13,-1
01_13_02_03_0249.bmp,1,2,3,8,13,12,12,20,12,13,-1
01_13_02_03_0252.bmp,0,2,3,8,13,13,13,13,13,13,-1
01_13_02_03_0254.bmp,1,2,3,8,13,13,13,40,13,13,-1
01_13_02_03_0256.bmp,0,2,3,8,13,13,13,13,13,13,-1
01_13_02_03_0257.bmp,0,2,3,8,13,13,13,13,13,13,-1
01_13_02_03_0258.bmp,1,2,3,8,13,12,12,20,12,12,-1
01_13_02_03_0260.bmp,1,2,3,8,13,12,12,13,13,13,-1
01_13_02_03_0262.bmp,1,2,3,8,13,12,13,13,13,13,-1
01_13_02_03_0267.bmp,0,2,3,8,13,13,13,13,13,13,-1
01_13_02_03_0267.bmp,1,2,3,8,13,12,13,13,12,13,-1
01_13_02_03_0268.bmp,1,2,3,8,13,12,12,13,13,13,-1
01_13_02_03_0269.bmp,0,2,3,8,13,13,13,13,13,13,-1
01_13_02_03_0275.bmp,0,2,3,8,13,12,12,40,12,13,-1
01_13_02_03_0277.bmp,0,2,3,8,13,12,12,12,13,13,-1
01_13_02_03_0279.bmp,0,2,3,8,13,12,13,13,13,13,-1
01_13_02_03_0281.bmp,0,2,3,8,13,12,13,13,12,13,-1
01_13_02_03_0285.bmp,0,2,3,8,13,12,12,20,12,13,-1
01_13_02_03_0286.bmp,0,2,3,8,13,12,12,20,12,13,-1
01_13_02_03_0287.bmp,0,2,3,8,13,12,13,20,12,13,-1
01_13_02_03_0290.bmp,0,2,3,8,13,12,12,12,12,13,-1
01_13_02_03_0291.bmp,0,2,3,8,13,12,12,40,12,13,-1
01_13_02_03_0299.bmp,0,2,3,8,13,12,12,20,12,13,-1
01_13_02_03_0302.bmp,0,2,3,8,13,12,12,13,12,13,-1
01_13_02_03_0305.bmp,0,2,3,8,13,12,12,40,12,13,-1
01_13_02_03_0306.bmp,0,2,3,8,13,12,12,20,12,13,-1
01_13_02_03_0308.bmp,0,2,3,8,13,12,12,40,12,13,-1
01_13_02_03_0320.bmp,0,2,3,8,13,13,13,13,13,13,-1
01_13_02_03_0325.bmp,0,2,3,8,13,13,13,13,13,13,-1
01_13_02_03_0328.bmp,0,2,3,8,13,13,13,13,13,13,-1
01_13_02_03_0329.bmp,0,2,3,8,13,13,13,13,13,13,-1
01_13_02_03_0332.bmp,0,2,3,8,13,13,13,13,13,13,-1
01_13_02_03_0339.bmp,0,2,3,8,13,13,13,13,13,13,-1
01_13_02_03_0340.bmp,0,2,3,8,13,13,13,13,13,13,-1
01_13_02_03_0343.bmp,0,2,3,8,13,13,13,13,13,13,-1
01_13_02_03_0347.bmp,0,2,3,8,13,13,13,13,13,13,-1
01_13_02_03_0350.bmp,0,2,3,8,13,13,13,13,13,13,-1
01_13_02_03_0352.bmp,0,2,3,8,13,13,13,13,13,7,-1
01_13_02_03_0353.bmp,0,2,3,8,13,13,13,13,13,7,-1
01_13_02_03_0354.bmp,0,2,3,8,13,13,13,13,13,7,-1
01_13_02_03_0355.bmp,0,2,3,8,13,13,13,13,13,7,-1
01_13_02_03_0357.bmp,0,2,3,8,13,13,13,13,13,13,-1
01_13_02_03_0358.bmp,0,2,3,8,13,32,13,13,13,13,-1
01_13_02_03_0360.bmp,0,2,3,8,13,13,13,13,15,13,-1
01_13_02_03_0363.bmp,0,2,3,8,13,15,13,8,15,13,-1
01_13_02_03_0367.bmp,0,2,3,8,13,13,13,13,15,13,-1
01_13_02_03_0372.bmp,0,2,3,8,13,15,13,13,15,15,-1
01_13_02_03_0373.bmp,0,2,3,8,13,13,13,13,15,13,-1
01_13_02_03_0376.bmp,0,2,3,8,13,13,13,13,15,13,-1
01_13_02_03_0379.bmp,0,2,3,8,13,13,13,13,15,13,-1
01_13_02_03_0381.bmp,0,2,3,8,13,13,13,13,13,13,-1
01_13_02_03_0384.bmp,0,2,3,8,13,15,15,13,15,4,-1
01_13_02_03_0387.bmp,0,2,3,8,13,12,31,11,7,40,-1
01_13_02_03_0388.bmp,0,2,3,8,13,12,31,42,7,40,-1
01_13_02_03_0390.bmp,0,2,3,8,13,12,12,42,40,13,-1
01_13_02_03_0391.bmp,0,2,3,8,13,12,31,11,40,13,-1
01_13_02_03_0395.bmp,0,2,3,8,13,12,31,11,12,12,-1
01_13_02_03_0396.bmp,0,2,3,8,13,12,31,42,12,13,-1
01_13_02_03_0402.bmp,0,2,3,8,13,12,31,11,12,13,-1
01_13_02_03_0407.bmp,0,2,3,8,13,12,31,42,40,13,-1
01_13_02_03_0409.bmp,0,2,3,8,13,12,31,42,12,12,-1
01_13_02_03_0414.bmp,0,2,3,8,13,12,31,42,12,13,-1
01_13_02_03_0423.bmp,0,2,3,8,13,12,31,1,12,38,-1
01_13_02_03_0424.bmp,0,2,3,8,13,13,31,11,13,0,-1
01_13_02_03_0426.bmp,0,2,3,8,13,12,31,0,12,13,-1
01_13_02_03_0427.bmp,0,2,3,8,13,12,31,11,12,38,-1
01_13_02_03_0428.bmp,0,2,3,8,13,13,31,1,13,38,-1
01_13_02_03_0434.bmp,0,2,3,8,13,32,31,25,12,13,-1
01_13_02_03_0437.bmp,0,2,3,8,13,12,31,0,12,18,-1
01_13_02_03_0438.bmp,0,2,3,8,13,32,31,25,32,13,-1
01_13_02_03_0443.bmp,0,2,3,8,13,32,32,25,13,13,-1
01_13_02_03_0445.bmp,0,2,3,8,13,32,32,25,13,13,-1
01_13_02_03_0446.bmp,0,2,3,8,13,32,32,25,32,12,-1
01_13_02_03_0447.bmp,0,2,3,8,13,32,31,25,32,32,-1
01_13_02_03_0449.bmp,0,2,3,8,13,12,13,40,12,13,-1
01_13_02_03_0451.bmp,0,2,3,8,13,12,13,25,12,13,-1
01_13_02_03_0455.bmp,0,2,3,8,13,13,13,24,13,13,-1
01_13_02_03_0460.bmp,0,2,3,8,13,13,13,25,13,13,-1
01_13_02_03_0463.bmp,0,2,3,8,13,13,13,20,13,13,-1
01_13_02_03_0464.bmp,0,2,3,8,13,13,13,40,13,13,-1
01_13_02_03_0467.bmp,0,2,3,8,13,13,13,40,13,13,-1
01_13_02_03_0471.bmp,0,2,3,8,13,13,13,25,13,13,-1
01_13_02_03_0474.bmp,0,2,3,8,13,13,13,40,18,13,-1
01_13_02_03_0477.bmp,0,2,3,8,13,13,13,13,13,13,-1
01_13_02_03_0478.bmp,0,2,3,8,13,13,13,13,13,13,-1
01_13_02_03_0480.bmp,0,2,3,8,13,13,13,13,13,13,-1
01_13_02_03_0488.bmp,0,2,3,8,13,13,13,13,13,13,-1
01_13_02_03_0491.bmp,0,2,3,8,13,13,13,13,13,13,-1
01_13_02_03_0493.bmp,0,2,3,8,13,13,13,13,13,13,-1
01_13_02_03_0495.bmp,0,2,3,8,13,13,13,13,13,13,-1
01_13_02_03_0502.bmp,0,2,3,8,13,13,13,13,13,13,-1
01_13_02_03_0503.bmp,0,2,3,8,13,13,13,13,13,13,-1
01_13_02_03_0505.bmp,0,2,3,8,13,13,13,13,13,13,-1
01_13_02_03_0508.bmp,0,2,3,8,13,13,13,13,13,13,-1
01_13_02_03_0509.bmp,0,2,3,8,13,13,13,13,13,13,-1
01_13_02_03_0513.bmp,0,2,3,8,13,13,13,13,13,13,-1
01_13_02_03_0514.bmp,0,2,3,8,13,13,13,13,13,13,-1
01_13_02_03_0515.bmp,0,2,3,8,13,14,13,14,14,14,-1
01_13_02_03_0517.bmp,0,2,3,8,13,12,31,1,12,12,-1
01_13_02_03_0521.bmp,0,2,3,8,13,32,31,42,12,12,-1
01_13_02_03_0523.bmp,0,2,3,8,13,13,31,40,13,13,-1
01_13_02_03_0525.bmp,0,2,3,8,13,12,31,40,12,12,-1
01_13_02_03_0526.bmp,0,2,3,8,13,32,31,25,32,13,-1
01_13_02_03_0532.bmp,0,2,3,8,13,32,31,1,12,13,-1
01_13_02_03_0534.bmp,0,2,3,8,13,32,31,1,12,12,-1
01_13_02_03_0535.bmp,0,2,3,8,13,12,12,40,12,40,-1
01_13_02_03_0536.bmp,0,2,3,8,13,32,31,42,12,13,-1
01_13_02_03_0538.bmp,0,2,3,8,13,32,31,25,40,40,-1
01_13_02_03_0539.bmp,0,2,3,8,13,12,12,40,40,12,-1
01_13_02_03_0540.bmp,0,2,3,8,13,32,31,1,12,12,-1
01_13_02_03_0547.bmp,0,2,3,8,13,12,12,40,12,40,-1
01_13_02_03_0550.bmp,0,2,3,8,13,32,31,12,13,25,-1
01_13_02_03_0551.bmp,0,2,3,8,13,12,12,40,12,12,-1
01_13_02_03_0554.bmp,0,2,3,8,13,32,31,42,32,40,-1
01_13_02_03_0555.bmp,0,2,3,8,13,12,12,40,40,13,-1
01_13_02_03_0560.bmp,0,2,3,8,13,12,31,12,12,12,-1
01_13_02_03_0561.bmp,0,2,3,8,13,12,12,40,12,13,-1
01_13_02_03_0562.bmp,0,2,3,8,13,12,31,1,12,34,-1
01_13_02_03_0563.bmp,0,2,3,8,13,12,12,40,12,13,-1
01_13_02_03_0569.bmp,0,2,3,8,13,13,12,40,13,13,-1
01_13_02_03_0574.bmp,0,2,3,8,13,12,31,6,12,40,-1
01_13_02_03_0575.bmp,0,2,3,8,13,13,13,40,13,13,-1
01_13_02_03_0576.bmp,0,2,3,8,13,32,32,40,12,13,-1
01_13_02_03_0577.bmp,0,2,3,8,13,13,13,40,13,13,-1
01_13_02_03_0579.bmp,0,2,3,8,13,12,12,40,40,13,-1
01_13_02_03_0581.bmp,0,2,3,8,13,13,13,40,13,13,-1
01_13_02_03_0583.bmp,0,2,3,8,13,12,12,40,13,13,-1
01_13_02_03_0584.bmp,0,2,3,8,13,32,32,0,13,12,-1
01_13_02_03_0588.bmp,0,2,3,8,13,13,32,40,12,13,-1
01_13_02_03_0589.bmp,0,2,3,8,13,13,13,40,13,13,-1
01_13_02_03_0591.bmp,0,2,3,8,13,13,13,13,13,13,-1
01_13_02_03_0600.bmp,0,2,3,8,13,13,13,40,13,13,-1
01_13_02_03_0605.bmp,0,2,3,8,13,13,13,13,13,13,-1
01_13_02_03_0610.bmp,0,2,3,8,13,13,13,13,13,13,-1
01_13_02_03_0613.bmp,0,2,3,8,13,13,13,13,13,13,-1
01_13_02_03_0615.bmp,0,2,3,8,13,13,13,13,13,13,-1
01_13_02_03_0621.bmp,0,2,3,8,13,13,13,13,13,13,-1
01_13_02_03_0622.bmp,0,2,3,8,13,13,13,13,13,13,-1
01_13_02_03_0624.bmp,0,2,3,8,13,13,13,13,13,13,-1
01_13_02_03_0626.bmp,0,2,3,8,13,13,13,13,13,7,-1
01_03_02_04_0002.bmp,0,2,4,8,9,12,31,0,12,12,-1
01_03_02_04_0004.bmp,0,2,4,8,9,12,32,20,12,40,-1
01_03_02_04_0009.bmp,0,2,4,8,9,12,31,22,12,12,-1
01_03_02_04_0010.bmp,0,2,4,8,9,12,31,22,12,12,-1
01_03_02_04_0018.bmp,0,2,4,8,9,12,31,22,12,12,-1
01_03_02_04_0025.bmp,0,2,4,8,9,32,31,20,12,12,-1
01_03_02_04_0028.bmp,0,2,4,8,9,12,32,40,12,12,-1
01_03_02_04_0029.bmp,0,2,4,8,9,12,31,25,12,12,-1
01_03_02_04_0030.bmp,0,2,4,8,9,12,31,25,12,12,-1
01_03_02_04_0038.bmp,0,2,4,8,9,12,32,20,12,13,-1
01_03_02_04_0042.bmp,0,2,4,8,9,12,32,19,40,19,-1
01_03_02_04_0044.bmp,0,2,4,8,9,40,19,25,40,19,-1
01_03_02_04_0046.bmp,0,2,4,8,9,32,32,25,40,13,-1
01_03_02_04_0048.bmp,0,2,4,8,9,32,13,25,32,13,-1
01_03_02_04_0049.bmp,0,2,4,8,9,32,32,25,40,41,-1
01_03_02_04_0055.bmp,0,2,4,8,9,13,13,25,40,13,-1
01_03_02_04_0059.bmp,0,2,4,8,9,19,13,24,19,9,-1
01_03_02_04_0060.bmp,0,2,4,8,9,19,13,41,15,13,-1
01_03_02_04_0065.bmp,0,2,4,8,9,13,13,41,15,41,-1
01_03_02_04_0066.bmp,0,2,4,8,9,13,13,13,15,14,-1
01_03_02_04_0068.bmp,0,2,4,8,9,13,13,13,15,26,-1
01_03_02_04_0069.bmp,0,2,4,8,9,13,13,41,15,14,-1
01_03_02_04_0071.bmp,0,2,4,8,9,15,13,13,15,41,-1
01_03_02_04_0073.bmp,0,2,4,8,9,15,13,41,15,15,-1
01_03_02_04_0074.bmp,0,2,4,8,9,15,13,41,15,41,-1
01_03_02_04_0076.bmp,0,2,4,8,9,15,13,41,15,41,-1
01_03_02_04_0077.bmp,0,2,4,8,9,15,13,41,15,15,-1
01_03_02_04_0078.bmp,0,2,4,8,9,15,13,41,15,15,-1
01_03_02_04_0079.bmp,0,2,4,8,9,15,13,15,15,15,-1
01_03_02_04_0080.bmp,0,2,4,8,9,15,13,9,15,15,-1
01_03_02_04_0081.bmp,0,2,4,8,9,15,13,9,15,15,-1
01_03_02_04_0084.bmp,0,2,4,8,9,15,13,15,15,15,-1
01_06_02_04_0002.bmp,1,2,4,8,14,12,36,25,14,14,-1
01_06_02_04_0003.bmp,0,2,4,8,14,36,36,23,14,14,-1
01_06_02_04_0004.bmp,1,2,4,8,14,36,36,25,1,29,-1
01_06_02_04_0005.bmp,1,2,4,8,14,12,36,20,14,24,-1
01_06_02_04_0006.bmp,0,2,4,8,14,15,25,0,14,14,-1
01_06_02_04_0006.bmp,1,2,4,8,14,36,36,20,14,14,-1
01_06_02_04_0008.bmp,0,2,4,8,14,0,25,25,14,14,-1
01_06_02_04_0008.bmp,1,2,4,8,14,36,36,23,0,0,-1
01_06_02_04_0011.bmp,0,2,4,8,14,14,25,14,14,14,-1
01_06_02_04_0012.bmp,1,2,4,8,14,0,36,0,0,1,-1
01_06_02_04_0014.bmp,1,2,4,8,14,0,36,0,0,14,-1
01_06_02_04_0015.bmp,0,2,4,8,14,14,25,14,14,14,-1
01_06_02_04_0016.bmp,1,2,4,8,14,0,11,25,0,14,-1
01_06_02_04_0017.bmp,1,2,4,8,14,0,11,25,0,0,-1
01_06_02_04_0018.bmp,0,2,4,8,14,14,25,24,14,14,-1
01_06_02_04_0018.bmp,1,2,4,8,14,0,0,20,0,14,-1
01_06_02_04_0020.bmp,0,2,4,8,14,14,25,14,14,14,-1
01_06_02_04_0022.bmp,1,2,4,8,14,12,11,25,0,14,-1
01_06_02_04_0023.bmp,0,2,4,8,14,14,25,14,14,14,-1
01_06_02_04_0023.bmp,1,2,4,8,14,25,11,25,0,14,-1
01_06_02_04_0024.bmp,0,2,4,8,14,14,25,14,14,14,-1
01_06_02_04_0024.bmp,1,2,4,8,14,12,11,23,0,14,-1
01_06_02_04_0025.bmp,0,2,4,8,14,14,25,14,14,14,-1
01_06_02_04_0027.bmp,0,2,4,8,14,14,25,14,14,14,-1
01_06_02_04_0028.bmp,1,2,4,8,14,12,11,20,12,14,-1
01_06_02_04_0031.bmp,0,2,4,8,14,14,13,14,14,14,-1
01_06_02_04_0032.bmp,0,2,4,8,14,14,14,14,14,14,-1
01_06_02_04_0037.bmp,0,2,4,8,14,14,14,14,14,14,-1
01_06_02_04_0038.bmp,0,2,4,8,14,14,14,14,14,14,-1
01_06_02_04_0040.bmp,0,2,4,8,14,14,14,14,14,14,-1
01_06_02_04_0042.bmp,1,2,4,8,14,12,12,2,3,3,-1
01_06_02_04_0044.bmp,1,2,4,8,14,12,12,0,13,13,-1
01_06_02_04_0047.bmp,0,2,4,8,14,13,12,0,13,13,-1
01_06_02_04_0050.bmp,0,2,4,8,14,13,12,0,4,13,-1
01_06_02_04_0055.bmp,0,2,4,8,14,12,12,25,14,14,-1
01_06_02_04_0058.bmp,0,2,4,8,14,13,13,23,14,14,-1
01_06_02_04_0060.bmp,0,2,4,8,14,13,25,13,14,1,-1
01_06_02_04_0062.bmp,0,2,4,8,14,13,12,23,14,14,-1
01_06_02_04_0063.bmp,0,2,4,8,14,14,13,25,14,14,-1
01_06_02_04_0064.bmp,0,2,4,8,14,13,25,23,14,14,-1
01_06_02_04_0065.bmp,0,2,4,8,14,13,13,25,14,14,-1
01_06_02_04_0066.bmp,0,2,4,8,14,13,25,23,14,14,-1
01_06_02_04_0068.bmp,0,2,4,8,14,13,12,25,14,14,-1
01_06_02_04_0070.bmp,0,2,4,8,14,14,25,13,14,14,-1
01_06_02_04_0071.bmp,0,2,4,8,14,14,13,25,14,14,-1
01_06_02_04_0081.bmp,0,2,4,8,14,14,25,2,14,14,-1
01_06_02_04_0086.bmp,0,2,4,8,14,12,12,0,7,9,-1
01_06_02_04_0087.bmp,0,2,4,8,14,17,17,14,17,8,-1
01_11_02_04_0002.bmp,0,2,4,8,12,12,36,0,12,25,-1
01_11_02_04_0004.bmp,0,2,4,8,12,36,36,1,12,25,-1
01_11_02_04_0006.bmp,0,2,4,8,12,31,31,0,12,0,-1
01_11_02_04_0007.bmp,0,2,4,8,12,12,31,0,12,12,-1
01_11_02_04_0008.bmp,0,2,4,8,12,31,31,0,12,13,-1
01_11_02_04_0009.bmp,0,2,4,8,12,12,36,0,12,0,-1
01_11_02_04_0010.bmp,0,2,4,8,12,12,31,0,12,26,-1
01_11_02_04_0012.bmp,0,2,4,8,12,12,36,0,12,12,-1
01_11_02_04_0015.bmp,0,2,4,8,12,12,36,0,12,12,-1
01_11_02_04_0020.bmp,0,2,4,8,12,12,31,0,12,12,-1
01_11_02_04_0021.bmp,0,2,4,8,12,12,32,25,12,12,-1
01_11_02_04_0025.bmp,0,2,4,8,12,12,32,0,12,12,-1
01_11_02_04_0027.bmp,0,2,4,8,12,12,32,0,12,12,-1
01_11_02_04_0028.bmp,0,2,4,8,12,12,31,19,12,12,-1
01_11_02_04_0030.bmp,0,2,4,8,12,12,32,0,12,12,-1
01_11_02_04_0031.bmp,0,2,4,8,12,12,32,20,12,12,-1
01_11_02_04_0032.bmp,0,2,4,8,12,12,32,0,12,12,-1
01_11_02_04_0033.bmp,0,2,4,8,12,12,32,25,12,12,-1
01_11_02_04_0035.bmp,0,2,4,8,12,12,32,19,12,19,-1
01_11_02_04_0036.bmp,0,2,4,8,12,12,32,2,12,12,-1
01_11_02_04_0039.bmp,0,2,4,8,12,12,32,0,12,12,-1
01_11_02_04_0040.bmp,0,2,4,8,12,12,32,19,19,12,-1
01_11_02_04_0049.bmp,0,2,4,8,12,12,32,19,4,4,-1
01_11_02_04_0054.bmp,0,2,4,8,12,12,32,25,4,4,-1
01_11_02_04_0061.bmp,0,2,4,8,12,12,13,25,4,4,-1
01_11_02_04_0062.bmp,0,2,4,8,12,12,13,24,4,4,-1
01_11_02_04_0065.bmp,0,2,4,8,12,12,13,25,15,4,-1
01_11_02_04_0068.bmp,0,2,4,8,12,15,13,25,15,1,-1
01_11_02_04_0070.bmp,0,2,4,8,12,15,13,41,15,8,-1
01_11_02_04_0073.bmp,0,2,4,8,12,15,15,1,15,1,-1
01_11_02_04_0074.bmp,0,2,4,8,12,15,15,32,15,15,-1
01_11_02_04_0076.bmp,0,2,4,8,12,15,15,1,15,15,-1
01_11_02_04_0077.bmp,0,2,4,8,12,15,15,1,15,1,-1
01_12_02_04_0002.bmp,1,2,4,8,17,12,12,12,12,1,-1
01_12_02_04_0004.bmp,0,2,4,8,17,13,36,25,1,1,-1
01_12_02_04_0006.bmp,0,2,4,8,17,36,36,25,13,13,-1
01_12_02_04_0007.bmp,0,2,4,8,17,36,36,25,1,13,-1
01_12_02_04_0008.bmp,1,2,4,8,17,12,12,11,24,12,-1
01_12_02_04_0009.bmp,0,2,4,8,17,12,36,25,1,13,-1
01_12_02_04_0010.bmp,1,2,4,8,17,12,31,42,12,12,-1
01_12_02_04_0011.bmp,1,2,4,8,17,12,12,12,24,12,-1
01_12_02_04_0012.bmp,1,2,4,8,17,12,31,11,12,12,-1
01_12_02_04_0013.bmp,0,2,4,8,17,12,13,25,13,13,-1
01_12_02_04_0013.bmp,1,2,4,8,17,12,31,12,12,17,-1
01_12_02_04_0014.bmp,0,2,4,8,17,36,36,0,1,12,-1
01_12_02_04_0015.bmp,1,2,4,8,17,31,12,11,24,14,-1
01_12_02_04_0017.bmp,0,2,4,8,17,0,36,25,1,13,-1
01_12_02_04_0017.bmp,1,2,4,8,17,12,12,12,12,14,-1
01_12_02_04_0018.bmp,0,2,4,8,17,12,13,25,1,13,-1
01_12_02_04_0018.bmp,1,2,4,8,17,31,31,12,12,23,-1
01_12_02_04_0019.bmp,1,2,4,8,17,12,12,11,12,1,-1
01_12_02_04_0023.bmp,0,2,4,8,17,15,13,25,15,15,-1
01_12_02_04_0023.bmp,1,2,4,8,17,12,12,12,12,13,-1
01_12_02_04_0025.bmp,1,2,4,8,17,12,12,11,12,13,-1
01_12_02_04_0026.bmp,0,2,4,8,17,15,13,25,15,26,-1
01_12_02_04_0027.bmp,1,2,4,8,17,12,12,0,12,12,-1
01_12_02_04_0028.bmp,0,2,4,8,17,2,13,2,2,2,-1
01_12_02_04_0029.bmp,0,2,4,8,17,2,13,2,2,2,-1
01_12_02_04_0031.bmp,1,2,4,8,17,12,12,0,12,14,-1
01_12_02_04_0032.bmp,0,2,4,8,17,14,13,14,14,14,-1
01_12_02_04_0033.bmp,1,2,4,8,17,12,12,12,12,14,-1
01_12_02_04_0034.bmp,1,2,4,8,17,12,12,12,12,12,-1
01_12_02_04_0035.bmp,1,2,4,8,17,12,12,11,29,29,-1
01_12_02_04_0038.bmp,0,2,4,8,17,17,17,14,17,14,-1
01_12_02_04_0038.bmp,1,2,4,8,17,12,31,12,29,14,-1
01_12_02_04_0040.bmp,0,2,4,8,17,17,26,14,17,14,-1
01_12_02_04_0040.bmp,1,2,4,8,17,12,36,13,29,14,-1
01_12_02_04_0042.bmp,1,2,4,8,17,12,12,25,29,14,-1
01_12_02_04_0045.bmp,0,2,4,8,17,12,12,25,29,14,-1
01_12_02_04_0049.bmp,0,2,4,8,17,12,36,11,29,1,-1
01_12_02_04_0052.bmp,0,2,4,8,17,12,36,0,1,14,-1
01_12_02_04_0053.bmp,0,2,4,8,17,12,0,11,29,12,-1
01_12_02_04_0056.bmp,0,2,4,8,17,12,0,0,12,0,-1
01_12_02_04_0058.bmp,0,2,4,8,17,12,0,0,0,0,-1
01_12_02_04_0061.bmp,0,2,4,8,17,12,0,0,12,14,-1
01_12_02_04_0062.bmp,0,2,4,8,17,12,0,0,0,14,-1
01_12_02_04_0063.bmp,0,2,4,8,17,12,0,0,12,0,-1
01_12_02_04_0064.bmp,0,2,4,8,17,0,36,0,0,0,-1
01_12_02_04_0065.bmp,0,2,4,8,17,12,0,0,12,12,-1
01_12_02_04_0066.bmp,0,2,4,8,17,12,0,0,12,12,-1
01_12_02_04_0068.bmp,0,2,4,8,17,12,0,0,12,14,-1
01_12_02_04_0069.bmp,0,2,4,8,17,12,0,0,12,12,-1
01_12_02_04_0072.bmp,0,2,4,8,17,12,36,11,0,12,-1
01_12_02_04_0075.bmp,0,2,4,8,17,12,0,0,12,12,-1
01_12_02_04_0077.bmp,0,2,4,8,17,12,0,0,12,1,-1
01_12_02_04_0078.bmp,0,2,4,8,17,12,0,0,12,14,-1
01_12_02_04_0079.bmp,0,2,4,8,17,12,0,0,0,14,-1
01_12_02_04_0080.bmp,0,2,4,8,17,12,0,0,12,14,-1
01_12_02_04_0081.bmp,0,2,4,8,17,12,0,0,12,29,-1
01_12_02_04_0082.bmp,0,2,4,8,17,12,0,0,12,14,-1
01_12_02_04_0083.bmp,0,2,4,8,17,12,0,25,0,1,-1
01_12_02_04_0085.bmp,0,2,4,8,17,12,0,0,12,1,-1
01_12_02_04_0089.bmp,0,2,4,8,17,0,0,0,0,14,-1
01_12_02_04_0090.bmp,0,2,4,8,17,0,36,23,0,14,-1
01_12_02_04_0091.bmp,0,2,4,8,17,0,11,25,0,14,-1
01_12_02_04_0093.bmp,0,2,4,8,17,0,36,0,0,14,-1
01_12_02_04_0096.bmp,0,2,4,8,17,0,0,23,0,14,-1
01_12_02_04_0100.bmp,0,2,4,8,17,0,25,25,0,14,-1
01_12_02_04_0101.bmp,0,2,4,8,17,0,0,25,0,14,-1
01_12_02_04_0112.bmp,0,2,4,8,17,17,13,14,14,14,-1
01_12_02_04_0114.bmp,0,2,4,8,17,17,15,14,17,26,-1
01_13_02_04_0001.bmp,1,2,4,8,13,11,11,0,13,25,-1
01_13_02_04_0003.bmp,0,2,4,8,13,12,12,0,12,38,-1
01_13_02_04_0004.bmp,0,2,4,8,13,12,12,42,12,23,-1
01_13_02_04_0005.bmp,1,2,4,8,13,13,11,0,13,12,-1
01_13_02_04_0007.bmp,1,2,4,8,13,13,11,25,13,13,-1
01_13_02_04_0010.bmp,1,2,4,8,13,13,11,0,13,0,-1
01_13_02_04_0012.bmp,0,2,4,8,13,12,12,25,12,40,-1
01_13_02_04_0012.bmp,1,2,4,8,13,13,11,0,13,13,-1
01_13_02_04_0014.bmp,0,2,4,8,13,12,12,6,12,23,-1
01_13_02_04_0015.bmp,0,2,4,8,13,12,12,25,12,40,-1
01_13_02_04_0015.bmp,1,2,4,8,13,13,11,0,13,13,-1
01_13_02_04_0016.bmp,0,2,4,8,13,12,12,40,12,13,-1
01_13_02_04_0017.bmp,1,2,4,8,13,13,11,0,13,12,-1
01_13_02_04_0018.bmp,0,2,4,8,13,12,12,12,12,40,-1
01_13_02_04_0020.bmp,0,2,4,8,13,12,12,40,12,40,-1
01_13_02_04_0021.bmp,0,2,4,8,13,12,12,40,12,34,-1
01_13_02_04_0021.bmp,1,2,4,8,13,13,11,0,13,13,-1
01_13_02_04_0022.bmp,1,2,4,8,13,13,11,2,13,13,-1
01_13_02_04_0026.bmp,0,2,4,8,13,12,12,12,12,12,-1
01_13_02_04_0026.bmp,1,2,4,8,13,13,13,25,13,13,-1
01_13_02_04_0027.bmp,1,2,4,8,13,13,13,0,13,13,-1
01_13_02_04_0028.bmp,0,2,4,8,13,12,12,40,12,12,-1
01_13_02_04_0029.bmp,1,2,4,8,13,13,13,0,13,13,-1
01_13_02_04_0030.bmp,0,2,4,8,13,12,12,40,12,13,-1
01_13_02_04_0031.bmp,0,2,4,8,13,12,12,40,12,13,-1
01_13_02_04_0031.bmp,1,2,4,8,13,13,11,0,13,13,-1
01_13_02_04_0032.bmp,0,2,4,8,13,12,12,25,12,13,-1
01_13_02_04_0034.bmp,1,2,4,8,13,13,13,25,13,13,-1
01_13_02_04_0035.bmp,0,2,4,8,13,12,12,6,12,40,-1
01_13_02_04_0036.bmp,0,2,4,8,13,12,12,12,12,25,-1
01_13_02_04_0036.bmp,1,2,4,8,13,13,11,25,13,13,-1
01_13_02_04_0037.bmp,1,2,4,8,13,13,13,0,13,13,-1
01_13_02_04_0040.bmp,1,2,4,8,13,13,13,13,13,13,-1
01_13_02_04_0041.bmp,1,2,4,8,13,13,13,25,13,13,-1
01_13_02_04_0043.bmp,0,2,4,8,13,12,12,40,12,13,-1
01_13_02_04_0044.bmp,1,2,4,8,13,13,13,13,13,13,-1
01_13_02_04_0048.bmp,1,2,4,8,13,13,13,13,13,13,-1
01_13_02_04_0049.bmp,1,2,4,8,13,13,13,13,13,13,-1
01_13_02_04_0050.bmp,0,2,4,8,13,12,12,40,12,12,-1
01_13_02_04_0050.bmp,1,2,4,8,13,13,13,13,13,13,-1
01_13_02_04_0051.bmp,0,2,4,8,13,12,12,40,12,13,-1
01_13_02_04_0052.bmp,1,2,4,8,13,13,13,13,13,13,-1
01_13_02_04_0053.bmp,1,2,4,8,13,13,13,13,13,13,-1
01_13_02_04_0059.bmp,1,2,4,8,13,13,13,13,13,13,-1
01_13_02_04_0063.bmp,1,2,4,8,13,23,12,20,23,23,-1
01_13_02_04_0065.bmp,1,2,4,8,13,12,12,0,13,13,-1
01_13_02_04_0068.bmp,0,2,4,8,13,13,12,40,13,18,-1
01_13_02_04_0068.bmp,1,2,4,8,13,12,12,12,13,25,-1
01_13_02_04_0069.bmp,0,2,4,8,13,13,13,40,13,13,-1
01_13_02_04_0069.bmp,1,2,4,8,13,12,12,23,23,12,-1
01_13_02_04_0074.bmp,0,2,4,8,13,13,12,40,13,13,-1
01_13_02_04_0074.bmp,1,2,4,8,13,12,12,12,23,13,-1
01_13_02_04_0078.bmp,1,2,4,8,13,19,12,12,23,13,-1
01_13_02_04_0080.bmp,1,2,4,8,13,12,12,25,23,12,-1
01_13_02_04_0082.bmp,0,2,4,8,13,13,13,13,13,13,-1
01_13_02_04_0082.bmp,1,2,4,8,13,12,12,0,11,13,-1
01_13_02_04_0083.bmp,1,2,4,8,13,12,12,12,12,12,-1
01_13_02_04_0084.bmp,0,2,4,8,13,13,13,13,13,13,-1
01_13_02_04_0086.bmp,0,2,4,8,13,13,13,13,13,13,-1
01_13_02_04_0090.bmp,1,2,4,8,13,12,31,0,12,31,-1
01_13_02_04_0092.bmp,0,2,4,8,13,13,13,13,13,13,-1
01_13_02_04_0092.bmp,1,2,4,8,13,12,31,0,12,12,-1
01_13_02_04_0093.bmp,1,2,4,8,13,12,12,0,12,12,-1
01_13_02_04_0094.bmp,0,2,4,8,13,13,13,13,13,13,-1
01_13_02_04_0094.bmp,1,2,4,8,13,12,31,0,12,12,-1
01_13_02_04_0097.bmp,1,2,4,8,13,12,31,0,12,12,-1
01_13_02_04_0101.bmp,1,2,4,8,13,12,31,0,12,13,-1
01_13_02_04_0102.bmp,1,2,4,8,13,12,31,0,12,12,-1
01_13_02_04_0104.bmp,0,2,4,8,13,13,13,13,13,13,-1
01_13_02_04_0106.bmp,1,2,4,8,13,12,12,20,12,12,-1
01_13_02_04_0111.bmp,0,2,4,8,13,13,13,13,13,13,-1
01_13_02_04_0111.bmp,1,2,4,8,13,12,12,0,12,12,-1
01_13_02_04_0112.bmp,0,2,4,8,13,13,13,13,13,13,-1
01_13_02_04_0112.bmp,1,2,4,8,13,12,12,20,40,13,-1
01_13_02_04_0115.bmp,1,2,4,8,13,12,31,20,12,12,-1
01_13_02_04_0118.bmp,1,2,4,8,13,12,31,20,12,12,-1
01_13_02_04_0119.bmp,0,2,4,8,13,12,32,2,23,23,-1
01_13_02_04_0120.bmp,1,2,4,8,13,12,31,20,12,12,-1
01_13_02_04_0121.bmp,0,2,4,8,13,12,32,25,40,13,-1
01_13_02_04_0126.bmp,1,2,4,8,13,12,12,20,12,13,-1
01_13_02_04_0127.bmp,1,2,4,8,13,12,31,0,12,12,-1
01_13_02_04_0128.bmp,0,2,4,8,13,12,32,20,40,12,-1
01_13_02_04_0129.bmp,0,2,4,8,13,12,12,40,40,12,-1
01_13_02_04_0129.bmp,1,2,4,8,13,12,12,20,12,12,-1
01_13_02_04_0130.bmp,1,2,4,8,13,12,12,20,12,12,-1
01_13_02_04_0132.bmp,0,2,4,8,13,12,32,20,40,12,-1
01_13_02_04_0134.bmp,1,2,4,8,13,12,12,25,12,12,-1
01_13_02_04_0138.bmp,0,2,4,8,13,12,12,20,40,12,-1
01_13_02_04_0140.bmp,0,2,4,8,13,12,13,20,13,12,-1
01_13_02_04_0142.bmp,0,2,4,8,13,12,13,13,40,13,-1
01_13_02_04_0142.bmp,1,2,4,8,13,12,12,20,12,40,-1
01_13_02_04_0144.bmp,0,2,4,8,13,13,13,13,18,13,-1
01_13_02_04_0145.bmp,1,2,4,8,13,12,12,25,12,13,-1
01_13_02_04_0146.bmp,1,2,4,8,13,12,12,40,12,12,-1
01_13_02_04_0148.bmp,1,2,4,8,13,12,12,40,12,13,-1
01_13_02_04_0151.bmp,1,2,4,8,13,12,12,40,12,13,-1
01_13_02_04_0152.bmp,1,2,4,8,13,12,12,20,12,13,-1
01_13_02_04_0155.bmp,0,2,4,8,13,13,13,13,41,13,-1
01_13_02_04_0157.bmp,0,2,4,8,13,13,13,13,13,13,-1
01_13_02_04_0158.bmp,1,2,4,8,13,12,12,20,12,12,-1
01_13_02_04_0160.bmp,0,2,4,8,13,13,13,13,13,13,-1
01_13_02_04_0161.bmp,0,2,4,8,13,13,13,13,13,13,-1
01_13_02_04_0161.bmp,1,2,4,8,13,12,12,40,12,12,-1
01_13_02_04_0162.bmp,1,2,4,8,13,12,12,40,12,13,-1
01_13_02_04_0165.bmp,1,2,4,8,13,12,12,25,12,13,-1
01_13_02_04_0166.bmp,1,2,4,8,13,12,12,20,12,12,-1
01_13_02_04_0169.bmp,0,2,4,8,13,13,31,12,13,23,-1
01_13_02_04_0170.bmp,0,2,4,8,13,19,31,25,13,13,-1
01_13_02_04_0172.bmp,1,2,4,8,13,12,12,20,12,13,-1
01_13_02_04_0173.bmp,0,2,4,8,13,12,12,12,11,7,-1
01_13_02_04_0175.bmp,0,2,4,8,13,19,12,42,13,12,-1
01_13_02_04_0175.bmp,1,2,4,8,13,12,12,25,12,24,-1
01_13_02_04_0177.bmp,1,2,4,8,13,12,12,13,12,12,-1
01_13_02_04_0179.bmp,0,2,4,8,13,12,31,12,23,26,-1
01_13_02_04_0180.bmp,0,2,4,8,13,19,31,12,23,0,-1
01_13_02_04_0181.bmp,0,2,4,8,13,12,31,12,12,26,-1
01_13_02_04_0182.bmp,1,2,4,8,13,12,12,13,12,13,-1
01_13_02_04_0185.bmp,1,2,4,8,13,12,12,25,12,24,-1
01_13_02_04_0186.bmp,1,2,4,8,13,12,12,20,12,12,-1
01_13_02_04_0191.bmp,1,2,4,8,13,12,12,40,12,12,-1
01_13_02_04_0192.bmp,1,2,4,8,13,12,12,40,12,13,-1
01_13_02_04_0193.bmp,0,2,4,8,13,13,31,12,23,1,-1
01_13_02_04_0195.bmp,0,2,4,8,13,12,31,12,12,11,-1
01_13_02_04_0196.bmp,0,2,4,8,13,40,31,25,13,12,-1
01_13_02_04_0196.bmp,1,2,4,8,13,12,12,40,12,12,-1
01_13_02_04_0197.bmp,1,2,4,8,13,12,12,40,12,12,-1
01_13_02_04_0198.bmp,0,2,4,8,13,40,31,25,40,40,-1
01_13_02_04_0200.bmp,0,2,4,8,13,13,31,42,13,40,-1
01_13_02_04_0200.bmp,1,2,4,8,13,12,31,40,12,13,-1
01_13_02_04_0201.bmp,0,2,4,8,13,40,31,12,40,40,-1
01_13_02_04_0202.bmp,0,2,4,8,13,40,31,0,13,23,-1
01_13_02_04_0202.bmp,1,2,4,8,13,12,12,13,12,12,-1
01_13_02_04_0204.bmp,0,2,4,8,13,12,31,12,13,13,-1
01_13_02_04_0206.bmp,0,2,4,8,13,12,12,40,12,40,-1
01_13_02_04_0206.bmp,1,2,4,8,13,12,12,13,12,13,-1
01_13_02_04_0207.bmp,1,2,4,8,13,12,12,25,12,12,-1
01_13_02_04_0208.bmp,1,2,4,8,13,12,31,40,12,12,-1
01_13_02_04_0211.bmp,0,2,4,8,13,12,12,40,12,40,-1
01_13_02_04_0212.bmp,1,2,4,8,13,12,12,25,12,12,-1
01_13_02_04_0213.bmp,0,2,4,8,13,12,12,40,12,40,-1
01_13_02_04_0214.bmp,1,2,4,8,13,12,12,25,12,12,-1
01_13_02_04_0215.bmp,0,2,4,8,13,40,13,40,40,40,-1
01_13_02_04_0217.bmp,1,2,4,8,13,12,12,20,12,12,-1
01_13_02_04_0218.bmp,0,2,4,8,13,32,32,25,32,32,-1
01_13_02_04_0218.bmp,1,2,4,8,13,12,12,20,12,12,-1
01_13_02_04_0219.bmp,0,2,4,8,13,12,32,40,40,13,-1
01_13_02_04_0219.bmp,1,2,4,8,13,12,12,40,12,13,-1
01_13_02_04_0223.bmp,1,2,4,8,13,12,12,20,12,12,-1
01_13_02_04_0224.bmp,1,2,4,8,13,12,12,40,12,13,-1
01_13_02_04_0228.bmp,0,2,4,8,13,32,13,20,4,13,-1
01_13_02_04_0229.bmp,1,2,4,8,13,12,12,25,12,12,-1
01_13_02_04_0230.bmp,0,2,4,8,13,32,13,20,4,13,-1
01_13_02_04_0231.bmp,1,2,4,8,13,12,12,25,12,12,-1
01_13_02_04_0232.bmp,0,2,4,8,13,32,13,20,4,13,-1
01_13_02_04_0232.bmp,1,2,4,8,13,12,12,20,12,12,-1
01_13_02_04_0234.bmp,1,2,4,8,13,12,12,40,12,12,-1
01_13_02_04_0235.bmp,0,2,4,8,13,15,13,20,4,13,-1
01_13_02_04_0236.bmp,0,2,4,8,13,32,13,20,4,13,-1
01_13_02_04_0236.bmp,1,2,4,8,13,12,12,40,12,12,-1
01_13_02_04_0237.bmp,1,2,4,8,13,12,12,20,12,12,-1
01_13_02_04_0238.bmp,1,2,4,8,13,12,12,40,12,12,-1
01_13_02_04_0239.bmp,0,2,4,8,13,13,13,13,13,4,-1
01_13_02_04_0241.bmp,0,2,4,8,13,13,13,13,13,13,-1
01_13_02_04_0243.bmp,0,2,4,8,13,13,13,13,13,8,-1
01_13_02_04_0244.bmp,0,2,4,8,13,13,13,13,13,13,-1
01_13_02_04_0244.bmp,1,2,4,8,13,12,12,20,12,12,-1
01_13_02_04_0248.bmp,1,2,4,8,13,12,12,40,12,12,-1
01_13_02_04_0249.bmp,0,2,4,8,13,13,13,13,13,13,-1
01_13_02_04_0250.bmp,1,2,4,8,13,12,12,20,12,12,-1
01_13_02_04_0251.bmp,1,2,4,8,13,12,12,25,12,12,-1
01_13_02_04_0253.bmp,0,2,4,8,13,13,13,13,13,13,-1
01_13_02_04_0255.bmp,1,2,4,8,13,12,31,25,12,12,-1
01_13_02_04_0256.bmp,1,2,4,8,13,12,12,40,12,12,-1
01_13_02_04_0258.bmp,1,2,4,8,13,12,12,25,12,12,-1
01_13_02_04_0259.bmp,0,2,4,8,13,13,13,13,13,13,-1
01_13_02_04_0262.bmp,1,2,4,8,13,12,12,40,12,13,-1
01_13_02_04_0263.bmp,0,2,4,8,13,13,13,13,13,13,-1
01_13_02_04_0264.bmp,0,2,4,8,13,13,13,13,13,13,-1
01_13_02_04_0264.bmp,1,2,4,8,13,12,12,20,12,12,-1
01_13_02_04_0268.bmp,1,2,4,8,13,12,12,20,12,13,-1
01_13_02_04_0269.bmp,0,2,4,8,13,13,13,13,13,13,-1
01_13_02_04_0269.bmp,1,2,4,8,13,12,12,40,12,12,-1
01_13_02_04_0271.bmp,0,2,4,8,13,12,12,13,12,12,-1
01_13_02_04_0274.bmp,0,2,4,8,13,12,12,20,12,13,-1
01_13_02_04_0275.bmp,0,2,4,8,13,12,12,40,12,13,-1
01_13_02_04_0276.bmp,0,2,4,8,13,12,12,20,12,13,-1
01_13_02_04_0277.bmp,0,2,4,8,13,12,12,40,12,12,-1
01_13_02_04_0278.bmp,0,2,4,8,13,12,12,20,12,13,-1
01_13_02_04_0279.bmp,0,2,4,8,13,12,12,20,12,12,-1
01_13_02_04_0283.bmp,0,2,4,8,13,12,12,20,12,13,-1
01_13_02_04_0284.bmp,0,2,4,8,13,12,12,25,12,18,-1
01_13_02_04_0285.bmp,0,2,4,8,13,12,12,20,12,12,-1
01_13_02_04_0286.bmp,0,2,4,8,13,12,12,25,12,12,-1
01_13_02_04_0287.bmp,0,2,4,8,13,12,12,25,12,12,-1
01_13_02_04_0289.bmp,0,2,4,8,13,12,31,20,12,12,-1
01_13_02_04_0290.bmp,0,2,4,8,13,12,12,40,12,12,-1
01_13_02_04_0293.bmp,0,2,4,8,13,12,12,40,12,13,-1
01_13_02_04_0294.bmp,0,2,4,8,13,12,12,20,12,12,-1
01_13_02_04_0296.bmp,0,2,4,8,13,12,12,25,12,12,-1
01_13_02_04_0299.bmp,0,2,4,8,13,12,12,40,12,12,-1
01_13_02_04_0301.bmp,0,2,4,8,13,12,12,40,12,12,-1
01_13_02_04_0302.bmp,0,2,4,8,13,12,12,20,12,12,-1
01_13_02_04_0304.bmp,0,2,4,8,13,12,12,20,12,12,-1
01_13_02_04_0306.bmp,0,2,4,8,13,12,12,20,12,12,-1
01_13_02_04_0308.bmp,0,2,4,8,13,12,12,20,12,12,-1
01_13_02_04_0312.bmp,0,2,4,8,13,12,12,40,12,12,-1
01_13_02_04_0315.bmp,0,2,4,8,13,12,12,20,12,12,-1
01_13_02_04_0316.bmp,0,2,4,8,13,12,12,40,12,12,-1
01_13_02_04_0328.bmp,0,2,4,8,13,12,13,11,12,13,-1
01_13_02_04_0333.bmp,0,2,4,8,13,12,12,12,12,13,-1
01_13_02_04_0338.bmp,0,2,4,8,13,13,13,12,13,13,-1
01_13_02_04_0341.bmp,0,2,4,8,13,13,13,13,13,13,-1
01_13_02_04_0342.bmp,0,2,4,8,13,13,13,13,13,13,-1
01_13_02_04_0343.bmp,0,2,4,8,13,13,13,13,13,13,-1
01_13_02_04_0344.bmp,0,2,4,8,13,13,13,13,13,13,-1
01_13_02_04_0348.bmp,0,2,4,8,13,13,13,13,13,13,-1
01_13_02_04_0349.bmp,0,2,4,8,13,13,13,13,13,13,-1
01_13_02_04_0352.bmp,0,2,4,8,13,13,13,13,13,13,-1
01_13_02_04_0356.bmp,0,2,4,8,13,8,13,7,8,7,-1
01_13_02_04_0360.bmp,0,2,4,8,13,13,13,13,15,15,-1
01_13_02_04_0363.bmp,0,2,4,8,13,15,13,13,15,15,-1
01_13_02_04_0367.bmp,0,2,4,8,13,15,13,13,15,13,-1
01_13_02_04_0370.bmp,0,2,4,8,13,15,13,13,15,13,-1
01_13_02_04_0371.bmp,0,2,4,8,13,15,13,13,15,13,-1
01_13_02_04_0372.bmp,0,2,4,8,13,15,13,13,15,15,-1
01_13_02_04_0374.bmp,0,2,4,8,13,13,13,13,13,13,-1
01_13_02_04_0377.bmp,0,2,4,8,13,13,13,13,15,13,-1
01_13_02_04_0378.bmp,0,2,4,8,13,13,13,13,15,13,-1
01_13_02_04_0382.bmp,0,2,4,8,13,13,13,13,13,13,-1
01_13_02_04_0384.bmp,0,2,4,8,13,15,15,13,15,13,-1
01_13_02_04_0387.bmp,0,2,4,8,13,40,12,1,7,12,-1
01_13_02_04_0389.bmp,0,2,4,8,13,12,12,42,7,7,-1
01_13_02_04_0390.bmp,0,2,4,8,13,40,12,42,7,13,-1
01_13_02_04_0393.bmp,0,2,4,8,13,40,12,42,7,13,-1
01_13_02_04_0397.bmp,0,2,4,8,13,12,12,42,7,40,-1
01_13_02_04_0399.bmp,0,2,4,8,13,12,12,11,7,12,-1
01_13_02_04_0400.bmp,0,2,4,8,13,12,31,42,40,13,-1
01_13_02_04_0401.bmp,0,2,4,8,13,12,31,25,12,12,-1
01_13_02_04_0402.bmp,0,2,4,8,13,12,31,42,12,40,-1
01_13_02_04_0406.bmp,0,2,4,8,13,12,12,11,7,13,-1
01_13_02_04_0407.bmp,0,2,4,8,13,12,31,25,40,13,-1
01_13_02_04_0416.bmp,0,2,4,8,13,32,31,42,13,13,-1
01_13_02_04_0419.bmp,0,2,4,8,13,12,31,42,12,25,-1
01_13_02_04_0420.bmp,0,2,4,8,13,12,31,12,13,1,-1
01_13_02_04_0424.bmp,0,2,4,8,13,12,31,42,12,12,-1
01_13_02_04_0429.bmp,0,2,4,8,13,32,31,12,12,13,-1
01_13_02_04_0433.bmp,0,2,4,8,13,32,31,40,40,25,-1
01_13_02_04_0437.bmp,0,2,4,8,13,12,31,40,12,40,-1
01_13_02_04_0444.bmp,0,2,4,8,13,32,32,25,12,40,-1
01_13_02_04_0445.bmp,0,2,4,8,13,32,32,20,12,13,-1
01_13_02_04_0446.bmp,0,2,4,8,13,32,31,20,12,12,-1
01_13_02_04_0447.bmp,0,2,4,8,13,32,32,40,13,13,-1
01_13_02_04_0453.bmp,0,2,4,8,13,32,32,25,12,18,-1
01_13_02_04_0457.bmp,0,2,4,8,13,12,13,20,12,12,-1
01_13_02_04_0459.bmp,0,2,4,8,13,12,13,40,12,12,-1
01_13_02_04_0461.bmp,0,2,4,8,13,12,31,40,12,12,-1
01_13_02_04_0464.bmp,0,2,4,8,13,12,12,40,13,12,-1
01_13_02_04_0466.bmp,0,2,4,8,13,13,13,25,13,13,-1
01_13_02_04_0468.bmp,0,2,4,8,13,13,13,40,13,13,-1
01_13_02_04_0469.bmp,0,2,4,8,13,13,13,40,13,13,-1
01_13_02_04_0472.bmp,0,2,4,8,13,13,13,24,13,13,-1
01_13_02_04_0473.bmp,0,2,4,8,13,13,13,25,18,18,-1
01_13_02_04_0475.bmp,0,2,4,8,13,13,13,2,18,4,-1
01_13_02_04_0476.bmp,0,2,4,8,13,13,13,13,18,13,-1
01_13_02_04_0483.bmp,0,2,4,8,13,13,13,40,13,13,-1
01_13_02_04_0484.bmp,0,2,4,8,13,13,13,40,13,13,-1
01_13_02_04_0486.bmp,0,2,4,8,13,13,13,13,13,13,-1
01_13_02_04_0489.bmp,0,2,4,8,13,13,13,13,13,13,-1
01_13_02_04_0490.bmp,0,2,4,8,13,13,13,13,13,13,-1
01_13_02_04_0492.bmp,0,2,4,8,13,13,13,13,13,13,-1
01_13_02_04_0493.bmp,0,2,4,8,13,13,13,13,13,13,-1
01_13_02_04_0494.bmp,0,2,4,8,13,13,13,13,13,13,-1
01_13_02_04_0495.bmp,0,2,4,8,13,13,13,13,13,13,-1
01_13_02_04_0496.bmp,0,2,4,8,13,13,13,13,13,13,-1
01_13_02_04_0501.bmp,0,2,4,8,13,13,13,13,13,13,-1
01_13_02_04_0503.bmp,0,2,4,8,13,13,13,13,13,13,-1
01_13_02_04_0506.bmp,0,2,4,8,13,13,13,13,13,13,-1
01_13_02_04_0509.bmp,0,2,4,8,13,13,13,13,13,13,-1
01_13_02_04_0512.bmp,0,2,4,8,13,13,13,13,13,13,-1
01_13_02_04_0513.bmp,0,2,4,8,13,13,13,13,13,13,-1
01_13_02_04_0518.bmp,0,2,4,8,13,12,31,12,12,12,-1
01_13_02_04_0519.bmp,0,2,4,8,13,12,31,12,12,12,-1
01_13_02_04_0520.bmp,0,2,4,8,13,12,31,1,12,12,-1
01_13_02_04_0522.bmp,0,2,4,8,13,32,31,25,40,26,-1
01_13_02_04_0525.bmp,0,2,4,8,13,12,31,40,12,12,-1
01_13_02_04_0527.bmp,0,2,4,8,13,12,12,40,12,12,-1
01_13_02_04_0528.bmp,0,2,4,8,13,12,31,42,12,13,-1
01_13_02_04_0529.bmp,0,2,4,8,13,12,12,40,12,13,-1
01_13_02_04_0530.bmp,0,2,4,8,13,12,31,11,12,12,-1
01_13_02_04_0532.bmp,0,2,4,8,13,32,31,12,12,2,-1
01_13_02_04_0533.bmp,0,2,4,8,13,12,12,40,12,40,-1
01_13_02_04_0535.bmp,0,2,4,8,13,12,12,40,12,13,-1
01_13_02_04_0539.bmp,0,2,4,8,13,12,12,40,40,40,-1
01_13_02_04_0540.bmp,0,2,4,8,13,32,31,12,12,38,-1
01_13_02_04_0546.bmp,0,2,4,8,13,32,32,42,12,12,-1
01_13_02_04_0547.bmp,0,2,4,8,13,12,12,40,40,13,-1
01_13_02_04_0549.bmp,0,2,4,8,13,12,12,40,40,40,-1
01_13_02_04_0553.bmp,0,2,4,8,13,12,12,40,40,40,-1
01_13_02_04_0556.bmp,0,2,4,8,13,12,31,12,12,40,-1
01_13_02_04_0557.bmp,0,2,4,8,13,12,12,40,40,40,-1
01_13_02_04_0559.bmp,0,2,4,8,13,12,12,40,40,40,-1
01_13_02_04_0567.bmp,0,2,4,8,13,12,12,40,12,13,-1
01_13_02_04_0576.bmp,0,2,4,8,13,12,32,2,12,1,-1
01_13_02_04_0578.bmp,0,2,4,8,13,40,31,2,13,40,-1
01_13_02_04_0584.bmp,0,2,4,8,13,12,32,2,13,13,-1
01_13_02_04_0585.bmp,0,2,4,8,13,12,32,20,12,24,-1
01_13_02_04_0587.bmp,0,2,4,8,13,32,32,20,13,12,-1
01_13_02_04_0591.bmp,0,2,4,8,13,12,12,40,40,13,-1
01_13_02_04_0593.bmp,0,2,4,8,13,12,32,25,13,13,-1
01_13_02_04_0595.bmp,0,2,4,8,13,13,32,20,13,13,-1
01_13_02_04_0601.bmp,0,2,4,8,13,13,13,40,13,13,-1
01_13_02_04_0603.bmp,0,2,4,8,13,13,13,40,13,13,-1
01_13_02_04_0606.bmp,0,2,4,8,13,13,13,40,13,13,-1
01_13_02_04_0607.bmp,0,2,4,8,13,13,13,13,13,13,-1
01_13_02_04_0608.bmp,0,2,4,8,13,13,13,13,13,13,-1
01_13_02_04_0611.bmp,0,2,4,8,13,13,13,13,13,13,-1
01_13_02_04_0617.bmp,0,2,4,8,13,13,13,13,13,13,-1
01_13_02_04_0619.bmp,0,2,4,8,13,13,13,13,13,13,-1
01_13_02_04_0622.bmp,0,2,4,8,13,13,13,13,13,13,-1
01_03_02_05_0005.bmp,0,2,5,8,9,12,31,22,12,1,-1
01_03_02_05_0006.bmp,0,2,5,8,9,12,32,20,12,13,-1
01_03_02_05_0008.bmp,0,2,5,8,9,32,32,0,12,4,-1
01_03_02_05_0009.bmp,0,2,5,8,9,32,31,22,12,40,-1
01_03_02_05_0014.bmp,0,2,5,8,9,12,31,0,12,12,-1
01_03_02_05_0015.bmp,0,2,5,8,9,12,32,19,12,40,-1
01_03_02_05_0024.bmp,0,2,5,8,9,32,32,0,12,12,-1
01_03_02_05_0028.bmp,0,2,5,8,9,12,32,22,40,13,-1
01_03_02_05_0032.bmp,0,2,5,8,9,32,32,20,12,40,-1
01_03_02_05_0038.bmp,0,2,5,8,9,40,32,20,40,40,-1
01_03_02_05_0039.bmp,0,2,5,8,9,40,32,19,40,12,-1
01_03_02_05_0040.bmp,0,2,5,8,9,40,32,40,40,1,-1
01_03_02_05_0043.bmp,0,2,5,8,9,12,12,20,40,13,-1
01_03_02_05_0045.bmp,0,2,5,8,9,32,32,20,40,13,-1
01_03_02_05_0046.bmp,0,2,5,8,9,40,32,25,40,40,-1
01_03_02_05_0048.bmp,0,2,5,8,9,32,32,0,40,40,-1
01_03_02_05_0051.bmp,0,2,5,8,9,12,32,25,40,19,-1
01_03_02_05_0055.bmp,0,2,5,8,9,12,13,40,40,40,-1
01_03_02_05_0056.bmp,0,2,5,8,9,12,32,2,19,12,-1
01_03_02_05_0059.bmp,0,2,5,8,9,19,36,25,19,19,-1
01_03_02_05_0063.bmp,0,2,5,8,9,19,12,25,19,1,-1
01_03_02_05_0064.bmp,0,2,5,8,9,19,12,0,19,19,-1
01_03_02_05_0066.bmp,0,2,5,8,9,19,0,25,19,19,-1
01_03_02_05_0069.bmp,0,2,5,8,9,19,13,41,19,41,-1
01_03_02_05_0072.bmp,0,2,5,8,9,13,13,13,15,14,-1
01_03_02_05_0073.bmp,0,2,5,8,9,13,13,12,19,26,-1
01_03_02_05_0079.bmp,0,2,5,8,9,15,13,9,15,14,-1
01_03_02_05_0082.bmp,0,2,5,8,9,15,15,15,15,15,-1
01_03_02_05_0085.bmp,0,2,5,8,9,15,15,9,15,41,-1
01_06_02_05_0001.bmp,0,2,5,8,14,12,32,20,19,13,-1
01_06_02_05_0001.bmp,1,2,5,8,14,36,32,2,25,14,-1
01_06_02_05_0002.bmp,1,2,5,8,14,12,36,25,29,14,-1
01_06_02_05_0005.bmp,1,2,5,8,14,12,36,23,14,14,-1
01_06_02_05_0006.bmp,0,2,5,8,14,12,12,20,14,14,-1
01_06_02_05_0006.bmp,1,2,5,8,14,36,32,19,12,14,-1
01_06_02_05_0007.bmp,1,2,5,8,14,36,36,23,36,14,-1
01_06_02_05_0009.bmp,0,2,5,8,14,0,25,25,14,14,-1
01_06_02_05_0009.bmp,1,2,5,8,14,0,11,0,0,0,-1
01_06_02_05_0011.bmp,0,2,5,8,14,14,25,25,14,14,-1
01_06_02_05_0011.bmp,1,2,5,8,14,0,36,0,0,14,-1
01_06_02_05_0012.bmp,0,2,5,8,14,25,36,25,14,14,-1
01_06_02_05_0012.bmp,1,2,5,8,14,0,11,20,0,12,-1
01_06_02_05_0014.bmp,0,2,5,8,14,14,25,25,14,14,-1
01_06_02_05_0014.bmp,1,2,5,8,14,0,0,0,0,0,-1
01_06_02_05_0015.bmp,1,2,5,8,14,0,36,0,0,14,-1
01_06_02_05_0016.bmp,0,2,5,8,14,25,25,25,14,14,-1
01_06_02_05_0017.bmp,0,2,5,8,14,25,25,25,14,14,-1
01_06_02_05_0017.bmp,1,2,5,8,14,0,36,0,0,0,-1
01_06_02_05_0019.bmp,0,2,5,8,14,25,25,25,14,14,-1
01_06_02_05_0019.bmp,1,2,5,8,14,0,36,25,0,14,-1
01_06_02_05_0025.bmp,1,2,5,8,14,12,11,19,12,1,-1
01_06_02_05_0026.bmp,1,2,5,8,14,12,11,23,12,14,-1
01_06_02_05_0029.bmp,0,2,5,8,14,14,25,24,14,14,-1
01_06_02_05_0030.bmp,0,2,5,8,14,14,25,14,14,14,-1
01_06_02_05_0033.bmp,0,2,5,8,14,14,25,24,14,14,-1
01_06_02_05_0033.bmp,1,2,5,8,14,12,31,0,12,40,-1
01_06_02_05_0034.bmp,1,2,5,8,14,12,31,0,12,12,-1
01_06_02_05_0037.bmp,1,2,5,8,14,12,31,0,12,40,-1
01_06_02_05_0038.bmp,0,2,5,8,14,14,13,14,14,14,-1
01_06_02_05_0038.bmp,1,2,5,8,14,12,31,0,12,1,-1
01_06_02_05_0039.bmp,0,2,5,8,14,14,13,14,14,14,-1
01_06_02_05_0039.bmp,1,2,5,8,14,12,31,2,12,13,-1
01_06_02_05_0043.bmp,0,2,5,8,14,14,14,14,14,14,-1
01_06_02_05_0046.bmp,0,2,5,8,14,12,12,0,13,13,-1
01_06_02_05_0048.bmp,0,2,5,8,14,12,12,0,12,13,-1
01_06_02_05_0050.bmp,0,2,5,8,14,12,12,20,12,4,-1
01_06_02_05_0057.bmp,0,2,5,8,14,13,12,20,13,13,-1
01_06_02_05_0061.bmp,0,2,5,8,14,13,12,25,14,14,-1
01_06_02_05_0062.bmp,0,2,5,8,14,13,12,23,14,14,-1
01_06_02_05_0064.bmp,0,2,5,8,14,13,12,25,14,14,-1
01_06_02_05_0065.bmp,0,2,5,8,14,13,12,23,14,14,-1
01_06_02_05_0069.bmp,0,2,5,8,14,12,25,25,14,14,-1
01_06_02_05_0071.bmp,0,2,5,8,14,14,12,23,14,14,-1
01_06_02_05_0072.bmp,0,2,5,8,14,14,13,25,14,14,-1
01_06_02_05_0073.bmp,0,2,5,8,14,14,13,13,14,14,-1
01_06_02_05_0076.bmp,0,2,5,8,14,14,13,25,14,14,-1
01_06_02_05_0077.bmp,0,2,5,8,14,14,13,25,14,14,-1
01_06_02_05_0078.bmp,0,2,5,8,14,13,13,25,14,14,-1
01_06_02_05_0080.bmp,0,2,5,8,14,14,25,25,14,14,-1
01_06_02_05_0082.bmp,0,2,5,8,14,14,25,25,14,14,-1
01_06_02_05_0083.bmp,0,2,5,8,14,15,13,25,14,14,-1
01_06_02_05_0084.bmp,0,2,5,8,14,14,25,25,14,14,-1
01_11_02_05_0001.bmp,0,2,5,8,12,12,36,2,12,14,-1
01_11_02_05_0005.bmp,0,2,5,8,12,31,31,2,12,40,-1
01_11_02_05_0009.bmp,0,2,5,8,12,12,36,0,12,38,-1
01_11_02_05_0015.bmp,0,2,5,8,12,12,36,0,12,23,-1
01_11_02_05_0017.bmp,0,2,5,8,12,12,32,0,12,12,-1
01_11_02_05_0018.bmp,0,2,5,8,12,12,36,2,12,12,-1
01_11_02_05_0021.bmp,0,2,5,8,12,12,32,19,12,12,-1
01_11_02_05_0023.bmp,0,2,5,8,12,12,32,0,12,13,-1
01_11_02_05_0026.bmp,0,2,5,8,12,12,32,0,12,12,-1
01_11_02_05_0028.bmp,0,2,5,8,12,12,31,19,12,12,-1
01_11_02_05_0029.bmp,0,2,5,8,12,12,32,0,12,25,-1
01_11_02_05_0035.bmp,0,2,5,8,12,12,32,25,12,12,-1
01_11_02_05_0036.bmp,0,2,5,8,12,12,32,20,12,12,-1
01_11_02_05_0038.bmp,0,2,5,8,12,12,32,25,12,12,-1
01_11_02_05_0039.bmp,0,2,5,8,12,12,32,25,12,12,-1
01_11_02_05_0040.bmp,0,2,5,8,12,12,32,25,12,12,-1
01_11_02_05_0045.bmp,0,2,5,8,12,12,32,20,12,18,-1
01_11_02_05_0048.bmp,0,2,5,8,12,12,32,25,12,12,-1
01_11_02_05_0049.bmp,0,2,5,8,12,12,32,25,12,12,-1
01_11_02_05_0052.bmp,0,2,5,8,12,12,32,25,12,12,-1
01_11_02_05_0053.bmp,0,2,5,8,12,12,32,24,12,12,-1
01_11_02_05_0054.bmp,0,2,5,8,12,12,32,25,12,12,-1
01_11_02_05_0056.bmp,0,2,5,8,12,12,32,25,12,12,-1
01_11_02_05_0058.bmp,0,2,5,8,12,12,12,25,12,4,-1
01_11_02_05_0059.bmp,0,2,5,8,12,12,32,25,4,19,-1
01_11_02_05_0060.bmp,0,2,5,8,12,12,32,25,4,4,-1
01_11_02_05_0061.bmp,0,2,5,8,12,12,13,25,12,19,-1
01_11_02_05_0062.bmp,0,2,5,8,12,12,13,25,4,4,-1
01_11_02_05_0064.bmp,0,2,5,8,12,12,13,25,4,12,-1
01_11_02_05_0066.bmp,0,2,5,8,12,12,13,25,4,12,-1
01_11_02_05_0069.bmp,0,2,5,8,12,13,13,4,4,4,-1
01_11_02_05_0071.bmp,0,2,5,8,12,15,13,4,15,4,-1
01_11_02_05_0073.bmp,0,2,5,8,12,15,13,41,15,24,-1
01_11_02_05_0079.bmp,0,2,5,8,12,15,15,1,15,1,-1
01_11_02_05_0080.bmp,0,2,5,8,12,15,15,1,15,17,-1
01_12_02_05_0001.bmp,0,2,5,8,17,2,12,20,24,2,-1
01_12_02_05_0002.bmp,0,2,5,8,17,12,12,20,1,26,-1
01_12_02_05_0002.bmp,1,2,5,8,17,12,31,11,12,13,-1
01_12_02_05_0003.bmp,0,2,5,8,17,12,12,20,1,24,-1
01_12_02_05_0005.bmp,0,2,5,8,17,36,32,0,36,36,-1
01_12_02_05_0006.bmp,0,2,5,8,17,36,36,0,1,1,-1
01_12_02_05_0007.bmp,0,2,5,8,17,12,36,2,1,13,-1
01_12_02_05_0009.bmp,1,2,5,8,17,12,12,12,12,12,-1
01_12_02_05_0015.bmp,0,2,5,8,17,12,36,0,1,13,-1
01_12_02_05_0016.bmp,0,2,5,8,17,12,36,0,1,13,-1
01_12_02_05_0017.bmp,0,2,5,8,17,0,36,0,1,12,-1
01_12_02_05_0017.bmp,1,2,5,8,17,12,31,11,12,12,-1
01_12_02_05_0019.bmp,0,2,5,8,17,12,36,25,1,12,-1
01_12_02_05_0019.bmp,1,2,5,8,17,12,31,12,12,1,-1
01_12_02_05_0020.bmp,0,2,5,8,17,12,12,25,13,12,-1
01_12_02_05_0020.bmp,1,2,5,8,17,12,31,12,12,12,-1
01_12_02_05_0023.bmp,1,2,5,8,17,12,17,25,12,12,-1
01_12_02_05_0026.bmp,0,2,5,8,17,15,25,24,15,12,-1
01_12_02_05_0027.bmp,1,2,5,8,17,12,12,11,12,12,-1
01_12_02_05_0030.bmp,0,2,5,8,17,2,13,2,2,2,-1
01_12_02_05_0031.bmp,1,2,5,8,17,12,12,12,12,12,-1
01_12_02_05_0032.bmp,1,2,5,8,17,12,12,11,12,12,-1
01_12_02_05_0033.bmp,0,2,5,8,17,14,15,14,14,14,-1
01_12_02_05_0034.bmp,0,2,5,8,17,14,26,14,14,14,-1
01_12_02_05_0034.bmp,1,2,5,8,17,31,31,42,12,12,-1
01_12_02_05_0035.bmp,1,2,5,8,17,12,12,11,12,14,-1
01_12_02_05_0036.bmp,1,2,5,8,17,12,12,12,12,12,-1
01_12_02_05_0037.bmp,1,2,5,8,17,12,12,25,12,14,-1
01_12_02_05_0040.bmp,0,2,5,8,17,17,26,14,17,14,-1
01_12_02_05_0040.bmp,1,2,5,8,17,12,11,11,12,12,-1
01_12_02_05_0041.bmp,0,2,5,8,17,17,26,14,17,14,-1
01_12_02_05_0041.bmp,1,2,5,8,17,12,11,11,12,12,-1
01_12_02_05_0042.bmp,0,2,5,8,17,17,17,17,17,14,-1
01_12_02_05_0043.bmp,1,2,5,8,17,12,12,20,12,12,-1
01_12_02_05_0044.bmp,0,2,5,8,17,12,11,12,12,14,-1
01_12_02_05_0045.bmp,0,2,5,8,17,12,11,11,12,28,-1
01_12_02_05_0047.bmp,0,2,5,8,17,12,11,25,12,26,-1
01_12_02_05_0052.bmp,0,2,5,8,17,12,12,0,12,14,-1
01_12_02_05_0053.bmp,0,2,5,8,17,12,12,11,12,12,-1
01_12_02_05_0054.bmp,0,2,5,8,17,12,36,0,12,13,-1
01_12_02_05_0058.bmp,0,2,5,8,17,12,0,0,12,0,-1
01_12_02_05_0067.bmp,0,2,5,8,17,12,11,0,12,14,-1
01_12_02_05_0068.bmp,0,2,5,8,17,12,0,0,12,12,-1
01_12_02_05_0069.bmp,0,2,5,8,17,12,11,20,12,0,-1
01_12_02_05_0074.bmp,0,2,5,8,17,12,12,0,12,12,-1
01_12_02_05_0076.bmp,0,2,5,8,17,12,11,0,12,0,-1
01_12_02_05_0077.bmp,0,2,5,8,17,12,0,0,12,14,-1
01_12_02_05_0079.bmp,0,2,5,8,17,12,11,0,12,1,-1
01_12_02_05_0080.bmp,0,2,5,8,17,12,11,20,12,14,-1
01_12_02_05_0083.bmp,0,2,5,8,17,12,0,0,12,14,-1
01_12_02_05_0086.bmp,0,2,5,8,17,12,0,0,12,29,-1
01_12_02_05_0087.bmp,0,2,5,8,17,12,0,25,0,14,-1
01_12_02_05_0089.bmp,0,2,5,8,17,12,0,0,0,14,-1
01_12_02_05_0090.bmp,0,2,5,8,17,12,11,23,0,14,-1
01_12_02_05_0092.bmp,0,2,5,8,17,12,0,23,0,29,-1
01_12_02_05_0093.bmp,0,2,5,8,17,12,11,23,0,14,-1
01_12_02_05_0106.bmp,0,2,5,8,17,12,25,19,0,14,-1
01_12_02_05_0111.bmp,0,2,5,8,17,0,13,24,0,24,-1
01_12_02_05_0112.bmp,0,2,5,8,17,0,13,25,0,14,-1
01_12_02_05_0116.bmp,0,2,5,8,17,15,13,25,17,14,-1
01_13_02_05_0001.bmp,0,2,5,8,13,12,12,12,12,40,-1
01_13_02_05_0001.bmp,1,2,5,8,13,11,11,0,13,12,-1
01_13_02_05_0004.bmp,1,2,5,8,13,11,11,20,13,0,-1
01_13_02_05_0007.bmp,0,2,5,8,13,12,12,11,12,33,-1
01_13_02_05_0007.bmp,1,2,5,8,13,13,11,0,13,12,-1
01_13_02_05_0009.bmp,0,2,5,8,13,12,31,40,12,40,-1
01_13_02_05_0009.bmp,1,2,5,8,13,13,11,0,13,1,-1
01_13_02_05_0010.bmp,0,2,5,8,13,12,31,40,12,40,-1
01_13_02_05_0016.bmp,0,2,5,8,13,12,12,40,12,40,-1
01_13_02_05_0017.bmp,1,2,5,8,13,13,11,20,13,0,-1
01_13_02_05_0019.bmp,0,2,5,8,13,12,12,6,12,13,-1
01_13_02_05_0019.bmp,1,2,5,8,13,13,11,0,13,13,-1
01_13_02_05_0021.bmp,0,2,5,8,13,12,12,40,12,4,-1
01_13_02_05_0022.bmp,0,2,5,8,13,12,12,40,12,12,-1
01_13_02_05_0023.bmp,1,2,5,8,13,13,11,0,13,13,-1
01_13_02_05_0024.bmp,0,2,5,8,13,12,12,25,12,25,-1
01_13_02_05_0024.bmp,1,2,5,8,13,13,11,0,13,13,-1
01_13_02_05_0025.bmp,0,2,5,8,13,12,12,40,12,13,-1
01_13_02_05_0027.bmp,0,2,5,8,13,12,12,25,12,40,-1
01_13_02_05_0028.bmp,1,2,5,8,13,13,11,25,13,12,-1
01_13_02_05_0029.bmp,1,2,5,8,13,13,11,25,13,13,-1
01_13_02_05_0030.bmp,0,2,5,8,13,12,12,11,12,25,-1
01_13_02_05_0030.bmp,1,2,5,8,13,13,11,0,13,12,-1
01_13_02_05_0031.bmp,0,2,5,8,13,12,12,25,12,40,-1
01_13_02_05_0031.bmp,1,2,5,8,13,13,11,0,13,13,-1
01_13_02_05_0032.bmp,0,2,5,8,13,12,12,6,12,4,-1
01_13_02_05_0036.bmp,1,2,5,8,13,13,11,0,13,13,-1
01_13_02_05_0037.bmp,0,2,5,8,13,12,12,6,12,12,-1
01_13_02_05_0037.bmp,1,2,5,8,13,13,11,0,13,13,-1
01_13_02_05_0038.bmp,0,2,5,8,13,12,12,6,12,18,-1
01_13_02_05_0038.bmp,1,2,5,8,13,13,11,25,13,1,-1
01_13_02_05_0041.bmp,0,2,5,8,13,12,12,40,12,25,-1
01_13_02_05_0043.bmp,1,2,5,8,13,13,11,25,13,13,-1
01_13_02_05_0045.bmp,1,2,5,8,13,13,11,25,13,13,-1
01_13_02_05_0049.bmp,0,2,5,8,13,12,12,40,12,12,-1
01_13_02_05_0050.bmp,0,2,5,8,13,12,12,40,12,40,-1
01_13_02_05_0050.bmp,1,2,5,8,13,13,13,13,13,13,-1
01_13_02_05_0052.bmp,1,2,5,8,13,13,13,13,13,13,-1
01_13_02_05_0053.bmp,0,2,5,8,13,12,12,40,12,12,-1
01_13_02_05_0053.bmp,1,2,5,8,13,13,13,13,13,13,-1
01_13_02_05_0054.bmp,0,2,5,8,13,12,12,40,12,35,-1
01_13_02_05_0055.bmp,1,2,5,8,13,13,13,13,13,13,-1
01_13_02_05_0059.bmp,0,2,5,8,13,12,12,40,12,40,-1
01_13_02_05_0060.bmp,1,2,5,8,13,13,13,13,13,13,-1
01_13_02_05_0062.bmp,1,2,5,8,13,13,13,13,13,13,-1
01_13_02_05_0066.bmp,0,2,5,8,13,13,12,40,13,32,-1
01_13_02_05_0070.bmp,1,2,5,8,13,31,31,0,7,1,-1
01_13_02_05_0072.bmp,1,2,5,8,13,23,12,20,23,23,-1
01_13_02_05_0075.bmp,0,2,5,8,13,12,12,25,13,13,-1
01_13_02_05_0075.bmp,1,2,5,8,13,12,12,11,23,12,-1
01_13_02_05_0076.bmp,1,2,5,8,13,12,12,25,26,13,-1
01_13_02_05_0080.bmp,0,2,5,8,13,13,3,25,13,13,-1
01_13_02_05_0081.bmp,1,2,5,8,13,12,12,6,13,12,-1
01_13_02_05_0082.bmp,0,2,5,8,13,13,12,13,13,13,-1
01_13_02_05_0083.bmp,0,2,5,8,13,13,12,25,13,13,-1
01_13_02_05_0084.bmp,1,2,5,8,13,12,12,12,12,12,-1
01_13_02_05_0086.bmp,0,2,5,8,13,13,13,13,13,13,-1
01_13_02_05_0088.bmp,1,2,5,8,13,12,12,0,12,12,-1
01_13_02_05_0089.bmp,0,2,5,8,13,13,13,13,13,13,-1
01_13_02_05_0090.bmp,1,2,5,8,13,12,31,0,7,31,-1
01_13_02_05_0091.bmp,0,2,5,8,13,13,13,13,13,13,-1
01_13_02_05_0091.bmp,1,2,5,8,13,12,31,0,23,12,-1
01_13_02_05_0092.bmp,0,2,5,8,13,13,13,13,13,13,-1
01_13_02_05_0093.bmp,0,2,5,8,13,13,13,13,13,13,-1
01_13_02_05_0093.bmp,1,2,5,8,13,12,12,0,12,12,-1
01_13_02_05_0095.bmp,1,2,5,8,13,12,31,0,12,12,-1
01_13_02_05_0098.bmp,0,2,5,8,13,13,13,13,13,13,-1
01_13_02_05_0101.bmp,0,2,5,8,13,13,13,13,13,13,-1
01_13_02_05_0101.bmp,1,2,5,8,13,12,12,0,12,12,-1
01_13_02_05_0104.bmp,0,2,5,8,13,13,13,13,13,13,-1
01_13_02_05_0106.bmp,1,2,5,8,13,12,12,40,12,12,-1
01_13_02_05_0108.bmp,1,2,5,8,13,32,32,20,32,40,-1
01_13_02_05_0109.bmp,0,2,5,8,13,13,13,13,13,13,-1
01_13_02_05_0111.bmp,1,2,5,8,13,12,12,20,12,24,-1
01_13_02_05_0113.bmp,0,2,5,8,13,13,13,13,13,13,-1
01_13_02_05_0113.bmp,1,2,5,8,13,32,32,40,12,12,-1
01_13_02_05_0114.bmp,1,2,5,8,13,12,31,20,12,12,-1
01_13_02_05_0115.bmp,0,2,5,8,13,23,12,0,23,26,-1
01_13_02_05_0116.bmp,1,2,5,8,13,12,31,20,12,12,-1
01_13_02_05_0117.bmp,1,2,5,8,13,12,31,20,12,12,-1
01_13_02_05_0119.bmp,1,2,5,8,13,12,31,20,12,12,-1
01_13_02_05_0120.bmp,1,2,5,8,13,12,12,20,12,12,-1
01_13_02_05_0121.bmp,1,2,5,8,13,12,31,20,12,12,-1
01_13_02_05_0122.bmp,0,2,5,8,13,40,12,40,40,40,-1
01_13_02_05_0125.bmp,0,2,5,8,13,40,12,20,40,40,-1
01_13_02_05_0128.bmp,0,2,5,8,13,12,32,20,40,40,-1
01_13_02_05_0128.bmp,1,2,5,8,13,12,31,20,12,12,-1
01_13_02_05_0130.bmp,1,2,5,8,13,12,12,20,12,12,-1
01_13_02_05_0131.bmp,0,2,5,8,13,40,32,20,40,40,-1
01_13_02_05_0131.bmp,1,2,5,8,13,12,12,20,12,24,-1
01_13_02_05_0132.bmp,0,2,5,8,13,12,32,20,40,40,-1
01_13_02_05_0132.bmp,1,2,5,8,13,12,12,40,12,12,-1
01_13_02_05_0134.bmp,1,2,5,8,13,12,12,20,12,24,-1
01_13_02_05_0136.bmp,0,2,5,8,13,12,12,40,40,40,-1
01_13_02_05_0137.bmp,0,2,5,8,13,12,32,20,40,40,-1
01_13_02_05_0137.bmp,1,2,5,8,13,12,12,20,12,23,-1
01_13_02_05_0138.bmp,1,2,5,8,13,12,12,40,12,12,-1
01_13_02_05_0139.bmp,1,2,5,8,13,12,12,40,12,23,-1
01_13_02_05_0140.bmp,1,2,5,8,13,12,12,25,12,12,-1
01_13_02_05_0141.bmp,1,2,5,8,13,12,12,20,12,12,-1
01_13_02_05_0146.bmp,1,2,5,8,13,12,12,20,12,13,-1
01_13_02_05_0148.bmp,0,2,5,8,13,12,32,40,40,12,-1
01_13_02_05_0149.bmp,1,2,5,8,13,12,12,40,12,12,-1
01_13_02_05_0150.bmp,0,2,5,8,13,13,32,13,40,13,-1
01_13_02_05_0151.bmp,0,2,5,8,13,13,13,13,38,13,-1
01_13_02_05_0151.bmp,1,2,5,8,13,12,12,20,12,12,-1
01_13_02_05_0153.bmp,0,2,5,8,13,13,13,13,38,13,-1
01_13_02_05_0155.bmp,0,2,5,8,13,13,13,13,13,13,-1
01_13_02_05_0155.bmp,1,2,5,8,13,12,12,20,12,12,-1
01_13_02_05_0156.bmp,0,2,5,8,13,13,13,13,13,13,-1
01_13_02_05_0157.bmp,0,2,5,8,13,13,13,13,30,13,-1
01_13_02_05_0160.bmp,0,2,5,8,13,13,13,13,38,13,-1
01_13_02_05_0161.bmp,1,2,5,8,13,12,12,40,12,12,-1
01_13_02_05_0164.bmp,0,2,5,8,13,13,13,13,32,13,-1
01_13_02_05_0165.bmp,1,2,5,8,13,12,12,20,12,24,-1
01_13_02_05_0168.bmp,0,2,5,8,13,13,31,25,13,13,-1
01_13_02_05_0169.bmp,0,2,5,8,13,13,31,12,2,12,-1
01_13_02_05_0170.bmp,0,2,5,8,13,12,12,0,23,40,-1
01_13_02_05_0170.bmp,1,2,5,8,13,12,12,20,12,12,-1
01_13_02_05_0171.bmp,0,2,5,8,13,32,32,25,23,23,-1
01_13_02_05_0172.bmp,1,2,5,8,13,12,12,40,12,12,-1
01_13_02_05_0174.bmp,0,2,5,8,13,32,31,42,7,7,-1
01_13_02_05_0174.bmp,1,2,5,8,13,12,31,25,13,13,-1
01_13_02_05_0176.bmp,0,2,5,8,13,32,31,42,23,23,-1
01_13_02_05_0177.bmp,0,2,5,8,13,12,31,42,2,23,-1
01_13_02_05_0179.bmp,1,2,5,8,13,12,31,20,12,12,-1
01_13_02_05_0181.bmp,1,2,5,8,13,12,31,20,12,12,-1
01_13_02_05_0182.bmp,1,2,5,8,13,12,12,20,12,12,-1
01_13_02_05_0183.bmp,0,2,5,8,13,13,31,42,13,12,-1
01_13_02_05_0185.bmp,1,2,5,8,13,12,12,20,12,12,-1
01_13_02_05_0186.bmp,0,2,5,8,13,13,12,42,23,40,-1
01_13_02_05_0187.bmp,0,2,5,8,13,12,31,12,28,40,-1
01_13_02_05_0190.bmp,0,2,5,8,13,32,12,6,7,25,-1
01_13_02_05_0194.bmp,0,2,5,8,13,40,12,0,23,40,-1
01_13_02_05_0198.bmp,0,2,5,8,13,40,32,11,23,4,-1
01_13_02_05_0199.bmp,1,2,5,8,13,12,12,40,12,12,-1
01_13_02_05_0201.bmp,1,2,5,8,13,12,31,40,12,12,-1
01_13_02_05_0202.bmp,0,2,5,8,13,40,32,11,23,40,-1
01_13_02_05_0204.bmp,0,2,5,8,13,40,31,1,40,28,-1
01_13_02_05_0204.bmp,1,2,5,8,13,12,12,40,12,12,-1
01_13_02_05_0205.bmp,0,2,5,8,13,40,12,40,40,23,-1
01_13_02_05_0205.bmp,1,2,5,8,13,12,12,20,12,12,-1
01_13_02_05_0206.bmp,1,2,5,8,13,12,12,20,12,12,-1
01_13_02_05_0210.bmp,0,2,5,8,13,12,12,40,40,40,-1
01_13_02_05_0211.bmp,1,2,5,8,13,12,12,40,12,12,-1
01_13_02_05_0212.bmp,0,2,5,8,13,12,12,40,12,40,-1
01_13_02_05_0213.bmp,0,2,5,8,13,12,12,40,12,38,-1
01_13_02_05_0213.bmp,1,2,5,8,13,12,31,40,12,12,-1
01_13_02_05_0216.bmp,0,2,5,8,13,40,32,20,40,13,-1
01_13_02_05_0217.bmp,0,2,5,8,13,12,32,20,40,40,-1
01_13_02_05_0217.bmp,1,2,5,8,13,12,12,20,12,12,-1
01_13_02_05_0218.bmp,0,2,5,8,13,32,32,40,40,40,-1
01_13_02_05_0220.bmp,0,2,5,8,13,32,13,20,12,13,-1
01_13_02_05_0220.bmp,1,2,5,8,13,12,12,20,12,12,-1
01_13_02_05_0221.bmp,0,2,5,8,13,32,32,20,12,13,-1
01_13_02_05_0221.bmp,1,2,5,8,13,12,12,40,12,12,-1
01_13_02_05_0226.bmp,0,2,5,8,13,32,32,20,12,18,-1
01_13_02_05_0228.bmp,0,2,5,8,13,32,32,40,32,13,-1
01_13_02_05_0228.bmp,1,2,5,8,13,12,12,25,12,12,-1
01_13_02_05_0229.bmp,0,2,5,8,13,32,32,20,4,13,-1
01_13_02_05_0229.bmp,1,2,5,8,13,12,12,40,12,12,-1
01_13_02_05_0230.bmp,1,2,5,8,13,12,31,25,12,13,-1
01_13_02_05_0232.bmp,0,2,5,8,13,32,13,20,4,18,-1
01_13_02_05_0232.bmp,1,2,5,8,13,12,31,20,12,12,-1
01_13_02_05_0233.bmp,1,2,5,8,13,12,31,25,12,12,-1
01_13_02_05_0234.bmp,1,2,5,8,13,12,12,40,12,12,-1
01_13_02_05_0236.bmp,1,2,5,8,13,12,31,25,12,12,-1
01_13_02_05_0237.bmp,1,2,5,8,13,12,31,20,12,12,-1
01_13_02_05_0238.bmp,0,2,5,8,13,13,13,13,13,13,-1
01_13_02_05_0240.bmp,0,2,5,8,13,13,13,13,32,13,-1
01_13_02_05_0241.bmp,1,2,5,8,13,12,12,20,12,12,-1
01_13_02_05_0242.bmp,1,2,5,8,13,12,31,40,12,12,-1
01_13_02_05_0244.bmp,1,2,5,8,13,12,12,20,12,12,-1
01_13_02_05_0248.bmp,0,2,5,8,13,13,13,13,13,13,-1
01_13_02_05_0249.bmp,0,2,5,8,13,13,13,13,13,13,-1
01_13_02_05_0249.bmp,1,2,5,8,13,12,12,20,12,13,-1
01_13_02_05_0250.bmp,0,2,5,8,13,13,13,13,13,13,-1
01_13_02_05_0250.bmp,1,2,5,8,13,12,12,25,12,13,-1
01_13_02_05_0252.bmp,0,2,5,8,13,13,13,13,15,13,-1
01_13_02_05_0252.bmp,1,2,5,8,13,12,31,20,12,12,-1
01_13_02_05_0254.bmp,0,2,5,8,13,13,13,13,13,13,-1
01_13_02_05_0255.bmp,0,2,5,8,13,13,13,13,13,13,-1
01_13_02_05_0256.bmp,0,2,5,8,13,13,13,13,13,13,-1
01_13_02_05_0257.bmp,0,2,5,8,13,13,13,13,13,13,-1
01_13_02_05_0258.bmp,0,2,5,8,13,13,13,13,13,13,-1
01_13_02_05_0259.bmp,0,2,5,8,13,13,13,13,13,13,-1
01_13_02_05_0260.bmp,1,2,5,8,13,12,31,40,12,12,-1
01_13_02_05_0261.bmp,0,2,5,8,13,13,13,13,13,13,-1
01_13_02_05_0262.bmp,1,2,5,8,13,12,31,20,12,24,-1
01_13_02_05_0264.bmp,0,2,5,8,13,13,13,13,13,13,-1
01_13_02_05_0266.bmp,1,2,5,8,13,12,12,25,12,12,-1
01_13_02_05_0267.bmp,0,2,5,8,13,13,13,13,13,13,-1
01_13_02_05_0267.bmp,1,2,5,8,13,12,12,20,12,12,-1
01_13_02_05_0268.bmp,0,2,5,8,13,13,13,13,13,13,-1
01_13_02_05_0270.bmp,0,2,5,8,13,12,12,40,12,12,-1
01_13_02_05_0271.bmp,0,2,5,8,13,12,12,20,12,12,-1
01_13_02_05_0275.bmp,0,2,5,8,13,12,12,40,12,12,-1
01_13_02_05_0276.bmp,0,2,5,8,13,12,31,20,12,13,-1
01_13_02_05_0277.bmp,0,2,5,8,13,12,12,20,12,12,-1
01_13_02_05_0279.bmp,0,2,5,8,13,12,12,20,12,12,-1
01_13_02_05_0280.bmp,0,2,5,8,13,12,12,25,12,12,-1
01_13_02_05_0282.bmp,0,2,5,8,13,12,12,25,12,13,-1
01_13_02_05_0284.bmp,0,2,5,8,13,12,31,20,12,12,-1
01_13_02_05_0285.bmp,0,2,5,8,13,12,31,40,12,12,-1
01_13_02_05_0290.bmp,0,2,5,8,13,12,31,40,12,12,-1
01_13_02_05_0292.bmp,0,2,5,8,13,12,12,20,12,13,-1
01_13_02_05_0294.bmp,0,2,5,8,13,12,31,40,12,12,-1
01_13_02_05_0295.bmp,0,2,5,8,13,12,31,40,12,13,-1
01_13_02_05_0297.bmp,0,2,5,8,13,12,12,13,12,13,-1
01_13_02_05_0298.bmp,0,2,5,8,13,12,12,40,12,12,-1
01_13_02_05_0300.bmp,0,2,5,8,13,12,31,20,12,12,-1
01_13_02_05_0301.bmp,0,2,5,8,13,12,12,40,12,13,-1
01_13_02_05_0304.bmp,0,2,5,8,13,12,12,40,12,12,-1
01_13_02_05_0307.bmp,0,2,5,8,13,12,12,40,12,12,-1
01_13_02_05_0309.bmp,0,2,5,8,13,12,12,20,12,12,-1
01_13_02_05_0311.bmp,0,2,5,8,13,12,12,20,12,12,-1
01_13_02_05_0315.bmp,0,2,5,8,13,12,12,13,12,13,-1
01_13_02_05_0316.bmp,0,2,5,8,13,12,12,20,12,13,-1
01_13_02_05_0318.bmp,0,2,5,8,13,12,12,20,12,13,-1
01_13_02_05_0321.bmp,0,2,5,8,13,12,12,20,12,12,-1
01_13_02_05_0327.bmp,0,2,5,8,13,12,11,20,12,12,-1
01_13_02_05_0328.bmp,0,2,5,8,13,12,11,25,12,12,-1
01_13_02_05_0330.bmp,0,2,5,8,13,12,12,25,12,12,-1
01_13_02_05_0334.bmp,0,2,5,8,13,12,12,25,12,13,-1
01_13_02_05_0335.bmp,0,2,5,8,13,12,12,12,12,12,-1
01_13_02_05_0337.bmp,0,2,5,8,13,12,12,12,12,13,-1
01_13_02_05_0340.bmp,0,2,5,8,13,12,12,13,12,13,-1
01_13_02_05_0345.bmp,0,2,5,8,13,13,13,13,13,13,-1
01_13_02_05_0347.bmp,0,2,5,8,13,13,13,13,13,13,-1
01_13_02_05_0356.bmp,0,2,5,8,13,8,13,13,8,7,-1
01_13_02_05_0358.bmp,0,2,5,8,13,13,13,13,15,13,-1
01_13_02_05_0359.bmp,0,2,5,8,13,13,13,13,15,15,-1
01_13_02_05_0360.bmp,0,2,5,8,13,13,13,13,15,15,-1
01_13_02_05_0362.bmp,0,2,5,8,13,15,13,13,15,15,-1
01_13_02_05_0387.bmp,0,2,5,8,13,40,12,42,7,40,-1
01_13_02_05_0390.bmp,0,2,5,8,13,40,12,42,7,13,-1
01_13_02_05_0393.bmp,0,2,5,8,13,12,31,42,40,12,-1
01_13_02_05_0394.bmp,0,2,5,8,13,40,12,42,7,12,-1
01_13_02_05_0397.bmp,0,2,5,8,13,12,12,40,7,13,-1
01_13_02_05_0400.bmp,0,2,5,8,13,40,12,42,7,28,-1
01_13_02_05_0401.bmp,0,2,5,8,13,40,12,42,7,13,-1
01_13_02_05_0407.bmp,0,2,5,8,13,12,12,42,7,7,-1
01_13_02_05_0409.bmp,0,2,5,8,13,40,12,42,7,1,-1
01_13_02_05_0411.bmp,0,2,5,8,13,12,31,25,7,12,-1
01_13_02_05_0416.bmp,0,2,5,8,13,12,12,42,12,12,-1
01_13_02_05_0420.bmp,0,2,5,8,13,40,31,25,40,23,-1
01_13_02_05_0425.bmp,0,2,5,8,13,12,31,12,12,2,-1
01_13_02_05_0430.bmp,0,2,5,8,13,12,31,25,40,13,-1
01_13_02_05_0431.bmp,0,2,5,8,13,12,31,22,12,1,-1
01_13_02_05_0432.bmp,0,2,5,8,13,40,31,6,40,40,-1
01_13_02_05_0437.bmp,0,2,5,8,13,12,31,13,12,28,-1
01_13_02_05_0444.bmp,0,2,5,8,13,32,32,40,40,40,-1
01_13_02_05_0445.bmp,0,2,5,8,13,32,32,40,40,35,-1
01_13_02_05_0448.bmp,0,2,5,8,13,32,31,20,12,12,-1
01_13_02_05_0449.bmp,0,2,5,8,13,32,31,20,12,38,-1
01_13_02_05_0450.bmp,0,2,5,8,13,12,31,40,12,18,-1
01_13_02_05_0452.bmp,0,2,5,8,13,12,31,20,12,24,-1
01_13_02_05_0457.bmp,0,2,5,8,13,12,32,19,12,12,-1
01_13_02_05_0458.bmp,0,2,5,8,13,12,19,20,12,12,-1
01_13_02_05_0459.bmp,0,2,5,8,13,12,31,40,12,12,-1
01_13_02_05_0460.bmp,0,2,5,8,13,12,31,40,12,12,-1
01_13_02_05_0462.bmp,0,2,5,8,13,12,19,40,12,18,-1
01_13_02_05_0466.bmp,0,2,5,8,13,12,12,20,12,40,-1
01_13_02_05_0470.bmp,0,2,5,8,13,13,13,20,13,13,-1
01_13_02_05_0474.bmp,0,2,5,8,13,13,13,25,13,13,-1
01_13_02_05_0477.bmp,0,2,5,8,13,13,13,25,18,18,-1
01_13_02_05_0478.bmp,0,2,5,8,13,13,13,25,18,12,-1
01_13_02_05_0481.bmp,0,2,5,8,13,13,13,25,4,13,-1
01_13_02_05_0484.bmp,0,2,5,8,13,13,13,25,18,13,-1
01_13_02_05_0486.bmp,0,2,5,8,13,32,13,25,4,13,-1
01_13_02_05_0493.bmp,0,2,5,8,13,13,13,13,32,13,-1
01_13_02_05_0496.bmp,0,2,5,8,13,13,13,13,13,13,-1
01_13_02_05_0497.bmp,0,2,5,8,13,13,13,13,13,13,-1
01_13_02_05_0499.bmp,0,2,5,8,13,13,13,13,13,13,-1
01_13_02_05_0501.bmp,0,2,5,8,13,13,13,13,13,13,-1
01_13_02_05_0505.bmp,0,2,5,8,13,13,13,13,13,13,-1
01_13_02_05_0506.bmp,0,2,5,8,13,13,13,13,13,13,-1
01_13_02_05_0507.bmp,0,2,5,8,13,13,13,13,13,13,-1
01_13_02_05_0508.bmp,0,2,5,8,13,13,13,13,13,13,-1
01_13_02_05_0510.bmp,0,2,5,8,13,13,13,13,13,13,-1
01_13_02_05_0511.bmp,0,2,5,8,13,13,13,13,13,13,-1
01_13_02_05_0512.bmp,0,2,5,8,13,13,13,13,13,13,-1
01_13_02_05_0513.bmp,0,2,5,8,13,13,13,13,13,13,-1
01_13_02_05_0515.bmp,0,2,5,8,13,15,15,14,8,8,-1
01_13_02_05_0516.bmp,0,2,5,8,13,12,31,42,23,23,-1
01_13_02_05_0517.bmp,0,2,5,8,13,12,31,0,12,1,-1
01_13_02_05_0521.bmp,0,2,5,8,13,12,31,25,40,1,-1
01_13_02_05_0524.bmp,0,2,5,8,13,12,32,42,12,12,-1
01_13_02_05_0527.bmp,0,2,5,8,13,12,12,40,12,13,-1
01_13_02_05_0530.bmp,0,2,5,8,13,12,31,11,12,40,-1
01_13_02_05_0535.bmp,0,2,5,8,13,12,12,40,40,40,-1
01_13_02_05_0537.bmp,0,2,5,8,13,12,12,40,40,40,-1
01_13_02_05_0538.bmp,0,2,5,8,13,12,31,25,12,23,-1
01_13_02_05_0540.bmp,0,2,5,8,13,12,31,42,12,12,-1
01_13_02_05_0543.bmp,0,2,5,8,13,12,12,40,12,40,-1
01_13_02_05_0546.bmp,0,2,5,8,13,12,31,42,12,40,-1
01_13_02_05_0550.bmp,0,2,5,8,13,13,31,12,13,13,-1
01_13_02_05_0551.bmp,0,2,5,8,13,12,12,40,40,40,-1
01_13_02_05_0552.bmp,0,2,5,8,13,12,31,12,2,40,-1
01_13_02_05_0555.bmp,0,2,5,8,13,12,12,40,40,40,-1
01_13_02_05_0558.bmp,0,2,5,8,13,32,31,12,3,1,-1
01_13_02_05_0559.bmp,0,2,5,8,13,12,12,40,40,13,-1
01_13_02_05_0563.bmp,0,2,5,8,13,12,12,40,12,18,-1
01_13_02_05_0566.bmp,0,2,5,8,13,12,31,40,12,1,-1
01_13_02_05_0568.bmp,0,2,5,8,13,12,31,12,40,40,-1
01_13_02_05_0570.bmp,0,2,5,8,13,12,31,2,12,12,-1
01_13_02_05_0580.bmp,0,2,5,8,13,12,32,23,12,12,-1
01_13_02_05_0582.bmp,0,2,5,8,13,12,32,0,2,40,-1
01_13_02_05_0585.bmp,0,2,5,8,13,32,32,20,12,12,-1
01_13_02_05_0587.bmp,0,2,5,8,13,40,32,20,40,12,-1
01_13_02_05_0591.bmp,0,2,5,8,13,12,12,40,40,12,-1
01_13_02_05_0592.bmp,0,2,5,8,13,40,32,0,40,40,-1
01_13_02_05_0593.bmp,0,2,5,8,13,12,32,40,40,13,-1
01_13_02_05_0601.bmp,0,2,5,8,13,12,32,40,12,40,-1
01_13_02_05_0602.bmp,0,2,5,8,13,12,12,40,13,13,-1
01_13_02_05_0604.bmp,0,2,5,8,13,40,12,40,40,32,-1
01_13_02_05_0606.bmp,0,2,5,8,13,13,12,25,13,13,-1
01_13_02_05_0612.bmp,0,2,5,8,13,13,13,12,13,13,-1
01_13_02_05_0618.bmp,0,2,5,8,13,13,13,12,13,13,-1
01_13_02_05_0620.bmp,0,2,5,8,13,13,13,13,13,13,-1
01_13_02_05_0621.bmp,0,2,5,8,13,13,13,13,13,13,-1
01_13_02_05_0623.bmp,0,2,5,8,13,13,13,13,13,13,-1
01_13_02_05_0624.bmp,0,2,5,8,13,13,13,13,13,13,-1
01_03_07_03_0006.bmp,0,7,3,8,9,12,31,0,12,12,-1
01_03_07_03_0008.bmp,0,7,3,8,9,12,31,2,12,14,-1
01_03_07_03_0009.bmp,0,7,3,8,9,32,31,0,12,13,-1
01_03_07_03_0011.bmp,0,7,3,8,9,32,32,0,12,40,-1
01_03_07_03_0017.bmp,0,7,3,8,9,32,31,19,12,25,-1
01_03_07_03_0019.bmp,0,7,3,8,9,12,31,20,12,12,-1
01_03_07_03_0020.bmp,0,7,3,8,9,12,31,40,12,12,-1
01_03_07_03_0021.bmp,0,7,3,8,9,32,31,2,12,12,-1
01_03_07_03_0023.bmp,0,7,3,8,9,12,31,40,12,12,-1
01_03_07_03_0024.bmp,0,7,3,8,9,12,31,19,12,12,-1
01_03_07_03_0028.bmp,0,7,3,8,9,12,32,20,12,26,-1
01_03_07_03_0038.bmp,0,7,3,8,9,40,32,25,40,41,-1
01_03_07_03_0040.bmp,0,7,3,8,9,32,32,40,40,13,-1
01_03_07_03_0043.bmp,0,7,3,8,9,40,13,25,40,40,-1
01_03_07_03_0054.bmp,0,7,3,8,9,32,13,25,40,41,-1
01_03_07_03_0055.bmp,0,7,3,8,9,13,13,25,40,13,-1
01_03_07_03_0063.bmp,0,7,3,8,9,13,13,41,15,14,-1
01_03_07_03_0065.bmp,0,7,3,8,9,13,13,41,15,41,-1
01_03_07_03_0075.bmp,0,7,3,8,9,15,13,41,15,15,-1
01_03_07_03_0079.bmp,0,7,3,8,9,15,13,41,15,41,-1
01_03_07_03_0080.bmp,0,7,3,8,9,15,13,41,15,15,-1
01_03_07_03_0081.bmp,0,7,3,8,9,15,13,9,15,15,-1
01_03_07_03_0085.bmp,0,7,3,8,9,15,15,9,15,41,-1
01_06_07_03_0001.bmp,0,7,3,8,14,12,32,19,19,13,-1
01_06_07_03_0003.bmp,1,7,3,8,14,36,36,25,14,14,-1
01_06_07_03_0004.bmp,0,7,3,8,14,12,36,23,14,14,-1
01_06_07_03_0007.bmp,0,7,3,8,14,14,25,25,14,14,-1
01_06_07_03_0007.bmp,1,7,3,8,14,36,36,23,14,14,-1
01_06_07_03_0009.bmp,0,7,3,8,14,14,25,14,14,14,-1
01_06_07_03_0010.bmp,1,7,3,8,14,0,36,25,0,0,-1
01_06_07_03_0014.bmp,1,7,3,8,14,0,36,0,0,14,-1
01_06_07_03_0015.bmp,0,7,3,8,14,14,25,25,14,14,-1
01_06_07_03_0015.bmp,1,7,3,8,14,0,11,0,0,14,-1
01_06_07_03_0016.bmp,0,7,3,8,14,25,25,25,14,14,-1
01_06_07_03_0017.bmp,0,7,3,8,14,14,25,25,14,14,-1
01_06_07_03_0018.bmp,0,7,3,8,14,14,25,14,14,14,-1
01_06_07_03_0020.bmp,1,7,3,8,14,0,36,25,0,14,-1
01_06_07_03_0022.bmp,0,7,3,8,14,14,13,14,14,14,-1
01_06_07_03_0025.bmp,1,7,3,8,14,12,11,19,14,14,-1
01_06_07_03_0026.bmp,0,7,3,8,14,14,13,14,14,14,-1
01_06_07_03_0027.bmp,0,7,3,8,14,14,25,14,14,14,-1
01_06_07_03_0028.bmp,0,7,3,8,14,14,13,14,14,14,-1
01_06_07_03_0028.bmp,1,7,3,8,14,12,11,20,12,14,-1
01_06_07_03_0030.bmp,0,7,3,8,14,14,17,14,14,14,-1
01_06_07_03_0030.bmp,1,7,3,8,14,12,32,2,19,14,-1
01_06_07_03_0032.bmp,1,7,3,8,14,12,31,2,12,1,-1
01_06_07_03_0033.bmp,0,7,3,8,14,14,13,14,14,14,-1
01_06_07_03_0033.bmp,1,7,3,8,14,12,31,0,12,13,-1
01_06_07_03_0035.bmp,0,7,3,8,14,14,13,14,14,14,-1
01_06_07_03_0035.bmp,1,7,3,8,14,12,31,0,12,1,-1
01_06_07_03_0036.bmp,1,7,3,8,14,12,31,0,12,13,-1
01_06_07_03_0037.bmp,0,7,3,8,14,14,13,14,14,14,-1
01_06_07_03_0039.bmp,1,7,3,8,14,12,12,0,12,13,-1
01_06_07_03_0040.bmp,0,7,3,8,14,14,14,14,14,14,-1
01_06_07_03_0041.bmp,0,7,3,8,14,14,14,14,14,14,-1
01_06_07_03_0041.bmp,1,7,3,8,14,12,11,0,12,13,-1
01_06_07_03_0042.bmp,0,7,3,8,14,14,14,14,14,17,-1
01_06_07_03_0043.bmp,1,7,3,8,14,12,12,0,12,12,-1
01_06_07_03_0044.bmp,1,7,3,8,14,12,12,20,12,12,-1
01_06_07_03_0054.bmp,0,7,3,8,14,12,12,25,14,14,-1
01_06_07_03_0055.bmp,0,7,3,8,14,12,12,23,12,18,-1
01_06_07_03_0058.bmp,0,7,3,8,14,13,12,20,14,14,-1
01_06_07_03_0059.bmp,0,7,3,8,14,13,12,25,14,14,-1
01_06_07_03_0061.bmp,0,7,3,8,14,29,12,23,14,14,-1
01_06_07_03_0063.bmp,0,7,3,8,14,12,25,23,14,14,-1
01_06_07_03_0064.bmp,0,7,3,8,14,13,13,20,14,14,-1
01_06_07_03_0067.bmp,0,7,3,8,14,13,12,25,14,14,-1
01_06_07_03_0068.bmp,0,7,3,8,14,13,25,23,14,14,-1
01_06_07_03_0073.bmp,0,7,3,8,14,14,25,25,14,14,-1
01_06_07_03_0075.bmp,0,7,3,8,14,14,25,25,14,14,-1
01_06_07_03_0077.bmp,0,7,3,8,14,14,25,25,14,14,-1
01_06_07_03_0080.bmp,0,7,3,8,14,14,25,25,14,14,-1
01_06_07_03_0081.bmp,0,7,3,8,14,14,25,25,14,14,-1
01_06_07_03_0083.bmp,0,7,3,8,14,14,13,14,14,14,-1
01_06_07_03_0087.bmp,0,7,3,8,14,17,17,14,14,14,-1
01_06_07_03_0089.bmp,0,7,3,8,14,17,17,17,17,17,-1
01_11_07_03_0002.bmp,0,7,3,8,12,12,36,0,12,38,-1
01_11_07_03_0006.bmp,0,7,3,8,12,31,32,0,12,12,-1
01_11_07_03_0007.bmp,0,7,3,8,12,12,32,0,12,12,-1
01_11_07_03_0009.bmp,0,7,3,8,12,12,31,0,12,40,-1
01_11_07_03_0010.bmp,0,7,3,8,12,31,36,2,12,0,-1
01_11_07_03_0011.bmp,0,7,3,8,12,12,36,0,12,0,-1
01_11_07_03_0015.bmp,0,7,3,8,12,12,31,2,12,18,-1
01_11_07_03_0016.bmp,0,7,3,8,12,12,36,0,12,12,-1
01_11_07_03_0017.bmp,0,7,3,8,12,12,36,0,12,12,-1
01_11_07_03_0018.bmp,0,7,3,8,12,12,36,19,12,12,-1
01_11_07_03_0022.bmp,0,7,3,8,12,12,32,19,12,12,-1
01_11_07_03_0026.bmp,0,7,3,8,12,12,32,0,12,24,-1
01_11_07_03_0028.bmp,0,7,3,8,12,12,31,0,12,12,-1
01_11_07_03_0029.bmp,0,7,3,8,12,12,32,2,19,25,-1
01_11_07_03_0030.bmp,0,7,3,8,12,12,36,0,12,12,-1
01_11_07_03_0031.bmp,0,7,3,8,12,12,36,0,12,12,-1
01_11_07_03_0033.bmp,0,7,3,8,12,12,31,20,12,14,-1
01_11_07_03_0037.bmp,0,7,3,8,12,12,32,19,12,12,-1
01_11_07_03_0038.bmp,0,7,3,8,12,12,31,0,12,12,-1
01_11_07_03_0043.bmp,0,7,3,8,12,12,32,20,12,12,-1
01_11_07_03_0048.bmp,0,7,3,8,12,12,32,25,4,4,-1
01_11_07_03_0049.bmp,0,7,3,8,12,12,32,24,4,4,-1
01_11_07_03_0050.bmp,0,7,3,8,12,12,31,24,4,4,-1
01_11_07_03_0058.bmp,0,7,3,8,12,12,13,25,4,4,-1
01_11_07_03_0059.bmp,0,7,3,8,12,12,13,25,4,4,-1
01_11_07_03_0060.bmp,0,7,3,8,12,12,13,25,4,12,-1
01_11_07_03_0061.bmp,0,7,3,8,12,12,13,25,4,19,-1
01_11_07_03_0063.bmp,0,7,3,8,12,12,12,25,4,4,-1
01_11_07_03_0065.bmp,0,7,3,8,12,15,13,25,15,1,-1
01_11_07_03_0068.bmp,0,7,3,8,12,15,13,25,15,12,-1
01_11_07_03_0076.bmp,0,7,3,8,12,15,15,1,15,1,-1
01_11_07_03_0078.bmp,0,7,3,8,12,15,15,32,32,15,-1
01_12_07_03_0004.bmp,0,7,3,8,17,13,36,25,1,1,-1
01_12_07_03_0005.bmp,1,7,3,8,17,12,12,12,12,12,-1
01_12_07_03_0006.bmp,1,7,3,8,17,12,36,11,13,13,-1
01_12_07_03_0007.bmp,0,7,3,8,17,36,36,25,1,13,-1
01_12_07_03_0008.bmp,0,7,3,8,17,1,36,25,1,13,-1
01_12_07_03_0010.bmp,0,7,3,8,17,1,36,25,1,1,-1
01_12_07_03_0010.bmp,1,7,3,8,17,31,31,25,12,1,-1
01_12_07_03_0011.bmp,1,7,3,8,17,12,12,12,12,12,-1
01_12_07_03_0012.bmp,1,7,3,8,17,12,12,11,12,0,-1
01_12_07_03_0013.bmp,1,7,3,8,17,31,31,0,24,24,-1
01_12_07_03_0014.bmp,0,7,3,8,17,1,36,25,1,1,-1
01_12_07_03_0016.bmp,1,7,3,8,17,12,12,25,12,1,-1
01_12_07_03_0017.bmp,0,7,3,8,17,36,36,0,1,12,-1
01_12_07_03_0018.bmp,0,7,3,8,17,13,36,24,15,12,-1
01_12_07_03_0019.bmp,0,7,3,8,17,12,36,25,1,13,-1
01_12_07_03_0019.bmp,1,7,3,8,17,12,11,25,12,14,-1
01_12_07_03_0021.bmp,0,7,3,8,17,13,36,25,13,13,-1
01_12_07_03_0022.bmp,0,7,3,8,17,15,13,25,15,13,-1
01_12_07_03_0025.bmp,0,7,3,8,17,15,13,25,17,15,-1
01_12_07_03_0025.bmp,1,7,3,8,17,12,31,12,12,13,-1
01_12_07_03_0026.bmp,1,7,3,8,17,12,36,0,12,14,-1
01_12_07_03_0027.bmp,0,7,3,8,17,15,31,2,15,15,-1
01_12_07_03_0027.bmp,1,7,3,8,17,12,12,0,12,14,-1
01_12_07_03_0028.bmp,0,7,3,8,17,2,13,2,2,2,-1
01_12_07_03_0029.bmp,1,7,3,8,17,31,31,11,12,25,-1
01_12_07_03_0030.bmp,1,7,3,8,17,12,36,11,12,12,-1
01_12_07_03_0032.bmp,0,7,3,8,17,26,26,14,14,14,-1
01_12_07_03_0033.bmp,0,7,3,8,17,17,26,14,14,14,-1
01_12_07_03_0037.bmp,0,7,3,8,17,17,26,14,17,14,-1
01_12_07_03_0037.bmp,1,7,3,8,17,12,12,11,24,14,-1
01_12_07_03_0039.bmp,0,7,3,8,17,17,17,14,14,14,-1
01_12_07_03_0042.bmp,0,7,3,8,17,17,17,17,17,14,-1
01_12_07_03_0042.bmp,1,7,3,8,17,12,12,11,12,14,-1
01_12_07_03_0043.bmp,1,7,3,8,17,12,36,25,1,14,-1
01_12_07_03_0044.bmp,0,7,3,8,17,12,36,13,1,14,-1
01_12_07_03_0046.bmp,0,7,3,8,17,12,12,12,12,14,-1
01_12_07_03_0047.bmp,0,7,3,8,17,36,36,12,1,1,-1
01_12_07_03_0050.bmp,0,7,3,8,17,12,36,13,1,14,-1
01_12_07_03_0052.bmp,0,7,3,8,17,12,0,13,12,12,-1
01_12_07_03_0053.bmp,0,7,3,8,17,12,0,0,12,14,-1
01_12_07_03_0060.bmp,0,7,3,8,17,12,36,0,0,0,-1
01_12_07_03_0061.bmp,0,7,3,8,17,12,0,0,12,14,-1
01_12_07_03_0063.bmp,0,7,3,8,17,12,0,0,0,0,-1
01_12_07_03_0066.bmp,0,7,3,8,17,12,0,0,12,12,-1
01_12_07_03_0072.bmp,0,7,3,8,17,12,36,0,0,14,-1
01_12_07_03_0079.bmp,0,7,3,8,17,12,11,0,0,14,-1
01_12_07_03_0080.bmp,0,7,3,8,17,12,0,0,0,14,-1
01_12_07_03_0081.bmp,0,7,3,8,17,12,0,0,12,14,-1
01_12_07_03_0085.bmp,0,7,3,8,17,12,0,0,0,14,-1
01_12_07_03_0088.bmp,0,7,3,8,17,0,25,25,0,14,-1
01_12_07_03_0089.bmp,0,7,3,8,17,0,25,0,0,14,-1
01_12_07_03_0092.bmp,0,7,3,8,17,12,0,0,0,14,-1
01_12_07_03_0094.bmp,0,7,3,8,17,0,36,0,0,14,-1
01_12_07_03_0100.bmp,0,7,3,8,17,0,0,25,0,14,-1
01_12_07_03_0102.bmp,0,7,3,8,17,0,0,25,0,14,-1
01_12_07_03_0103.bmp,0,7,3,8,17,0,0,25,0,14,-1
01_12_07_03_0107.bmp,0,7,3,8,17,13,25,25,41,14,-1
01_12_07_03_0109.bmp,0,7,3,8,17,15,13,25,17,14,-1
01_12_07_03_0113.bmp,0,7,3,8,17,15,13,14,17,17,-1
01_12_07_03_0114.bmp,0,7,3,8,17,15,15,14,17,26,-1
01_12_07_03_0115.bmp,0,7,3,8,17,15,15,14,17,17,-1
01_12_07_03_0116.bmp,0,7,3,8,17,15,15,4,17,26,-1
01_13_07_03_0003.bmp,0,7,3,8,13,12,12,40,12,12,-1
01_13_07_03_0003.bmp,1,7,3,8,13,13,11,0,13,13,-1
01_13_07_03_0005.bmp,0,7,3,8,13,12,12,40,12,40,-1
01_13_07_03_0006.bmp,1,7,3,8,13,13,11,0,13,13,-1
01_13_07_03_0007.bmp,0,7,3,8,13,12,12,40,12,34,-1
01_13_07_03_0009.bmp,0,7,3,8,13,12,12,40,12,40,-1
01_13_07_03_0010.bmp,1,7,3,8,13,13,11,0,13,13,-1
01_13_07_03_0012.bmp,0,7,3,8,13,12,12,40,12,12,-1
01_13_07_03_0012.bmp,1,7,3,8,13,13,11,0,13,12,-1
01_13_07_03_0013.bmp,0,7,3,8,13,12,12,40,12,25,-1
01_13_07_03_0014.bmp,0,7,3,8,13,12,12,40,12,12,-1
01_13_07_03_0014.bmp,1,7,3,8,13,13,11,0,13,13,-1
01_13_07_03_0015.bmp,1,7,3,8,13,13,11,0,13,13,-1
01_13_07_03_0016.bmp,0,7,3,8,13,12,12,25,12,13,-1
01_13_07_03_0017.bmp,0,7,3,8,13,12,12,40,12,25,-1
01_13_07_03_0018.bmp,1,7,3,8,13,13,11,0,13,13,-1
01_13_07_03_0019.bmp,1,7,3,8,13,13,13,0,13,13,-1
01_13_07_03_0021.bmp,0,7,3,8,13,12,12,12,12,13,-1
01_13_07_03_0023.bmp,1,7,3,8,13,13,11,0,13,13,-1
01_13_07_03_0024.bmp,1,7,3,8,13,13,13,0,13,13,-1
01_13_07_03_0025.bmp,0,7,3,8,13,12,12,11,12,13,-1
01_13_07_03_0025.bmp,1,7,3,8,13,13,13,25,13,13,-1
01_13_07_03_0029.bmp,0,7,3,8,13,12,12,11,12,12,-1
01_13_07_03_0031.bmp,0,7,3,8,13,12,12,40,12,12,-1
01_13_07_03_0031.bmp,1,7,3,8,13,13,13,2,13,13,-1
01_13_07_03_0032.bmp,0,7,3,8,13,12,12,6,12,36,-1
01_13_07_03_0032.bmp,1,7,3,8,13,13,13,0,13,0,-1
01_13_07_03_0033.bmp,1,7,3,8,13,13,13,13,13,13,-1
01_13_07_03_0034.bmp,0,7,3,8,13,12,12,25,12,20,-1
01_13_07_03_0034.bmp,1,7,3,8,13,13,13,0,13,13,-1
01_13_07_03_0036.bmp,0,7,3,8,13,12,12,25,12,35,-1
01_13_07_03_0036.bmp,1,7,3,8,13,13,13,2,13,13,-1
01_13_07_03_0037.bmp,0,7,3,8,13,12,12,12,12,40,-1
01_13_07_03_0037.bmp,1,7,3,8,13,13,13,13,13,13,-1
01_13_07_03_0039.bmp,1,7,3,8,13,13,13,0,13,13,-1
01_13_07_03_0041.bmp,0,7,3,8,13,12,12,40,12,40,-1
01_13_07_03_0041.bmp,1,7,3,8,13,13,13,13,13,13,-1
01_13_07_03_0043.bmp,0,7,3,8,13,12,12,40,12,25,-1
01_13_07_03_0043.bmp,1,7,3,8,13,13,13,13,13,13,-1
01_13_07_03_0044.bmp,0,7,3,8,13,12,12,40,12,40,-1
01_13_07_03_0048.bmp,0,7,3,8,13,12,12,40,12,32,-1
01_13_07_03_0048.bmp,1,7,3,8,13,13,13,13,13,13,-1
01_13_07_03_0049.bmp,0,7,3,8,13,12,12,40,12,12,-1
01_13_07_03_0052.bmp,0,7,3,8,13,12,12,40,12,13,-1
01_13_07_03_0054.bmp,1,7,3,8,13,13,13,13,13,13,-1
01_13_07_03_0055.bmp,1,7,3,8,13,13,13,13,13,13,-1
01_13_07_03_0057.bmp,1,7,3,8,13,13,13,13,13,13,-1
01_13_07_03_0058.bmp,0,7,3,8,13,12,12,40,13,13,-1
01_13_07_03_0058.bmp,1,7,3,8,13,13,13,13,13,13,-1
01_13_07_03_0061.bmp,0,7,3,8,13,13,12,40,13,13,-1
01_13_07_03_0062.bmp,1,7,3,8,13,13,13,13,15,13,-1
01_13_07_03_0063.bmp,1,7,3,8,13,23,12,12,23,24,-1
01_13_07_03_0064.bmp,1,7,3,8,13,12,12,6,23,12,-1
01_13_07_03_0067.bmp,1,7,3,8,13,12,12,25,13,13,-1
01_13_07_03_0068.bmp,1,7,3,8,13,2,12,0,7,13,-1
01_13_07_03_0069.bmp,1,7,3,8,13,12,12,23,28,13,-1
01_13_07_03_0072.bmp,1,7,3,8,13,12,12,12,23,23,-1
01_13_07_03_0073.bmp,1,7,3,8,13,12,12,11,23,13,-1
01_13_07_03_0074.bmp,1,7,3,8,13,12,12,19,23,23,-1
01_13_07_03_0075.bmp,0,7,3,8,13,13,12,25,13,13,-1
01_13_07_03_0076.bmp,1,7,3,8,13,12,12,25,23,13,-1
01_13_07_03_0077.bmp,1,7,3,8,13,12,12,12,13,12,-1
01_13_07_03_0078.bmp,1,7,3,8,13,31,12,11,23,13,-1
01_13_07_03_0081.bmp,0,7,3,8,13,13,13,13,13,13,-1
01_13_07_03_0083.bmp,0,7,3,8,13,13,13,13,13,13,-1
01_13_07_03_0084.bmp,0,7,3,8,13,13,13,13,13,13,-1
01_13_07_03_0085.bmp,0,7,3,8,13,13,13,13,13,13,-1
01_13_07_03_0088.bmp,0,7,3,8,13,13,13,13,13,13,-1
01_13_07_03_0093.bmp,0,7,3,8,13,13,13,13,13,13,-1
01_13_07_03_0093.bmp,1,7,3,8,13,12,31,0,23,31,-1
01_13_07_03_0095.bmp,1,7,3,8,13,12,31,0,12,12,-1
01_13_07_03_0097.bmp,0,7,3,8,13,13,13,13,13,13,-1
01_13_07_03_0097.bmp,1,7,3,8,13,12,31,0,12,12,-1
01_13_07_03_0098.bmp,1,7,3,8,13,12,12,0,23,23,-1
01_13_07_03_0099.bmp,0,7,3,8,13,13,13,13,13,13,-1
01_13_07_03_0100.bmp,1,7,3,8,13,12,31,0,12,12,-1
01_13_07_03_0101.bmp,1,7,3,8,13,12,31,0,12,12,-1
01_13_07_03_0102.bmp,1,7,3,8,13,12,31,0,12,12,-1
01_13_07_03_0105.bmp,0,7,3,8,13,13,13,13,13,13,-1
01_13_07_03_0106.bmp,0,7,3,8,13,13,13,13,13,13,-1
01_13_07_03_0108.bmp,1,7,3,8,13,32,32,20,32,12,-1
01_13_07_03_0109.bmp,1,7,3,8,13,12,12,20,12,40,-1
01_13_07_03_0110.bmp,0,7,3,8,13,13,13,13,13,13,-1
01_13_07_03_0111.bmp,0,7,3,8,13,13,13,13,13,13,-1
01_13_07_03_0111.bmp,1,7,3,8,13,12,12,20,12,12,-1
01_13_07_03_0114.bmp,0,7,3,8,13,40,31,0,23,23,-1
01_13_07_03_0116.bmp,1,7,3,8,13,12,31,0,12,12,-1
01_13_07_03_0117.bmp,1,7,3,8,13,12,31,20,12,12,-1
01_13_07_03_0120.bmp,0,7,3,8,13,40,12,6,23,13,-1
01_13_07_03_0122.bmp,0,7,3,8,13,12,32,6,40,12,-1
01_13_07_03_0124.bmp,1,7,3,8,13,12,12,20,12,12,-1
01_13_07_03_0125.bmp,1,7,3,8,13,12,12,2,12,13,-1
01_13_07_03_0126.bmp,0,7,3,8,13,12,32,20,40,40,-1
01_13_07_03_0128.bmp,0,7,3,8,13,12,32,20,40,12,-1
01_13_07_03_0130.bmp,0,7,3,8,13,12,32,20,40,12,-1
01_13_07_03_0130.bmp,1,7,3,8,13,12,12,2,12,13,-1
01_13_07_03_0132.bmp,1,7,3,8,13,12,12,20,12,13,-1
01_13_07_03_0133.bmp,1,7,3,8,13,12,12,20,12,24,-1
01_13_07_03_0134.bmp,1,7,3,8,13,12,12,0,12,13,-1
01_13_07_03_0136.bmp,1,7,3,8,13,12,12,40,12,13,-1
01_13_07_03_0137.bmp,0,7,3,8,13,12,32,40,13,12,-1
01_13_07_03_0141.bmp,1,7,3,8,13,12,12,20,12,13,-1
01_13_07_03_0143.bmp,1,7,3,8,13,12,12,20,12,12,-1
01_13_07_03_0144.bmp,0,7,3,8,13,13,13,13,38,13,-1
01_13_07_03_0146.bmp,1,7,3,8,13,12,12,20,12,12,-1
01_13_07_03_0147.bmp,0,7,3,8,13,13,13,13,38,13,-1
01_13_07_03_0148.bmp,1,7,3,8,13,12,12,20,12,13,-1
01_13_07_03_0149.bmp,1,7,3,8,13,12,12,20,12,12,-1
01_13_07_03_0150.bmp,0,7,3,8,13,13,13,13,38,13,-1
01_13_07_03_0153.bmp,0,7,3,8,13,13,13,13,13,13,-1
01_13_07_03_0154.bmp,0,7,3,8,13,13,13,13,38,13,-1
01_13_07_03_0156.bmp,0,7,3,8,13,13,13,13,38,13,-1
01_13_07_03_0157.bmp,0,7,3,8,13,13,13,13,32,13,-1
01_13_07_03_0158.bmp,0,7,3,8,13,13,13,13,38,13,-1
01_13_07_03_0158.bmp,1,7,3,8,13,12,12,20,12,13,-1
01_13_07_03_0160.bmp,1,7,3,8,13,12,12,20,12,13,-1
01_13_07_03_0161.bmp,0,7,3,8,13,13,13,13,13,13,-1
01_13_07_03_0163.bmp,0,7,3,8,13,13,13,13,13,13,-1
01_13_07_03_0166.bmp,0,7,3,8,13,13,13,13,13,13,-1
01_13_07_03_0170.bmp,0,7,3,8,13,13,31,1,13,40,-1
01_13_07_03_0172.bmp,0,7,3,8,13,12,12,1,2,13,-1
01_13_07_03_0172.bmp,1,7,3,8,13,12,12,20,12,12,-1
01_13_07_03_0173.bmp,1,7,3,8,13,32,32,20,13,13,-1
01_13_07_03_0174.bmp,0,7,3,8,13,12,31,25,13,1,-1
01_13_07_03_0174.bmp,1,7,3,8,13,13,13,25,13,13,-1
01_13_07_03_0175.bmp,0,7,3,8,13,12,12,11,23,24,-1
01_13_07_03_0175.bmp,1,7,3,8,13,12,12,25,12,13,-1
01_13_07_03_0176.bmp,1,7,3,8,13,12,12,20,12,13,-1
01_13_07_03_0178.bmp,0,7,3,8,13,12,12,12,12,23,-1
01_13_07_03_0178.bmp,1,7,3,8,13,12,12,20,12,13,-1
01_13_07_03_0179.bmp,0,7,3,8,13,32,31,12,13,25,-1
01_13_07_03_0180.bmp,0,7,3,8,13,19,31,42,13,1,-1
01_13_07_03_0181.bmp,1,7,3,8,13,12,12,40,12,24,-1
01_13_07_03_0182.bmp,0,7,3,8,13,13,31,42,7,40,-1
01_13_07_03_0185.bmp,1,7,3,8,13,12,12,20,12,12,-1
01_13_07_03_0186.bmp,1,7,3,8,13,12,12,40,12,13,-1
01_13_07_03_0188.bmp,1,7,3,8,13,12,12,40,12,12,-1
01_13_07_03_0189.bmp,1,7,3,8,13,12,12,20,12,12,-1
01_13_07_03_0191.bmp,0,7,3,8,13,12,31,1,13,40,-1
01_13_07_03_0192.bmp,1,7,3,8,13,12,12,13,12,13,-1
01_13_07_03_0193.bmp,1,7,3,8,13,12,12,25,12,12,-1
01_13_07_03_0194.bmp,0,7,3,8,13,12,31,1,13,35,-1
01_13_07_03_0196.bmp,0,7,3,8,13,40,31,42,23,12,-1
01_13_07_03_0197.bmp,0,7,3,8,13,13,31,25,12,23,-1
01_13_07_03_0198.bmp,0,7,3,8,13,12,12,25,13,1,-1
01_13_07_03_0200.bmp,1,7,3,8,13,12,12,20,12,13,-1
01_13_07_03_0201.bmp,0,7,3,8,13,12,31,28,13,40,-1
01_13_07_03_0202.bmp,0,7,3,8,13,40,12,25,13,40,-1
01_13_07_03_0203.bmp,0,7,3,8,13,40,12,12,12,25,-1
01_13_07_03_0204.bmp,0,7,3,8,13,13,12,40,40,24,-1
01_13_07_03_0204.bmp,1,7,3,8,13,12,12,20,12,13,-1
01_13_07_03_0205.bmp,1,7,3,8,13,12,12,40,12,12,-1
01_13_07_03_0208.bmp,1,7,3,8,13,12,12,40,12,13,-1
01_13_07_03_0210.bmp,1,7,3,8,13,12,12,40,12,12,-1
01_13_07_03_0211.bmp,0,7,3,8,13,12,12,40,12,40,-1
01_13_07_03_0212.bmp,1,7,3,8,13,12,12,20,12,13,-1
01_13_07_03_0215.bmp,0,7,3,8,13,40,12,20,40,24,-1
01_13_07_03_0217.bmp,0,7,3,8,13,40,32,20,40,12,-1
01_13_07_03_0220.bmp,1,7,3,8,13,12,12,12,12,13,-1
01_13_07_03_0222.bmp,0,7,3,8,13,12,32,40,40,13,-1
01_13_07_03_0223.bmp,1,7,3,8,13,12,12,20,12,12,-1
01_13_07_03_0224.bmp,0,7,3,8,13,32,32,40,12,32,-1
01_13_07_03_0224.bmp,1,7,3,8,13,12,12,40,12,13,-1
01_13_07_03_0228.bmp,1,7,3,8,13,12,12,20,12,13,-1
01_13_07_03_0229.bmp,1,7,3,8,13,12,12,40,12,24,-1
01_13_07_03_0230.bmp,0,7,3,8,13,32,13,40,4,4,-1
01_13_07_03_0231.bmp,1,7,3,8,13,12,12,25,12,12,-1
01_13_07_03_0232.bmp,0,7,3,8,13,32,13,24,4,4,-1
01_13_07_03_0232.bmp,1,7,3,8,13,12,12,20,12,13,-1
01_13_07_03_0234.bmp,1,7,3,8,13,12,12,20,12,13,-1
01_13_07_03_0235.bmp,1,7,3,8,13,12,12,25,12,12,-1
01_13_07_03_0236.bmp,0,7,3,8,13,32,13,25,32,13,-1
01_13_07_03_0237.bmp,0,7,3,8,13,32,13,13,32,13,-1
01_13_07_03_0239.bmp,1,7,3,8,13,12,12,20,12,12,-1
01_13_07_03_0240.bmp,0,7,3,8,13,32,13,13,32,8,-1
01_13_07_03_0241.bmp,1,7,3,8,13,12,12,20,12,24,-1
01_13_07_03_0245.bmp,1,7,3,8,13,12,12,40,12,13,-1
01_13_07_03_0246.bmp,1,7,3,8,13,12,31,25,12,13,-1
01_13_07_03_0247.bmp,0,7,3,8,13,13,13,13,13,13,-1
01_13_07_03_0247.bmp,1,7,3,8,13,12,12,40,12,12,-1
01_13_07_03_0248.bmp,0,7,3,8,13,13,13,13,13,13,-1
01_13_07_03_0249.bmp,0,7,3,8,13,13,13,13,13,13,-1
01_13_07_03_0250.bmp,0,7,3,8,13,13,13,13,13,13,-1
01_13_07_03_0250.bmp,1,7,3,8,13,12,12,20,12,13,-1
01_13_07_03_0252.bmp,1,7,3,8,13,12,12,20,12,12,-1
01_13_07_03_0253.bmp,0,7,3,8,13,13,13,13,13,13,-1
01_13_07_03_0256.bmp,0,7,3,8,13,13,13,13,13,13,-1
01_13_07_03_0256.bmp,1,7,3,8,13,12,12,20,12,12,-1
01_13_07_03_0257.bmp,0,7,3,8,13,13,13,13,13,13,-1
01_13_07_03_0257.bmp,1,7,3,8,13,12,12,20,12,12,-1
01_13_07_03_0260.bmp,0,7,3,8,13,13,13,13,13,13,-1
01_13_07_03_0261.bmp,0,7,3,8,13,13,13,13,13,13,-1
01_13_07_03_0262.bmp,1,7,3,8,13,12,12,20,12,13,-1
01_13_07_03_0263.bmp,0,7,3,8,13,13,13,13,13,13,-1
01_13_07_03_0271.bmp,0,7,3,8,13,12,12,20,12,12,-1
01_13_07_03_0272.bmp,0,7,3,8,13,12,31,40,12,13,-1
01_13_07_03_0273.bmp,0,7,3,8,13,12,12,20,12,12,-1
01_13_07_03_0274.bmp,0,7,3,8,13,12,12,25,12,13,-1
01_13_07_03_0277.bmp,0,7,3,8,13,12,12,40,12,12,-1
01_13_07_03_0280.bmp,0,7,3,8,13,12,12,20,12,13,-1
01_13_07_03_0281.bmp,0,7,3,8,13,12,12,20,12,12,-1
01_13_07_03_0282.bmp,0,7,3,8,13,12,12,40,12,12,-1
01_13_07_03_0285.bmp,0,7,3,8,13,12,12,40,12,12,-1
01_13_07_03_0287.bmp,0,7,3,8,13,12,12,20,12,12,-1
01_13_07_03_0288.bmp,0,7,3,8,13,12,12,12,12,13,-1
01_13_07_03_0289.bmp,0,7,3,8,13,12,12,25,12,13,-1
01_13_07_03_0293.bmp,0,7,3,8,13,12,12,40,12,12,-1
01_13_07_03_0296.bmp,0,7,3,8,13,12,12,40,12,13,-1
01_13_07_03_0299.bmp,0,7,3,8,13,12,12,20,12,12,-1
01_13_07_03_0300.bmp,0,7,3,8,13,12,12,40,12,13,-1
01_13_07_03_0301.bmp,0,7,3,8,13,12,12,40,12,12,-1
01_13_07_03_0303.bmp,0,7,3,8,13,12,31,20,12,12,-1
01_13_07_03_0307.bmp,0,7,3,8,13,12,12,20,12,12,-1
01_13_07_03_0311.bmp,0,7,3,8,13,12,12,40,12,24,-1
01_13_07_03_0316.bmp,0,7,3,8,13,12,12,40,12,13,-1
01_13_07_03_0325.bmp,0,7,3,8,13,12,12,40,12,13,-1
01_13_07_03_0331.bmp,0,7,3,8,13,12,13,13,12,13,-1
01_13_07_03_0333.bmp,0,7,3,8,13,12,12,25,12,13,-1
01_13_07_03_0334.bmp,0,7,3,8,13,13,13,13,13,13,-1
01_13_07_03_0336.bmp,0,7,3,8,13,12,12,12,12,13,-1
01_13_07_03_0337.bmp,0,7,3,8,13,13,13,13,13,13,-1
01_13_07_03_0338.bmp,0,7,3,8,13,13,13,13,13,13,-1
01_13_07_03_0341.bmp,0,7,3,8,13,13,13,13,13,13,-1
01_13_07_03_0343.bmp,0,7,3,8,13,13,13,13,13,13,-1
01_13_07_03_0344.bmp,0,7,3,8,13,13,13,13,13,13,-1
01_13_07_03_0348.bmp,0,7,3,8,13,13,13,13,13,13,-1
01_13_07_03_0350.bmp,0,7,3,8,13,13,13,13,13,13,-1
01_13_07_03_0352.bmp,0,7,3,8,13,13,13,13,13,7,-1
01_13_07_03_0353.bmp,0,7,3,8,13,13,13,13,13,13,-1
01_13_07_03_0354.bmp,0,7,3,8,13,13,13,13,13,13,-1
01_13_07_03_0357.bmp,0,7,3,8,13,13,13,20,13,13,-1
01_13_07_03_0358.bmp,0,7,3,8,13,13,13,13,13,13,-1
01_13_07_03_0359.bmp,0,7,3,8,13,13,13,13,15,15,-1
01_13_07_03_0365.bmp,0,7,3,8,13,13,13,13,15,13,-1
01_13_07_03_0371.bmp,0,7,3,8,13,15,13,13,15,13,-1
01_13_07_03_0373.bmp,0,7,3,8,13,15,13,13,15,13,-1
01_13_07_03_0382.bmp,0,7,3,8,13,15,13,13,15,13,-1
01_13_07_03_0384.bmp,0,7,3,8,13,15,15,15,15,8,-1
01_13_07_03_0385.bmp,0,7,3,8,13,15,15,15,8,15,-1
01_13_07_03_0386.bmp,0,7,3,8,13,40,31,12,7,12,-1
01_13_07_03_0387.bmp,0,7,3,8,13,40,12,42,7,13,-1
01_13_07_03_0389.bmp,0,7,3,8,13,12,12,42,40,12,-1
01_13_07_03_0391.bmp,0,7,3,8,13,12,31,1,12,13,-1
01_13_07_03_0398.bmp,0,7,3,8,13,40,12,42,40,13,-1
01_13_07_03_0402.bmp,0,7,3,8,13,12,12,42,12,40,-1
01_13_07_03_0404.bmp,0,7,3,8,13,40,12,1,40,12,-1
01_13_07_03_0408.bmp,0,7,3,8,13,12,31,42,12,13,-1
01_13_07_03_0413.bmp,0,7,3,8,13,12,31,42,12,12,-1
01_13_07_03_0414.bmp,0,7,3,8,13,12,31,25,12,13,-1
01_13_07_03_0415.bmp,0,7,3,8,13,12,31,42,40,13,-1
01_13_07_03_0419.bmp,0,7,3,8,13,12,31,12,40,40,-1
01_13_07_03_0421.bmp,0,7,3,8,13,12,31,12,12,38,-1
01_13_07_03_0422.bmp,0,7,3,8,13,12,31,1,12,12,-1
01_13_07_03_0423.bmp,0,7,3,8,13,12,31,42,12,23,-1
01_13_07_03_0424.bmp,0,7,3,8,13,12,31,11,12,26,-1
01_13_07_03_0429.bmp,0,7,3,8,13,12,31,40,12,40,-1
01_13_07_03_0430.bmp,0,7,3,8,13,32,31,0,12,13,-1
01_13_07_03_0434.bmp,0,7,3,8,13,32,32,6,12,13,-1
01_13_07_03_0435.bmp,0,7,3,8,13,32,31,25,12,12,-1
01_13_07_03_0438.bmp,0,7,3,8,13,12,31,40,12,12,-1
01_13_07_03_0441.bmp,0,7,3,8,13,32,31,25,13,13,-1
01_13_07_03_0442.bmp,0,7,3,8,13,13,19,20,13,13,-1
01_13_07_03_0443.bmp,0,7,3,8,13,32,31,20,12,13,-1
01_13_07_03_0444.bmp,0,7,3,8,13,32,32,12,12,18,-1
01_13_07_03_0448.bmp,0,7,3,8,13,13,31,40,13,12,-1
01_13_07_03_0449.bmp,0,7,3,8,13,12,31,20,12,13,-1
01_13_07_03_0456.bmp,0,7,3,8,13,12,32,40,12,13,-1
01_13_07_03_0458.bmp,0,7,3,8,13,12,13,24,12,12,-1
01_13_07_03_0461.bmp,0,7,3,8,13,12,13,40,12,12,-1
01_13_07_03_0463.bmp,0,7,3,8,13,13,13,40,13,13,-1
01_13_07_03_0468.bmp,0,7,3,8,13,13,13,40,13,13,-1
01_13_07_03_0471.bmp,0,7,3,8,13,13,13,25,13,13,-1
01_13_07_03_0475.bmp,0,7,3,8,13,13,13,25,13,13,-1
01_13_07_03_0477.bmp,0,7,3,8,13,13,13,13,13,13,-1
01_13_07_03_0479.bmp,0,7,3,8,13,13,13,13,13,13,-1
01_13_07_03_0481.bmp,0,7,3,8,13,13,13,20,13,13,-1
01_13_07_03_0484.bmp,0,7,3,8,13,13,13,13,4,13,-1
01_13_07_03_0486.bmp,0,7,3,8,13,13,13,13,13,13,-1
01_13_07_03_0489.bmp,0,7,3,8,13,13,13,13,13,13,-1
01_13_07_03_0491.bmp,0,7,3,8,13,13,13,13,13,13,-1
01_13_07_03_0492.bmp,0,7,3,8,13,13,13,13,13,13,-1
01_13_07_03_0494.bmp,0,7,3,8,13,13,13,13,13,13,-1
01_13_07_03_0501.bmp,0,7,3,8,13,13,13,13,13,13,-1
01_13_07_03_0504.bmp,0,7,3,8,13,13,13,13,13,13,-1
01_13_07_03_0507.bmp,0,7,3,8,13,13,13,13,13,13,-1
01_13_07_03_0511.bmp,0,7,3,8,13,13,13,13,13,13,-1
01_13_07_03_0513.bmp,0,7,3,8,13,13,13,13,13,13,-1
01_13_07_03_0515.bmp,0,7,3,8,13,8,13,14,14,8,-1
01_13_07_03_0516.bmp,0,7,3,8,13,12,31,42,40,40,-1
01_13_07_03_0517.bmp,0,7,3,8,13,12,31,25,12,12,-1
01_13_07_03_0519.bmp,0,7,3,8,13,12,31,25,12,40,-1
01_13_07_03_0521.bmp,0,7,3,8,13,32,31,12,40,25,-1
01_13_07_03_0525.bmp,0,7,3,8,13,12,31,40,12,12,-1
01_13_07_03_0526.bmp,0,7,3,8,13,12,31,1,12,12,-1
01_13_07_03_0527.bmp,0,7,3,8,13,12,31,40,12,40,-1
01_13_07_03_0530.bmp,0,7,3,8,13,32,31,25,12,40,-1
01_13_07_03_0535.bmp,0,7,3,8,13,12,12,25,40,12,-1
01_13_07_03_0540.bmp,0,7,3,8,13,12,31,25,12,12,-1
01_13_07_03_0542.bmp,0,7,3,8,13,12,31,12,12,40,-1
01_13_07_03_0544.bmp,0,7,3,8,13,12,31,42,12,12,-1
01_13_07_03_0545.bmp,0,7,3,8,13,12,12,40,12,40,-1
01_13_07_03_0549.bmp,0,7,3,8,13,12,12,40,40,12,-1
01_13_07_03_0550.bmp,0,7,3,8,13,32,31,2,3,9,-1
01_13_07_03_0557.bmp,0,7,3,8,13,12,12,40,40,40,-1
01_13_07_03_0558.bmp,0,7,3,8,13,12,31,12,12,28,-1
01_13_07_03_0559.bmp,0,7,3,8,13,12,12,40,12,13,-1
01_13_07_03_0565.bmp,0,7,3,8,13,12,12,40,12,18,-1
01_13_07_03_0575.bmp,0,7,3,8,13,12,12,40,12,13,-1
01_13_07_03_0578.bmp,0,7,3,8,13,32,32,2,40,40,-1
01_13_07_03_0581.bmp,0,7,3,8,13,40,12,40,40,40,-1
01_13_07_03_0582.bmp,0,7,3,8,13,12,32,1,12,40,-1
01_13_07_03_0583.bmp,0,7,3,8,13,12,12,40,13,13,-1
01_13_07_03_0584.bmp,0,7,3,8,13,13,32,0,13,13,-1
01_13_07_03_0587.bmp,0,7,3,8,13,32,32,20,13,13,-1
01_13_07_03_0591.bmp,0,7,3,8,13,13,32,20,13,13,-1
01_13_07_03_0592.bmp,0,7,3,8,13,12,12,0,12,12,-1
01_13_07_03_0594.bmp,0,7,3,8,13,40,32,19,40,40,-1
01_13_07_03_0596.bmp,0,7,3,8,13,32,12,25,12,12,-1
01_13_07_03_0599.bmp,0,7,3,8,13,32,13,25,13,13,-1
01_13_07_03_0600.bmp,0,7,3,8,13,12,32,40,13,13,-1
01_13_07_03_0604.bmp,0,7,3,8,13,13,13,40,13,13,-1
01_13_07_03_0605.bmp,0,7,3,8,13,13,13,40,13,13,-1
01_13_07_03_0607.bmp,0,7,3,8,13,13,13,13,13,13,-1
01_13_07_03_0608.bmp,0,7,3,8,13,13,13,25,13,13,-1
01_13_07_03_0609.bmp,0,7,3,8,13,13,13,13,13,13,-1
01_13_07_03_0611.bmp,0,7,3,8,13,13,13,13,13,13,-1
01_13_07_03_0613.bmp,0,7,3,8,13,13,13,13,13,13,-1
01_13_07_03_0615.bmp,0,7,3,8,13,13,13,13,13,13,-1
01_13_07_03_0616.bmp,0,7,3,8,13,13,13,13,13,13,-1
01_13_07_03_0626.bmp,0,7,3,8,13,13,13,13,13,13,-1
01_03_07_04_0004.bmp,0,7,4,8,9,12,31,19,12,25,-1
01_03_07_04_0005.bmp,0,7,4,8,9,12,31,40,12,40,-1
01_03_07_04_0011.bmp,0,7,4,8,9,32,31,0,12,13,-1
01_03_07_04_0015.bmp,0,7,4,8,9,12,32,19,12,40,-1
01_03_07_04_0016.bmp,0,7,4,8,9,12,31,20,12,13,-1
01_03_07_04_0017.bmp,0,7,4,8,9,32,31,0,12,13,-1
01_03_07_04_0024.bmp,0,7,4,8,9,12,31,40,12,12,-1
01_03_07_04_0025.bmp,0,7,4,8,9,32,31,20,12,12,-1
01_03_07_04_0028.bmp,0,7,4,8,9,12,32,20,12,40,-1
01_03_07_04_0029.bmp,0,7,4,8,9,32,31,2,12,40,-1
01_03_07_04_0030.bmp,0,7,4,8,9,12,32,20,12,12,-1
01_03_07_04_0032.bmp,0,7,4,8,9,40,32,25,40,13,-1
01_03_07_04_0033.bmp,0,7,4,8,9,40,32,0,12,2,-1
01_03_07_04_0034.bmp,0,7,4,8,9,40,32,40,40,13,-1
01_03_07_04_0041.bmp,0,7,4,8,9,40,32,20,40,12,-1
01_03_07_04_0047.bmp,0,7,4,8,9,32,32,20,40,40,-1
01_03_07_04_0048.bmp,0,7,4,8,9,32,31,25,40,13,-1
01_03_07_04_0050.bmp,0,7,4,8,9,32,32,20,40,40,-1
01_03_07_04_0051.bmp,0,7,4,8,9,32,32,25,40,13,-1
01_03_07_04_0052.bmp,0,7,4,8,9,32,32,25,40,40,-1
01_03_07_04_0055.bmp,0,7,4,8,9,40,13,25,40,13,-1
01_03_07_04_0057.bmp,0,7,4,8,9,19,12,25,19,19,-1
01_03_07_04_0058.bmp,0,7,4,8,9,12,19,24,19,13,-1
01_03_07_04_0059.bmp,0,7,4,8,9,19,19,25,19,19,-1
01_03_07_04_0064.bmp,0,7,4,8,9,19,12,25,19,19,-1
01_03_07_04_0071.bmp,0,7,4,8,9,12,13,12,41,41,-1
01_03_07_04_0072.bmp,0,7,4,8,9,15,13,41,15,14,-1
01_03_07_04_0074.bmp,0,7,4,8,9,13,13,13,15,13,-1
01_03_07_04_0075.bmp,0,7,4,8,9,13,13,13,41,14,-1
01_03_07_04_0076.bmp,0,7,4,8,9,13,13,13,15,14,-1
01_03_07_04_0077.bmp,0,7,4,8,9,13,13,13,41,14,-1
01_03_07_04_0078.bmp,0,7,4,8,9,13,13,41,41,41,-1
01_03_07_04_0083.bmp,0,7,4,8,9,15,13,41,15,41,-1
01_03_07_04_0084.bmp,0,7,4,8,9,15,13,15,15,15,-1
01_06_07_04_0001.bmp,1,7,4,8,14,12,32,2,12,8,-1
01_06_07_04_0003.bmp,1,7,4,8,14,36,32,25,25,14,-1
01_06_07_04_0005.bmp,0,7,4,8,14,12,32,20,29,14,-1
01_06_07_04_0005.bmp,1,7,4,8,14,36,36,0,12,14,-1
01_06_07_04_0006.bmp,0,7,4,8,14,12,32,20,5,14,-1
01_06_07_04_0006.bmp,1,7,4,8,14,36,32,20,12,29,-1
01_06_07_04_0007.bmp,0,7,4,8,14,12,25,25,14,14,-1
01_06_07_04_0008.bmp,1,7,4,8,14,36,11,23,0,25,-1
01_06_07_04_0010.bmp,0,7,4,8,14,36,36,25,14,14,-1
01_06_07_04_0011.bmp,0,7,4,8,14,12,36,25,14,14,-1
01_06_07_04_0013.bmp,0,7,4,8,14,25,36,25,14,14,-1
01_06_07_04_0014.bmp,0,7,4,8,14,36,36,14,14,14,-1
01_06_07_04_0016.bmp,1,7,4,8,14,12,11,0,0,14,-1
01_06_07_04_0018.bmp,1,7,4,8,14,12,11,0,0,0,-1
01_06_07_04_0020.bmp,0,7,4,8,14,25,25,25,14,14,-1
01_06_07_04_0020.bmp,1,7,4,8,14,12,11,23,0,14,-1
01_06_07_04_0021.bmp,0,7,4,8,14,14,25,25,14,14,-1
01_06_07_04_0021.bmp,1,7,4,8,14,12,11,20,0,14,-1
01_06_07_04_0022.bmp,1,7,4,8,14,12,11,20,12,14,-1
01_06_07_04_0023.bmp,0,7,4,8,14,14,25,14,14,14,-1
01_06_07_04_0023.bmp,1,7,4,8,14,12,11,23,12,14,-1
01_06_07_04_0025.bmp,0,7,4,8,14,14,25,14,14,14,-1
01_06_07_04_0026.bmp,0,7,4,8,14,14,25,25,14,14,-1
01_06_07_04_0027.bmp,0,7,4,8,14,14,25,14,14,14,-1
01_06_07_04_0028.bmp,0,7,4,8,14,14,25,14,14,14,-1
01_06_07_04_0028.bmp,1,7,4,8,14,12,11,13,12,14,-1
01_06_07_04_0031.bmp,1,7,4,8,14,12,31,0,12,28,-1
01_06_07_04_0032.bmp,0,7,4,8,14,14,13,41,14,14,-1
01_06_07_04_0032.bmp,1,7,4,8,14,12,31,0,12,13,-1
01_06_07_04_0033.bmp,0,7,4,8,14,14,13,14,14,14,-1
01_06_07_04_0033.bmp,1,7,4,8,14,12,31,0,12,40,-1
01_06_07_04_0035.bmp,0,7,4,8,14,14,13,14,14,14,-1
01_06_07_04_0036.bmp,1,7,4,8,14,12,31,6,12,14,-1
01_06_07_04_0038.bmp,1,7,4,8,14,12,31,0,12,9,-1
01_06_07_04_0040.bmp,0,7,4,8,14,14,13,14,14,14,-1
01_06_07_04_0044.bmp,0,7,4,8,14,14,9,41,14,14,-1
01_06_07_04_0044.bmp,1,7,4,8,14,12,31,0,12,13,-1
01_06_07_04_0047.bmp,0,7,4,8,14,12,31,20,12,13,-1
01_06_07_04_0048.bmp,0,7,4,8,14,12,12,20,12,1,-1
01_06_07_04_0049.bmp,0,7,4,8,14,12,12,0,2,14,-1
01_06_07_04_0050.bmp,0,7,4,8,14,12,12,20,12,14,-1
01_06_07_04_0053.bmp,0,7,4,8,14,13,32,20,13,13,-1
01_06_07_04_0054.bmp,0,7,4,8,14,13,32,0,13,13,-1
01_06_07_04_0055.bmp,0,7,4,8,14,12,12,20,12,18,-1
01_06_07_04_0056.bmp,0,7,4,8,14,13,12,20,13,13,-1
01_06_07_04_0064.bmp,0,7,4,8,14,13,32,20,18,14,-1
01_06_07_04_0065.bmp,0,7,4,8,14,13,32,20,14,14,-1
01_06_07_04_0066.bmp,0,7,4,8,14,13,13,23,18,14,-1
01_06_07_04_0067.bmp,0,7,4,8,14,13,12,25,14,14,-1
01_06_07_04_0068.bmp,0,7,4,8,14,13,12,23,14,14,-1
01_06_07_04_0076.bmp,0,7,4,8,14,14,25,25,14,14,-1
01_06_07_04_0079.bmp,0,7,4,8,14,14,25,25,14,14,-1
01_06_07_04_0080.bmp,0,7,4,8,14,12,12,25,14,14,-1
01_06_07_04_0084.bmp,0,7,4,8,14,14,25,25,14,14,-1
01_06_07_04_0085.bmp,0,7,4,8,14,14,25,23,14,24,-1
01_06_07_04_0088.bmp,0,7,4,8,14,14,14,14,14,14,-1
01_11_07_04_0001.bmp,0,7,4,8,12,36,36,0,12,0,-1
01_11_07_04_0006.bmp,0,7,4,8,12,31,32,0,12,12,-1
01_11_07_04_0010.bmp,0,7,4,8,12,12,36,0,12,38,-1
01_11_07_04_0014.bmp,0,7,4,8,12,12,36,2,12,40,-1
01_11_07_04_0016.bmp,0,7,4,8,12,12,36,0,12,12,-1
01_11_07_04_0023.bmp,0,7,4,8,12,12,32,20,12,1,-1
01_11_07_04_0026.bmp,0,7,4,8,12,12,32,20,12,12,-1
01_11_07_04_0030.bmp,0,7,4,8,12,12,32,2,12,12,-1
01_11_07_04_0032.bmp,0,7,4,8,12,12,32,20,12,12,-1
01_11_07_04_0034.bmp,0,7,4,8,12,12,32,20,12,18,-1
01_11_07_04_0036.bmp,0,7,4,8,12,12,32,20,12,12,-1
01_11_07_04_0041.bmp,0,7,4,8,12,12,32,20,12,1,-1
01_11_07_04_0045.bmp,0,7,4,8,12,12,32,25,12,12,-1
01_11_07_04_0059.bmp,0,7,4,8,12,12,32,25,4,4,-1
01_11_07_04_0067.bmp,0,7,4,8,12,12,13,25,4,12,-1
01_11_07_04_0068.bmp,0,7,4,8,12,12,13,12,4,4,-1
01_11_07_04_0069.bmp,0,7,4,8,12,12,13,25,4,12,-1
01_11_07_04_0074.bmp,0,7,4,8,12,15,15,1,15,15,-1
01_12_07_04_0001.bmp,0,7,4,8,17,12,12,2,25,24,-1
01_12_07_04_0004.bmp,1,7,4,8,17,12,32,11,12,12,-1
01_12_07_04_0005.bmp,0,7,4,8,17,36,32,0,12,13,-1
01_12_07_04_0006.bmp,1,7,4,8,17,31,31,23,31,38,-1
01_12_07_04_0007.bmp,0,7,4,8,17,12,36,0,29,12,-1
01_12_07_04_0007.bmp,1,7,4,8,17,12,31,12,12,13,-1
01_12_07_04_0010.bmp,1,7,4,8,17,12,32,25,24,12,-1
01_12_07_04_0012.bmp,1,7,4,8,17,12,12,12,12,23,-1
01_12_07_04_0013.bmp,0,7,4,8,17,12,36,2,1,12,-1
01_12_07_04_0017.bmp,1,7,4,8,17,12,31,12,12,12,-1
01_12_07_04_0018.bmp,0,7,4,8,17,12,36,25,1,12,-1
01_12_07_04_0020.bmp,1,7,4,8,17,12,31,11,12,33,-1
01_12_07_04_0021.bmp,0,7,4,8,17,12,36,25,29,13,-1
01_12_07_04_0022.bmp,0,7,4,8,17,12,36,23,12,12,-1
01_12_07_04_0024.bmp,1,7,4,8,17,12,31,11,12,10,-1
01_12_07_04_0025.bmp,0,7,4,8,17,12,36,25,12,12,-1
01_12_07_04_0028.bmp,0,7,4,8,17,2,2,2,2,2,-1
01_12_07_04_0029.bmp,0,7,4,8,17,2,13,2,2,2,-1
01_12_07_04_0029.bmp,1,7,4,8,17,31,32,25,12,11,-1
01_12_07_04_0033.bmp,0,7,4,8,17,14,13,22,14,14,-1
01_12_07_04_0033.bmp,1,7,4,8,17,12,32,12,12,13,-1
01_12_07_04_0034.bmp,0,7,4,8,17,26,26,14,14,14,-1
01_12_07_04_0034.bmp,1,7,4,8,17,31,31,11,12,26,-1
01_12_07_04_0038.bmp,0,7,4,8,17,17,26,14,14,14,-1
01_12_07_04_0040.bmp,0,7,4,8,17,14,15,14,14,14,-1
01_12_07_04_0042.bmp,0,7,4,8,17,17,17,14,14,14,-1
01_12_07_04_0045.bmp,0,7,4,8,17,12,12,12,12,13,-1
01_12_07_04_0049.bmp,0,7,4,8,17,12,11,11,12,12,-1
01_12_07_04_0050.bmp,0,7,4,8,17,12,36,11,12,13,-1
01_12_07_04_0052.bmp,0,7,4,8,17,12,11,12,12,14,-1
01_12_07_04_0056.bmp,0,7,4,8,17,12,11,0,12,0,-1
01_12_07_04_0057.bmp,0,7,4,8,17,12,11,0,12,1,-1
01_12_07_04_0061.bmp,0,7,4,8,17,12,11,0,12,0,-1
01_12_07_04_0063.bmp,0,7,4,8,17,12,11,0,12,12,-1
01_12_07_04_0071.bmp,0,7,4,8,17,12,11,21,12,12,-1
01_12_07_04_0073.bmp,0,7,4,8,17,12,11,0,12,0,-1
01_12_07_04_0076.bmp,0,7,4,8,17,12,11,20,12,12,-1
01_12_07_04_0081.bmp,0,7,4,8,17,12,11,0,12,14,-1
01_12_07_04_0082.bmp,0,7,4,8,17,12,11,20,12,29,-1
01_12_07_04_0083.bmp,0,7,4,8,17,12,11,0,12,14,-1
01_12_07_04_0092.bmp,0,7,4,8,17,12,11,20,0,14,-1
01_12_07_04_0094.bmp,0,7,4,8,17,12,11,23,12,14,-1
01_12_07_04_0096.bmp,0,7,4,8,17,12,11,23,0,25,-1
01_12_07_04_0101.bmp,0,7,4,8,17,0,11,0,0,14,-1
01_12_07_04_0102.bmp,0,7,4,8,17,0,11,23,0,1,-1
01_12_07_04_0104.bmp,0,7,4,8,17,0,11,0,0,14,-1
01_12_07_04_0105.bmp,0,7,4,8,17,12,11,0,0,14,-1
01_12_07_04_0111.bmp,0,7,4,8,17,0,0,25,0,14,-1
01_13_07_04_0003.bmp,0,7,4,8,13,12,31,25,12,25,-1
01_13_07_04_0003.bmp,1,7,4,8,13,11,11,0,13,0,-1
01_13_07_04_0004.bmp,1,7,4,8,13,11,11,0,13,13,-1
01_13_07_04_0011.bmp,1,7,4,8,13,13,11,0,13,12,-1
01_13_07_04_0013.bmp,0,7,4,8,13,12,12,40,12,40,-1
01_13_07_04_0014.bmp,1,7,4,8,13,13,11,0,13,13,-1
01_13_07_04_0016.bmp,0,7,4,8,13,12,12,40,12,12,-1
01_13_07_04_0017.bmp,0,7,4,8,13,12,12,40,12,40,-1
01_13_07_04_0021.bmp,0,7,4,8,13,12,12,40,12,40,-1
01_13_07_04_0022.bmp,0,7,4,8,13,12,12,42,12,12,-1
01_13_07_04_0024.bmp,0,7,4,8,13,12,12,40,12,12,-1
01_13_07_04_0026.bmp,0,7,4,8,13,12,12,11,12,40,-1
01_13_07_04_0026.bmp,1,7,4,8,13,13,11,0,13,13,-1
01_13_07_04_0027.bmp,0,7,4,8,13,12,12,40,12,25,-1
01_13_07_04_0028.bmp,0,7,4,8,13,12,12,40,12,38,-1
01_13_07_04_0028.bmp,1,7,4,8,13,13,11,0,13,12,-1
01_13_07_04_0032.bmp,1,7,4,8,13,13,11,0,13,13,-1
01_13_07_04_0033.bmp,1,7,4,8,13,13,11,25,13,0,-1
01_13_07_04_0034.bmp,0,7,4,8,13,12,12,40,12,25,-1
01_13_07_04_0035.bmp,0,7,4,8,13,12,12,40,12,14,-1
01_13_07_04_0035.bmp,1,7,4,8,13,13,11,25,13,13,-1
01_13_07_04_0036.bmp,1,7,4,8,13,13,11,0,13,1,-1
01_13_07_04_0037.bmp,0,7,4,8,13,12,12,25,12,35,-1
01_13_07_04_0040.bmp,0,7,4,8,13,12,12,25,12,25,-1
01_13_07_04_0040.bmp,1,7,4,8,13,13,11,25,13,13,-1
01_13_07_04_0041.bmp,0,7,4,8,13,12,12,40,12,40,-1
01_13_07_04_0042.bmp,0,7,4,8,13,12,12,40,12,2,-1
01_13_07_04_0042.bmp,1,7,4,8,13,13,11,25,13,13,-1
01_13_07_04_0044.bmp,1,7,4,8,13,13,11,25,13,13,-1
01_13_07_04_0046.bmp,0,7,4,8,13,12,12,40,12,12,-1
01_13_07_04_0051.bmp,0,7,4,8,13,12,12,40,12,25,-1
01_13_07_04_0052.bmp,0,7,4,8,13,12,12,40,12,13,-1
01_13_07_04_0054.bmp,0,7,4,8,13,12,12,40,12,12,-1
01_13_07_04_0055.bmp,0,7,4,8,13,12,12,40,12,12,-1
01_13_07_04_0056.bmp,0,7,4,8,13,12,12,40,12,20,-1
01_13_07_04_0057.bmp,1,7,4,8,13,13,13,13,13,13,-1
01_13_07_04_0058.bmp,0,7,4,8,13,12,12,40,12,32,-1
01_13_07_04_0059.bmp,0,7,4,8,13,12,12,40,12,13,-1
01_13_07_04_0060.bmp,0,7,4,8,13,12,12,40,12,35,-1
01_13_07_04_0060.bmp,1,7,4,8,13,13,13,13,13,13,-1
01_13_07_04_0061.bmp,1,7,4,8,13,13,13,13,13,13,-1
01_13_07_04_0063.bmp,1,7,4,8,13,12,12,6,23,7,-1
01_13_07_04_0066.bmp,1,7,4,8,13,12,12,25,23,7,-1
01_13_07_04_0067.bmp,1,7,4,8,13,12,12,0,23,9,-1
01_13_07_04_0068.bmp,1,7,4,8,13,12,12,6,23,23,-1
01_13_07_04_0069.bmp,1,7,4,8,13,12,12,25,23,12,-1
01_13_07_04_0072.bmp,0,7,4,8,13,12,12,40,12,25,-1
01_13_07_04_0072.bmp,1,7,4,8,13,12,12,12,23,13,-1
01_13_07_04_0073.bmp,0,7,4,8,13,12,12,40,13,32,-1
01_13_07_04_0073.bmp,1,7,4,8,13,31,12,20,23,23,-1
01_13_07_04_0074.bmp,0,7,4,8,13,12,12,40,12,13,-1
01_13_07_04_0076.bmp,0,7,4,8,13,13,12,25,13,13,-1
01_13_07_04_0078.bmp,0,7,4,8,13,13,12,20,13,25,-1
01_13_07_04_0079.bmp,0,7,4,8,13,13,3,25,13,13,-1
01_13_07_04_0079.bmp,1,7,4,8,13,12,12,12,23,12,-1
01_13_07_04_0082.bmp,1,7,4,8,13,12,12,20,12,12,-1
01_13_07_04_0083.bmp,0,7,4,8,13,13,12,25,13,13,-1
01_13_07_04_0084.bmp,0,7,4,8,13,13,25,25,13,13,-1
01_13_07_04_0085.bmp,0,7,4,8,13,13,13,24,13,13,-1
01_13_07_04_0087.bmp,0,7,4,8,13,13,13,25,13,13,-1
01_13_07_04_0088.bmp,1,7,4,8,13,12,12,0,7,12,-1
01_13_07_04_0089.bmp,1,7,4,8,13,12,31,0,12,12,-1
01_13_07_04_0090.bmp,0,7,4,8,13,13,13,13,13,13,-1
01_13_07_04_0090.bmp,1,7,4,8,13,12,12,0,12,12,-1
01_13_07_04_0093.bmp,0,7,4,8,13,13,13,13,13,13,-1
01_13_07_04_0093.bmp,1,7,4,8,13,12,12,0,12,12,-1
01_13_07_04_0094.bmp,1,7,4,8,13,12,31,11,12,13,-1
01_13_07_04_0095.bmp,0,7,4,8,13,13,13,13,13,13,-1
01_13_07_04_0098.bmp,1,7,4,8,13,12,12,6,12,12,-1
01_13_07_04_0099.bmp,1,7,4,8,13,12,31,0,12,12,-1
01_13_07_04_0100.bmp,0,7,4,8,13,13,13,13,13,13,-1
01_13_07_04_0101.bmp,0,7,4,8,13,13,13,13,13,13,-1
01_13_07_04_0101.bmp,1,7,4,8,13,12,31,0,12,12,-1
01_13_07_04_0105.bmp,1,7,4,8,13,12,31,40,12,12,-1
01_13_07_04_0107.bmp,0,7,4,8,13,13,13,13,13,13,-1
01_13_07_04_0108.bmp,0,7,4,8,13,13,13,13,13,13,-1
01_13_07_04_0109.bmp,1,7,4,8,13,12,12,20,40,13,-1
01_13_07_04_0110.bmp,0,7,4,8,13,13,13,13,13,13,-1
01_13_07_04_0110.bmp,1,7,4,8,13,12,31,40,40,40,-1
01_13_07_04_0111.bmp,0,7,4,8,13,13,13,13,13,13,-1
01_13_07_04_0112.bmp,0,7,4,8,13,13,13,13,13,13,-1
01_13_07_04_0113.bmp,1,7,4,8,13,12,32,20,12,12,-1
01_13_07_04_0114.bmp,1,7,4,8,13,12,12,40,12,40,-1
01_13_07_04_0115.bmp,0,7,4,8,13,23,12,40,23,26,-1
01_13_07_04_0115.bmp,1,7,4,8,13,12,31,20,12,12,-1
01_13_07_04_0116.bmp,1,7,4,8,13,12,31,20,12,12,-1
01_13_07_04_0117.bmp,1,7,4,8,13,12,31,20,12,12,-1
01_13_07_04_0118.bmp,0,7,4,8,13,12,12,40,2,12,-1
01_13_07_04_0118.bmp,1,7,4,8,13,12,31,20,12,12,-1
01_13_07_04_0119.bmp,0,7,4,8,13,40,12,40,40,13,-1
01_13_07_04_0119.bmp,1,7,4,8,13,12,31,20,12,12,-1
01_13_07_04_0122.bmp,1,7,4,8,13,12,31,20,12,24,-1
01_13_07_04_0123.bmp,0,7,4,8,13,40,32,19,40,40,-1
01_13_07_04_0124.bmp,0,7,4,8,13,40,12,40,2,40,-1
01_13_07_04_0124.bmp,1,7,4,8,13,12,31,0,12,12,-1
01_13_07_04_0125.bmp,0,7,4,8,13,40,12,40,40,40,-1
01_13_07_04_0125.bmp,1,7,4,8,13,12,12,20,12,12,-1
01_13_07_04_0126.bmp,0,7,4,8,13,40,12,40,13,12,-1
01_13_07_04_0128.bmp,1,7,4,8,13,12,31,20,12,12,-1
01_13_07_04_0129.bmp,0,7,4,8,13,12,12,40,40,12,-1
01_13_07_04_0130.bmp,0,7,4,8,13,40,32,20,6,12,-1
01_13_07_04_0131.bmp,0,7,4,8,13,12,12,20,40,40,-1
01_13_07_04_0131.bmp,1,7,4,8,13,12,12,20,12,24,-1
01_13_07_04_0132.bmp,0,7,4,8,13,12,32,40,40,12,-1
01_13_07_04_0133.bmp,1,7,4,8,13,12,12,2,12,12,-1
01_13_07_04_0134.bmp,1,7,4,8,13,12,12,25,12,19,-1
01_13_07_04_0136.bmp,1,7,4,8,13,12,31,20,12,12,-1
01_13_07_04_0137.bmp,0,7,4,8,13,12,32,40,40,12,-1
01_13_07_04_0137.bmp,1,7,4,8,13,12,31,20,12,13,-1
01_13_07_04_0138.bmp,0,7,4,8,13,40,12,40,40,40,-1
01_13_07_04_0139.bmp,0,7,4,8,13,40,12,40,40,40,-1
01_13_07_04_0139.bmp,1,7,4,8,13,12,12,40,12,12,-1
01_13_07_04_0140.bmp,1,7,4,8,13,12,12,25,12,12,-1
01_13_07_04_0143.bmp,1,7,4,8,13,12,12,20,12,40,-1
01_13_07_04_0146.bmp,0,7,4,8,13,12,32,40,40,40,-1
01_13_07_04_0149.bmp,0,7,4,8,13,12,32,40,40,40,-1
01_13_07_04_0149.bmp,1,7,4,8,13,12,12,20,12,19,-1
01_13_07_04_0150.bmp,0,7,4,8,13,12,32,40,40,12,-1
01_13_07_04_0150.bmp,1,7,4,8,13,12,12,20,12,24,-1
01_13_07_04_0151.bmp,0,7,4,8,13,12,32,13,40,12,-1
01_13_07_04_0154.bmp,0,7,4,8,13,13,13,40,40,40,-1
01_13_07_04_0154.bmp,1,7,4,8,13,12,12,40,12,24,-1
01_13_07_04_0155.bmp,0,7,4,8,13,13,32,13,40,40,-1
01_13_07_04_0159.bmp,0,7,4,8,13,32,13,13,38,13,-1
01_13_07_04_0160.bmp,0,7,4,8,13,32,13,13,32,32,-1
01_13_07_04_0160.bmp,1,7,4,8,13,12,12,20,12,12,-1
01_13_07_04_0162.bmp,1,7,4,8,13,12,12,40,12,24,-1
01_13_07_04_0163.bmp,0,7,4,8,13,32,13,13,32,13,-1
01_13_07_04_0164.bmp,0,7,4,8,13,32,13,13,30,13,-1
01_13_07_04_0164.bmp,1,7,4,8,13,12,12,20,12,12,-1
01_13_07_04_0165.bmp,0,7,4,8,13,13,13,13,32,13,-1
01_13_07_04_0166.bmp,1,7,4,8,13,12,31,20,12,12,-1
01_13_07_04_0168.bmp,1,7,4,8,13,12,12,40,12,13,-1
01_13_07_04_0170.bmp,0,7,4,8,13,13,31,1,13,12,-1
01_13_07_04_0170.bmp,1,7,4,8,13,12,12,40,12,12,-1
01_13_07_04_0171.bmp,0,7,4,8,13,13,31,1,13,13,-1
01_13_07_04_0172.bmp,0,7,4,8,13,12,31,1,12,12,-1
01_13_07_04_0172.bmp,1,7,4,8,13,12,12,20,12,24,-1
01_13_07_04_0173.bmp,0,7,4,8,13,13,31,12,13,13,-1
01_13_07_04_0173.bmp,1,7,4,8,13,32,32,25,12,13,-1
01_13_07_04_0174.bmp,0,7,4,8,13,13,31,11,13,13,-1
01_13_07_04_0174.bmp,1,7,4,8,13,12,12,20,12,13,-1
01_13_07_04_0175.bmp,1,7,4,8,13,12,12,40,12,12,-1
01_13_07_04_0176.bmp,1,7,4,8,13,12,31,40,12,12,-1
01_13_07_04_0177.bmp,1,7,4,8,13,12,12,20,12,12,-1
01_13_07_04_0178.bmp,0,7,4,8,13,13,31,1,13,13,-1
01_13_07_04_0178.bmp,1,7,4,8,13,12,12,20,12,12,-1
01_13_07_04_0179.bmp,0,7,4,8,13,13,31,1,13,13,-1
01_13_07_04_0179.bmp,1,7,4,8,13,12,31,20,12,28,-1
01_13_07_04_0180.bmp,0,7,4,8,13,13,31,1,13,13,-1
01_13_07_04_0182.bmp,0,7,4,8,13,12,31,1,13,13,-1
01_13_07_04_0182.bmp,1,7,4,8,13,12,12,40,12,13,-1
01_13_07_04_0185.bmp,0,7,4,8,13,12,31,1,13,13,-1
01_13_07_04_0193.bmp,1,7,4,8,13,12,12,20,12,12,-1
01_13_07_04_0196.bmp,0,7,4,8,13,13,13,25,13,13,-1
01_13_07_04_0197.bmp,1,7,4,8,13,12,12,40,12,13,-1
01_13_07_04_0199.bmp,0,7,4,8,13,12,13,25,12,12,-1
01_13_07_04_0202.bmp,0,7,4,8,13,12,13,20,12,13,-1
01_13_07_04_0203.bmp,0,7,4,8,13,12,13,25,12,12,-1
01_13_07_04_0206.bmp,0,7,4,8,13,12,13,11,12,12,-1
01_13_07_04_0207.bmp,1,7,4,8,13,12,31,40,12,12,-1
01_13_07_04_0209.bmp,0,7,4,8,13,13,13,12,13,13,-1
01_13_07_04_0209.bmp,1,7,4,8,13,12,31,40,12,12,-1
01_13_07_04_0210.bmp,1,7,4,8,13,12,31,40,12,13,-1
01_13_07_04_0212.bmp,0,7,4,8,13,12,13,40,34,12,-1
01_13_07_04_0212.bmp,1,7,4,8,13,12,31,40,12,12,-1
01_13_07_04_0214.bmp,0,7,4,8,13,12,13,40,34,34,-1
01_13_07_04_0214.bmp,1,7,4,8,13,12,31,20,12,12,-1
01_13_07_04_0215.bmp,1,7,4,8,13,12,31,20,12,1,-1
01_13_07_04_0216.bmp,0,7,4,8,13,13,13,13,13,13,-1
01_13_07_04_0216.bmp,1,7,4,8,13,12,31,40,12,24,-1
01_13_07_04_0217.bmp,1,7,4,8,13,12,31,40,12,12,-1
01_13_07_04_0219.bmp,1,7,4,8,13,12,31,20,12,12,-1
01_13_07_04_0220.bmp,0,7,4,8,13,13,13,20,13,13,-1
01_13_07_04_0221.bmp,0,7,4,8,13,13,13,13,15,13,-1
01_13_07_04_0222.bmp,0,7,4,8,13,13,13,20,13,13,-1
01_13_07_04_0223.bmp,1,7,4,8,13,12,12,40,12,12,-1
01_13_07_04_0226.bmp,0,7,4,8,13,13,13,13,13,13,-1
01_13_07_04_0227.bmp,0,7,4,8,13,13,13,13,13,13,-1
01_13_07_04_0227.bmp,1,7,4,8,13,12,12,20,12,12,-1
01_13_07_04_0231.bmp,0,7,4,8,13,13,13,13,13,13,-1
01_13_07_04_0232.bmp,1,7,4,8,13,12,31,40,12,12,-1
01_13_07_04_0233.bmp,0,7,4,8,13,13,13,13,13,13,-1
01_13_07_04_0235.bmp,0,7,4,8,13,13,13,13,13,13,-1
01_13_07_04_0236.bmp,0,7,4,8,13,13,13,13,13,13,-1
01_13_07_04_0236.bmp,1,7,4,8,13,12,12,40,12,12,-1
01_13_07_04_0238.bmp,1,7,4,8,13,12,12,40,12,12,-1
01_13_07_04_0240.bmp,0,7,4,8,13,13,13,13,13,13,-1
01_13_07_04_0240.bmp,1,7,4,8,13,12,31,40,12,12,-1
01_13_07_04_0242.bmp,1,7,4,8,13,12,12,40,12,12,-1
01_13_07_04_0244.bmp,1,7,4,8,13,12,31,40,12,12,-1
01_13_07_04_0245.bmp,0,7,4,8,13,13,13,13,13,7,-1
01_13_07_04_0246.bmp,0,7,4,8,13,32,13,41,4,13,-1
01_13_07_04_0246.bmp,1,7,4,8,13,12,31,40,12,13,-1
01_13_07_04_0247.bmp,1,7,4,8,13,12,31,40,12,12,-1
01_13_07_04_0249.bmp,0,7,4,8,13,13,13,13,8,13,-1
01_13_07_04_0250.bmp,0,7,4,8,13,13,13,13,13,13,-1
01_13_07_04_0251.bmp,0,7,4,8,13,13,13,13,8,13,-1
01_13_07_04_0252.bmp,0,7,4,8,13,13,13,13,8,13,-1
01_13_07_04_0253.bmp,0,7,4,8,13,13,13,13,13,13,-1
01_13_07_04_0258.bmp,1,7,4,8,13,12,31,40,12,13,-1
01_13_07_04_0259.bmp,1,7,4,8,13,12,31,20,12,12,-1
01_13_07_04_0260.bmp,0,7,4,8,13,13,13,13,13,13,-1
01_13_07_04_0261.bmp,0,7,4,8,13,13,13,13,13,13,-1
01_13_07_04_0262.bmp,0,7,4,8,13,13,13,13,13,13,-1
01_13_07_04_0263.bmp,1,7,4,8,13,12,12,40,12,12,-1
01_13_07_04_0264.bmp,0,7,4,8,13,13,13,13,13,13,-1
01_13_07_04_0264.bmp,1,7,4,8,13,12,12,40,12,12,-1
01_13_07_04_0265.bmp,0,7,4,8,13,13,13,13,13,13,-1
01_13_07_04_0266.bmp,1,7,4,8,13,12,31,20,12,13,-1
01_13_07_04_0267.bmp,0,7,4,8,13,13,13,13,13,13,-1
01_13_07_04_0267.bmp,1,7,4,8,13,12,31,20,12,12,-1
01_13_07_04_0269.bmp,0,7,4,8,13,13,13,13,13,13,-1
01_13_07_04_0272.bmp,0,7,4,8,13,12,31,40,12,12,-1
01_13_07_04_0273.bmp,0,7,4,8,13,12,31,40,12,12,-1
01_13_07_04_0275.bmp,0,7,4,8,13,12,31,40,12,12,-1
01_13_07_04_0278.bmp,0,7,4,8,13,12,31,20,12,24,-1
01_13_07_04_0280.bmp,0,7,4,8,13,12,31,20,12,1,-1
01_13_07_04_0287.bmp,0,7,4,8,13,12,12,20,12,12,-1
01_13_07_04_0289.bmp,0,7,4,8,13,12,31,40,12,12,-1
01_13_07_04_0291.bmp,0,7,4,8,13,12,31,20,12,12,-1
01_13_07_04_0299.bmp,0,7,4,8,13,12,12,40,12,12,-1
01_13_07_04_0306.bmp,0,7,4,8,13,12,12,20,12,12,-1
01_13_07_04_0308.bmp,0,7,4,8,13,12,12,20,12,40,-1
01_13_07_04_0311.bmp,0,7,4,8,13,12,12,40,12,24,-1
01_13_07_04_0312.bmp,0,7,4,8,13,12,12,40,12,12,-1
01_13_07_04_0314.bmp,0,7,4,8,13,12,12,40,12,12,-1
01_13_07_04_0315.bmp,0,7,4,8,13,12,12,20,12,13,-1
01_13_07_04_0316.bmp,0,7,4,8,13,12,12,20,12,12,-1
01_13_07_04_0327.bmp,0,7,4,8,13,12,11,20,12,24,-1
01_13_07_04_0328.bmp,0,7,4,8,13,12,12,20,12,23,-1
01_13_07_04_0333.bmp,0,7,4,8,13,12,12,25,12,12,-1
01_13_07_04_0334.bmp,0,7,4,8,13,12,12,25,12,12,-1
01_13_07_04_0336.bmp,0,7,4,8,13,12,12,12,12,12,-1
01_13_07_04_0337.bmp,0,7,4,8,13,12,12,25,12,12,-1
01_13_07_04_0342.bmp,0,7,4,8,13,12,12,13,40,13,-1
01_13_07_04_0351.bmp,0,7,4,8,13,13,13,13,13,8,-1
01_13_07_04_0352.bmp,0,7,4,8,13,13,13,13,13,13,-1
01_13_07_04_0355.bmp,0,7,4,8,13,13,13,13,4,7,-1
01_13_07_04_0361.bmp,0,7,4,8,13,13,13,13,13,13,-1
01_13_07_04_0363.bmp,0,7,4,8,13,13,13,13,15,13,-1
01_13_07_04_0366.bmp,0,7,4,8,13,13,13,13,15,13,-1
01_13_07_04_0369.bmp,0,7,4,8,13,13,13,13,15,13,-1
01_13_07_04_0372.bmp,0,7,4,8,13,15,13,13,15,13,-1
01_13_07_04_0375.bmp,0,7,4,8,13,15,13,13,15,13,-1
01_13_07_04_0376.bmp,0,7,4,8,13,13,13,13,13,13,-1
01_13_07_04_0377.bmp,0,7,4,8,13,13,13,13,15,13,-1
01_13_07_04_0381.bmp,0,7,4,8,13,13,13,13,13,13,-1
01_13_07_04_0384.bmp,0,7,4,8,13,15,13,13,15,8,-1
01_13_07_04_0389.bmp,0,7,4,8,13,40,12,6,7,12,-1
01_13_07_04_0392.bmp,0,7,4,8,13,40,31,42,7,25,-1
01_13_07_04_0395.bmp,0,7,4,8,13,40,12,42,7,18,-1
01_13_07_04_0398.bmp,0,7,4,8,13,12,12,42,7,1,-1
01_13_07_04_0399.bmp,0,7,4,8,13,40,12,42,7,26,-1
01_13_07_04_0400.bmp,0,7,4,8,13,12,31,1,7,1,-1
01_13_07_04_0401.bmp,0,7,4,8,13,12,31,42,12,12,-1
01_13_07_04_0405.bmp,0,7,4,8,13,40,12,42,7,12,-1
01_13_07_04_0409.bmp,0,7,4,8,13,40,12,19,7,12,-1
01_13_07_04_0413.bmp,0,7,4,8,13,12,12,42,40,13,-1
01_13_07_04_0418.bmp,0,7,4,8,13,40,31,42,7,23,-1
01_13_07_04_0424.bmp,0,7,4,8,13,12,31,25,40,12,-1
01_13_07_04_0425.bmp,0,7,4,8,13,12,31,6,12,12,-1
01_13_07_04_0429.bmp,0,7,4,8,13,12,12,25,40,40,-1
01_13_07_04_0430.bmp,0,7,4,8,13,32,31,23,12,33,-1
01_13_07_04_0432.bmp,0,7,4,8,13,32,31,40,40,11,-1
01_13_07_04_0434.bmp,0,7,4,8,13,12,31,19,40,25,-1
01_13_07_04_0439.bmp,0,7,4,8,13,32,31,6,13,40,-1
01_13_07_04_0442.bmp,0,7,4,8,13,12,31,40,12,18,-1
01_13_07_04_0443.bmp,0,7,4,8,13,40,32,20,40,40,-1
01_13_07_04_0444.bmp,0,7,4,8,13,32,32,40,40,23,-1
01_13_07_04_0448.bmp,0,7,4,8,13,32,32,24,13,40,-1
01_13_07_04_0450.bmp,0,7,4,8,13,12,32,20,12,13,-1
01_13_07_04_0452.bmp,0,7,4,8,13,12,32,20,12,12,-1
01_13_07_04_0455.bmp,0,7,4,8,13,12,13,19,12,12,-1
01_13_07_04_0456.bmp,0,7,4,8,13,12,32,19,12,13,-1
01_13_07_04_0461.bmp,0,7,4,8,13,12,31,40,12,12,-1
01_13_07_04_0462.bmp,0,7,4,8,13,12,31,40,12,18,-1
01_13_07_04_0463.bmp,0,7,4,8,13,12,12,20,12,4,-1
01_13_07_04_0464.bmp,0,7,4,8,13,12,12,40,12,12,-1
01_13_07_04_0465.bmp,0,7,4,8,13,12,13,25,13,13,-1
01_13_07_04_0466.bmp,0,7,4,8,13,12,12,20,12,13,-1
01_13_07_04_0471.bmp,0,7,4,8,13,13,13,20,13,12,-1
01_13_07_04_0473.bmp,0,7,4,8,13,12,13,40,41,18,-1
01_13_07_04_0475.bmp,0,7,4,8,13,32,13,25,18,12,-1
01_13_07_04_0476.bmp,0,7,4,8,13,32,32,20,29,13,-1
01_13_07_04_0480.bmp,0,7,4,8,13,13,13,25,18,13,-1
01_13_07_04_0485.bmp,0,7,4,8,13,32,13,25,32,13,-1
01_13_07_04_0486.bmp,0,7,4,8,13,32,13,40,32,13,-1
01_13_07_04_0490.bmp,0,7,4,8,13,13,13,20,40,13,-1
01_13_07_04_0492.bmp,0,7,4,8,13,13,13,13,40,13,-1
01_13_07_04_0495.bmp,0,7,4,8,13,13,13,13,13,13,-1
01_13_07_04_0497.bmp,0,7,4,8,13,13,13,13,13,13,-1
01_13_07_04_0499.bmp,0,7,4,8,13,13,13,13,13,13,-1
01_13_07_04_0500.bmp,0,7,4,8,13,13,13,13,13,13,-1
01_13_07_04_0501.bmp,0,7,4,8,13,13,13,13,13,13,-1
01_13_07_04_0505.bmp,0,7,4,8,13,13,13,13,13,13,-1
01_13_07_04_0508.bmp,0,7,4,8,13,13,13,13,13,13,-1
01_13_07_04_0510.bmp,0,7,4,8,13,13,13,13,13,13,-1
01_13_07_04_0511.bmp,0,7,4,8,13,13,13,13,13,13,-1
01_13_07_04_0514.bmp,0,7,4,8,13,13,13,13,13,13,-1
01_13_07_04_0516.bmp,0,7,4,8,13,12,31,1,12,23,-1
01_13_07_04_0519.bmp,0,7,4,8,13,12,31,42,40,12,-1
01_13_07_04_0521.bmp,0,7,4,8,13,12,31,0,12,40,-1
01_13_07_04_0523.bmp,0,7,4,8,13,12,31,40,40,12,-1
01_13_07_04_0525.bmp,0,7,4,8,13,12,12,40,40,19,-1
01_13_07_04_0526.bmp,0,7,4,8,13,12,31,23,12,13,-1
01_13_07_04_0533.bmp,0,7,4,8,13,12,12,40,40,40,-1
01_13_07_04_0537.bmp,0,7,4,8,13,12,12,40,12,40,-1
01_13_07_04_0538.bmp,0,7,4,8,13,12,31,1,2,40,-1
01_13_07_04_0539.bmp,0,7,4,8,13,12,12,40,12,12,-1
01_13_07_04_0542.bmp,0,7,4,8,13,12,31,1,12,40,-1
01_13_07_04_0544.bmp,0,7,4,8,13,12,31,1,2,12,-1
01_13_07_04_0545.bmp,0,7,4,8,13,12,12,40,12,4,-1
01_13_07_04_0547.bmp,0,7,4,8,13,12,12,40,40,40,-1
01_13_07_04_0549.bmp,0,7,4,8,13,12,12,40,40,40,-1
01_13_07_04_0550.bmp,0,7,4,8,13,12,31,12,7,4,-1
01_13_07_04_0554.bmp,0,7,4,8,13,12,31,0,12,13,-1
01_13_07_04_0557.bmp,0,7,4,8,13,12,12,40,40,40,-1
01_13_07_04_0559.bmp,0,7,4,8,13,12,12,40,12,40,-1
01_13_07_04_0561.bmp,0,7,4,8,13,12,12,40,40,13,-1
01_13_07_04_0564.bmp,0,7,4,8,13,12,31,42,12,12,-1
01_13_07_04_0565.bmp,0,7,4,8,13,12,12,40,40,40,-1
01_13_07_04_0566.bmp,0,7,4,8,13,12,31,11,19,23,-1
01_13_07_04_0567.bmp,0,7,4,8,13,12,12,40,40,24,-1
01_13_07_04_0570.bmp,0,7,4,8,13,12,31,12,40,40,-1
01_13_07_04_0571.bmp,0,7,4,8,13,12,12,40,40,40,-1
01_13_07_04_0573.bmp,0,7,4,8,13,40,12,40,40,40,-1
01_13_07_04_0581.bmp,0,7,4,8,13,40,12,40,40,24,-1
01_13_07_04_0584.bmp,0,7,4,8,13,12,32,0,12,40,-1
01_13_07_04_0586.bmp,0,7,4,8,13,12,32,0,12,12,-1
01_13_07_04_0588.bmp,0,7,4,8,13,13,32,0,40,38,-1
01_13_07_04_0589.bmp,0,7,4,8,13,12,19,25,12,12,-1
01_13_07_04_0590.bmp,0,7,4,8,13,12,32,2,12,40,-1
01_13_07_04_0592.bmp,0,7,4,8,13,12,12,25,12,13,-1
01_13_07_04_0594.bmp,0,7,4,8,13,40,32,0,40,24,-1
01_13_07_04_0595.bmp,0,7,4,8,13,12,32,40,12,13,-1
01_13_07_04_0600.bmp,0,7,4,8,13,40,32,40,40,13,-1
01_13_07_04_0601.bmp,0,7,4,8,13,40,12,40,13,13,-1
01_13_07_04_0605.bmp,0,7,4,8,13,12,12,40,40,13,-1
01_13_07_04_0607.bmp,0,7,4,8,13,13,12,25,13,13,-1
01_13_07_04_0609.bmp,0,7,4,8,13,13,12,25,13,13,-1
01_13_07_04_0610.bmp,0,7,4,8,13,12,12,20,13,13,-1
01_13_07_04_0612.bmp,0,7,4,8,13,12,12,12,12,13,-1
01_13_07_04_0625.bmp,0,7,4,8,13,13,13,13,13,13,-1
01_03_07_05_0001.bmp,0,7,5,8,9,32,32,2,12,26,-1
01_03_07_05_0006.bmp,0,7,5,8,9,32,31,2,12,38,-1
01_03_07_05_0012.bmp,0,7,5,8,9,32,31,0,12,40,-1
01_03_07_05_0015.bmp,0,7,5,8,9,12,32,20,12,13,-1
01_03_07_05_0018.bmp,0,7,5,8,9,32,31,19,40,25,-1
01_03_07_05_0021.bmp,0,7,5,8,9,32,32,20,40,2,-1
01_03_07_05_0024.bmp,0,7,5,8,9,32,32,22,40,25,-1
01_03_07_05_0036.bmp,0,7,5,8,9,40,32,2,40,40,-1
01_03_07_05_0042.bmp,0,7,5,8,9,40,32,2,40,40,-1
01_03_07_05_0043.bmp,0,7,5,8,9,40,32,20,40,40,-1
01_03_07_05_0044.bmp,0,7,5,8,9,40,32,20,40,40,-1
01_03_07_05_0046.bmp,0,7,5,8,9,40,32,40,40,40,-1
01_03_07_05_0048.bmp,0,7,5,8,9,32,31,40,40,12,-1
01_03_07_05_0050.bmp,0,7,5,8,9,40,32,40,40,12,-1
01_03_07_05_0051.bmp,0,7,5,8,9,40,32,40,40,40,-1
01_03_07_05_0055.bmp,0,7,5,8,9,32,32,40,40,24,-1
01_03_07_05_0056.bmp,0,7,5,8,9,19,32,25,19,19,-1
01_03_07_05_0058.bmp,0,7,5,8,9,12,32,0,19,1,-1
01_03_07_05_0061.bmp,0,7,5,8,9,19,32,25,19,1,-1
01_03_07_05_0062.bmp,0,7,5,8,9,19,32,25,19,13,-1
01_03_07_05_0066.bmp,0,7,5,8,9,19,12,25,19,1,-1
01_03_07_05_0068.bmp,0,7,5,8,9,12,12,25,24,24,-1
01_03_07_05_0069.bmp,0,7,5,8,9,12,12,25,24,24,-1
01_03_07_05_0072.bmp,0,7,5,8,9,19,32,24,19,14,-1
01_03_07_05_0075.bmp,0,7,5,8,9,12,13,25,19,12,-1
01_03_07_05_0077.bmp,0,7,5,8,9,12,13,12,41,41,-1
01_03_07_05_0078.bmp,0,7,5,8,9,19,0,41,19,14,-1
01_03_07_05_0082.bmp,0,7,5,8,9,15,13,13,15,14,-1
01_03_07_05_0083.bmp,0,7,5,8,9,15,13,13,15,24,-1
01_06_07_05_0002.bmp,1,7,5,8,14,32,32,20,12,14,-1
01_06_07_05_0003.bmp,1,7,5,8,14,32,32,19,12,14,-1
01_06_07_05_0004.bmp,1,7,5,8,14,32,32,20,12,23,-1
01_06_07_05_0007.bmp,0,7,5,8,14,12,11,0,12,14,-1
01_06_07_05_0007.bmp,1,7,5,8,14,36,32,20,36,14,-1
01_06_07_05_0012.bmp,0,7,5,8,14,36,32,25,14,14,-1
01_06_07_05_0012.bmp,1,7,5,8,14,12,11,20,0,0,-1
01_06_07_05_0013.bmp,1,7,5,8,14,0,11,0,0,0,-1
01_06_07_05_0014.bmp,0,7,5,8,14,36,36,23,14,14,-1
01_06_07_05_0015.bmp,0,7,5,8,14,12,36,23,14,14,-1
01_06_07_05_0015.bmp,1,7,5,8,14,12,11,20,0,1,-1
01_06_07_05_0016.bmp,1,7,5,8,14,12,11,20,12,14,-1
01_06_07_05_0017.bmp,1,7,5,8,14,12,11,20,12,0,-1
01_06_07_05_0021.bmp,0,7,5,8,14,25,25,25,14,14,-1
01_06_07_05_0022.bmp,1,7,5,8,14,12,11,23,12,14,-1
01_06_07_05_0024.bmp,0,7,5,8,14,13,25,24,14,14,-1
01_06_07_05_0026.bmp,1,7,5,8,14,12,32,20,12,24,-1
01_06_07_05_0029.bmp,0,7,5,8,14,14,25,25,14,14,-1
01_06_07_05_0029.bmp,1,7,5,8,14,12,32,2,12,14,-1
01_06_07_05_0030.bmp,0,7,5,8,14,14,25,25,14,14,-1
01_06_07_05_0030.bmp,1,7,5,8,14,12,32,20,12,24,-1
01_06_07_05_0031.bmp,0,7,5,8,14,14,25,25,14,14,-1
01_06_07_05_0031.bmp,1,7,5,8,14,12,31,0,12,40,-1
01_06_07_05_0035.bmp,0,7,5,8,14,14,13,25,14,14,-1
01_06_07_05_0037.bmp,1,7,5,8,14,12,31,0,12,1,-1
01_06_07_05_0038.bmp,0,7,5,8,14,14,13,14,14,14,-1
01_06_07_05_0039.bmp,0,7,5,8,14,14,13,14,14,14,-1
01_06_07_05_0039.bmp,1,7,5,8,14,12,31,0,12,40,-1
01_06_07_05_0040.bmp,1,7,5,8,14,12,31,20,12,1,-1
01_06_07_05_0041.bmp,1,7,5,8,14,12,31,20,12,12,-1
01_06_07_05_0042.bmp,0,7,5,8,14,14,13,14,14,14,-1
01_06_07_05_0043.bmp,1,7,5,8,14,12,31,0,12,2,-1
01_06_07_05_0046.bmp,0,7,5,8,14,12,31,0,12,1,-1
01_06_07_05_0048.bmp,0,7,5,8,14,12,31,0,40,40,-1
01_06_07_05_0050.bmp,0,7,5,8,14,12,12,40,12,2,-1
01_06_07_05_0051.bmp,0,7,5,8,14,40,12,20,40,25,-1
01_06_07_05_0055.bmp,0,7,5,8,14,12,12,20,12,2,-1
01_06_07_05_0056.bmp,0,7,5,8,14,12,12,20,12,13,-1
01_06_07_05_0059.bmp,0,7,5,8,14,13,12,20,13,13,-1
01_06_07_05_0064.bmp,0,7,5,8,14,13,13,20,8,8,-1
01_06_07_05_0066.bmp,0,7,5,8,14,13,32,23,18,4,-1
01_06_07_05_0067.bmp,0,7,5,8,14,13,32,20,18,14,-1
01_06_07_05_0068.bmp,0,7,5,8,14,13,32,20,8,5,-1
01_06_07_05_0070.bmp,0,7,5,8,14,32,12,20,29,2,-1
01_06_07_05_0074.bmp,0,7,5,8,14,5,32,25,25,29,-1
01_06_07_05_0075.bmp,0,7,5,8,14,2,12,25,14,14,-1
01_06_07_05_0076.bmp,0,7,5,8,14,2,12,20,25,2,-1
01_06_07_05_0080.bmp,0,7,5,8,14,12,12,25,14,14,-1
01_06_07_05_0085.bmp,0,7,5,8,14,24,12,25,4,1,-1
01_06_07_05_0088.bmp,0,7,5,8,14,14,14,14,14,14,-1
01_06_07_05_0089.bmp,0,7,5,8,14,17,17,17,17,17,-1
01_11_07_05_0002.bmp,0,7,5,8,12,12,36,0,12,14,-1
01_11_07_05_0003.bmp,0,7,5,8,12,12,31,0,12,1,-1
01_11_07_05_0013.bmp,0,7,5,8,12,31,31,0,12,23,-1
01_11_07_05_0019.bmp,0,7,5,8,12,12,31,0,12,12,-1
01_11_07_05_0020.bmp,0,7,5,8,12,12,31,19,12,11,-1
01_11_07_05_0021.bmp,0,7,5,8,12,12,32,19,12,12,-1
01_11_07_05_0022.bmp,0,7,5,8,12,12,32,2,12,2,-1
01_11_07_05_0024.bmp,0,7,5,8,12,12,32,2,12,2,-1
01_11_07_05_0027.bmp,0,7,5,8,12,12,32,2,12,14,-1
01_11_07_05_0028.bmp,0,7,5,8,12,12,32,0,12,25,-1
01_11_07_05_0031.bmp,0,7,5,8,12,12,32,19,12,40,-1
01_11_07_05_0033.bmp,0,7,5,8,12,12,32,19,12,1,-1
01_11_07_05_0038.bmp,0,7,5,8,12,12,32,0,12,12,-1
01_11_07_05_0039.bmp,0,7,5,8,12,12,32,20,12,12,-1
01_11_07_05_0041.bmp,0,7,5,8,12,12,32,20,12,12,-1
01_11_07_05_0045.bmp,0,7,5,8,12,12,32,19,12,2,-1
01_11_07_05_0047.bmp,0,7,5,8,12,12,32,20,12,24,-1
01_11_07_05_0049.bmp,0,7,5,8,12,12,32,19,12,24,-1
01_11_07_05_0050.bmp,0,7,5,8,12,12,32,20,12,12,-1
01_11_07_05_0052.bmp,0,7,5,8,12,12,32,25,12,12,-1
01_11_07_05_0060.bmp,0,7,5,8,12,12,32,25,12,12,-1
01_11_07_05_0061.bmp,0,7,5,8,12,12,32,25,12,12,-1
01_11_07_05_0062.bmp,0,7,5,8,12,12,19,25,12,12,-1
01_11_07_05_0064.bmp,0,7,5,8,12,12,32,25,4,24,-1
01_11_07_05_0065.bmp,0,7,5,8,12,12,19,25,12,12,-1
01_11_07_05_0069.bmp,0,7,5,8,12,12,32,25,4,12,-1
01_11_07_05_0077.bmp,0,7,5,8,12,15,13,25,15,24,-1
01_11_07_05_0078.bmp,0,7,5,8,12,15,13,1,15,1,-1
01_11_07_05_0080.bmp,0,7,5,8,12,17,36,1,15,14,-1
01_12_07_05_0002.bmp,0,7,5,8,17,12,36,20,1,24,-1
01_12_07_05_0004.bmp,0,7,5,8,17,12,11,19,24,1,-1
01_12_07_05_0005.bmp,0,7,5,8,17,32,32,0,20,12,-1
01_12_07_05_0006.bmp,1,7,5,8,17,12,31,12,12,1,-1
01_12_07_05_0009.bmp,0,7,5,8,17,12,36,19,29,24,-1
01_12_07_05_0009.bmp,1,7,5,8,17,12,31,12,12,13,-1
01_12_07_05_0011.bmp,0,7,5,8,17,12,36,23,29,12,-1
01_12_07_05_0011.bmp,1,7,5,8,17,32,31,12,23,23,-1
01_12_07_05_0012.bmp,0,7,5,8,17,12,36,0,29,12,-1
01_12_07_05_0012.bmp,1,7,5,8,17,12,31,42,2,2,-1
01_12_07_05_0013.bmp,0,7,5,8,17,12,36,0,12,12,-1
01_12_07_05_0015.bmp,0,7,5,8,17,12,12,2,29,24,-1
01_12_07_05_0017.bmp,1,7,5,8,17,12,31,12,12,12,-1
01_12_07_05_0018.bmp,1,7,5,8,17,32,31,12,12,13,-1
01_12_07_05_0021.bmp,1,7,5,8,17,12,31,11,12,0,-1
01_12_07_05_0022.bmp,1,7,5,8,17,12,31,12,12,0,-1
01_12_07_05_0024.bmp,1,7,5,8,17,12,31,11,12,7,-1
01_12_07_05_0025.bmp,1,7,5,8,17,12,31,12,12,25,-1
01_12_07_05_0028.bmp,1,7,5,8,17,12,31,12,12,13,-1
01_12_07_05_0032.bmp,0,7,5,8,17,13,12,2,14,2,-1
01_12_07_05_0032.bmp,1,7,5,8,17,12,31,0,12,12,-1
01_12_07_05_0033.bmp,0,7,5,8,17,13,12,22,14,14,-1
01_12_07_05_0033.bmp,1,7,5,8,17,12,31,12,12,23,-1
01_12_07_05_0034.bmp,0,7,5,8,17,14,13,25,14,14,-1
01_12_07_05_0035.bmp,0,7,5,8,17,15,13,41,14,14,-1
01_12_07_05_0035.bmp,1,7,5,8,17,12,31,12,12,12,-1
01_12_07_05_0036.bmp,1,7,5,8,17,12,31,11,12,12,-1
01_12_07_05_0037.bmp,0,7,5,8,17,14,15,14,14,14,-1
01_12_07_05_0038.bmp,0,7,5,8,17,14,26,14,14,14,-1
01_12_07_05_0040.bmp,0,7,5,8,17,14,26,14,14,14,-1
01_12_07_05_0040.bmp,1,7,5,8,17,12,31,25,12,12,-1
01_12_07_05_0041.bmp,0,7,5,8,17,14,26,14,14,14,-1
01_12_07_05_0043.bmp,0,7,5,8,17,17,17,14,14,14,-1
01_12_07_05_0044.bmp,0,7,5,8,17,12,31,11,12,23,-1
01_12_07_05_0045.bmp,0,7,5,8,17,12,31,12,12,12,-1
01_12_07_05_0051.bmp,0,7,5,8,17,12,11,12,12,12,-1
01_12_07_05_0052.bmp,0,7,5,8,17,12,11,12,12,1,-1
01_12_07_05_0056.bmp,0,7,5,8,17,12,11,23,12,12,-1
01_12_07_05_0060.bmp,0,7,5,8,17,12,11,20,12,0,-1
01_12_07_05_0061.bmp,0,7,5,8,17,12,11,20,12,12,-1
01_12_07_05_0062.bmp,0,7,5,8,17,12,11,0,12,0,-1
01_12_07_05_0068.bmp,0,7,5,8,17,12,11,20,12,0,-1
01_12_07_05_0072.bmp,0,7,5,8,17,12,11,23,12,0,-1
01_12_07_05_0075.bmp,0,7,5,8,17,12,11,20,12,1,-1
01_12_07_05_0077.bmp,0,7,5,8,17,12,11,20,12,14,-1
01_12_07_05_0078.bmp,0,7,5,8,17,12,11,0,12,1,-1
01_12_07_05_0081.bmp,0,7,5,8,17,12,11,20,12,12,-1
01_12_07_05_0082.bmp,0,7,5,8,17,12,11,0,12,1,-1
01_12_07_05_0085.bmp,0,7,5,8,17,12,11,20,12,12,-1
01_12_07_05_0086.bmp,0,7,5,8,17,12,11,0,12,12,-1
01_12_07_05_0088.bmp,0,7,5,8,17,12,11,20,12,12,-1
01_12_07_05_0092.bmp,0,7,5,8,17,12,11,0,12,14,-1
01_12_07_05_0093.bmp,0,7,5,8,17,12,11,20,0,14,-1
01_12_07_05_0097.bmp,0,7,5,8,17,12,11,0,12,12,-1
01_12_07_05_0098.bmp,0,7,5,8,17,12,11,20,12,14,-1
01_12_07_05_0101.bmp,0,7,5,8,17,12,11,23,0,14,-1
01_12_07_05_0105.bmp,0,7,5,8,17,12,11,2,12,12,-1
01_12_07_05_0107.bmp,0,7,5,8,17,12,11,2,12,14,-1
01_12_07_05_0112.bmp,0,7,5,8,17,0,11,25,0,14,-1
01_12_07_05_0113.bmp,0,7,5,8,17,0,36,0,0,14,-1
01_13_07_05_0002.bmp,1,7,5,8,13,11,11,20,11,40,-1
01_13_07_05_0003.bmp,1,7,5,8,13,11,11,0,11,0,-1
01_13_07_05_0005.bmp,1,7,5,8,13,11,11,20,11,26,-1
01_13_07_05_0006.bmp,0,7,5,8,13,12,12,42,12,35,-1
01_13_07_05_0006.bmp,1,7,5,8,13,11,11,20,11,0,-1
01_13_07_05_0007.bmp,1,7,5,8,13,11,11,0,0,0,-1
01_13_07_05_0010.bmp,1,7,5,8,13,11,11,0,11,0,-1
01_13_07_05_0013.bmp,0,7,5,8,13,12,12,40,12,12,-1
01_13_07_05_0014.bmp,1,7,5,8,13,11,11,20,0,12,-1
01_13_07_05_0016.bmp,1,7,5,8,13,13,11,20,13,13,-1
01_13_07_05_0022.bmp,0,7,5,8,13,12,12,40,12,23,-1
01_13_07_05_0024.bmp,0,7,5,8,13,12,12,40,12,38,-1
01_13_07_05_0024.bmp,1,7,5,8,13,11,11,0,13,12,-1
01_13_07_05_0025.bmp,1,7,5,8,13,13,11,25,13,4,-1
01_13_07_05_0026.bmp,0,7,5,8,13,12,12,40,12,12,-1
01_13_07_05_0028.bmp,1,7,5,8,13,11,11,25,13,0,-1
01_13_07_05_0029.bmp,1,7,5,8,13,11,11,25,0,12,-1
01_13_07_05_0030.bmp,0,7,5,8,13,12,12,37,12,13,-1
01_13_07_05_0031.bmp,1,7,5,8,13,11,11,0,13,25,-1
01_13_07_05_0032.bmp,1,7,5,8,13,11,11,2,11,12,-1
01_13_07_05_0034.bmp,0,7,5,8,13,12,12,42,12,33,-1
01_13_07_05_0035.bmp,1,7,5,8,13,11,11,25,13,1,-1
01_13_07_05_0037.bmp,0,7,5,8,13,12,12,40,12,40,-1
01_13_07_05_0037.bmp,1,7,5,8,13,11,11,0,13,1,-1
01_13_07_05_0038.bmp,0,7,5,8,13,12,12,25,12,25,-1
01_13_07_05_0040.bmp,0,7,5,8,13,12,12,40,12,35,-1
01_13_07_05_0043.bmp,1,7,5,8,13,13,11,25,13,13,-1
01_13_07_05_0045.bmp,1,7,5,8,13,13,11,25,13,13,-1
01_13_07_05_0047.bmp,0,7,5,8,13,12,12,40,12,12,-1
01_13_07_05_0047.bmp,1,7,5,8,13,13,11,25,13,13,-1
01_13_07_05_0048.bmp,0,7,5,8,13,12,12,40,12,12,-1
01_13_07_05_0050.bmp,0,7,5,8,13,12,12,40,12,40,-1
01_13_07_05_0052.bmp,0,7,5,8,13,12,12,40,12,24,-1
01_13_07_05_0053.bmp,0,7,5,8,13,12,12,40,12,40,-1
01_13_07_05_0054.bmp,0,7,5,8,13,12,12,40,12,12,-1
01_13_07_05_0056.bmp,1,7,5,8,13,13,13,13,13,13,-1
01_13_07_05_0058.bmp,0,7,5,8,13,12,12,40,12,12,-1
01_13_07_05_0058.bmp,1,7,5,8,13,13,13,13,13,13,-1
01_13_07_05_0059.bmp,0,7,5,8,13,12,12,40,12,40,-1
01_13_07_05_0059.bmp,1,7,5,8,13,13,13,13,13,13,-1
01_13_07_05_0060.bmp,0,7,5,8,13,12,12,20,12,13,-1
01_13_07_05_0061.bmp,0,7,5,8,13,12,12,40,12,40,-1
01_13_07_05_0061.bmp,1,7,5,8,13,13,13,13,13,13,-1
01_13_07_05_0062.bmp,0,7,5,8,13,12,12,40,12,25,-1
01_13_07_05_0062.bmp,1,7,5,8,13,13,13,13,13,13,-1
01_13_07_05_0065.bmp,1,7,5,8,13,12,12,12,23,40,-1
01_13_07_05_0067.bmp,1,7,5,8,13,23,12,20,23,7,-1
01_13_07_05_0068.bmp,0,7,5,8,13,12,12,40,12,13,-1
01_13_07_05_0068.bmp,1,7,5,8,13,12,12,12,7,13,-1
01_13_07_05_0070.bmp,0,7,5,8,13,12,12,40,12,13,-1
01_13_07_05_0071.bmp,0,7,5,8,13,12,12,40,12,13,-1
01_13_07_05_0073.bmp,0,7,5,8,13,12,12,40,12,12,-1
01_13_07_05_0074.bmp,0,7,5,8,13,12,12,40,12,12,-1
01_13_07_05_0075.bmp,0,7,5,8,13,12,3,25,12,12,-1
01_13_07_05_0078.bmp,1,7,5,8,13,12,12,25,12,12,-1
01_13_07_05_0079.bmp,1,7,5,8,13,12,12,0,23,40,-1
01_13_07_05_0080.bmp,1,7,5,8,13,12,12,6,23,12,-1
01_13_07_05_0082.bmp,1,7,5,8,13,12,12,0,23,7,-1
01_13_07_05_0084.bmp,0,7,5,8,13,13,3,25,13,12,-1
01_13_07_05_0084.bmp,1,7,5,8,13,12,12,6,23,23,-1
01_13_07_05_0085.bmp,0,7,5,8,13,13,3,20,13,13,-1
01_13_07_05_0085.bmp,1,7,5,8,13,12,31,12,12,12,-1
01_13_07_05_0086.bmp,1,7,5,8,13,12,12,0,23,12,-1
01_13_07_05_0088.bmp,1,7,5,8,13,12,12,12,12,13,-1
01_13_07_05_0089.bmp,0,7,5,8,13,13,32,25,13,12,-1
01_13_07_05_0090.bmp,0,7,5,8,13,13,32,25,13,13,-1
01_13_07_05_0090.bmp,1,7,5,8,13,12,31,0,12,12,-1
01_13_07_05_0091.bmp,0,7,5,8,13,13,32,25,13,13,-1
01_13_07_05_0091.bmp,1,7,5,8,13,12,31,0,7,13,-1
01_13_07_05_0093.bmp,1,7,5,8,13,12,12,0,7,7,-1
01_13_07_05_0095.bmp,1,7,5,8,13,12,31,0,12,12,-1
01_13_07_05_0096.bmp,1,7,5,8,13,12,31,6,12,12,-1
01_13_07_05_0097.bmp,1,7,5,8,13,12,31,0,12,12,-1
01_13_07_05_0098.bmp,1,7,5,8,13,12,12,0,12,12,-1
01_13_07_05_0100.bmp,0,7,5,8,13,13,13,13,13,13,-1
01_13_07_05_0101.bmp,1,7,5,8,13,12,31,0,12,12,-1
01_13_07_05_0102.bmp,0,7,5,8,13,13,13,13,13,13,-1
01_13_07_05_0104.bmp,1,7,5,8,13,12,31,20,12,40,-1
01_13_07_05_0105.bmp,0,7,5,8,13,13,13,13,13,13,-1
01_13_07_05_0106.bmp,0,7,5,8,13,13,13,13,13,13,-1
01_13_07_05_0107.bmp,0,7,5,8,13,13,13,13,13,13,-1
01_13_07_05_0110.bmp,1,7,5,8,13,12,12,20,40,40,-1
01_13_07_05_0112.bmp,0,7,5,8,13,13,13,13,13,13,-1
01_13_07_05_0113.bmp,1,7,5,8,13,12,12,40,12,12,-1
01_13_07_05_0115.bmp,1,7,5,8,13,12,31,20,12,12,-1
01_13_07_05_0116.bmp,0,7,5,8,13,23,12,2,23,23,-1
01_13_07_05_0117.bmp,0,7,5,8,13,40,32,25,13,14,-1
01_13_07_05_0117.bmp,1,7,5,8,13,12,31,20,12,24,-1
01_13_07_05_0119.bmp,1,7,5,8,13,12,31,20,12,12,-1
01_13_07_05_0120.bmp,0,7,5,8,13,12,12,40,2,40,-1
01_13_07_05_0120.bmp,1,7,5,8,13,12,31,20,12,12,-1
01_13_07_05_0121.bmp,0,7,5,8,13,40,12,19,40,23,-1
01_13_07_05_0121.bmp,1,7,5,8,13,12,31,20,12,12,-1
01_13_07_05_0122.bmp,1,7,5,8,13,12,31,20,12,40,-1
01_13_07_05_0124.bmp,1,7,5,8,13,12,31,20,12,12,-1
01_13_07_05_0128.bmp,0,7,5,8,13,40,32,20,6,24,-1
01_13_07_05_0129.bmp,1,7,5,8,13,12,12,40,12,12,-1
01_13_07_05_0130.bmp,0,7,5,8,13,40,12,40,40,40,-1
01_13_07_05_0130.bmp,1,7,5,8,13,12,12,20,12,40,-1
01_13_07_05_0131.bmp,0,7,5,8,13,40,40,20,2,40,-1
01_13_07_05_0134.bmp,0,7,5,8,13,40,12,19,40,12,-1
01_13_07_05_0135.bmp,1,7,5,8,13,12,12,20,12,23,-1
01_13_07_05_0137.bmp,0,7,5,8,13,12,32,40,40,12,-1
01_13_07_05_0137.bmp,1,7,5,8,13,12,12,20,12,23,-1
01_13_07_05_0138.bmp,0,7,5,8,13,40,40,40,40,40,-1
01_13_07_05_0139.bmp,0,7,5,8,13,40,40,19,40,40,-1
01_13_07_05_0140.bmp,1,7,5,8,13,12,12,40,12,12,-1
01_13_07_05_0142.bmp,1,7,5,8,13,12,12,20,12,12,-1
01_13_07_05_0143.bmp,1,7,5,8,13,12,12,40,12,12,-1
01_13_07_05_0144.bmp,0,7,5,8,13,40,32,40,40,12,-1
01_13_07_05_0145.bmp,0,7,5,8,13,12,32,40,40,40,-1
01_13_07_05_0145.bmp,1,7,5,8,13,12,31,40,12,12,-1
01_13_07_05_0147.bmp,1,7,5,8,13,12,12,40,12,19,-1
01_13_07_05_0152.bmp,1,7,5,8,13,12,12,40,12,12,-1
01_13_07_05_0153.bmp,1,7,5,8,13,12,12,40,12,12,-1
01_13_07_05_0154.bmp,0,7,5,8,13,12,32,40,40,12,-1
01_13_07_05_0154.bmp,1,7,5,8,13,12,12,20,12,40,-1
01_13_07_05_0155.bmp,0,7,5,8,13,12,32,13,40,12,-1
01_13_07_05_0155.bmp,1,7,5,8,13,12,12,40,12,40,-1
01_13_07_05_0156.bmp,1,7,5,8,13,12,12,20,12,24,-1
01_13_07_05_0158.bmp,1,7,5,8,13,12,12,20,12,40,-1
01_13_07_05_0159.bmp,1,7,5,8,13,12,12,40,12,12,-1
01_13_07_05_0160.bmp,1,7,5,8,13,12,12,20,12,13,-1
01_13_07_05_0161.bmp,0,7,5,8,13,32,32,13,40,13,-1
01_13_07_05_0161.bmp,1,7,5,8,13,12,12,40,12,12,-1
01_13_07_05_0164.bmp,0,7,5,8,13,32,13,13,32,32,-1
01_13_07_05_0165.bmp,1,7,5,8,13,12,12,40,12,24,-1
01_13_07_05_0166.bmp,0,7,5,8,13,32,13,13,32,32,-1
01_13_07_05_0167.bmp,0,7,5,8,13,4,13,13,4,4,-1
01_13_07_05_0167.bmp,1,7,5,8,13,12,12,40,12,12,-1
01_13_07_05_0169.bmp,0,7,5,8,13,12,12,1,13,12,-1
01_13_07_05_0173.bmp,1,7,5,8,13,32,32,20,12,2,-1
01_13_07_05_0175.bmp,1,7,5,8,13,12,12,40,12,12,-1
01_13_07_05_0177.bmp,0,7,5,8,13,13,31,12,7,13,-1
01_13_07_05_0177.bmp,1,7,5,8,13,12,12,40,12,12,-1
01_13_07_05_0180.bmp,0,7,5,8,13,13,31,6,23,40,-1
01_13_07_05_0181.bmp,1,7,5,8,13,12,31,40,12,24,-1
01_13_07_05_0186.bmp,1,7,5,8,13,12,12,20,12,40,-1
01_13_07_05_0187.bmp,0,7,5,8,13,12,31,11,13,7,-1
01_13_07_05_0191.bmp,0,7,5,8,13,19,12,42,23,26,-1
01_13_07_05_0192.bmp,1,7,5,8,13,12,12,40,12,12,-1
01_13_07_05_0194.bmp,0,7,5,8,13,13,12,12,13,40,-1
01_13_07_05_0198.bmp,0,7,5,8,13,13,12,25,13,40,-1
01_13_07_05_0198.bmp,1,7,5,8,13,12,31,40,12,24,-1
01_13_07_05_0200.bmp,0,7,5,8,13,40,11,12,13,40,-1
01_13_07_05_0200.bmp,1,7,5,8,13,12,12,40,12,1,-1
01_13_07_05_0203.bmp,1,7,5,8,13,12,12,40,12,24,-1
01_13_07_05_0204.bmp,1,7,5,8,13,12,31,20,12,19,-1
01_13_07_05_0205.bmp,1,7,5,8,13,12,31,20,12,12,-1
01_13_07_05_0206.bmp,0,7,5,8,13,12,12,12,40,28,-1
01_13_07_05_0209.bmp,0,7,5,8,13,12,12,40,40,12,-1
01_13_07_05_0211.bmp,1,7,5,8,13,12,31,40,12,12,-1
01_13_07_05_0212.bmp,0,7,5,8,13,12,12,40,40,1,-1
01_13_07_05_0213.bmp,0,7,5,8,13,12,12,40,40,23,-1
01_13_07_05_0213.bmp,1,7,5,8,13,12,12,20,12,24,-1
01_13_07_05_0215.bmp,1,7,5,8,13,12,31,20,12,12,-1
01_13_07_05_0216.bmp,0,7,5,8,13,40,12,20,40,13,-1
01_13_07_05_0219.bmp,0,7,5,8,13,12,32,20,40,40,-1
01_13_07_05_0219.bmp,1,7,5,8,13,12,31,40,12,12,-1
01_13_07_05_0222.bmp,0,7,5,8,13,40,12,40,40,24,-1
01_13_07_05_0223.bmp,0,7,5,8,13,12,32,40,40,13,-1
01_13_07_05_0223.bmp,1,7,5,8,13,12,31,20,12,24,-1
01_13_07_05_0224.bmp,0,7,5,8,13,40,32,40,40,24,-1
01_13_07_05_0225.bmp,0,7,5,8,13,40,32,40,40,40,-1
01_13_07_05_0227.bmp,0,7,5,8,13,40,32,40,40,24,-1
01_13_07_05_0227.bmp,1,7,5,8,13,12,31,40,12,12,-1
01_13_07_05_0229.bmp,0,7,5,8,13,12,32,40,40,18,-1
01_13_07_05_0231.bmp,1,7,5,8,13,12,31,40,12,12,-1
01_13_07_05_0233.bmp,0,7,5,8,13,32,32,20,32,32,-1
01_13_07_05_0239.bmp,0,7,5,8,13,32,13,13,32,40,-1
01_13_07_05_0239.bmp,1,7,5,8,13,12,31,25,12,1,-1
01_13_07_05_0240.bmp,1,7,5,8,13,12,31,20,12,23,-1
01_13_07_05_0241.bmp,0,7,5,8,13,13,13,12,18,18,-1
01_13_07_05_0244.bmp,0,7,5,8,13,13,13,13,32,8,-1
01_13_07_05_0244.bmp,1,7,5,8,13,12,31,40,12,12,-1
01_13_07_05_0245.bmp,0,7,5,8,13,32,13,13,32,41,-1
01_13_07_05_0248.bmp,0,7,5,8,13,13,13,13,8,13,-1
01_13_07_05_0248.bmp,1,7,5,8,13,12,31,20,12,1,-1
01_13_07_05_0249.bmp,1,7,5,8,13,12,31,40,12,12,-1
01_13_07_05_0250.bmp,1,7,5,8,13,12,31,40,12,12,-1
01_13_07_05_0251.bmp,1,7,5,8,13,12,12,40,12,12,-1
01_13_07_05_0252.bmp,0,7,5,8,13,8,13,13,8,13,-1
01_13_07_05_0253.bmp,0,7,5,8,13,13,13,13,8,13,-1
01_13_07_05_0255.bmp,1,7,5,8,13,12,31,20,12,12,-1
01_13_07_05_0256.bmp,0,7,5,8,13,13,13,13,13,13,-1
01_13_07_05_0257.bmp,0,7,5,8,13,13,13,13,13,13,-1
01_13_07_05_0257.bmp,1,7,5,8,13,12,12,40,12,0,-1
01_13_07_05_0260.bmp,1,7,5,8,13,12,31,40,12,12,-1
01_13_07_05_0261.bmp,0,7,5,8,13,13,13,13,13,13,-1
01_13_07_05_0262.bmp,1,7,5,8,13,12,31,20,12,12,-1
01_13_07_05_0263.bmp,1,7,5,8,13,12,12,20,12,1,-1
01_13_07_05_0266.bmp,1,7,5,8,13,12,31,20,12,12,-1
01_13_07_05_0267.bmp,1,7,5,8,13,12,31,40,12,12,-1
01_13_07_05_0268.bmp,0,7,5,8,13,13,13,13,13,13,-1
01_13_07_05_0268.bmp,1,7,5,8,13,12,31,40,12,1,-1
01_13_07_05_0269.bmp,0,7,5,8,13,13,13,13,13,13,-1
01_13_07_05_0272.bmp,0,7,5,8,13,12,12,40,12,12,-1
01_13_07_05_0276.bmp,0,7,5,8,13,12,31,20,12,12,-1
01_13_07_05_0277.bmp,0,7,5,8,13,12,31,20,12,12,-1
01_13_07_05_0279.bmp,0,7,5,8,13,12,12,20,12,12,-1
01_13_07_05_0281.bmp,0,7,5,8,13,12,31,40,12,12,-1
01_13_07_05_0285.bmp,0,7,5,8,13,12,12,40,12,12,-1
01_13_07_05_0286.bmp,0,7,5,8,13,12,31,40,12,12,-1
01_13_07_05_0287.bmp,0,7,5,8,13,12,12,40,12,1,-1
01_13_07_05_0291.bmp,0,7,5,8,13,12,12,40,12,23,-1
01_13_07_05_0293.bmp,0,7,5,8,13,12,12,40,12,12,-1
01_13_07_05_0294.bmp,0,7,5,8,13,12,12,20,12,40,-1
01_13_07_05_0295.bmp,0,7,5,8,13,12,31,40,12,12,-1
01_13_07_05_0296.bmp,0,7,5,8,13,12,31,40,12,13,-1
01_13_07_05_0297.bmp,0,7,5,8,13,12,31,40,12,12,-1
01_13_07_05_0302.bmp,0,7,5,8,13,12,12,40,12,12,-1
01_13_07_05_0304.bmp,0,7,5,8,13,12,31,40,12,1,-1
01_13_07_05_0305.bmp,0,7,5,8,13,12,12,40,12,12,-1
01_13_07_05_0306.bmp,0,7,5,8,13,12,12,40,12,12,-1
01_13_07_05_0310.bmp,0,7,5,8,13,12,12,40,12,1,-1
01_13_07_05_0311.bmp,0,7,5,8,13,12,31,20,12,23,-1
01_13_07_05_0312.bmp,0,7,5,8,13,12,12,40,12,24,-1
01_13_07_05_0313.bmp,0,7,5,8,13,12,12,40,12,23,-1
01_13_07_05_0317.bmp,0,7,5,8,13,12,31,40,12,23,-1
01_13_07_05_0322.bmp,0,7,5,8,13,12,12,40,12,24,-1
01_13_07_05_0326.bmp,0,7,5,8,13,12,31,20,12,23,-1
01_13_07_05_0328.bmp,0,7,5,8,13,12,31,20,12,23,-1
01_13_07_05_0330.bmp,0,7,5,8,13,12,31,20,12,12,-1
01_13_07_05_0337.bmp,0,7,5,8,13,12,12,25,12,24,-1
01_13_07_05_0338.bmp,0,7,5,8,13,12,12,25,12,13,-1
01_13_07_05_0339.bmp,0,7,5,8,13,12,12,25,12,12,-1
01_13_07_05_0343.bmp,0,7,5,8,13,12,12,40,11,12,-1
01_13_07_05_0349.bmp,0,7,5,8,13,13,13,13,13,13,-1
01_13_07_05_0351.bmp,0,7,5,8,13,32,13,13,32,8,-1
01_13_07_05_0353.bmp,0,7,5,8,13,13,13,13,13,8,-1
01_13_07_05_0355.bmp,0,7,5,8,13,13,13,13,4,4,-1
01_13_07_05_0358.bmp,0,7,5,8,13,32,32,20,32,13,-1
01_13_07_05_0362.bmp,0,7,5,8,13,32,13,20,32,4,-1
01_13_07_05_0364.bmp,0,7,5,8,13,13,13,24,15,18,-1
01_13_07_05_0367.bmp,0,7,5,8,13,32,32,20,32,13,-1
01_13_07_05_0368.bmp,0,7,5,8,13,32,13,24,13,13,-1
01_13_07_05_0371.bmp,0,7,5,8,13,32,13,13,8,8,-1
01_13_07_05_0373.bmp,0,7,5,8,13,13,13,13,15,13,-1
01_13_07_05_0376.bmp,0,7,5,8,13,13,13,13,15,13,-1
01_13_07_05_0386.bmp,0,7,5,8,13,40,12,42,7,13,-1
01_13_07_05_0388.bmp,0,7,5,8,13,40,12,42,7,40,-1
01_13_07_05_0391.bmp,0,7,5,8,13,40,12,11,7,40,-1
01_13_07_05_0393.bmp,0,7,5,8,13,12,12,11,7,13,-1
01_13_07_05_0394.bmp,0,7,5,8,13,12,12,42,7,12,-1
01_13_07_05_0409.bmp,0,7,5,8,13,40,12,42,7,40,-1
01_13_07_05_0410.bmp,0,7,5,8,13,40,12,42,7,40,-1
01_13_07_05_0412.bmp,0,7,5,8,13,40,12,11,7,40,-1
01_13_07_05_0415.bmp,0,7,5,8,13,40,12,42,40,13,-1
01_13_07_05_0422.bmp,0,7,5,8,13,40,12,42,40,40,-1
01_13_07_05_0425.bmp,0,7,5,8,13,12,31,42,40,40,-1
01_13_07_05_0426.bmp,0,7,5,8,13,40,31,25,40,14,-1
01_13_07_05_0427.bmp,0,7,5,8,13,12,31,11,40,12,-1
01_13_07_05_0431.bmp,0,7,5,8,13,12,31,40,40,40,-1
01_13_07_05_0434.bmp,0,7,5,8,13,40,31,19,40,12,-1
01_13_07_05_0441.bmp,0,7,5,8,13,40,31,40,40,40,-1
01_13_07_05_0442.bmp,0,7,5,8,13,40,12,20,23,14,-1
01_13_07_05_0446.bmp,0,7,5,8,13,40,31,20,40,23,-1
01_13_07_05_0449.bmp,0,7,5,8,13,12,32,12,12,1,-1
01_13_07_05_0452.bmp,0,7,5,8,13,12,32,20,40,1,-1
01_13_07_05_0454.bmp,0,7,5,8,13,12,32,19,12,12,-1
01_13_07_05_0455.bmp,0,7,5,8,13,12,32,20,12,40,-1
01_13_07_05_0458.bmp,0,7,5,8,13,12,32,19,12,12,-1
01_13_07_05_0462.bmp,0,7,5,8,13,12,31,19,12,12,-1
01_13_07_05_0463.bmp,0,7,5,8,13,12,31,20,12,18,-1
01_13_07_05_0465.bmp,0,7,5,8,13,12,19,20,12,12,-1
01_13_07_05_0469.bmp,0,7,5,8,13,12,13,20,12,12,-1
01_13_07_05_0470.bmp,0,7,5,8,13,12,19,20,12,13,-1
01_13_07_05_0473.bmp,0,7,5,8,13,13,13,40,13,40,-1
01_13_07_05_0474.bmp,0,7,5,8,13,32,32,25,13,13,-1
01_13_07_05_0476.bmp,0,7,5,8,13,32,32,20,12,13,-1
01_13_07_05_0477.bmp,0,7,5,8,13,32,13,25,13,40,-1
01_13_07_05_0478.bmp,0,7,5,8,13,13,13,20,13,13,-1
01_13_07_05_0481.bmp,0,7,5,8,13,13,13,25,18,13,-1
01_13_07_05_0483.bmp,0,7,5,8,13,13,13,40,32,13,-1
01_13_07_05_0486.bmp,0,7,5,8,13,32,32,25,32,40,-1
01_13_07_05_0487.bmp,0,7,5,8,13,32,13,25,12,13,-1
01_13_07_05_0492.bmp,0,7,5,8,13,32,13,13,40,13,-1
01_13_07_05_0498.bmp,0,7,5,8,13,13,13,13,13,13,-1
01_13_07_05_0505.bmp,0,7,5,8,13,13,13,13,13,13,-1
01_13_07_05_0507.bmp,0,7,5,8,13,13,13,13,13,13,-1
01_13_07_05_0509.bmp,0,7,5,8,13,13,13,13,13,13,-1
01_13_07_05_0516.bmp,0,7,5,8,13,12,31,12,2,13,-1
01_13_07_05_0517.bmp,0,7,5,8,13,12,31,6,12,13,-1
01_13_07_05_0518.bmp,0,7,5,8,13,12,31,42,12,12,-1
01_13_07_05_0522.bmp,0,7,5,8,13,12,31,25,23,25,-1
01_13_07_05_0523.bmp,0,7,5,8,13,40,12,40,40,40,-1
01_13_07_05_0524.bmp,0,7,5,8,13,12,31,42,2,23,-1
01_13_07_05_0525.bmp,0,7,5,8,13,12,12,40,40,23,-1
01_13_07_05_0527.bmp,0,7,5,8,13,12,12,40,12,12,-1
01_13_07_05_0528.bmp,0,7,5,8,13,12,31,42,12,40,-1
01_13_07_05_0529.bmp,0,7,5,8,13,12,12,40,40,12,-1
01_13_07_05_0531.bmp,0,7,5,8,13,12,12,40,40,40,-1
01_13_07_05_0532.bmp,0,7,5,8,13,12,12,42,12,40,-1
01_13_07_05_0535.bmp,0,7,5,8,13,12,12,40,40,40,-1
01_13_07_05_0537.bmp,0,7,5,8,13,12,12,40,12,40,-1
01_13_07_05_0539.bmp,0,7,5,8,13,12,12,40,40,40,-1
01_13_07_05_0540.bmp,0,7,5,8,13,12,31,25,12,1,-1
01_13_07_05_0542.bmp,0,7,5,8,13,12,31,25,7,13,-1
01_13_07_05_0544.bmp,0,7,5,8,13,12,31,1,2,1,-1
01_13_07_05_0551.bmp,0,7,5,8,13,12,12,40,40,40,-1
01_13_07_05_0552.bmp,0,7,5,8,13,12,31,25,2,12,-1
01_13_07_05_0553.bmp,0,7,5,8,13,12,12,40,12,4,-1
01_13_07_05_0556.bmp,0,7,5,8,13,12,31,12,23,23,-1
01_13_07_05_0559.bmp,0,7,5,8,13,12,12,40,40,40,-1
01_13_07_05_0561.bmp,0,7,5,8,13,12,12,40,40,40,-1
01_13_07_05_0562.bmp,0,7,5,8,13,12,31,1,2,2,-1
01_13_07_05_0563.bmp,0,7,5,8,13,12,12,40,40,24,-1
01_13_07_05_0569.bmp,0,7,5,8,13,12,12,40,40,40,-1
01_13_07_05_0571.bmp,0,7,5,8,13,12,12,40,40,24,-1
01_13_07_05_0572.bmp,0,7,5,8,13,12,31,25,12,40,-1
01_13_07_05_0574.bmp,0,7,5,8,13,32,32,23,23,13,-1
01_13_07_05_0580.bmp,0,7,5,8,13,32,12,40,2,12,-1
01_13_07_05_0583.bmp,0,7,5,8,13,40,12,20,40,40,-1
01_13_07_05_0584.bmp,0,7,5,8,13,13,12,19,23,23,-1
01_13_07_05_0585.bmp,0,7,5,8,13,40,31,40,40,40,-1
01_13_07_05_0587.bmp,0,7,5,8,13,40,32,20,40,24,-1
01_13_07_05_0589.bmp,0,7,5,8,13,40,32,20,40,2,-1
01_13_07_05_0590.bmp,0,7,5,8,13,12,32,23,40,40,-1
01_13_07_05_0592.bmp,0,7,5,8,13,13,12,19,12,12,-1
01_13_07_05_0593.bmp,0,7,5,8,13,40,31,40,40,13,-1
01_13_07_05_0594.bmp,0,7,5,8,13,40,12,20,40,40,-1
01_13_07_05_0597.bmp,0,7,5,8,13,40,12,40,40,40,-1
01_13_07_05_0600.bmp,0,7,5,8,13,40,12,40,40,13,-1
01_13_07_05_0601.bmp,0,7,5,8,13,40,12,40,40,24,-1
01_13_07_05_0604.bmp,0,7,5,8,13,40,12,40,40,40,-1
01_13_07_05_0608.bmp,0,7,5,8,13,12,12,40,12,13,-1
01_13_07_05_0613.bmp,0,7,5,8,13,12,12,25,12,13,-1
01_13_07_05_0616.bmp,0,7,5,8,13,12,12,12,12,41,-1
01_13_07_05_0617.bmp,0,7,5,8,13,13,12,12,12,13,-1
01_13_07_05_0618.bmp,0,7,5,8,13,13,12,13,13,13,-1
01_13_07_05_0626.bmp,0,7,5,8,13,13,13,13,13,13,-1
01_03_02_03_0001.bmp,0,2,3,16,9,12,12,2,12,38,-1
01_03_02_03_0002.bmp,0,2,3,16,9,12,12,19,12,0,-1
01_03_02_03_0003.bmp,0,2,3,16,9,12,11,20,12,40,-1
01_03_02_03_0011.bmp,0,2,3,16,9,12,12,0,12,1,-1
01_03_02_03_0012.bmp,0,2,3,16,9,12,12,2,12,0,-1
01_03_02_03_0015.bmp,0,2,3,16,9,12,12,2,12,40,-1
01_03_02_03_0018.bmp,0,2,3,16,9,12,12,22,12,25,-1
01_03_02_03_0021.bmp,0,2,3,16,9,12,12,19,12,12,-1
01_03_02_03_0022.bmp,0,2,3,16,9,12,12,22,12,12,-1
01_03_02_03_0024.bmp,0,2,3,16,9,12,13,40,40,12,-1
01_03_02_03_0026.bmp,0,2,3,16,9,12,12,25,25,13,-1
01_03_02_03_0029.bmp,0,2,3,16,9,12,12,19,12,40,-1
01_03_02_03_0030.bmp,0,2,3,16,9,12,13,40,40,12,-1
01_03_02_03_0031.bmp,0,2,3,16,9,12,13,20,12,13,-1
01_03_02_03_0037.bmp,0,2,3,16,9,13,13,20,40,40,-1
01_03_02_03_0039.bmp,0,2,3,16,9,13,13,40,40,13,-1
01_03_02_03_0044.bmp,0,2,3,16,9,25,13,40,40,25,-1
01_03_02_03_0046.bmp,0,2,3,16,9,40,13,25,40,40,-1
01_03_02_03_0048.bmp,0,2,3,16,9,13,13,25,40,13,-1
01_03_02_03_0049.bmp,0,2,3,16,9,40,13,25,40,13,-1
01_03_02_03_0052.bmp,0,2,3,16,9,40,13,25,40,41,-1
01_03_02_03_0054.bmp,0,2,3,16,9,40,13,40,40,40,-1
01_03_02_03_0058.bmp,0,2,3,16,9,13,13,19,13,41,-1
01_03_02_03_0061.bmp,0,2,3,16,9,41,13,25,41,41,-1
01_03_02_03_0062.bmp,0,2,3,16,9,13,13,25,41,14,-1
01_03_02_03_0067.bmp,0,2,3,16,9,13,13,25,41,41,-1
01_03_02_03_0070.bmp,0,2,3,16,9,41,13,25,41,41,-1
01_03_02_03_0078.bmp,0,2,3,16,9,41,13,41,41,41,-1
01_03_02_03_0079.bmp,0,2,3,16,9,41,13,41,41,41,-1
01_03_02_03_0081.bmp,0,2,3,16,9,15,13,41,15,41,-1
01_03_02_03_0083.bmp,0,2,3,16,9,41,13,41,4,41,-1
01_03_02_03_0084.bmp,0,2,3,16,9,15,13,13,15,41,-1
01_06_02_03_0001.bmp,1,2,3,16,14,25,25,23,14,14,-1
01_06_02_03_0002.bmp,0,2,3,16,14,12,25,25,14,1,-1
01_06_02_03_0002.bmp,1,2,3,16,14,25,36,25,14,25,-1
01_06_02_03_0004.bmp,0,2,3,16,14,14,25,20,14,14,-1
01_06_02_03_0005.bmp,1,2,3,16,14,12,25,25,14,12,-1
01_06_02_03_0007.bmp,0,2,3,16,14,14,25,23,14,14,-1
01_06_02_03_0007.bmp,1,2,3,16,14,25,25,2,11,11,-1
01_06_02_03_0008.bmp,1,2,3,16,14,0,0,20,14,14,-1
01_06_02_03_0010.bmp,0,2,3,16,14,14,25,25,14,14,-1
01_06_02_03_0013.bmp,1,2,3,16,14,0,25,0,14,14,-1
01_06_02_03_0014.bmp,0,2,3,16,14,14,25,23,14,14,-1
01_06_02_03_0016.bmp,1,2,3,16,14,0,25,23,14,14,-1
01_06_02_03_0020.bmp,0,2,3,16,14,14,25,14,14,14,-1
01_06_02_03_0021.bmp,0,2,3,16,14,14,25,14,14,14,-1
01_06_02_03_0022.bmp,0,2,3,16,14,14,14,14,14,14,-1
01_06_02_03_0022.bmp,1,2,3,16,14,14,25,23,14,14,-1
01_06_02_03_0023.bmp,0,2,3,16,14,14,14,14,14,14,-1
01_06_02_03_0023.bmp,1,2,3,16,14,12,25,20,14,14,-1
01_06_02_03_0024.bmp,0,2,3,16,14,14,25,14,14,14,-1
01_06_02_03_0024.bmp,1,2,3,16,14,25,25,23,14,14,-1
01_06_02_03_0025.bmp,0,2,3,16,14,14,14,14,14,14,-1
01_06_02_03_0025.bmp,1,2,3,16,14,25,25,23,14,14,-1
01_06_02_03_0026.bmp,0,2,3,16,14,14,14,14,14,14,-1
01_06_02_03_0026.bmp,1,2,3,16,14,25,11,20,24,23,-1
01_06_02_03_0027.bmp,1,2,3,16,14,12,25,23,23,14,-1
01_06_02_03_0028.bmp,1,2,3,16,14,25,25,20,24,24,-1
01_06_02_03_0029.bmp,1,2,3,16,14,25,25,2,25,25,-1
01_06_02_03_0030.bmp,0,2,3,16,14,14,14,14,14,14,-1
01_06_02_03_0031.bmp,1,2,3,16,14,12,12,0,12,40,-1
01_06_02_03_0032.bmp,0,2,3,16,14,14,14,14,14,14,-1
01_06_02_03_0032.bmp,1,2,3,16,14,12,11,0,12,10,-1
01_06_02_03_0033.bmp,1,2,3,16,14,12,11,0,25,1,-1
01_06_02_03_0034.bmp,0,2,3,16,14,14,14,14,14,14,-1
01_06_02_03_0034.bmp,1,2,3,16,14,12,31,0,7,1,-1
01_06_02_03_0036.bmp,1,2,3,16,14,12,12,12,13,13,-1
01_06_02_03_0037.bmp,0,2,3,16,14,14,14,14,14,14,-1
01_06_02_03_0037.bmp,1,2,3,16,14,12,12,2,23,1,-1
01_06_02_03_0044.bmp,0,2,3,16,14,17,9,9,14,14,-1
01_06_02_03_0045.bmp,0,2,3,16,14,2,25,0,38,2,-1
01_06_02_03_0051.bmp,0,2,3,16,14,25,25,20,25,12,-1
01_06_02_03_0052.bmp,0,2,3,16,14,13,25,23,9,3,-1
01_06_02_03_0056.bmp,0,2,3,16,14,14,25,20,14,14,-1
01_06_02_03_0057.bmp,0,2,3,16,14,13,25,25,14,14,-1
01_06_02_03_0058.bmp,0,2,3,16,14,14,25,20,14,14,-1
01_06_02_03_0059.bmp,0,2,3,16,14,14,25,25,14,14,-1
01_06_02_03_0064.bmp,0,2,3,16,14,14,25,13,14,14,-1
01_06_02_03_0067.bmp,0,2,3,16,14,14,25,25,14,14,-1
01_06_02_03_0069.bmp,0,2,3,16,14,14,25,13,14,14,-1
01_06_02_03_0070.bmp,0,2,3,16,14,14,25,2,14,14,-1
01_06_02_03_0075.bmp,0,2,3,16,14,14,25,25,14,14,-1
01_06_02_03_0085.bmp,0,2,3,16,14,14,25,25,25,14,-1
01_06_02_03_0086.bmp,0,2,3,16,14,4,25,0,13,41,-1
01_11_02_03_0001.bmp,0,2,3,16,12,12,0,2,12,1,-1
01_11_02_03_0002.bmp,0,2,3,16,12,12,12,25,12,25,-1
01_11_02_03_0003.bmp,0,2,3,16,12,12,12,0,12,25,-1
01_11_02_03_0005.bmp,0,2,3,16,12,12,36,0,12,1,-1
01_11_02_03_0006.bmp,0,2,3,16,12,12,12,0,12,18,-1
01_11_02_03_0013.bmp,0,2,3,16,12,12,12,2,12,13,-1
01_11_02_03_0014.bmp,0,2,3,16,12,12,0,0,12,26,-1
01_11_02_03_0015.bmp,0,2,3,16,12,12,0,0,12,12,-1
01_11_02_03_0016.bmp,0,2,3,16,12,12,12,0,12,12,-1
01_11_02_03_0019.bmp,0,2,3,16,12,12,0,2,0,12,-1
01_11_02_03_0020.bmp,0,2,3,16,12,12,11,19,12,40,-1
01_11_02_03_0021.bmp,0,2,3,16,12,12,12,20,12,25,-1
01_11_02_03_0024.bmp,0,2,3,16,12,12,12,2,12,12,-1
01_11_02_03_0026.bmp,0,2,3,16,12,12,12,0,12,25,-1
01_11_02_03_0027.bmp,0,2,3,16,12,12,25,2,12,1,-1
01_11_02_03_0028.bmp,0,2,3,16,12,12,11,2,12,24,-1
01_11_02_03_0031.bmp,0,2,3,16,12,12,12,0,25,12,-1
01_11_02_03_0033.bmp,0,2,3,16,12,12,12,20,12,19,-1
01_11_02_03_0035.bmp,0,2,3,16,12,12,12,19,12,24,-1
01_11_02_03_0036.bmp,0,2,3,16,12,12,12,2,12,12,-1
01_11_02_03_0042.bmp,0,2,3,16,12,12,25,20,12,13,-1
01_11_02_03_0046.bmp,0,2,3,16,12,12,12,20,12,1,-1
01_11_02_03_0056.bmp,0,2,3,16,12,24,12,19,24,24,-1
01_11_02_03_0061.bmp,0,2,3,16,12,4,13,19,4,4,-1
01_11_02_03_0064.bmp,0,2,3,16,12,4,13,19,4,24,-1
01_11_02_03_0065.bmp,0,2,3,16,12,12,13,19,19,19,-1
01_11_02_03_0066.bmp,0,2,3,16,12,1,13,25,1,1,-1
01_11_02_03_0067.bmp,0,2,3,16,12,13,13,6,15,8,-1
01_11_02_03_0072.bmp,0,2,3,16,12,15,13,26,15,1,-1
01_11_02_03_0075.bmp,0,2,3,16,12,1,13,1,1,1,-1
01_12_02_03_0003.bmp,0,2,3,16,17,12,12,25,1,12,-1
01_12_02_03_0004.bmp,0,2,3,16,17,25,12,2,25,25,-1
01_12_02_03_0004.bmp,1,2,3,16,17,12,12,11,28,28,-1
01_12_02_03_0005.bmp,0,2,3,16,17,12,13,19,25,25,-1
01_12_02_03_0005.bmp,1,2,3,16,17,12,12,11,26,26,-1
01_12_02_03_0006.bmp,1,2,3,16,17,12,0,12,14,13,-1
01_12_02_03_0009.bmp,1,2,3,16,17,12,12,11,13,12,-1
01_12_02_03_0013.bmp,0,2,3,16,17,25,25,20,14,25,-1
01_12_02_03_0014.bmp,0,2,3,16,17,12,13,2,14,14,-1
01_12_02_03_0017.bmp,1,2,3,16,17,9,0,1,14,1,-1
01_12_02_03_0020.bmp,0,2,3,16,17,14,13,25,14,14,-1
01_12_02_03_0020.bmp,1,2,3,16,17,12,12,13,12,12,-1
01_12_02_03_0022.bmp,0,2,3,16,17,14,13,25,14,14,-1
01_12_02_03_0023.bmp,1,2,3,16,17,12,12,11,28,11,-1
01_12_02_03_0027.bmp,0,2,3,16,17,26,13,0,26,26,-1
01_12_02_03_0028.bmp,0,2,3,16,17,2,13,19,13,2,-1
01_12_02_03_0029.bmp,0,2,3,16,17,2,13,2,8,2,-1
01_12_02_03_0030.bmp,0,2,3,16,17,26,13,25,8,26,-1
01_12_02_03_0032.bmp,1,2,3,16,17,14,0,25,14,14,-1
01_12_02_03_0033.bmp,1,2,3,16,17,1,12,0,24,14,-1
01_12_02_03_0034.bmp,1,2,3,16,17,1,36,1,14,14,-1
01_12_02_03_0035.bmp,1,2,3,16,17,14,0,25,14,14,-1
01_12_02_03_0036.bmp,0,2,3,16,17,14,17,14,14,14,-1
01_12_02_03_0036.bmp,1,2,3,16,17,1,0,25,29,29,-1
01_12_02_03_0037.bmp,1,2,3,16,17,1,0,25,14,1,-1
01_12_02_03_0041.bmp,0,2,3,16,17,14,14,14,14,14,-1
01_12_02_03_0042.bmp,0,2,3,16,17,14,17,14,14,14,-1
01_12_02_03_0042.bmp,1,2,3,16,17,12,0,25,28,14,-1
01_12_02_03_0047.bmp,0,2,3,16,17,1,0,25,14,14,-1
01_12_02_03_0048.bmp,0,2,3,16,17,12,0,10,28,12,-1
01_12_02_03_0049.bmp,0,2,3,16,17,12,0,10,14,14,-1
01_12_02_03_0054.bmp,0,2,3,16,17,12,0,25,1,12,-1
01_12_02_03_0055.bmp,0,2,3,16,17,12,0,11,14,14,-1
01_12_02_03_0056.bmp,0,2,3,16,17,12,0,2,12,14,-1
01_12_02_03_0066.bmp,0,2,3,16,17,0,0,25,0,1,-1
01_12_02_03_0068.bmp,0,2,3,16,17,0,0,20,0,0,-1
01_12_02_03_0079.bmp,0,2,3,16,17,0,0,25,0,14,-1
01_12_02_03_0080.bmp,0,2,3,16,17,0,0,25,14,14,-1
01_12_02_03_0081.bmp,0,2,3,16,17,12,12,2,12,12,-1
01_12_02_03_0087.bmp,0,2,3,16,17,0,0,25,25,12,-1
01_12_02_03_0089.bmp,0,2,3,16,17,0,25,23,14,14,-1
01_12_02_03_0090.bmp,0,2,3,16,17,0,25,25,0,14,-1
01_12_02_03_0091.bmp,0,2,3,16,17,0,25,23,14,12,-1
01_12_02_03_0095.bmp,0,2,3,16,17,25,25,23,25,25,-1
01_12_02_03_0096.bmp,0,2,3,16,17,12,25,25,12,14,-1
01_12_02_03_0104.bmp,0,2,3,16,17,14,25,14,14,14,-1
01_12_02_03_0108.bmp,0,2,3,16,17,14,26,14,14,14,-1
01_12_02_03_0113.bmp,0,2,3,16,17,14,26,14,14,14,-1
01_13_02_03_0001.bmp,0,2,3,16,13,13,12,40,13,40,-1
01_13_02_03_0003.bmp,0,2,3,16,13,12,12,28,40,40,-1
01_13_02_03_0004.bmp,0,2,3,16,13,12,12,40,40,18,-1
01_13_02_03_0006.bmp,0,2,3,16,13,40,12,40,40,40,-1
01_13_02_03_0007.bmp,1,2,3,16,13,13,13,20,13,13,-1
01_13_02_03_0008.bmp,1,2,3,16,13,13,13,2,13,13,-1
01_13_02_03_0009.bmp,0,2,3,16,13,12,12,6,12,11,-1
01_13_02_03_0009.bmp,1,2,3,16,13,13,13,0,13,25,-1
01_13_02_03_0010.bmp,0,2,3,16,13,12,12,25,12,34,-1
01_13_02_03_0010.bmp,1,2,3,16,13,13,13,20,13,13,-1
01_13_02_03_0011.bmp,0,2,3,16,13,12,12,40,40,13,-1
01_13_02_03_0012.bmp,0,2,3,16,13,12,12,25,25,33,-1
01_13_02_03_0014.bmp,0,2,3,16,13,12,12,40,12,35,-1
01_13_02_03_0014.bmp,1,2,3,16,13,13,1,2,13,0,-1
01_13_02_03_0017.bmp,0,2,3,16,13,12,12,40,40,25,-1
01_13_02_03_0018.bmp,1,2,3,16,13,13,13,2,13,13,-1
01_13_02_03_0019.bmp,0,2,3,16,13,12,12,25,12,12,-1
01_13_02_03_0020.bmp,0,2,3,16,13,12,12,40,40,40,-1
01_13_02_03_0023.bmp,0,2,3,16,13,12,12,40,12,13,-1
01_13_02_03_0025.bmp,0,2,3,16,13,12,12,40,12,40,-1
01_13_02_03_0027.bmp,0,2,3,16,13,12,12,25,13,40,-1
01_13_02_03_0027.bmp,1,2,3,16,13,13,13,2,13,13,-1
01_13_02_03_0028.bmp,0,2,3,16,13,11,12,40,11,11,-1
01_13_02_03_0029.bmp,0,2,3,16,13,12,12,40,12,12,-1
01_13_02_03_0029.bmp,1,2,3,16,13,13,13,2,13,13,-1
01_13_02_03_0031.bmp,1,2,3,16,13,13,13,0,13,13,-1
01_13_02_03_0032.bmp,1,2,3,16,13,13,13,2,13,13,-1
01_13_02_03_0037.bmp,1,2,3,16,13,13,13,2,13,13,-1
01_13_02_03_0040.bmp,1,2,3,16,13,13,13,13,13,13,-1
01_13_02_03_0042.bmp,0,2,3,16,13,12,12,40,25,12,-1
01_13_02_03_0043.bmp,1,2,3,16,13,13,13,13,13,13,-1
01_13_02_03_0044.bmp,1,2,3,16,13,13,13,13,13,13,-1
01_13_02_03_0045.bmp,1,2,3,16,13,13,13,13,13,13,-1
01_13_02_03_0046.bmp,0,2,3,16,13,12,12,40,40,40,-1
01_13_02_03_0046.bmp,1,2,3,16,13,13,13,13,13,13,-1
01_13_02_03_0047.bmp,0,2,3,16,13,12,12,40,40,40,-1
01_13_02_03_0047.bmp,1,2,3,16,13,13,13,13,13,13,-1
01_13_02_03_0048.bmp,0,2,3,16,13,12,12,40,40,40,-1
01_13_02_03_0049.bmp,0,2,3,16,13,13,12,40,13,13,-1
01_13_02_03_0050.bmp,1,2,3,16,13,13,13,13,13,13,-1
01_13_02_03_0051.bmp,0,2,3,16,13,12,12,40,40,25,-1
01_13_02_03_0051.bmp,1,2,3,16,13,13,13,13,13,13,-1
01_13_02_03_0054.bmp,0,2,3,16,13,13,12,40,13,13,-1
01_13_02_03_0056.bmp,0,2,3,16,13,13,13,40,13,13,-1
01_13_02_03_0059.bmp,0,2,3,16,13,13,13,20,13,13,-1
01_13_02_03_0061.bmp,1,2,3,16,13,13,13,13,13,13,-1
01_13_02_03_0063.bmp,0,2,3,16,13,13,13,40,13,13,-1
01_13_02_03_0064.bmp,0,2,3,16,13,13,13,40,13,13,-1
01_13_02_03_0065.bmp,0,2,3,16,13,13,13,40,13,13,-1
01_13_02_03_0065.bmp,1,2,3,16,13,12,12,25,23,12,-1
01_13_02_03_0066.bmp,1,2,3,16,13,7,12,25,7,7,-1
01_13_02_03_0068.bmp,0,2,3,16,13,13,13,40,13,13,-1
01_13_02_03_0069.bmp,0,2,3,16,13,13,13,40,13,13,-1
01_13_02_03_0070.bmp,0,2,3,16,13,13,13,40,13,40,-1
01_13_02_03_0070.bmp,1,2,3,16,13,12,12,12,2,23,-1
01_13_02_03_0071.bmp,1,2,3,16,13,12,12,20,23,23,-1
01_13_02_03_0072.bmp,0,2,3,16,13,13,13,40,13,40,-1
01_13_02_03_0073.bmp,0,2,3,16,13,13,13,40,13,40,-1
01_13_02_03_0073.bmp,1,2,3,16,13,12,12,11,7,12,-1
01_13_02_03_0074.bmp,0,2,3,16,13,13,13,40,13,13,-1
01_13_02_03_0076.bmp,1,2,3,16,13,12,12,12,23,25,-1
01_13_02_03_0077.bmp,1,2,3,16,13,12,12,11,7,7,-1
01_13_02_03_0078.bmp,1,2,3,16,13,12,12,0,13,23,-1
01_13_02_03_0079.bmp,1,2,3,16,13,12,12,12,2,12,-1
01_13_02_03_0080.bmp,0,2,3,16,13,13,13,13,13,13,-1
01_13_02_03_0081.bmp,1,2,3,16,13,12,12,2,13,12,-1
01_13_02_03_0085.bmp,0,2,3,16,13,13,13,13,13,13,-1
01_13_02_03_0085.bmp,1,2,3,16,13,12,12,0,23,23,-1
01_13_02_03_0086.bmp,0,2,3,16,13,13,13,13,13,13,-1
01_13_02_03_0087.bmp,0,2,3,16,13,13,13,13,13,13,-1
01_13_02_03_0088.bmp,0,2,3,16,13,13,13,13,13,13,-1
01_13_02_03_0088.bmp,1,2,3,16,13,12,12,0,13,12,-1
01_13_02_03_0090.bmp,1,2,3,16,13,12,12,0,12,12,-1
01_13_02_03_0092.bmp,0,2,3,16,13,13,13,13,13,13,-1
01_13_02_03_0092.bmp,1,2,3,16,13,12,12,0,23,12,-1
01_13_02_03_0096.bmp,0,2,3,16,13,13,13,13,13,13,-1
01_13_02_03_0096.bmp,1,2,3,16,13,12,12,19,12,12,-1
01_13_02_03_0098.bmp,0,2,3,16,13,13,13,13,13,13,-1
01_13_02_03_0100.bmp,0,2,3,16,13,13,13,13,13,13,-1
01_13_02_03_0100.bmp,1,2,3,16,13,12,12,19,12,25,-1
01_13_02_03_0101.bmp,0,2,3,16,13,13,13,13,13,13,-1
01_13_02_03_0103.bmp,1,2,3,16,13,12,12,20,13,12,-1
01_13_02_03_0104.bmp,1,2,3,16,13,12,12,20,12,12,-1
01_13_02_03_0105.bmp,1,2,3,16,13,12,12,20,12,12,-1
01_13_02_03_0108.bmp,0,2,3,16,13,13,13,13,13,13,-1
01_13_02_03_0109.bmp,1,2,3,16,13,12,11,20,40,25,-1
01_13_02_03_0111.bmp,0,2,3,16,13,13,13,13,13,13,-1
01_13_02_03_0113.bmp,0,2,3,16,13,13,13,13,13,13,-1
01_13_02_03_0113.bmp,1,2,3,16,13,40,12,20,40,40,-1
01_13_02_03_0114.bmp,1,2,3,16,13,12,12,20,40,12,-1
01_13_02_03_0115.bmp,1,2,3,16,13,12,12,20,12,12,-1
01_13_02_03_0116.bmp,1,2,3,16,13,12,11,20,12,25,-1
01_13_02_03_0118.bmp,0,2,3,16,13,40,12,25,40,40,-1
01_13_02_03_0118.bmp,1,2,3,16,13,12,12,20,12,12,-1
01_13_02_03_0119.bmp,1,2,3,16,13,12,12,20,12,12,-1
01_13_02_03_0121.bmp,0,2,3,16,13,40,12,19,40,40,-1
01_13_02_03_0123.bmp,0,2,3,16,13,40,12,40,40,40,-1
01_13_02_03_0125.bmp,0,2,3,16,13,40,12,20,40,40,-1
01_13_02_03_0128.bmp,0,2,3,16,13,40,12,40,40,40,-1
01_13_02_03_0130.bmp,0,2,3,16,13,40,12,40,40,40,-1
01_13_02_03_0130.bmp,1,2,3,16,13,12,12,20,13,12,-1
01_13_02_03_0131.bmp,0,2,3,16,13,40,12,20,40,40,-1
01_13_02_03_0132.bmp,0,2,3,16,13,13,12,40,6,13,-1
01_13_02_03_0134.bmp,0,2,3,16,13,13,13,20,40,13,-1
01_13_02_03_0140.bmp,1,2,3,16,13,12,12,2,13,12,-1
01_13_02_03_0141.bmp,0,2,3,16,13,13,13,20,40,13,-1
01_13_02_03_0141.bmp,1,2,3,16,13,12,12,40,12,40,-1
01_13_02_03_0142.bmp,1,2,3,16,13,12,13,40,13,13,-1
01_13_02_03_0143.bmp,1,2,3,16,13,12,12,20,40,13,-1
01_13_02_03_0144.bmp,0,2,3,16,13,13,13,40,13,13,-1
01_13_02_03_0144.bmp,1,2,3,16,13,12,12,40,40,12,-1
01_13_02_03_0148.bmp,0,2,3,16,13,13,13,20,13,13,-1
01_13_02_03_0150.bmp,1,2,3,16,13,12,12,20,12,40,-1
01_13_02_03_0151.bmp,0,2,3,16,13,13,13,2,13,13,-1
01_13_02_03_0152.bmp,0,2,3,16,13,13,13,2,13,13,-1
01_13_02_03_0153.bmp,1,2,3,16,13,12,12,20,40,12,-1
01_13_02_03_0155.bmp,0,2,3,16,13,13,13,13,13,13,-1
01_13_02_03_0155.bmp,1,2,3,16,13,12,12,40,12,13,-1
01_13_02_03_0156.bmp,0,2,3,16,13,13,13,20,13,13,-1
01_13_02_03_0158.bmp,0,2,3,16,13,13,13,13,13,13,-1
01_13_02_03_0159.bmp,0,2,3,16,13,13,13,13,13,13,-1
01_13_02_03_0160.bmp,1,2,3,16,13,12,12,40,40,24,-1
01_13_02_03_0161.bmp,0,2,3,16,13,13,13,13,13,13,-1
01_13_02_03_0163.bmp,1,2,3,16,13,12,12,2,12,13,-1
01_13_02_03_0164.bmp,1,2,3,16,13,12,12,20,12,13,-1
01_13_02_03_0168.bmp,1,2,3,16,13,12,12,20,12,12,-1
01_13_02_03_0169.bmp,0,2,3,16,13,12,12,42,13,38,-1
01_13_02_03_0170.bmp,1,2,3,16,13,12,12,40,12,12,-1
01_13_02_03_0172.bmp,1,2,3,16,13,12,12,40,40,12,-1
01_13_02_03_0173.bmp,1,2,3,16,13,13,13,20,13,13,-1
01_13_02_03_0174.bmp,1,2,3,16,13,13,13,20,13,13,-1
01_13_02_03_0176.bmp,1,2,3,16,13,12,12,20,12,13,-1
01_13_02_03_0177.bmp,1,2,3,16,13,12,12,40,12,12,-1
01_13_02_03_0178.bmp,0,2,3,16,13,12,12,1,13,13,-1
01_13_02_03_0179.bmp,1,2,3,16,13,12,12,40,12,13,-1
01_13_02_03_0181.bmp,0,2,3,16,13,12,12,42,12,1,-1
01_13_02_03_0181.bmp,1,2,3,16,13,40,12,20,40,40,-1
01_13_02_03_0182.bmp,0,2,3,16,13,12,12,1,7,13,-1
01_13_02_03_0184.bmp,0,2,3,16,13,12,12,11,12,12,-1
01_13_02_03_0184.bmp,1,2,3,16,13,12,12,40,12,12,-1
01_13_02_03_0185.bmp,1,2,3,16,13,12,13,40,13,13,-1
01_13_02_03_0186.bmp,0,2,3,16,13,7,12,42,7,7,-1
01_13_02_03_0187.bmp,0,2,3,16,13,12,12,1,40,40,-1
01_13_02_03_0188.bmp,0,2,3,16,13,13,32,25,9,38,-1
01_13_02_03_0189.bmp,0,2,3,16,13,12,12,25,23,40,-1
01_13_02_03_0190.bmp,0,2,3,16,13,12,12,42,23,12,-1
01_13_02_03_0192.bmp,0,2,3,16,13,12,12,25,34,40,-1
01_13_02_03_0193.bmp,1,2,3,16,13,12,12,40,12,24,-1
01_13_02_03_0194.bmp,0,2,3,16,13,13,12,6,7,34,-1
01_13_02_03_0196.bmp,0,2,3,16,13,12,12,25,13,40,-1
01_13_02_03_0196.bmp,1,2,3,16,13,12,12,40,12,13,-1
01_13_02_03_0197.bmp,0,2,3,16,13,40,11,1,40,40,-1
01_13_02_03_0199.bmp,0,2,3,16,13,12,12,23,13,13,-1
01_13_02_03_0199.bmp,1,2,3,16,13,12,12,20,12,40,-1
01_13_02_03_0200.bmp,1,2,3,16,13,12,12,40,12,13,-1
01_13_02_03_0201.bmp,1,2,3,16,13,12,12,40,12,12,-1
01_13_02_03_0204.bmp,0,2,3,16,13,12,12,12,12,12,-1
01_13_02_03_0204.bmp,1,2,3,16,13,12,12,40,12,12,-1
01_13_02_03_0205.bmp,0,2,3,16,13,40,12,25,40,40,-1
01_13_02_03_0205.bmp,1,2,3,16,13,12,12,40,12,40,-1
01_13_02_03_0206.bmp,1,2,3,16,13,12,12,40,12,12,-1
01_13_02_03_0207.bmp,1,2,3,16,13,12,12,20,12,12,-1
01_13_02_03_0208.bmp,0,2,3,16,13,40,12,40,40,40,-1
01_13_02_03_0209.bmp,1,2,3,16,13,12,12,40,13,13,-1
01_13_02_03_0210.bmp,0,2,3,16,13,40,12,40,40,40,-1
01_13_02_03_0210.bmp,1,2,3,16,13,12,12,20,12,12,-1
01_13_02_03_0211.bmp,0,2,3,16,13,40,12,40,40,40,-1
01_13_02_03_0212.bmp,0,2,3,16,13,40,12,40,40,40,-1
01_13_02_03_0212.bmp,1,2,3,16,13,12,12,40,12,12,-1
01_13_02_03_0213.bmp,0,2,3,16,13,12,12,40,40,40,-1
01_13_02_03_0214.bmp,0,2,3,16,13,12,12,40,40,40,-1
01_13_02_03_0214.bmp,1,2,3,16,13,12,12,40,12,13,-1
01_13_02_03_0217.bmp,1,2,3,16,13,12,12,20,12,13,-1
01_13_02_03_0218.bmp,0,2,3,16,13,40,12,20,40,12,-1
01_13_02_03_0218.bmp,1,2,3,16,13,12,12,20,12,40,-1
01_13_02_03_0220.bmp,0,2,3,16,13,12,13,20,40,13,-1
01_13_02_03_0221.bmp,1,2,3,16,13,12,12,40,40,13,-1
01_13_02_03_0222.bmp,0,2,3,16,13,12,12,40,40,40,-1
01_13_02_03_0222.bmp,1,2,3,16,13,12,12,20,12,24,-1
01_13_02_03_0223.bmp,1,2,3,16,13,12,12,40,12,40,-1
01_13_02_03_0225.bmp,1,2,3,16,13,12,12,13,12,13,-1
01_13_02_03_0227.bmp,0,2,3,16,13,13,13,40,18,13,-1
01_13_02_03_0230.bmp,1,2,3,16,13,12,12,20,12,12,-1
01_13_02_03_0231.bmp,0,2,3,16,13,13,13,20,13,13,-1
01_13_02_03_0232.bmp,1,2,3,16,13,12,12,20,12,24,-1
01_13_02_03_0235.bmp,0,2,3,16,13,13,13,20,13,13,-1
01_13_02_03_0236.bmp,0,2,3,16,13,13,13,20,13,13,-1
01_13_02_03_0237.bmp,0,2,3,16,13,13,13,20,13,13,-1
01_13_02_03_0238.bmp,0,2,3,16,13,13,13,20,13,13,-1
01_13_02_03_0238.bmp,1,2,3,16,13,12,12,40,12,13,-1
01_13_02_03_0239.bmp,0,2,3,16,13,13,13,13,13,13,-1
01_13_02_03_0240.bmp,0,2,3,16,13,13,13,20,13,13,-1
01_13_02_03_0241.bmp,0,2,3,16,13,13,13,13,13,13,-1
01_13_02_03_0242.bmp,0,2,3,16,13,13,13,13,13,13,-1
01_13_02_03_0242.bmp,1,2,3,16,13,12,12,2,12,12,-1
01_13_02_03_0243.bmp,0,2,3,16,13,13,13,13,13,13,-1
01_13_02_03_0246.bmp,0,2,3,16,13,13,13,13,13,13,-1
01_13_02_03_0248.bmp,1,2,3,16,13,12,12,20,12,13,-1
01_13_02_03_0249.bmp,0,2,3,16,13,13,13,13,13,13,-1
01_13_02_03_0249.bmp,1,2,3,16,13,12,12,40,12,12,-1
01_13_02_03_0252.bmp,0,2,3,16,13,13,13,13,13,13,-1
01_13_02_03_0254.bmp,1,2,3,16,13,12,13,20,12,13,-1
01_13_02_03_0256.bmp,0,2,3,16,13,13,13,13,13,13,-1
01_13_02_03_0257.bmp,0,2,3,16,13,13,13,13,13,13,-1
01_13_02_03_0258.bmp,1,2,3,16,13,12,13,40,12,13,-1
01_13_02_03_0260.bmp,1,2,3,16,13,12,12,20,12,13,-1
01_13_02_03_0262.bmp,1,2,3,16,13,12,13,2,40,40,-1
01_13_02_03_0267.bmp,0,2,3,16,13,13,13,13,13,13,-1
01_13_02_03_0267.bmp,1,2,3,16,13,12,12,20,12,12,-1
01_13_02_03_0268.bmp,1,2,3,16,13,12,13,20,12,13,-1
01_13_02_03_0269.bmp,0,2,3,16,13,13,13,2,13,40,-1
01_13_02_03_0275.bmp,0,2,3,16,13,12,12,40,12,13,-1
01_13_02_03_0277.bmp,0,2,3,16,13,12,12,40,12,24,-1
01_13_02_03_0279.bmp,0,2,3,16,13,12,12,40,12,13,-1
01_13_02_03_0281.bmp,0,2,3,16,13,12,12,20,12,13,-1
01_13_02_03_0285.bmp,0,2,3,16,13,12,13,40,13,13,-1
01_13_02_03_0286.bmp,0,2,3,16,13,12,12,40,12,13,-1
01_13_02_03_0287.bmp,0,2,3,16,13,12,12,20,12,40,-1
01_13_02_03_0290.bmp,0,2,3,16,13,12,12,40,40,12,-1
01_13_02_03_0291.bmp,0,2,3,16,13,12,13,40,12,40,-1
01_13_02_03_0299.bmp,0,2,3,16,13,12,12,40,40,13,-1
01_13_02_03_0302.bmp,0,2,3,16,13,12,12,19,12,40,-1
01_13_02_03_0305.bmp,0,2,3,16,13,12,12,40,40,40,-1
01_13_02_03_0306.bmp,0,2,3,16,13,12,12,20,13,40,-1
01_13_02_03_0308.bmp,0,2,3,16,13,12,12,40,40,40,-1
01_13_02_03_0320.bmp,0,2,3,16,13,13,13,20,13,40,-1
01_13_02_03_0325.bmp,0,2,3,16,13,12,12,40,40,40,-1
01_13_02_03_0328.bmp,0,2,3,16,13,13,13,20,41,13,-1
01_13_02_03_0329.bmp,0,2,3,16,13,12,13,13,41,13,-1
01_13_02_03_0332.bmp,0,2,3,16,13,12,13,20,13,12,-1
01_13_02_03_0339.bmp,0,2,3,16,13,13,13,40,12,13,-1
01_13_02_03_0340.bmp,0,2,3,16,13,13,13,13,13,40,-1
01_13_02_03_0343.bmp,0,2,3,16,13,13,13,13,13,13,-1
01_13_02_03_0347.bmp,0,2,3,16,13,13,13,13,13,13,-1
01_13_02_03_0350.bmp,0,2,3,16,13,13,13,13,13,13,-1
01_13_02_03_0352.bmp,0,2,3,16,13,13,13,13,13,13,-1
01_13_02_03_0353.bmp,0,2,3,16,13,13,13,13,13,13,-1
01_13_02_03_0354.bmp,0,2,3,16,13,13,13,13,13,13,-1
01_13_02_03_0355.bmp,0,2,3,16,13,13,13,13,13,13,-1
01_13_02_03_0357.bmp,0,2,3,16,13,13,13,2,4,13,-1
01_13_02_03_0358.bmp,0,2,3,16,13,13,13,20,13,13,-1
01_13_02_03_0360.bmp,0,2,3,16,13,13,13,40,13,13,-1
01_13_02_03_0363.bmp,0,2,3,16,13,13,13,40,18,18,-1
01_13_02_03_0367.bmp,0,2,3,16,13,13,13,40,4,4,-1
01_13_02_03_0372.bmp,0,2,3,16,13,13,13,13,13,13,-1
01_13_02_03_0373.bmp,0,2,3,16,13,13,13,13,13,13,-1
01_13_02_03_0376.bmp,0,2,3,16,13,13,13,13,13,13,-1
01_13_02_03_0379.bmp,0,2,3,16,13,13,13,13,13,13,-1
01_13_02_03_0381.bmp,0,2,3,16,13,13,13,13,13,13,-1
01_13_02_03_0384.bmp,0,2,3,16,13,13,13,13,15,40,-1
01_13_02_03_0387.bmp,0,2,3,16,13,12,12,42,12,12,-1
01_13_02_03_0388.bmp,0,2,3,16,13,12,12,42,7,40,-1
01_13_02_03_0390.bmp,0,2,3,16,13,12,12,11,40,34,-1
01_13_02_03_0391.bmp,0,2,3,16,13,12,12,25,7,12,-1
01_13_02_03_0395.bmp,0,2,3,16,13,12,12,41,40,13,-1
01_13_02_03_0396.bmp,0,2,3,16,13,12,12,19,40,13,-1
01_13_02_03_0402.bmp,0,2,3,16,13,12,12,42,12,12,-1
01_13_02_03_0407.bmp,0,2,3,16,13,40,12,25,40,40,-1
01_13_02_03_0409.bmp,0,2,3,16,13,40,12,25,4,40,-1
01_13_02_03_0414.bmp,0,2,3,16,13,12,12,42,34,40,-1
01_13_02_03_0423.bmp,0,2,3,16,13,13,11,42,13,13,-1
01_13_02_03_0424.bmp,0,2,3,16,13,25,11,1,7,38,-1
01_13_02_03_0426.bmp,0,2,3,16,13,13,31,42,13,35,-1
01_13_02_03_0427.bmp,0,2,3,16,13,13,11,42,13,34,-1
01_13_02_03_0428.bmp,0,2,3,16,13,13,11,42,25,13,-1
01_13_02_03_0434.bmp,0,2,3,16,13,13,13,40,13,13,-1
01_13_02_03_0437.bmp,0,2,3,16,13,13,13,40,13,13,-1
01_13_02_03_0438.bmp,0,2,3,16,13,12,13,40,12,12,-1
01_13_02_03_0443.bmp,0,2,3,16,13,13,13,19,13,13,-1
01_13_02_03_0445.bmp,0,2,3,16,13,13,13,20,13,20,-1
01_13_02_03_0446.bmp,0,2,3,16,13,12,32,25,40,13,-1
01_13_02_03_0447.bmp,0,2,3,16,13,13,13,40,40,40,-1
01_13_02_03_0449.bmp,0,2,3,16,13,13,13,40,13,13,-1
01_13_02_03_0451.bmp,0,2,3,16,13,13,13,40,13,18,-1
01_13_02_03_0455.bmp,0,2,3,16,13,12,12,40,12,12,-1
01_13_02_03_0460.bmp,0,2,3,16,13,12,13,20,12,12,-1
01_13_02_03_0463.bmp,0,2,3,16,13,13,13,40,25,40,-1
01_13_02_03_0464.bmp,0,2,3,16,13,12,13,40,12,12,-1
01_13_02_03_0467.bmp,0,2,3,16,13,13,13,20,13,13,-1
01_13_02_03_0471.bmp,0,2,3,16,13,13,13,40,18,13,-1
01_13_02_03_0474.bmp,0,2,3,16,13,13,13,40,41,13,-1
01_13_02_03_0477.bmp,0,2,3,16,13,13,13,20,13,13,-1
01_13_02_03_0478.bmp,0,2,3,16,13,13,13,40,13,13,-1
01_13_02_03_0480.bmp,0,2,3,16,13,13,13,20,13,13,-1
01_13_02_03_0488.bmp,0,2,3,16,13,13,13,13,13,13,-1
01_13_02_03_0491.bmp,0,2,3,16,13,13,13,13,13,13,-1
01_13_02_03_0493.bmp,0,2,3,16,13,13,13,13,13,13,-1
01_13_02_03_0495.bmp,0,2,3,16,13,13,13,13,13,13,-1
01_13_02_03_0502.bmp,0,2,3,16,13,13,13,13,13,13,-1
01_13_02_03_0503.bmp,0,2,3,16,13,13,13,13,13,13,-1
01_13_02_03_0505.bmp,0,2,3,16,13,13,13,13,13,13,-1
01_13_02_03_0508.bmp,0,2,3,16,13,13,13,13,13,13,-1
01_13_02_03_0509.bmp,0,2,3,16,13,13,13,13,13,13,-1
01_13_02_03_0513.bmp,0,2,3,16,13,13,13,13,13,13,-1
01_13_02_03_0514.bmp,0,2,3,16,13,13,13,13,13,13,-1
01_13_02_03_0515.bmp,0,2,3,16,13,14,13,14,14,14,-1
01_13_02_03_0517.bmp,0,2,3,16,13,12,12,0,40,40,-1
01_13_02_03_0521.bmp,0,2,3,16,13,12,12,12,4,4,-1
01_13_02_03_0523.bmp,0,2,3,16,13,40,13,40,40,40,-1
01_13_02_03_0525.bmp,0,2,3,16,13,12,13,40,40,40,-1
01_13_02_03_0526.bmp,0,2,3,16,13,12,12,25,25,40,-1
01_13_02_03_0532.bmp,0,2,3,16,13,12,12,1,23,40,-1
01_13_02_03_0534.bmp,0,2,3,16,13,12,12,25,25,13,-1
01_13_02_03_0535.bmp,0,2,3,16,13,12,12,40,40,40,-1
01_13_02_03_0536.bmp,0,2,3,16,13,19,12,11,23,23,-1
01_13_02_03_0538.bmp,0,2,3,16,13,12,12,25,2,40,-1
01_13_02_03_0539.bmp,0,2,3,16,13,40,12,40,40,40,-1
01_13_02_03_0540.bmp,0,2,3,16,13,12,11,0,12,40,-1
01_13_02_03_0547.bmp,0,2,3,16,13,40,12,40,40,40,-1
01_13_02_03_0550.bmp,0,2,3,16,13,32,32,1,7,40,-1
01_13_02_03_0551.bmp,0,2,3,16,13,40,12,40,40,40,-1
01_13_02_03_0554.bmp,0,2,3,16,13,12,11,12,12,40,-1
01_13_02_03_0555.bmp,0,2,3,16,13,12,12,40,40,40,-1
01_13_02_03_0560.bmp,0,2,3,16,13,12,12,2,2,4,-1
01_13_02_03_0561.bmp,0,2,3,16,13,40,12,40,40,40,-1
01_13_02_03_0562.bmp,0,2,3,16,13,38,11,6,12,12,-1
01_13_02_03_0563.bmp,0,2,3,16,13,12,12,40,40,40,-1
01_13_02_03_0569.bmp,0,2,3,16,13,40,12,40,40,40,-1
01_13_02_03_0574.bmp,0,2,3,16,13,12,12,0,40,25,-1
01_13_02_03_0575.bmp,0,2,3,16,13,40,12,40,40,25,-1
01_13_02_03_0576.bmp,0,2,3,16,13,40,12,40,40,40,-1
01_13_02_03_0577.bmp,0,2,3,16,13,13,12,40,40,40,-1
01_13_02_03_0579.bmp,0,2,3,16,13,12,12,40,40,12,-1
01_13_02_03_0581.bmp,0,2,3,16,13,12,12,40,40,12,-1
01_13_02_03_0583.bmp,0,2,3,16,13,12,12,20,40,13,-1
01_13_02_03_0584.bmp,0,2,3,16,13,40,12,25,6,40,-1
01_13_02_03_0588.bmp,0,2,3,16,13,40,12,40,40,40,-1
01_13_02_03_0589.bmp,0,2,3,16,13,13,13,40,13,40,-1
01_13_02_03_0591.bmp,0,2,3,16,13,40,13,40,40,13,-1
01_13_02_03_0600.bmp,0,2,3,16,13,13,13,40,40,13,-1
01_13_02_03_0605.bmp,0,2,3,16,13,13,13,40,13,13,-1
01_13_02_03_0610.bmp,0,2,3,16,13,13,13,40,13,13,-1
01_13_02_03_0613.bmp,0,2,3,16,13,13,13,13,13,13,-1
01_13_02_03_0615.bmp,0,2,3,16,13,13,13,13,13,13,-1
01_13_02_03_0621.bmp,0,2,3,16,13,13,13,13,13,13,-1
01_13_02_03_0622.bmp,0,2,3,16,13,13,13,13,13,13,-1
01_13_02_03_0624.bmp,0,2,3,16,13,13,13,13,13,13,-1
01_13_02_03_0626.bmp,0,2,3,16,13,13,13,13,13,13,-1
01_03_02_04_0002.bmp,0,2,4,16,9,12,12,40,12,2,-1
01_03_02_04_0004.bmp,0,2,4,16,9,12,12,2,12,25,-1
01_03_02_04_0009.bmp,0,2,4,16,9,12,11,23,12,40,-1
01_03_02_04_0010.bmp,0,2,4,16,9,12,12,2,12,40,-1
01_03_02_04_0018.bmp,0,2,4,16,9,12,11,2,40,40,-1
01_03_02_04_0025.bmp,0,2,4,16,9,12,12,40,12,14,-1
01_03_02_04_0028.bmp,0,2,4,16,9,40,12,2,40,40,-1
01_03_02_04_0029.bmp,0,2,4,16,9,12,12,2,40,40,-1
01_03_02_04_0030.bmp,0,2,4,16,9,12,12,2,12,25,-1
01_03_02_04_0038.bmp,0,2,4,16,9,40,12,22,40,25,-1
01_03_02_04_0042.bmp,0,2,4,16,9,40,12,20,40,40,-1
01_03_02_04_0044.bmp,0,2,4,16,9,40,12,40,40,24,-1
01_03_02_04_0046.bmp,0,2,4,16,9,40,12,40,40,40,-1
01_03_02_04_0048.bmp,0,2,4,16,9,40,12,40,40,12,-1
01_03_02_04_0049.bmp,0,2,4,16,9,40,13,40,40,40,-1
01_03_02_04_0055.bmp,0,2,4,16,9,40,13,40,40,40,-1
01_03_02_04_0059.bmp,0,2,4,16,9,12,13,25,19,12,-1
01_03_02_04_0060.bmp,0,2,4,16,9,19,13,20,19,19,-1
01_03_02_04_0065.bmp,0,2,4,16,9,41,13,25,41,24,-1
01_03_02_04_0066.bmp,0,2,4,16,9,12,13,25,19,24,-1
01_03_02_04_0068.bmp,0,2,4,16,9,41,12,25,41,25,-1
01_03_02_04_0069.bmp,0,2,4,16,9,41,13,25,41,41,-1
01_03_02_04_0071.bmp,0,2,4,16,9,41,13,25,41,41,-1
01_03_02_04_0073.bmp,0,2,4,16,9,13,13,25,41,41,-1
01_03_02_04_0074.bmp,0,2,4,16,9,13,13,25,13,13,-1
01_03_02_04_0076.bmp,0,2,4,16,9,41,13,41,41,14,-1
01_03_02_04_0077.bmp,0,2,4,16,9,41,13,41,41,41,-1
01_03_02_04_0078.bmp,0,2,4,16,9,41,13,41,41,41,-1
01_03_02_04_0079.bmp,0,2,4,16,9,41,13,41,41,41,-1
01_03_02_04_0080.bmp,0,2,4,16,9,41,13,41,41,41,-1
01_03_02_04_0081.bmp,0,2,4,16,9,13,13,41,41,41,-1
01_03_02_04_0084.bmp,0,2,4,16,9,13,13,13,15,41,-1
01_06_02_04_0002.bmp,1,2,4,16,14,9,12,0,25,25,-1
01_06_02_04_0003.bmp,0,2,4,16,14,25,36,23,14,14,-1
01_06_02_04_0004.bmp,1,2,4,16,14,25,25,25,25,14,-1
01_06_02_04_0005.bmp,1,2,4,16,14,0,36,0,14,14,-1
01_06_02_04_0006.bmp,0,2,4,16,14,12,25,20,14,14,-1
01_06_02_04_0006.bmp,1,2,4,16,14,12,11,20,25,14,-1
01_06_02_04_0008.bmp,0,2,4,16,14,25,25,23,14,14,-1
01_06_02_04_0008.bmp,1,2,4,16,14,0,25,2,14,25,-1
01_06_02_04_0011.bmp,0,2,4,16,14,14,25,25,14,14,-1
01_06_02_04_0012.bmp,1,2,4,16,14,0,25,23,0,1,-1
01_06_02_04_0014.bmp,1,2,4,16,14,0,11,19,0,14,-1
01_06_02_04_0015.bmp,0,2,4,16,14,14,25,25,14,14,-1
01_06_02_04_0016.bmp,1,2,4,16,14,25,25,20,14,14,-1
01_06_02_04_0017.bmp,1,2,4,16,14,25,11,23,25,14,-1
01_06_02_04_0018.bmp,0,2,4,16,14,14,25,24,14,14,-1
01_06_02_04_0018.bmp,1,2,4,16,14,25,25,20,25,14,-1
01_06_02_04_0020.bmp,0,2,4,16,14,14,25,25,14,14,-1
01_06_02_04_0022.bmp,1,2,4,16,14,12,25,20,0,14,-1
01_06_02_04_0023.bmp,0,2,4,16,14,14,25,24,14,14,-1
01_06_02_04_0023.bmp,1,2,4,16,14,25,25,23,25,14,-1
01_06_02_04_0024.bmp,0,2,4,16,14,14,25,24,14,14,-1
01_06_02_04_0024.bmp,1,2,4,16,14,25,25,20,25,14,-1
01_06_02_04_0025.bmp,0,2,4,16,14,14,25,25,14,14,-1
01_06_02_04_0027.bmp,0,2,4,16,14,14,25,24,14,14,-1
01_06_02_04_0028.bmp,1,2,4,16,14,25,25,2,13,24,-1
01_06_02_04_0031.bmp,0,2,4,16,14,14,25,14,14,14,-1
01_06_02_04_0032.bmp,0,2,4,16,14,14,25,14,14,14,-1
01_06_02_04_0037.bmp,0,2,4,16,14,14,14,14,14,14,-1
01_06_02_04_0038.bmp,0,2,4,16,14,14,14,14,14,14,-1
01_06_02_04_0040.bmp,0,2,4,16,14,14,14,14,14,14,-1
01_06_02_04_0042.bmp,1,2,4,16,14,12,12,2,13,9,-1
01_06_02_04_0044.bmp,1,2,4,16,14,12,12,0,23,23,-1
01_06_02_04_0047.bmp,0,2,4,16,14,12,12,0,13,1,-1
01_06_02_04_0050.bmp,0,2,4,16,14,13,25,2,23,24,-1
01_06_02_04_0055.bmp,0,2,4,16,14,12,25,40,25,12,-1
01_06_02_04_0058.bmp,0,2,4,16,14,13,25,20,13,13,-1
01_06_02_04_0060.bmp,0,2,4,16,14,13,25,19,14,13,-1
01_06_02_04_0062.bmp,0,2,4,16,14,29,25,20,25,23,-1
01_06_02_04_0063.bmp,0,2,4,16,14,29,25,20,14,29,-1
01_06_02_04_0064.bmp,0,2,4,16,14,25,25,19,25,14,-1
01_06_02_04_0065.bmp,0,2,4,16,14,23,25,20,25,25,-1
01_06_02_04_0066.bmp,0,2,4,16,14,13,25,25,14,25,-1
01_06_02_04_0068.bmp,0,2,4,16,14,25,25,23,25,25,-1
01_06_02_04_0070.bmp,0,2,4,16,14,9,25,20,23,23,-1
01_06_02_04_0071.bmp,0,2,4,16,14,14,25,25,23,14,-1
01_06_02_04_0081.bmp,0,2,4,16,14,14,25,25,14,14,-1
01_06_02_04_0086.bmp,0,2,4,16,14,25,25,20,25,25,-1
01_06_02_04_0087.bmp,0,2,4,16,14,14,17,14,14,14,-1
01_11_02_04_0002.bmp,0,2,4,16,12,12,12,0,12,14,-1
01_11_02_04_0004.bmp,0,2,4,16,12,12,36,0,12,25,-1
01_11_02_04_0006.bmp,0,2,4,16,12,12,12,2,12,0,-1
01_11_02_04_0007.bmp,0,2,4,16,12,12,31,0,12,1,-1
01_11_02_04_0008.bmp,0,2,4,16,12,12,11,2,12,12,-1
01_11_02_04_0009.bmp,0,2,4,16,12,12,12,0,12,25,-1
01_11_02_04_0010.bmp,0,2,4,16,12,12,11,0,12,12,-1
01_11_02_04_0012.bmp,0,2,4,16,12,12,36,0,12,0,-1
01_11_02_04_0015.bmp,0,2,4,16,12,12,0,0,12,12,-1
01_11_02_04_0020.bmp,0,2,4,16,12,12,12,0,12,12,-1
01_11_02_04_0021.bmp,0,2,4,16,12,12,12,19,12,25,-1
01_11_02_04_0025.bmp,0,2,4,16,12,12,11,2,12,25,-1
01_11_02_04_0027.bmp,0,2,4,16,12,12,11,2,12,25,-1
01_11_02_04_0028.bmp,0,2,4,16,12,12,12,0,12,40,-1
01_11_02_04_0030.bmp,0,2,4,16,12,12,11,19,12,40,-1
01_11_02_04_0031.bmp,0,2,4,16,12,12,12,19,12,25,-1
01_11_02_04_0032.bmp,0,2,4,16,12,12,12,2,12,12,-1
01_11_02_04_0033.bmp,0,2,4,16,12,12,12,19,12,12,-1
01_11_02_04_0035.bmp,0,2,4,16,12,12,12,0,12,25,-1
01_11_02_04_0036.bmp,0,2,4,16,12,12,25,2,25,12,-1
01_11_02_04_0039.bmp,0,2,4,16,12,12,12,20,12,12,-1
01_11_02_04_0040.bmp,0,2,4,16,12,12,25,2,12,40,-1
01_11_02_04_0049.bmp,0,2,4,16,12,12,12,19,19,4,-1
01_11_02_04_0054.bmp,0,2,4,16,12,12,12,2,24,12,-1
01_11_02_04_0061.bmp,0,2,4,16,12,12,13,2,4,40,-1
01_11_02_04_0062.bmp,0,2,4,16,12,12,13,25,13,12,-1
01_11_02_04_0065.bmp,0,2,4,16,12,12,12,19,4,4,-1
01_11_02_04_0068.bmp,0,2,4,16,12,12,13,24,4,24,-1
01_11_02_04_0070.bmp,0,2,4,16,12,4,13,25,4,4,-1
01_11_02_04_0073.bmp,0,2,4,16,12,4,13,6,4,4,-1
01_11_02_04_0074.bmp,0,2,4,16,12,15,13,25,7,28,-1
01_11_02_04_0076.bmp,0,2,4,16,12,1,13,1,1,1,-1
01_11_02_04_0077.bmp,0,2,4,16,12,1,1,25,1,7,-1
01_12_02_04_0002.bmp,1,2,4,16,17,12,12,11,12,12,-1
01_12_02_04_0004.bmp,0,2,4,16,17,1,25,25,1,12,-1
01_12_02_04_0006.bmp,0,2,4,16,17,25,25,0,14,13,-1
01_12_02_04_0007.bmp,0,2,4,16,17,12,12,23,1,12,-1
01_12_02_04_0008.bmp,1,2,4,16,17,12,12,25,12,12,-1
01_12_02_04_0009.bmp,0,2,4,16,17,12,12,25,1,12,-1
01_12_02_04_0010.bmp,1,2,4,16,17,12,12,42,12,14,-1
01_12_02_04_0011.bmp,1,2,4,16,17,12,12,0,12,1,-1
01_12_02_04_0012.bmp,1,2,4,16,17,12,12,12,12,13,-1
01_12_02_04_0013.bmp,0,2,4,16,17,12,25,2,14,12,-1
01_12_02_04_0013.bmp,1,2,4,16,17,12,12,42,12,12,-1
01_12_02_04_0014.bmp,0,2,4,16,17,12,25,2,14,25,-1
01_12_02_04_0015.bmp,1,2,4,16,17,12,12,12,12,12,-1
01_12_02_04_0017.bmp,0,2,4,16,17,0,0,23,1,12,-1
01_12_02_04_0017.bmp,1,2,4,16,17,12,12,25,26,13,-1
01_12_02_04_0018.bmp,0,2,4,16,17,12,25,20,24,25,-1
01_12_02_04_0018.bmp,1,2,4,16,17,25,12,25,26,13,-1
01_12_02_04_0019.bmp,1,2,4,16,17,12,12,25,12,1,-1
01_12_02_04_0023.bmp,0,2,4,16,17,26,13,25,26,26,-1
01_12_02_04_0023.bmp,1,2,4,16,17,12,12,25,26,14,-1
01_12_02_04_0025.bmp,1,2,4,16,17,12,12,12,12,12,-1
01_12_02_04_0026.bmp,0,2,4,16,17,24,25,25,14,24,-1
01_12_02_04_0027.bmp,1,2,4,16,17,12,12,11,12,12,-1
01_12_02_04_0028.bmp,0,2,4,16,17,2,12,19,4,2,-1
01_12_02_04_0029.bmp,0,2,4,16,17,13,13,22,13,13,-1
01_12_02_04_0031.bmp,1,2,4,16,17,12,12,0,24,12,-1
01_12_02_04_0032.bmp,0,2,4,16,17,26,26,25,14,14,-1
01_12_02_04_0033.bmp,1,2,4,16,17,12,12,11,12,12,-1
01_12_02_04_0034.bmp,1,2,4,16,17,12,12,11,12,10,-1
01_12_02_04_0035.bmp,1,2,4,16,17,12,12,12,28,14,-1
01_12_02_04_0038.bmp,0,2,4,16,17,14,14,14,14,14,-1
01_12_02_04_0038.bmp,1,2,4,16,17,12,12,25,12,0,-1
01_12_02_04_0040.bmp,0,2,4,16,17,14,14,14,14,14,-1
01_12_02_04_0040.bmp,1,2,4,16,17,12,12,11,1,14,-1
01_12_02_04_0042.bmp,1,2,4,16,17,12,12,11,28,12,-1
01_12_02_04_0045.bmp,0,2,4,16,17,12,12,25,12,26,-1
01_12_02_04_0049.bmp,0,2,4,16,17,12,0,25,28,25,-1
01_12_02_04_0052.bmp,0,2,4,16,17,12,12,11,12,14,-1
01_12_02_04_0053.bmp,0,2,4,16,17,12,0,25,13,25,-1
01_12_02_04_0056.bmp,0,2,4,16,17,0,0,11,0,1,-1
01_12_02_04_0058.bmp,0,2,4,16,17,12,0,0,12,0,-1
01_12_02_04_0061.bmp,0,2,4,16,17,12,0,0,12,14,-1
01_12_02_04_0062.bmp,0,2,4,16,17,0,0,0,0,12,-1
01_12_02_04_0063.bmp,0,2,4,16,17,0,0,2,0,0,-1
01_12_02_04_0064.bmp,0,2,4,16,17,0,0,21,0,1,-1
01_12_02_04_0065.bmp,0,2,4,16,17,12,0,0,12,0,-1
01_12_02_04_0066.bmp,0,2,4,16,17,0,0,11,0,1,-1
01_12_02_04_0068.bmp,0,2,4,16,17,0,0,20,0,14,-1
01_12_02_04_0069.bmp,0,2,4,16,17,12,0,2,12,14,-1
01_12_02_04_0072.bmp,0,2,4,16,17,12,0,20,25,14,-1
01_12_02_04_0075.bmp,0,2,4,16,17,12,0,20,12,12,-1
01_12_02_04_0077.bmp,0,2,4,16,17,12,12,20,12,1,-1
01_12_02_04_0078.bmp,0,2,4,16,17,25,25,0,25,14,-1
01_12_02_04_0079.bmp,0,2,4,16,17,0,0,23,0,14,-1
01_12_02_04_0080.bmp,0,2,4,16,17,12,0,23,25,14,-1
01_12_02_04_0081.bmp,0,2,4,16,17,12,0,23,25,25,-1
01_12_02_04_0082.bmp,0,2,4,16,17,0,25,20,11,25,-1
01_12_02_04_0083.bmp,0,2,4,16,17,0,0,2,0,14,-1
01_12_02_04_0085.bmp,0,2,4,16,17,12,0,23,0,14,-1
01_12_02_04_0089.bmp,0,2,4,16,17,0,0,2,25,14,-1
01_12_02_04_0090.bmp,0,2,4,16,17,0,25,20,0,26,-1
01_12_02_04_0091.bmp,0,2,4,16,17,25,11,2,25,14,-1
01_12_02_04_0093.bmp,0,2,4,16,17,0,25,23,0,12,-1
01_12_02_04_0096.bmp,0,2,4,16,17,0,25,23,0,25,-1
01_12_02_04_0100.bmp,0,2,4,16,17,0,0,23,0,14,-1
01_12_02_04_0101.bmp,0,2,4,16,17,0,25,23,14,14,-1
01_12_02_04_0112.bmp,0,2,4,16,17,14,25,14,14,14,-1
01_12_02_04_0114.bmp,0,2,4,16,17,14,25,14,14,14,-1
01_13_02_04_0001.bmp,1,2,4,16,13,11,11,20,13,12,-1
01_13_02_04_0003.bmp,0,2,4,16,13,12,12,40,12,40,-1
01_13_02_04_0004.bmp,0,2,4,16,13,12,12,40,12,40,-1
01_13_02_04_0005.bmp,1,2,4,16,13,25,11,20,13,25,-1
01_13_02_04_0007.bmp,1,2,4,16,13,25,11,20,13,12,-1
01_13_02_04_0010.bmp,1,2,4,16,13,25,11,2,13,13,-1
01_13_02_04_0012.bmp,0,2,4,16,13,11,12,36,40,13,-1
01_13_02_04_0012.bmp,1,2,4,16,13,25,11,20,13,12,-1
01_13_02_04_0014.bmp,0,2,4,16,13,12,12,25,40,40,-1
01_13_02_04_0015.bmp,0,2,4,16,13,12,12,40,12,13,-1
01_13_02_04_0015.bmp,1,2,4,16,13,25,11,2,13,4,-1
01_13_02_04_0016.bmp,0,2,4,16,13,12,12,40,40,35,-1
01_13_02_04_0017.bmp,1,2,4,16,13,13,11,2,13,12,-1
01_13_02_04_0018.bmp,0,2,4,16,13,12,12,40,40,35,-1
01_13_02_04_0020.bmp,0,2,4,16,13,12,12,40,40,12,-1
01_13_02_04_0021.bmp,0,2,4,16,13,12,12,40,12,40,-1
01_13_02_04_0021.bmp,1,2,4,16,13,13,11,2,13,13,-1
01_13_02_04_0022.bmp,1,2,4,16,13,0,11,2,13,13,-1
01_13_02_04_0026.bmp,0,2,4,16,13,12,12,42,12,40,-1
01_13_02_04_0026.bmp,1,2,4,16,13,13,13,2,13,13,-1
01_13_02_04_0027.bmp,1,2,4,16,13,13,13,2,13,13,-1
01_13_02_04_0028.bmp,0,2,4,16,13,12,12,40,12,39,-1
01_13_02_04_0029.bmp,1,2,4,16,13,13,13,0,13,25,-1
01_13_02_04_0030.bmp,0,2,4,16,13,12,12,40,12,35,-1
01_13_02_04_0031.bmp,0,2,4,16,13,12,12,40,40,13,-1
01_13_02_04_0031.bmp,1,2,4,16,13,13,11,25,13,13,-1
01_13_02_04_0032.bmp,0,2,4,16,13,12,12,6,12,40,-1
01_13_02_04_0034.bmp,1,2,4,16,13,13,13,25,13,13,-1
01_13_02_04_0035.bmp,0,2,4,16,13,12,12,40,12,40,-1
01_13_02_04_0036.bmp,0,2,4,16,13,12,12,11,12,40,-1
01_13_02_04_0036.bmp,1,2,4,16,13,13,13,2,13,13,-1
01_13_02_04_0037.bmp,1,2,4,16,13,13,13,2,13,12,-1
01_13_02_04_0040.bmp,1,2,4,16,13,13,13,0,13,13,-1
01_13_02_04_0041.bmp,1,2,4,16,13,13,13,0,13,13,-1
01_13_02_04_0043.bmp,0,2,4,16,13,12,12,40,40,40,-1
01_13_02_04_0044.bmp,1,2,4,16,13,13,13,2,13,13,-1
01_13_02_04_0048.bmp,1,2,4,16,13,13,13,13,13,13,-1
01_13_02_04_0049.bmp,1,2,4,16,13,13,13,25,13,13,-1
01_13_02_04_0050.bmp,0,2,4,16,13,12,12,40,12,12,-1
01_13_02_04_0050.bmp,1,2,4,16,13,13,13,13,13,13,-1
01_13_02_04_0051.bmp,0,2,4,16,13,40,12,40,40,14,-1
01_13_02_04_0052.bmp,1,2,4,16,13,13,13,13,13,13,-1
01_13_02_04_0053.bmp,1,2,4,16,13,13,13,13,13,13,-1
01_13_02_04_0059.bmp,1,2,4,16,13,13,13,13,13,13,-1
01_13_02_04_0063.bmp,1,2,4,16,13,12,12,20,7,12,-1
01_13_02_04_0065.bmp,1,2,4,16,13,23,25,11,7,28,-1
01_13_02_04_0068.bmp,0,2,4,16,13,13,13,20,13,13,-1
01_13_02_04_0068.bmp,1,2,4,16,13,23,12,25,23,23,-1
01_13_02_04_0069.bmp,0,2,4,16,13,13,13,40,13,13,-1
01_13_02_04_0069.bmp,1,2,4,16,13,23,12,12,23,23,-1
01_13_02_04_0074.bmp,0,2,4,16,13,13,13,40,13,13,-1
01_13_02_04_0074.bmp,1,2,4,16,13,12,12,20,28,12,-1
01_13_02_04_0078.bmp,1,2,4,16,13,23,12,19,23,23,-1
01_13_02_04_0080.bmp,1,2,4,16,13,23,12,23,23,23,-1
01_13_02_04_0082.bmp,0,2,4,16,13,13,13,13,13,13,-1
01_13_02_04_0082.bmp,1,2,4,16,13,12,12,0,23,23,-1
01_13_02_04_0083.bmp,1,2,4,16,13,12,12,12,23,23,-1
01_13_02_04_0084.bmp,0,2,4,16,13,13,13,25,13,13,-1
01_13_02_04_0086.bmp,0,2,4,16,13,13,13,13,13,13,-1
01_13_02_04_0090.bmp,1,2,4,16,13,12,12,25,7,7,-1
01_13_02_04_0092.bmp,0,2,4,16,13,13,13,13,13,13,-1
01_13_02_04_0092.bmp,1,2,4,16,13,12,12,25,7,13,-1
01_13_02_04_0093.bmp,1,2,4,16,13,12,12,2,13,25,-1
01_13_02_04_0094.bmp,0,2,4,16,13,13,13,13,13,13,-1
01_13_02_04_0094.bmp,1,2,4,16,13,12,12,0,12,12,-1
01_13_02_04_0097.bmp,1,2,4,16,13,12,11,0,23,23,-1
01_13_02_04_0101.bmp,1,2,4,16,13,12,12,0,40,40,-1
01_13_02_04_0102.bmp,1,2,4,16,13,12,11,0,12,12,-1
01_13_02_04_0104.bmp,0,2,4,16,13,13,13,13,13,13,-1
01_13_02_04_0106.bmp,1,2,4,16,13,12,11,20,12,12,-1
01_13_02_04_0111.bmp,0,2,4,16,13,13,13,13,13,13,-1
01_13_02_04_0111.bmp,1,2,4,16,13,40,12,20,40,40,-1
01_13_02_04_0112.bmp,0,2,4,16,13,13,13,13,13,13,-1
01_13_02_04_0112.bmp,1,2,4,16,13,12,12,2,13,2,-1
01_13_02_04_0115.bmp,1,2,4,16,13,12,11,20,12,12,-1
01_13_02_04_0118.bmp,1,2,4,16,13,12,12,20,12,12,-1
01_13_02_04_0119.bmp,0,2,4,16,13,12,12,2,12,40,-1
01_13_02_04_0120.bmp,1,2,4,16,13,12,11,19,13,24,-1
01_13_02_04_0121.bmp,0,2,4,16,13,40,12,19,40,40,-1
01_13_02_04_0126.bmp,1,2,4,16,13,12,12,2,12,12,-1
01_13_02_04_0127.bmp,1,2,4,16,13,12,12,20,12,12,-1
01_13_02_04_0128.bmp,0,2,4,16,13,40,12,19,40,40,-1
01_13_02_04_0129.bmp,0,2,4,16,13,40,12,20,40,40,-1
01_13_02_04_0129.bmp,1,2,4,16,13,12,12,20,40,24,-1
01_13_02_04_0130.bmp,1,2,4,16,13,12,12,2,12,12,-1
01_13_02_04_0132.bmp,0,2,4,16,13,40,12,40,40,40,-1
01_13_02_04_0134.bmp,1,2,4,16,13,12,12,20,40,40,-1
01_13_02_04_0138.bmp,0,2,4,16,13,40,12,40,40,40,-1
01_13_02_04_0140.bmp,0,2,4,16,13,40,12,23,40,40,-1
01_13_02_04_0142.bmp,0,2,4,16,13,13,12,20,40,13,-1
01_13_02_04_0142.bmp,1,2,4,16,13,40,12,40,40,24,-1
01_13_02_04_0144.bmp,0,2,4,16,13,13,13,40,13,13,-1
01_13_02_04_0145.bmp,1,2,4,16,13,40,12,20,40,24,-1
01_13_02_04_0146.bmp,1,2,4,16,13,12,12,40,40,12,-1
01_13_02_04_0148.bmp,1,2,4,16,13,12,12,2,40,12,-1
01_13_02_04_0151.bmp,1,2,4,16,13,12,12,20,40,12,-1
01_13_02_04_0152.bmp,1,2,4,16,13,12,12,40,12,12,-1
01_13_02_04_0155.bmp,0,2,4,16,13,13,13,40,13,13,-1
01_13_02_04_0157.bmp,0,2,4,16,13,13,13,13,13,13,-1
01_13_02_04_0158.bmp,1,2,4,16,13,12,12,40,40,40,-1
01_13_02_04_0160.bmp,0,2,4,16,13,13,13,13,13,13,-1
01_13_02_04_0161.bmp,0,2,4,16,13,13,13,13,13,13,-1
01_13_02_04_0161.bmp,1,2,4,16,13,12,12,40,12,24,-1
01_13_02_04_0162.bmp,1,2,4,16,13,12,12,40,12,13,-1
01_13_02_04_0165.bmp,1,2,4,16,13,12,12,40,12,12,-1
01_13_02_04_0166.bmp,1,2,4,16,13,12,12,40,12,12,-1
01_13_02_04_0169.bmp,0,2,4,16,13,13,11,25,23,23,-1
01_13_02_04_0170.bmp,0,2,4,16,13,12,12,2,12,40,-1
01_13_02_04_0172.bmp,1,2,4,16,13,12,12,20,12,12,-1
01_13_02_04_0173.bmp,0,2,4,16,13,12,12,12,12,23,-1
01_13_02_04_0175.bmp,0,2,4,16,13,12,12,25,9,40,-1
01_13_02_04_0175.bmp,1,2,4,16,13,12,12,40,40,13,-1
01_13_02_04_0177.bmp,1,2,4,16,13,40,12,40,40,40,-1
01_13_02_04_0179.bmp,0,2,4,16,13,12,12,42,23,40,-1
01_13_02_04_0180.bmp,0,2,4,16,13,13,12,42,23,40,-1
01_13_02_04_0181.bmp,0,2,4,16,13,7,12,12,7,13,-1
01_13_02_04_0182.bmp,1,2,4,16,13,12,12,40,40,24,-1
01_13_02_04_0185.bmp,1,2,4,16,13,12,12,40,12,12,-1
01_13_02_04_0186.bmp,1,2,4,16,13,12,12,20,12,12,-1
01_13_02_04_0191.bmp,1,2,4,16,13,12,12,40,40,12,-1
01_13_02_04_0192.bmp,1,2,4,16,13,12,12,40,40,40,-1
01_13_02_04_0193.bmp,0,2,4,16,13,12,12,12,13,25,-1
01_13_02_04_0195.bmp,0,2,4,16,13,12,12,12,12,12,-1
01_13_02_04_0196.bmp,0,2,4,16,13,12,12,12,12,12,-1
01_13_02_04_0196.bmp,1,2,4,16,13,12,12,20,12,12,-1
01_13_02_04_0197.bmp,1,2,4,16,13,12,12,40,12,12,-1
01_13_02_04_0198.bmp,0,2,4,16,13,25,11,25,40,40,-1
01_13_02_04_0200.bmp,0,2,4,16,13,13,13,25,13,13,-1
01_13_02_04_0200.bmp,1,2,4,16,13,12,11,40,12,40,-1
01_13_02_04_0201.bmp,0,2,4,16,13,40,13,25,40,40,-1
01_13_02_04_0202.bmp,0,2,4,16,13,40,12,23,23,23,-1
01_13_02_04_0202.bmp,1,2,4,16,13,12,12,40,12,12,-1
01_13_02_04_0204.bmp,0,2,4,16,13,40,12,0,40,40,-1
01_13_02_04_0206.bmp,0,2,4,16,13,40,12,40,40,11,-1
01_13_02_04_0206.bmp,1,2,4,16,13,12,12,40,12,12,-1
01_13_02_04_0207.bmp,1,2,4,16,13,12,12,40,12,24,-1
01_13_02_04_0208.bmp,1,2,4,16,13,12,12,40,12,12,-1
01_13_02_04_0211.bmp,0,2,4,16,13,40,12,40,40,40,-1
01_13_02_04_0212.bmp,1,2,4,16,13,12,12,40,12,40,-1
01_13_02_04_0213.bmp,0,2,4,16,13,40,12,40,40,40,-1
01_13_02_04_0214.bmp,1,2,4,16,13,12,12,40,12,24,-1
01_13_02_04_0215.bmp,0,2,4,16,13,40,12,20,13,13,-1
01_13_02_04_0217.bmp,1,2,4,16,13,12,12,20,12,12,-1
01_13_02_04_0218.bmp,0,2,4,16,13,40,12,19,40,24,-1
01_13_02_04_0218.bmp,1,2,4,16,13,12,12,20,12,12,-1
01_13_02_04_0219.bmp,0,2,4,16,13,40,12,40,40,40,-1
01_13_02_04_0219.bmp,1,2,4,16,13,12,12,20,12,40,-1
01_13_02_04_0223.bmp,1,2,4,16,13,12,12,40,12,12,-1
01_13_02_04_0224.bmp,1,2,4,16,13,12,12,20,12,12,-1
01_13_02_04_0228.bmp,0,2,4,16,13,12,13,40,40,13,-1
01_13_02_04_0229.bmp,1,2,4,16,13,12,12,20,12,12,-1
01_13_02_04_0230.bmp,0,2,4,16,13,18,13,40,40,13,-1
01_13_02_04_0231.bmp,1,2,4,16,13,12,12,40,12,12,-1
01_13_02_04_0232.bmp,0,2,4,16,13,18,13,20,18,13,-1
01_13_02_04_0232.bmp,1,2,4,16,13,12,12,40,12,12,-1
01_13_02_04_0234.bmp,1,2,4,16,13,12,12,40,12,40,-1
01_13_02_04_0235.bmp,0,2,4,16,13,18,13,20,18,18,-1
01_13_02_04_0236.bmp,0,2,4,16,13,13,13,40,18,13,-1
01_13_02_04_0236.bmp,1,2,4,16,13,12,12,40,12,12,-1
01_13_02_04_0237.bmp,1,2,4,16,13,12,12,40,12,12,-1
01_13_02_04_0238.bmp,1,2,4,16,13,12,12,40,12,40,-1
01_13_02_04_0239.bmp,0,2,4,16,13,13,13,40,13,13,-1
01_13_02_04_0241.bmp,0,2,4,16,13,13,13,13,13,40,-1
01_13_02_04_0243.bmp,0,2,4,16,13,13,13,25,13,40,-1
01_13_02_04_0244.bmp,0,2,4,16,13,13,13,13,13,13,-1
01_13_02_04_0244.bmp,1,2,4,16,13,12,12,40,12,12,-1
01_13_02_04_0248.bmp,1,2,4,16,13,12,12,20,12,24,-1
01_13_02_04_0249.bmp,0,2,4,16,13,13,13,13,13,13,-1
01_13_02_04_0250.bmp,1,2,4,16,13,12,12,2,12,24,-1
01_13_02_04_0251.bmp,1,2,4,16,13,12,12,40,12,40,-1
01_13_02_04_0253.bmp,0,2,4,16,13,13,13,13,13,13,-1
01_13_02_04_0255.bmp,1,2,4,16,13,12,12,40,40,40,-1
01_13_02_04_0256.bmp,1,2,4,16,13,12,12,20,12,12,-1
01_13_02_04_0258.bmp,1,2,4,16,13,12,12,40,12,12,-1
01_13_02_04_0259.bmp,0,2,4,16,13,13,13,13,13,13,-1
01_13_02_04_0262.bmp,1,2,4,16,13,12,11,40,12,12,-1
01_13_02_04_0263.bmp,0,2,4,16,13,13,13,13,13,13,-1
01_13_02_04_0264.bmp,0,2,4,16,13,13,13,13,13,13,-1
01_13_02_04_0264.bmp,1,2,4,16,13,12,12,20,12,24,-1
01_13_02_04_0268.bmp,1,2,4,16,13,12,12,40,12,12,-1
01_13_02_04_0269.bmp,0,2,4,16,13,13,13,13,13,13,-1
01_13_02_04_0269.bmp,1,2,4,16,13,12,12,40,12,24,-1
01_13_02_04_0271.bmp,0,2,4,16,13,12,12,40,12,13,-1
01_13_02_04_0274.bmp,0,2,4,16,13,12,12,20,12,12,-1
01_13_02_04_0275.bmp,0,2,4,16,13,12,12,40,12,12,-1
01_13_02_04_0276.bmp,0,2,4,16,13,12,12,40,12,40,-1
01_13_02_04_0277.bmp,0,2,4,16,13,12,12,40,40,24,-1
01_13_02_04_0278.bmp,0,2,4,16,13,12,11,40,12,12,-1
01_13_02_04_0279.bmp,0,2,4,16,13,12,12,20,12,12,-1
01_13_02_04_0283.bmp,0,2,4,16,13,12,11,40,12,12,-1
01_13_02_04_0284.bmp,0,2,4,16,13,12,12,20,12,12,-1
01_13_02_04_0285.bmp,0,2,4,16,13,12,12,20,12,13,-1
01_13_02_04_0286.bmp,0,2,4,16,13,12,12,40,12,12,-1
01_13_02_04_0287.bmp,0,2,4,16,13,12,12,20,12,12,-1
01_13_02_04_0289.bmp,0,2,4,16,13,12,12,40,12,12,-1
01_13_02_04_0290.bmp,0,2,4,16,13,12,12,40,12,12,-1
01_13_02_04_0293.bmp,0,2,4,16,13,12,12,40,12,13,-1
01_13_02_04_0294.bmp,0,2,4,16,13,12,12,2,12,12,-1
01_13_02_04_0296.bmp,0,2,4,16,13,12,12,40,12,12,-1
01_13_02_04_0299.bmp,0,2,4,16,13,12,12,40,12,24,-1
01_13_02_04_0301.bmp,0,2,4,16,13,12,12,40,12,13,-1
01_13_02_04_0302.bmp,0,2,4,16,13,12,12,20,40,40,-1
01_13_02_04_0304.bmp,0,2,4,16,13,12,12,40,12,24,-1
01_13_02_04_0306.bmp,0,2,4,16,13,12,12,20,12,12,-1
01_13_02_04_0308.bmp,0,2,4,16,13,12,12,40,12,12,-1
01_13_02_04_0312.bmp,0,2,4,16,13,12,12,40,12,40,-1
01_13_02_04_0315.bmp,0,2,4,16,13,12,12,40,12,12,-1
01_13_02_04_0316.bmp,0,2,4,16,13,12,11,40,13,40,-1
01_13_02_04_0328.bmp,0,2,4,16,13,12,11,20,12,12,-1
01_13_02_04_0333.bmp,0,2,4,16,13,12,12,20,12,12,-1
01_13_02_04_0338.bmp,0,2,4,16,13,12,13,20,12,12,-1
01_13_02_04_0341.bmp,0,2,4,16,13,13,13,13,13,13,-1
01_13_02_04_0342.bmp,0,2,4,16,13,13,13,13,40,40,-1
01_13_02_04_0343.bmp,0,2,4,16,13,13,13,13,13,13,-1
01_13_02_04_0344.bmp,0,2,4,16,13,13,13,13,40,13,-1
01_13_02_04_0348.bmp,0,2,4,16,13,13,13,13,13,13,-1
01_13_02_04_0349.bmp,0,2,4,16,13,13,13,13,13,13,-1
01_13_02_04_0352.bmp,0,2,4,16,13,13,13,13,13,13,-1
01_13_02_04_0356.bmp,0,2,4,16,13,8,13,40,8,40,-1
01_13_02_04_0360.bmp,0,2,4,16,13,13,13,20,13,13,-1
01_13_02_04_0363.bmp,0,2,4,16,13,13,13,24,13,13,-1
01_13_02_04_0367.bmp,0,2,4,16,13,13,13,20,13,13,-1
01_13_02_04_0370.bmp,0,2,4,16,13,13,13,25,13,13,-1
01_13_02_04_0371.bmp,0,2,4,16,13,13,13,13,13,13,-1
01_13_02_04_0372.bmp,0,2,4,16,13,13,13,13,13,13,-1
01_13_02_04_0374.bmp,0,2,4,16,13,13,13,13,13,13,-1
01_13_02_04_0377.bmp,0,2,4,16,13,13,13,13,13,13,-1
01_13_02_04_0378.bmp,0,2,4,16,13,13,13,13,13,13,-1
01_13_02_04_0382.bmp,0,2,4,16,13,13,13,13,13,13,-1
01_13_02_04_0384.bmp,0,2,4,16,13,15,13,13,8,13,-1
01_13_02_04_0387.bmp,0,2,4,16,13,12,12,42,40,40,-1
01_13_02_04_0389.bmp,0,2,4,16,13,12,12,40,40,13,-1
01_13_02_04_0390.bmp,0,2,4,16,13,40,12,0,23,40,-1
01_13_02_04_0393.bmp,0,2,4,16,13,12,12,40,7,12,-1
01_13_02_04_0397.bmp,0,2,4,16,13,12,12,25,7,7,-1
01_13_02_04_0399.bmp,0,2,4,16,13,40,12,42,7,12,-1
01_13_02_04_0400.bmp,0,2,4,16,13,40,12,42,23,12,-1
01_13_02_04_0401.bmp,0,2,4,16,13,12,12,42,25,25,-1
01_13_02_04_0402.bmp,0,2,4,16,13,12,12,12,1,1,-1
01_13_02_04_0406.bmp,0,2,4,16,13,40,12,42,7,40,-1
01_13_02_04_0407.bmp,0,2,4,16,13,12,12,11,7,13,-1
01_13_02_04_0416.bmp,0,2,4,16,13,13,12,42,40,1,-1
01_13_02_04_0419.bmp,0,2,4,16,13,12,11,23,7,14,-1
01_13_02_04_0420.bmp,0,2,4,16,13,12,12,42,12,14,-1
01_13_02_04_0424.bmp,0,2,4,16,13,25,11,23,7,25,-1
01_13_02_04_0429.bmp,0,2,4,16,13,40,12,40,40,40,-1
01_13_02_04_0433.bmp,0,2,4,16,13,12,12,40,12,34,-1
01_13_02_04_0437.bmp,0,2,4,16,13,12,12,40,40,40,-1
01_13_02_04_0444.bmp,0,2,4,16,13,12,12,20,40,40,-1
01_13_02_04_0445.bmp,0,2,4,16,13,40,13,40,40,35,-1
01_13_02_04_0446.bmp,0,2,4,16,13,12,12,19,12,40,-1
01_13_02_04_0447.bmp,0,2,4,16,13,25,12,25,25,35,-1
01_13_02_04_0453.bmp,0,2,4,16,13,40,13,19,40,13,-1
01_13_02_04_0457.bmp,0,2,4,16,13,40,13,40,40,40,-1
01_13_02_04_0459.bmp,0,2,4,16,13,12,13,40,12,40,-1
01_13_02_04_0461.bmp,0,2,4,16,13,12,13,40,25,40,-1
01_13_02_04_0464.bmp,0,2,4,16,13,12,13,20,25,12,-1
01_13_02_04_0466.bmp,0,2,4,16,13,13,13,40,12,12,-1
01_13_02_04_0468.bmp,0,2,4,16,13,13,13,40,13,13,-1
01_13_02_04_0469.bmp,0,2,4,16,13,13,13,40,41,13,-1
01_13_02_04_0472.bmp,0,2,4,16,13,18,13,20,18,18,-1
01_13_02_04_0473.bmp,0,2,4,16,13,40,13,40,40,40,-1
01_13_02_04_0475.bmp,0,2,4,16,13,13,13,20,18,18,-1
01_13_02_04_0476.bmp,0,2,4,16,13,12,13,40,4,12,-1
01_13_02_04_0483.bmp,0,2,4,16,13,13,13,40,41,13,-1
01_13_02_04_0484.bmp,0,2,4,16,13,13,13,40,41,40,-1
01_13_02_04_0486.bmp,0,2,4,16,13,13,13,40,13,40,-1
01_13_02_04_0489.bmp,0,2,4,16,13,13,13,40,40,13,-1
01_13_02_04_0490.bmp,0,2,4,16,13,13,13,20,13,13,-1
01_13_02_04_0492.bmp,0,2,4,16,13,13,13,40,40,13,-1
01_13_02_04_0493.bmp,0,2,4,16,13,13,13,40,13,13,-1
01_13_02_04_0494.bmp,0,2,4,16,13,13,13,40,13,13,-1
01_13_02_04_0495.bmp,0,2,4,16,13,13,13,13,13,13,-1
01_13_02_04_0496.bmp,0,2,4,16,13,13,13,13,13,13,-1
01_13_02_04_0501.bmp,0,2,4,16,13,13,13,13,13,13,-1
01_13_02_04_0503.bmp,0,2,4,16,13,13,13,13,13,13,-1
01_13_02_04_0506.bmp,0,2,4,16,13,13,13,13,13,13,-1
01_13_02_04_0509.bmp,0,2,4,16,13,13,13,13,13,13,-1
01_13_02_04_0512.bmp,0,2,4,16,13,13,13,13,13,13,-1
01_13_02_04_0513.bmp,0,2,4,16,13,13,13,13,13,13,-1
01_13_02_04_0518.bmp,0,2,4,16,13,12,31,42,12,7,-1
01_13_02_04_0519.bmp,0,2,4,16,13,12,12,25,12,13,-1
01_13_02_04_0520.bmp,0,2,4,16,13,12,12,42,12,12,-1
01_13_02_04_0522.bmp,0,2,4,16,13,12,12,2,23,40,-1
01_13_02_04_0525.bmp,0,2,4,16,13,12,11,20,40,12,-1
01_13_02_04_0527.bmp,0,2,4,16,13,12,12,40,40,40,-1
01_13_02_04_0528.bmp,0,2,4,16,13,12,12,25,12,40,-1
01_13_02_04_0529.bmp,0,2,4,16,13,12,12,40,40,13,-1
01_13_02_04_0530.bmp,0,2,4,16,13,12,12,25,25,40,-1
01_13_02_04_0532.bmp,0,2,4,16,13,40,11,25,9,1,-1
01_13_02_04_0533.bmp,0,2,4,16,13,12,12,40,40,40,-1
01_13_02_04_0535.bmp,0,2,4,16,13,12,12,40,40,40,-1
01_13_02_04_0539.bmp,0,2,4,16,13,40,12,40,40,40,-1
01_13_02_04_0540.bmp,0,2,4,16,13,12,12,2,7,38,-1
01_13_02_04_0546.bmp,0,2,4,16,13,12,31,25,23,26,-1
01_13_02_04_0547.bmp,0,2,4,16,13,12,12,40,40,40,-1
01_13_02_04_0549.bmp,0,2,4,16,13,40,12,40,40,40,-1
01_13_02_04_0553.bmp,0,2,4,16,13,40,12,40,40,40,-1
01_13_02_04_0556.bmp,0,2,4,16,13,25,11,25,13,12,-1
01_13_02_04_0557.bmp,0,2,4,16,13,40,12,40,40,40,-1
01_13_02_04_0559.bmp,0,2,4,16,13,40,12,40,40,40,-1
01_13_02_04_0567.bmp,0,2,4,16,13,40,12,40,40,24,-1
01_13_02_04_0576.bmp,0,2,4,16,13,40,12,2,13,13,-1
01_13_02_04_0578.bmp,0,2,4,16,13,12,12,2,40,40,-1
01_13_02_04_0584.bmp,0,2,4,16,13,12,12,0,12,40,-1
01_13_02_04_0585.bmp,0,2,4,16,13,12,12,40,40,12,-1
01_13_02_04_0587.bmp,0,2,4,16,13,12,12,40,40,12,-1
01_13_02_04_0591.bmp,0,2,4,16,13,40,12,40,40,40,-1
01_13_02_04_0593.bmp,0,2,4,16,13,40,12,40,40,40,-1
01_13_02_04_0595.bmp,0,2,4,16,13,12,12,40,40,40,-1
01_13_02_04_0601.bmp,0,2,4,16,13,13,13,40,40,40,-1
01_13_02_04_0603.bmp,0,2,4,16,13,40,13,40,40,40,-1
01_13_02_04_0606.bmp,0,2,4,16,13,13,13,40,13,13,-1
01_13_02_04_0607.bmp,0,2,4,16,13,13,13,40,40,13,-1
01_13_02_04_0608.bmp,0,2,4,16,13,13,13,40,40,13,-1
01_13_02_04_0611.bmp,0,2,4,16,13,13,13,40,40,13,-1
01_13_02_04_0617.bmp,0,2,4,16,13,13,13,25,13,13,-1
01_13_02_04_0619.bmp,0,2,4,16,13,13,13,13,13,13,-1
01_13_02_04_0622.bmp,0,2,4,16,13,13,13,13,13,13,-1
01_03_02_05_0005.bmp,0,2,5,16,9,12,12,19,40,12,-1
01_03_02_05_0006.bmp,0,2,5,16,9,12,12,19,40,40,-1
01_03_02_05_0008.bmp,0,2,5,16,9,12,12,2,40,40,-1
01_03_02_05_0009.bmp,0,2,5,16,9,12,12,2,40,40,-1
01_03_02_05_0014.bmp,0,2,5,16,9,25,12,2,40,25,-1
01_03_02_05_0015.bmp,0,2,5,16,9,12,12,2,12,40,-1
01_03_02_05_0024.bmp,0,2,5,16,9,12,12,19,40,2,-1
01_03_02_05_0028.bmp,0,2,5,16,9,40,12,2,40,40,-1
01_03_02_05_0032.bmp,0,2,5,16,9,40,12,20,40,40,-1
01_03_02_05_0038.bmp,0,2,5,16,9,40,25,2,40,40,-1
01_03_02_05_0039.bmp,0,2,5,16,9,40,12,40,40,40,-1
01_03_02_05_0040.bmp,0,2,5,16,9,40,12,40,40,2,-1
01_03_02_05_0043.bmp,0,2,5,16,9,40,12,40,40,24,-1
01_03_02_05_0045.bmp,0,2,5,16,9,40,12,20,40,40,-1
01_03_02_05_0046.bmp,0,2,5,16,9,40,12,40,40,40,-1
01_03_02_05_0048.bmp,0,2,5,16,9,40,12,20,40,40,-1
01_03_02_05_0051.bmp,0,2,5,16,9,12,12,40,40,40,-1
01_03_02_05_0055.bmp,0,2,5,16,9,40,12,40,40,40,-1
01_03_02_05_0056.bmp,0,2,5,16,9,12,12,20,24,12,-1
01_03_02_05_0059.bmp,0,2,5,16,9,12,12,23,24,24,-1
01_03_02_05_0063.bmp,0,2,5,16,9,12,12,23,19,13,-1
01_03_02_05_0064.bmp,0,2,5,16,9,12,12,19,24,13,-1
01_03_02_05_0066.bmp,0,2,5,16,9,12,25,25,24,24,-1
01_03_02_05_0069.bmp,0,2,5,16,9,24,25,25,24,24,-1
01_03_02_05_0072.bmp,0,2,5,16,9,12,12,25,24,24,-1
01_03_02_05_0073.bmp,0,2,5,16,9,12,13,25,13,13,-1
01_03_02_05_0079.bmp,0,2,5,16,9,41,13,41,41,41,-1
01_03_02_05_0082.bmp,0,2,5,16,9,41,13,41,41,41,-1
01_03_02_05_0085.bmp,0,2,5,16,9,41,13,4,41,26,-1
01_06_02_05_0001.bmp,0,2,5,16,14,12,25,20,24,14,-1
01_06_02_05_0001.bmp,1,2,5,16,14,12,11,20,25,23,-1
01_06_02_05_0002.bmp,1,2,5,16,14,25,25,25,25,25,-1
01_06_02_05_0005.bmp,1,2,5,16,14,12,25,25,12,23,-1
01_06_02_05_0006.bmp,0,2,5,16,14,25,25,20,25,25,-1
01_06_02_05_0006.bmp,1,2,5,16,14,25,25,20,25,14,-1
01_06_02_05_0007.bmp,1,2,5,16,14,36,11,20,0,13,-1
01_06_02_05_0009.bmp,0,2,5,16,14,25,25,20,14,14,-1
01_06_02_05_0009.bmp,1,2,5,16,14,0,11,20,25,25,-1
01_06_02_05_0011.bmp,0,2,5,16,14,25,25,23,14,14,-1
01_06_02_05_0011.bmp,1,2,5,16,14,0,11,23,0,1,-1
01_06_02_05_0012.bmp,0,2,5,16,14,25,25,23,14,14,-1
01_06_02_05_0012.bmp,1,2,5,16,14,0,0,20,0,0,-1
01_06_02_05_0014.bmp,0,2,5,16,14,14,25,25,14,14,-1
01_06_02_05_0014.bmp,1,2,5,16,14,0,0,2,0,0,-1
01_06_02_05_0015.bmp,1,2,5,16,14,12,25,20,0,0,-1
01_06_02_05_0016.bmp,0,2,5,16,14,25,25,24,14,14,-1
01_06_02_05_0017.bmp,0,2,5,16,14,14,25,25,14,14,-1
01_06_02_05_0017.bmp,1,2,5,16,14,0,11,20,0,25,-1
01_06_02_05_0019.bmp,0,2,5,16,14,25,25,25,14,14,-1
01_06_02_05_0019.bmp,1,2,5,16,14,25,25,20,25,14,-1
01_06_02_05_0025.bmp,1,2,5,16,14,25,11,23,23,1,-1
01_06_02_05_0026.bmp,1,2,5,16,14,25,25,20,25,25,-1
01_06_02_05_0029.bmp,0,2,5,16,14,14,25,25,14,14,-1
01_06_02_05_0030.bmp,0,2,5,16,14,14,25,24,14,14,-1
01_06_02_05_0033.bmp,0,2,5,16,14,14,25,24,14,14,-1
01_06_02_05_0033.bmp,1,2,5,16,14,12,31,23,12,40,-1
01_06_02_05_0034.bmp,1,2,5,16,14,12,31,2,12,1,-1
01_06_02_05_0037.bmp,1,2,5,16,14,12,11,2,4,40,-1
01_06_02_05_0038.bmp,0,2,5,16,14,14,25,24,14,14,-1
01_06_02_05_0038.bmp,1,2,5,16,14,12,12,0,40,2,-1
01_06_02_05_0039.bmp,0,2,5,16,14,14,25,14,14,14,-1
01_06_02_05_0039.bmp,1,2,5,16,14,12,12,2,25,25,-1
01_06_02_05_0043.bmp,0,2,5,16,14,14,14,14,14,14,-1
01_06_02_05_0046.bmp,0,2,5,16,14,12,12,40,2,1,-1
01_06_02_05_0048.bmp,0,2,5,16,14,12,12,40,13,13,-1
01_06_02_05_0050.bmp,0,2,5,16,14,13,11,20,13,13,-1
01_06_02_05_0057.bmp,0,2,5,16,14,13,25,20,13,13,-1
01_06_02_05_0061.bmp,0,2,5,16,14,13,25,2,25,13,-1
01_06_02_05_0062.bmp,0,2,5,16,14,13,25,20,23,25,-1
01_06_02_05_0064.bmp,0,2,5,16,14,13,25,20,23,13,-1
01_06_02_05_0065.bmp,0,2,5,16,14,25,25,20,25,14,-1
01_06_02_05_0069.bmp,0,2,5,16,14,25,25,25,25,25,-1
01_06_02_05_0071.bmp,0,2,5,16,14,25,25,2,25,25,-1
01_06_02_05_0072.bmp,0,2,5,16,14,23,25,23,25,23,-1
01_06_02_05_0073.bmp,0,2,5,16,14,24,25,20,25,23,-1
01_06_02_05_0076.bmp,0,2,5,16,14,14,25,20,25,14,-1
01_06_02_05_0077.bmp,0,2,5,16,14,12,25,20,25,23,-1
01_06_02_05_0078.bmp,0,2,5,16,14,24,25,25,25,14,-1
01_06_02_05_0080.bmp,0,2,5,16,14,24,25,24,14,13,-1
01_06_02_05_0082.bmp,0,2,5,16,14,24,25,25,25,25,-1
01_06_02_05_0083.bmp,0,2,5,16,14,25,25,25,25,2,-1
01_06_02_05_0084.bmp,0,2,5,16,14,14,25,25,25,14,-1
01_11_02_05_0001.bmp,0,2,5,16,12,12,12,0,12,12,-1
01_11_02_05_0005.bmp,0,2,5,16,12,12,12,2,12,1,-1
01_11_02_05_0009.bmp,0,2,5,16,12,12,12,2,12,12,-1
01_11_02_05_0015.bmp,0,2,5,16,12,12,12,0,12,11,-1
01_11_02_05_0017.bmp,0,2,5,16,12,12,11,2,0,40,-1
01_11_02_05_0018.bmp,0,2,5,16,12,12,12,0,12,1,-1
01_11_02_05_0021.bmp,0,2,5,16,12,12,25,2,25,25,-1
01_11_02_05_0023.bmp,0,2,5,16,12,12,12,19,12,12,-1
01_11_02_05_0026.bmp,0,2,5,16,12,12,25,19,12,40,-1
01_11_02_05_0028.bmp,0,2,5,16,12,12,12,2,12,12,-1
01_11_02_05_0029.bmp,0,2,5,16,12,12,12,2,12,0,-1
01_11_02_05_0035.bmp,0,2,5,16,12,12,12,2,12,12,-1
01_11_02_05_0036.bmp,0,2,5,16,12,25,25,20,25,25,-1
01_11_02_05_0038.bmp,0,2,5,16,12,12,12,20,12,40,-1
01_11_02_05_0039.bmp,0,2,5,16,12,12,25,20,12,25,-1
01_11_02_05_0040.bmp,0,2,5,16,12,12,25,20,12,24,-1
01_11_02_05_0045.bmp,0,2,5,16,12,12,12,20,12,12,-1
01_11_02_05_0048.bmp,0,2,5,16,12,12,12,20,24,24,-1
01_11_02_05_0049.bmp,0,2,5,16,12,12,12,20,24,12,-1
01_11_02_05_0052.bmp,0,2,5,16,12,12,12,20,24,24,-1
01_11_02_05_0053.bmp,0,2,5,16,12,12,12,20,24,12,-1
01_11_02_05_0054.bmp,0,2,5,16,12,12,12,2,12,2,-1
01_11_02_05_0056.bmp,0,2,5,16,12,12,25,19,12,40,-1
01_11_02_05_0058.bmp,0,2,5,16,12,12,12,25,24,24,-1
01_11_02_05_0059.bmp,0,2,5,16,12,12,12,25,24,24,-1
01_11_02_05_0060.bmp,0,2,5,16,12,12,12,19,24,24,-1
01_11_02_05_0061.bmp,0,2,5,16,12,12,12,20,24,40,-1
01_11_02_05_0062.bmp,0,2,5,16,12,12,12,19,12,12,-1
01_11_02_05_0064.bmp,0,2,5,16,12,12,12,25,12,40,-1
01_11_02_05_0066.bmp,0,2,5,16,12,12,12,19,4,40,-1
01_11_02_05_0069.bmp,0,2,5,16,12,4,4,24,4,24,-1
01_11_02_05_0071.bmp,0,2,5,16,12,4,13,24,4,24,-1
01_11_02_05_0073.bmp,0,2,5,16,12,4,13,25,4,4,-1
01_11_02_05_0079.bmp,0,2,5,16,12,1,13,25,4,1,-1
01_11_02_05_0080.bmp,0,2,5,16,12,14,25,25,14,14,-1
01_12_02_05_0001.bmp,0,2,5,16,17,24,12,20,25,25,-1
01_12_02_05_0002.bmp,0,2,5,16,17,12,25,19,11,11,-1
01_12_02_05_0002.bmp,1,2,5,16,17,12,12,25,13,13,-1
01_12_02_05_0003.bmp,0,2,5,16,17,12,12,20,12,28,-1
01_12_02_05_0005.bmp,0,2,5,16,17,25,11,40,25,25,-1
01_12_02_05_0006.bmp,0,2,5,16,17,36,36,20,0,3,-1
01_12_02_05_0007.bmp,0,2,5,16,17,12,25,20,14,12,-1
01_12_02_05_0009.bmp,1,2,5,16,17,12,11,11,23,7,-1
01_12_02_05_0015.bmp,0,2,5,16,17,12,12,20,1,12,-1
01_12_02_05_0016.bmp,0,2,5,16,17,12,0,23,14,14,-1
01_12_02_05_0017.bmp,0,2,5,16,17,12,12,2,25,12,-1
01_12_02_05_0017.bmp,1,2,5,16,17,12,12,12,12,12,-1
01_12_02_05_0019.bmp,0,2,5,16,17,12,25,23,28,12,-1
01_12_02_05_0019.bmp,1,2,5,16,17,12,12,25,12,28,-1
01_12_02_05_0020.bmp,0,2,5,16,17,12,12,23,14,12,-1
01_12_02_05_0020.bmp,1,2,5,16,17,12,12,12,12,12,-1
01_12_02_05_0023.bmp,1,2,5,16,17,12,12,42,26,25,-1
01_12_02_05_0026.bmp,0,2,5,16,17,12,25,25,14,12,-1
01_12_02_05_0027.bmp,1,2,5,16,17,12,12,11,12,26,-1
01_12_02_05_0030.bmp,0,2,5,16,17,2,12,19,8,2,-1
01_12_02_05_0031.bmp,1,2,5,16,17,12,12,25,12,12,-1
01_12_02_05_0032.bmp,1,2,5,16,17,12,12,25,26,7,-1
01_12_02_05_0033.bmp,0,2,5,16,17,41,41,2,14,14,-1
01_12_02_05_0034.bmp,0,2,5,16,17,14,26,25,14,14,-1
01_12_02_05_0034.bmp,1,2,5,16,17,12,11,13,12,12,-1
01_12_02_05_0035.bmp,1,2,5,16,17,12,12,12,12,12,-1
01_12_02_05_0036.bmp,1,2,5,16,17,12,12,11,12,26,-1
01_12_02_05_0037.bmp,1,2,5,16,17,12,12,11,12,12,-1
01_12_02_05_0040.bmp,0,2,5,16,17,14,26,25,14,14,-1
01_12_02_05_0040.bmp,1,2,5,16,17,12,12,12,12,12,-1
01_12_02_05_0041.bmp,0,2,5,16,17,14,26,14,14,14,-1
01_12_02_05_0041.bmp,1,2,5,16,17,12,12,13,12,1,-1
01_12_02_05_0042.bmp,0,2,5,16,17,14,26,14,14,14,-1
01_12_02_05_0043.bmp,1,2,5,16,17,12,12,25,14,14,-1
01_12_02_05_0044.bmp,0,2,5,16,17,12,11,25,13,13,-1
01_12_02_05_0045.bmp,0,2,5,16,17,12,12,11,12,12,-1
01_12_02_05_0047.bmp,0,2,5,16,17,12,12,13,12,14,-1
01_12_02_05_0052.bmp,0,2,5,16,17,12,0,11,28,34,-1
01_12_02_05_0053.bmp,0,2,5,16,17,12,12,11,28,13,-1
01_12_02_05_0054.bmp,0,2,5,16,17,12,12,25,12,12,-1
01_12_02_05_0058.bmp,0,2,5,16,17,12,0,20,12,12,-1
01_12_02_05_0067.bmp,0,2,5,16,17,12,12,23,12,0,-1
01_12_02_05_0068.bmp,0,2,5,16,17,12,11,20,12,0,-1
01_12_02_05_0069.bmp,0,2,5,16,17,12,0,20,12,12,-1
01_12_02_05_0074.bmp,0,2,5,16,17,12,12,20,12,0,-1
01_12_02_05_0076.bmp,0,2,5,16,17,12,11,20,12,12,-1
01_12_02_05_0077.bmp,0,2,5,16,17,12,0,20,12,14,-1
01_12_02_05_0079.bmp,0,2,5,16,17,0,11,20,0,0,-1
01_12_02_05_0080.bmp,0,2,5,16,17,0,11,23,0,14,-1
01_12_02_05_0083.bmp,0,2,5,16,17,0,0,20,0,25,-1
01_12_02_05_0086.bmp,0,2,5,16,17,12,12,23,12,12,-1
01_12_02_05_0087.bmp,0,2,5,16,17,12,0,20,12,14,-1
01_12_02_05_0089.bmp,0,2,5,16,17,12,25,20,25,25,-1
01_12_02_05_0090.bmp,0,2,5,16,17,12,25,19,12,12,-1
01_12_02_05_0092.bmp,0,2,5,16,17,12,25,20,25,14,-1
01_12_02_05_0093.bmp,0,2,5,16,17,0,11,20,25,14,-1
01_12_02_05_0106.bmp,0,2,5,16,17,0,25,2,0,14,-1
01_12_02_05_0111.bmp,0,2,5,16,17,12,25,25,14,12,-1
01_12_02_05_0112.bmp,0,2,5,16,17,12,25,23,14,14,-1
01_12_02_05_0116.bmp,0,2,5,16,17,14,13,25,14,14,-1
01_13_02_05_0001.bmp,0,2,5,16,13,12,12,25,12,33,-1
01_13_02_05_0001.bmp,1,2,5,16,13,11,11,20,11,12,-1
01_13_02_05_0004.bmp,1,2,5,16,13,25,11,25,11,11,-1
01_13_02_05_0007.bmp,0,2,5,16,13,12,12,40,40,40,-1
01_13_02_05_0007.bmp,1,2,5,16,13,25,11,20,13,12,-1
01_13_02_05_0009.bmp,0,2,5,16,13,12,12,40,40,40,-1
01_13_02_05_0009.bmp,1,2,5,16,13,12,11,0,13,12,-1
01_13_02_05_0010.bmp,0,2,5,16,13,12,12,40,40,14,-1
01_13_02_05_0016.bmp,0,2,5,16,13,12,12,25,40,14,-1
01_13_02_05_0017.bmp,1,2,5,16,13,12,11,20,0,0,-1
01_13_02_05_0019.bmp,0,2,5,16,13,12,12,40,40,13,-1
01_13_02_05_0019.bmp,1,2,5,16,13,0,11,0,13,13,-1
01_13_02_05_0021.bmp,0,2,5,16,13,12,12,42,40,36,-1
01_13_02_05_0022.bmp,0,2,5,16,13,12,12,40,12,40,-1
01_13_02_05_0023.bmp,1,2,5,16,13,11,11,20,11,13,-1
01_13_02_05_0024.bmp,0,2,5,16,13,12,12,40,12,40,-1
01_13_02_05_0024.bmp,1,2,5,16,13,12,11,0,13,0,-1
01_13_02_05_0025.bmp,0,2,5,16,13,12,12,40,12,40,-1
01_13_02_05_0027.bmp,0,2,5,16,13,40,12,40,40,40,-1
01_13_02_05_0028.bmp,1,2,5,16,13,25,11,25,25,40,-1
01_13_02_05_0029.bmp,1,2,5,16,13,0,11,2,13,12,-1
01_13_02_05_0030.bmp,0,2,5,16,13,12,12,40,40,25,-1
01_13_02_05_0030.bmp,1,2,5,16,13,25,11,2,13,13,-1
01_13_02_05_0031.bmp,0,2,5,16,13,12,12,40,40,40,-1
01_13_02_05_0031.bmp,1,2,5,16,13,25,11,2,1,40,-1
01_13_02_05_0032.bmp,0,2,5,16,13,12,12,40,12,33,-1
01_13_02_05_0036.bmp,1,2,5,16,13,25,11,2,1,1,-1
01_13_02_05_0037.bmp,0,2,5,16,13,12,12,37,40,25,-1
01_13_02_05_0037.bmp,1,2,5,16,13,25,11,20,13,13,-1
01_13_02_05_0038.bmp,0,2,5,16,13,12,12,40,12,34,-1
01_13_02_05_0038.bmp,1,2,5,16,13,25,11,20,13,0,-1
01_13_02_05_0041.bmp,0,2,5,16,13,12,12,40,40,25,-1
01_13_02_05_0043.bmp,1,2,5,16,13,25,11,25,13,13,-1
01_13_02_05_0045.bmp,1,2,5,16,13,25,11,2,13,13,-1
01_13_02_05_0049.bmp,0,2,5,16,13,40,12,40,40,40,-1
01_13_02_05_0050.bmp,0,2,5,16,13,12,12,40,40,25,-1
01_13_02_05_0050.bmp,1,2,5,16,13,13,13,13,13,13,-1
01_13_02_05_0052.bmp,1,2,5,16,13,13,13,25,13,13,-1
01_13_02_05_0053.bmp,0,2,5,16,13,12,12,40,40,40,-1
01_13_02_05_0053.bmp,1,2,5,16,13,13,13,25,13,13,-1
01_13_02_05_0054.bmp,0,2,5,16,13,12,12,40,25,40,-1
01_13_02_05_0055.bmp,1,2,5,16,13,13,13,13,13,13,-1
01_13_02_05_0059.bmp,0,2,5,16,13,12,12,40,40,24,-1
01_13_02_05_0060.bmp,1,2,5,16,13,13,13,25,13,13,-1
01_13_02_05_0062.bmp,1,2,5,16,13,13,13,13,13,13,-1
01_13_02_05_0066.bmp,0,2,5,16,13,13,11,40,13,40,-1
01_13_02_05_0070.bmp,1,2,5,16,13,12,12,40,13,12,-1
01_13_02_05_0072.bmp,1,2,5,16,13,2,12,25,2,23,-1
01_13_02_05_0075.bmp,0,2,5,16,13,25,11,40,25,24,-1
01_13_02_05_0075.bmp,1,2,5,16,13,7,12,12,7,7,-1
01_13_02_05_0076.bmp,1,2,5,16,13,23,12,20,23,12,-1
01_13_02_05_0080.bmp,0,2,5,16,13,13,1,40,13,13,-1
01_13_02_05_0081.bmp,1,2,5,16,13,12,12,25,13,12,-1
01_13_02_05_0082.bmp,0,2,5,16,13,13,13,20,13,13,-1
01_13_02_05_0083.bmp,0,2,5,16,13,13,13,40,13,13,-1
01_13_02_05_0084.bmp,1,2,5,16,13,12,12,0,23,12,-1
01_13_02_05_0086.bmp,0,2,5,16,13,13,13,20,13,13,-1
01_13_02_05_0088.bmp,1,2,5,16,13,12,12,0,7,40,-1
01_13_02_05_0089.bmp,0,2,5,16,13,13,13,25,13,13,-1
01_13_02_05_0090.bmp,1,2,5,16,13,12,12,19,12,12,-1
01_13_02_05_0091.bmp,0,2,5,16,13,13,13,13,13,13,-1
01_13_02_05_0091.bmp,1,2,5,16,13,12,12,0,7,40,-1
01_13_02_05_0092.bmp,0,2,5,16,13,13,13,13,13,13,-1
01_13_02_05_0093.bmp,0,2,5,16,13,13,13,13,13,13,-1
01_13_02_05_0093.bmp,1,2,5,16,13,12,12,0,23,12,-1
01_13_02_05_0095.bmp,1,2,5,16,13,12,12,0,7,12,-1
01_13_02_05_0098.bmp,0,2,5,16,13,13,13,13,13,13,-1
01_13_02_05_0101.bmp,0,2,5,16,13,13,13,13,13,13,-1
01_13_02_05_0101.bmp,1,2,5,16,13,12,12,0,23,12,-1
01_13_02_05_0104.bmp,0,2,5,16,13,13,13,13,13,13,-1
01_13_02_05_0106.bmp,1,2,5,16,13,12,11,40,40,12,-1
01_13_02_05_0108.bmp,1,2,5,16,13,12,12,20,40,33,-1
01_13_02_05_0109.bmp,0,2,5,16,13,13,13,13,13,13,-1
01_13_02_05_0111.bmp,1,2,5,16,13,12,12,20,13,40,-1
01_13_02_05_0113.bmp,0,2,5,16,13,13,13,13,13,13,-1
01_13_02_05_0113.bmp,1,2,5,16,13,13,11,20,40,13,-1
01_13_02_05_0114.bmp,1,2,5,16,13,12,11,20,40,40,-1
01_13_02_05_0115.bmp,0,2,5,16,13,23,12,19,23,23,-1
01_13_02_05_0116.bmp,1,2,5,16,13,12,12,20,12,12,-1
01_13_02_05_0117.bmp,1,2,5,16,13,12,12,20,12,23,-1
01_13_02_05_0119.bmp,1,2,5,16,13,12,12,20,12,12,-1
01_13_02_05_0120.bmp,1,2,5,16,13,12,12,20,12,13,-1
01_13_02_05_0121.bmp,1,2,5,16,13,12,11,20,12,40,-1
01_13_02_05_0122.bmp,0,2,5,16,13,40,12,0,40,40,-1
01_13_02_05_0125.bmp,0,2,5,16,13,40,12,40,40,40,-1
01_13_02_05_0128.bmp,0,2,5,16,13,40,12,20,40,13,-1
01_13_02_05_0128.bmp,1,2,5,16,13,12,12,20,12,24,-1
01_13_02_05_0130.bmp,1,2,5,16,13,12,12,20,12,12,-1
01_13_02_05_0131.bmp,0,2,5,16,13,40,40,20,40,40,-1
01_13_02_05_0131.bmp,1,2,5,16,13,40,12,20,40,24,-1
01_13_02_05_0132.bmp,0,2,5,16,13,40,12,19,40,40,-1
01_13_02_05_0132.bmp,1,2,5,16,13,12,12,20,13,13,-1
01_13_02_05_0134.bmp,1,2,5,16,13,12,12,20,40,24,-1
01_13_02_05_0136.bmp,0,2,5,16,13,40,12,40,40,40,-1
01_13_02_05_0137.bmp,0,2,5,16,13,40,12,20,40,40,-1
01_13_02_05_0137.bmp,1,2,5,16,13,12,12,20,12,12,-1
01_13_02_05_0138.bmp,1,2,5,16,13,12,12,40,40,12,-1
01_13_02_05_0139.bmp,1,2,5,16,13,12,12,20,12,25,-1
01_13_02_05_0140.bmp,1,2,5,16,13,12,12,20,40,24,-1
01_13_02_05_0141.bmp,1,2,5,16,13,40,12,40,40,28,-1
01_13_02_05_0146.bmp,1,2,5,16,13,12,12,20,40,12,-1
01_13_02_05_0148.bmp,0,2,5,16,13,40,12,40,40,40,-1
01_13_02_05_0149.bmp,1,2,5,16,13,12,12,40,12,40,-1
01_13_02_05_0150.bmp,0,2,5,16,13,40,13,40,40,13,-1
01_13_02_05_0151.bmp,0,2,5,16,13,40,13,40,40,40,-1
01_13_02_05_0151.bmp,1,2,5,16,13,12,12,40,40,40,-1
01_13_02_05_0153.bmp,0,2,5,16,13,13,13,40,40,40,-1
01_13_02_05_0155.bmp,0,2,5,16,13,13,13,40,40,13,-1
01_13_02_05_0155.bmp,1,2,5,16,13,12,12,20,40,40,-1
01_13_02_05_0156.bmp,0,2,5,16,13,13,13,20,13,13,-1
01_13_02_05_0157.bmp,0,2,5,16,13,13,13,40,13,13,-1
01_13_02_05_0160.bmp,0,2,5,16,13,13,13,13,13,13,-1
01_13_02_05_0161.bmp,1,2,5,16,13,12,12,40,40,12,-1
01_13_02_05_0164.bmp,0,2,5,16,13,13,13,13,13,13,-1
01_13_02_05_0165.bmp,1,2,5,16,13,12,12,19,12,40,-1
01_13_02_05_0168.bmp,0,2,5,16,13,13,13,42,13,13,-1
01_13_02_05_0169.bmp,0,2,5,16,13,25,12,25,23,7,-1
01_13_02_05_0170.bmp,0,2,5,16,13,7,11,12,7,40,-1
01_13_02_05_0170.bmp,1,2,5,16,13,12,12,20,12,40,-1
01_13_02_05_0171.bmp,0,2,5,16,13,13,13,0,7,40,-1
01_13_02_05_0172.bmp,1,2,5,16,13,12,12,40,40,24,-1
01_13_02_05_0174.bmp,0,2,5,16,13,12,12,25,23,23,-1
01_13_02_05_0174.bmp,1,2,5,16,13,12,12,25,13,24,-1
01_13_02_05_0176.bmp,0,2,5,16,13,13,12,12,13,2,-1
01_13_02_05_0177.bmp,0,2,5,16,13,13,11,25,13,13,-1
01_13_02_05_0179.bmp,1,2,5,16,13,12,12,20,40,24,-1
01_13_02_05_0181.bmp,1,2,5,16,13,12,11,40,12,12,-1
01_13_02_05_0182.bmp,1,2,5,16,13,12,12,40,40,25,-1
01_13_02_05_0183.bmp,0,2,5,16,13,2,12,0,13,2,-1
01_13_02_05_0185.bmp,1,2,5,16,13,12,12,40,40,12,-1
01_13_02_05_0186.bmp,0,2,5,16,13,12,12,11,13,12,-1
01_13_02_05_0187.bmp,0,2,5,16,13,12,12,42,2,40,-1
01_13_02_05_0190.bmp,0,2,5,16,13,7,12,12,7,7,-1
01_13_02_05_0194.bmp,0,2,5,16,13,12,12,25,40,40,-1
01_13_02_05_0198.bmp,0,2,5,16,13,23,12,23,23,23,-1
01_13_02_05_0199.bmp,1,2,5,16,13,12,12,40,40,40,-1
01_13_02_05_0201.bmp,1,2,5,16,13,12,11,40,40,24,-1
01_13_02_05_0202.bmp,0,2,5,16,13,40,11,11,7,40,-1
01_13_02_05_0204.bmp,0,2,5,16,13,40,11,42,40,25,-1
01_13_02_05_0204.bmp,1,2,5,16,13,12,12,40,40,40,-1
01_13_02_05_0205.bmp,0,2,5,16,13,40,12,12,40,1,-1
01_13_02_05_0205.bmp,1,2,5,16,13,12,12,20,40,24,-1
01_13_02_05_0206.bmp,1,2,5,16,13,12,12,40,40,40,-1
01_13_02_05_0210.bmp,0,2,5,16,13,40,11,40,40,40,-1
01_13_02_05_0211.bmp,1,2,5,16,13,12,11,40,12,13,-1
01_13_02_05_0212.bmp,0,2,5,16,13,40,25,40,40,40,-1
01_13_02_05_0213.bmp,0,2,5,16,13,40,11,40,40,40,-1
01_13_02_05_0213.bmp,1,2,5,16,13,12,11,40,40,24,-1
01_13_02_05_0216.bmp,0,2,5,16,13,40,12,20,40,24,-1
01_13_02_05_0217.bmp,0,2,5,16,13,40,12,20,40,13,-1
01_13_02_05_0217.bmp,1,2,5,16,13,12,12,40,40,40,-1
01_13_02_05_0218.bmp,0,2,5,16,13,40,12,20,40,23,-1
01_13_02_05_0220.bmp,0,2,5,16,13,12,12,19,13,40,-1
01_13_02_05_0220.bmp,1,2,5,16,13,12,12,40,40,40,-1
01_13_02_05_0221.bmp,0,2,5,16,13,40,12,19,40,13,-1
01_13_02_05_0221.bmp,1,2,5,16,13,12,12,40,12,12,-1
01_13_02_05_0226.bmp,0,2,5,16,13,40,12,40,40,40,-1
01_13_02_05_0228.bmp,0,2,5,16,13,12,13,40,40,24,-1
01_13_02_05_0228.bmp,1,2,5,16,13,12,12,40,12,12,-1
01_13_02_05_0229.bmp,0,2,5,16,13,12,12,40,40,40,-1
01_13_02_05_0229.bmp,1,2,5,16,13,12,12,40,40,40,-1
01_13_02_05_0230.bmp,1,2,5,16,13,12,12,40,40,12,-1
01_13_02_05_0232.bmp,0,2,5,16,13,18,13,40,40,40,-1
01_13_02_05_0232.bmp,1,2,5,16,13,12,12,40,12,40,-1
01_13_02_05_0233.bmp,1,2,5,16,13,12,12,40,12,12,-1
01_13_02_05_0234.bmp,1,2,5,16,13,12,12,20,12,12,-1
01_13_02_05_0236.bmp,1,2,5,16,13,12,12,20,12,12,-1
01_13_02_05_0237.bmp,1,2,5,16,13,12,12,40,12,12,-1
01_13_02_05_0238.bmp,0,2,5,16,13,18,13,40,40,40,-1
01_13_02_05_0240.bmp,0,2,5,16,13,13,13,25,13,40,-1
01_13_02_05_0241.bmp,1,2,5,16,13,12,12,40,12,12,-1
01_13_02_05_0242.bmp,1,2,5,16,13,12,12,40,12,40,-1
01_13_02_05_0244.bmp,1,2,5,16,13,12,12,40,40,40,-1
01_13_02_05_0248.bmp,0,2,5,16,13,13,13,13,13,13,-1
01_13_02_05_0249.bmp,0,2,5,16,13,13,13,13,8,13,-1
01_13_02_05_0249.bmp,1,2,5,16,13,12,12,40,40,40,-1
01_13_02_05_0250.bmp,0,2,5,16,13,13,13,13,13,13,-1
01_13_02_05_0250.bmp,1,2,5,16,13,12,12,40,12,12,-1
01_13_02_05_0252.bmp,0,2,5,16,13,13,13,13,13,13,-1
01_13_02_05_0252.bmp,1,2,5,16,13,12,12,40,40,40,-1
01_13_02_05_0254.bmp,0,2,5,16,13,13,13,13,13,13,-1
01_13_02_05_0255.bmp,0,2,5,16,13,13,13,13,13,13,-1
01_13_02_05_0256.bmp,0,2,5,16,13,13,13,13,13,13,-1
01_13_02_05_0257.bmp,0,2,5,16,13,13,13,13,13,13,-1
01_13_02_05_0258.bmp,0,2,5,16,13,13,13,13,13,13,-1
01_13_02_05_0259.bmp,0,2,5,16,13,13,13,13,13,13,-1
01_13_02_05_0260.bmp,1,2,5,16,13,12,12,20,12,12,-1
01_13_02_05_0261.bmp,0,2,5,16,13,13,13,13,13,13,-1
01_13_02_05_0262.bmp,1,2,5,16,13,12,12,40,12,12,-1
01_13_02_05_0264.bmp,0,2,5,16,13,13,13,13,13,13,-1
01_13_02_05_0266.bmp,1,2,5,16,13,12,11,40,12,40,-1
01_13_02_05_0267.bmp,0,2,5,16,13,13,13,13,13,13,-1
01_13_02_05_0267.bmp,1,2,5,16,13,12,11,40,12,12,-1
01_13_02_05_0268.bmp,0,2,5,16,13,13,13,13,13,13,-1
01_13_02_05_0270.bmp,0,2,5,16,13,12,12,40,12,13,-1
01_13_02_05_0271.bmp,0,2,5,16,13,12,12,20,12,24,-1
01_13_02_05_0275.bmp,0,2,5,16,13,12,11,20,12,13,-1
01_13_02_05_0276.bmp,0,2,5,16,13,12,12,40,12,12,-1
01_13_02_05_0277.bmp,0,2,5,16,13,12,12,40,40,12,-1
01_13_02_05_0279.bmp,0,2,5,16,13,12,11,40,12,12,-1
01_13_02_05_0280.bmp,0,2,5,16,13,12,12,40,40,12,-1
01_13_02_05_0282.bmp,0,2,5,16,13,12,12,40,12,24,-1
01_13_02_05_0284.bmp,0,2,5,16,13,12,12,40,40,40,-1
01_13_02_05_0285.bmp,0,2,5,16,13,12,12,40,40,40,-1
01_13_02_05_0290.bmp,0,2,5,16,13,12,12,40,12,12,-1
01_13_02_05_0292.bmp,0,2,5,16,13,12,12,40,40,40,-1
01_13_02_05_0294.bmp,0,2,5,16,13,12,12,20,12,12,-1
01_13_02_05_0295.bmp,0,2,5,16,13,12,11,20,40,40,-1
01_13_02_05_0297.bmp,0,2,5,16,13,12,11,40,40,12,-1
01_13_02_05_0298.bmp,0,2,5,16,13,12,11,20,12,28,-1
01_13_02_05_0300.bmp,0,2,5,16,13,12,12,40,12,40,-1
01_13_02_05_0301.bmp,0,2,5,16,13,12,12,20,40,24,-1
01_13_02_05_0304.bmp,0,2,5,16,13,40,12,40,40,24,-1
01_13_02_05_0307.bmp,0,2,5,16,13,12,12,40,40,12,-1
01_13_02_05_0309.bmp,0,2,5,16,13,40,12,40,40,40,-1
01_13_02_05_0311.bmp,0,2,5,16,13,12,12,20,40,24,-1
01_13_02_05_0315.bmp,0,2,5,16,13,12,12,40,40,12,-1
01_13_02_05_0316.bmp,0,2,5,16,13,12,12,20,40,13,-1
01_13_02_05_0318.bmp,0,2,5,16,13,12,12,40,12,13,-1
01_13_02_05_0321.bmp,0,2,5,16,13,12,12,20,12,12,-1
01_13_02_05_0327.bmp,0,2,5,16,13,12,11,20,12,23,-1
01_13_02_05_0328.bmp,0,2,5,16,13,12,11,40,12,40,-1
01_13_02_05_0330.bmp,0,2,5,16,13,12,11,20,12,20,-1
01_13_02_05_0334.bmp,0,2,5,16,13,12,11,20,12,12,-1
01_13_02_05_0335.bmp,0,2,5,16,13,12,13,40,12,12,-1
01_13_02_05_0337.bmp,0,2,5,16,13,12,13,20,12,40,-1
01_13_02_05_0340.bmp,0,2,5,16,13,12,11,40,12,13,-1
01_13_02_05_0345.bmp,0,2,5,16,13,12,11,20,12,40,-1
01_13_02_05_0347.bmp,0,2,5,16,13,12,13,13,40,40,-1
01_13_02_05_0356.bmp,0,2,5,16,13,8,13,13,8,40,-1
01_13_02_05_0358.bmp,0,2,5,16,13,13,13,13,13,13,-1
01_13_02_05_0359.bmp,0,2,5,16,13,13,13,13,13,13,-1
01_13_02_05_0360.bmp,0,2,5,16,13,13,13,13,13,13,-1
01_13_02_05_0362.bmp,0,2,5,16,13,13,13,13,15,13,-1
01_13_02_05_0387.bmp,0,2,5,16,13,7,12,42,23,40,-1
01_13_02_05_0390.bmp,0,2,5,16,13,40,12,42,7,7,-1
01_13_02_05_0393.bmp,0,2,5,16,13,40,12,11,7,40,-1
01_13_02_05_0394.bmp,0,2,5,16,13,12,12,25,12,40,-1
01_13_02_05_0397.bmp,0,2,5,16,13,40,12,25,7,7,-1
01_13_02_05_0400.bmp,0,2,5,16,13,40,12,42,7,1,-1
01_13_02_05_0401.bmp,0,2,5,16,13,12,12,42,40,40,-1
01_13_02_05_0407.bmp,0,2,5,16,13,40,12,37,40,40,-1
01_13_02_05_0409.bmp,0,2,5,16,13,40,12,42,40,23,-1
01_13_02_05_0411.bmp,0,2,5,16,13,40,11,42,7,40,-1
01_13_02_05_0416.bmp,0,2,5,16,13,40,12,42,7,7,-1
01_13_02_05_0420.bmp,0,2,5,16,13,25,12,11,23,40,-1
01_13_02_05_0425.bmp,0,2,5,16,13,12,12,42,7,40,-1
01_13_02_05_0430.bmp,0,2,5,16,13,40,11,19,40,40,-1
01_13_02_05_0431.bmp,0,2,5,16,13,12,11,19,12,26,-1
01_13_02_05_0432.bmp,0,2,5,16,13,12,12,23,40,12,-1
01_13_02_05_0437.bmp,0,2,5,16,13,40,11,40,40,11,-1
01_13_02_05_0444.bmp,0,2,5,16,13,40,12,20,40,40,-1
01_13_02_05_0445.bmp,0,2,5,16,13,40,12,40,40,12,-1
01_13_02_05_0448.bmp,0,2,5,16,13,40,11,40,40,40,-1
01_13_02_05_0449.bmp,0,2,5,16,13,40,11,19,40,24,-1
01_13_02_05_0450.bmp,0,2,5,16,13,25,11,40,40,35,-1
01_13_02_05_0452.bmp,0,2,5,16,13,40,13,40,40,40,-1
01_13_02_05_0457.bmp,0,2,5,16,13,12,12,20,12,12,-1
01_13_02_05_0458.bmp,0,2,5,16,13,12,12,40,40,40,-1
01_13_02_05_0459.bmp,0,2,5,16,13,12,12,20,12,40,-1
01_13_02_05_0460.bmp,0,2,5,16,13,25,13,40,40,12,-1
01_13_02_05_0462.bmp,0,2,5,16,13,12,12,19,40,40,-1
01_13_02_05_0466.bmp,0,2,5,16,13,12,12,40,40,12,-1
01_13_02_05_0470.bmp,0,2,5,16,13,12,13,40,12,4,-1
01_13_02_05_0474.bmp,0,2,5,16,13,40,13,20,40,40,-1
01_13_02_05_0477.bmp,0,2,5,16,13,13,13,40,40,13,-1
01_13_02_05_0478.bmp,0,2,5,16,13,18,13,20,40,13,-1
01_13_02_05_0481.bmp,0,2,5,16,13,12,13,20,40,12,-1
01_13_02_05_0484.bmp,0,2,5,16,13,13,13,40,40,40,-1
01_13_02_05_0486.bmp,0,2,5,16,13,40,13,40,40,40,-1
01_13_02_05_0493.bmp,0,2,5,16,13,13,13,40,40,13,-1
01_13_02_05_0496.bmp,0,2,5,16,13,13,13,13,13,13,-1
01_13_02_05_0497.bmp,0,2,5,16,13,13,13,13,13,13,-1
01_13_02_05_0499.bmp,0,2,5,16,13,13,13,13,13,13,-1
01_13_02_05_0501.bmp,0,2,5,16,13,13,13,13,13,13,-1
01_13_02_05_0505.bmp,0,2,5,16,13,13,13,13,13,13,-1
01_13_02_05_0506.bmp,0,2,5,16,13,13,13,13,13,13,-1
01_13_02_05_0507.bmp,0,2,5,16,13,13,13,13,13,13,-1
01_13_02_05_0508.bmp,0,2,5,16,13,13,13,13,13,13,-1
01_13_02_05_0510.bmp,0,2,5,16,13,13,13,13,13,13,-1
01_13_02_05_0511.bmp,0,2,5,16,13,13,13,13,13,13,-1
01_13_02_05_0512.bmp,0,2,5,16,13,13,13,13,13,13,-1
01_13_02_05_0513.bmp,0,2,5,16,13,13,13,13,13,13,-1
01_13_02_05_0515.bmp,0,2,5,16,13,8,13,14,14,14,-1
01_13_02_05_0516.bmp,0,2,5,16,13,12,12,25,12,40,-1
01_13_02_05_0517.bmp,0,2,5,16,13,25,12,25,23,40,-1
01_13_02_05_0521.bmp,0,2,5,16,13,12,12,42,7,23,-1
01_13_02_05_0524.bmp,0,2,5,16,13,12,12,1,12,12,-1
01_13_02_05_0527.bmp,0,2,5,16,13,40,12,40,40,40,-1
01_13_02_05_0530.bmp,0,2,5,16,13,12,12,2,23,1,-1
01_13_02_05_0535.bmp,0,2,5,16,13,40,12,40,40,40,-1
01_13_02_05_0537.bmp,0,2,5,16,13,40,12,40,40,40,-1
01_13_02_05_0538.bmp,0,2,5,16,13,40,12,2,7,7,-1
01_13_02_05_0540.bmp,0,2,5,16,13,12,12,19,7,4,-1
01_13_02_05_0543.bmp,0,2,5,16,13,40,12,40,40,40,-1
01_13_02_05_0546.bmp,0,2,5,16,13,12,12,42,7,40,-1
01_13_02_05_0550.bmp,0,2,5,16,13,12,11,1,2,2,-1
01_13_02_05_0551.bmp,0,2,5,16,13,40,12,40,40,40,-1
01_13_02_05_0552.bmp,0,2,5,16,13,12,10,25,28,23,-1
01_13_02_05_0555.bmp,0,2,5,16,13,40,12,40,40,40,-1
01_13_02_05_0558.bmp,0,2,5,16,13,12,12,12,23,11,-1
01_13_02_05_0559.bmp,0,2,5,16,13,40,12,40,40,40,-1
01_13_02_05_0563.bmp,0,2,5,16,13,40,12,40,40,40,-1
01_13_02_05_0566.bmp,0,2,5,16,13,12,12,2,23,40,-1
01_13_02_05_0568.bmp,0,2,5,16,13,12,11,23,2,2,-1
01_13_02_05_0570.bmp,0,2,5,16,13,12,12,2,23,12,-1
01_13_02_05_0580.bmp,0,2,5,16,13,2,12,0,13,40,-1
01_13_02_05_0582.bmp,0,2,5,16,13,23,12,22,23,23,-1
01_13_02_05_0585.bmp,0,2,5,16,13,40,12,20,40,40,-1
01_13_02_05_0587.bmp,0,2,5,16,13,40,12,40,40,40,-1
01_13_02_05_0591.bmp,0,2,5,16,13,40,40,40,40,40,-1
01_13_02_05_0592.bmp,0,2,5,16,13,40,12,2,40,40,-1
01_13_02_05_0593.bmp,0,2,5,16,13,40,12,40,40,40,-1
01_13_02_05_0601.bmp,0,2,5,16,13,40,12,40,40,24,-1
01_13_02_05_0602.bmp,0,2,5,16,13,40,13,40,40,40,-1
01_13_02_05_0604.bmp,0,2,5,16,13,40,12,40,40,40,-1
01_13_02_05_0606.bmp,0,2,5,16,13,40,13,40,40,40,-1
01_13_02_05_0612.bmp,0,2,5,16,13,12,13,40,40,13,-1
01_13_02_05_0618.bmp,0,2,5,16,13,13,13,40,13,40,-1
01_13_02_05_0620.bmp,0,2,5,16,13,13,13,13,13,40,-1
01_13_02_05_0621.bmp,0,2,5,16,13,13,13,13,13,40,-1
01_13_02_05_0623.bmp,0,2,5,16,13,13,13,13,13,13,-1
01_13_02_05_0624.bmp,0,2,5,16,13,13,13,13,13,13,-1
01_03_07_03_0006.bmp,0,7,3,16,9,12,11,2,12,0,-1
01_03_07_03_0008.bmp,0,7,3,16,9,12,11,20,40,26,-1
01_03_07_03_0009.bmp,0,7,3,16,9,12,12,22,12,25,-1
01_03_07_03_0011.bmp,0,7,3,16,9,12,12,0,40,2,-1
01_03_07_03_0017.bmp,0,7,3,16,9,12,12,40,40,2,-1
01_03_07_03_0019.bmp,0,7,3,16,9,12,11,19,12,25,-1
01_03_07_03_0020.bmp,0,7,3,16,9,12,12,40,40,40,-1
01_03_07_03_0021.bmp,0,7,3,16,9,12,12,19,12,12,-1
01_03_07_03_0023.bmp,0,7,3,16,9,40,11,40,40,25,-1
01_03_07_03_0024.bmp,0,7,3,16,9,12,12,2,12,12,-1
01_03_07_03_0028.bmp,0,7,3,16,9,40,12,22,40,25,-1
01_03_07_03_0038.bmp,0,7,3,16,9,40,12,20,40,25,-1
01_03_07_03_0040.bmp,0,7,3,16,9,40,12,19,40,40,-1
01_03_07_03_0043.bmp,0,7,3,16,9,40,12,40,40,40,-1
01_03_07_03_0054.bmp,0,7,3,16,9,40,13,40,40,40,-1
01_03_07_03_0055.bmp,0,7,3,16,9,40,13,20,40,40,-1
01_03_07_03_0063.bmp,0,7,3,16,9,12,12,25,19,14,-1
01_03_07_03_0065.bmp,0,7,3,16,9,13,13,25,41,12,-1
01_03_07_03_0075.bmp,0,7,3,16,9,13,13,13,41,41,-1
01_03_07_03_0079.bmp,0,7,3,16,9,41,13,41,41,41,-1
01_03_07_03_0080.bmp,0,7,3,16,9,13,13,41,13,41,-1
01_03_07_03_0081.bmp,0,7,3,16,9,41,13,41,41,41,-1
01_03_07_03_0085.bmp,0,7,3,16,9,15,13,41,15,4,-1
01_06_07_03_0001.bmp,0,7,3,16,14,25,25,20,24,14,-1
01_06_07_03_0003.bmp,1,7,3,16,14,25,11,23,25,14,-1
01_06_07_03_0004.bmp,0,7,3,16,14,24,25,20,24,14,-1
01_06_07_03_0007.bmp,0,7,3,16,14,14,25,20,14,14,-1
01_06_07_03_0007.bmp,1,7,3,16,14,25,25,20,11,25,-1
01_06_07_03_0009.bmp,0,7,3,16,14,14,25,25,14,14,-1
01_06_07_03_0010.bmp,1,7,3,16,14,0,0,20,0,1,-1
01_06_07_03_0014.bmp,1,7,3,16,14,0,0,0,0,14,-1
01_06_07_03_0015.bmp,0,7,3,16,14,25,25,25,14,14,-1
01_06_07_03_0015.bmp,1,7,3,16,14,0,25,20,0,14,-1
01_06_07_03_0016.bmp,0,7,3,16,14,25,25,25,14,14,-1
01_06_07_03_0017.bmp,0,7,3,16,14,14,25,25,14,14,-1
01_06_07_03_0018.bmp,0,7,3,16,14,14,25,25,14,14,-1
01_06_07_03_0020.bmp,1,7,3,16,14,0,11,20,0,14,-1
01_06_07_03_0022.bmp,0,7,3,16,14,14,25,24,14,14,-1
01_06_07_03_0025.bmp,1,7,3,16,14,25,25,19,25,25,-1
01_06_07_03_0026.bmp,0,7,3,16,14,14,25,25,14,14,-1
01_06_07_03_0027.bmp,0,7,3,16,14,14,25,25,14,14,-1
01_06_07_03_0028.bmp,0,7,3,16,14,14,13,14,14,14,-1
01_06_07_03_0028.bmp,1,7,3,16,14,12,25,20,12,13,-1
01_06_07_03_0030.bmp,0,7,3,16,14,14,25,23,14,14,-1
01_06_07_03_0030.bmp,1,7,3,16,14,12,25,20,19,1,-1
01_06_07_03_0032.bmp,1,7,3,16,14,12,31,0,12,1,-1
01_06_07_03_0033.bmp,0,7,3,16,14,14,25,25,14,14,-1
01_06_07_03_0033.bmp,1,7,3,16,14,12,16,0,12,7,-1
01_06_07_03_0035.bmp,0,7,3,16,14,14,25,14,14,14,-1
01_06_07_03_0035.bmp,1,7,3,16,14,12,11,0,12,1,-1
01_06_07_03_0036.bmp,1,7,3,16,14,12,11,0,25,1,-1
01_06_07_03_0037.bmp,0,7,3,16,14,14,14,14,14,14,-1
01_06_07_03_0039.bmp,1,7,3,16,14,12,12,0,12,9,-1
01_06_07_03_0040.bmp,0,7,3,16,14,14,25,14,14,14,-1
01_06_07_03_0041.bmp,0,7,3,16,14,14,14,14,14,14,-1
01_06_07_03_0041.bmp,1,7,3,16,14,12,11,20,12,40,-1
01_06_07_03_0042.bmp,0,7,3,16,14,14,14,14,14,14,-1
01_06_07_03_0043.bmp,1,7,3,16,14,12,12,2,12,1,-1
01_06_07_03_0044.bmp,1,7,3,16,14,12,12,2,23,23,-1
01_06_07_03_0054.bmp,0,7,3,16,14,23,25,20,25,23,-1
01_06_07_03_0055.bmp,0,7,3,16,14,25,25,20,25,12,-1
01_06_07_03_0058.bmp,0,7,3,16,14,13,25,20,14,14,-1
01_06_07_03_0059.bmp,0,7,3,16,14,13,25,20,14,14,-1
01_06_07_03_0061.bmp,0,7,3,16,14,29,25,23,25,23,-1
01_06_07_03_0063.bmp,0,7,3,16,14,25,25,23,25,25,-1
01_06_07_03_0064.bmp,0,7,3,16,14,13,25,23,25,25,-1
01_06_07_03_0067.bmp,0,7,3,16,14,25,25,20,25,25,-1
01_06_07_03_0068.bmp,0,7,3,16,14,24,25,23,25,24,-1
01_06_07_03_0073.bmp,0,7,3,16,14,14,25,25,25,14,-1
01_06_07_03_0075.bmp,0,7,3,16,14,14,25,25,25,14,-1
01_06_07_03_0077.bmp,0,7,3,16,14,14,25,25,25,14,-1
01_06_07_03_0080.bmp,0,7,3,16,14,14,25,25,25,14,-1
01_06_07_03_0081.bmp,0,7,3,16,14,14,25,25,14,14,-1
01_06_07_03_0083.bmp,0,7,3,16,14,14,25,25,14,14,-1
01_06_07_03_0087.bmp,0,7,3,16,14,8,17,14,14,14,-1
01_06_07_03_0089.bmp,0,7,3,16,14,17,17,17,17,17,-1
01_11_07_03_0002.bmp,0,7,3,16,12,12,0,1,12,0,-1
01_11_07_03_0006.bmp,0,7,3,16,12,12,0,0,12,12,-1
01_11_07_03_0007.bmp,0,7,3,16,12,12,11,2,12,11,-1
01_11_07_03_0009.bmp,0,7,3,16,12,12,31,0,12,12,-1
01_11_07_03_0010.bmp,0,7,3,16,12,12,12,0,12,12,-1
01_11_07_03_0011.bmp,0,7,3,16,12,12,12,2,12,26,-1
01_11_07_03_0015.bmp,0,7,3,16,12,12,12,2,12,12,-1
01_11_07_03_0016.bmp,0,7,3,16,12,12,12,0,12,23,-1
01_11_07_03_0017.bmp,0,7,3,16,12,12,12,19,12,25,-1
01_11_07_03_0018.bmp,0,7,3,16,12,12,12,0,12,12,-1
01_11_07_03_0022.bmp,0,7,3,16,12,12,12,0,12,40,-1
01_11_07_03_0026.bmp,0,7,3,16,12,12,12,2,12,0,-1
01_11_07_03_0028.bmp,0,7,3,16,12,12,11,0,12,25,-1
01_11_07_03_0029.bmp,0,7,3,16,12,12,12,2,12,1,-1
01_11_07_03_0030.bmp,0,7,3,16,12,12,25,20,12,12,-1
01_11_07_03_0031.bmp,0,7,3,16,12,12,12,20,12,12,-1
01_11_07_03_0033.bmp,0,7,3,16,12,12,11,2,12,1,-1
01_11_07_03_0037.bmp,0,7,3,16,12,12,12,20,12,24,-1
01_11_07_03_0038.bmp,0,7,3,16,12,12,12,20,12,2,-1
01_11_07_03_0043.bmp,0,7,3,16,12,12,12,20,12,12,-1
01_11_07_03_0048.bmp,0,7,3,16,12,12,12,20,24,12,-1
01_11_07_03_0049.bmp,0,7,3,16,12,12,12,24,24,12,-1
01_11_07_03_0050.bmp,0,7,3,16,12,12,12,20,24,12,-1
01_11_07_03_0058.bmp,0,7,3,16,12,12,12,25,24,24,-1
01_11_07_03_0059.bmp,0,7,3,16,12,12,12,20,24,4,-1
01_11_07_03_0060.bmp,0,7,3,16,12,12,12,19,4,4,-1
01_11_07_03_0061.bmp,0,7,3,16,12,12,12,25,4,24,-1
01_11_07_03_0063.bmp,0,7,3,16,12,12,12,20,4,12,-1
01_11_07_03_0065.bmp,0,7,3,16,12,25,12,20,24,24,-1
01_11_07_03_0068.bmp,0,7,3,16,12,4,13,25,4,24,-1
01_11_07_03_0076.bmp,0,7,3,16,12,7,13,25,8,7,-1
01_11_07_03_0078.bmp,0,7,3,16,12,1,13,18,1,1,-1
01_12_07_03_0004.bmp,0,7,3,16,17,1,12,2,1,1,-1
01_12_07_03_0005.bmp,1,7,3,16,17,12,12,25,23,13,-1
01_12_07_03_0006.bmp,1,7,3,16,17,12,12,12,12,12,-1
01_12_07_03_0007.bmp,0,7,3,16,17,12,25,25,14,12,-1
01_12_07_03_0008.bmp,0,7,3,16,17,12,12,25,1,12,-1
01_12_07_03_0010.bmp,0,7,3,16,17,1,25,2,1,1,-1
01_12_07_03_0010.bmp,1,7,3,16,17,12,12,11,12,12,-1
01_12_07_03_0011.bmp,1,7,3,16,17,12,12,11,12,12,-1
01_12_07_03_0012.bmp,1,7,3,16,17,12,12,25,12,12,-1
01_12_07_03_0013.bmp,1,7,3,16,17,12,12,12,7,7,-1
01_12_07_03_0014.bmp,0,7,3,16,17,12,25,2,25,12,-1
01_12_07_03_0016.bmp,1,7,3,16,17,12,12,12,12,12,-1
01_12_07_03_0017.bmp,0,7,3,16,17,12,25,2,25,12,-1
01_12_07_03_0018.bmp,0,7,3,16,17,12,25,23,1,12,-1
01_12_07_03_0019.bmp,0,7,3,16,17,12,25,2,1,12,-1
01_12_07_03_0019.bmp,1,7,3,16,17,12,12,11,26,12,-1
01_12_07_03_0021.bmp,0,7,3,16,17,12,25,25,14,12,-1
01_12_07_03_0022.bmp,0,7,3,16,17,12,25,23,4,12,-1
01_12_07_03_0025.bmp,0,7,3,16,17,12,25,20,26,41,-1
01_12_07_03_0025.bmp,1,7,3,16,17,12,12,11,12,26,-1
01_12_07_03_0026.bmp,1,7,3,16,17,12,12,25,28,13,-1
01_12_07_03_0027.bmp,0,7,3,16,17,12,12,0,8,4,-1
01_12_07_03_0027.bmp,1,7,3,16,17,12,12,0,12,12,-1
01_12_07_03_0028.bmp,0,7,3,16,17,2,12,22,13,2,-1
01_12_07_03_0029.bmp,1,7,3,16,17,12,12,25,12,23,-1
01_12_07_03_0030.bmp,1,7,3,16,17,12,12,11,12,13,-1
01_12_07_03_0032.bmp,0,7,3,16,17,26,26,25,14,14,-1
01_12_07_03_0033.bmp,0,7,3,16,17,26,26,25,14,14,-1
01_12_07_03_0037.bmp,0,7,3,16,17,14,26,14,14,14,-1
01_12_07_03_0037.bmp,1,7,3,16,17,12,12,25,12,12,-1
01_12_07_03_0039.bmp,0,7,3,16,17,14,14,14,14,14,-1
01_12_07_03_0042.bmp,0,7,3,16,17,14,17,14,14,14,-1
01_12_07_03_0042.bmp,1,7,3,16,17,12,12,11,12,12,-1
01_12_07_03_0043.bmp,1,7,3,16,17,12,12,11,12,12,-1
01_12_07_03_0044.bmp,0,7,3,16,17,12,0,25,25,25,-1
01_12_07_03_0046.bmp,0,7,3,16,17,12,0,25,28,12,-1
01_12_07_03_0047.bmp,0,7,3,16,17,1,0,0,14,1,-1
01_12_07_03_0050.bmp,0,7,3,16,17,12,12,25,1,1,-1
01_12_07_03_0052.bmp,0,7,3,16,17,12,0,0,24,12,-1
01_12_07_03_0053.bmp,0,7,3,16,17,12,12,11,12,1,-1
01_12_07_03_0060.bmp,0,7,3,16,17,0,0,23,0,13,-1
01_12_07_03_0061.bmp,0,7,3,16,17,12,0,20,12,12,-1
01_12_07_03_0063.bmp,0,7,3,16,17,0,0,0,0,0,-1
01_12_07_03_0066.bmp,0,7,3,16,17,12,0,11,12,12,-1
01_12_07_03_0072.bmp,0,7,3,16,17,0,0,20,0,1,-1
01_12_07_03_0079.bmp,0,7,3,16,17,12,0,2,0,14,-1
01_12_07_03_0080.bmp,0,7,3,16,17,0,25,23,25,14,-1
01_12_07_03_0081.bmp,0,7,3,16,17,0,0,2,0,14,-1
01_12_07_03_0085.bmp,0,7,3,16,17,12,0,2,0,11,-1
01_12_07_03_0088.bmp,0,7,3,16,17,0,25,23,25,25,-1
01_12_07_03_0089.bmp,0,7,3,16,17,12,0,23,0,14,-1
01_12_07_03_0092.bmp,0,7,3,16,17,12,0,23,0,2,-1
01_12_07_03_0094.bmp,0,7,3,16,17,12,25,20,0,14,-1
01_12_07_03_0100.bmp,0,7,3,16,17,12,25,23,12,25,-1
01_12_07_03_0102.bmp,0,7,3,16,17,0,25,2,0,14,-1
01_12_07_03_0103.bmp,0,7,3,16,17,12,25,19,12,1,-1
01_12_07_03_0107.bmp,0,7,3,16,17,12,25,23,14,14,-1
01_12_07_03_0109.bmp,0,7,3,16,17,12,25,25,41,41,-1
01_12_07_03_0113.bmp,0,7,3,16,17,14,25,25,14,14,-1
01_12_07_03_0114.bmp,0,7,3,16,17,14,25,25,14,14,-1
01_12_07_03_0115.bmp,0,7,3,16,17,26,13,25,26,26,-1
01_12_07_03_0116.bmp,0,7,3,16,17,26,26,25,26,26,-1
01_13_07_03_0003.bmp,0,7,3,16,13,12,12,40,12,40,-1
01_13_07_03_0003.bmp,1,7,3,16,13,25,11,20,13,13,-1
01_13_07_03_0005.bmp,0,7,3,16,13,12,12,40,40,11,-1
01_13_07_03_0006.bmp,1,7,3,16,13,25,11,0,13,12,-1
01_13_07_03_0007.bmp,0,7,3,16,13,12,12,40,40,39,-1
01_13_07_03_0009.bmp,0,7,3,16,13,40,12,40,40,40,-1
01_13_07_03_0010.bmp,1,7,3,16,13,25,1,0,13,12,-1
01_13_07_03_0012.bmp,0,7,3,16,13,12,12,40,40,40,-1
01_13_07_03_0012.bmp,1,7,3,16,13,25,11,2,13,0,-1
01_13_07_03_0013.bmp,0,7,3,16,13,12,12,40,12,36,-1
01_13_07_03_0014.bmp,0,7,3,16,13,12,12,40,12,40,-1
01_13_07_03_0014.bmp,1,7,3,16,13,25,13,2,13,13,-1
01_13_07_03_0015.bmp,1,7,3,16,13,13,11,0,13,25,-1
01_13_07_03_0016.bmp,0,7,3,16,13,12,12,22,40,40,-1
01_13_07_03_0017.bmp,0,7,3,16,13,12,11,25,40,34,-1
01_13_07_03_0018.bmp,1,7,3,16,13,25,11,2,13,13,-1
01_13_07_03_0019.bmp,1,7,3,16,13,13,13,20,13,13,-1
01_13_07_03_0021.bmp,0,7,3,16,13,12,12,40,12,34,-1
01_13_07_03_0023.bmp,1,7,3,16,13,13,11,2,13,13,-1
01_13_07_03_0024.bmp,1,7,3,16,13,13,11,0,13,13,-1
01_13_07_03_0025.bmp,0,7,3,16,13,12,12,40,12,25,-1
01_13_07_03_0025.bmp,1,7,3,16,13,13,13,2,13,0,-1
01_13_07_03_0029.bmp,0,7,3,16,13,12,12,40,12,40,-1
01_13_07_03_0031.bmp,0,7,3,16,13,12,12,40,40,18,-1
01_13_07_03_0031.bmp,1,7,3,16,13,13,13,2,13,13,-1
01_13_07_03_0032.bmp,0,7,3,16,13,12,12,40,12,38,-1
01_13_07_03_0032.bmp,1,7,3,16,13,13,13,25,13,13,-1
01_13_07_03_0033.bmp,1,7,3,16,13,13,13,25,13,13,-1
01_13_07_03_0034.bmp,0,7,3,16,13,12,12,40,40,40,-1
01_13_07_03_0034.bmp,1,7,3,16,13,13,13,0,13,13,-1
01_13_07_03_0036.bmp,0,7,3,16,13,12,12,6,12,25,-1
01_13_07_03_0036.bmp,1,7,3,16,13,13,13,2,13,13,-1
01_13_07_03_0037.bmp,0,7,3,16,13,12,12,6,12,38,-1
01_13_07_03_0037.bmp,1,7,3,16,13,13,13,0,13,13,-1
01_13_07_03_0039.bmp,1,7,3,16,13,13,13,25,13,13,-1
01_13_07_03_0041.bmp,0,7,3,16,13,12,12,19,25,13,-1
01_13_07_03_0041.bmp,1,7,3,16,13,13,13,25,13,13,-1
01_13_07_03_0043.bmp,0,7,3,16,13,12,12,40,40,40,-1
01_13_07_03_0043.bmp,1,7,3,16,13,13,13,2,13,13,-1
01_13_07_03_0044.bmp,0,7,3,16,13,12,12,40,40,24,-1
01_13_07_03_0048.bmp,0,7,3,16,13,12,12,40,40,25,-1
01_13_07_03_0048.bmp,1,7,3,16,13,13,13,25,13,13,-1
01_13_07_03_0049.bmp,0,7,3,16,13,12,12,40,40,40,-1
01_13_07_03_0052.bmp,0,7,3,16,13,12,12,40,12,40,-1
01_13_07_03_0054.bmp,1,7,3,16,13,13,13,13,13,13,-1
01_13_07_03_0055.bmp,1,7,3,16,13,13,13,13,13,13,-1
01_13_07_03_0057.bmp,1,7,3,16,13,13,13,13,13,13,-1
01_13_07_03_0058.bmp,0,7,3,16,13,13,12,40,13,12,-1
01_13_07_03_0058.bmp,1,7,3,16,13,13,13,13,13,13,-1
01_13_07_03_0061.bmp,0,7,3,16,13,12,12,40,12,24,-1
01_13_07_03_0062.bmp,1,7,3,16,13,13,13,13,13,13,-1
01_13_07_03_0063.bmp,1,7,3,16,13,13,12,23,13,13,-1
01_13_07_03_0064.bmp,1,7,3,16,13,7,11,2,7,7,-1
01_13_07_03_0067.bmp,1,7,3,16,13,12,12,2,23,12,-1
01_13_07_03_0068.bmp,1,7,3,16,13,23,12,25,23,13,-1
01_13_07_03_0069.bmp,1,7,3,16,13,24,12,12,7,13,-1
01_13_07_03_0072.bmp,1,7,3,16,13,23,12,11,23,23,-1
01_13_07_03_0073.bmp,1,7,3,16,13,12,12,12,28,12,-1
01_13_07_03_0074.bmp,1,7,3,16,13,12,12,25,7,12,-1
01_13_07_03_0075.bmp,0,7,3,16,13,13,13,40,13,13,-1
01_13_07_03_0076.bmp,1,7,3,16,13,12,12,0,2,12,-1
01_13_07_03_0077.bmp,1,7,3,16,13,12,12,25,26,12,-1
01_13_07_03_0078.bmp,1,7,3,16,13,12,12,25,7,12,-1
01_13_07_03_0081.bmp,0,7,3,16,13,13,13,20,13,13,-1
01_13_07_03_0083.bmp,0,7,3,16,13,13,13,13,13,13,-1
01_13_07_03_0084.bmp,0,7,3,16,13,13,13,25,13,13,-1
01_13_07_03_0085.bmp,0,7,3,16,13,13,13,13,13,13,-1
01_13_07_03_0088.bmp,0,7,3,16,13,13,13,13,13,13,-1
01_13_07_03_0093.bmp,0,7,3,16,13,13,13,13,13,13,-1
01_13_07_03_0093.bmp,1,7,3,16,13,12,12,0,23,23,-1
01_13_07_03_0095.bmp,1,7,3,16,13,12,12,19,12,12,-1
01_13_07_03_0097.bmp,0,7,3,16,13,13,13,13,13,13,-1
01_13_07_03_0097.bmp,1,7,3,16,13,12,12,0,12,12,-1
01_13_07_03_0098.bmp,1,7,3,16,13,12,12,0,12,12,-1
01_13_07_03_0099.bmp,0,7,3,16,13,13,13,13,13,13,-1
01_13_07_03_0100.bmp,1,7,3,16,13,12,12,2,12,12,-1
01_13_07_03_0101.bmp,1,7,3,16,13,12,12,0,12,12,-1
01_13_07_03_0102.bmp,1,7,3,16,13,12,12,0,12,12,-1
01_13_07_03_0105.bmp,0,7,3,16,13,13,13,13,13,13,-1
01_13_07_03_0106.bmp,0,7,3,16,13,13,13,13,13,13,-1
01_13_07_03_0108.bmp,1,7,3,16,13,12,12,20,13,40,-1
01_13_07_03_0109.bmp,1,7,3,16,13,12,11,40,40,12,-1
01_13_07_03_0110.bmp,0,7,3,16,13,13,13,13,13,13,-1
01_13_07_03_0111.bmp,0,7,3,16,13,13,13,13,13,13,-1
01_13_07_03_0111.bmp,1,7,3,16,13,12,12,40,40,25,-1
01_13_07_03_0114.bmp,0,7,3,16,13,12,12,42,12,12,-1
01_13_07_03_0116.bmp,1,7,3,16,13,12,12,20,12,12,-1
01_13_07_03_0117.bmp,1,7,3,16,13,12,12,20,12,40,-1
01_13_07_03_0120.bmp,0,7,3,16,13,12,12,2,40,12,-1
01_13_07_03_0122.bmp,0,7,3,16,13,40,12,25,40,40,-1
01_13_07_03_0124.bmp,1,7,3,16,13,12,12,2,12,12,-1
01_13_07_03_0125.bmp,1,7,3,16,13,12,12,20,12,40,-1
01_13_07_03_0126.bmp,0,7,3,16,13,40,12,20,40,40,-1
01_13_07_03_0128.bmp,0,7,3,16,13,40,12,20,40,13,-1
01_13_07_03_0130.bmp,0,7,3,16,13,40,12,20,40,40,-1
01_13_07_03_0130.bmp,1,7,3,16,13,12,12,20,12,12,-1
01_13_07_03_0132.bmp,1,7,3,16,13,12,12,20,12,24,-1
01_13_07_03_0133.bmp,1,7,3,16,13,40,12,2,40,24,-1
01_13_07_03_0134.bmp,1,7,3,16,13,12,12,20,12,41,-1
01_13_07_03_0136.bmp,1,7,3,16,13,12,11,19,12,40,-1
01_13_07_03_0137.bmp,0,7,3,16,13,40,13,19,40,40,-1
01_13_07_03_0141.bmp,1,7,3,16,13,12,12,20,40,13,-1
01_13_07_03_0143.bmp,1,7,3,16,13,40,12,40,40,24,-1
01_13_07_03_0144.bmp,0,7,3,16,13,13,13,20,13,13,-1
01_13_07_03_0146.bmp,1,7,3,16,13,12,12,20,40,25,-1
01_13_07_03_0147.bmp,0,7,3,16,13,13,13,20,40,13,-1
01_13_07_03_0148.bmp,1,7,3,16,13,12,12,40,40,13,-1
01_13_07_03_0149.bmp,1,7,3,16,13,12,12,40,12,24,-1
01_13_07_03_0150.bmp,0,7,3,16,13,13,13,40,13,13,-1
01_13_07_03_0153.bmp,0,7,3,16,13,13,13,40,13,13,-1
01_13_07_03_0154.bmp,0,7,3,16,13,13,13,13,13,13,-1
01_13_07_03_0156.bmp,0,7,3,16,13,13,13,13,13,13,-1
01_13_07_03_0157.bmp,0,7,3,16,13,13,13,13,13,13,-1
01_13_07_03_0158.bmp,0,7,3,16,13,13,13,13,38,13,-1
01_13_07_03_0158.bmp,1,7,3,16,13,12,12,40,12,13,-1
01_13_07_03_0160.bmp,1,7,3,16,13,12,12,40,12,24,-1
01_13_07_03_0161.bmp,0,7,3,16,13,13,13,13,30,13,-1
01_13_07_03_0163.bmp,0,7,3,16,13,13,13,13,13,13,-1
01_13_07_03_0166.bmp,0,7,3,16,13,13,13,13,13,13,-1
01_13_07_03_0170.bmp,0,7,3,16,13,13,11,12,13,13,-1
01_13_07_03_0172.bmp,0,7,3,16,13,13,12,1,23,12,-1
01_13_07_03_0172.bmp,1,7,3,16,13,12,12,20,40,12,-1
01_13_07_03_0173.bmp,1,7,3,16,13,12,11,20,13,13,-1
01_13_07_03_0174.bmp,0,7,3,16,13,7,12,12,7,7,-1
01_13_07_03_0174.bmp,1,7,3,16,13,13,25,2,13,13,-1
01_13_07_03_0175.bmp,0,7,3,16,13,12,12,42,23,12,-1
01_13_07_03_0175.bmp,1,7,3,16,13,12,12,40,12,40,-1
01_13_07_03_0176.bmp,1,7,3,16,13,12,12,20,40,40,-1
01_13_07_03_0178.bmp,0,7,3,16,13,40,12,12,40,1,-1
01_13_07_03_0178.bmp,1,7,3,16,13,12,12,40,40,25,-1
01_13_07_03_0179.bmp,0,7,3,16,13,12,12,25,40,12,-1
01_13_07_03_0180.bmp,0,7,3,16,13,13,12,12,7,28,-1
01_13_07_03_0181.bmp,1,7,3,16,13,12,12,40,12,40,-1
01_13_07_03_0182.bmp,0,7,3,16,13,9,12,1,23,9,-1
01_13_07_03_0185.bmp,1,7,3,16,13,12,12,40,12,40,-1
01_13_07_03_0186.bmp,1,7,3,16,13,12,12,2,12,24,-1
01_13_07_03_0188.bmp,1,7,3,16,13,12,12,40,12,24,-1
01_13_07_03_0189.bmp,1,7,3,16,13,12,12,20,12,24,-1
01_13_07_03_0191.bmp,0,7,3,16,13,7,13,25,7,7,-1
01_13_07_03_0192.bmp,1,7,3,16,13,12,12,20,12,40,-1
01_13_07_03_0193.bmp,1,7,3,16,13,12,12,40,12,12,-1
01_13_07_03_0194.bmp,0,7,3,16,13,12,12,42,23,23,-1
01_13_07_03_0196.bmp,0,7,3,16,13,7,11,25,23,34,-1
01_13_07_03_0197.bmp,0,7,3,16,13,12,12,25,9,23,-1
01_13_07_03_0198.bmp,0,7,3,16,13,12,12,40,40,40,-1
01_13_07_03_0200.bmp,1,7,3,16,13,12,12,20,40,24,-1
01_13_07_03_0201.bmp,0,7,3,16,13,12,12,25,40,26,-1
01_13_07_03_0202.bmp,0,7,3,16,13,40,12,25,40,40,-1
01_13_07_03_0203.bmp,0,7,3,16,13,13,12,12,13,23,-1
01_13_07_03_0204.bmp,0,7,3,16,13,40,12,12,40,23,-1
01_13_07_03_0204.bmp,1,7,3,16,13,12,11,40,12,12,-1
01_13_07_03_0205.bmp,1,7,3,16,13,12,12,20,40,12,-1
01_13_07_03_0208.bmp,1,7,3,16,13,12,12,40,12,40,-1
01_13_07_03_0210.bmp,1,7,3,16,13,12,12,40,40,40,-1
01_13_07_03_0211.bmp,0,7,3,16,13,40,12,40,40,23,-1
01_13_07_03_0212.bmp,1,7,3,16,13,12,12,40,40,24,-1
01_13_07_03_0215.bmp,0,7,3,16,13,40,12,2,40,40,-1
01_13_07_03_0217.bmp,0,7,3,16,13,40,12,40,40,40,-1
01_13_07_03_0220.bmp,1,7,3,16,13,12,12,20,12,12,-1
01_13_07_03_0222.bmp,0,7,3,16,13,40,25,40,40,40,-1
01_13_07_03_0223.bmp,1,7,3,16,13,12,12,40,12,12,-1
01_13_07_03_0224.bmp,0,7,3,16,13,40,12,19,40,24,-1
01_13_07_03_0224.bmp,1,7,3,16,13,12,12,20,12,12,-1
01_13_07_03_0228.bmp,1,7,3,16,13,12,12,20,12,12,-1
01_13_07_03_0229.bmp,1,7,3,16,13,12,11,20,40,40,-1
01_13_07_03_0230.bmp,0,7,3,16,13,13,13,20,40,40,-1
01_13_07_03_0231.bmp,1,7,3,16,13,12,12,40,12,40,-1
01_13_07_03_0232.bmp,0,7,3,16,13,35,13,40,18,24,-1
01_13_07_03_0232.bmp,1,7,3,16,13,12,12,40,12,40,-1
01_13_07_03_0234.bmp,1,7,3,16,13,12,12,40,12,12,-1
01_13_07_03_0235.bmp,1,7,3,16,13,12,12,20,12,24,-1
01_13_07_03_0236.bmp,0,7,3,16,13,13,13,20,40,40,-1
01_13_07_03_0237.bmp,0,7,3,16,13,18,13,25,18,18,-1
01_13_07_03_0239.bmp,1,7,3,16,13,12,12,40,12,40,-1
01_13_07_03_0240.bmp,0,7,3,16,13,13,13,25,13,40,-1
01_13_07_03_0241.bmp,1,7,3,16,13,12,13,40,12,40,-1
01_13_07_03_0245.bmp,1,7,3,16,13,12,12,20,12,24,-1
01_13_07_03_0246.bmp,1,7,3,16,13,12,12,2,12,40,-1
01_13_07_03_0247.bmp,0,7,3,16,13,13,13,13,13,13,-1
01_13_07_03_0247.bmp,1,7,3,16,13,12,12,40,12,13,-1
01_13_07_03_0248.bmp,0,7,3,16,13,13,13,13,13,13,-1
01_13_07_03_0249.bmp,0,7,3,16,13,13,13,13,13,13,-1
01_13_07_03_0250.bmp,0,7,3,16,13,13,13,13,13,13,-1
01_13_07_03_0250.bmp,1,7,3,16,13,12,12,20,12,24,-1
01_13_07_03_0252.bmp,1,7,3,16,13,12,12,20,12,24,-1
01_13_07_03_0253.bmp,0,7,3,16,13,13,13,13,13,13,-1
01_13_07_03_0256.bmp,0,7,3,16,13,13,13,13,13,13,-1
01_13_07_03_0256.bmp,1,7,3,16,13,12,12,40,12,12,-1
01_13_07_03_0257.bmp,0,7,3,16,13,13,13,13,13,13,-1
01_13_07_03_0257.bmp,1,7,3,16,13,12,12,20,12,12,-1
01_13_07_03_0260.bmp,0,7,3,16,13,13,13,13,13,13,-1
01_13_07_03_0261.bmp,0,7,3,16,13,13,13,13,13,13,-1
01_13_07_03_0262.bmp,1,7,3,16,13,12,12,2,12,12,-1
01_13_07_03_0263.bmp,0,7,3,16,13,13,13,13,13,13,-1
01_13_07_03_0271.bmp,0,7,3,16,13,12,12,40,40,12,-1
01_13_07_03_0272.bmp,0,7,3,16,13,12,12,20,12,24,-1
01_13_07_03_0273.bmp,0,7,3,16,13,12,12,40,12,40,-1
01_13_07_03_0274.bmp,0,7,3,16,13,12,12,40,12,12,-1
01_13_07_03_0277.bmp,0,7,3,16,13,12,12,40,12,40,-1
01_13_07_03_0280.bmp,0,7,3,16,13,12,11,40,12,12,-1
01_13_07_03_0281.bmp,0,7,3,16,13,12,12,40,12,24,-1
01_13_07_03_0282.bmp,0,7,3,16,13,12,12,20,12,24,-1
01_13_07_03_0285.bmp,0,7,3,16,13,12,12,20,12,12,-1
01_13_07_03_0287.bmp,0,7,3,16,13,12,12,20,12,12,-1
01_13_07_03_0288.bmp,0,7,3,16,13,12,12,40,40,24,-1
01_13_07_03_0289.bmp,0,7,3,16,13,12,12,20,12,12,-1
01_13_07_03_0293.bmp,0,7,3,16,13,12,12,20,12,12,-1
01_13_07_03_0296.bmp,0,7,3,16,13,12,11,40,40,24,-1
01_13_07_03_0299.bmp,0,7,3,16,13,12,12,40,12,40,-1
01_13_07_03_0300.bmp,0,7,3,16,13,12,12,40,12,40,-1
01_13_07_03_0301.bmp,0,7,3,16,13,12,12,40,12,12,-1
01_13_07_03_0303.bmp,0,7,3,16,13,12,12,40,12,12,-1
01_13_07_03_0307.bmp,0,7,3,16,13,12,12,40,12,24,-1
01_13_07_03_0311.bmp,0,7,3,16,13,12,12,40,40,24,-1
01_13_07_03_0316.bmp,0,7,3,16,13,12,12,20,40,40,-1
01_13_07_03_0325.bmp,0,7,3,16,13,12,12,20,12,40,-1
01_13_07_03_0331.bmp,0,7,3,16,13,12,12,20,12,12,-1
01_13_07_03_0333.bmp,0,7,3,16,13,12,12,40,12,12,-1
01_13_07_03_0334.bmp,0,7,3,16,13,12,13,40,12,13,-1
01_13_07_03_0336.bmp,0,7,3,16,13,12,12,20,12,12,-1
01_13_07_03_0337.bmp,0,7,3,16,13,13,13,25,13,13,-1
01_13_07_03_0338.bmp,0,7,3,16,13,12,13,40,12,40,-1
01_13_07_03_0341.bmp,0,7,3,16,13,13,13,13,13,40,-1
01_13_07_03_0343.bmp,0,7,3,16,13,13,13,13,13,13,-1
01_13_07_03_0344.bmp,0,7,3,16,13,13,13,13,41,13,-1
01_13_07_03_0348.bmp,0,7,3,16,13,13,13,13,13,13,-1
01_13_07_03_0350.bmp,0,7,3,16,13,13,13,13,13,13,-1
01_13_07_03_0352.bmp,0,7,3,16,13,13,13,13,13,13,-1
01_13_07_03_0353.bmp,0,7,3,16,13,13,13,13,13,13,-1
01_13_07_03_0354.bmp,0,7,3,16,13,13,13,13,13,13,-1
01_13_07_03_0357.bmp,0,7,3,16,13,13,13,20,13,13,-1
01_13_07_03_0358.bmp,0,7,3,16,13,13,13,13,13,13,-1
01_13_07_03_0359.bmp,0,7,3,16,13,13,13,40,13,13,-1
01_13_07_03_0365.bmp,0,7,3,16,13,13,13,25,13,13,-1
01_13_07_03_0371.bmp,0,7,3,16,13,13,13,13,13,13,-1
01_13_07_03_0373.bmp,0,7,3,16,13,13,13,13,13,13,-1
01_13_07_03_0382.bmp,0,7,3,16,13,13,13,13,13,4,-1
01_13_07_03_0384.bmp,0,7,3,16,13,15,15,13,15,4,-1
01_13_07_03_0385.bmp,0,7,3,16,13,15,15,26,8,4,-1
01_13_07_03_0386.bmp,0,7,3,16,13,12,12,11,23,23,-1
01_13_07_03_0387.bmp,0,7,3,16,13,40,11,42,7,13,-1
01_13_07_03_0389.bmp,0,7,3,16,13,40,12,42,40,13,-1
01_13_07_03_0391.bmp,0,7,3,16,13,12,12,42,40,40,-1
01_13_07_03_0398.bmp,0,7,3,16,13,12,12,42,40,13,-1
01_13_07_03_0402.bmp,0,7,3,16,13,13,12,40,40,7,-1
01_13_07_03_0404.bmp,0,7,3,16,13,40,12,42,40,13,-1
01_13_07_03_0408.bmp,0,7,3,16,13,12,12,11,40,40,-1
01_13_07_03_0413.bmp,0,7,3,16,13,12,12,40,12,12,-1
01_13_07_03_0414.bmp,0,7,3,16,13,12,12,42,12,12,-1
01_13_07_03_0415.bmp,0,7,3,16,13,12,12,42,7,40,-1
01_13_07_03_0419.bmp,0,7,3,16,13,40,12,6,40,34,-1
01_13_07_03_0421.bmp,0,7,3,16,13,12,12,42,12,34,-1
01_13_07_03_0422.bmp,0,7,3,16,13,12,11,11,12,0,-1
01_13_07_03_0423.bmp,0,7,3,16,13,12,11,12,4,7,-1
01_13_07_03_0424.bmp,0,7,3,16,13,12,11,12,12,13,-1
01_13_07_03_0429.bmp,0,7,3,16,13,40,13,40,40,40,-1
01_13_07_03_0430.bmp,0,7,3,16,13,40,13,25,40,35,-1
01_13_07_03_0434.bmp,0,7,3,16,13,40,13,19,40,14,-1
01_13_07_03_0435.bmp,0,7,3,16,13,12,12,23,12,40,-1
01_13_07_03_0438.bmp,0,7,3,16,13,12,12,40,40,40,-1
01_13_07_03_0441.bmp,0,7,3,16,13,12,12,25,40,23,-1
01_13_07_03_0442.bmp,0,7,3,16,13,12,13,20,13,12,-1
01_13_07_03_0443.bmp,0,7,3,16,13,12,12,20,40,40,-1
01_13_07_03_0444.bmp,0,7,3,16,13,12,13,40,12,40,-1
01_13_07_03_0448.bmp,0,7,3,16,13,12,13,20,12,12,-1
01_13_07_03_0449.bmp,0,7,3,16,13,12,13,40,40,40,-1
01_13_07_03_0456.bmp,0,7,3,16,13,12,13,40,12,13,-1
01_13_07_03_0458.bmp,0,7,3,16,13,12,12,20,12,40,-1
01_13_07_03_0461.bmp,0,7,3,16,13,12,13,20,40,40,-1
01_13_07_03_0463.bmp,0,7,3,16,13,12,12,40,40,40,-1
01_13_07_03_0468.bmp,0,7,3,16,13,13,13,40,13,13,-1
01_13_07_03_0471.bmp,0,7,3,16,13,13,13,20,18,13,-1
01_13_07_03_0475.bmp,0,7,3,16,13,13,13,20,18,13,-1
01_13_07_03_0477.bmp,0,7,3,16,13,13,13,40,40,13,-1
01_13_07_03_0479.bmp,0,7,3,16,13,13,13,25,13,13,-1
01_13_07_03_0481.bmp,0,7,3,16,13,13,13,40,41,13,-1
01_13_07_03_0484.bmp,0,7,3,16,13,13,13,20,18,13,-1
01_13_07_03_0486.bmp,0,7,3,16,13,13,13,20,4,13,-1
01_13_07_03_0489.bmp,0,7,3,16,13,13,13,40,13,13,-1
01_13_07_03_0491.bmp,0,7,3,16,13,13,13,40,13,13,-1
01_13_07_03_0492.bmp,0,7,3,16,13,13,13,40,13,13,-1
01_13_07_03_0494.bmp,0,7,3,16,13,13,13,13,13,13,-1
01_13_07_03_0501.bmp,0,7,3,16,13,13,13,13,13,13,-1
01_13_07_03_0504.bmp,0,7,3,16,13,13,13,13,13,13,-1
01_13_07_03_0507.bmp,0,7,3,16,13,13,13,13,13,13,-1
01_13_07_03_0511.bmp,0,7,3,16,13,13,13,13,13,13,-1
01_13_07_03_0513.bmp,0,7,3,16,13,13,13,13,13,13,-1
01_13_07_03_0515.bmp,0,7,3,16,13,8,13,25,14,14,-1
01_13_07_03_0516.bmp,0,7,3,16,13,12,12,25,7,40,-1
01_13_07_03_0517.bmp,0,7,3,16,13,12,11,25,13,25,-1
01_13_07_03_0519.bmp,0,7,3,16,13,40,12,25,40,40,-1
01_13_07_03_0521.bmp,0,7,3,16,13,7,11,42,7,7,-1
01_13_07_03_0525.bmp,0,7,3,16,13,40,11,40,40,40,-1
01_13_07_03_0526.bmp,0,7,3,16,13,12,12,0,12,12,-1
01_13_07_03_0527.bmp,0,7,3,16,13,12,12,40,40,40,-1
01_13_07_03_0530.bmp,0,7,3,16,13,25,12,25,40,25,-1
01_13_07_03_0535.bmp,0,7,3,16,13,40,12,40,40,40,-1
01_13_07_03_0540.bmp,0,7,3,16,13,12,12,11,12,13,-1
01_13_07_03_0542.bmp,0,7,3,16,13,12,11,1,12,40,-1
01_13_07_03_0544.bmp,0,7,3,16,13,12,12,11,12,34,-1
01_13_07_03_0545.bmp,0,7,3,16,13,40,12,40,40,40,-1
01_13_07_03_0549.bmp,0,7,3,16,13,12,12,40,40,40,-1
01_13_07_03_0550.bmp,0,7,3,16,13,12,12,42,40,40,-1
01_13_07_03_0557.bmp,0,7,3,16,13,40,12,40,40,40,-1
01_13_07_03_0558.bmp,0,7,3,16,13,12,11,2,12,40,-1
01_13_07_03_0559.bmp,0,7,3,16,13,40,12,40,40,1,-1
01_13_07_03_0565.bmp,0,7,3,16,13,40,12,40,40,40,-1
01_13_07_03_0575.bmp,0,7,3,16,13,40,12,40,40,40,-1
01_13_07_03_0578.bmp,0,7,3,16,13,25,25,2,23,13,-1
01_13_07_03_0581.bmp,0,7,3,16,13,40,12,40,40,40,-1
01_13_07_03_0582.bmp,0,7,3,16,13,25,12,2,2,40,-1
01_13_07_03_0583.bmp,0,7,3,16,13,40,12,40,40,12,-1
01_13_07_03_0584.bmp,0,7,3,16,13,13,25,40,40,40,-1
01_13_07_03_0587.bmp,0,7,3,16,13,12,12,40,40,40,-1
01_13_07_03_0591.bmp,0,7,3,16,13,40,12,40,40,40,-1
01_13_07_03_0592.bmp,0,7,3,16,13,13,12,20,40,40,-1
01_13_07_03_0594.bmp,0,7,3,16,13,40,25,40,40,13,-1
01_13_07_03_0596.bmp,0,7,3,16,13,40,12,0,40,40,-1
01_13_07_03_0599.bmp,0,7,3,16,13,40,13,40,40,24,-1
01_13_07_03_0600.bmp,0,7,3,16,13,40,12,40,40,40,-1
01_13_07_03_0604.bmp,0,7,3,16,13,13,13,40,40,13,-1
01_13_07_03_0605.bmp,0,7,3,16,13,13,13,40,40,13,-1
01_13_07_03_0607.bmp,0,7,3,16,13,13,13,40,13,13,-1
01_13_07_03_0608.bmp,0,7,3,16,13,13,13,40,13,13,-1
01_13_07_03_0609.bmp,0,7,3,16,13,13,13,40,13,13,-1
01_13_07_03_0611.bmp,0,7,3,16,13,13,13,40,13,13,-1
01_13_07_03_0613.bmp,0,7,3,16,13,13,13,40,13,13,-1
01_13_07_03_0615.bmp,0,7,3,16,13,13,13,25,13,13,-1
01_13_07_03_0616.bmp,0,7,3,16,13,13,13,13,13,13,-1
01_13_07_03_0626.bmp,0,7,3,16,13,13,13,13,13,13,-1
01_03_07_04_0004.bmp,0,7,4,16,9,12,12,0,40,40,-1
01_03_07_04_0005.bmp,0,7,4,16,9,12,12,19,12,40,-1
01_03_07_04_0011.bmp,0,7,4,16,9,12,12,22,40,40,-1
01_03_07_04_0015.bmp,0,7,4,16,9,12,12,20,40,40,-1
01_03_07_04_0016.bmp,0,7,4,16,9,12,12,40,40,40,-1
01_03_07_04_0017.bmp,0,7,4,16,9,40,12,2,40,40,-1
01_03_07_04_0024.bmp,0,7,4,16,9,12,12,19,40,40,-1
01_03_07_04_0025.bmp,0,7,4,16,9,25,11,20,40,25,-1
01_03_07_04_0028.bmp,0,7,4,16,9,40,12,2,40,40,-1
01_03_07_04_0029.bmp,0,7,4,16,9,40,12,2,40,38,-1
01_03_07_04_0030.bmp,0,7,4,16,9,40,12,20,40,40,-1
01_03_07_04_0032.bmp,0,7,4,16,9,40,11,20,40,40,-1
01_03_07_04_0033.bmp,0,7,4,16,9,40,12,19,40,40,-1
01_03_07_04_0034.bmp,0,7,4,16,9,40,12,40,40,25,-1
01_03_07_04_0041.bmp,0,7,4,16,9,40,12,40,40,2,-1
01_03_07_04_0047.bmp,0,7,4,16,9,40,12,40,40,40,-1
01_03_07_04_0048.bmp,0,7,4,16,9,40,12,20,40,40,-1
01_03_07_04_0050.bmp,0,7,4,16,9,40,12,20,40,40,-1
01_03_07_04_0051.bmp,0,7,4,16,9,40,12,40,40,40,-1
01_03_07_04_0052.bmp,0,7,4,16,9,40,12,40,40,40,-1
01_03_07_04_0055.bmp,0,7,4,16,9,40,13,40,40,40,-1
01_03_07_04_0057.bmp,0,7,4,16,9,12,25,0,19,13,-1
01_03_07_04_0058.bmp,0,7,4,16,9,12,12,20,19,25,-1
01_03_07_04_0059.bmp,0,7,4,16,9,12,25,23,19,19,-1
01_03_07_04_0064.bmp,0,7,4,16,9,24,25,20,24,24,-1
01_03_07_04_0071.bmp,0,7,4,16,9,12,12,25,24,24,-1
01_03_07_04_0072.bmp,0,7,4,16,9,12,25,25,13,24,-1
01_03_07_04_0074.bmp,0,7,4,16,9,13,13,20,13,13,-1
01_03_07_04_0075.bmp,0,7,4,16,9,13,13,25,13,13,-1
01_03_07_04_0076.bmp,0,7,4,16,9,13,13,25,19,14,-1
01_03_07_04_0077.bmp,0,7,4,16,9,13,13,25,41,13,-1
01_03_07_04_0078.bmp,0,7,4,16,9,12,13,25,19,12,-1
01_03_07_04_0083.bmp,0,7,4,16,9,41,13,41,41,41,-1
01_03_07_04_0084.bmp,0,7,4,16,9,13,13,13,15,26,-1
01_06_07_04_0001.bmp,1,7,4,16,14,25,32,23,25,12,-1
01_06_07_04_0003.bmp,1,7,4,16,14,12,12,25,12,25,-1
01_06_07_04_0005.bmp,0,7,4,16,14,25,25,20,25,14,-1
01_06_07_04_0005.bmp,1,7,4,16,14,25,11,23,25,25,-1
01_06_07_04_0006.bmp,0,7,4,16,14,2,25,20,24,24,-1
01_06_07_04_0006.bmp,1,7,4,16,14,25,11,20,25,11,-1
01_06_07_04_0007.bmp,0,7,4,16,14,25,25,23,24,24,-1
01_06_07_04_0008.bmp,1,7,4,16,14,0,11,19,0,0,-1
01_06_07_04_0010.bmp,0,7,4,16,14,25,25,25,14,14,-1
01_06_07_04_0011.bmp,0,7,4,16,14,25,25,25,14,14,-1
01_06_07_04_0013.bmp,0,7,4,16,14,25,25,25,14,14,-1
01_06_07_04_0014.bmp,0,7,4,16,14,25,25,25,14,14,-1
01_06_07_04_0016.bmp,1,7,4,16,14,25,11,20,0,25,-1
01_06_07_04_0018.bmp,1,7,4,16,14,12,11,20,0,0,-1
01_06_07_04_0020.bmp,0,7,4,16,14,25,25,25,14,14,-1
01_06_07_04_0020.bmp,1,7,4,16,14,25,11,20,0,25,-1
01_06_07_04_0021.bmp,0,7,4,16,14,14,25,25,14,14,-1
01_06_07_04_0021.bmp,1,7,4,16,14,12,11,20,0,0,-1
01_06_07_04_0022.bmp,1,7,4,16,14,25,11,23,25,14,-1
01_06_07_04_0023.bmp,0,7,4,16,14,14,25,24,14,14,-1
01_06_07_04_0023.bmp,1,7,4,16,14,25,11,23,25,25,-1
01_06_07_04_0025.bmp,0,7,4,16,14,14,25,25,14,14,-1
01_06_07_04_0026.bmp,0,7,4,16,14,14,25,25,14,14,-1
01_06_07_04_0027.bmp,0,7,4,16,14,14,25,25,14,14,-1
01_06_07_04_0028.bmp,0,7,4,16,14,14,25,24,14,14,-1
01_06_07_04_0028.bmp,1,7,4,16,14,25,25,2,24,14,-1
01_06_07_04_0031.bmp,1,7,4,16,14,12,16,0,40,28,-1
01_06_07_04_0032.bmp,0,7,4,16,14,14,25,24,14,14,-1
01_06_07_04_0032.bmp,1,7,4,16,14,12,31,0,12,40,-1
01_06_07_04_0033.bmp,0,7,4,16,14,14,25,25,14,14,-1
01_06_07_04_0033.bmp,1,7,4,16,14,12,31,0,12,1,-1
01_06_07_04_0035.bmp,0,7,4,16,14,14,25,24,14,14,-1
01_06_07_04_0036.bmp,1,7,4,16,14,12,11,22,12,25,-1
01_06_07_04_0038.bmp,1,7,4,16,14,12,11,0,40,1,-1
01_06_07_04_0040.bmp,0,7,4,16,14,14,25,25,14,14,-1
01_06_07_04_0044.bmp,0,7,4,16,14,14,25,23,14,23,-1
01_06_07_04_0044.bmp,1,7,4,16,14,12,11,23,13,13,-1
01_06_07_04_0047.bmp,0,7,4,16,14,25,12,2,2,2,-1
01_06_07_04_0048.bmp,0,7,4,16,14,12,12,0,2,12,-1
01_06_07_04_0049.bmp,0,7,4,16,14,2,12,2,2,2,-1
01_06_07_04_0050.bmp,0,7,4,16,14,12,12,2,2,40,-1
01_06_07_04_0053.bmp,0,7,4,16,14,13,25,20,13,13,-1
01_06_07_04_0054.bmp,0,7,4,16,14,25,25,20,40,11,-1
01_06_07_04_0055.bmp,0,7,4,16,14,25,25,40,40,12,-1
01_06_07_04_0056.bmp,0,7,4,16,14,12,25,20,13,13,-1
01_06_07_04_0064.bmp,0,7,4,16,14,13,25,20,18,13,-1
01_06_07_04_0065.bmp,0,7,4,16,14,5,25,20,25,24,-1
01_06_07_04_0066.bmp,0,7,4,16,14,13,25,20,25,13,-1
01_06_07_04_0067.bmp,0,7,4,16,14,25,25,20,25,25,-1
01_06_07_04_0068.bmp,0,7,4,16,14,13,25,20,25,13,-1
01_06_07_04_0076.bmp,0,7,4,16,14,25,25,20,25,23,-1
01_06_07_04_0079.bmp,0,7,4,16,14,12,25,25,25,24,-1
01_06_07_04_0080.bmp,0,7,4,16,14,25,25,23,25,25,-1
01_06_07_04_0084.bmp,0,7,4,16,14,24,25,25,25,24,-1
01_06_07_04_0085.bmp,0,7,4,16,14,25,25,20,25,25,-1
01_06_07_04_0088.bmp,0,7,4,16,14,14,14,14,14,14,-1
01_11_07_04_0001.bmp,0,7,4,16,12,12,12,0,12,12,-1
01_11_07_04_0006.bmp,0,7,4,16,12,12,12,2,12,25,-1
01_11_07_04_0010.bmp,0,7,4,16,12,12,12,0,12,0,-1
01_11_07_04_0014.bmp,0,7,4,16,12,12,12,2,12,40,-1
01_11_07_04_0016.bmp,0,7,4,16,12,12,12,0,12,26,-1
01_11_07_04_0023.bmp,0,7,4,16,12,12,12,19,12,39,-1
01_11_07_04_0026.bmp,0,7,4,16,12,12,25,2,12,14,-1
01_11_07_04_0030.bmp,0,7,4,16,12,12,11,2,25,2,-1
01_11_07_04_0032.bmp,0,7,4,16,12,12,25,20,25,40,-1
01_11_07_04_0034.bmp,0,7,4,16,12,12,12,2,12,12,-1
01_11_07_04_0036.bmp,0,7,4,16,12,25,12,20,25,25,-1
01_11_07_04_0041.bmp,0,7,4,16,12,12,12,2,12,40,-1
01_11_07_04_0045.bmp,0,7,4,16,12,12,12,2,25,25,-1
01_11_07_04_0059.bmp,0,7,4,16,12,12,12,20,24,24,-1
01_11_07_04_0067.bmp,0,7,4,16,12,12,12,25,24,24,-1
01_11_07_04_0068.bmp,0,7,4,16,12,12,12,25,24,24,-1
01_11_07_04_0069.bmp,0,7,4,16,12,12,12,25,4,12,-1
01_11_07_04_0074.bmp,0,7,4,16,12,4,12,25,4,4,-1
01_12_07_04_0001.bmp,0,7,4,16,17,23,12,2,23,23,-1
01_12_07_04_0004.bmp,1,7,4,16,17,12,32,11,2,7,-1
01_12_07_04_0005.bmp,0,7,4,16,17,25,25,0,23,38,-1
01_12_07_04_0006.bmp,1,7,4,16,17,13,11,12,13,1,-1
01_12_07_04_0007.bmp,0,7,4,16,17,25,25,20,25,25,-1
01_12_07_04_0007.bmp,1,7,4,16,17,12,12,11,13,40,-1
01_12_07_04_0010.bmp,1,7,4,16,17,12,11,12,23,14,-1
01_12_07_04_0012.bmp,1,7,4,16,17,12,11,11,7,14,-1
01_12_07_04_0013.bmp,0,7,4,16,17,12,12,23,1,12,-1
01_12_07_04_0017.bmp,1,7,4,16,17,12,12,12,12,12,-1
01_12_07_04_0018.bmp,0,7,4,16,17,12,12,2,1,12,-1
01_12_07_04_0020.bmp,1,7,4,16,17,12,11,25,12,23,-1
01_12_07_04_0021.bmp,0,7,4,16,17,25,25,2,25,14,-1
01_12_07_04_0022.bmp,0,7,4,16,17,12,25,2,24,24,-1
01_12_07_04_0024.bmp,1,7,4,16,17,12,11,12,12,33,-1
01_12_07_04_0025.bmp,0,7,4,16,17,24,25,23,24,24,-1
01_12_07_04_0028.bmp,0,7,4,16,17,2,13,2,23,2,-1
01_12_07_04_0029.bmp,0,7,4,16,17,2,12,19,23,2,-1
01_12_07_04_0029.bmp,1,7,4,16,17,12,11,42,12,26,-1
01_12_07_04_0033.bmp,0,7,4,16,17,26,13,22,26,14,-1
01_12_07_04_0033.bmp,1,7,4,16,17,12,12,13,12,26,-1
01_12_07_04_0034.bmp,0,7,4,16,17,14,26,25,14,14,-1
01_12_07_04_0034.bmp,1,7,4,16,17,12,11,11,12,23,-1
01_12_07_04_0038.bmp,0,7,4,16,17,14,26,25,14,14,-1
01_12_07_04_0040.bmp,0,7,4,16,17,14,14,14,14,14,-1
01_12_07_04_0042.bmp,0,7,4,16,17,14,14,14,14,14,-1
01_12_07_04_0045.bmp,0,7,4,16,17,12,12,12,12,12,-1
01_12_07_04_0049.bmp,0,7,4,16,17,12,11,12,12,12,-1
01_12_07_04_0050.bmp,0,7,4,16,17,12,12,25,12,1,-1
01_12_07_04_0052.bmp,0,7,4,16,17,12,12,25,12,12,-1
01_12_07_04_0056.bmp,0,7,4,16,17,12,11,0,12,12,-1
01_12_07_04_0057.bmp,0,7,4,16,17,12,11,0,12,1,-1
01_12_07_04_0061.bmp,0,7,4,16,17,12,11,21,12,12,-1
01_12_07_04_0063.bmp,0,7,4,16,17,0,11,0,0,0,-1
01_12_07_04_0071.bmp,0,7,4,16,17,12,25,23,12,14,-1
01_12_07_04_0073.bmp,0,7,4,16,17,12,11,20,0,11,-1
01_12_07_04_0076.bmp,0,7,4,16,17,12,11,20,12,0,-1
01_12_07_04_0081.bmp,0,7,4,16,17,12,0,20,12,25,-1
01_12_07_04_0082.bmp,0,7,4,16,17,12,11,20,12,0,-1
01_12_07_04_0083.bmp,0,7,4,16,17,12,11,20,12,12,-1
01_12_07_04_0092.bmp,0,7,4,16,17,12,25,23,25,14,-1
01_12_07_04_0094.bmp,0,7,4,16,17,12,11,23,25,25,-1
01_12_07_04_0096.bmp,0,7,4,16,17,12,11,20,0,11,-1
01_12_07_04_0101.bmp,0,7,4,16,17,0,11,20,0,14,-1
01_12_07_04_0102.bmp,0,7,4,16,17,0,25,2,0,14,-1
01_12_07_04_0104.bmp,0,7,4,16,17,0,11,20,0,13,-1
01_12_07_04_0105.bmp,0,7,4,16,17,0,25,2,0,0,-1
01_12_07_04_0111.bmp,0,7,4,16,17,12,25,23,25,14,-1
01_13_07_04_0003.bmp,0,7,4,16,13,12,12,40,40,34,-1
01_13_07_04_0003.bmp,1,7,4,16,13,11,11,2,11,25,-1
01_13_07_04_0004.bmp,1,7,4,16,13,11,11,20,11,23,-1
01_13_07_04_0011.bmp,1,7,4,16,13,25,11,0,11,13,-1
01_13_07_04_0013.bmp,0,7,4,16,13,12,12,40,40,40,-1
01_13_07_04_0014.bmp,1,7,4,16,13,25,11,0,25,25,-1
01_13_07_04_0016.bmp,0,7,4,16,13,12,12,28,40,40,-1
01_13_07_04_0017.bmp,0,7,4,16,13,13,12,40,40,40,-1
01_13_07_04_0021.bmp,0,7,4,16,13,12,12,40,40,40,-1
01_13_07_04_0022.bmp,0,7,4,16,13,12,12,40,12,40,-1
01_13_07_04_0024.bmp,0,7,4,16,13,12,12,40,40,40,-1
01_13_07_04_0026.bmp,0,7,4,16,13,12,12,40,40,40,-1
01_13_07_04_0026.bmp,1,7,4,16,13,25,11,0,25,40,-1
01_13_07_04_0027.bmp,0,7,4,16,13,12,12,6,12,12,-1
01_13_07_04_0028.bmp,0,7,4,16,13,12,12,25,12,25,-1
01_13_07_04_0028.bmp,1,7,4,16,13,25,11,2,25,4,-1
01_13_07_04_0032.bmp,1,7,4,16,13,25,11,20,13,13,-1
01_13_07_04_0033.bmp,1,7,4,16,13,25,11,0,11,4,-1
01_13_07_04_0034.bmp,0,7,4,16,13,12,12,40,12,40,-1
01_13_07_04_0035.bmp,0,7,4,16,13,12,12,25,12,14,-1
01_13_07_04_0035.bmp,1,7,4,16,13,25,11,2,13,40,-1
01_13_07_04_0036.bmp,1,7,4,16,13,25,11,2,13,25,-1
01_13_07_04_0037.bmp,0,7,4,16,13,12,12,37,12,33,-1
01_13_07_04_0040.bmp,0,7,4,16,13,12,12,40,12,23,-1
01_13_07_04_0040.bmp,1,7,4,16,13,25,11,25,13,13,-1
01_13_07_04_0041.bmp,0,7,4,16,13,12,12,40,40,40,-1
01_13_07_04_0042.bmp,0,7,4,16,13,12,12,40,40,35,-1
01_13_07_04_0042.bmp,1,7,4,16,13,25,11,2,13,13,-1
01_13_07_04_0044.bmp,1,7,4,16,13,25,11,0,13,25,-1
01_13_07_04_0046.bmp,0,7,4,16,13,12,12,40,40,40,-1
01_13_07_04_0051.bmp,0,7,4,16,13,12,12,40,40,24,-1
01_13_07_04_0052.bmp,0,7,4,16,13,12,12,40,40,40,-1
01_13_07_04_0054.bmp,0,7,4,16,13,12,12,40,40,26,-1
01_13_07_04_0055.bmp,0,7,4,16,13,40,12,40,40,40,-1
01_13_07_04_0056.bmp,0,7,4,16,13,12,12,40,40,40,-1
01_13_07_04_0057.bmp,1,7,4,16,13,13,13,25,13,13,-1
01_13_07_04_0058.bmp,0,7,4,16,13,12,12,40,40,40,-1
01_13_07_04_0059.bmp,0,7,4,16,13,12,12,20,40,20,-1
01_13_07_04_0060.bmp,0,7,4,16,13,12,12,40,40,40,-1
01_13_07_04_0060.bmp,1,7,4,16,13,13,13,13,13,13,-1
01_13_07_04_0061.bmp,1,7,4,16,13,13,13,13,13,13,-1
01_13_07_04_0063.bmp,1,7,4,16,13,12,12,23,23,12,-1
01_13_07_04_0066.bmp,1,7,4,16,13,12,12,21,23,13,-1
01_13_07_04_0067.bmp,1,7,4,16,13,12,12,20,23,12,-1
01_13_07_04_0068.bmp,1,7,4,16,13,23,11,25,23,11,-1
01_13_07_04_0069.bmp,1,7,4,16,13,23,12,25,13,23,-1
01_13_07_04_0072.bmp,0,7,4,16,13,12,12,40,25,1,-1
01_13_07_04_0072.bmp,1,7,4,16,13,23,11,11,7,40,-1
01_13_07_04_0073.bmp,0,7,4,16,13,12,12,40,12,25,-1
01_13_07_04_0073.bmp,1,7,4,16,13,12,11,25,23,25,-1
01_13_07_04_0074.bmp,0,7,4,16,13,12,11,40,25,25,-1
01_13_07_04_0076.bmp,0,7,4,16,13,25,11,40,11,25,-1
01_13_07_04_0078.bmp,0,7,4,16,13,13,1,40,13,12,-1
01_13_07_04_0079.bmp,0,7,4,16,13,25,11,40,25,13,-1
01_13_07_04_0079.bmp,1,7,4,16,13,13,12,13,13,13,-1
01_13_07_04_0082.bmp,1,7,4,16,13,12,12,2,12,12,-1
01_13_07_04_0083.bmp,0,7,4,16,13,13,13,40,13,13,-1
01_13_07_04_0084.bmp,0,7,4,16,13,25,13,25,13,13,-1
01_13_07_04_0085.bmp,0,7,4,16,13,13,13,25,13,13,-1
01_13_07_04_0087.bmp,0,7,4,16,13,13,13,25,13,25,-1
01_13_07_04_0088.bmp,1,7,4,16,13,23,11,2,23,23,-1
01_13_07_04_0089.bmp,1,7,4,16,13,12,11,40,23,12,-1
01_13_07_04_0090.bmp,0,7,4,16,13,13,13,25,13,13,-1
01_13_07_04_0090.bmp,1,7,4,16,13,12,12,20,12,11,-1
01_13_07_04_0093.bmp,0,7,4,16,13,13,13,13,13,13,-1
01_13_07_04_0093.bmp,1,7,4,16,13,12,12,0,12,12,-1
01_13_07_04_0094.bmp,1,7,4,16,13,12,11,20,23,40,-1
01_13_07_04_0095.bmp,0,7,4,16,13,13,13,13,13,13,-1
01_13_07_04_0098.bmp,1,7,4,16,13,12,12,0,40,23,-1
01_13_07_04_0099.bmp,1,7,4,16,13,12,12,0,12,12,-1
01_13_07_04_0100.bmp,0,7,4,16,13,13,13,13,13,13,-1
01_13_07_04_0101.bmp,0,7,4,16,13,13,13,13,13,13,-1
01_13_07_04_0101.bmp,1,7,4,16,13,12,12,0,12,12,-1
01_13_07_04_0105.bmp,1,7,4,16,13,25,11,20,25,40,-1
01_13_07_04_0107.bmp,0,7,4,16,13,13,13,13,13,13,-1
01_13_07_04_0108.bmp,0,7,4,16,13,13,13,13,13,13,-1
01_13_07_04_0109.bmp,1,7,4,16,13,12,12,20,40,40,-1
01_13_07_04_0110.bmp,0,7,4,16,13,13,13,13,13,13,-1
01_13_07_04_0110.bmp,1,7,4,16,13,12,12,20,40,40,-1
01_13_07_04_0111.bmp,0,7,4,16,13,13,13,13,13,13,-1
01_13_07_04_0112.bmp,0,7,4,16,13,13,13,13,13,13,-1
01_13_07_04_0113.bmp,1,7,4,16,13,12,12,20,40,40,-1
01_13_07_04_0114.bmp,1,7,4,16,13,12,12,20,12,12,-1
01_13_07_04_0115.bmp,0,7,4,16,13,23,12,2,23,23,-1
01_13_07_04_0115.bmp,1,7,4,16,13,12,11,20,12,25,-1
01_13_07_04_0116.bmp,1,7,4,16,13,12,12,19,12,12,-1
01_13_07_04_0117.bmp,1,7,4,16,13,12,11,20,12,12,-1
01_13_07_04_0118.bmp,0,7,4,16,13,4,12,40,40,40,-1
01_13_07_04_0118.bmp,1,7,4,16,13,12,12,20,12,12,-1
01_13_07_04_0119.bmp,0,7,4,16,13,23,12,0,23,23,-1
01_13_07_04_0119.bmp,1,7,4,16,13,12,12,20,12,12,-1
01_13_07_04_0122.bmp,1,7,4,16,13,12,12,20,12,24,-1
01_13_07_04_0123.bmp,0,7,4,16,13,40,12,40,40,40,-1
01_13_07_04_0124.bmp,0,7,4,16,13,40,40,19,40,40,-1
01_13_07_04_0124.bmp,1,7,4,16,13,12,12,20,12,12,-1
01_13_07_04_0125.bmp,0,7,4,16,13,40,40,2,40,40,-1
01_13_07_04_0125.bmp,1,7,4,16,13,12,12,20,40,24,-1
01_13_07_04_0126.bmp,0,7,4,16,13,40,40,19,40,40,-1
01_13_07_04_0128.bmp,1,7,4,16,13,12,12,20,40,24,-1
01_13_07_04_0129.bmp,0,7,4,16,13,40,12,20,40,40,-1
01_13_07_04_0130.bmp,0,7,4,16,13,40,12,40,40,40,-1
01_13_07_04_0131.bmp,0,7,4,16,13,40,12,20,40,40,-1
01_13_07_04_0131.bmp,1,7,4,16,13,12,12,20,40,12,-1
01_13_07_04_0132.bmp,0,7,4,16,13,40,40,20,40,40,-1
01_13_07_04_0133.bmp,1,7,4,16,13,40,25,2,40,13,-1
01_13_07_04_0134.bmp,1,7,4,16,13,12,12,2,12,23,-1
01_13_07_04_0136.bmp,1,7,4,16,13,12,12,20,40,40,-1
01_13_07_04_0137.bmp,0,7,4,16,13,40,40,19,40,40,-1
01_13_07_04_0137.bmp,1,7,4,16,13,12,12,2,40,24,-1
01_13_07_04_0138.bmp,0,7,4,16,13,40,40,40,40,40,-1
01_13_07_04_0139.bmp,0,7,4,16,13,40,40,40,40,40,-1
01_13_07_04_0139.bmp,1,7,4,16,13,12,12,40,40,13,-1
01_13_07_04_0140.bmp,1,7,4,16,13,12,12,20,40,24,-1
01_13_07_04_0143.bmp,1,7,4,16,13,40,12,20,40,12,-1
01_13_07_04_0146.bmp,0,7,4,16,13,13,13,20,13,40,-1
01_13_07_04_0149.bmp,0,7,4,16,13,40,12,40,40,40,-1
01_13_07_04_0149.bmp,1,7,4,16,13,12,12,2,40,40,-1
01_13_07_04_0150.bmp,0,7,4,16,13,40,13,40,40,40,-1
01_13_07_04_0150.bmp,1,7,4,16,13,12,12,20,40,24,-1
01_13_07_04_0151.bmp,0,7,4,16,13,40,13,40,40,13,-1
01_13_07_04_0154.bmp,0,7,4,16,13,40,13,40,40,40,-1
01_13_07_04_0154.bmp,1,7,4,16,13,12,12,40,40,40,-1
01_13_07_04_0155.bmp,0,7,4,16,13,13,13,40,40,40,-1
01_13_07_04_0159.bmp,0,7,4,16,13,13,13,20,13,13,-1
01_13_07_04_0160.bmp,0,7,4,16,13,13,13,13,13,13,-1
01_13_07_04_0160.bmp,1,7,4,16,13,12,12,40,40,40,-1
01_13_07_04_0162.bmp,1,7,4,16,13,40,12,40,40,40,-1
01_13_07_04_0163.bmp,0,7,4,16,13,13,13,13,30,13,-1
01_13_07_04_0164.bmp,0,7,4,16,13,13,13,13,13,13,-1
01_13_07_04_0164.bmp,1,7,4,16,13,12,12,40,40,40,-1
01_13_07_04_0165.bmp,0,7,4,16,13,13,13,13,13,13,-1
01_13_07_04_0166.bmp,1,7,4,16,13,12,12,40,40,12,-1
01_13_07_04_0168.bmp,1,7,4,16,13,12,12,2,12,40,-1
01_13_07_04_0170.bmp,0,7,4,16,13,13,12,1,13,12,-1
01_13_07_04_0170.bmp,1,7,4,16,13,12,12,20,40,24,-1
01_13_07_04_0171.bmp,0,7,4,16,13,13,12,12,13,13,-1
01_13_07_04_0172.bmp,0,7,4,16,13,13,31,12,13,13,-1
01_13_07_04_0172.bmp,1,7,4,16,13,12,12,40,40,24,-1
01_13_07_04_0173.bmp,0,7,4,16,13,12,12,42,12,12,-1
01_13_07_04_0173.bmp,1,7,4,16,13,12,11,40,13,13,-1
01_13_07_04_0174.bmp,0,7,4,16,13,12,13,25,12,40,-1
01_13_07_04_0174.bmp,1,7,4,16,13,40,12,20,40,40,-1
01_13_07_04_0175.bmp,1,7,4,16,13,12,12,20,12,24,-1
01_13_07_04_0176.bmp,1,7,4,16,13,12,12,40,40,40,-1
01_13_07_04_0177.bmp,1,7,4,16,13,12,12,2,40,24,-1
01_13_07_04_0178.bmp,0,7,4,16,13,13,13,12,13,13,-1
01_13_07_04_0178.bmp,1,7,4,16,13,40,12,40,40,40,-1
01_13_07_04_0179.bmp,0,7,4,16,13,13,13,11,13,12,-1
01_13_07_04_0179.bmp,1,7,4,16,13,12,12,40,40,2,-1
01_13_07_04_0180.bmp,0,7,4,16,13,12,11,25,12,13,-1
01_13_07_04_0182.bmp,0,7,4,16,13,12,12,1,13,12,-1
01_13_07_04_0182.bmp,1,7,4,16,13,12,12,40,12,24,-1
01_13_07_04_0185.bmp,0,7,4,16,13,12,12,1,38,38,-1
01_13_07_04_0193.bmp,1,7,4,16,13,12,12,40,40,40,-1
01_13_07_04_0196.bmp,0,7,4,16,13,13,13,11,13,13,-1
01_13_07_04_0197.bmp,1,7,4,16,13,12,12,40,12,24,-1
01_13_07_04_0199.bmp,0,7,4,16,13,12,13,25,13,13,-1
01_13_07_04_0202.bmp,0,7,4,16,13,12,13,12,13,13,-1
01_13_07_04_0203.bmp,0,7,4,16,13,12,12,25,40,13,-1
01_13_07_04_0206.bmp,0,7,4,16,13,12,13,25,13,40,-1
01_13_07_04_0207.bmp,1,7,4,16,13,12,12,40,12,12,-1
01_13_07_04_0209.bmp,0,7,4,16,13,13,13,40,13,12,-1
01_13_07_04_0209.bmp,1,7,4,16,13,12,12,2,40,25,-1
01_13_07_04_0210.bmp,1,7,4,16,13,12,12,40,40,13,-1
01_13_07_04_0212.bmp,0,7,4,16,13,12,13,40,34,12,-1
01_13_07_04_0212.bmp,1,7,4,16,13,12,12,40,40,40,-1
01_13_07_04_0214.bmp,0,7,4,16,13,12,13,40,40,12,-1
01_13_07_04_0214.bmp,1,7,4,16,13,12,11,40,40,40,-1
01_13_07_04_0215.bmp,1,7,4,16,13,12,12,20,12,24,-1
01_13_07_04_0216.bmp,0,7,4,16,13,13,13,20,13,13,-1
01_13_07_04_0216.bmp,1,7,4,16,13,12,12,40,40,12,-1
01_13_07_04_0217.bmp,1,7,4,16,13,12,12,40,40,24,-1
01_13_07_04_0219.bmp,1,7,4,16,13,12,12,40,40,24,-1
01_13_07_04_0220.bmp,0,7,4,16,13,13,13,40,13,13,-1
01_13_07_04_0221.bmp,0,7,4,16,13,13,13,20,13,13,-1
01_13_07_04_0222.bmp,0,7,4,16,13,13,13,13,13,13,-1
01_13_07_04_0223.bmp,1,7,4,16,13,12,12,40,40,12,-1
01_13_07_04_0226.bmp,0,7,4,16,13,13,13,20,13,13,-1
01_13_07_04_0227.bmp,0,7,4,16,13,13,13,13,13,13,-1
01_13_07_04_0227.bmp,1,7,4,16,13,12,12,40,40,25,-1
01_13_07_04_0231.bmp,0,7,4,16,13,13,13,13,13,13,-1
01_13_07_04_0232.bmp,1,7,4,16,13,12,12,40,12,12,-1
01_13_07_04_0233.bmp,0,7,4,16,13,13,13,13,13,13,-1
01_13_07_04_0235.bmp,0,7,4,16,13,13,13,13,13,13,-1
01_13_07_04_0236.bmp,0,7,4,16,13,13,13,13,13,13,-1
01_13_07_04_0236.bmp,1,7,4,16,13,12,12,20,12,24,-1
01_13_07_04_0238.bmp,1,7,4,16,13,12,12,20,12,24,-1
01_13_07_04_0240.bmp,0,7,4,16,13,13,13,13,13,13,-1
01_13_07_04_0240.bmp,1,7,4,16,13,12,12,2,12,40,-1
01_13_07_04_0242.bmp,1,7,4,16,13,12,12,40,40,24,-1
01_13_07_04_0244.bmp,1,7,4,16,13,12,12,40,40,40,-1
01_13_07_04_0245.bmp,0,7,4,16,13,13,13,13,13,7,-1
01_13_07_04_0246.bmp,0,7,4,16,13,12,13,25,41,12,-1
01_13_07_04_0246.bmp,1,7,4,16,13,12,12,40,12,40,-1
01_13_07_04_0247.bmp,1,7,4,16,13,12,12,40,12,40,-1
01_13_07_04_0249.bmp,0,7,4,16,13,13,13,13,13,13,-1
01_13_07_04_0250.bmp,0,7,4,16,13,13,13,13,13,13,-1
01_13_07_04_0251.bmp,0,7,4,16,13,13,13,13,13,13,-1
01_13_07_04_0252.bmp,0,7,4,16,13,13,13,13,13,13,-1
01_13_07_04_0253.bmp,0,7,4,16,13,13,13,13,13,13,-1
01_13_07_04_0258.bmp,1,7,4,16,13,12,12,40,12,12,-1
01_13_07_04_0259.bmp,1,7,4,16,13,12,12,40,12,12,-1
01_13_07_04_0260.bmp,0,7,4,16,13,13,13,13,13,13,-1
01_13_07_04_0261.bmp,0,7,4,16,13,13,13,13,13,13,-1
01_13_07_04_0262.bmp,0,7,4,16,13,13,13,13,13,13,-1
01_13_07_04_0263.bmp,1,7,4,16,13,12,11,2,12,25,-1
01_13_07_04_0264.bmp,0,7,4,16,13,13,13,13,13,40,-1
01_13_07_04_0264.bmp,1,7,4,16,13,12,12,20,12,12,-1
01_13_07_04_0265.bmp,0,7,4,16,13,13,13,13,13,13,-1
01_13_07_04_0266.bmp,1,7,4,16,13,12,12,2,40,24,-1
01_13_07_04_0267.bmp,0,7,4,16,13,13,13,13,13,13,-1
01_13_07_04_0267.bmp,1,7,4,16,13,12,12,40,12,12,-1
01_13_07_04_0269.bmp,0,7,4,16,13,13,13,13,13,13,-1
01_13_07_04_0272.bmp,0,7,4,16,13,12,12,40,12,12,-1
01_13_07_04_0273.bmp,0,7,4,16,13,12,12,2,12,0,-1
01_13_07_04_0275.bmp,0,7,4,16,13,12,12,2,12,40,-1
01_13_07_04_0278.bmp,0,7,4,16,13,12,12,40,12,40,-1
01_13_07_04_0280.bmp,0,7,4,16,13,12,12,20,12,12,-1
01_13_07_04_0287.bmp,0,7,4,16,13,12,11,20,12,13,-1
01_13_07_04_0289.bmp,0,7,4,16,13,12,12,40,12,40,-1
01_13_07_04_0291.bmp,0,7,4,16,13,12,12,20,40,40,-1
01_13_07_04_0299.bmp,0,7,4,16,13,12,12,40,12,40,-1
01_13_07_04_0306.bmp,0,7,4,16,13,40,12,2,40,24,-1
01_13_07_04_0308.bmp,0,7,4,16,13,12,12,20,40,23,-1
01_13_07_04_0311.bmp,0,7,4,16,13,12,12,40,40,40,-1
01_13_07_04_0312.bmp,0,7,4,16,13,12,12,40,40,12,-1
01_13_07_04_0314.bmp,0,7,4,16,13,40,12,40,40,24,-1
01_13_07_04_0315.bmp,0,7,4,16,13,12,12,20,40,20,-1
01_13_07_04_0316.bmp,0,7,4,16,13,12,12,40,40,40,-1
01_13_07_04_0327.bmp,0,7,4,16,13,12,11,20,12,20,-1
01_13_07_04_0328.bmp,0,7,4,16,13,12,11,20,12,24,-1
01_13_07_04_0333.bmp,0,7,4,16,13,12,11,20,12,12,-1
01_13_07_04_0334.bmp,0,7,4,16,13,12,11,20,12,24,-1
01_13_07_04_0336.bmp,0,7,4,16,13,12,12,25,12,12,-1
01_13_07_04_0337.bmp,0,7,4,16,13,12,11,40,12,24,-1
01_13_07_04_0342.bmp,0,7,4,16,13,12,11,40,12,40,-1
01_13_07_04_0351.bmp,0,7,4,16,13,13,13,13,40,13,-1
01_13_07_04_0352.bmp,0,7,4,16,13,40,13,40,40,40,-1
01_13_07_04_0355.bmp,0,7,4,16,13,13,13,13,4,40,-1
01_13_07_04_0361.bmp,0,7,4,16,13,13,13,20,13,4,-1
01_13_07_04_0363.bmp,0,7,4,16,13,13,13,20,13,13,-1
01_13_07_04_0366.bmp,0,7,4,16,13,13,13,24,13,13,-1
01_13_07_04_0369.bmp,0,7,4,16,13,13,13,24,4,13,-1
01_13_07_04_0372.bmp,0,7,4,16,13,13,13,13,13,13,-1
01_13_07_04_0375.bmp,0,7,4,16,13,13,13,13,13,13,-1
01_13_07_04_0376.bmp,0,7,4,16,13,13,13,13,13,13,-1
01_13_07_04_0377.bmp,0,7,4,16,13,13,13,13,13,13,-1
01_13_07_04_0381.bmp,0,7,4,16,13,13,13,13,13,13,-1
01_13_07_04_0384.bmp,0,7,4,16,13,13,13,13,40,40,-1
01_13_07_04_0389.bmp,0,7,4,16,13,40,11,12,40,13,-1
01_13_07_04_0392.bmp,0,7,4,16,13,12,12,42,7,40,-1
01_13_07_04_0395.bmp,0,7,4,16,13,12,12,25,40,40,-1
01_13_07_04_0398.bmp,0,7,4,16,13,40,11,42,7,40,-1
01_13_07_04_0399.bmp,0,7,4,16,13,12,12,11,7,40,-1
01_13_07_04_0400.bmp,0,7,4,16,13,7,12,42,2,25,-1
01_13_07_04_0401.bmp,0,7,4,16,13,40,12,25,40,4,-1
01_13_07_04_0405.bmp,0,7,4,16,13,7,12,11,7,7,-1
01_13_07_04_0409.bmp,0,7,4,16,13,40,12,11,40,40,-1
01_13_07_04_0413.bmp,0,7,4,16,13,40,12,11,40,7,-1
01_13_07_04_0418.bmp,0,7,4,16,13,12,12,42,7,7,-1
01_13_07_04_0424.bmp,0,7,4,16,13,12,11,11,40,12,-1
01_13_07_04_0425.bmp,0,7,4,16,13,13,12,25,7,7,-1
01_13_07_04_0429.bmp,0,7,4,16,13,40,11,40,40,23,-1
01_13_07_04_0430.bmp,0,7,4,16,13,12,11,40,12,13,-1
01_13_07_04_0432.bmp,0,7,4,16,13,40,12,40,40,1,-1
01_13_07_04_0434.bmp,0,7,4,16,13,40,11,40,40,1,-1
01_13_07_04_0439.bmp,0,7,4,16,13,40,12,40,40,40,-1
01_13_07_04_0442.bmp,0,7,4,16,13,25,11,20,40,24,-1
01_13_07_04_0443.bmp,0,7,4,16,13,40,12,19,40,13,-1
01_13_07_04_0444.bmp,0,7,4,16,13,40,11,40,40,35,-1
01_13_07_04_0448.bmp,0,7,4,16,13,12,11,40,12,40,-1
01_13_07_04_0450.bmp,0,7,4,16,13,25,11,40,40,12,-1
01_13_07_04_0452.bmp,0,7,4,16,13,40,12,19,40,40,-1
01_13_07_04_0455.bmp,0,7,4,16,13,12,12,20,40,40,-1
01_13_07_04_0456.bmp,0,7,4,16,13,25,25,19,40,40,-1
01_13_07_04_0461.bmp,0,7,4,16,13,12,12,20,40,25,-1
01_13_07_04_0462.bmp,0,7,4,16,13,40,12,20,40,40,-1
01_13_07_04_0463.bmp,0,7,4,16,13,25,11,40,40,12,-1
01_13_07_04_0464.bmp,0,7,4,16,13,12,12,40,40,40,-1
01_13_07_04_0465.bmp,0,7,4,16,13,12,13,20,12,12,-1
01_13_07_04_0466.bmp,0,7,4,16,13,12,13,40,12,12,-1
01_13_07_04_0471.bmp,0,7,4,16,13,12,13,20,40,40,-1
01_13_07_04_0473.bmp,0,7,4,16,13,12,13,40,12,40,-1
01_13_07_04_0475.bmp,0,7,4,16,13,13,13,20,41,40,-1
01_13_07_04_0476.bmp,0,7,4,16,13,12,13,20,40,40,-1
01_13_07_04_0480.bmp,0,7,4,16,13,12,13,40,40,13,-1
01_13_07_04_0485.bmp,0,7,4,16,13,40,13,40,40,40,-1
01_13_07_04_0486.bmp,0,7,4,16,13,13,13,40,40,13,-1
01_13_07_04_0490.bmp,0,7,4,16,13,13,13,25,40,13,-1
01_13_07_04_0492.bmp,0,7,4,16,13,13,13,40,40,13,-1
01_13_07_04_0495.bmp,0,7,4,16,13,13,13,20,13,13,-1
01_13_07_04_0497.bmp,0,7,4,16,13,13,13,13,13,13,-1
01_13_07_04_0499.bmp,0,7,4,16,13,13,13,13,13,13,-1
01_13_07_04_0500.bmp,0,7,4,16,13,13,13,13,13,13,-1
01_13_07_04_0501.bmp,0,7,4,16,13,13,13,13,13,40,-1
01_13_07_04_0505.bmp,0,7,4,16,13,13,13,13,13,13,-1
01_13_07_04_0508.bmp,0,7,4,16,13,13,13,13,13,13,-1
01_13_07_04_0510.bmp,0,7,4,16,13,13,13,13,13,13,-1
01_13_07_04_0511.bmp,0,7,4,16,13,13,13,13,13,13,-1
01_13_07_04_0514.bmp,0,7,4,16,13,13,13,13,13,13,-1
01_13_07_04_0516.bmp,0,7,4,16,13,12,12,12,23,34,-1
01_13_07_04_0519.bmp,0,7,4,16,13,25,10,23,7,40,-1
01_13_07_04_0521.bmp,0,7,4,16,13,12,12,42,12,40,-1
01_13_07_04_0523.bmp,0,7,4,16,13,40,25,2,40,40,-1
01_13_07_04_0525.bmp,0,7,4,16,13,40,11,40,40,24,-1
01_13_07_04_0526.bmp,0,7,4,16,13,12,12,42,7,40,-1
01_13_07_04_0533.bmp,0,7,4,16,13,12,12,40,40,4,-1
01_13_07_04_0537.bmp,0,7,4,16,13,40,12,40,40,40,-1
01_13_07_04_0538.bmp,0,7,4,16,13,12,12,42,23,23,-1
01_13_07_04_0539.bmp,0,7,4,16,13,12,12,40,40,4,-1
01_13_07_04_0542.bmp,0,7,4,16,13,12,12,25,12,1,-1
01_13_07_04_0544.bmp,0,7,4,16,13,12,11,23,7,23,-1
01_13_07_04_0545.bmp,0,7,4,16,13,12,12,40,40,12,-1
01_13_07_04_0547.bmp,0,7,4,16,13,12,12,40,40,40,-1
01_13_07_04_0549.bmp,0,7,4,16,13,40,12,40,40,40,-1
01_13_07_04_0550.bmp,0,7,4,16,13,25,12,2,7,7,-1
01_13_07_04_0554.bmp,0,7,4,16,13,12,12,25,23,12,-1
01_13_07_04_0557.bmp,0,7,4,16,13,40,12,40,40,4,-1
01_13_07_04_0559.bmp,0,7,4,16,13,40,12,40,40,40,-1
01_13_07_04_0561.bmp,0,7,4,16,13,40,12,40,40,40,-1
01_13_07_04_0564.bmp,0,7,4,16,13,11,11,19,23,23,-1
01_13_07_04_0565.bmp,0,7,4,16,13,40,12,40,40,40,-1
01_13_07_04_0566.bmp,0,7,4,16,13,12,12,25,2,12,-1
01_13_07_04_0567.bmp,0,7,4,16,13,40,12,40,40,40,-1
01_13_07_04_0570.bmp,0,7,4,16,13,12,12,2,2,2,-1
01_13_07_04_0571.bmp,0,7,4,16,13,40,12,40,40,40,-1
01_13_07_04_0573.bmp,0,7,4,16,13,40,12,40,40,40,-1
01_13_07_04_0581.bmp,0,7,4,16,13,40,12,40,40,24,-1
01_13_07_04_0584.bmp,0,7,4,16,13,25,12,0,23,1,-1
01_13_07_04_0586.bmp,0,7,4,16,13,25,25,0,40,40,-1
01_13_07_04_0588.bmp,0,7,4,16,13,40,12,2,40,40,-1
01_13_07_04_0589.bmp,0,7,4,16,13,40,12,40,40,40,-1
01_13_07_04_0590.bmp,0,7,4,16,13,25,25,0,25,25,-1
01_13_07_04_0592.bmp,0,7,4,16,13,40,25,19,40,24,-1
01_13_07_04_0594.bmp,0,7,4,16,13,40,12,0,40,40,-1
01_13_07_04_0595.bmp,0,7,4,16,13,40,12,20,40,24,-1
01_13_07_04_0600.bmp,0,7,4,16,13,40,12,20,40,2,-1
01_13_07_04_0601.bmp,0,7,4,16,13,40,12,40,40,13,-1
01_13_07_04_0605.bmp,0,7,4,16,13,40,12,40,40,40,-1
01_13_07_04_0607.bmp,0,7,4,16,13,12,12,40,40,40,-1
01_13_07_04_0609.bmp,0,7,4,16,13,13,13,40,40,40,-1
01_13_07_04_0610.bmp,0,7,4,16,13,12,12,40,40,40,-1
01_13_07_04_0612.bmp,0,7,4,16,13,12,13,40,40,13,-1
01_13_07_04_0625.bmp,0,7,4,16,13,13,13,13,13,13,-1
01_03_07_05_0001.bmp,0,7,5,16,9,12,12,22,2,0,-1
01_03_07_05_0006.bmp,0,7,5,16,9,12,12,40,2,2,-1
01_03_07_05_0012.bmp,0,7,5,16,9,12,12,22,40,40,-1
01_03_07_05_0015.bmp,0,7,5,16,9,40,12,2,40,2,-1
01_03_07_05_0018.bmp,0,7,5,16,9,40,12,19,40,40,-1
01_03_07_05_0021.bmp,0,7,5,16,9,40,11,20,40,40,-1
01_03_07_05_0024.bmp,0,7,5,16,9,40,12,2,40,40,-1
01_03_07_05_0036.bmp,0,7,5,16,9,40,12,19,40,40,-1
01_03_07_05_0042.bmp,0,7,5,16,9,40,40,40,40,40,-1
01_03_07_05_0043.bmp,0,7,5,16,9,40,12,20,40,2,-1
01_03_07_05_0044.bmp,0,7,5,16,9,40,12,20,40,40,-1
01_03_07_05_0046.bmp,0,7,5,16,9,40,12,19,40,24,-1
01_03_07_05_0048.bmp,0,7,5,16,9,40,12,40,40,40,-1
01_03_07_05_0050.bmp,0,7,5,16,9,40,12,40,40,40,-1
01_03_07_05_0051.bmp,0,7,5,16,9,40,12,20,40,40,-1
01_03_07_05_0055.bmp,0,7,5,16,9,40,12,40,40,40,-1
01_03_07_05_0056.bmp,0,7,5,16,9,19,25,20,25,25,-1
01_03_07_05_0058.bmp,0,7,5,16,9,12,12,2,12,12,-1
01_03_07_05_0061.bmp,0,7,5,16,9,12,12,2,24,40,-1
01_03_07_05_0062.bmp,0,7,5,16,9,12,25,2,25,2,-1
01_03_07_05_0066.bmp,0,7,5,16,9,24,12,2,24,24,-1
01_03_07_05_0068.bmp,0,7,5,16,9,12,12,20,24,24,-1
01_03_07_05_0069.bmp,0,7,5,16,9,12,25,2,24,2,-1
01_03_07_05_0072.bmp,0,7,5,16,9,12,12,20,24,24,-1
01_03_07_05_0075.bmp,0,7,5,16,9,12,12,20,26,24,-1
01_03_07_05_0077.bmp,0,7,5,16,9,12,12,25,25,25,-1
01_03_07_05_0078.bmp,0,7,5,16,9,12,25,25,19,24,-1
01_03_07_05_0082.bmp,0,7,5,16,9,13,13,25,41,25,-1
01_03_07_05_0083.bmp,0,7,5,16,9,13,13,25,18,24,-1
01_06_07_05_0002.bmp,1,7,5,16,14,25,12,20,25,25,-1
01_06_07_05_0003.bmp,1,7,5,16,14,12,11,23,25,13,-1
01_06_07_05_0004.bmp,1,7,5,16,14,12,32,19,12,2,-1
01_06_07_05_0007.bmp,0,7,5,16,14,25,25,20,0,13,-1
01_06_07_05_0007.bmp,1,7,5,16,14,25,11,20,25,25,-1
01_06_07_05_0012.bmp,0,7,5,16,14,25,25,20,25,14,-1
01_06_07_05_0012.bmp,1,7,5,16,14,12,11,20,0,1,-1
01_06_07_05_0013.bmp,1,7,5,16,14,0,11,19,0,12,-1
01_06_07_05_0014.bmp,0,7,5,16,14,25,25,23,25,14,-1
01_06_07_05_0015.bmp,0,7,5,16,14,25,25,20,25,25,-1
01_06_07_05_0015.bmp,1,7,5,16,14,25,11,20,0,1,-1
01_06_07_05_0016.bmp,1,7,5,16,14,25,11,20,25,12,-1
01_06_07_05_0017.bmp,1,7,5,16,14,25,11,20,25,13,-1
01_06_07_05_0021.bmp,0,7,5,16,14,25,25,25,14,23,-1
01_06_07_05_0022.bmp,1,7,5,16,14,25,11,23,25,25,-1
01_06_07_05_0024.bmp,0,7,5,16,14,25,25,20,14,25,-1
01_06_07_05_0026.bmp,1,7,5,16,14,25,11,20,13,14,-1
01_06_07_05_0029.bmp,0,7,5,16,14,14,25,24,14,14,-1
01_06_07_05_0029.bmp,1,7,5,16,14,25,25,23,25,23,-1
01_06_07_05_0030.bmp,0,7,5,16,14,24,25,24,14,14,-1
01_06_07_05_0030.bmp,1,7,5,16,14,12,12,2,12,24,-1
01_06_07_05_0031.bmp,0,7,5,16,14,24,25,25,14,14,-1
01_06_07_05_0031.bmp,1,7,5,16,14,12,11,40,12,40,-1
01_06_07_05_0035.bmp,0,7,5,16,14,24,25,24,14,24,-1
01_06_07_05_0037.bmp,1,7,5,16,14,12,11,0,40,40,-1
01_06_07_05_0038.bmp,0,7,5,16,14,14,25,25,14,14,-1
01_06_07_05_0039.bmp,0,7,5,16,14,14,25,25,14,14,-1
01_06_07_05_0039.bmp,1,7,5,16,14,12,12,40,40,40,-1
01_06_07_05_0040.bmp,1,7,5,16,14,12,12,40,40,40,-1
01_06_07_05_0041.bmp,1,7,5,16,14,12,11,0,40,40,-1
01_06_07_05_0042.bmp,0,7,5,16,14,14,25,24,14,14,-1
01_06_07_05_0043.bmp,1,7,5,16,14,12,12,0,40,40,-1
01_06_07_05_0046.bmp,0,7,5,16,14,25,11,2,40,2,-1
01_06_07_05_0048.bmp,0,7,5,16,14,12,11,2,40,0,-1
01_06_07_05_0050.bmp,0,7,5,16,14,40,11,40,40,40,-1
01_06_07_05_0051.bmp,0,7,5,16,14,40,25,20,40,40,-1
01_06_07_05_0055.bmp,0,7,5,16,14,25,11,40,13,23,-1
01_06_07_05_0056.bmp,0,7,5,16,14,25,11,40,13,2,-1
01_06_07_05_0059.bmp,0,7,5,16,14,13,12,20,13,13,-1
01_06_07_05_0064.bmp,0,7,5,16,14,13,25,20,13,24,-1
01_06_07_05_0066.bmp,0,7,5,16,14,13,20,20,13,13,-1
01_06_07_05_0067.bmp,0,7,5,16,14,20,25,2,20,13,-1
01_06_07_05_0068.bmp,0,7,5,16,14,20,25,20,23,23,-1
01_06_07_05_0070.bmp,0,7,5,16,14,24,25,20,23,23,-1
01_06_07_05_0074.bmp,0,7,5,16,14,13,25,23,25,2,-1
01_06_07_05_0075.bmp,0,7,5,16,14,23,25,23,25,2,-1
01_06_07_05_0076.bmp,0,7,5,16,14,25,25,20,25,2,-1
01_06_07_05_0080.bmp,0,7,5,16,14,25,25,20,25,2,-1
01_06_07_05_0085.bmp,0,7,5,16,14,25,25,19,25,25,-1
01_06_07_05_0088.bmp,0,7,5,16,14,14,14,14,14,14,-1
01_06_07_05_0089.bmp,0,7,5,16,14,17,17,17,8,17,-1
01_11_07_05_0002.bmp,0,7,5,16,12,12,12,25,12,40,-1
01_11_07_05_0003.bmp,0,7,5,16,12,12,12,2,12,22,-1
01_11_07_05_0013.bmp,0,7,5,16,12,12,12,0,12,12,-1
01_11_07_05_0019.bmp,0,7,5,16,12,12,12,0,12,23,-1
01_11_07_05_0020.bmp,0,7,5,16,12,12,12,2,12,40,-1
01_11_07_05_0021.bmp,0,7,5,16,12,12,12,2,12,2,-1
01_11_07_05_0022.bmp,0,7,5,16,12,12,12,2,12,25,-1
01_11_07_05_0024.bmp,0,7,5,16,12,12,25,23,2,39,-1
01_11_07_05_0027.bmp,0,7,5,16,12,12,12,0,25,25,-1
01_11_07_05_0028.bmp,0,7,5,16,12,12,12,19,23,23,-1
01_11_07_05_0031.bmp,0,7,5,16,12,12,12,20,12,40,-1
01_11_07_05_0033.bmp,0,7,5,16,12,25,25,20,2,40,-1
01_11_07_05_0038.bmp,0,7,5,16,12,12,12,20,24,23,-1
01_11_07_05_0039.bmp,0,7,5,16,12,25,25,19,25,25,-1
01_11_07_05_0041.bmp,0,7,5,16,12,12,12,2,25,40,-1
01_11_07_05_0045.bmp,0,7,5,16,12,12,12,20,24,12,-1
01_11_07_05_0047.bmp,0,7,5,16,12,25,25,2,24,20,-1
01_11_07_05_0049.bmp,0,7,5,16,12,12,12,2,24,12,-1
01_11_07_05_0050.bmp,0,7,5,16,12,25,12,2,25,25,-1
01_11_07_05_0052.bmp,0,7,5,16,12,12,25,2,24,24,-1
01_11_07_05_0060.bmp,0,7,5,16,12,12,12,20,19,24,-1
01_11_07_05_0061.bmp,0,7,5,16,12,12,12,2,12,24,-1
01_11_07_05_0062.bmp,0,7,5,16,12,12,12,25,24,40,-1
01_11_07_05_0064.bmp,0,7,5,16,12,12,12,20,40,24,-1
01_11_07_05_0065.bmp,0,7,5,16,12,12,12,20,4,24,-1
01_11_07_05_0069.bmp,0,7,5,16,12,12,12,24,24,24,-1
01_11_07_05_0077.bmp,0,7,5,16,12,4,13,24,4,24,-1
01_11_07_05_0078.bmp,0,7,5,16,12,41,13,25,4,24,-1
01_11_07_05_0080.bmp,0,7,5,16,12,19,25,25,8,19,-1
01_12_07_05_0002.bmp,0,7,5,16,17,1,25,20,11,11,-1
01_12_07_05_0004.bmp,0,7,5,16,17,12,12,19,23,28,-1
01_12_07_05_0005.bmp,0,7,5,16,17,25,12,0,13,2,-1
01_12_07_05_0006.bmp,1,7,5,16,17,12,12,12,12,12,-1
01_12_07_05_0009.bmp,0,7,5,16,17,12,12,20,25,23,-1
01_12_07_05_0009.bmp,1,7,5,16,17,12,12,12,13,12,-1
01_12_07_05_0011.bmp,0,7,5,16,17,25,25,2,25,12,-1
01_12_07_05_0011.bmp,1,7,5,16,17,12,12,11,12,40,-1
01_12_07_05_0012.bmp,0,7,5,16,17,12,25,23,25,14,-1
01_12_07_05_0012.bmp,1,7,5,16,17,12,11,12,7,12,-1
01_12_07_05_0013.bmp,0,7,5,16,17,12,25,2,1,23,-1
01_12_07_05_0015.bmp,0,7,5,16,17,12,12,20,24,24,-1
01_12_07_05_0017.bmp,1,7,5,16,17,31,11,25,23,23,-1
01_12_07_05_0018.bmp,1,7,5,16,17,12,12,12,12,12,-1
01_12_07_05_0021.bmp,1,7,5,16,17,12,12,11,12,1,-1
01_12_07_05_0022.bmp,1,7,5,16,17,12,12,11,12,12,-1
01_12_07_05_0024.bmp,1,7,5,16,17,12,12,25,12,23,-1
01_12_07_05_0025.bmp,1,7,5,16,17,25,11,12,25,25,-1
01_12_07_05_0028.bmp,1,7,5,16,17,12,12,11,26,7,-1
01_12_07_05_0032.bmp,0,7,5,16,17,13,12,2,13,13,-1
01_12_07_05_0032.bmp,1,7,5,16,17,12,12,1,23,23,-1
01_12_07_05_0033.bmp,0,7,5,16,17,23,13,20,23,24,-1
01_12_07_05_0033.bmp,1,7,5,16,17,12,12,25,12,26,-1
01_12_07_05_0034.bmp,0,7,5,16,17,14,25,25,14,14,-1
01_12_07_05_0035.bmp,0,7,5,16,17,41,25,25,14,14,-1
01_12_07_05_0035.bmp,1,7,5,16,17,12,11,12,12,12,-1
01_12_07_05_0036.bmp,1,7,5,16,17,12,12,25,12,40,-1
01_12_07_05_0037.bmp,0,7,5,16,17,14,13,25,14,14,-1
01_12_07_05_0038.bmp,0,7,5,16,17,14,26,25,14,14,-1
01_12_07_05_0040.bmp,0,7,5,16,17,14,14,14,14,14,-1
01_12_07_05_0040.bmp,1,7,5,16,17,12,11,12,12,40,-1
01_12_07_05_0041.bmp,0,7,5,16,17,14,26,14,14,14,-1
01_12_07_05_0043.bmp,0,7,5,16,17,14,26,26,14,14,-1
01_12_07_05_0044.bmp,0,7,5,16,17,12,11,12,12,1,-1
01_12_07_05_0045.bmp,0,7,5,16,17,12,11,11,12,23,-1
01_12_07_05_0051.bmp,0,7,5,16,17,12,11,12,12,12,-1
01_12_07_05_0052.bmp,0,7,5,16,17,12,11,42,12,38,-1
01_12_07_05_0056.bmp,0,7,5,16,17,12,11,19,12,40,-1
01_12_07_05_0060.bmp,0,7,5,16,17,12,11,23,12,11,-1
01_12_07_05_0061.bmp,0,7,5,16,17,12,11,20,12,12,-1
01_12_07_05_0062.bmp,0,7,5,16,17,12,11,19,12,1,-1
01_12_07_05_0068.bmp,0,7,5,16,17,12,12,20,12,0,-1
01_12_07_05_0072.bmp,0,7,5,16,17,12,11,20,12,11,-1
01_12_07_05_0075.bmp,0,7,5,16,17,12,12,2,12,12,-1
01_12_07_05_0077.bmp,0,7,5,16,17,12,11,20,12,1,-1
01_12_07_05_0078.bmp,0,7,5,16,17,12,11,20,12,1,-1
01_12_07_05_0081.bmp,0,7,5,16,17,12,11,19,12,25,-1
01_12_07_05_0082.bmp,0,7,5,16,17,12,12,20,0,11,-1
01_12_07_05_0085.bmp,0,7,5,16,17,12,11,20,12,26,-1
01_12_07_05_0086.bmp,0,7,5,16,17,12,12,19,12,25,-1
01_12_07_05_0088.bmp,0,7,5,16,17,12,11,20,0,14,-1
01_12_07_05_0092.bmp,0,7,5,16,17,12,12,23,12,12,-1
01_12_07_05_0093.bmp,0,7,5,16,17,12,11,20,12,0,-1
01_12_07_05_0097.bmp,0,7,5,16,17,12,11,20,12,25,-1
01_12_07_05_0098.bmp,0,7,5,16,17,12,11,20,12,13,-1
01_12_07_05_0101.bmp,0,7,5,16,17,12,11,23,12,11,-1
01_12_07_05_0105.bmp,0,7,5,16,17,12,11,19,12,1,-1
01_12_07_05_0107.bmp,0,7,5,16,17,12,11,20,11,14,-1
01_12_07_05_0112.bmp,0,7,5,16,17,0,25,23,11,11,-1
01_12_07_05_0113.bmp,0,7,5,16,17,25,25,20,11,14,-1
01_13_07_05_0002.bmp,1,7,5,16,13,11,11,20,11,40,-1
01_13_07_05_0003.bmp,1,7,5,16,13,25,11,20,11,25,-1
01_13_07_05_0005.bmp,1,7,5,16,13,12,11,20,12,12,-1
01_13_07_05_0006.bmp,0,7,5,16,13,12,12,40,40,40,-1
01_13_07_05_0006.bmp,1,7,5,16,13,12,11,20,11,13,-1
01_13_07_05_0007.bmp,1,7,5,16,13,25,11,20,11,13,-1
01_13_07_05_0010.bmp,1,7,5,16,13,12,11,20,11,12,-1
01_13_07_05_0013.bmp,0,7,5,16,13,12,12,40,40,40,-1
01_13_07_05_0014.bmp,1,7,5,16,13,25,11,20,11,11,-1
01_13_07_05_0016.bmp,1,7,5,16,13,12,11,20,12,0,-1
01_13_07_05_0022.bmp,0,7,5,16,13,12,12,40,40,11,-1
01_13_07_05_0024.bmp,0,7,5,16,13,12,12,40,12,40,-1
01_13_07_05_0024.bmp,1,7,5,16,13,12,11,2,12,1,-1
01_13_07_05_0025.bmp,1,7,5,16,13,25,11,20,12,1,-1
01_13_07_05_0026.bmp,0,7,5,16,13,11,12,40,11,23,-1
01_13_07_05_0028.bmp,1,7,5,16,13,25,11,20,25,40,-1
01_13_07_05_0029.bmp,1,7,5,16,13,11,11,2,11,12,-1
01_13_07_05_0030.bmp,0,7,5,16,13,12,12,40,12,40,-1
01_13_07_05_0031.bmp,1,7,5,16,13,25,11,20,25,4,-1
01_13_07_05_0032.bmp,1,7,5,16,13,25,11,25,25,12,-1
01_13_07_05_0034.bmp,0,7,5,16,13,12,12,40,12,25,-1
01_13_07_05_0035.bmp,1,7,5,16,13,25,11,20,11,25,-1
01_13_07_05_0037.bmp,0,7,5,16,13,12,12,40,12,40,-1
01_13_07_05_0037.bmp,1,7,5,16,13,25,11,20,11,14,-1
01_13_07_05_0038.bmp,0,7,5,16,13,12,12,6,12,40,-1
01_13_07_05_0040.bmp,0,7,5,16,13,12,12,25,40,40,-1
01_13_07_05_0043.bmp,1,7,5,16,13,25,11,20,25,25,-1
01_13_07_05_0045.bmp,1,7,5,16,13,25,11,2,25,25,-1
01_13_07_05_0047.bmp,0,7,5,16,13,12,12,40,40,40,-1
01_13_07_05_0047.bmp,1,7,5,16,13,25,11,25,25,25,-1
01_13_07_05_0048.bmp,0,7,5,16,13,12,12,40,40,40,-1
01_13_07_05_0050.bmp,0,7,5,16,13,12,12,40,40,25,-1
01_13_07_05_0052.bmp,0,7,5,16,13,12,12,40,40,24,-1
01_13_07_05_0053.bmp,0,7,5,16,13,12,12,40,40,40,-1
01_13_07_05_0054.bmp,0,7,5,16,13,40,12,40,40,40,-1
01_13_07_05_0056.bmp,1,7,5,16,13,13,13,25,13,25,-1
01_13_07_05_0058.bmp,0,7,5,16,13,40,11,20,40,24,-1
01_13_07_05_0058.bmp,1,7,5,16,13,13,13,25,13,13,-1
01_13_07_05_0059.bmp,0,7,5,16,13,12,11,40,40,23,-1
01_13_07_05_0059.bmp,1,7,5,16,13,13,13,25,13,13,-1
01_13_07_05_0060.bmp,0,7,5,16,13,12,12,40,40,24,-1
01_13_07_05_0061.bmp,0,7,5,16,13,12,12,40,40,40,-1
01_13_07_05_0061.bmp,1,7,5,16,13,13,13,25,13,13,-1
01_13_07_05_0062.bmp,0,7,5,16,13,40,12,40,40,40,-1
01_13_07_05_0062.bmp,1,7,5,16,13,13,13,24,13,13,-1
01_13_07_05_0065.bmp,1,7,5,16,13,12,12,12,23,12,-1
01_13_07_05_0067.bmp,1,7,5,16,13,23,12,12,23,23,-1
01_13_07_05_0068.bmp,0,7,5,16,13,13,11,40,25,13,-1
01_13_07_05_0068.bmp,1,7,5,16,13,12,11,19,23,40,-1
01_13_07_05_0070.bmp,0,7,5,16,13,12,12,40,40,40,-1
01_13_07_05_0071.bmp,0,7,5,16,13,11,11,40,25,40,-1
01_13_07_05_0073.bmp,0,7,5,16,13,12,11,40,25,24,-1
01_13_07_05_0074.bmp,0,7,5,16,13,12,11,40,40,24,-1
01_13_07_05_0075.bmp,0,7,5,16,13,25,12,40,25,40,-1
01_13_07_05_0078.bmp,1,7,5,16,13,23,11,12,23,13,-1
01_13_07_05_0079.bmp,1,7,5,16,13,23,12,11,23,23,-1
01_13_07_05_0080.bmp,1,7,5,16,13,12,12,25,23,23,-1
01_13_07_05_0082.bmp,1,7,5,16,13,40,11,20,23,23,-1
01_13_07_05_0084.bmp,0,7,5,16,13,25,1,20,25,24,-1
01_13_07_05_0084.bmp,1,7,5,16,13,12,12,23,13,12,-1
01_13_07_05_0085.bmp,0,7,5,16,13,25,1,2,25,25,-1
01_13_07_05_0085.bmp,1,7,5,16,13,12,12,0,40,40,-1
01_13_07_05_0086.bmp,1,7,5,16,13,12,12,0,12,23,-1
01_13_07_05_0088.bmp,1,7,5,16,13,12,12,19,12,40,-1
01_13_07_05_0089.bmp,0,7,5,16,13,13,13,25,13,25,-1
01_13_07_05_0090.bmp,0,7,5,16,13,13,13,25,13,13,-1
01_13_07_05_0090.bmp,1,7,5,16,13,12,12,25,23,12,-1
01_13_07_05_0091.bmp,0,7,5,16,13,25,13,25,13,13,-1
01_13_07_05_0091.bmp,1,7,5,16,13,12,12,6,40,23,-1
01_13_07_05_0093.bmp,1,7,5,16,13,12,12,0,23,40,-1
01_13_07_05_0095.bmp,1,7,5,16,13,12,12,0,12,12,-1
01_13_07_05_0096.bmp,1,7,5,16,13,12,11,0,7,7,-1
01_13_07_05_0097.bmp,1,7,5,16,13,12,11,19,23,12,-1
01_13_07_05_0098.bmp,1,7,5,16,13,12,12,25,23,23,-1
01_13_07_05_0100.bmp,0,7,5,16,13,13,13,13,13,13,-1
01_13_07_05_0101.bmp,1,7,5,16,13,12,12,0,23,23,-1
01_13_07_05_0102.bmp,0,7,5,16,13,13,13,13,13,13,-1
01_13_07_05_0104.bmp,1,7,5,16,13,12,11,20,12,0,-1
01_13_07_05_0105.bmp,0,7,5,16,13,13,13,13,13,13,-1
01_13_07_05_0106.bmp,0,7,5,16,13,13,13,13,13,13,-1
01_13_07_05_0107.bmp,0,7,5,16,13,13,13,13,13,13,-1
01_13_07_05_0110.bmp,1,7,5,16,13,40,12,20,40,40,-1
01_13_07_05_0112.bmp,0,7,5,16,13,13,13,13,13,13,-1
01_13_07_05_0113.bmp,1,7,5,16,13,12,11,40,40,40,-1
01_13_07_05_0115.bmp,1,7,5,16,13,12,11,20,40,40,-1
01_13_07_05_0116.bmp,0,7,5,16,13,13,12,19,13,13,-1
01_13_07_05_0117.bmp,0,7,5,16,13,40,12,0,40,23,-1
01_13_07_05_0117.bmp,1,7,5,16,13,12,11,20,12,40,-1
01_13_07_05_0119.bmp,1,7,5,16,13,12,12,20,40,23,-1
01_13_07_05_0120.bmp,0,7,5,16,13,40,12,40,40,40,-1
01_13_07_05_0120.bmp,1,7,5,16,13,12,11,20,13,23,-1
01_13_07_05_0121.bmp,0,7,5,16,13,40,12,19,40,23,-1
01_13_07_05_0121.bmp,1,7,5,16,13,12,12,19,40,25,-1
01_13_07_05_0122.bmp,1,7,5,16,13,40,12,20,40,40,-1
01_13_07_05_0124.bmp,1,7,5,16,13,12,12,20,12,24,-1
01_13_07_05_0128.bmp,0,7,5,16,13,40,40,20,40,40,-1
01_13_07_05_0129.bmp,1,7,5,16,13,40,12,20,40,25,-1
01_13_07_05_0130.bmp,0,7,5,16,13,40,40,19,40,40,-1
01_13_07_05_0130.bmp,1,7,5,16,13,12,12,19,40,40,-1
01_13_07_05_0131.bmp,0,7,5,16,13,40,12,19,40,40,-1
01_13_07_05_0134.bmp,0,7,5,16,13,40,12,20,40,40,-1
01_13_07_05_0135.bmp,1,7,5,16,13,12,12,20,40,24,-1
01_13_07_05_0137.bmp,0,7,5,16,13,40,40,19,40,40,-1
01_13_07_05_0137.bmp,1,7,5,16,13,12,12,20,40,2,-1
01_13_07_05_0138.bmp,0,7,5,16,13,40,40,20,40,40,-1
01_13_07_05_0139.bmp,0,7,5,16,13,40,40,2,40,40,-1
01_13_07_05_0140.bmp,1,7,5,16,13,40,12,40,40,40,-1
01_13_07_05_0142.bmp,1,7,5,16,13,12,12,2,40,40,-1
01_13_07_05_0143.bmp,1,7,5,16,13,12,12,40,40,40,-1
01_13_07_05_0144.bmp,0,7,5,16,13,40,40,40,40,40,-1
01_13_07_05_0145.bmp,0,7,5,16,13,40,40,40,40,40,-1
01_13_07_05_0145.bmp,1,7,5,16,13,40,11,40,40,23,-1
01_13_07_05_0147.bmp,1,7,5,16,13,12,12,20,40,24,-1
01_13_07_05_0152.bmp,1,7,5,16,13,12,12,40,40,23,-1
01_13_07_05_0153.bmp,1,7,5,16,13,12,12,2,40,2,-1
01_13_07_05_0154.bmp,0,7,5,16,13,40,12,40,40,40,-1
01_13_07_05_0154.bmp,1,7,5,16,13,12,12,2,40,40,-1
01_13_07_05_0155.bmp,0,7,5,16,13,40,13,40,40,40,-1
01_13_07_05_0155.bmp,1,7,5,16,13,12,12,40,40,40,-1
01_13_07_05_0156.bmp,1,7,5,16,13,12,12,20,40,12,-1
01_13_07_05_0158.bmp,1,7,5,16,13,40,12,2,40,40,-1
01_13_07_05_0159.bmp,1,7,5,16,13,12,12,2,40,40,-1
01_13_07_05_0160.bmp,1,7,5,16,13,40,12,2,40,25,-1
01_13_07_05_0161.bmp,0,7,5,16,13,40,13,40,40,40,-1
01_13_07_05_0161.bmp,1,7,5,16,13,40,12,40,40,25,-1
01_13_07_05_0164.bmp,0,7,5,16,13,13,13,13,40,13,-1
01_13_07_05_0165.bmp,1,7,5,16,13,40,12,40,40,24,-1
01_13_07_05_0166.bmp,0,7,5,16,13,13,13,13,40,40,-1
01_13_07_05_0167.bmp,0,7,5,16,13,13,13,40,40,40,-1
01_13_07_05_0167.bmp,1,7,5,16,13,12,12,2,12,12,-1
01_13_07_05_0169.bmp,0,7,5,16,13,7,11,12,7,7,-1
01_13_07_05_0173.bmp,1,7,5,16,13,40,11,40,13,24,-1
01_13_07_05_0175.bmp,1,7,5,16,13,12,12,2,12,25,-1
01_13_07_05_0177.bmp,0,7,5,16,13,7,12,1,7,7,-1
01_13_07_05_0177.bmp,1,7,5,16,13,12,12,40,40,40,-1
01_13_07_05_0180.bmp,0,7,5,16,13,23,12,25,23,23,-1
01_13_07_05_0181.bmp,1,7,5,16,13,12,12,2,40,24,-1
01_13_07_05_0186.bmp,1,7,5,16,13,12,12,40,12,40,-1
01_13_07_05_0187.bmp,0,7,5,16,13,2,12,42,2,12,-1
01_13_07_05_0191.bmp,0,7,5,16,13,23,12,42,13,23,-1
01_13_07_05_0192.bmp,1,7,5,16,13,12,12,40,40,23,-1
01_13_07_05_0194.bmp,0,7,5,16,13,23,11,42,23,1,-1
01_13_07_05_0198.bmp,0,7,5,16,13,13,11,40,13,13,-1
01_13_07_05_0198.bmp,1,7,5,16,13,12,11,40,40,2,-1
01_13_07_05_0200.bmp,0,7,5,16,13,7,12,25,7,7,-1
01_13_07_05_0200.bmp,1,7,5,16,13,12,12,40,40,24,-1
01_13_07_05_0203.bmp,1,7,5,16,13,12,12,2,40,40,-1
01_13_07_05_0204.bmp,1,7,5,16,13,12,12,40,40,24,-1
01_13_07_05_0205.bmp,1,7,5,16,13,12,12,40,40,40,-1
01_13_07_05_0206.bmp,0,7,5,16,13,40,12,40,40,40,-1
01_13_07_05_0209.bmp,0,7,5,16,13,40,11,40,40,24,-1
01_13_07_05_0211.bmp,1,7,5,16,13,12,12,2,12,25,-1
01_13_07_05_0212.bmp,0,7,5,16,13,40,25,40,40,40,-1
01_13_07_05_0213.bmp,0,7,5,16,13,40,25,40,40,40,-1
01_13_07_05_0213.bmp,1,7,5,16,13,12,12,40,40,24,-1
01_13_07_05_0215.bmp,1,7,5,16,13,40,11,40,40,24,-1
01_13_07_05_0216.bmp,0,7,5,16,13,40,40,2,40,40,-1
01_13_07_05_0219.bmp,0,7,5,16,13,40,12,40,40,2,-1
01_13_07_05_0219.bmp,1,7,5,16,13,40,12,40,40,24,-1
01_13_07_05_0222.bmp,0,7,5,16,13,40,25,40,40,13,-1
01_13_07_05_0223.bmp,0,7,5,16,13,40,12,40,40,24,-1
01_13_07_05_0223.bmp,1,7,5,16,13,12,12,40,40,2,-1
01_13_07_05_0224.bmp,0,7,5,16,13,40,12,20,40,40,-1
01_13_07_05_0225.bmp,0,7,5,16,13,40,12,20,40,40,-1
01_13_07_05_0227.bmp,0,7,5,16,13,40,12,40,40,40,-1
01_13_07_05_0227.bmp,1,7,5,16,13,12,12,40,40,23,-1
01_13_07_05_0229.bmp,0,7,5,16,13,40,12,20,40,13,-1
01_13_07_05_0231.bmp,1,7,5,16,13,12,11,19,12,24,-1
01_13_07_05_0233.bmp,0,7,5,16,13,40,12,40,40,40,-1
01_13_07_05_0239.bmp,0,7,5,16,13,13,13,25,40,40,-1
01_13_07_05_0239.bmp,1,7,5,16,13,40,11,40,40,23,-1
01_13_07_05_0240.bmp,1,7,5,16,13,12,12,40,40,24,-1
01_13_07_05_0241.bmp,0,7,5,16,13,13,13,25,40,40,-1
01_13_07_05_0244.bmp,0,7,5,16,13,13,13,13,13,40,-1
01_13_07_05_0244.bmp,1,7,5,16,13,12,12,40,40,24,-1
01_13_07_05_0245.bmp,0,7,5,16,13,13,13,25,13,40,-1
01_13_07_05_0248.bmp,0,7,5,16,13,13,13,20,40,40,-1
01_13_07_05_0248.bmp,1,7,5,16,13,12,12,40,40,12,-1
01_13_07_05_0249.bmp,1,7,5,16,13,12,12,40,40,23,-1
01_13_07_05_0250.bmp,1,7,5,16,13,12,11,2,40,40,-1
01_13_07_05_0251.bmp,1,7,5,16,13,12,12,40,12,12,-1
01_13_07_05_0252.bmp,0,7,5,16,13,13,13,13,8,13,-1
01_13_07_05_0253.bmp,0,7,5,16,13,13,13,13,13,13,-1
01_13_07_05_0255.bmp,1,7,5,16,13,12,12,40,40,40,-1
01_13_07_05_0256.bmp,0,7,5,16,13,13,13,13,13,13,-1
01_13_07_05_0257.bmp,0,7,5,16,13,13,13,13,13,13,-1
01_13_07_05_0257.bmp,1,7,5,16,13,12,12,40,40,24,-1
01_13_07_05_0260.bmp,1,7,5,16,13,12,12,40,40,40,-1
01_13_07_05_0261.bmp,0,7,5,16,13,13,13,13,13,13,-1
01_13_07_05_0262.bmp,1,7,5,16,13,12,12,40,40,40,-1
01_13_07_05_0263.bmp,1,7,5,16,13,12,12,40,40,40,-1
01_13_07_05_0266.bmp,1,7,5,16,13,12,12,40,12,12,-1
01_13_07_05_0267.bmp,1,7,5,16,13,12,12,2,40,40,-1
01_13_07_05_0268.bmp,0,7,5,16,13,13,13,13,13,13,-1
01_13_07_05_0268.bmp,1,7,5,16,13,12,12,40,12,24,-1
01_13_07_05_0269.bmp,0,7,5,16,13,13,13,13,13,40,-1
01_13_07_05_0272.bmp,0,7,5,16,13,12,12,40,40,40,-1
01_13_07_05_0276.bmp,0,7,5,16,13,12,12,40,40,13,-1
01_13_07_05_0277.bmp,0,7,5,16,13,12,11,40,12,40,-1
01_13_07_05_0279.bmp,0,7,5,16,13,12,12,20,12,12,-1
01_13_07_05_0281.bmp,0,7,5,16,13,12,12,40,12,12,-1
01_13_07_05_0285.bmp,0,7,5,16,13,12,12,40,12,24,-1
01_13_07_05_0286.bmp,0,7,5,16,13,12,11,40,40,12,-1
01_13_07_05_0287.bmp,0,7,5,16,13,12,11,40,12,12,-1
01_13_07_05_0291.bmp,0,7,5,16,13,12,12,40,40,40,-1
01_13_07_05_0293.bmp,0,7,5,16,13,12,12,40,40,24,-1
01_13_07_05_0294.bmp,0,7,5,16,13,12,12,20,12,40,-1
01_13_07_05_0295.bmp,0,7,5,16,13,12,12,40,40,40,-1
01_13_07_05_0296.bmp,0,7,5,16,13,12,12,40,40,40,-1
01_13_07_05_0297.bmp,0,7,5,16,13,12,12,2,40,40,-1
01_13_07_05_0302.bmp,0,7,5,16,13,12,12,40,40,40,-1
01_13_07_05_0304.bmp,0,7,5,16,13,12,12,40,40,40,-1
01_13_07_05_0305.bmp,0,7,5,16,13,12,12,40,40,40,-1
01_13_07_05_0306.bmp,0,7,5,16,13,12,12,2,40,24,-1
01_13_07_05_0310.bmp,0,7,5,16,13,12,12,40,40,24,-1
01_13_07_05_0311.bmp,0,7,5,16,13,40,11,19,40,2,-1
01_13_07_05_0312.bmp,0,7,5,16,13,40,12,40,40,25,-1
01_13_07_05_0313.bmp,0,7,5,16,13,40,12,40,40,40,-1
01_13_07_05_0317.bmp,0,7,5,16,13,12,12,2,40,23,-1
01_13_07_05_0322.bmp,0,7,5,16,13,12,11,20,40,24,-1
01_13_07_05_0326.bmp,0,7,5,16,13,12,11,20,12,24,-1
01_13_07_05_0328.bmp,0,7,5,16,13,12,11,40,40,40,-1
01_13_07_05_0330.bmp,0,7,5,16,13,12,11,40,12,24,-1
01_13_07_05_0337.bmp,0,7,5,16,13,12,11,25,12,25,-1
01_13_07_05_0338.bmp,0,7,5,16,13,12,11,20,12,40,-1
01_13_07_05_0339.bmp,0,7,5,16,13,12,11,40,12,20,-1
01_13_07_05_0343.bmp,0,7,5,16,13,12,11,20,12,40,-1
01_13_07_05_0349.bmp,0,7,5,16,13,12,12,25,40,20,-1
01_13_07_05_0351.bmp,0,7,5,16,13,40,13,25,40,40,-1
01_13_07_05_0353.bmp,0,7,5,16,13,13,13,40,40,40,-1
01_13_07_05_0355.bmp,0,7,5,16,13,13,13,13,40,40,-1
01_13_07_05_0358.bmp,0,7,5,16,13,12,12,20,13,13,-1
01_13_07_05_0362.bmp,0,7,5,16,13,13,13,20,18,20,-1
01_13_07_05_0364.bmp,0,7,5,16,13,13,13,40,13,13,-1
01_13_07_05_0367.bmp,0,7,5,16,13,13,13,40,40,13,-1
01_13_07_05_0368.bmp,0,7,5,16,13,13,13,40,13,13,-1
01_13_07_05_0371.bmp,0,7,5,16,13,13,13,24,8,13,-1
01_13_07_05_0373.bmp,0,7,5,16,13,13,13,20,8,13,-1
01_13_07_05_0376.bmp,0,7,5,16,13,13,13,25,13,13,-1
01_13_07_05_0386.bmp,0,7,5,16,13,7,12,19,7,23,-1
01_13_07_05_0388.bmp,0,7,5,16,13,40,12,12,40,40,-1
01_13_07_05_0391.bmp,0,7,5,16,13,7,12,42,7,7,-1
01_13_07_05_0393.bmp,0,7,5,16,13,40,12,12,40,40,-1
01_13_07_05_0394.bmp,0,7,5,16,13,40,12,11,7,40,-1
01_13_07_05_0409.bmp,0,7,5,16,13,12,12,11,40,12,-1
01_13_07_05_0410.bmp,0,7,5,16,13,40,12,42,40,40,-1
01_13_07_05_0412.bmp,0,7,5,16,13,12,12,42,40,34,-1
01_13_07_05_0415.bmp,0,7,5,16,13,40,12,42,40,40,-1
01_13_07_05_0422.bmp,0,7,5,16,13,12,12,1,40,13,-1
01_13_07_05_0425.bmp,0,7,5,16,13,12,12,42,7,40,-1
01_13_07_05_0426.bmp,0,7,5,16,13,12,12,42,40,40,-1
01_13_07_05_0427.bmp,0,7,5,16,13,25,12,25,40,13,-1
01_13_07_05_0431.bmp,0,7,5,16,13,12,11,40,40,25,-1
01_13_07_05_0434.bmp,0,7,5,16,13,12,12,40,40,12,-1
01_13_07_05_0441.bmp,0,7,5,16,13,40,12,40,40,25,-1
01_13_07_05_0442.bmp,0,7,5,16,13,40,12,20,40,40,-1
01_13_07_05_0446.bmp,0,7,5,16,13,40,12,20,40,24,-1
01_13_07_05_0449.bmp,0,7,5,16,13,40,25,20,13,40,-1
01_13_07_05_0452.bmp,0,7,5,16,13,12,11,20,23,40,-1
01_13_07_05_0454.bmp,0,7,5,16,13,25,25,20,24,40,-1
01_13_07_05_0455.bmp,0,7,5,16,13,40,25,19,40,24,-1
01_13_07_05_0458.bmp,0,7,5,16,13,25,11,20,25,25,-1
01_13_07_05_0462.bmp,0,7,5,16,13,40,12,40,40,40,-1
01_13_07_05_0463.bmp,0,7,5,16,13,40,12,20,40,40,-1
01_13_07_05_0465.bmp,0,7,5,16,13,12,12,40,12,40,-1
01_13_07_05_0469.bmp,0,7,5,16,13,12,12,40,12,40,-1
01_13_07_05_0470.bmp,0,7,5,16,13,12,12,40,40,13,-1
01_13_07_05_0473.bmp,0,7,5,16,13,25,13,2,40,24,-1
01_13_07_05_0474.bmp,0,7,5,16,13,25,13,40,40,33,-1
01_13_07_05_0476.bmp,0,7,5,16,13,12,13,20,40,40,-1
01_13_07_05_0477.bmp,0,7,5,16,13,13,13,40,40,24,-1
01_13_07_05_0478.bmp,0,7,5,16,13,12,13,40,40,40,-1
01_13_07_05_0481.bmp,0,7,5,16,13,12,13,40,40,40,-1
01_13_07_05_0483.bmp,0,7,5,16,13,12,13,40,40,40,-1
01_13_07_05_0486.bmp,0,7,5,16,13,13,13,40,40,13,-1
01_13_07_05_0487.bmp,0,7,5,16,13,13,13,40,40,40,-1
01_13_07_05_0492.bmp,0,7,5,16,13,40,13,40,40,40,-1
01_13_07_05_0498.bmp,0,7,5,16,13,13,13,40,40,40,-1
01_13_07_05_0505.bmp,0,7,5,16,13,13,13,13,13,13,-1
01_13_07_05_0507.bmp,0,7,5,16,13,13,13,13,13,13,-1
01_13_07_05_0509.bmp,0,7,5,16,13,13,13,13,13,13,-1
01_13_07_05_0516.bmp,0,7,5,16,13,12,11,25,23,23,-1
01_13_07_05_0517.bmp,0,7,5,16,13,12,12,12,12,40,-1
01_13_07_05_0518.bmp,0,7,5,16,13,40,12,22,23,40,-1
01_13_07_05_0522.bmp,0,7,5,16,13,12,12,42,23,40,-1
01_13_07_05_0523.bmp,0,7,5,16,13,40,25,40,40,24,-1
01_13_07_05_0524.bmp,0,7,5,16,13,12,12,12,2,40,-1
01_13_07_05_0525.bmp,0,7,5,16,13,40,12,40,40,40,-1
01_13_07_05_0527.bmp,0,7,5,16,13,40,12,40,40,40,-1
01_13_07_05_0528.bmp,0,7,5,16,13,12,12,12,12,38,-1
01_13_07_05_0529.bmp,0,7,5,16,13,40,12,40,40,40,-1
01_13_07_05_0531.bmp,0,7,5,16,13,12,12,40,40,40,-1
01_13_07_05_0532.bmp,0,7,5,16,13,12,12,2,23,12,-1
01_13_07_05_0535.bmp,0,7,5,16,13,12,12,40,40,40,-1
01_13_07_05_0537.bmp,0,7,5,16,13,40,11,40,40,40,-1
01_13_07_05_0539.bmp,0,7,5,16,13,12,12,40,40,40,-1
01_13_07_05_0540.bmp,0,7,5,16,13,12,12,42,12,40,-1
01_13_07_05_0542.bmp,0,7,5,16,13,7,12,11,7,7,-1
01_13_07_05_0544.bmp,0,7,5,16,13,2,12,25,9,40,-1
01_13_07_05_0551.bmp,0,7,5,16,13,40,12,40,40,40,-1
01_13_07_05_0552.bmp,0,7,5,16,13,12,12,42,2,2,-1
01_13_07_05_0553.bmp,0,7,5,16,13,40,12,40,40,40,-1
01_13_07_05_0556.bmp,0,7,5,16,13,12,12,0,1,12,-1
01_13_07_05_0559.bmp,0,7,5,16,13,40,12,40,40,40,-1
01_13_07_05_0561.bmp,0,7,5,16,13,40,12,40,40,40,-1
01_13_07_05_0562.bmp,0,7,5,16,13,12,12,1,23,23,-1
01_13_07_05_0563.bmp,0,7,5,16,13,40,12,40,40,40,-1
01_13_07_05_0569.bmp,0,7,5,16,13,40,12,40,40,40,-1
01_13_07_05_0571.bmp,0,7,5,16,13,40,12,20,40,40,-1
01_13_07_05_0572.bmp,0,7,5,16,13,40,12,40,40,40,-1
01_13_07_05_0574.bmp,0,7,5,16,13,40,12,25,23,25,-1
01_13_07_05_0580.bmp,0,7,5,16,13,23,12,0,23,23,-1
01_13_07_05_0583.bmp,0,7,5,16,13,40,12,2,40,24,-1
01_13_07_05_0584.bmp,0,7,5,16,13,2,12,0,40,2,-1
01_13_07_05_0585.bmp,0,7,5,16,13,40,12,40,40,2,-1
01_13_07_05_0587.bmp,0,7,5,16,13,40,12,20,40,20,-1
01_13_07_05_0589.bmp,0,7,5,16,13,40,25,40,40,40,-1
01_13_07_05_0590.bmp,0,7,5,16,13,23,12,0,23,23,-1
01_13_07_05_0592.bmp,0,7,5,16,13,40,12,40,40,40,-1
01_13_07_05_0593.bmp,0,7,5,16,13,40,40,40,40,40,-1
01_13_07_05_0594.bmp,0,7,5,16,13,40,25,2,40,40,-1
01_13_07_05_0597.bmp,0,7,5,16,13,40,12,40,40,40,-1
01_13_07_05_0600.bmp,0,7,5,16,13,40,12,40,40,40,-1
01_13_07_05_0601.bmp,0,7,5,16,13,40,40,40,40,24,-1
01_13_07_05_0604.bmp,0,7,5,16,13,40,12,40,40,40,-1
01_13_07_05_0608.bmp,0,7,5,16,13,40,12,40,40,40,-1
01_13_07_05_0613.bmp,0,7,5,16,13,40,12,40,40,40,-1
01_13_07_05_0616.bmp,0,7,5,16,13,12,13,40,40,40,-1
01_13_07_05_0617.bmp,0,7,5,16,13,12,12,40,40,40,-1
01_13_07_05_0618.bmp,0,7,5,16,13,12,12,40,40,40,-1
01_13_07_05_0626.bmp,0,7,5,16,13,13,13,13,13,40,-1
