filename,occ,ch,sev,sigma,true,b,c,e,branch,pred_va,pred_vb,pred_dcp,pred_adair,pred_clahe,pred_passthrough
01_03_12_03_0001.bmp,0,12,3,0,9,0.53862,0.08588,0.1697,clahe,41,13,13,15,41,13
01_03_12_03_0002.bmp,0,12,3,0,9,0.54111,0.0836,0.15758,clahe,1,13,13,15,1,13
01_03_12_03_0003.bmp,0,12,3,0,9,0.54373,0.08293,0.17273,clahe,16,13,13,15,16,13
01_03_12_03_0011.bmp,0,12,3,0,9,0.53801,0.09523,0.1575,clahe,16,16,16,41,16,13
01_03_12_03_0012.bmp,0,12,3,0,9,0.53891,0.09467,0.155,clahe,16,13,13,15,16,16
01_03_12_03_0015.bmp,0,12,3,0,9,0.53485,0.09562,0.1358,clahe,41,15,15,15,41,13
01_03_12_03_0018.bmp,0,12,3,0,9,0.53454,0.0995,0.14916,clahe,16,9,9,15,16,13
01_03_12_03_0021.bmp,0,12,3,0,9,0.53097,0.10235,0.13722,clahe,41,13,13,15,41,13
01_03_12_03_0022.bmp,0,12,3,0,9,0.5312,0.09673,0.14156,clahe,41,16,16,15,41,13
01_03_12_03_0024.bmp,0,12,3,0,9,0.52517,0.10048,0.1386,clahe,41,13,13,15,41,13
01_03_12_03_0026.bmp,0,12,3,0,9,0.5226,0.09474,0.12798,clahe,41,13,13,15,41,13
01_03_12_03_0029.bmp,0,12,3,0,9,0.51955,0.09263,0.11846,clahe,41,13,13,15,41,13
01_03_12_03_0030.bmp,0,12,3,0,9,0.51623,0.09054,0.11726,clahe,13,13,13,15,13,13
01_03_12_03_0031.bmp,0,12,3,0,9,0.51364,0.09113,0.11232,clahe,16,13,13,15,16,13
01_03_12_03_0037.bmp,0,12,3,0,9,0.50031,0.0818,0.04821,clahe,2,9,9,15,2,13
01_03_12_03_0039.bmp,0,12,3,0,9,0.49931,0.08125,0.04832,clahe,41,13,13,15,41,13
01_03_12_03_0044.bmp,0,12,3,0,9,0.50721,0.09304,0.05037,clahe,16,13,13,15,16,13
01_03_12_03_0046.bmp,0,12,3,0,9,0.50746,0.09355,0.0475,clahe,16,16,16,15,16,13
01_03_12_03_0048.bmp,0,12,3,0,9,0.51293,0.10695,0.11644,passthrough,13,13,15,15,16,13
01_03_12_03_0049.bmp,0,12,3,0,9,0.50885,0.10057,0.10895,clahe,13,40,40,15,13,13
01_03_12_03_0052.bmp,0,12,3,0,9,0.50452,0.09757,0.04054,clahe,9,13,13,15,9,13
01_03_12_03_0054.bmp,0,12,3,0,9,0.50187,0.10014,0.10581,clahe,13,15,15,15,13,13
01_03_12_03_0058.bmp,0,12,3,0,9,0.50898,0.0911,0.04783,clahe,13,9,9,15,13,13
01_03_12_03_0061.bmp,0,12,3,0,9,0.50526,0.08585,0.00347,clahe,9,9,9,15,9,13
01_03_12_03_0062.bmp,0,12,3,0,9,0.50653,0.08477,0.03474,clahe,13,9,9,15,13,13
01_03_12_03_0067.bmp,0,12,3,0,9,0.51059,0.08691,0.0,clahe,9,9,9,15,9,13
01_03_12_03_0070.bmp,0,12,3,0,9,0.51116,0.09108,0.03159,clahe,13,15,15,15,13,13
01_03_12_03_0078.bmp,0,12,3,0,9,0.51371,0.09733,0.0687,clahe,13,9,9,15,13,13
01_03_12_03_0079.bmp,0,12,3,0,9,0.5124,0.09545,0.06094,clahe,9,9,9,15,9,13
01_03_12_03_0081.bmp,0,12,3,0,9,0.51173,0.10259,0.05754,clahe,9,9,9,41,9,13
01_03_12_03_0083.bmp,0,12,3,0,9,0.50984,0.10463,0.05752,clahe,13,9,9,15,13,13
01_03_12_03_0084.bmp,0,12,3,0,9,0.50745,0.10592,0.05047,clahe,13,9,9,15,13,13
01_06_12_03_0001.bmp,1,12,3,0,14,0.54248,0.09531,0.14583,clahe,25,14,14,14,25,36
01_06_12_03_0002.bmp,0,12,3,0,14,0.52695,0.10125,0.13116,clahe,25,25,25,14,25,25
01_06_12_03_0002.bmp,1,12,3,0,14,0.53105,0.08053,0.06667,clahe,42,14,14,14,42,36
01_06_12_03_0004.bmp,0,12,3,0,14,0.50643,0.09597,0.11786,clahe,25,14,14,14,25,25
01_06_12_03_0005.bmp,1,12,3,0,14,0.5241,0.08405,0.0125,clahe,13,13,13,14,13,36
01_06_12_03_0007.bmp,0,12,3,0,14,0.51265,0.10668,0.15766,passthrough,25,25,14,14,25,25
01_06_12_03_0007.bmp,1,12,3,0,14,0.5334,0.09472,0.11111,clahe,25,14,14,14,25,25
01_06_12_03_0008.bmp,1,12,3,0,14,0.53071,0.09006,0.1881,clahe,1,14,14,14,1,36
01_06_12_03_0010.bmp,0,12,3,0,14,0.51621,0.10846,0.21304,passthrough,25,25,14,14,25,25
01_06_12_03_0013.bmp,1,12,3,0,14,0.53129,0.10769,0.18012,passthrough,36,36,14,14,25,36
01_06_12_03_0014.bmp,0,12,3,0,14,0.50918,0.10859,0.20026,passthrough,25,25,14,14,2,25
01_06_12_03_0016.bmp,1,12,3,0,14,0.53937,0.10919,0.22283,passthrough,25,25,14,14,25,25
01_06_12_03_0020.bmp,0,12,3,0,14,0.50255,0.10276,0.17049,clahe,25,14,14,14,25,25
01_06_12_03_0021.bmp,0,12,3,0,14,0.50132,0.10306,0.17799,clahe,2,14,14,14,2,25
01_06_12_03_0022.bmp,0,12,3,0,14,0.49727,0.10679,0.18752,passthrough,25,25,14,14,2,25
01_06_12_03_0022.bmp,1,12,3,0,14,0.54815,0.13154,0.1168,passthrough,25,25,14,14,25,25
01_06_12_03_0023.bmp,0,12,3,0,14,0.50281,0.11342,0.16624,passthrough,25,25,14,14,25,25
01_06_12_03_0023.bmp,1,12,3,0,14,0.56174,0.14324,0.14368,passthrough,13,13,14,14,13,13
01_06_12_03_0024.bmp,0,12,3,0,14,0.50195,0.109,0.1563,passthrough,25,25,14,14,2,25
01_06_12_03_0024.bmp,1,12,3,0,14,0.55937,0.14265,0.08966,passthrough,25,25,14,14,11,25
01_06_12_03_0025.bmp,0,12,3,0,14,0.50477,0.11375,0.14505,passthrough,25,25,14,14,2,25
01_06_12_03_0025.bmp,1,12,3,0,14,0.54328,0.12262,0.20452,passthrough,25,25,14,14,25,25
01_06_12_03_0026.bmp,0,12,3,0,14,0.50164,0.11418,0.14262,passthrough,25,25,14,14,2,25
01_06_12_03_0026.bmp,1,12,3,0,14,0.54417,0.12786,0.2069,passthrough,25,25,14,14,13,25
01_06_12_03_0027.bmp,1,12,3,0,14,0.53778,0.11882,0.16885,passthrough,25,25,13,14,11,25
01_06_12_03_0028.bmp,1,12,3,0,14,0.53963,0.1171,0.20161,passthrough,25,25,14,14,25,25
01_06_12_03_0029.bmp,1,12,3,0,14,0.53214,0.11097,0.18347,passthrough,25,25,14,14,18,25
01_06_12_03_0030.bmp,0,12,3,0,14,0.48697,0.10687,0.13647,passthrough,25,25,14,14,2,25
01_06_12_03_0031.bmp,1,12,3,0,14,0.53986,0.12281,0.11005,passthrough,12,12,13,3,0,12
01_06_12_03_0032.bmp,0,12,3,0,14,0.48476,0.10083,0.13105,clahe,2,14,14,14,2,25
01_06_12_03_0032.bmp,1,12,3,0,14,0.53482,0.11706,0.19617,passthrough,31,31,13,13,42,31
01_06_12_03_0033.bmp,1,12,3,0,14,0.53153,0.11498,0.17703,passthrough,31,31,13,13,16,31
01_06_12_03_0034.bmp,0,12,3,0,14,0.4779,0.10521,0.14141,clahe,4,14,14,14,4,25
01_06_12_03_0034.bmp,1,12,3,0,14,0.52405,0.10764,0.10526,passthrough,36,36,13,15,42,36
01_06_12_03_0036.bmp,1,12,3,0,14,0.51973,0.10439,0.09091,clahe,2,7,7,14,2,31
01_06_12_03_0037.bmp,0,12,3,0,14,0.47432,0.10624,0.13393,passthrough,25,25,14,14,5,25
01_06_12_03_0037.bmp,1,12,3,0,14,0.52523,0.11608,0.12083,passthrough,31,31,17,8,6,31
01_06_12_03_0044.bmp,0,12,3,0,14,0.48698,0.1099,0.07926,passthrough,10,10,17,17,0,10
01_06_12_03_0045.bmp,0,12,3,0,14,0.4917,0.08664,0.03611,clahe,16,14,14,17,16,31
01_06_12_03_0051.bmp,0,12,3,0,14,0.50612,0.11157,0.04948,stretch,13,13,14,14,1,32
01_06_12_03_0052.bmp,0,12,3,0,14,0.48885,0.11299,0.08508,passthrough,32,32,14,14,25,32
01_06_12_03_0056.bmp,0,12,3,0,14,0.4949,0.09442,0.07773,clahe,16,14,14,17,16,36
01_06_12_03_0057.bmp,0,12,3,0,14,0.50225,0.11577,0.06176,stretch,13,13,14,17,9,36
01_06_12_03_0058.bmp,0,12,3,0,14,0.49972,0.11549,0.10098,passthrough,36,36,14,14,13,36
01_06_12_03_0059.bmp,0,12,3,0,14,0.49579,0.1172,0.05976,stretch,13,13,26,14,23,36
01_06_12_03_0064.bmp,0,12,3,0,14,0.50007,0.13456,0.04791,stretch,13,13,14,14,23,32
01_06_12_03_0067.bmp,0,12,3,0,14,0.49889,0.13019,0.07927,passthrough,13,13,14,14,25,13
01_06_12_03_0069.bmp,0,12,3,0,14,0.48724,0.12496,0.05323,stretch,25,25,14,14,25,25
01_06_12_03_0070.bmp,0,12,3,0,14,0.48449,0.11642,0.05077,stretch,25,25,14,14,25,25
01_06_12_03_0075.bmp,0,12,3,0,14,0.46645,0.07144,0.0,clahe,24,14,14,14,24,25
01_06_12_03_0085.bmp,0,12,3,0,14,0.48519,0.09714,0.04453,clahe,0,14,14,8,0,2
01_06_12_03_0086.bmp,0,12,3,0,14,0.50677,0.0954,0.06026,clahe,7,17,17,17,7,16
01_11_12_03_0001.bmp,0,12,3,0,12,0.53921,0.09582,0.2201,clahe,1,13,13,13,1,31
01_11_12_03_0002.bmp,0,12,3,0,12,0.54069,0.09179,0.16268,clahe,11,13,13,26,11,36
01_11_12_03_0003.bmp,0,12,3,0,12,0.53973,0.09281,0.16746,clahe,1,41,41,13,1,31
01_11_12_03_0005.bmp,0,12,3,0,12,0.54455,0.09519,0.20574,clahe,1,15,15,15,1,31
01_11_12_03_0006.bmp,0,12,3,0,12,0.54673,0.0909,0.1866,clahe,42,32,32,15,42,31
01_11_12_03_0013.bmp,0,12,3,0,12,0.55024,0.094,0.22488,clahe,11,32,32,13,11,31
01_11_12_03_0014.bmp,0,12,3,0,12,0.54171,0.09374,0.15357,clahe,11,13,13,13,11,31
01_11_12_03_0015.bmp,0,12,3,0,12,0.54097,0.1005,0.175,clahe,11,13,13,13,11,36
01_11_12_03_0016.bmp,0,12,3,0,12,0.53767,0.09888,0.20333,clahe,11,18,18,13,11,11
01_11_12_03_0019.bmp,0,12,3,0,12,0.5409,0.10016,0.19,clahe,11,17,17,18,11,11
01_11_12_03_0020.bmp,0,12,3,0,12,0.54335,0.10338,0.19667,clahe,11,35,35,32,11,32
01_11_12_03_0021.bmp,0,12,3,0,12,0.53517,0.09865,0.22251,clahe,11,1,1,1,11,32
01_11_12_03_0024.bmp,0,12,3,0,12,0.53061,0.10295,0.16667,clahe,11,1,1,1,11,32
01_11_12_03_0026.bmp,0,12,3,0,12,0.53211,0.10063,0.14444,clahe,11,1,1,32,11,32
01_11_12_03_0027.bmp,0,12,3,0,12,0.53244,0.10419,0.15333,clahe,11,1,1,1,11,32
01_11_12_03_0028.bmp,0,12,3,0,12,0.53481,0.09965,0.13333,clahe,11,7,7,7,11,32
01_11_12_03_0031.bmp,0,12,3,0,12,0.53092,0.10323,0.15048,clahe,11,1,1,1,11,32
01_11_12_03_0033.bmp,0,12,3,0,12,0.5327,0.10393,0.23986,clahe,11,1,1,1,11,32
01_11_12_03_0035.bmp,0,12,3,0,12,0.52207,0.10277,0.15457,clahe,11,1,1,15,11,13
01_11_12_03_0036.bmp,0,12,3,0,12,0.51719,0.09957,0.13582,clahe,18,1,1,1,18,32
01_11_12_03_0042.bmp,0,12,3,0,12,0.51811,0.09906,0.13986,clahe,18,1,1,1,18,13
01_11_12_03_0046.bmp,0,12,3,0,12,0.51103,0.09941,0.11966,clahe,11,1,1,15,11,25
01_11_12_03_0056.bmp,0,12,3,0,12,0.51362,0.11497,0.1413,passthrough,13,13,1,1,11,13
01_11_12_03_0061.bmp,0,12,3,0,12,0.51191,0.1196,0.11875,passthrough,13,13,1,15,18,13
01_11_12_03_0064.bmp,0,12,3,0,12,0.51067,0.11832,0.10379,passthrough,13,13,1,15,18,13
01_11_12_03_0065.bmp,0,12,3,0,12,0.51268,0.12084,0.10624,passthrough,13,13,1,15,18,13
01_11_12_03_0066.bmp,0,12,3,0,12,0.51124,0.12065,0.09492,passthrough,13,13,15,15,18,13
01_11_12_03_0067.bmp,0,12,3,0,12,0.51279,0.12372,0.09951,passthrough,13,13,13,15,18,13
01_11_12_03_0072.bmp,0,12,3,0,12,0.50606,0.12328,0.07671,passthrough,25,25,1,15,18,25
01_11_12_03_0075.bmp,0,12,3,0,12,0.50428,0.12562,0.06658,stretch,25,25,15,15,18,25
01_12_12_03_0003.bmp,0,12,3,0,17,0.48611,0.11882,0.08571,passthrough,36,36,26,17,16,36
01_12_12_03_0004.bmp,0,12,3,0,17,0.50066,0.12352,0.13611,passthrough,16,16,17,17,9,16
01_12_12_03_0004.bmp,1,12,3,0,17,0.50172,0.0404,0.0,clahe,11,25,25,32,11,31
01_12_12_03_0005.bmp,0,12,3,0,17,0.49888,0.13859,0.13333,passthrough,17,17,26,17,16,17
01_12_12_03_0005.bmp,1,12,3,0,17,0.50208,0.03943,0.0,clahe,13,25,25,29,13,31
01_12_12_03_0006.bmp,1,12,3,0,17,0.50202,0.03674,0.0,clahe,11,25,25,29,11,31
01_12_12_03_0009.bmp,1,12,3,0,17,0.50045,0.04132,0.0,clahe,11,25,25,29,11,31
01_12_12_03_0013.bmp,0,12,3,0,17,0.49005,0.13072,0.08903,passthrough,17,17,26,17,9,17
01_12_12_03_0014.bmp,0,12,3,0,17,0.4899,0.13308,0.08696,passthrough,17,17,17,17,9,17
01_12_12_03_0017.bmp,1,12,3,0,17,0.50879,0.03689,0.0,clahe,1,38,38,36,1,36
01_12_12_03_0020.bmp,0,12,3,0,17,0.47311,0.12223,0.06003,stretch,17,17,18,17,12,17
01_12_12_03_0020.bmp,1,12,3,0,17,0.51295,0.0468,0.0,clahe,25,14,14,14,25,31
01_12_12_03_0022.bmp,0,12,3,0,17,0.47554,0.12555,0.06258,stretch,17,17,13,17,16,17
01_12_12_03_0023.bmp,1,12,3,0,17,0.51539,0.03764,0.0,clahe,9,25,25,12,9,36
01_12_12_03_0027.bmp,0,12,3,0,17,0.47168,0.12024,0.0625,stretch,17,17,7,17,16,17
01_12_12_03_0028.bmp,0,12,3,0,17,0.50172,0.12397,0.04883,stretch,12,12,26,14,32,12
01_12_12_03_0029.bmp,0,12,3,0,17,0.49414,0.11386,0.0629,stretch,13,13,14,17,13,31
01_12_12_03_0030.bmp,0,12,3,0,17,0.49315,0.11186,0.03611,stretch,13,13,14,17,13,12
01_12_12_03_0032.bmp,1,12,3,0,17,0.51904,0.05175,0.0,clahe,12,13,13,29,12,31
01_12_12_03_0033.bmp,1,12,3,0,17,0.51985,0.04158,0.0,clahe,1,14,14,29,1,31
01_12_12_03_0034.bmp,1,12,3,0,17,0.5202,0.05197,0.0,clahe,11,25,25,15,11,31
01_12_12_03_0035.bmp,1,12,3,0,17,0.52201,0.04197,0.0,clahe,1,14,14,29,1,36
01_12_12_03_0036.bmp,0,12,3,0,17,0.48893,0.11523,0.025,stretch,36,36,17,17,9,36
01_12_12_03_0036.bmp,1,12,3,0,17,0.52356,0.04271,0.0,clahe,1,25,25,29,1,36
01_12_12_03_0037.bmp,1,12,3,0,17,0.52469,0.04523,0.0,clahe,1,13,13,29,1,31
01_12_12_03_0041.bmp,0,12,3,0,17,0.49478,0.1538,0.02291,stretch,36,36,17,17,16,36
01_12_12_03_0042.bmp,0,12,3,0,17,0.48082,0.12788,0.01649,stretch,36,36,17,17,11,36
01_12_12_03_0042.bmp,1,12,3,0,17,0.5303,0.0702,0.0,clahe,25,26,26,14,25,36
01_12_12_03_0047.bmp,0,12,3,0,17,0.52721,0.07877,0.0,clahe,9,25,25,29,9,36
01_12_12_03_0048.bmp,0,12,3,0,17,0.52721,0.07432,0.0,clahe,13,17,17,17,13,36
01_12_12_03_0049.bmp,0,12,3,0,17,0.52635,0.07131,0.0,clahe,1,17,17,17,1,36
01_12_12_03_0054.bmp,0,12,3,0,17,0.52671,0.08096,0.0,clahe,12,12,12,17,12,36
01_12_12_03_0055.bmp,0,12,3,0,17,0.52398,0.07338,0.0,clahe,25,17,17,29,25,36
01_12_12_03_0056.bmp,0,12,3,0,17,0.52839,0.07916,0.08651,clahe,9,18,18,17,9,31
01_12_12_03_0066.bmp,0,12,3,0,17,0.52629,0.09028,0.0,clahe,25,26,26,41,25,17
01_12_12_03_0068.bmp,0,12,3,0,17,0.53413,0.0986,0.14048,clahe,25,17,17,17,25,17
01_12_12_03_0079.bmp,0,12,3,0,17,0.54236,0.10291,0.1152,clahe,25,18,18,17,25,17
01_12_12_03_0080.bmp,0,12,3,0,17,0.54047,0.10238,0.1184,clahe,25,17,17,17,25,17
01_12_12_03_0081.bmp,0,12,3,0,17,0.54,0.1043,0.1136,clahe,25,17,17,17,25,17
01_12_12_03_0087.bmp,0,12,3,0,17,0.52828,0.09862,0.1037,clahe,16,26,26,17,16,17
01_12_12_03_0089.bmp,0,12,3,0,17,0.52638,0.09934,0.06923,clahe,16,26,26,17,16,17
01_12_12_03_0090.bmp,0,12,3,0,17,0.52539,0.10143,0.06154,clahe,16,17,17,17,16,17
01_12_12_03_0091.bmp,0,12,3,0,17,0.53345,0.10724,0.09857,passthrough,36,36,26,17,25,36
01_12_12_03_0095.bmp,0,12,3,0,17,0.53071,0.1106,0.13857,passthrough,17,17,26,17,25,17
01_12_12_03_0096.bmp,0,12,3,0,17,0.53075,0.11384,0.12,passthrough,17,17,26,17,9,17
01_12_12_03_0104.bmp,0,12,3,0,17,0.52844,0.12511,0.13571,passthrough,17,17,17,17,13,17
01_12_12_03_0108.bmp,0,12,3,0,17,0.53009,0.12384,0.09698,passthrough,17,17,17,17,25,17
01_12_12_03_0113.bmp,0,12,3,0,17,0.52372,0.13281,0.04993,stretch,17,17,17,17,9,17
01_13_12_03_0001.bmp,0,12,3,0,13,0.60309,0.11187,0.28846,passthrough,31,31,13,13,13,31
01_13_12_03_0003.bmp,0,12,3,0,13,0.59213,0.10875,0.26923,passthrough,12,12,13,13,1,12
01_13_12_03_0004.bmp,0,12,3,0,13,0.58967,0.11252,0.21795,passthrough,31,31,13,13,11,31
01_13_12_03_0006.bmp,0,12,3,0,13,0.58042,0.10016,0.23718,clahe,12,12,12,13,12,31
01_13_12_03_0007.bmp,1,12,3,0,13,0.63145,0.12054,0.21016,passthrough,13,13,13,13,13,13
01_13_12_03_0008.bmp,1,12,3,0,13,0.62832,0.12588,0.21978,passthrough,13,13,13,13,13,13
01_13_12_03_0009.bmp,0,12,3,0,13,0.5774,0.10557,0.17308,clahe,42,13,13,13,42,31
01_13_12_03_0009.bmp,1,12,3,0,13,0.62612,0.12975,0.1772,passthrough,13,13,13,13,13,13
01_13_12_03_0010.bmp,0,12,3,0,13,0.57843,0.10806,0.21154,passthrough,31,31,7,13,42,31
01_13_12_03_0010.bmp,1,12,3,0,13,0.6246,0.13018,0.23214,passthrough,13,13,13,13,13,13
01_13_12_03_0011.bmp,0,12,3,0,13,0.56923,0.09999,0.12179,clahe,11,13,13,13,11,31
01_13_12_03_0012.bmp,0,12,3,0,13,0.56405,0.10764,0.16667,passthrough,38,38,13,13,42,38
01_13_12_03_0014.bmp,0,12,3,0,13,0.56224,0.10085,0.15385,clahe,13,13,13,13,13,31
01_13_12_03_0014.bmp,1,12,3,0,13,0.62325,0.13315,0.20604,passthrough,13,13,13,13,13,13
01_13_12_03_0017.bmp,0,12,3,0,13,0.55938,0.09693,0.15385,clahe,13,13,13,13,13,31
01_13_12_03_0018.bmp,1,12,3,0,13,0.61753,0.13808,0.20385,passthrough,13,13,13,13,13,13
01_13_12_03_0019.bmp,0,12,3,0,13,0.5636,0.10355,0.19872,clahe,42,13,13,13,42,31
01_13_12_03_0020.bmp,0,12,3,0,13,0.56551,0.10171,0.16667,clahe,23,13,13,13,23,31
01_13_12_03_0023.bmp,0,12,3,0,13,0.57687,0.1115,0.25641,passthrough,31,31,13,13,25,31
01_13_12_03_0025.bmp,0,12,3,0,13,0.57959,0.11577,0.23718,passthrough,31,31,13,13,42,31
01_13_12_03_0027.bmp,0,12,3,0,13,0.57775,0.1172,0.19872,passthrough,31,31,13,13,11,31
01_13_12_03_0027.bmp,1,12,3,0,13,0.60205,0.14715,0.1633,passthrough,13,13,13,13,13,13
01_13_12_03_0028.bmp,0,12,3,0,13,0.57921,0.12628,0.19231,passthrough,13,13,13,13,11,13
01_13_12_03_0029.bmp,0,12,3,0,13,0.58502,0.12425,0.1859,passthrough,38,38,13,13,42,38
01_13_12_03_0029.bmp,1,12,3,0,13,0.60075,0.15332,0.18182,passthrough,13,13,13,13,13,13
01_13_12_03_0031.bmp,1,12,3,0,13,0.61304,0.14401,0.16498,passthrough,13,13,13,13,13,13
01_13_12_03_0032.bmp,1,12,3,0,13,0.61156,0.14816,0.16866,passthrough,13,13,13,13,13,13
01_13_12_03_0037.bmp,1,12,3,0,13,0.61607,0.15521,0.1463,passthrough,13,13,13,13,13,13
01_13_12_03_0040.bmp,1,12,3,0,13,0.61399,0.15646,0.14077,passthrough,13,13,13,13,13,13
01_13_12_03_0042.bmp,0,12,3,0,13,0.5888,0.13783,0.20526,passthrough,13,13,13,13,13,13
01_13_12_03_0043.bmp,1,12,3,0,13,0.60946,0.15344,0.11429,passthrough,13,13,13,13,13,13
01_13_12_03_0044.bmp,1,12,3,0,13,0.60792,0.15435,0.09825,passthrough,13,13,13,13,13,13
01_13_12_03_0045.bmp,1,12,3,0,13,0.60707,0.15393,0.09474,passthrough,13,13,13,13,13,13
01_13_12_03_0046.bmp,0,12,3,0,13,0.59406,0.14502,0.25526,passthrough,13,13,13,13,13,13
01_13_12_03_0046.bmp,1,12,3,0,13,0.60376,0.15471,0.10106,passthrough,13,13,13,13,13,13
01_13_12_03_0047.bmp,0,12,3,0,13,0.5955,0.14403,0.24474,passthrough,13,13,13,13,12,13
01_13_12_03_0047.bmp,1,12,3,0,13,0.60244,0.15606,0.11735,passthrough,13,13,13,13,13,13
01_13_12_03_0048.bmp,0,12,3,0,13,0.57841,0.15034,0.18254,passthrough,13,13,13,13,13,13
01_13_12_03_0049.bmp,0,12,3,0,13,0.5821,0.14824,0.18056,passthrough,13,13,13,13,13,13
01_13_12_03_0050.bmp,1,12,3,0,13,0.60677,0.15639,0.12186,passthrough,13,13,13,13,13,13
01_13_12_03_0051.bmp,0,12,3,0,13,0.58023,0.15137,0.2004,passthrough,13,13,13,13,13,13
01_13_12_03_0051.bmp,1,12,3,0,13,0.60901,0.15748,0.14118,passthrough,13,13,13,13,13,13
01_13_12_03_0054.bmp,0,12,3,0,13,0.57604,0.15175,0.19238,passthrough,13,13,13,13,13,13
01_13_12_03_0056.bmp,0,12,3,0,13,0.57414,0.14881,0.2019,passthrough,13,13,13,13,13,13
01_13_12_03_0059.bmp,0,12,3,0,13,0.57191,0.14678,0.12,passthrough,13,13,13,13,13,13
01_13_12_03_0061.bmp,1,12,3,0,13,0.58453,0.15989,0.09935,passthrough,13,13,13,13,13,13
01_13_12_03_0063.bmp,0,12,3,0,13,0.58215,0.1505,0.17778,passthrough,13,13,13,13,13,13
01_13_12_03_0064.bmp,0,12,3,0,13,0.58761,0.15201,0.21926,passthrough,13,13,13,13,13,13
01_13_12_03_0065.bmp,0,12,3,0,13,0.5868,0.15192,0.16239,passthrough,13,13,13,13,13,13
01_13_12_03_0065.bmp,1,12,3,0,13,0.48182,0.03693,0.0,clahe,13,13,13,13,13,31
01_13_12_03_0066.bmp,1,12,3,0,13,0.48492,0.04205,0.0,clahe,11,13,13,13,11,31
01_13_12_03_0068.bmp,0,12,3,0,13,0.58387,0.15957,0.20822,passthrough,13,13,13,13,13,13
01_13_12_03_0069.bmp,0,12,3,0,13,0.58713,0.15765,0.20822,passthrough,13,13,13,13,13,13
01_13_12_03_0070.bmp,0,12,3,0,13,0.58956,0.15982,0.20557,passthrough,13,13,13,13,13,13
01_13_12_03_0070.bmp,1,12,3,0,13,0.48305,0.04634,0.0,clahe,11,13,13,13,11,31
01_13_12_03_0071.bmp,1,12,3,0,13,0.4841,0.04735,0.0,clahe,1,13,13,13,1,31
01_13_12_03_0072.bmp,0,12,3,0,13,0.59455,0.1632,0.21618,passthrough,13,13,13,13,13,13
01_13_12_03_0073.bmp,0,12,3,0,13,0.59631,0.16388,0.18008,passthrough,13,13,13,13,13,13
01_13_12_03_0073.bmp,1,12,3,0,13,0.48452,0.04874,0.0,clahe,13,13,13,32,13,31
01_13_12_03_0074.bmp,0,12,3,0,13,0.59725,0.15969,0.15907,passthrough,13,13,13,13,13,13
01_13_12_03_0076.bmp,1,12,3,0,13,0.48852,0.05086,0.0,clahe,13,13,13,32,13,31
01_13_12_03_0077.bmp,1,12,3,0,13,0.49129,0.04981,0.0,clahe,1,13,13,32,1,31
01_13_12_03_0078.bmp,1,12,3,0,13,0.48889,0.055,0.0,clahe,1,13,13,13,1,31
01_13_12_03_0079.bmp,1,12,3,0,13,0.49283,0.05274,0.0,clahe,13,13,13,13,13,31
01_13_12_03_0080.bmp,0,12,3,0,13,0.59343,0.16281,0.16546,passthrough,13,13,13,13,13,13
01_13_12_03_0081.bmp,1,12,3,0,13,0.50561,0.07175,0.0,clahe,2,13,13,13,2,31
01_13_12_03_0085.bmp,0,12,3,0,13,0.5892,0.16694,0.13544,passthrough,13,13,13,13,13,13
01_13_12_03_0085.bmp,1,12,3,0,13,0.50632,0.0661,0.0,clahe,1,13,13,13,1,31
01_13_12_03_0086.bmp,0,12,3,0,13,0.5888,0.16332,0.12767,passthrough,13,13,13,13,13,13
01_13_12_03_0087.bmp,0,12,3,0,13,0.58846,0.16622,0.11373,passthrough,13,13,13,13,13,13
01_13_12_03_0088.bmp,0,12,3,0,13,0.58606,0.16594,0.12634,passthrough,13,13,13,13,13,13
01_13_12_03_0088.bmp,1,12,3,0,13,0.50969,0.06696,0.0,clahe,9,13,13,13,9,31
01_13_12_03_0090.bmp,1,12,3,0,13,0.51686,0.077,0.05769,clahe,1,13,13,13,1,31
01_13_12_03_0092.bmp,0,12,3,0,13,0.58783,0.16948,0.09813,passthrough,13,13,13,13,13,13
01_13_12_03_0092.bmp,1,12,3,0,13,0.52223,0.07275,0.0,clahe,1,13,13,13,1,31
01_13_12_03_0096.bmp,0,12,3,0,13,0.58569,0.17027,0.098,passthrough,13,13,13,13,13,13
01_13_12_03_0096.bmp,1,12,3,0,13,0.52788,0.06931,0.0,clahe,42,13,13,13,42,31
01_13_12_03_0098.bmp,0,12,3,0,13,0.58025,0.16753,0.085,passthrough,13,13,13,13,13,13
01_13_12_03_0100.bmp,0,12,3,0,13,0.58376,0.16735,0.08077,passthrough,13,13,13,13,13,13
01_13_12_03_0100.bmp,1,12,3,0,13,0.52925,0.07993,0.0,clahe,10,13,13,13,10,31
01_13_12_03_0101.bmp,0,12,3,0,13,0.57727,0.16709,0.06909,stretch,13,13,13,13,13,13
01_13_12_03_0103.bmp,1,12,3,0,13,0.5352,0.09205,0.03715,clahe,1,13,13,13,1,31
01_13_12_03_0104.bmp,1,12,3,0,13,0.52775,0.09591,0.0,clahe,13,13,13,13,13,31
01_13_12_03_0105.bmp,1,12,3,0,13,0.52334,0.07337,0.0,clahe,13,13,13,13,13,31
01_13_12_03_0108.bmp,0,12,3,0,13,0.57046,0.20318,0.0699,stretch,13,13,13,13,13,13
01_13_12_03_0109.bmp,1,12,3,0,13,0.53895,0.08493,0.07478,clahe,25,13,13,13,25,31
01_13_12_03_0111.bmp,0,12,3,0,13,0.55089,0.18129,0.04885,stretch,13,13,13,13,13,13
01_13_12_03_0113.bmp,0,12,3,0,13,0.54898,0.1702,0.02154,stretch,13,13,13,13,13,13
01_13_12_03_0113.bmp,1,12,3,0,13,0.53872,0.1172,0.19271,passthrough,13,13,13,13,13,13
01_13_12_03_0114.bmp,1,12,3,0,13,0.54329,0.11797,0.13889,passthrough,12,12,13,13,25,12
01_13_12_03_0115.bmp,1,12,3,0,13,0.55225,0.11954,0.09722,passthrough,31,31,13,13,13,31
01_13_12_03_0116.bmp,1,12,3,0,13,0.54821,0.11511,0.07639,passthrough,31,31,13,13,13,31
01_13_12_03_0118.bmp,0,12,3,0,13,0.50094,0.09319,0.0,clahe,25,13,13,13,25,31
01_13_12_03_0118.bmp,1,12,3,0,13,0.54161,0.1091,0.09896,passthrough,31,31,13,13,1,31
01_13_12_03_0119.bmp,1,12,3,0,13,0.54362,0.11022,0.07986,passthrough,31,31,13,13,13,31
01_13_12_03_0121.bmp,0,12,3,0,13,0.492,0.10002,0.15185,clahe,25,13,13,13,25,32
01_13_12_03_0123.bmp,0,12,3,0,13,0.48784,0.09865,0.14506,clahe,25,13,13,13,25,31
01_13_12_03_0125.bmp,0,12,3,0,13,0.47833,0.09481,0.10431,clahe,13,13,13,13,13,32
01_13_12_03_0128.bmp,0,12,3,0,13,0.47315,0.09018,0.09043,clahe,13,13,13,13,13,32
01_13_12_03_0130.bmp,0,12,3,0,13,0.47168,0.08972,0.09231,clahe,13,13,13,13,13,32
01_13_12_03_0130.bmp,1,12,3,0,13,0.53945,0.11035,0.07356,passthrough,31,31,13,13,13,31
01_13_12_03_0131.bmp,0,12,3,0,13,0.47097,0.08993,0.08571,clahe,13,13,13,13,13,32
01_13_12_03_0132.bmp,0,12,3,0,13,0.47206,0.09197,0.08571,clahe,13,13,13,13,13,32
01_13_12_03_0134.bmp,0,12,3,0,13,0.46898,0.09111,0.07675,clahe,13,13,13,13,13,32
01_13_12_03_0140.bmp,1,12,3,0,13,0.54454,0.10727,0.06694,stretch,13,13,13,13,13,13
01_13_12_03_0141.bmp,0,12,3,0,13,0.47768,0.10576,0.06913,clahe,13,13,13,13,13,13
01_13_12_03_0141.bmp,1,12,3,0,13,0.54708,0.1065,0.06825,stretch,13,13,13,13,13,13
01_13_12_03_0142.bmp,1,12,3,0,13,0.54831,0.10486,0.06781,clahe,13,13,13,13,13,13
01_13_12_03_0143.bmp,1,12,3,0,13,0.54818,0.1044,0.07353,clahe,13,13,13,13,13,13
01_13_12_03_0144.bmp,0,12,3,0,13,0.46376,0.09488,0.04255,clahe,13,13,13,13,13,32
01_13_12_03_0144.bmp,1,12,3,0,13,0.5465,0.10296,0.0774,clahe,13,13,13,13,13,13
01_13_12_03_0148.bmp,0,12,3,0,13,0.46833,0.10768,0.05044,stretch,13,13,13,13,13,13
01_13_12_03_0150.bmp,1,12,3,0,13,0.54829,0.10644,0.06081,stretch,13,13,13,13,13,13
01_13_12_03_0151.bmp,0,12,3,0,13,0.46454,0.10809,0.04624,stretch,13,13,13,13,13,13
01_13_12_03_0152.bmp,0,12,3,0,13,0.46439,0.10945,0.04497,stretch,13,13,13,13,13,13
01_13_12_03_0153.bmp,1,12,3,0,13,0.55257,0.10636,0.05495,stretch,13,13,13,13,13,13
01_13_12_03_0155.bmp,0,12,3,0,13,0.46557,0.11352,0.04175,stretch,13,13,13,13,13,13
01_13_12_03_0155.bmp,1,12,3,0,13,0.55626,0.10521,0.06695,clahe,13,13,13,13,13,13
01_13_12_03_0156.bmp,0,12,3,0,13,0.46349,0.11311,0.03749,stretch,13,13,13,13,13,13
01_13_12_03_0158.bmp,0,12,3,0,13,0.46365,0.11458,0.03451,stretch,13,13,13,13,13,13
01_13_12_03_0159.bmp,0,12,3,0,13,0.4651,0.11682,0.03145,stretch,13,13,13,13,13,13
01_13_12_03_0160.bmp,1,12,3,0,13,0.55815,0.10537,0.0668,clahe,13,13,13,13,13,13
01_13_12_03_0161.bmp,0,12,3,0,13,0.46714,0.12262,0.03139,stretch,13,13,13,13,13,13
01_13_12_03_0163.bmp,1,12,3,0,13,0.56092,0.10551,0.06085,clahe,13,13,13,13,13,13
01_13_12_03_0164.bmp,1,12,3,0,13,0.56128,0.1055,0.05754,clahe,13,13,13,13,13,13
01_13_12_03_0168.bmp,1,12,3,0,13,0.56232,0.10446,0.05622,clahe,13,13,13,13,13,13
01_13_12_03_0169.bmp,0,12,3,0,13,0.50449,0.06877,0.0,clahe,1,13,13,13,1,31
01_13_12_03_0170.bmp,1,12,3,0,13,0.56462,0.10438,0.05075,clahe,13,13,13,13,13,13
01_13_12_03_0172.bmp,1,12,3,0,13,0.5653,0.1028,0.07099,clahe,13,13,13,13,13,13
01_13_12_03_0173.bmp,1,12,3,0,13,0.53865,0.11216,0.07697,passthrough,13,13,13,13,13,13
01_13_12_03_0174.bmp,1,12,3,0,13,0.50871,0.09794,0.06066,clahe,13,13,13,13,13,13
01_13_12_03_0176.bmp,1,12,3,0,13,0.56472,0.10363,0.05372,clahe,13,13,13,13,13,13
01_13_12_03_0177.bmp,1,12,3,0,13,0.56559,0.10481,0.07753,clahe,13,13,13,13,13,13
01_13_12_03_0178.bmp,0,12,3,0,13,0.50677,0.07213,0.0,clahe,11,13,13,13,11,31
01_13_12_03_0179.bmp,1,12,3,0,13,0.56717,0.10718,0.0812,passthrough,13,13,13,13,13,13
01_13_12_03_0181.bmp,0,12,3,0,13,0.50897,0.07487,0.0,clahe,1,13,13,13,1,31
01_13_12_03_0181.bmp,1,12,3,0,13,0.569,0.1082,0.0696,stretch,13,13,13,13,13,13
01_13_12_03_0182.bmp,0,12,3,0,13,0.51046,0.07108,0.0,clahe,1,13,13,13,1,31
01_13_12_03_0184.bmp,0,12,3,0,13,0.51162,0.07389,0.0,clahe,42,13,13,13,42,31
01_13_12_03_0184.bmp,1,12,3,0,13,0.56909,0.10857,0.07387,passthrough,13,13,13,13,13,13
01_13_12_03_0185.bmp,1,12,3,0,13,0.56951,0.10844,0.07753,passthrough,13,13,13,13,13,13
01_13_12_03_0186.bmp,0,12,3,0,13,0.51162,0.07482,0.0,clahe,1,13,13,13,1,31
01_13_12_03_0187.bmp,0,12,3,0,13,0.51162,0.07812,0.0,clahe,1,13,13,13,1,31
01_13_12_03_0188.bmp,0,12,3,0,13,0.51194,0.07414,0.0,clahe,13,13,13,13,13,31
01_13_12_03_0189.bmp,0,12,3,0,13,0.51257,0.0741,0.0,clahe,1,13,13,13,1,31
01_13_12_03_0190.bmp,0,12,3,0,13,0.51298,0.07597,0.0,clahe,1,13,13,13,1,31
01_13_12_03_0192.bmp,0,12,3,0,13,0.51405,0.07568,0.0,clahe,10,13,13,13,10,31
01_13_12_03_0193.bmp,1,12,3,0,13,0.57071,0.10877,0.09096,passthrough,13,13,13,13,13,13
01_13_12_03_0194.bmp,0,12,3,0,13,0.51396,0.07855,0.0,clahe,1,13,13,13,1,31
01_13_12_03_0196.bmp,0,12,3,0,13,0.51337,0.08304,0.0,clahe,1,13,13,13,1,31
01_13_12_03_0196.bmp,1,12,3,0,13,0.5713,0.10845,0.08669,passthrough,13,13,13,13,13,13
01_13_12_03_0197.bmp,0,12,3,0,13,0.51304,0.08238,0.0,clahe,1,13,13,13,1,31
01_13_12_03_0199.bmp,0,12,3,0,13,0.5095,0.08458,0.20833,clahe,25,13,13,13,25,31
01_13_12_03_0199.bmp,1,12,3,0,13,0.57188,0.10998,0.08974,passthrough,13,13,13,13,13,13
01_13_12_03_0200.bmp,1,12,3,0,13,0.57214,0.10956,0.09158,passthrough,13,13,13,13,13,13
01_13_12_03_0201.bmp,1,12,3,0,13,0.57193,0.10985,0.07631,passthrough,13,13,13,13,13,13
01_13_12_03_0204.bmp,0,12,3,0,13,0.51657,0.08396,0.06548,clahe,13,13,13,13,13,31
01_13_12_03_0204.bmp,1,12,3,0,13,0.57236,0.11011,0.08242,passthrough,13,13,13,13,13,13
01_13_12_03_0205.bmp,0,12,3,0,13,0.51744,0.08579,0.07143,clahe,12,13,13,13,12,31
01_13_12_03_0205.bmp,1,12,3,0,13,0.57305,0.10977,0.09158,passthrough,13,13,13,13,13,13
01_13_12_03_0206.bmp,1,12,3,0,13,0.57241,0.10924,0.05678,stretch,13,13,13,13,13,13
01_13_12_03_0207.bmp,1,12,3,0,13,0.57234,0.10934,0.0812,passthrough,13,13,13,13,13,13
01_13_12_03_0208.bmp,0,12,3,0,13,0.50601,0.08415,0.16176,clahe,13,12,12,13,13,31
01_13_12_03_0209.bmp,1,12,3,0,13,0.57175,0.11012,0.0873,passthrough,13,13,13,13,13,13
01_13_12_03_0210.bmp,0,12,3,0,13,0.50908,0.08312,0.05556,clahe,25,13,13,13,25,31
01_13_12_03_0210.bmp,1,12,3,0,13,0.572,0.10929,0.08425,passthrough,13,13,13,13,13,13
01_13_12_03_0211.bmp,0,12,3,0,13,0.50285,0.08104,0.13932,clahe,13,13,13,13,13,31
01_13_12_03_0212.bmp,0,12,3,0,13,0.50611,0.07561,0.0,clahe,1,13,13,13,1,31
01_13_12_03_0212.bmp,1,12,3,0,13,0.57183,0.10842,0.08425,passthrough,13,13,13,13,13,13
01_13_12_03_0213.bmp,0,12,3,0,13,0.50963,0.07932,0.06944,clahe,16,12,12,13,16,31
01_13_12_03_0214.bmp,0,12,3,0,13,0.50022,0.07564,0.0,clahe,1,13,13,13,1,31
01_13_12_03_0214.bmp,1,12,3,0,13,0.57184,0.10864,0.08181,passthrough,13,13,13,13,13,13
01_13_12_03_0217.bmp,1,12,3,0,13,0.57119,0.10821,0.08303,passthrough,13,13,13,13,13,13
01_13_12_03_0218.bmp,0,12,3,0,13,0.50821,0.10221,0.1008,clahe,13,13,13,13,13,13
01_13_12_03_0218.bmp,1,12,3,0,13,0.57177,0.10897,0.09219,passthrough,13,13,13,13,13,13
01_13_12_03_0220.bmp,0,12,3,0,13,0.50706,0.10642,0.10036,passthrough,13,13,13,13,13,13
01_13_12_03_0221.bmp,1,12,3,0,13,0.57187,0.10896,0.08791,passthrough,13,13,13,13,13,13
01_13_12_03_0222.bmp,0,12,3,0,13,0.50651,0.10804,0.09591,passthrough,13,13,13,13,13,13
01_13_12_03_0222.bmp,1,12,3,0,13,0.57233,0.10812,0.13675,passthrough,13,13,13,13,13,13
01_13_12_03_0223.bmp,1,12,3,0,13,0.5721,0.10836,0.08181,passthrough,13,13,13,13,13,13
01_13_12_03_0225.bmp,1,12,3,0,13,0.57199,0.10803,0.09219,passthrough,13,13,13,13,13,13
01_13_12_03_0227.bmp,0,12,3,0,13,0.50325,0.11028,0.07473,passthrough,13,13,13,13,13,13
01_13_12_03_0230.bmp,1,12,3,0,13,0.58249,0.11455,0.13858,passthrough,13,13,13,13,13,13
01_13_12_03_0231.bmp,0,12,3,0,13,0.49527,0.11413,0.06231,stretch,13,13,13,13,13,13
01_13_12_03_0232.bmp,1,12,3,0,13,0.58471,0.11567,0.14591,passthrough,13,13,13,13,13,13
01_13_12_03_0235.bmp,0,12,3,0,13,0.49278,0.12266,0.06216,stretch,13,13,13,13,13,13
01_13_12_03_0236.bmp,0,12,3,0,13,0.49884,0.1301,0.06409,stretch,13,13,13,13,13,13
01_13_12_03_0237.bmp,0,12,3,0,13,0.5053,0.13037,0.07422,passthrough,13,13,13,13,13,13
01_13_12_03_0238.bmp,0,12,3,0,13,0.50997,0.13521,0.07917,passthrough,13,13,13,13,13,13
01_13_12_03_0238.bmp,1,12,3,0,13,0.58107,0.11425,0.11111,passthrough,13,13,13,13,13,13
01_13_12_03_0239.bmp,0,12,3,0,13,0.51002,0.14022,0.06923,stretch,13,13,13,13,13,13
01_13_12_03_0240.bmp,0,12,3,0,13,0.5137,0.14866,0.05882,stretch,13,13,13,13,13,13
01_13_12_03_0241.bmp,0,12,3,0,13,0.51884,0.15149,0.07229,stretch,13,13,13,13,13,13
01_13_12_03_0242.bmp,0,12,3,0,13,0.51633,0.15061,0.06827,stretch,13,13,13,13,13,13
01_13_12_03_0242.bmp,1,12,3,0,13,0.57898,0.11327,0.08974,passthrough,13,13,13,13,13,13
01_13_12_03_0243.bmp,0,12,3,0,13,0.51279,0.15513,0.0589,stretch,13,13,13,13,13,13
01_13_12_03_0246.bmp,0,12,3,0,13,0.49336,0.14203,0.06153,stretch,13,13,14,14,13,13
01_13_12_03_0248.bmp,1,12,3,0,13,0.57755,0.11205,0.1453,passthrough,13,13,13,13,13,13
01_13_12_03_0249.bmp,0,12,3,0,13,0.5081,0.14748,0.03935,stretch,13,13,13,13,13,13
01_13_12_03_0249.bmp,1,12,3,0,13,0.57739,0.11228,0.14286,passthrough,13,13,13,13,13,13
01_13_12_03_0252.bmp,0,12,3,0,13,0.51319,0.15153,0.04379,stretch,13,13,13,13,13,13
01_13_12_03_0254.bmp,1,12,3,0,13,0.57745,0.11124,0.14347,passthrough,13,13,13,13,13,13
01_13_12_03_0256.bmp,0,12,3,0,13,0.51049,0.14939,0.04018,stretch,13,13,13,13,13,13
01_13_12_03_0257.bmp,0,12,3,0,13,0.51049,0.14801,0.04171,stretch,13,13,13,13,13,13
01_13_12_03_0258.bmp,1,12,3,0,13,0.57722,0.1111,0.11416,passthrough,13,13,13,13,13,13
01_13_12_03_0260.bmp,1,12,3,0,13,0.57684,0.11166,0.13309,passthrough,13,13,13,13,13,13
01_13_12_03_0262.bmp,1,12,3,0,13,0.57713,0.11091,0.1398,passthrough,13,13,13,13,13,13
01_13_12_03_0267.bmp,0,12,3,0,13,0.51067,0.12885,0.02723,stretch,13,13,13,13,13,13
01_13_12_03_0267.bmp,1,12,3,0,13,0.57716,0.11121,0.13065,passthrough,13,13,13,13,13,13
01_13_12_03_0268.bmp,1,12,3,0,13,0.5771,0.11172,0.14469,passthrough,13,13,13,13,13,13
01_13_12_03_0269.bmp,0,12,3,0,13,0.50455,0.12251,0.01703,stretch,13,13,13,13,13,13
01_13_12_03_0275.bmp,0,12,3,0,13,0.57715,0.11207,0.14103,passthrough,13,13,13,13,13,13
01_13_12_03_0277.bmp,0,12,3,0,13,0.5772,0.11166,0.1221,passthrough,13,13,13,13,13,13
01_13_12_03_0279.bmp,0,12,3,0,13,0.57688,0.11056,0.13492,passthrough,13,13,13,13,13,13
01_13_12_03_0281.bmp,0,12,3,0,13,0.57696,0.1107,0.0757,passthrough,13,13,13,13,13,13
01_13_12_03_0285.bmp,0,12,3,0,13,0.57682,0.11114,0.08364,passthrough,13,13,13,13,13,13
01_13_12_03_0286.bmp,0,12,3,0,13,0.57678,0.11053,0.0873,passthrough,13,13,13,13,13,13
01_13_12_03_0287.bmp,0,12,3,0,13,0.57669,0.11145,0.13187,passthrough,13,13,13,13,13,13
01_13_12_03_0290.bmp,0,12,3,0,13,0.57469,0.10974,0.13736,passthrough,13,13,13,13,13,13
01_13_12_03_0291.bmp,0,12,3,0,13,0.57311,0.1087,0.13431,passthrough,13,13,13,13,13,13
01_13_12_03_0299.bmp,0,12,3,0,13,0.57019,0.1056,0.06532,clahe,13,13,13,13,13,13
01_13_12_03_0302.bmp,0,12,3,0,13,0.5665,0.10204,0.07871,clahe,13,13,13,13,13,13
01_13_12_03_0305.bmp,0,12,3,0,13,0.56307,0.09963,0.07633,clahe,13,13,13,13,13,13
01_13_12_03_0306.bmp,0,12,3,0,13,0.56297,0.09991,0.05128,clahe,13,13,13,13,13,13
01_13_12_03_0308.bmp,0,12,3,0,13,0.56274,0.09842,0.05069,clahe,13,13,13,13,13,13
01_13_12_03_0320.bmp,0,12,3,0,13,0.55993,0.10488,0.05849,clahe,13,13,13,13,13,13
01_13_12_03_0325.bmp,0,12,3,0,13,0.56908,0.12716,0.0712,stretch,13,13,13,13,13,13
01_13_12_03_0328.bmp,0,12,3,0,13,0.56647,0.12541,0.04431,stretch,13,13,13,13,13,13
01_13_12_03_0329.bmp,0,12,3,0,13,0.56581,0.1286,0.04287,stretch,13,13,13,13,13,13
01_13_12_03_0332.bmp,0,12,3,0,13,0.56671,0.13332,0.04697,stretch,13,13,13,13,13,13
01_13_12_03_0339.bmp,0,12,3,0,13,0.57638,0.14773,0.1086,passthrough,13,13,13,13,13,13
01_13_12_03_0340.bmp,0,12,3,0,13,0.58014,0.14965,0.12977,passthrough,13,13,13,13,13,13
01_13_12_03_0343.bmp,0,12,3,0,13,0.57782,0.14803,0.11838,passthrough,13,13,13,13,13,13
01_13_12_03_0347.bmp,0,12,3,0,13,0.57649,0.15341,0.1181,passthrough,13,13,13,13,13,13
01_13_12_03_0350.bmp,0,12,3,0,13,0.5664,0.15476,0.08035,passthrough,13,13,13,13,13,13
01_13_12_03_0352.bmp,0,12,3,0,13,0.54907,0.13999,0.07782,passthrough,13,13,13,13,13,13
01_13_12_03_0353.bmp,0,12,3,0,13,0.54174,0.13215,0.06997,stretch,13,13,13,13,13,13
01_13_12_03_0354.bmp,0,12,3,0,13,0.53177,0.12664,0.06019,stretch,13,13,13,13,13,13
01_13_12_03_0355.bmp,0,12,3,0,13,0.52418,0.11584,0.05598,stretch,13,13,13,13,13,13
01_13_12_03_0357.bmp,0,12,3,0,13,0.51641,0.12198,0.09031,passthrough,13,13,13,13,13,13
01_13_12_03_0358.bmp,0,12,3,0,13,0.5149,0.12935,0.10093,passthrough,13,13,13,13,13,13
01_13_12_03_0360.bmp,0,12,3,0,13,0.51706,0.14183,0.06708,stretch,13,13,13,13,13,13
01_13_12_03_0363.bmp,0,12,3,0,13,0.5136,0.14943,0.04898,stretch,13,13,13,13,13,13
01_13_12_03_0367.bmp,0,12,3,0,13,0.51572,0.15665,0.05455,stretch,13,13,13,15,13,13
01_13_12_03_0372.bmp,0,12,3,0,13,0.49625,0.13525,0.03489,stretch,13,13,13,13,13,13
01_13_12_03_0373.bmp,0,12,3,0,13,0.49447,0.12974,0.03241,stretch,13,13,13,13,13,13
01_13_12_03_0376.bmp,0,12,3,0,13,0.49838,0.14461,0.04127,stretch,13,13,13,13,13,13
01_13_12_03_0379.bmp,0,12,3,0,13,0.50303,0.15435,0.04322,stretch,13,13,13,13,13,13
01_13_12_03_0381.bmp,0,12,3,0,13,0.52207,0.16407,0.05461,stretch,13,13,13,13,13,13
01_13_12_03_0384.bmp,0,12,3,0,13,0.53073,0.15791,0.05266,stretch,13,13,15,15,13,13
01_13_12_03_0387.bmp,0,12,3,0,13,0.52124,0.08154,0.19835,clahe,42,13,13,32,42,31
01_13_12_03_0388.bmp,0,12,3,0,13,0.52082,0.08419,0.2314,clahe,42,15,15,32,42,31
01_13_12_03_0390.bmp,0,12,3,0,13,0.52342,0.08871,0.22314,clahe,11,13,13,13,11,31
01_13_12_03_0391.bmp,0,12,3,0,13,0.52102,0.09563,0.14876,clahe,42,18,18,13,42,31
01_13_12_03_0395.bmp,0,12,3,0,13,0.52436,0.10376,0.2562,clahe,42,13,13,13,42,31
01_13_12_03_0396.bmp,0,12,3,0,13,0.52646,0.09713,0.22314,clahe,13,13,13,13,13,31
01_13_12_03_0402.bmp,0,12,3,0,13,0.54215,0.09033,0.1157,clahe,42,13,13,32,42,31
01_13_12_03_0407.bmp,0,12,3,0,13,0.52831,0.0937,0.19835,clahe,11,13,13,32,11,31
01_13_12_03_0409.bmp,0,12,3,0,13,0.53725,0.08716,0.2562,clahe,11,18,18,13,11,31
01_13_12_03_0414.bmp,0,12,3,0,13,0.51726,0.10852,0.23967,passthrough,31,31,13,13,13,31
01_13_12_03_0423.bmp,0,12,3,0,13,0.52692,0.12954,0.22314,passthrough,31,31,13,13,11,31
01_13_12_03_0424.bmp,0,12,3,0,13,0.53042,0.13218,0.23967,passthrough,13,13,13,13,11,13
01_13_12_03_0426.bmp,0,12,3,0,13,0.53612,0.13873,0.2314,passthrough,31,31,13,13,13,31
01_13_12_03_0427.bmp,0,12,3,0,13,0.53502,0.13938,0.20661,passthrough,36,36,13,13,13,36
01_13_12_03_0428.bmp,0,12,3,0,13,0.53852,0.14173,0.21488,passthrough,31,31,13,13,13,31
01_13_12_03_0434.bmp,0,12,3,0,13,0.52329,0.12738,0.18095,passthrough,13,13,13,13,42,13
01_13_12_03_0437.bmp,0,12,3,0,13,0.52984,0.12312,0.18571,passthrough,13,13,13,13,13,13
01_13_12_03_0438.bmp,0,12,3,0,13,0.5293,0.12209,0.20476,passthrough,13,13,13,13,25,13
01_13_12_03_0443.bmp,0,12,3,0,13,0.51488,0.12239,0.15972,passthrough,13,13,13,13,13,13
01_13_12_03_0445.bmp,0,12,3,0,13,0.51269,0.12873,0.18382,passthrough,12,12,13,13,12,12
01_13_12_03_0446.bmp,0,12,3,0,13,0.51675,0.12766,0.1875,passthrough,13,13,13,13,13,13
01_13_12_03_0447.bmp,0,12,3,0,13,0.5235,0.12722,0.19922,passthrough,13,13,13,13,1,13
01_13_12_03_0449.bmp,0,12,3,0,13,0.51744,0.1266,0.16718,passthrough,13,13,13,13,13,13
01_13_12_03_0451.bmp,0,12,3,0,13,0.51135,0.12506,0.14286,passthrough,13,13,13,13,13,13
01_13_12_03_0455.bmp,0,12,3,0,13,0.51022,0.12329,0.12391,passthrough,13,13,13,13,13,13
01_13_12_03_0460.bmp,0,12,3,0,13,0.5377,0.12452,0.13261,passthrough,13,13,13,13,13,13
01_13_12_03_0463.bmp,0,12,3,0,13,0.54261,0.13996,0.16403,passthrough,13,13,13,13,13,13
01_13_12_03_0464.bmp,0,12,3,0,13,0.54914,0.15362,0.16798,passthrough,13,13,13,15,13,13
01_13_12_03_0467.bmp,0,12,3,0,13,0.53943,0.16184,0.14963,passthrough,13,13,13,13,13,13
01_13_12_03_0471.bmp,0,12,3,0,13,0.52373,0.16582,0.0954,passthrough,13,13,13,13,13,13
01_13_12_03_0474.bmp,0,12,3,0,13,0.51665,0.15082,0.08428,passthrough,13,13,13,13,13,13
01_13_12_03_0477.bmp,0,12,3,0,13,0.52118,0.14642,0.0983,passthrough,13,13,13,13,13,13
01_13_12_03_0478.bmp,0,12,3,0,13,0.5146,0.14299,0.09544,passthrough,13,13,13,13,13,13
01_13_12_03_0480.bmp,0,12,3,0,13,0.50698,0.14255,0.09163,passthrough,13,13,13,13,13,13
01_13_12_03_0488.bmp,0,12,3,0,13,0.50156,0.13,0.06889,stretch,13,13,13,13,13,13
01_13_12_03_0491.bmp,0,12,3,0,13,0.51619,0.1375,0.0886,passthrough,13,13,13,13,13,13
01_13_12_03_0493.bmp,0,12,3,0,13,0.51287,0.13589,0.0922,passthrough,13,13,13,13,13,13
01_13_12_03_0495.bmp,0,12,3,0,13,0.50819,0.13307,0.06901,stretch,13,13,13,13,13,13
01_13_12_03_0502.bmp,0,12,3,0,13,0.50731,0.13857,0.05139,stretch,13,13,13,13,13,13
01_13_12_03_0503.bmp,0,12,3,0,13,0.50737,0.13696,0.04938,stretch,13,13,13,13,13,13
01_13_12_03_0505.bmp,0,12,3,0,13,0.51154,0.13635,0.03196,stretch,13,13,13,13,13,13
01_13_12_03_0508.bmp,0,12,3,0,13,0.50452,0.14001,0.03038,stretch,13,13,13,13,13,13
01_13_12_03_0509.bmp,0,12,3,0,13,0.50952,0.13774,0.03352,stretch,13,13,13,13,13,13
01_13_12_03_0513.bmp,0,12,3,0,13,0.51873,0.13001,0.02177,stretch,13,13,13,13,13,13
01_13_12_03_0514.bmp,0,12,3,0,13,0.50606,0.12489,0.01901,stretch,13,13,13,13,13,13
01_13_12_03_0515.bmp,0,12,3,0,13,0.5011,0.11948,0.01389,stretch,13,13,13,8,13,13
01_13_12_03_0517.bmp,0,12,3,0,13,0.52867,0.08661,0.22378,clahe,42,13,13,32,42,31
01_13_12_03_0521.bmp,0,12,3,0,13,0.52033,0.07659,0.12587,clahe,11,13,13,32,11,31
01_13_12_03_0523.bmp,0,12,3,0,13,0.49857,0.09466,0.12368,clahe,1,13,13,13,1,31
01_13_12_03_0525.bmp,0,12,3,0,13,0.5121,0.10127,0.15461,clahe,13,13,13,13,13,31
01_13_12_03_0526.bmp,0,12,3,0,13,0.51603,0.07561,0.0,clahe,42,13,13,32,42,31
01_13_12_03_0532.bmp,0,12,3,0,13,0.51526,0.07314,0.15385,clahe,42,12,12,32,42,32
01_13_12_03_0534.bmp,0,12,3,0,13,0.51754,0.0734,0.0,clahe,42,13,13,13,42,31
01_13_12_03_0535.bmp,0,12,3,0,13,0.54372,0.11215,0.04861,stretch,13,13,13,13,13,12
01_13_12_03_0536.bmp,0,12,3,0,13,0.5168,0.07283,0.13986,clahe,42,13,13,32,42,32
01_13_12_03_0538.bmp,0,12,3,0,13,0.51916,0.07058,0.0,clahe,11,11,11,32,11,31
01_13_12_03_0539.bmp,0,12,3,0,13,0.54832,0.1087,0.24444,passthrough,31,31,13,13,13,31
01_13_12_03_0540.bmp,0,12,3,0,13,0.51927,0.07461,0.16783,clahe,13,13,13,32,13,32
01_13_12_03_0547.bmp,0,12,3,0,13,0.5501,0.1001,0.22569,clahe,13,15,15,13,13,31
01_13_12_03_0550.bmp,0,12,3,0,13,0.51628,0.06683,0.0,clahe,11,13,13,13,11,31
01_13_12_03_0551.bmp,0,12,3,0,13,0.54278,0.10137,0.25163,clahe,13,13,13,13,13,31
01_13_12_03_0554.bmp,0,12,3,0,13,0.51841,0.07449,0.14685,clahe,42,16,16,32,42,31
01_13_12_03_0555.bmp,0,12,3,0,13,0.54153,0.10599,0.20988,clahe,12,13,13,13,12,31
01_13_12_03_0560.bmp,0,12,3,0,13,0.52143,0.07138,0.0,clahe,42,13,13,13,42,31
01_13_12_03_0561.bmp,0,12,3,0,13,0.53825,0.09982,0.15278,clahe,13,13,13,13,13,31
01_13_12_03_0562.bmp,0,12,3,0,13,0.5228,0.06812,0.0,clahe,10,13,13,32,10,31
01_13_12_03_0563.bmp,0,12,3,0,13,0.53746,0.10037,0.14815,clahe,13,13,13,13,13,31
01_13_12_03_0569.bmp,0,12,3,0,13,0.52659,0.10181,0.13712,clahe,13,13,13,13,13,13
01_13_12_03_0574.bmp,0,12,3,0,13,0.50207,0.07949,0.0,clahe,13,13,13,13,13,31
01_13_12_03_0575.bmp,0,12,3,0,13,0.52092,0.10184,0.1507,clahe,13,13,13,15,13,13
01_13_12_03_0576.bmp,0,12,3,0,13,0.50075,0.07954,0.0,clahe,1,13,13,13,1,32
01_13_12_03_0577.bmp,0,12,3,0,13,0.52283,0.09897,0.14176,clahe,13,13,13,15,13,13
01_13_12_03_0579.bmp,0,12,3,0,13,0.52915,0.10745,0.1257,passthrough,13,13,13,15,13,13
01_13_12_03_0581.bmp,0,12,3,0,13,0.52387,0.10449,0.15339,clahe,13,13,13,15,13,13
01_13_12_03_0583.bmp,0,12,3,0,13,0.52059,0.0976,0.09631,clahe,13,13,13,15,13,13
01_13_12_03_0584.bmp,0,12,3,0,13,0.49658,0.08133,0.16742,clahe,13,13,13,13,13,32
01_13_12_03_0588.bmp,0,12,3,0,13,0.49183,0.08626,0.0,clahe,12,13,13,13,12,32
01_13_12_03_0589.bmp,0,12,3,0,13,0.50891,0.09662,0.07765,clahe,13,13,13,15,13,13
01_13_12_03_0591.bmp,0,12,3,0,13,0.50957,0.09645,0.08333,clahe,13,13,13,13,13,13
01_13_12_03_0600.bmp,0,12,3,0,13,0.50679,0.10354,0.08726,clahe,13,13,13,13,13,13
01_13_12_03_0605.bmp,0,12,3,0,13,0.50928,0.11282,0.11467,passthrough,13,13,13,13,13,13
01_13_12_03_0610.bmp,0,12,3,0,13,0.51102,0.11602,0.10677,passthrough,13,13,13,13,13,13
01_13_12_03_0613.bmp,0,12,3,0,13,0.5194,0.12156,0.09795,passthrough,13,13,13,13,13,13
01_13_12_03_0615.bmp,0,12,3,0,13,0.52783,0.12605,0.08979,passthrough,13,13,13,13,13,13
01_13_12_03_0621.bmp,0,12,3,0,13,0.52655,0.12473,0.06162,stretch,13,13,13,13,13,13
01_13_12_03_0622.bmp,0,12,3,0,13,0.52279,0.12872,0.048,stretch,13,13,13,13,13,13
01_13_12_03_0624.bmp,0,12,3,0,13,0.52739,0.13999,0.03897,stretch,13,13,13,13,13,13
01_13_12_03_0626.bmp,0,12,3,0,13,0.52466,0.14316,0.04677,stretch,13,13,13,13,13,13
01_03_12_04_0002.bmp,0,12,4,0,9,0.63924,0.06572,0.07879,clahe,16,13,13,15,16,31
01_03_12_04_0004.bmp,0,12,4,0,9,0.63432,0.06901,0.07246,clahe,16,13,13,15,16,32
01_03_12_04_0009.bmp,0,12,4,0,9,0.62052,0.07723,0.16944,clahe,41,13,13,15,41,13
01_03_12_04_0010.bmp,0,12,4,0,9,0.61607,0.08049,0.08,clahe,41,13,13,15,41,13
01_03_12_04_0018.bmp,0,12,4,0,9,0.59705,0.08613,0.14286,clahe,16,13,13,15,16,13
01_03_12_04_0025.bmp,0,12,4,0,9,0.56857,0.08878,0.13065,clahe,41,41,41,15,41,13
01_03_12_04_0028.bmp,0,12,4,0,9,0.55185,0.0859,0.0554,clahe,41,16,16,15,41,13
01_03_12_04_0029.bmp,0,12,4,0,9,0.55074,0.08635,0.11295,clahe,16,13,13,15,16,13
01_03_12_04_0030.bmp,0,12,4,0,9,0.5442,0.08453,0.11462,clahe,16,15,15,15,16,13
01_03_12_04_0038.bmp,0,12,4,0,9,0.50724,0.08251,0.04923,clahe,9,9,9,15,9,13
01_03_12_04_0042.bmp,0,12,4,0,9,0.50308,0.08902,0.04793,clahe,41,13,13,15,41,13
01_03_12_04_0044.bmp,0,12,4,0,9,0.50726,0.09252,0.05037,clahe,16,13,13,15,16,13
01_03_12_04_0046.bmp,0,12,4,0,9,0.50764,0.09363,0.04583,clahe,16,16,16,15,16,13
01_03_12_04_0048.bmp,0,12,4,0,9,0.51292,0.10643,0.1133,passthrough,13,13,15,15,16,13
01_03_12_04_0049.bmp,0,12,4,0,9,0.50873,0.1011,0.11183,clahe,13,34,34,15,13,13
01_03_12_04_0055.bmp,0,12,4,0,9,0.50137,0.10002,0.08547,clahe,16,15,15,15,16,13
01_03_12_04_0059.bmp,0,12,4,0,9,0.64098,0.06798,0.00833,clahe,13,13,13,15,13,13
01_03_12_04_0060.bmp,0,12,4,0,9,0.63809,0.06661,0.0,clahe,13,9,9,15,13,13
01_03_12_04_0065.bmp,0,12,4,0,9,0.6198,0.06739,0.0,clahe,13,9,9,15,13,13
01_03_12_04_0066.bmp,0,12,4,0,9,0.62122,0.06714,0.0,clahe,13,9,9,15,13,13
01_03_12_04_0068.bmp,0,12,4,0,9,0.6205,0.06763,0.0028,clahe,13,15,15,15,13,13
01_03_12_04_0069.bmp,0,12,4,0,9,0.62114,0.07057,0.0051,clahe,13,15,15,15,13,13
01_03_12_04_0071.bmp,0,12,4,0,9,0.62008,0.07275,0.01324,clahe,13,9,9,15,13,13
01_03_12_04_0073.bmp,0,12,4,0,9,0.61144,0.07227,0.0,clahe,13,9,9,15,13,13
01_03_12_04_0074.bmp,0,12,4,0,9,0.60988,0.07432,0.00622,clahe,13,15,15,15,13,13
01_03_12_04_0076.bmp,0,12,4,0,9,0.60105,0.08372,0.00679,clahe,13,15,15,15,13,13
01_03_12_04_0077.bmp,0,12,4,0,9,0.59593,0.08592,0.00975,clahe,13,9,9,15,13,13
01_03_12_04_0078.bmp,0,12,4,0,9,0.58974,0.08202,0.01017,clahe,13,9,9,15,13,13
01_03_12_04_0079.bmp,0,12,4,0,9,0.58183,0.08216,0.00279,clahe,13,9,9,15,13,13
01_03_12_04_0080.bmp,0,12,4,0,9,0.57377,0.08623,0.01817,clahe,18,15,15,15,18,13
01_03_12_04_0081.bmp,0,12,4,0,9,0.57083,0.0909,0.03999,clahe,10,9,9,15,10,13
01_03_12_04_0084.bmp,0,12,4,0,9,0.54944,0.0976,0.05037,clahe,13,9,9,15,13,13
01_06_12_04_0002.bmp,1,12,4,0,14,0.7859,0.03583,0.0,clahe,42,25,25,36,42,36
01_06_12_04_0003.bmp,0,12,4,0,14,0.64668,0.07548,0.01351,clahe,13,14,14,14,13,25
01_06_12_04_0004.bmp,1,12,4,0,14,0.78198,0.0349,0.0,clahe,12,25,25,36,12,36
01_06_12_04_0005.bmp,1,12,4,0,14,0.78194,0.03833,0.0,clahe,42,13,13,36,42,36
01_06_12_04_0006.bmp,0,12,4,0,14,0.63507,0.08174,0.05255,clahe,13,14,14,14,13,32
01_06_12_04_0006.bmp,1,12,4,0,14,0.78939,0.04924,0.0,clahe,23,25,25,14,23,32
01_06_12_04_0008.bmp,0,12,4,0,14,0.64762,0.09327,0.1406,clahe,25,14,14,14,25,25
01_06_12_04_0008.bmp,1,12,4,0,14,0.78438,0.04188,0.0,clahe,42,0,0,25,42,32
01_06_12_04_0011.bmp,0,12,4,0,14,0.69156,0.0676,0.04917,clahe,2,14,14,14,2,25
01_06_12_04_0012.bmp,1,12,4,0,14,0.7838,0.04932,0.0,clahe,25,25,25,13,25,32
01_06_12_04_0014.bmp,1,12,4,0,14,0.7875,0.05165,0.0,clahe,1,14,14,14,1,32
01_06_12_04_0015.bmp,0,12,4,0,14,0.67579,0.07731,0.03954,clahe,4,14,14,14,4,25
01_06_12_04_0016.bmp,1,12,4,0,14,0.7889,0.05111,0.0,clahe,25,14,14,14,25,11
01_06_12_04_0017.bmp,1,12,4,0,14,0.79315,0.05599,0.0,clahe,25,14,14,14,25,11
01_06_12_04_0018.bmp,0,12,4,0,14,0.66516,0.0685,0.02072,clahe,4,14,14,14,4,25
01_06_12_04_0018.bmp,1,12,4,0,14,0.79208,0.05681,0.0,clahe,25,13,13,14,25,32
01_06_12_04_0020.bmp,0,12,4,0,14,0.65495,0.07357,0.0,clahe,25,14,14,14,25,25
01_06_12_04_0022.bmp,1,12,4,0,14,0.79213,0.06198,0.0,clahe,42,13,13,14,42,11
01_06_12_04_0023.bmp,0,12,4,0,14,0.64567,0.08246,0.04573,clahe,25,14,14,14,25,25
01_06_12_04_0023.bmp,1,12,4,0,14,0.79708,0.06738,0.0,clahe,25,14,14,14,25,32
01_06_12_04_0024.bmp,0,12,4,0,14,0.64224,0.08026,0.0294,clahe,25,14,14,14,25,25
01_06_12_04_0024.bmp,1,12,4,0,14,0.79621,0.06732,0.0,clahe,11,14,14,14,11,11
01_06_12_04_0025.bmp,0,12,4,0,14,0.64188,0.08432,0.03492,clahe,2,14,14,14,2,25
01_06_12_04_0027.bmp,0,12,4,0,14,0.63253,0.0856,0.06397,clahe,2,14,14,14,2,25
01_06_12_04_0028.bmp,1,12,4,0,14,0.78397,0.05577,0.0,clahe,25,14,14,14,25,11
01_06_12_04_0031.bmp,0,12,4,0,14,0.61166,0.08105,0.0493,clahe,4,14,14,14,4,25
01_06_12_04_0032.bmp,0,12,4,0,14,0.60613,0.07844,0.04421,clahe,5,14,14,14,5,25
01_06_12_04_0037.bmp,0,12,4,0,14,0.57164,0.0848,0.09376,clahe,25,14,14,14,25,25
01_06_12_04_0038.bmp,0,12,4,0,14,0.56595,0.08852,0.08083,clahe,7,14,14,14,7,25
01_06_12_04_0040.bmp,0,12,4,0,14,0.55533,0.09337,0.08251,clahe,25,14,14,14,25,25
01_06_12_04_0042.bmp,1,12,4,0,14,0.57533,0.08457,0.07764,clahe,1,13,13,17,1,31
01_06_12_04_0044.bmp,1,12,4,0,14,0.56089,0.06854,0.04167,clahe,5,25,25,17,5,31
01_06_12_04_0047.bmp,0,12,4,0,14,0.54531,0.0615,0.02564,clahe,16,13,13,17,16,31
01_06_12_04_0050.bmp,0,12,4,0,14,0.56026,0.08946,0.04762,clahe,16,17,17,17,16,36
01_06_12_04_0055.bmp,0,12,4,0,14,0.55261,0.10532,0.08783,clahe,25,14,14,14,25,32
01_06_12_04_0058.bmp,0,12,4,0,14,0.54118,0.10577,0.06275,clahe,25,14,14,14,25,36
01_06_12_04_0060.bmp,0,12,4,0,14,0.52978,0.10005,0.05976,clahe,1,5,5,14,1,36
01_06_12_04_0062.bmp,0,12,4,0,14,0.52143,0.10238,0.03012,clahe,25,14,14,17,25,32
01_06_12_04_0063.bmp,0,12,4,0,14,0.51965,0.11112,0.03684,stretch,36,36,14,17,19,32
01_06_12_04_0064.bmp,0,12,4,0,14,0.53062,0.12665,0.02969,stretch,36,36,14,17,25,32
01_06_12_04_0065.bmp,0,12,4,0,14,0.51867,0.11677,0.02969,stretch,36,36,17,17,25,32
01_06_12_04_0066.bmp,0,12,4,0,14,0.5287,0.12325,0.02613,stretch,25,25,14,14,13,13
01_06_12_04_0068.bmp,0,12,4,0,14,0.52033,0.11917,0.02547,stretch,25,25,14,14,23,19
01_06_12_04_0070.bmp,0,12,4,0,14,0.5078,0.11164,0.02805,stretch,25,25,14,14,25,32
01_06_12_04_0071.bmp,0,12,4,0,14,0.49334,0.09872,0.02261,clahe,25,14,14,14,25,13
01_06_12_04_0081.bmp,0,12,4,0,14,0.48474,0.09104,0.01841,clahe,2,14,14,14,2,25
01_06_12_04_0086.bmp,0,12,4,0,14,0.50744,0.09426,0.06026,clahe,7,17,17,17,7,16
01_06_12_04_0087.bmp,0,12,4,0,14,0.51863,0.11437,0.03857,stretch,25,25,14,14,25,25
01_11_12_04_0002.bmp,0,12,4,0,12,0.61602,0.07568,0.17703,clahe,11,17,17,15,11,31
01_11_12_04_0004.bmp,0,12,4,0,12,0.61392,0.08101,0.15789,clahe,11,17,17,13,11,31
01_11_12_04_0006.bmp,0,12,4,0,12,0.61272,0.07864,0.18182,clahe,42,15,15,7,42,31
01_11_12_04_0007.bmp,0,12,4,0,12,0.61055,0.08209,0.19139,clahe,11,35,35,13,11,31
01_11_12_04_0008.bmp,0,12,4,0,12,0.61009,0.08221,0.2823,clahe,11,11,11,13,11,31
01_11_12_04_0009.bmp,0,12,4,0,12,0.60372,0.08174,0.22967,clahe,11,13,13,13,11,31
01_11_12_04_0010.bmp,0,12,4,0,12,0.60475,0.08358,0.15311,clahe,1,13,13,13,1,31
01_11_12_04_0012.bmp,0,12,4,0,12,0.60165,0.08101,0.25359,clahe,11,0,0,7,11,31
01_11_12_04_0015.bmp,0,12,4,0,12,0.58612,0.09135,0.15714,clahe,11,35,35,13,11,32
01_11_12_04_0020.bmp,0,12,4,0,12,0.60027,0.09073,0.11667,clahe,18,1,1,32,18,32
01_11_12_04_0021.bmp,0,12,4,0,12,0.59639,0.08512,0.25831,clahe,11,1,1,18,11,32
01_11_12_04_0025.bmp,0,12,4,0,12,0.6098,0.08684,0.0,clahe,11,1,1,26,11,32
01_11_12_04_0027.bmp,0,12,4,0,12,0.61858,0.08427,0.15111,clahe,11,1,1,1,11,13
01_11_12_04_0028.bmp,0,12,4,0,12,0.62434,0.07864,0.13333,clahe,11,1,1,7,11,31
01_11_12_04_0030.bmp,0,12,4,0,12,0.63395,0.08365,0.14222,clahe,11,11,11,15,11,13
01_11_12_04_0031.bmp,0,12,4,0,12,0.63094,0.08042,0.15048,clahe,11,1,1,1,11,32
01_11_12_04_0032.bmp,0,12,4,0,12,0.63475,0.08014,0.1164,clahe,11,1,1,1,11,32
01_11_12_04_0033.bmp,0,12,4,0,12,0.63798,0.07957,0.12522,clahe,11,1,1,1,11,32
01_11_12_04_0035.bmp,0,12,4,0,12,0.63713,0.07915,0.10618,clahe,11,1,1,15,11,11
01_11_12_04_0036.bmp,0,12,4,0,12,0.63825,0.07585,0.0,clahe,11,1,1,1,11,13
01_11_12_04_0039.bmp,0,12,4,0,12,0.64738,0.0717,0.0,clahe,11,1,1,18,11,32
01_11_12_04_0040.bmp,0,12,4,0,12,0.65097,0.06847,0.0,clahe,11,1,1,15,11,11
01_11_12_04_0049.bmp,0,12,4,0,12,0.6658,0.06651,0.0,clahe,18,1,1,26,18,1
01_11_12_04_0054.bmp,0,12,4,0,12,0.6601,0.0776,0.0,clahe,18,1,1,15,18,13
01_11_12_04_0061.bmp,0,12,4,0,12,0.65138,0.08608,0.02991,clahe,18,1,1,15,18,13
01_11_12_04_0062.bmp,0,12,4,0,12,0.65058,0.08721,0.02931,clahe,11,1,1,15,11,13
01_11_12_04_0065.bmp,0,12,4,0,12,0.64355,0.08835,0.02665,clahe,18,1,1,15,18,13
01_11_12_04_0068.bmp,0,12,4,0,12,0.63184,0.09159,0.07015,clahe,18,1,1,15,18,13
01_11_12_04_0070.bmp,0,12,4,0,12,0.62312,0.09445,0.06553,clahe,18,13,13,15,18,13
01_11_12_04_0073.bmp,0,12,4,0,12,0.60566,0.09759,0.05435,clahe,18,1,1,15,18,25
01_11_12_04_0074.bmp,0,12,4,0,12,0.60212,0.10045,0.06959,clahe,25,1,1,15,25,25
01_11_12_04_0076.bmp,0,12,4,0,12,0.58736,0.1041,0.04939,clahe,18,15,15,15,18,25
01_11_12_04_0077.bmp,0,12,4,0,12,0.57793,0.10591,0.04486,clahe,25,14,14,26,25,25
01_12_12_04_0002.bmp,1,12,4,0,17,0.86361,0.01288,0.0,clahe,16,11,11,31,16,12
01_12_12_04_0004.bmp,0,12,4,0,17,0.6591,0.08458,0.0,clahe,16,16,16,17,16,17
01_12_12_04_0006.bmp,0,12,4,0,17,0.64725,0.08575,0.0975,clahe,25,13,13,17,25,17
01_12_12_04_0007.bmp,0,12,4,0,17,0.64303,0.09081,0.09524,clahe,13,17,17,17,13,17
01_12_12_04_0008.bmp,1,12,4,0,17,0.86126,0.01192,0.0,clahe,13,18,18,12,13,12
01_12_12_04_0009.bmp,0,12,4,0,17,0.64092,0.09352,0.09286,clahe,42,26,26,17,42,17
01_12_12_04_0010.bmp,1,12,4,0,17,0.86132,0.01019,0.0,clahe,11,11,11,31,11,31
01_12_12_04_0011.bmp,1,12,4,0,17,0.86147,0.01148,0.0,clahe,11,18,18,31,11,11
01_12_12_04_0012.bmp,1,12,4,0,17,0.86301,0.01186,0.0,clahe,11,11,11,11,11,11
01_12_12_04_0013.bmp,0,12,4,0,17,0.63106,0.09524,0.08903,clahe,42,26,26,17,42,17
01_12_12_04_0013.bmp,1,12,4,0,17,0.86378,0.01157,0.0,clahe,1,11,11,11,1,11
01_12_12_04_0014.bmp,0,12,4,0,17,0.62886,0.09638,0.08696,clahe,16,26,26,17,16,17
01_12_12_04_0015.bmp,1,12,4,0,17,0.8645,0.01127,0.0,clahe,13,11,11,31,13,11
01_12_12_04_0017.bmp,0,12,4,0,17,0.62179,0.10456,0.09731,clahe,9,14,14,17,9,17
01_12_12_04_0017.bmp,1,12,4,0,17,0.86444,0.01247,0.0,clahe,13,11,11,31,13,12
01_12_12_04_0018.bmp,0,12,4,0,17,0.61415,0.09938,0.08364,clahe,13,26,26,17,13,17
01_12_12_04_0018.bmp,1,12,4,0,17,0.86453,0.01281,0.0,clahe,1,11,11,12,1,11
01_12_12_04_0019.bmp,1,12,4,0,17,0.86381,0.0134,0.0,clahe,11,11,11,31,11,12
01_12_12_04_0023.bmp,0,12,4,0,17,0.59211,0.09718,0.06513,clahe,9,17,17,17,9,17
01_12_12_04_0023.bmp,1,12,4,0,17,0.86316,0.0145,0.0,clahe,16,13,13,31,16,11
01_12_12_04_0025.bmp,1,12,4,0,17,0.86132,0.01607,0.0,clahe,11,18,18,36,11,11
01_12_12_04_0026.bmp,0,12,4,0,17,0.5835,0.09759,0.06769,clahe,9,17,17,17,9,17
01_12_12_04_0027.bmp,1,12,4,0,17,0.8598,0.01453,0.0,clahe,42,18,18,31,42,11
01_12_12_04_0028.bmp,0,12,4,0,17,0.59892,0.10176,0.04883,clahe,13,14,14,14,13,31
01_12_12_04_0029.bmp,0,12,4,0,17,0.58947,0.09317,0.03686,clahe,13,14,14,17,13,31
01_12_12_04_0031.bmp,1,12,4,0,17,0.8615,0.01838,0.0,clahe,11,13,13,31,11,11
01_12_12_04_0032.bmp,0,12,4,0,17,0.57413,0.0927,0.04064,clahe,13,14,14,17,13,31
01_12_12_04_0033.bmp,1,12,4,0,17,0.85639,0.01345,0.0,clahe,1,11,11,31,1,11
01_12_12_04_0034.bmp,1,12,4,0,17,0.85713,0.01493,0.0,clahe,1,11,11,11,1,11
01_12_12_04_0035.bmp,1,12,4,0,17,0.85728,0.01432,0.0,clahe,9,16,16,11,9,11
01_12_12_04_0038.bmp,0,12,4,0,17,0.54371,0.10347,0.057,clahe,9,17,17,17,9,36
01_12_12_04_0038.bmp,1,12,4,0,17,0.86052,0.02018,0.0,clahe,1,16,16,31,1,11
01_12_12_04_0040.bmp,0,12,4,0,17,0.53262,0.11166,0.02846,stretch,36,36,17,17,13,36
01_12_12_04_0040.bmp,1,12,4,0,17,0.85838,0.017,0.0,clahe,1,11,11,36,1,11
01_12_12_04_0042.bmp,1,12,4,0,17,0.85737,0.02358,0.0,clahe,11,11,11,11,11,11
01_12_12_04_0045.bmp,0,12,4,0,17,0.85731,0.02283,0.0,clahe,1,18,18,11,1,11
01_12_12_04_0049.bmp,0,12,4,0,17,0.85725,0.02139,0.0,clahe,13,12,12,11,13,11
01_12_12_04_0052.bmp,0,12,4,0,17,0.85541,0.02411,0.0,clahe,13,13,13,11,13,11
01_12_12_04_0053.bmp,0,12,4,0,17,0.8538,0.02751,0.0,clahe,11,12,12,11,11,11
01_12_12_04_0056.bmp,0,12,4,0,17,0.85464,0.02734,0.0,clahe,1,25,25,11,1,11
01_12_12_04_0058.bmp,0,12,4,0,17,0.85911,0.02712,0.0,clahe,42,25,25,11,42,11
01_12_12_04_0061.bmp,0,12,4,0,17,0.85558,0.02704,0.0,clahe,1,26,26,11,1,11
01_12_12_04_0062.bmp,0,12,4,0,17,0.85308,0.02823,0.0,clahe,16,25,25,11,16,11
01_12_12_04_0063.bmp,0,12,4,0,17,0.8542,0.02834,0.0,clahe,9,25,25,11,9,11
01_12_12_04_0064.bmp,0,12,4,0,17,0.85471,0.03141,0.0,clahe,16,13,13,11,16,11
01_12_12_04_0065.bmp,0,12,4,0,17,0.85413,0.02992,0.0,clahe,16,25,25,11,16,11
01_12_12_04_0066.bmp,0,12,4,0,17,0.85264,0.0283,0.0,clahe,1,13,13,11,1,11
01_12_12_04_0068.bmp,0,12,4,0,17,0.85477,0.03307,0.0,clahe,1,18,18,11,1,11
01_12_12_04_0069.bmp,0,12,4,0,17,0.8536,0.03135,0.0,clahe,25,13,13,11,25,11
01_12_12_04_0072.bmp,0,12,4,0,17,0.84765,0.03027,0.0,clahe,16,13,13,11,16,11
01_12_12_04_0075.bmp,0,12,4,0,17,0.85123,0.03171,0.0,clahe,1,13,13,11,1,11
01_12_12_04_0077.bmp,0,12,4,0,17,0.85111,0.03578,0.0,clahe,25,26,26,11,25,11
01_12_12_04_0078.bmp,0,12,4,0,17,0.84806,0.038,0.0,clahe,1,17,17,11,1,11
01_12_12_04_0079.bmp,0,12,4,0,17,0.84988,0.03662,0.0,clahe,42,17,17,11,42,11
01_12_12_04_0080.bmp,0,12,4,0,17,0.8499,0.03598,0.0,clahe,1,17,17,17,1,11
01_12_12_04_0081.bmp,0,12,4,0,17,0.84926,0.0373,0.0,clahe,25,17,17,11,25,11
01_12_12_04_0082.bmp,0,12,4,0,17,0.84934,0.03667,0.0,clahe,25,17,17,17,25,11
01_12_12_04_0083.bmp,0,12,4,0,17,0.84907,0.03604,0.0,clahe,16,17,17,17,16,11
01_12_12_04_0085.bmp,0,12,4,0,17,0.84722,0.03707,0.0,clahe,16,7,7,11,16,11
01_12_12_04_0089.bmp,0,12,4,0,17,0.83909,0.0341,0.0,clahe,16,9,9,11,16,11
01_12_12_04_0090.bmp,0,12,4,0,17,0.83897,0.03293,0.0,clahe,16,26,26,10,16,11
01_12_12_04_0091.bmp,0,12,4,0,17,0.84126,0.03539,0.0,clahe,16,9,9,11,16,11
01_12_12_04_0093.bmp,0,12,4,0,17,0.83742,0.03758,0.0,clahe,16,9,9,17,16,11
01_12_12_04_0096.bmp,0,12,4,0,17,0.8361,0.03967,0.0,clahe,42,9,9,17,42,11
01_12_12_04_0100.bmp,0,12,4,0,17,0.83429,0.04262,0.0,clahe,16,26,26,17,16,11
01_12_12_04_0101.bmp,0,12,4,0,17,0.8269,0.04507,0.0,clahe,16,17,17,17,16,11
01_12_12_04_0112.bmp,0,12,4,0,17,0.76634,0.06564,0.0,clahe,10,17,17,17,10,11
01_12_12_04_0114.bmp,0,12,4,0,17,0.75409,0.07531,0.0,clahe,9,17,17,17,9,11
01_13_12_04_0001.bmp,1,12,4,0,13,0.74527,0.08151,0.0,clahe,13,13,13,13,13,13
01_13_12_04_0003.bmp,0,12,4,0,13,0.81134,0.0501,0.0,clahe,13,25,25,12,13,31
01_13_12_04_0004.bmp,0,12,4,0,13,0.80872,0.05127,0.0,clahe,13,13,13,32,13,31
01_13_12_04_0005.bmp,1,12,4,0,13,0.75996,0.07397,0.0,clahe,13,13,13,13,13,13
01_13_12_04_0007.bmp,1,12,4,0,13,0.75221,0.08148,0.0,clahe,13,13,13,13,13,13
01_13_12_04_0010.bmp,1,12,4,0,13,0.7331,0.09234,0.12225,clahe,13,13,13,13,13,13
01_13_12_04_0012.bmp,0,12,4,0,13,0.80143,0.04808,0.0,clahe,11,13,13,13,11,31
01_13_12_04_0012.bmp,1,12,4,0,13,0.72561,0.09654,0.14423,clahe,13,13,13,13,13,13
01_13_12_04_0014.bmp,0,12,4,0,13,0.80078,0.04425,0.0,clahe,11,12,12,13,11,31
01_13_12_04_0015.bmp,0,12,4,0,13,0.79957,0.04548,0.0,clahe,42,12,12,13,42,31
01_13_12_04_0015.bmp,1,12,4,0,13,0.70974,0.10076,0.12912,clahe,13,13,13,15,13,13
01_13_12_04_0016.bmp,0,12,4,0,13,0.79804,0.0461,0.0,clahe,42,13,13,12,42,31
01_13_12_04_0017.bmp,1,12,4,0,13,0.69603,0.11369,0.14615,passthrough,13,13,13,13,13,13
01_13_12_04_0018.bmp,0,12,4,0,13,0.7954,0.04569,0.0,clahe,11,13,13,13,11,31
01_13_12_04_0020.bmp,0,12,4,0,13,0.79761,0.04505,0.0,clahe,11,13,13,31,11,31
01_13_12_04_0021.bmp,0,12,4,0,13,0.79982,0.04857,0.0,clahe,1,13,13,13,1,31
01_13_12_04_0021.bmp,1,12,4,0,13,0.67859,0.1227,0.17512,passthrough,13,13,13,13,13,13
01_13_12_04_0022.bmp,1,12,4,0,13,0.67756,0.121,0.18433,passthrough,13,13,13,13,13,13
01_13_12_04_0026.bmp,0,12,4,0,13,0.81046,0.05543,0.0,clahe,16,13,13,13,16,12
01_13_12_04_0026.bmp,1,12,4,0,13,0.66897,0.12537,0.15714,passthrough,13,13,13,13,13,13
01_13_12_04_0027.bmp,1,12,4,0,13,0.66159,0.12502,0.14226,passthrough,13,13,13,13,13,13
01_13_12_04_0028.bmp,0,12,4,0,13,0.80797,0.05768,0.0,clahe,13,13,13,13,13,31
01_13_12_04_0029.bmp,1,12,4,0,13,0.65029,0.13434,0.17631,passthrough,13,13,13,13,13,13
01_13_12_04_0030.bmp,0,12,4,0,13,0.80867,0.05641,0.0,clahe,13,13,13,13,13,31
01_13_12_04_0031.bmp,0,12,4,0,13,0.81154,0.06097,0.0,clahe,11,13,13,13,11,31
01_13_12_04_0031.bmp,1,12,4,0,13,0.65272,0.12934,0.16221,passthrough,13,13,13,13,13,13
01_13_12_04_0032.bmp,0,12,4,0,13,0.81001,0.05704,0.0,clahe,13,13,13,13,13,31
01_13_12_04_0034.bmp,1,12,4,0,13,0.63896,0.1437,0.15397,passthrough,13,13,13,13,13,13
01_13_12_04_0035.bmp,0,12,4,0,13,0.81609,0.05819,0.0,clahe,13,13,13,13,13,31
01_13_12_04_0036.bmp,0,12,4,0,13,0.81747,0.05983,0.0,clahe,13,13,13,13,13,31
01_13_12_04_0036.bmp,1,12,4,0,13,0.6432,0.14073,0.14333,passthrough,13,13,13,13,13,13
01_13_12_04_0037.bmp,1,12,4,0,13,0.64036,0.145,0.15083,passthrough,13,13,13,13,13,13
01_13_12_04_0040.bmp,1,12,4,0,13,0.63496,0.14794,0.13589,passthrough,13,13,13,13,13,13
01_13_12_04_0041.bmp,1,12,4,0,13,0.63521,0.14323,0.12683,passthrough,13,13,13,13,13,13
01_13_12_04_0043.bmp,0,12,4,0,13,0.81251,0.06344,0.0,clahe,13,13,13,13,13,12
01_13_12_04_0044.bmp,1,12,4,0,13,0.62783,0.1467,0.0924,passthrough,13,13,13,13,13,13
01_13_12_04_0048.bmp,1,12,4,0,13,0.62411,0.14938,0.1115,passthrough,13,13,13,13,13,13
01_13_12_04_0049.bmp,1,12,4,0,13,0.62534,0.14924,0.11648,passthrough,13,13,13,13,13,13
01_13_12_04_0050.bmp,0,12,4,0,13,0.79241,0.07445,0.0,clahe,13,13,13,13,13,13
01_13_12_04_0050.bmp,1,12,4,0,13,0.62681,0.14925,0.08977,passthrough,13,13,13,13,13,13
01_13_12_04_0051.bmp,0,12,4,0,13,0.79272,0.07497,0.0,clahe,13,13,13,13,13,13
01_13_12_04_0052.bmp,1,12,4,0,13,0.62982,0.14954,0.10948,passthrough,13,13,13,13,13,13
01_13_12_04_0053.bmp,1,12,4,0,13,0.6287,0.15492,0.12191,passthrough,13,13,13,13,13,13
01_13_12_04_0059.bmp,1,12,4,0,13,0.60803,0.15273,0.06592,stretch,13,13,13,13,13,13
01_13_12_04_0063.bmp,1,12,4,0,13,0.86459,0.01293,0.0,clahe,1,18,18,12,1,12
01_13_12_04_0065.bmp,1,12,4,0,13,0.86552,0.01386,0.0,clahe,11,18,18,12,11,12
01_13_12_04_0068.bmp,0,12,4,0,13,0.77135,0.08803,0.10345,clahe,13,13,13,13,13,13
01_13_12_04_0068.bmp,1,12,4,0,13,0.86535,0.01341,0.0,clahe,13,13,13,12,13,12
01_13_12_04_0069.bmp,0,12,4,0,13,0.77142,0.08784,0.1061,clahe,13,13,13,13,13,13
01_13_12_04_0069.bmp,1,12,4,0,13,0.86324,0.0134,0.0,clahe,16,3,3,12,16,12
01_13_12_04_0074.bmp,0,12,4,0,13,0.76741,0.09355,0.09677,clahe,13,13,13,13,13,13
01_13_12_04_0074.bmp,1,12,4,0,13,0.86062,0.01278,0.0,clahe,11,11,11,12,11,12
01_13_12_04_0078.bmp,1,12,4,0,13,0.86232,0.01513,0.0,clahe,1,11,11,12,1,12
01_13_12_04_0080.bmp,1,12,4,0,13,0.8627,0.01592,0.0,clahe,13,13,13,12,13,12
01_13_12_04_0082.bmp,0,12,4,0,13,0.74623,0.09799,0.06223,clahe,13,13,13,13,13,13
01_13_12_04_0082.bmp,1,12,4,0,13,0.86637,0.01672,0.0,clahe,13,13,13,12,13,12
01_13_12_04_0083.bmp,1,12,4,0,13,0.86583,0.01808,0.0,clahe,13,13,13,31,13,12
01_13_12_04_0084.bmp,0,12,4,0,13,0.7422,0.10359,0.06543,clahe,13,13,13,13,13,13
01_13_12_04_0086.bmp,0,12,4,0,13,0.73691,0.10531,0.07233,clahe,13,13,13,13,13,13
01_13_12_04_0090.bmp,1,12,4,0,13,0.8704,0.02079,0.0,clahe,16,25,25,31,16,12
01_13_12_04_0092.bmp,0,12,4,0,13,0.72081,0.11532,0.06007,stretch,13,13,13,13,13,13
01_13_12_04_0092.bmp,1,12,4,0,13,0.87193,0.02016,0.0,clahe,16,13,13,12,16,12
01_13_12_04_0093.bmp,1,12,4,0,13,0.86975,0.01992,0.0,clahe,1,13,13,31,1,12
01_13_12_04_0094.bmp,0,12,4,0,13,0.71135,0.11096,0.04277,stretch,13,13,13,13,13,13
01_13_12_04_0094.bmp,1,12,4,0,13,0.87031,0.02148,0.0,clahe,13,13,13,12,13,12
01_13_12_04_0097.bmp,1,12,4,0,13,0.86971,0.0218,0.0,clahe,1,18,18,31,1,12
01_13_12_04_0101.bmp,1,12,4,0,13,0.86518,0.02246,0.0,clahe,13,12,12,11,13,31
01_13_12_04_0102.bmp,1,12,4,0,13,0.86548,0.02295,0.0,clahe,13,13,13,11,13,31
01_13_12_04_0104.bmp,0,12,4,0,13,0.65712,0.15351,0.05032,stretch,13,13,13,13,13,13
01_13_12_04_0106.bmp,1,12,4,0,13,0.86223,0.02997,0.0,clahe,11,13,13,31,11,12
01_13_12_04_0111.bmp,0,12,4,0,13,0.60671,0.1577,0.03845,stretch,13,13,13,13,13,13
01_13_12_04_0111.bmp,1,12,4,0,13,0.86175,0.02296,0.0,clahe,1,0,0,12,1,12
01_13_12_04_0112.bmp,0,12,4,0,13,0.59963,0.15935,0.0418,stretch,13,13,13,13,13,13
01_13_12_04_0112.bmp,1,12,4,0,13,0.86027,0.02935,0.0,clahe,13,13,13,12,13,12
01_13_12_04_0115.bmp,1,12,4,0,13,0.86223,0.03667,0.0,clahe,13,13,13,31,13,12
01_13_12_04_0118.bmp,1,12,4,0,13,0.85791,0.03441,0.0,clahe,1,18,18,31,1,12
01_13_12_04_0119.bmp,0,12,4,0,13,0.82012,0.03399,0.0,clahe,13,13,13,31,13,31
01_13_12_04_0120.bmp,1,12,4,0,13,0.85591,0.03326,0.0,clahe,1,13,13,31,1,31
01_13_12_04_0121.bmp,0,12,4,0,13,0.81688,0.03521,0.0,clahe,13,13,13,31,13,31
01_13_12_04_0126.bmp,1,12,4,0,13,0.85261,0.03901,0.0,clahe,13,0,0,31,13,12
01_13_12_04_0127.bmp,1,12,4,0,13,0.85049,0.03838,0.0,clahe,13,13,13,31,13,31
01_13_12_04_0128.bmp,0,12,4,0,13,0.79909,0.03446,0.0,clahe,25,13,13,31,25,31
01_13_12_04_0129.bmp,0,12,4,0,13,0.79771,0.03595,0.0,clahe,13,13,13,31,13,31
01_13_12_04_0129.bmp,1,12,4,0,13,0.84946,0.03847,0.0,clahe,13,13,13,31,13,12
01_13_12_04_0130.bmp,1,12,4,0,13,0.84838,0.03676,0.0,clahe,11,13,13,31,11,12
01_13_12_04_0132.bmp,0,12,4,0,13,0.79114,0.03725,0.0,clahe,13,13,13,31,13,31
01_13_12_04_0134.bmp,1,12,4,0,13,0.84395,0.0365,0.0,clahe,13,13,13,31,13,12
01_13_12_04_0138.bmp,0,12,4,0,13,0.77801,0.04272,0.0,clahe,25,13,13,13,25,31
01_13_12_04_0140.bmp,0,12,4,0,13,0.77245,0.04646,0.0,clahe,11,13,13,13,11,31
01_13_12_04_0142.bmp,0,12,4,0,13,0.76584,0.04589,0.0,clahe,13,13,13,13,13,31
01_13_12_04_0142.bmp,1,12,4,0,13,0.84225,0.03655,0.0,clahe,13,13,13,13,13,12
01_13_12_04_0144.bmp,0,12,4,0,13,0.75532,0.04566,0.0,clahe,13,13,13,13,13,31
01_13_12_04_0145.bmp,1,12,4,0,13,0.8388,0.03564,0.0,clahe,13,13,13,13,13,12
01_13_12_04_0146.bmp,1,12,4,0,13,0.83925,0.03541,0.0,clahe,13,13,13,13,13,12
01_13_12_04_0148.bmp,1,12,4,0,13,0.83905,0.03799,0.0,clahe,13,13,13,13,13,12
01_13_12_04_0151.bmp,1,12,4,0,13,0.83935,0.03799,0.0,clahe,13,13,13,13,13,12
01_13_12_04_0152.bmp,1,12,4,0,13,0.83885,0.03789,0.0,clahe,13,13,13,13,13,12
01_13_12_04_0155.bmp,0,12,4,0,13,0.70494,0.06319,0.0,clahe,13,13,13,13,13,31
01_13_12_04_0157.bmp,0,12,4,0,13,0.68902,0.0686,0.0,clahe,13,13,13,13,13,13
01_13_12_04_0158.bmp,1,12,4,0,13,0.83974,0.03771,0.0,clahe,13,13,13,13,13,12
01_13_12_04_0160.bmp,0,12,4,0,13,0.66349,0.07619,0.0,clahe,25,13,13,13,25,13
01_13_12_04_0161.bmp,0,12,4,0,13,0.65447,0.0807,0.0,clahe,13,13,13,13,13,13
01_13_12_04_0161.bmp,1,12,4,0,13,0.83941,0.03948,0.0,clahe,13,13,13,13,13,11
01_13_12_04_0162.bmp,1,12,4,0,13,0.83994,0.03917,0.0,clahe,13,13,13,13,13,12
01_13_12_04_0165.bmp,1,12,4,0,13,0.84048,0.04025,0.0,clahe,13,13,13,13,13,12
01_13_12_04_0166.bmp,1,12,4,0,13,0.84071,0.04034,0.0,clahe,13,13,13,13,13,12
01_13_12_04_0169.bmp,0,12,4,0,13,0.84718,0.02129,0.0,clahe,16,13,13,31,16,12
01_13_12_04_0170.bmp,0,12,4,0,13,0.84768,0.01932,0.0,clahe,11,11,11,12,11,12
01_13_12_04_0172.bmp,1,12,4,0,13,0.84049,0.0395,0.0,clahe,13,13,13,13,13,12
01_13_12_04_0173.bmp,0,12,4,0,13,0.85104,0.02191,0.0,clahe,16,13,13,31,16,31
01_13_12_04_0175.bmp,0,12,4,0,13,0.85071,0.02118,0.0,clahe,1,13,13,31,1,12
01_13_12_04_0175.bmp,1,12,4,0,13,0.83277,0.04181,0.0,clahe,13,13,13,13,13,11
01_13_12_04_0177.bmp,1,12,4,0,13,0.83994,0.04025,0.0,clahe,13,13,13,13,13,11
01_13_12_04_0179.bmp,0,12,4,0,13,0.85056,0.02292,0.0,clahe,1,13,13,31,1,31
01_13_12_04_0180.bmp,0,12,4,0,13,0.84739,0.02216,0.0,clahe,16,13,13,12,16,12
01_13_12_04_0181.bmp,0,12,4,0,13,0.84715,0.02281,0.0,clahe,16,13,13,31,16,12
01_13_12_04_0182.bmp,1,12,4,0,13,0.84151,0.04096,0.0,clahe,13,13,13,13,13,11
01_13_12_04_0185.bmp,1,12,4,0,13,0.84155,0.04165,0.0,clahe,13,13,13,13,13,11
01_13_12_04_0186.bmp,1,12,4,0,13,0.84169,0.04058,0.0,clahe,13,13,13,13,13,11
01_13_12_04_0191.bmp,1,12,4,0,13,0.84157,0.04061,0.0,clahe,13,13,13,13,13,11
01_13_12_04_0192.bmp,1,12,4,0,13,0.8419,0.0403,0.0,clahe,13,13,13,13,13,11
01_13_12_04_0193.bmp,0,12,4,0,13,0.81488,0.02877,0.0,clahe,1,13,13,13,1,31
01_13_12_04_0195.bmp,0,12,4,0,13,0.81043,0.02962,0.0,clahe,1,13,13,31,1,31
01_13_12_04_0196.bmp,0,12,4,0,13,0.80406,0.0324,0.0,clahe,11,13,13,31,11,31
01_13_12_04_0196.bmp,1,12,4,0,13,0.84184,0.04077,0.0,clahe,13,13,13,13,13,11
01_13_12_04_0197.bmp,1,12,4,0,13,0.84192,0.0405,0.0,clahe,13,13,13,13,13,11
01_13_12_04_0198.bmp,0,12,4,0,13,0.79631,0.03389,0.0,clahe,11,13,13,31,11,31
01_13_12_04_0200.bmp,0,12,4,0,13,0.78922,0.03775,0.0,clahe,11,13,13,31,11,31
01_13_12_04_0200.bmp,1,12,4,0,13,0.84202,0.04068,0.0,clahe,13,13,13,13,13,11
01_13_12_04_0201.bmp,0,12,4,0,13,0.78424,0.04023,0.0,clahe,13,13,13,31,13,31
01_13_12_04_0202.bmp,0,12,4,0,13,0.78238,0.04147,0.0,clahe,13,13,13,31,13,31
01_13_12_04_0202.bmp,1,12,4,0,13,0.84218,0.0412,0.0,clahe,13,13,13,13,13,11
01_13_12_04_0204.bmp,0,12,4,0,13,0.7789,0.03926,0.0,clahe,13,13,13,31,13,31
01_13_12_04_0206.bmp,0,12,4,0,13,0.76887,0.03976,0.0,clahe,11,13,13,31,11,31
01_13_12_04_0206.bmp,1,12,4,0,13,0.84226,0.04119,0.0,clahe,13,13,13,13,13,11
01_13_12_04_0207.bmp,1,12,4,0,13,0.84256,0.04093,0.0,clahe,13,13,13,13,13,11
01_13_12_04_0208.bmp,1,12,4,0,13,0.8424,0.04089,0.0,clahe,13,13,13,13,13,11
01_13_12_04_0211.bmp,0,12,4,0,13,0.74634,0.04135,0.0,clahe,1,13,13,13,1,31
01_13_12_04_0212.bmp,1,12,4,0,13,0.84202,0.04107,0.0,clahe,13,13,13,13,13,11
01_13_12_04_0213.bmp,0,12,4,0,13,0.74243,0.04244,0.0,clahe,13,13,13,13,13,31
01_13_12_04_0214.bmp,1,12,4,0,13,0.8422,0.04088,0.0,clahe,13,13,13,13,13,11
01_13_12_04_0215.bmp,0,12,4,0,13,0.70165,0.05093,0.0,clahe,13,13,13,13,13,31
01_13_12_04_0217.bmp,1,12,4,0,13,0.84202,0.04085,0.0,clahe,13,13,13,13,13,11
01_13_12_04_0218.bmp,0,12,4,0,13,0.69531,0.06412,0.0,clahe,13,13,13,13,13,31
01_13_12_04_0218.bmp,1,12,4,0,13,0.84219,0.04083,0.0,clahe,13,13,13,13,13,11
01_13_12_04_0219.bmp,0,12,4,0,13,0.69398,0.06626,0.0,clahe,13,13,13,13,13,31
01_13_12_04_0219.bmp,1,12,4,0,13,0.84195,0.041,0.0,clahe,13,13,13,13,13,11
01_13_12_04_0223.bmp,1,12,4,0,13,0.84227,0.0406,0.0,clahe,13,13,13,13,13,11
01_13_12_04_0224.bmp,1,12,4,0,13,0.84201,0.04069,0.0,clahe,13,13,13,13,13,11
01_13_12_04_0228.bmp,0,12,4,0,13,0.65128,0.08071,0.0,clahe,13,13,13,13,13,13
01_13_12_04_0229.bmp,1,12,4,0,13,0.84264,0.04139,0.0,clahe,13,13,13,13,13,11
01_13_12_04_0230.bmp,0,12,4,0,13,0.63815,0.08084,0.0,clahe,13,13,13,13,13,13
01_13_12_04_0231.bmp,1,12,4,0,13,0.84543,0.04293,0.0,clahe,13,13,13,13,13,11
01_13_12_04_0232.bmp,0,12,4,0,13,0.62532,0.08498,0.0,clahe,13,13,13,13,13,13
01_13_12_04_0232.bmp,1,12,4,0,13,0.84624,0.04305,0.0,clahe,13,13,13,13,13,11
01_13_12_04_0234.bmp,1,12,4,0,13,0.84614,0.04328,0.0,clahe,13,13,13,13,13,11
01_13_12_04_0235.bmp,0,12,4,0,13,0.61071,0.09433,0.00824,clahe,13,13,13,13,13,13
01_13_12_04_0236.bmp,0,12,4,0,13,0.60942,0.10115,0.06083,clahe,13,13,13,13,13,13
01_13_12_04_0236.bmp,1,12,4,0,13,0.84602,0.04265,0.0,clahe,13,13,13,13,13,11
01_13_12_04_0237.bmp,1,12,4,0,13,0.84574,0.04333,0.0,clahe,13,13,13,13,13,11
01_13_12_04_0238.bmp,1,12,4,0,13,0.84536,0.04272,0.0,clahe,13,13,13,13,13,11
01_13_12_04_0239.bmp,0,12,4,0,13,0.60021,0.114,0.06793,stretch,13,13,13,13,13,13
01_13_12_04_0241.bmp,0,12,4,0,13,0.59456,0.1294,0.06692,stretch,13,13,13,13,13,13
01_13_12_04_0243.bmp,0,12,4,0,13,0.57466,0.13677,0.05866,stretch,13,13,13,13,13,13
01_13_12_04_0244.bmp,0,12,4,0,13,0.56381,0.14554,0.05519,stretch,13,13,13,13,13,13
01_13_12_04_0244.bmp,1,12,4,0,13,0.84433,0.04254,0.0,clahe,13,13,13,13,13,11
01_13_12_04_0248.bmp,1,12,4,0,13,0.84458,0.04288,0.0,clahe,13,13,13,13,13,11
01_13_12_04_0249.bmp,0,12,4,0,13,0.5081,0.14748,0.03935,stretch,13,13,13,13,13,13
01_13_12_04_0250.bmp,1,12,4,0,13,0.84397,0.04264,0.0,clahe,13,13,13,13,13,11
01_13_12_04_0251.bmp,1,12,4,0,13,0.84394,0.04216,0.0,clahe,13,13,13,13,13,11
01_13_12_04_0253.bmp,0,12,4,0,13,0.5142,0.15372,0.04586,stretch,13,13,13,13,13,13
01_13_12_04_0255.bmp,1,12,4,0,13,0.84381,0.04186,0.0,clahe,13,13,13,13,13,11
01_13_12_04_0256.bmp,1,12,4,0,13,0.84391,0.04214,0.0,clahe,13,13,13,13,13,11
01_13_12_04_0258.bmp,1,12,4,0,13,0.84406,0.0424,0.0,clahe,13,13,13,13,13,11
01_13_12_04_0259.bmp,0,12,4,0,13,0.51063,0.14544,0.04236,stretch,13,13,13,13,13,13
01_13_12_04_0262.bmp,1,12,4,0,13,0.84398,0.0419,0.0,clahe,13,13,13,13,13,11
01_13_12_04_0263.bmp,0,12,4,0,13,0.51053,0.14337,0.03235,stretch,13,13,13,13,13,13
01_13_12_04_0264.bmp,0,12,4,0,13,0.51071,0.1405,0.02743,stretch,13,13,13,13,13,13
01_13_12_04_0264.bmp,1,12,4,0,13,0.84408,0.04206,0.0,clahe,13,13,13,13,13,11
01_13_12_04_0268.bmp,1,12,4,0,13,0.84405,0.04204,0.0,clahe,13,13,13,13,13,11
01_13_12_04_0269.bmp,0,12,4,0,13,0.50455,0.12251,0.01703,stretch,13,13,13,13,13,13
01_13_12_04_0269.bmp,1,12,4,0,13,0.84387,0.04175,0.0,clahe,13,13,13,13,13,11
01_13_12_04_0271.bmp,0,12,4,0,13,0.84394,0.04165,0.0,clahe,13,13,13,13,13,11
01_13_12_04_0274.bmp,0,12,4,0,13,0.8441,0.04161,0.0,clahe,13,13,13,13,13,11
01_13_12_04_0275.bmp,0,12,4,0,13,0.84367,0.04218,0.0,clahe,13,13,13,13,13,11
01_13_12_04_0276.bmp,0,12,4,0,13,0.84406,0.04196,0.0,clahe,13,13,13,13,13,11
01_13_12_04_0277.bmp,0,12,4,0,13,0.84402,0.04177,0.0,clahe,13,13,13,13,13,11
01_13_12_04_0278.bmp,0,12,4,0,13,0.84414,0.04175,0.0,clahe,13,13,13,13,13,11
01_13_12_04_0279.bmp,0,12,4,0,13,0.84406,0.04221,0.0,clahe,13,13,13,13,13,11
01_13_12_04_0283.bmp,0,12,4,0,13,0.84357,0.04144,0.0,clahe,13,13,13,13,13,11
01_13_12_04_0284.bmp,0,12,4,0,13,0.8439,0.0412,0.0,clahe,13,13,13,13,13,11
01_13_12_04_0285.bmp,0,12,4,0,13,0.84363,0.04154,0.0,clahe,13,13,13,13,13,11
01_13_12_04_0286.bmp,0,12,4,0,13,0.84377,0.04124,0.0,clahe,13,13,13,13,13,11
01_13_12_04_0287.bmp,0,12,4,0,13,0.84383,0.0412,0.0,clahe,13,13,13,13,13,11
01_13_12_04_0289.bmp,0,12,4,0,13,0.84302,0.04075,0.0,clahe,13,13,13,13,13,11
01_13_12_04_0290.bmp,0,12,4,0,13,0.84312,0.04058,0.0,clahe,13,13,13,13,13,11
01_13_12_04_0293.bmp,0,12,4,0,13,0.84242,0.04061,0.0,clahe,13,13,13,13,13,11
01_13_12_04_0294.bmp,0,12,4,0,13,0.84231,0.04058,0.0,clahe,13,13,13,13,13,11
01_13_12_04_0296.bmp,0,12,4,0,13,0.84197,0.04071,0.0,clahe,13,13,13,13,13,11
01_13_12_04_0299.bmp,0,12,4,0,13,0.84065,0.04048,0.0,clahe,13,13,13,13,13,12
01_13_12_04_0301.bmp,0,12,4,0,13,0.83895,0.03972,0.0,clahe,13,13,13,13,13,11
01_13_12_04_0302.bmp,0,12,4,0,13,0.83876,0.03937,0.0,clahe,13,13,13,13,13,11
01_13_12_04_0304.bmp,0,12,4,0,13,0.83691,0.03891,0.0,clahe,13,13,13,13,13,11
01_13_12_04_0306.bmp,0,12,4,0,13,0.83573,0.03837,0.0,clahe,13,13,13,13,13,11
01_13_12_04_0308.bmp,0,12,4,0,13,0.83457,0.03869,0.0,clahe,13,13,13,13,13,12
01_13_12_04_0312.bmp,0,12,4,0,13,0.8319,0.04035,0.0,clahe,13,13,13,13,13,12
01_13_12_04_0315.bmp,0,12,4,0,13,0.82763,0.04002,0.0,clahe,13,13,13,13,13,12
01_13_12_04_0316.bmp,0,12,4,0,13,0.8262,0.03944,0.0,clahe,13,13,13,13,13,12
01_13_12_04_0328.bmp,0,12,4,0,13,0.80959,0.05261,0.0,clahe,13,13,13,13,13,11
01_13_12_04_0333.bmp,0,12,4,0,13,0.79988,0.05693,0.0,clahe,13,13,13,13,13,11
01_13_12_04_0338.bmp,0,12,4,0,13,0.78206,0.07228,0.0,clahe,13,13,13,13,13,11
01_13_12_04_0341.bmp,0,12,4,0,13,0.77355,0.08014,0.00773,clahe,13,13,13,13,13,13
01_13_12_04_0342.bmp,0,12,4,0,13,0.76736,0.07894,0.01355,clahe,13,13,13,13,13,13
01_13_12_04_0343.bmp,0,12,4,0,13,0.76111,0.08302,0.01923,clahe,13,13,13,13,13,11
01_13_12_04_0344.bmp,0,12,4,0,13,0.75619,0.08598,0.01765,clahe,13,13,13,13,13,13
01_13_12_04_0348.bmp,0,12,4,0,13,0.72694,0.09905,0.04502,clahe,13,13,13,13,13,13
01_13_12_04_0349.bmp,0,12,4,0,13,0.71721,0.10282,0.05261,clahe,13,13,13,13,13,13
01_13_12_04_0352.bmp,0,12,4,0,13,0.67215,0.10553,0.04177,clahe,13,13,13,13,13,13
01_13_12_04_0356.bmp,0,12,4,0,13,0.60277,0.08924,0.01667,clahe,10,14,14,14,10,31
01_13_12_04_0360.bmp,0,12,4,0,13,0.53474,0.13614,0.06667,stretch,13,13,13,13,13,13
01_13_12_04_0363.bmp,0,12,4,0,13,0.52964,0.14456,0.05009,stretch,13,13,13,13,13,13
01_13_12_04_0367.bmp,0,12,4,0,13,0.53033,0.15424,0.05419,stretch,13,13,13,15,13,13
01_13_12_04_0370.bmp,0,12,4,0,13,0.53094,0.14795,0.05135,stretch,13,13,13,13,13,13
01_13_12_04_0371.bmp,0,12,4,0,13,0.51737,0.13619,0.04087,stretch,13,13,13,15,13,13
01_13_12_04_0372.bmp,0,12,4,0,13,0.51045,0.13245,0.0345,stretch,13,13,13,15,13,13
01_13_12_04_0374.bmp,0,12,4,0,13,0.51216,0.13027,0.04774,stretch,13,13,13,13,13,13
01_13_12_04_0377.bmp,0,12,4,0,13,0.51348,0.13667,0.04167,stretch,13,13,13,13,13,13
01_13_12_04_0378.bmp,0,12,4,0,13,0.52305,0.14844,0.05288,stretch,13,13,13,13,13,13
01_13_12_04_0382.bmp,0,12,4,0,13,0.53327,0.16186,0.06095,stretch,13,13,13,13,13,13
01_13_12_04_0384.bmp,0,12,4,0,13,0.53927,0.15514,0.05706,stretch,13,13,15,15,13,13
01_13_12_04_0387.bmp,0,12,4,0,13,0.8584,0.02719,0.0,clahe,18,13,13,31,18,12
01_13_12_04_0389.bmp,0,12,4,0,13,0.86025,0.02362,0.0,clahe,13,13,13,12,13,12
01_13_12_04_0390.bmp,0,12,4,0,13,0.86028,0.02499,0.0,clahe,13,13,13,31,13,12
01_13_12_04_0393.bmp,0,12,4,0,13,0.86219,0.02985,0.0,clahe,13,18,18,31,13,12
01_13_12_04_0397.bmp,0,12,4,0,13,0.86174,0.03158,0.0,clahe,42,13,13,12,42,12
01_13_12_04_0399.bmp,0,12,4,0,13,0.86349,0.02997,0.0,clahe,11,13,13,12,11,12
01_13_12_04_0400.bmp,0,12,4,0,13,0.86391,0.03082,0.0,clahe,13,12,12,12,13,12
01_13_12_04_0401.bmp,0,12,4,0,13,0.86262,0.03189,0.0,clahe,11,13,13,12,11,12
01_13_12_04_0402.bmp,0,12,4,0,13,0.86731,0.02843,0.0,clahe,11,12,12,12,11,12
01_13_12_04_0406.bmp,0,12,4,0,13,0.86323,0.02987,0.0,clahe,13,13,13,31,13,12
01_13_12_04_0407.bmp,0,12,4,0,13,0.86333,0.03041,0.0,clahe,11,13,13,12,11,12
01_13_12_04_0416.bmp,0,12,4,0,13,0.85843,0.03235,0.0,clahe,13,13,13,12,13,12
01_13_12_04_0419.bmp,0,12,4,0,13,0.85976,0.03619,0.0,clahe,10,13,13,12,10,12
01_13_12_04_0420.bmp,0,12,4,0,13,0.85954,0.03572,0.0,clahe,9,13,13,12,9,12
01_13_12_04_0424.bmp,0,12,4,0,13,0.85899,0.04011,0.0,clahe,13,13,13,12,13,12
01_13_12_04_0429.bmp,0,12,4,0,13,0.85671,0.03849,0.0,clahe,13,13,13,31,13,12
01_13_12_04_0433.bmp,0,12,4,0,13,0.855,0.04044,0.0,clahe,25,13,13,13,25,12
01_13_12_04_0437.bmp,0,12,4,0,13,0.85373,0.03529,0.0,clahe,1,13,13,11,1,12
01_13_12_04_0444.bmp,0,12,4,0,13,0.84537,0.03989,0.0,clahe,13,13,13,12,13,12
01_13_12_04_0445.bmp,0,12,4,0,13,0.84542,0.03816,0.0,clahe,11,13,13,12,11,12
01_13_12_04_0446.bmp,0,12,4,0,13,0.84585,0.03806,0.0,clahe,13,13,13,12,13,12
01_13_12_04_0447.bmp,0,12,4,0,13,0.84732,0.03945,0.0,clahe,1,13,13,13,1,12
01_13_12_04_0453.bmp,0,12,4,0,13,0.83652,0.04134,0.0,clahe,13,13,13,13,13,31
01_13_12_04_0457.bmp,0,12,4,0,13,0.8334,0.04181,0.0,clahe,13,13,13,13,13,12
01_13_12_04_0459.bmp,0,12,4,0,13,0.8379,0.04158,0.0,clahe,13,13,13,13,13,12
01_13_12_04_0461.bmp,0,12,4,0,13,0.83841,0.04517,0.0,clahe,13,13,13,13,13,12
01_13_12_04_0464.bmp,0,12,4,0,13,0.83768,0.05555,0.0,clahe,11,13,13,13,11,31
01_13_12_04_0466.bmp,0,12,4,0,13,0.83271,0.06007,0.0,clahe,13,13,13,13,13,12
01_13_12_04_0468.bmp,0,12,4,0,13,0.82723,0.06133,0.0,clahe,13,13,13,13,13,12
01_13_12_04_0469.bmp,0,12,4,0,13,0.82312,0.06277,0.0,clahe,13,13,13,13,13,13
01_13_12_04_0472.bmp,0,12,4,0,13,0.81727,0.06195,0.0,clahe,11,13,13,13,11,13
01_13_12_04_0473.bmp,0,12,4,0,13,0.81767,0.06133,0.0,clahe,13,13,13,13,13,13
01_13_12_04_0475.bmp,0,12,4,0,13,0.81029,0.05947,0.0,clahe,13,13,13,13,13,13
01_13_12_04_0476.bmp,0,12,4,0,13,0.80929,0.05736,0.0,clahe,13,13,13,13,13,13
01_13_12_04_0483.bmp,0,12,4,0,13,0.79149,0.05953,0.0,clahe,13,13,13,13,13,13
01_13_12_04_0484.bmp,0,12,4,0,13,0.78811,0.05627,0.0,clahe,13,13,13,13,13,13
01_13_12_04_0486.bmp,0,12,4,0,13,0.78409,0.05664,0.0,clahe,13,13,13,13,13,13
01_13_12_04_0489.bmp,0,12,4,0,13,0.78001,0.05818,0.0,clahe,13,13,13,13,13,13
01_13_12_04_0490.bmp,0,12,4,0,13,0.78066,0.06087,0.0,clahe,13,13,13,13,13,13
01_13_12_04_0492.bmp,0,12,4,0,13,0.77659,0.06461,0.0,clahe,13,13,13,13,13,13
01_13_12_04_0493.bmp,0,12,4,0,13,0.772,0.06546,0.0,clahe,13,13,13,13,13,13
01_13_12_04_0494.bmp,0,12,4,0,13,0.76659,0.06653,0.0,clahe,13,13,13,13,13,13
01_13_12_04_0495.bmp,0,12,4,0,13,0.76208,0.06695,0.0,clahe,13,13,13,13,13,13
01_13_12_04_0496.bmp,0,12,4,0,13,0.75711,0.06531,0.0,clahe,11,13,13,13,11,13
01_13_12_04_0501.bmp,0,12,4,0,13,0.73152,0.07578,0.0,clahe,11,13,13,13,11,13
01_13_12_04_0503.bmp,0,12,4,0,13,0.71658,0.08312,0.0,clahe,13,13,13,13,13,13
01_13_12_04_0506.bmp,0,12,4,0,13,0.69833,0.08937,0.00363,clahe,13,13,13,13,13,13
01_13_12_04_0509.bmp,0,12,4,0,13,0.66027,0.09583,0.01567,clahe,13,13,13,13,13,13
01_13_12_04_0512.bmp,0,12,4,0,13,0.62311,0.10422,0.01226,clahe,13,13,13,13,13,13
01_13_12_04_0513.bmp,0,12,4,0,13,0.61542,0.1051,0.01248,clahe,13,13,13,13,13,13
01_13_12_04_0518.bmp,0,12,4,0,13,0.66694,0.05662,0.0,clahe,42,13,13,32,42,31
01_13_12_04_0519.bmp,0,12,4,0,13,0.66414,0.05949,0.0,clahe,13,13,13,13,13,31
01_13_12_04_0520.bmp,0,12,4,0,13,0.66083,0.05659,0.0,clahe,42,13,13,32,42,31
01_13_12_04_0522.bmp,0,12,4,0,13,0.65271,0.05294,0.0,clahe,11,13,13,13,11,31
01_13_12_04_0525.bmp,0,12,4,0,13,0.64924,0.07319,0.0,clahe,13,13,13,13,13,31
01_13_12_04_0527.bmp,0,12,4,0,13,0.65784,0.07396,0.0,clahe,11,13,13,13,11,31
01_13_12_04_0528.bmp,0,12,4,0,13,0.64667,0.0512,0.0,clahe,42,13,13,32,42,31
01_13_12_04_0529.bmp,0,12,4,0,13,0.66514,0.07683,0.04167,clahe,12,13,13,13,12,31
01_13_12_04_0530.bmp,0,12,4,0,13,0.64399,0.05245,0.0,clahe,42,13,13,32,42,31
01_13_12_04_0532.bmp,0,12,4,0,13,0.6405,0.05562,0.0,clahe,42,13,13,32,42,31
01_13_12_04_0533.bmp,0,12,4,0,13,0.67102,0.08055,0.04861,clahe,13,13,13,13,13,31
01_13_12_04_0535.bmp,0,12,4,0,13,0.67064,0.08048,0.04861,clahe,13,13,13,13,13,31
01_13_12_04_0539.bmp,0,12,4,0,13,0.67086,0.07922,0.05185,clahe,1,13,13,13,1,31
01_13_12_04_0540.bmp,0,12,4,0,13,0.6362,0.05771,0.0,clahe,13,13,13,32,13,31
01_13_12_04_0546.bmp,0,12,4,0,13,0.63102,0.05132,0.0,clahe,1,13,13,32,1,31
01_13_12_04_0547.bmp,0,12,4,0,13,0.66826,0.07531,0.04861,clahe,13,13,13,32,13,31
01_13_12_04_0549.bmp,0,12,4,0,13,0.66182,0.07734,0.04902,clahe,12,13,13,13,12,31
01_13_12_04_0553.bmp,0,12,4,0,13,0.65821,0.0788,0.0463,clahe,13,13,13,13,13,31
01_13_12_04_0556.bmp,0,12,4,0,13,0.6226,0.05435,0.0,clahe,1,13,13,13,1,31
01_13_12_04_0557.bmp,0,12,4,0,13,0.65683,0.0806,0.04167,clahe,13,13,13,13,13,31
01_13_12_04_0559.bmp,0,12,4,0,13,0.65623,0.07761,0.03333,clahe,13,13,13,13,13,31
01_13_12_04_0567.bmp,0,12,4,0,13,0.64749,0.0739,0.0,clahe,13,13,13,13,13,31
01_13_12_04_0576.bmp,0,12,4,0,13,0.57217,0.06795,0.0,clahe,13,13,13,13,13,31
01_13_12_04_0578.bmp,0,12,4,0,13,0.56779,0.06602,0.0,clahe,11,13,13,13,11,31
01_13_12_04_0584.bmp,0,12,4,0,13,0.55182,0.07258,0.0,clahe,13,13,13,13,13,31
01_13_12_04_0585.bmp,0,12,4,0,13,0.66232,0.06915,0.0,clahe,13,13,13,15,13,31
01_13_12_04_0587.bmp,0,12,4,0,13,0.66204,0.06906,0.0,clahe,13,13,13,13,13,31
01_13_12_04_0591.bmp,0,12,4,0,13,0.66557,0.06768,0.0,clahe,13,13,13,13,13,13
01_13_12_04_0593.bmp,0,12,4,0,13,0.66527,0.06763,0.0,clahe,13,13,13,13,13,13
01_13_12_04_0595.bmp,0,12,4,0,13,0.66638,0.06677,0.0,clahe,13,13,13,13,13,31
01_13_12_04_0601.bmp,0,12,4,0,13,0.66821,0.07118,0.0,clahe,13,13,13,13,13,13
01_13_12_04_0603.bmp,0,12,4,0,13,0.66173,0.0766,0.00833,clahe,13,13,13,13,13,13
01_13_12_04_0606.bmp,0,12,4,0,13,0.65201,0.07375,0.02554,clahe,13,13,13,13,13,13
01_13_12_04_0607.bmp,0,12,4,0,13,0.64989,0.07635,0.03391,clahe,13,13,13,13,13,13
01_13_12_04_0608.bmp,0,12,4,0,13,0.64863,0.07805,0.01333,clahe,13,13,13,13,13,13
01_13_12_04_0611.bmp,0,12,4,0,13,0.64816,0.08471,0.03228,clahe,13,13,13,13,13,13
01_13_12_04_0617.bmp,0,12,4,0,13,0.64738,0.09469,0.05313,clahe,13,13,13,13,13,13
01_13_12_04_0619.bmp,0,12,4,0,13,0.64324,0.10002,0.00612,clahe,13,13,13,13,13,13
01_13_12_04_0622.bmp,0,12,4,0,13,0.61924,0.10386,0.03611,clahe,13,13,13,13,13,13
01_03_12_05_0005.bmp,0,12,5,0,9,0.70085,0.05897,0.0,clahe,16,13,13,15,16,31
01_03_12_05_0006.bmp,0,12,5,0,9,0.69583,0.05974,0.0,clahe,16,16,16,15,16,31
01_03_12_05_0008.bmp,0,12,5,0,9,0.68593,0.06351,0.0,clahe,16,16,16,13,16,13
01_03_12_05_0009.bmp,0,12,5,0,9,0.68344,0.06215,0.0,clahe,16,16,16,15,16,31
01_03_12_05_0014.bmp,0,12,5,0,9,0.66801,0.06691,0.0,clahe,16,13,13,13,16,13
01_03_12_05_0015.bmp,0,12,5,0,9,0.66394,0.06778,0.0,clahe,16,13,13,15,16,13
01_03_12_05_0024.bmp,0,12,5,0,9,0.60726,0.08322,0.1386,clahe,16,15,15,15,16,13
01_03_12_05_0028.bmp,0,12,5,0,9,0.58009,0.08094,0.05398,clahe,16,13,13,15,16,13
01_03_12_05_0032.bmp,0,12,5,0,9,0.54876,0.07973,0.0,clahe,41,13,13,15,41,13
01_03_12_05_0038.bmp,0,12,5,0,9,0.51237,0.08098,0.04821,clahe,9,15,15,15,9,13
01_03_12_05_0039.bmp,0,12,5,0,9,0.50973,0.07898,0.0,clahe,41,15,15,15,41,13
01_03_12_05_0040.bmp,0,12,5,0,9,0.50447,0.0817,0.0473,clahe,41,15,15,15,41,13
01_03_12_05_0043.bmp,0,12,5,0,9,0.50707,0.09085,0.04821,clahe,16,15,15,15,16,13
01_03_12_05_0045.bmp,0,12,5,0,9,0.50663,0.09229,0.04701,clahe,13,15,15,15,13,13
01_03_12_05_0046.bmp,0,12,5,0,9,0.50764,0.09363,0.04583,clahe,16,16,16,15,16,13
01_03_12_05_0048.bmp,0,12,5,0,9,0.51292,0.10643,0.1133,passthrough,13,13,15,15,16,13
01_03_12_05_0051.bmp,0,12,5,0,9,0.50378,0.09756,0.09109,clahe,9,13,13,15,9,13
01_03_12_05_0055.bmp,0,12,5,0,9,0.50137,0.10002,0.08547,clahe,16,15,15,15,16,13
01_03_12_05_0056.bmp,0,12,5,0,9,0.68171,0.05639,0.0,clahe,13,13,13,15,13,13
01_03_12_05_0059.bmp,0,12,5,0,9,0.67762,0.06026,0.00786,clahe,13,13,13,15,13,13
01_03_12_05_0063.bmp,0,12,5,0,9,0.6566,0.0596,0.0,clahe,13,13,13,15,13,13
01_03_12_05_0064.bmp,0,12,5,0,9,0.64955,0.06106,0.0,clahe,13,13,13,15,13,13
01_03_12_05_0066.bmp,0,12,5,0,9,0.64389,0.06464,0.0,clahe,13,9,9,15,13,13
01_03_12_05_0069.bmp,0,12,5,0,9,0.64349,0.06605,0.0,clahe,13,15,15,15,13,13
01_03_12_05_0072.bmp,0,12,5,0,9,0.6323,0.06605,0.0,clahe,13,9,9,15,13,13
01_03_12_05_0073.bmp,0,12,5,0,9,0.62825,0.06926,0.0,clahe,9,41,41,15,9,13
01_03_12_05_0079.bmp,0,12,5,0,9,0.58372,0.08193,0.04905,clahe,13,9,9,15,13,13
01_03_12_05_0082.bmp,0,12,5,0,9,0.5685,0.10242,0.05582,clahe,13,14,14,15,13,13
01_03_12_05_0085.bmp,0,12,5,0,9,0.53837,0.09532,0.04316,clahe,13,9,9,41,13,13
01_06_12_05_0001.bmp,0,12,5,0,14,0.71635,0.06928,0.03418,clahe,18,39,39,14,18,32
01_06_12_05_0001.bmp,1,12,5,0,14,0.90716,0.01857,0.0,clahe,13,13,13,11,13,11
01_06_12_05_0002.bmp,1,12,5,0,14,0.90487,0.01577,0.0,clahe,11,13,13,11,11,11
01_06_12_05_0005.bmp,1,12,5,0,14,0.90307,0.01696,0.0,clahe,13,13,13,11,13,11
01_06_12_05_0006.bmp,0,12,5,0,14,0.70586,0.06883,0.02102,clahe,13,14,14,14,13,32
01_06_12_05_0006.bmp,1,12,5,0,14,0.9068,0.02096,0.0,clahe,1,0,0,11,1,11
01_06_12_05_0007.bmp,1,12,5,0,14,0.90526,0.018,0.0,clahe,1,25,25,11,1,11
01_06_12_05_0009.bmp,0,12,5,0,14,0.77681,0.06302,0.0,clahe,4,14,14,14,4,1
01_06_12_05_0009.bmp,1,12,5,0,14,0.90531,0.02019,0.0,clahe,13,13,13,11,13,11
01_06_12_05_0011.bmp,0,12,5,0,14,0.79039,0.0468,0.0,clahe,2,14,14,14,2,1
01_06_12_05_0011.bmp,1,12,5,0,14,0.90257,0.0202,0.0,clahe,1,18,18,11,1,11
01_06_12_05_0012.bmp,0,12,5,0,14,0.78071,0.05032,0.0,clahe,4,14,14,14,4,1
01_06_12_05_0012.bmp,1,12,5,0,14,0.90278,0.02272,0.0,clahe,1,25,25,11,1,11
01_06_12_05_0014.bmp,0,12,5,0,14,0.77074,0.05214,0.0,clahe,25,14,14,14,25,25
01_06_12_05_0014.bmp,1,12,5,0,14,0.90534,0.0233,0.0,clahe,1,16,16,11,1,11
01_06_12_05_0015.bmp,1,12,5,0,14,0.90514,0.02537,0.0,clahe,1,25,25,11,1,11
01_06_12_05_0016.bmp,0,12,5,0,14,0.76436,0.05261,0.0,clahe,4,14,14,14,4,25
01_06_12_05_0017.bmp,0,12,5,0,14,0.76051,0.05173,0.0,clahe,4,14,14,14,4,25
01_06_12_05_0017.bmp,1,12,5,0,14,0.90654,0.02604,0.0,clahe,1,25,25,11,1,11
01_06_12_05_0019.bmp,0,12,5,0,14,0.75011,0.05477,0.0,clahe,25,14,14,14,25,25
01_06_12_05_0019.bmp,1,12,5,0,14,0.905,0.02568,0.0,clahe,25,25,25,11,25,11
01_06_12_05_0025.bmp,1,12,5,0,14,0.90086,0.02786,0.0,clahe,25,0,0,11,25,11
01_06_12_05_0026.bmp,1,12,5,0,14,0.90032,0.03047,0.0,clahe,25,25,25,11,25,11
01_06_12_05_0029.bmp,0,12,5,0,14,0.69703,0.06943,0.0,clahe,25,14,14,14,25,25
01_06_12_05_0030.bmp,0,12,5,0,14,0.68781,0.06639,0.0,clahe,4,14,14,14,4,25
01_06_12_05_0033.bmp,0,12,5,0,14,0.66511,0.06857,0.00814,clahe,4,14,14,14,4,25
01_06_12_05_0033.bmp,1,12,5,0,14,0.63745,0.09318,0.0,clahe,16,13,13,3,16,36
01_06_12_05_0034.bmp,1,12,5,0,14,0.6294,0.08578,0.04785,clahe,16,13,13,17,16,36
01_06_12_05_0037.bmp,1,12,5,0,14,0.61995,0.09483,0.0,clahe,42,13,13,17,42,36
01_06_12_05_0038.bmp,0,12,5,0,14,0.61462,0.07801,0.03806,clahe,18,14,14,14,18,25
01_06_12_05_0038.bmp,1,12,5,0,14,0.614,0.08682,0.0,clahe,13,16,16,17,13,31
01_06_12_05_0039.bmp,0,12,5,0,14,0.60452,0.08352,0.0595,clahe,25,14,14,14,25,25
01_06_12_05_0039.bmp,1,12,5,0,14,0.61859,0.1067,0.07738,passthrough,36,36,13,17,5,36
01_06_12_05_0043.bmp,0,12,5,0,14,0.56785,0.09019,0.06283,clahe,0,14,14,14,0,25
01_06_12_05_0046.bmp,0,12,5,0,14,0.55838,0.06573,0.03077,clahe,1,13,13,17,1,36
01_06_12_05_0048.bmp,0,12,5,0,14,0.5489,0.05474,0.02036,clahe,13,17,17,17,13,31
01_06_12_05_0050.bmp,0,12,5,0,14,0.56313,0.08994,0.04762,clahe,1,14,14,17,1,31
01_06_12_05_0057.bmp,0,12,5,0,14,0.54511,0.1053,0.06471,clahe,9,14,14,17,9,36
01_06_12_05_0061.bmp,0,12,5,0,14,0.51268,0.07511,0.03938,clahe,1,14,14,17,1,32
01_06_12_05_0062.bmp,0,12,5,0,14,0.52144,0.1025,0.02857,clahe,25,14,14,14,25,32
01_06_12_05_0064.bmp,0,12,5,0,14,0.53107,0.12645,0.03104,stretch,36,36,14,17,25,32
01_06_12_05_0065.bmp,0,12,5,0,14,0.51874,0.11679,0.02969,stretch,36,36,13,17,1,32
01_06_12_05_0069.bmp,0,12,5,0,14,0.51173,0.11837,0.04393,stretch,25,25,14,14,25,13
01_06_12_05_0071.bmp,0,12,5,0,14,0.49355,0.09789,0.02261,clahe,13,14,14,14,13,13
01_06_12_05_0072.bmp,0,12,5,0,14,0.48983,0.09605,0.02167,clahe,4,14,14,14,4,25
01_06_12_05_0073.bmp,0,12,5,0,14,0.48654,0.08345,0.02001,clahe,25,14,14,14,25,25
01_06_12_05_0076.bmp,0,12,5,0,14,0.48264,0.08012,0.01997,clahe,4,14,14,14,4,25
01_06_12_05_0077.bmp,0,12,5,0,14,0.48646,0.08821,0.01617,clahe,2,14,14,14,2,25
01_06_12_05_0078.bmp,0,12,5,0,14,0.48583,0.0948,0.01504,clahe,24,14,14,14,24,25
01_06_12_05_0080.bmp,0,12,5,0,14,0.48583,0.09378,0.07521,clahe,25,14,14,14,25,25
01_06_12_05_0082.bmp,0,12,5,0,14,0.48413,0.08938,0.08722,clahe,25,14,14,14,25,25
01_06_12_05_0083.bmp,0,12,5,0,14,0.48524,0.09026,0.0502,clahe,2,14,14,14,2,25
01_06_12_05_0084.bmp,0,12,5,0,14,0.48319,0.09077,0.07688,clahe,2,14,14,14,2,25
01_11_12_05_0001.bmp,0,12,5,0,12,0.66584,0.06817,0.0,clahe,11,13,13,13,11,31
01_11_12_05_0005.bmp,0,12,5,0,12,0.65258,0.07158,0.0,clahe,11,13,13,7,11,31
01_11_12_05_0009.bmp,0,12,5,0,12,0.63668,0.07393,0.0,clahe,11,35,35,13,11,31
01_11_12_05_0015.bmp,0,12,5,0,12,0.61064,0.08594,0.17143,clahe,42,13,13,13,42,31
01_11_12_05_0017.bmp,0,12,5,0,12,0.61501,0.07961,0.11333,clahe,18,13,13,13,18,32
01_11_12_05_0018.bmp,0,12,5,0,12,0.61805,0.08162,0.19,clahe,11,18,18,13,11,32
01_11_12_05_0021.bmp,0,12,5,0,12,0.61833,0.08095,0.24041,clahe,11,1,1,11,11,32
01_11_12_05_0023.bmp,0,12,5,0,12,0.63354,0.07534,0.0,clahe,11,35,35,32,11,31
01_11_12_05_0026.bmp,0,12,5,0,12,0.65,0.07453,0.0,clahe,11,1,1,1,11,31
01_11_12_05_0028.bmp,0,12,5,0,12,0.66043,0.07242,0.0,clahe,11,17,17,13,11,31
01_11_12_05_0029.bmp,0,12,5,0,12,0.66534,0.07468,0.0,clahe,11,35,35,11,11,31
01_11_12_05_0035.bmp,0,12,5,0,12,0.67941,0.06873,0.0,clahe,11,1,1,26,11,11
01_11_12_05_0036.bmp,0,12,5,0,12,0.68187,0.06521,0.0,clahe,18,1,1,1,18,13
01_11_12_05_0038.bmp,0,12,5,0,12,0.69083,0.06298,0.0,clahe,18,1,1,18,18,13
01_11_12_05_0039.bmp,0,12,5,0,12,0.69542,0.06291,0.0,clahe,18,15,15,18,18,11
01_11_12_05_0040.bmp,0,12,5,0,12,0.70143,0.05828,0.0,clahe,11,1,1,1,11,11
01_11_12_05_0045.bmp,0,12,5,0,12,0.72552,0.05498,0.0,clahe,18,1,1,18,18,11
01_11_12_05_0048.bmp,0,12,5,0,12,0.72423,0.05521,0.0,clahe,1,1,1,1,1,11
01_11_12_05_0049.bmp,0,12,5,0,12,0.71934,0.05551,0.0,clahe,1,1,1,26,1,11
01_11_12_05_0052.bmp,0,12,5,0,12,0.70809,0.06298,0.0,clahe,18,1,1,15,18,13
01_11_12_05_0053.bmp,0,12,5,0,12,0.70337,0.06633,0.0,clahe,18,1,1,15,18,13
01_11_12_05_0054.bmp,0,12,5,0,12,0.70454,0.0668,0.0,clahe,18,1,1,1,18,13
01_11_12_05_0056.bmp,0,12,5,0,12,0.70435,0.07021,0.0,clahe,18,1,1,15,18,13
01_11_12_05_0058.bmp,0,12,5,0,12,0.69654,0.07008,0.0,clahe,18,1,1,15,18,1
01_11_12_05_0059.bmp,0,12,5,0,12,0.69374,0.07266,0.0,clahe,18,1,1,15,18,13
01_11_12_05_0060.bmp,0,12,5,0,12,0.69177,0.07531,0.0,clahe,18,1,1,15,18,13
01_11_12_05_0061.bmp,0,12,5,0,12,0.69018,0.07782,0.0,clahe,18,1,1,15,18,13
01_11_12_05_0062.bmp,0,12,5,0,12,0.68753,0.07844,0.0,clahe,11,1,1,15,11,13
01_11_12_05_0064.bmp,0,12,5,0,12,0.67839,0.07761,0.0,clahe,18,1,1,15,18,13
01_11_12_05_0066.bmp,0,12,5,0,12,0.66904,0.08244,0.0,clahe,18,1,1,15,18,13
01_11_12_05_0069.bmp,0,12,5,0,12,0.6509,0.08647,0.02288,clahe,18,1,1,15,18,13
01_11_12_05_0071.bmp,0,12,5,0,12,0.63563,0.0897,0.06101,clahe,25,1,1,15,25,13
01_11_12_05_0073.bmp,0,12,5,0,12,0.61884,0.09455,0.05452,clahe,25,1,1,15,25,25
01_11_12_05_0079.bmp,0,12,5,0,12,0.55816,0.10855,0.03954,stretch,25,25,15,15,25,25
01_11_12_05_0080.bmp,0,12,5,0,12,0.54415,0.10314,0.04361,clahe,32,17,17,17,32,32
01_12_12_05_0001.bmp,0,12,5,0,17,0.68725,0.04407,0.0,clahe,13,18,18,17,13,31
01_12_12_05_0002.bmp,0,12,5,0,17,0.68313,0.0676,0.0,clahe,1,26,26,17,1,17
01_12_12_05_0002.bmp,1,12,5,0,17,0.9634,0.00606,0.0,clahe,11,12,12,12,11,12
01_12_12_05_0003.bmp,0,12,5,0,17,0.68157,0.07374,0.08571,clahe,9,9,9,17,9,31
01_12_12_05_0005.bmp,0,12,5,0,17,0.68216,0.08644,0.13333,clahe,25,17,17,17,25,17
01_12_12_05_0006.bmp,0,12,5,0,17,0.67228,0.08005,0.09,clahe,16,13,13,17,16,17
01_12_12_05_0007.bmp,0,12,5,0,17,0.66697,0.08425,0.09524,clahe,9,17,17,17,9,17
01_12_12_05_0009.bmp,1,12,5,0,17,0.96034,0.00803,0.0,clahe,13,11,11,12,13,12
01_12_12_05_0015.bmp,0,12,5,0,17,0.63939,0.09505,0.0911,clahe,9,9,9,17,9,17
01_12_12_05_0016.bmp,0,12,5,0,17,0.63659,0.09928,0.09317,clahe,9,13,13,17,9,17
01_12_12_05_0017.bmp,0,12,5,0,17,0.63396,0.10087,0.09317,clahe,9,14,14,17,9,17
01_12_12_05_0017.bmp,1,12,5,0,17,0.96396,0.00578,0.0,clahe,13,11,11,12,13,12
01_12_12_05_0019.bmp,0,12,5,0,17,0.62335,0.09652,0.08364,clahe,16,26,26,17,16,17
01_12_12_05_0019.bmp,1,12,5,0,17,0.96289,0.00766,0.0,clahe,16,11,11,12,16,12
01_12_12_05_0020.bmp,0,12,5,0,17,0.60871,0.09017,0.05875,clahe,16,26,26,17,16,17
01_12_12_05_0020.bmp,1,12,5,0,17,0.96182,0.00912,0.0,clahe,16,12,12,12,16,12
01_12_12_05_0023.bmp,1,12,5,0,17,0.96129,0.0079,0.0,clahe,11,11,11,12,11,12
01_12_12_05_0026.bmp,0,12,5,0,17,0.58692,0.09868,0.06769,clahe,16,17,17,17,16,17
01_12_12_05_0027.bmp,1,12,5,0,17,0.95713,0.00632,0.0,clahe,13,12,12,12,13,12
01_12_12_05_0030.bmp,0,12,5,0,17,0.59427,0.09231,0.03241,clahe,13,14,14,17,13,31
01_12_12_05_0031.bmp,1,12,5,0,17,0.95888,0.00819,0.0,clahe,12,11,11,12,12,12
01_12_12_05_0032.bmp,1,12,5,0,17,0.95615,0.00679,0.0,clahe,12,11,11,12,12,12
01_12_12_05_0033.bmp,0,12,5,0,17,0.57671,0.09768,0.02786,clahe,16,17,17,17,16,31
01_12_12_05_0034.bmp,0,12,5,0,17,0.5689,0.09669,0.03785,clahe,16,17,17,17,16,31
01_12_12_05_0034.bmp,1,12,5,0,17,0.95668,0.00686,0.0,clahe,16,12,12,12,16,12
01_12_12_05_0035.bmp,1,12,5,0,17,0.95769,0.00652,0.0,clahe,12,12,12,12,12,12
01_12_12_05_0036.bmp,1,12,5,0,17,0.95805,0.00652,0.0,clahe,12,12,12,12,12,12
01_12_12_05_0037.bmp,1,12,5,0,17,0.95781,0.0051,0.0,clahe,16,12,12,12,16,12
01_12_12_05_0040.bmp,0,12,5,0,17,0.53248,0.11153,0.02358,stretch,36,36,17,17,9,36
01_12_12_05_0040.bmp,1,12,5,0,17,0.95731,0.0095,0.0,clahe,11,11,11,12,11,12
01_12_12_05_0041.bmp,0,12,5,0,17,0.53588,0.14344,0.01248,stretch,36,36,17,17,16,36
01_12_12_05_0041.bmp,1,12,5,0,17,0.95603,0.00933,0.0,clahe,16,11,11,12,16,12
01_12_12_05_0042.bmp,0,12,5,0,17,0.51564,0.12218,0.0077,stretch,36,36,17,17,13,36
01_12_12_05_0043.bmp,1,12,5,0,17,0.95425,0.01061,0.0,clahe,16,11,11,12,16,12
01_12_12_05_0044.bmp,0,12,5,0,17,0.95556,0.00989,0.0,clahe,16,11,11,11,16,11
01_12_12_05_0045.bmp,0,12,5,0,17,0.95401,0.01097,0.0,clahe,16,16,16,12,16,12
01_12_12_05_0047.bmp,0,12,5,0,17,0.95481,0.0109,0.0,clahe,16,11,11,12,16,12
01_12_12_05_0052.bmp,0,12,5,0,17,0.95303,0.00954,0.0,clahe,16,11,11,12,16,12
01_12_12_05_0053.bmp,0,12,5,0,17,0.95202,0.0104,0.0,clahe,13,11,11,11,13,11
01_12_12_05_0054.bmp,0,12,5,0,17,0.95137,0.01035,0.0,clahe,13,11,11,12,13,12
01_12_12_05_0058.bmp,0,12,5,0,17,0.95601,0.01184,0.0,clahe,16,11,11,12,16,12
01_12_12_05_0067.bmp,0,12,5,0,17,0.95362,0.01235,0.0,clahe,1,11,11,11,1,11
01_12_12_05_0068.bmp,0,12,5,0,17,0.95296,0.01243,0.0,clahe,7,25,25,11,7,11
01_12_12_05_0069.bmp,0,12,5,0,17,0.95239,0.01196,0.0,clahe,1,11,11,12,1,12
01_12_12_05_0074.bmp,0,12,5,0,17,0.95169,0.01249,0.0,clahe,1,25,25,11,1,11
01_12_12_05_0076.bmp,0,12,5,0,17,0.95238,0.01371,0.0,clahe,16,25,25,11,16,11
01_12_12_05_0077.bmp,0,12,5,0,17,0.94954,0.01481,0.0,clahe,11,16,16,11,11,11
01_12_12_05_0079.bmp,0,12,5,0,17,0.94761,0.01433,0.0,clahe,11,25,25,12,11,12
01_12_12_05_0080.bmp,0,12,5,0,17,0.94805,0.01518,0.0,clahe,11,11,11,11,11,11
01_12_12_05_0083.bmp,0,12,5,0,17,0.94776,0.01457,0.0,clahe,16,25,25,11,16,11
01_12_12_05_0086.bmp,0,12,5,0,17,0.94553,0.01323,0.0,clahe,1,11,11,11,1,11
01_12_12_05_0087.bmp,0,12,5,0,17,0.9437,0.01211,0.0,clahe,16,11,11,11,16,11
01_12_12_05_0089.bmp,0,12,5,0,17,0.94078,0.0123,0.0,clahe,16,9,9,11,16,11
01_12_12_05_0090.bmp,0,12,5,0,17,0.9409,0.01301,0.0,clahe,16,16,16,12,16,12
01_12_12_05_0092.bmp,0,12,5,0,17,0.9401,0.01454,0.0,clahe,1,13,13,11,1,11
01_12_12_05_0093.bmp,0,12,5,0,17,0.93743,0.01518,0.0,clahe,1,11,11,11,1,11
01_12_12_05_0106.bmp,0,12,5,0,17,0.89184,0.02708,0.0,clahe,1,9,9,11,1,11
01_12_12_05_0111.bmp,0,12,5,0,17,0.85822,0.04106,0.0,clahe,13,17,17,11,13,11
01_12_12_05_0112.bmp,0,12,5,0,17,0.84918,0.04347,0.0,clahe,16,17,17,17,16,11
01_12_12_05_0116.bmp,0,12,5,0,17,0.7916,0.06051,0.0,clahe,13,26,26,17,13,32
01_13_12_05_0001.bmp,0,12,5,0,13,0.91335,0.02363,0.0,clahe,1,13,13,12,1,12
01_13_12_05_0001.bmp,1,12,5,0,13,0.81114,0.06115,0.0,clahe,1,13,13,13,1,11
01_13_12_05_0004.bmp,1,12,5,0,13,0.8344,0.05382,0.0,clahe,13,13,13,13,13,11
01_13_12_05_0007.bmp,0,12,5,0,13,0.90794,0.02318,0.0,clahe,13,13,13,12,13,12
01_13_12_05_0007.bmp,1,12,5,0,13,0.82666,0.05762,0.0,clahe,13,13,13,13,13,11
01_13_12_05_0009.bmp,0,12,5,0,13,0.9098,0.02178,0.0,clahe,11,12,12,12,11,12
01_13_12_05_0009.bmp,1,12,5,0,13,0.80522,0.06576,0.0,clahe,13,13,13,13,13,11
01_13_12_05_0010.bmp,0,12,5,0,13,0.91126,0.02048,0.0,clahe,25,11,11,12,25,12
01_13_12_05_0016.bmp,0,12,5,0,13,0.90769,0.02072,0.0,clahe,13,11,11,12,13,12
01_13_12_05_0017.bmp,1,12,5,0,13,0.73475,0.09916,0.14487,clahe,13,13,13,13,13,13
01_13_12_05_0019.bmp,0,12,5,0,13,0.90721,0.02193,0.0,clahe,13,25,25,12,13,12
01_13_12_05_0019.bmp,1,12,5,0,13,0.71929,0.10308,0.11175,clahe,13,13,13,13,13,13
01_13_12_05_0021.bmp,0,12,5,0,13,0.90784,0.02345,0.0,clahe,11,11,11,12,11,12
01_13_12_05_0022.bmp,0,12,5,0,13,0.90963,0.02049,0.0,clahe,13,13,13,12,13,12
01_13_12_05_0023.bmp,1,12,5,0,13,0.70211,0.11052,0.13793,passthrough,13,13,13,13,13,13
01_13_12_05_0024.bmp,0,12,5,0,13,0.91244,0.0211,0.0,clahe,13,25,25,12,13,12
01_13_12_05_0024.bmp,1,12,5,0,13,0.69536,0.11608,0.16719,passthrough,13,13,13,13,13,13
01_13_12_05_0025.bmp,0,12,5,0,13,0.91483,0.02208,0.0,clahe,23,13,13,12,23,12
01_13_12_05_0027.bmp,0,12,5,0,13,0.91435,0.02233,0.0,clahe,13,13,13,12,13,12
01_13_12_05_0028.bmp,1,12,5,0,13,0.67315,0.12389,0.15451,passthrough,13,13,13,13,13,13
01_13_12_05_0029.bmp,1,12,5,0,13,0.66352,0.12902,0.16988,passthrough,13,13,13,13,13,13
01_13_12_05_0030.bmp,0,12,5,0,13,0.91357,0.02573,0.0,clahe,11,11,11,12,11,12
01_13_12_05_0030.bmp,1,12,5,0,13,0.66494,0.11989,0.16866,passthrough,13,13,13,13,13,13
01_13_12_05_0031.bmp,0,12,5,0,13,0.91327,0.02887,0.0,clahe,13,13,13,12,13,12
01_13_12_05_0031.bmp,1,12,5,0,13,0.66185,0.12468,0.15115,passthrough,13,13,13,13,13,13
01_13_12_05_0032.bmp,0,12,5,0,13,0.91403,0.02711,0.0,clahe,11,11,11,11,11,12
01_13_12_05_0036.bmp,1,12,5,0,13,0.64683,0.14096,0.1466,passthrough,13,13,13,13,13,13
01_13_12_05_0037.bmp,0,12,5,0,13,0.91888,0.02665,0.0,clahe,13,11,11,11,13,12
01_13_12_05_0037.bmp,1,12,5,0,13,0.6441,0.14494,0.15535,passthrough,13,13,13,13,13,13
01_13_12_05_0038.bmp,0,12,5,0,13,0.92107,0.02403,0.0,clahe,13,12,12,12,13,12
01_13_12_05_0038.bmp,1,12,5,0,13,0.6447,0.1416,0.16777,passthrough,13,13,13,13,13,13
01_13_12_05_0041.bmp,0,12,5,0,13,0.91382,0.02879,0.0,clahe,13,13,13,12,13,12
01_13_12_05_0043.bmp,1,12,5,0,13,0.63344,0.14482,0.11429,passthrough,13,13,13,13,13,13
01_13_12_05_0045.bmp,1,12,5,0,13,0.63048,0.14684,0.09708,passthrough,13,13,13,13,13,13
01_13_12_05_0049.bmp,0,12,5,0,13,0.89946,0.03475,0.0,clahe,13,13,13,13,13,12
01_13_12_05_0050.bmp,0,12,5,0,13,0.89866,0.03668,0.0,clahe,13,13,13,13,13,12
01_13_12_05_0050.bmp,1,12,5,0,13,0.6312,0.14774,0.12093,passthrough,13,13,13,13,13,13
01_13_12_05_0052.bmp,1,12,5,0,13,0.63659,0.1465,0.09477,passthrough,13,13,13,13,13,13
01_13_12_05_0053.bmp,0,12,5,0,13,0.89561,0.03588,0.0,clahe,13,13,13,13,13,12
01_13_12_05_0053.bmp,1,12,5,0,13,0.63683,0.15173,0.11034,passthrough,13,13,13,13,13,13
01_13_12_05_0054.bmp,0,12,5,0,13,0.89452,0.03743,0.0,clahe,13,13,13,13,13,12
01_13_12_05_0055.bmp,1,12,5,0,13,0.63237,0.14842,0.15466,passthrough,13,13,13,13,13,13
01_13_12_05_0059.bmp,0,12,5,0,13,0.88188,0.04155,0.0,clahe,13,13,13,13,13,12
01_13_12_05_0060.bmp,1,12,5,0,13,0.60167,0.16164,0.07562,passthrough,13,13,13,13,13,13
01_13_12_05_0062.bmp,1,12,5,0,13,0.61494,0.16939,0.05491,stretch,13,13,15,15,13,13
01_13_12_05_0066.bmp,0,12,5,0,13,0.87744,0.04553,0.0,clahe,13,13,13,13,13,11
01_13_12_05_0070.bmp,1,12,5,0,13,0.95528,0.00453,0.0,clahe,12,12,12,12,12,12
01_13_12_05_0072.bmp,1,12,5,0,13,0.95397,0.00554,0.0,clahe,12,12,12,12,12,12
01_13_12_05_0075.bmp,0,12,5,0,13,0.86205,0.05306,0.0,clahe,13,13,13,13,13,11
01_13_12_05_0075.bmp,1,12,5,0,13,0.95417,0.00522,0.0,clahe,12,12,12,12,12,12
01_13_12_05_0076.bmp,1,12,5,0,13,0.95426,0.00569,0.0,clahe,12,12,12,12,12,12
01_13_12_05_0080.bmp,0,12,5,0,13,0.85258,0.06085,0.0,clahe,13,13,13,13,13,13
01_13_12_05_0081.bmp,1,12,5,0,13,0.95149,0.00632,0.0,clahe,13,12,12,12,13,12
01_13_12_05_0082.bmp,0,12,5,0,13,0.84439,0.06245,0.0,clahe,13,13,13,13,13,13
01_13_12_05_0083.bmp,0,12,5,0,13,0.8419,0.06525,0.0,clahe,13,13,13,13,13,13
01_13_12_05_0084.bmp,1,12,5,0,13,0.9517,0.00507,0.0,clahe,11,12,12,12,11,12
01_13_12_05_0086.bmp,0,12,5,0,13,0.83121,0.06945,0.0,clahe,13,13,13,13,13,13
01_13_12_05_0088.bmp,1,12,5,0,13,0.95201,0.00494,0.0,clahe,1,12,12,12,1,12
01_13_12_05_0089.bmp,0,12,5,0,13,0.81841,0.07429,0.0,clahe,13,13,13,13,13,13
01_13_12_05_0090.bmp,1,12,5,0,13,0.95172,0.00554,0.0,clahe,11,11,11,12,11,12
01_13_12_05_0091.bmp,0,12,5,0,13,0.8109,0.07929,0.05351,clahe,13,13,13,13,13,13
01_13_12_05_0091.bmp,1,12,5,0,13,0.95147,0.00475,0.0,clahe,11,12,12,12,11,12
01_13_12_05_0092.bmp,0,12,5,0,13,0.80738,0.08174,0.04877,clahe,13,13,13,13,13,13
01_13_12_05_0093.bmp,0,12,5,0,13,0.80084,0.08106,0.04562,clahe,13,13,13,13,13,13
01_13_12_05_0093.bmp,1,12,5,0,13,0.95111,0.00576,0.0,clahe,1,11,11,12,1,12
01_13_12_05_0095.bmp,1,12,5,0,13,0.95134,0.00604,0.0,clahe,1,12,12,12,1,12
01_13_12_05_0098.bmp,0,12,5,0,13,0.76833,0.09594,0.04456,clahe,13,13,13,13,13,13
01_13_12_05_0101.bmp,0,12,5,0,13,0.74548,0.10425,0.03575,clahe,13,13,13,13,13,13
01_13_12_05_0101.bmp,1,12,5,0,13,0.94726,0.01039,0.0,clahe,1,13,13,12,1,12
01_13_12_05_0104.bmp,0,12,5,0,13,0.71626,0.13142,0.0432,stretch,13,13,13,13,13,13
01_13_12_05_0106.bmp,1,12,5,0,13,0.94194,0.01389,0.0,clahe,13,12,12,12,13,12
01_13_12_05_0108.bmp,1,12,5,0,13,0.94338,0.0148,0.0,clahe,1,32,32,12,1,12
01_13_12_05_0109.bmp,0,12,5,0,13,0.66574,0.142,0.04083,stretch,13,13,13,13,13,13
01_13_12_05_0111.bmp,1,12,5,0,13,0.94096,0.012,0.0,clahe,13,25,25,12,13,12
01_13_12_05_0113.bmp,0,12,5,0,13,0.61483,0.14334,0.02275,stretch,13,13,13,13,13,13
01_13_12_05_0113.bmp,1,12,5,0,13,0.94058,0.01506,0.0,clahe,13,13,13,12,13,12
01_13_12_05_0114.bmp,1,12,5,0,13,0.93847,0.01684,0.0,clahe,13,13,13,12,13,12
01_13_12_05_0115.bmp,0,12,5,0,13,0.91649,0.01362,0.0,clahe,11,12,12,11,11,12
01_13_12_05_0116.bmp,1,12,5,0,13,0.93889,0.01571,0.0,clahe,1,25,25,12,1,12
01_13_12_05_0117.bmp,1,12,5,0,13,0.93813,0.01461,0.0,clahe,25,25,25,12,25,12
01_13_12_05_0119.bmp,1,12,5,0,13,0.93625,0.01585,0.0,clahe,1,16,16,12,1,12
01_13_12_05_0120.bmp,1,12,5,0,13,0.93512,0.01626,0.0,clahe,1,11,11,12,1,12
01_13_12_05_0121.bmp,1,12,5,0,13,0.93284,0.01564,0.0,clahe,1,25,25,12,1,12
01_13_12_05_0122.bmp,0,12,5,0,13,0.90546,0.01959,0.0,clahe,11,13,13,12,11,12
01_13_12_05_0125.bmp,0,12,5,0,13,0.89818,0.01809,0.0,clahe,13,13,13,12,13,12
01_13_12_05_0128.bmp,0,12,5,0,13,0.89249,0.01854,0.0,clahe,1,13,13,12,1,12
01_13_12_05_0128.bmp,1,12,5,0,13,0.92786,0.01947,0.0,clahe,11,25,25,12,11,12
01_13_12_05_0130.bmp,1,12,5,0,13,0.92659,0.01933,0.0,clahe,11,11,11,12,11,12
01_13_12_05_0131.bmp,0,12,5,0,13,0.8862,0.02148,0.0,clahe,11,13,13,12,11,12
01_13_12_05_0131.bmp,1,12,5,0,13,0.92531,0.0182,0.0,clahe,11,13,13,12,11,12
01_13_12_05_0132.bmp,0,12,5,0,13,0.88392,0.02246,0.0,clahe,11,13,13,12,11,12
01_13_12_05_0132.bmp,1,12,5,0,13,0.92514,0.01816,0.0,clahe,13,11,11,12,13,12
01_13_12_05_0134.bmp,1,12,5,0,13,0.92233,0.01889,0.0,clahe,13,13,13,12,13,12
01_13_12_05_0136.bmp,0,12,5,0,13,0.8727,0.02343,0.0,clahe,11,13,13,12,11,12
01_13_12_05_0137.bmp,0,12,5,0,13,0.86882,0.02504,0.0,clahe,11,13,13,12,11,12
01_13_12_05_0137.bmp,1,12,5,0,13,0.92078,0.01792,0.0,clahe,11,13,13,12,11,12
01_13_12_05_0138.bmp,1,12,5,0,13,0.92007,0.01809,0.0,clahe,11,25,25,12,11,12
01_13_12_05_0139.bmp,1,12,5,0,13,0.91908,0.01795,0.0,clahe,11,13,13,12,11,12
01_13_12_05_0140.bmp,1,12,5,0,13,0.91909,0.01863,0.0,clahe,11,25,25,12,11,12
01_13_12_05_0141.bmp,1,12,5,0,13,0.91827,0.01837,0.0,clahe,13,25,25,12,13,12
01_13_12_05_0146.bmp,1,12,5,0,13,0.91595,0.01764,0.0,clahe,11,13,13,12,11,12
01_13_12_05_0148.bmp,0,12,5,0,13,0.82202,0.04049,0.0,clahe,11,13,13,13,11,12
01_13_12_05_0149.bmp,1,12,5,0,13,0.91498,0.01981,0.0,clahe,13,13,13,12,13,12
01_13_12_05_0150.bmp,0,12,5,0,13,0.80977,0.04173,0.0,clahe,11,13,13,31,11,31
01_13_12_05_0151.bmp,0,12,5,0,13,0.80121,0.04362,0.0,clahe,25,13,13,31,25,31
01_13_12_05_0151.bmp,1,12,5,0,13,0.91449,0.0201,0.0,clahe,11,13,13,12,11,12
01_13_12_05_0153.bmp,0,12,5,0,13,0.78559,0.04794,0.0,clahe,13,13,13,31,13,31
01_13_12_05_0155.bmp,0,12,5,0,13,0.76815,0.05287,0.0,clahe,13,13,13,31,13,31
01_13_12_05_0155.bmp,1,12,5,0,13,0.9141,0.02046,0.0,clahe,11,13,13,12,11,12
01_13_12_05_0156.bmp,0,12,5,0,13,0.75748,0.05464,0.0,clahe,13,13,13,13,13,31
01_13_12_05_0157.bmp,0,12,5,0,13,0.74503,0.05932,0.0,clahe,13,13,13,13,13,31
01_13_12_05_0160.bmp,0,12,5,0,13,0.70538,0.07016,0.0,clahe,13,13,13,13,13,13
01_13_12_05_0161.bmp,1,12,5,0,13,0.91318,0.02237,0.0,clahe,13,13,13,11,13,12
01_13_12_05_0164.bmp,0,12,5,0,13,0.63971,0.09338,0.0,clahe,13,13,13,13,13,13
01_13_12_05_0165.bmp,1,12,5,0,13,0.91365,0.0226,0.0,clahe,13,13,13,12,13,12
01_13_12_05_0168.bmp,0,12,5,0,13,0.93375,0.01244,0.0,clahe,1,11,11,12,1,12
01_13_12_05_0169.bmp,0,12,5,0,13,0.93559,0.01221,0.0,clahe,13,12,12,12,13,12
01_13_12_05_0170.bmp,0,12,5,0,13,0.93874,0.00935,0.0,clahe,1,12,12,12,1,12
01_13_12_05_0170.bmp,1,12,5,0,13,0.91198,0.02376,0.0,clahe,13,13,13,11,13,12
01_13_12_05_0171.bmp,0,12,5,0,13,0.93907,0.01015,0.0,clahe,11,12,12,12,11,12
01_13_12_05_0172.bmp,1,12,5,0,13,0.91278,0.02306,0.0,clahe,13,13,13,11,13,12
01_13_12_05_0174.bmp,0,12,5,0,13,0.94195,0.00973,0.0,clahe,1,11,11,12,1,12
01_13_12_05_0174.bmp,1,12,5,0,13,0.90104,0.02152,0.0,clahe,1,13,13,12,1,12
01_13_12_05_0176.bmp,0,12,5,0,13,0.94332,0.00676,0.0,clahe,1,12,12,12,1,12
01_13_12_05_0177.bmp,0,12,5,0,13,0.9434,0.00782,0.0,clahe,12,12,12,12,12,12
01_13_12_05_0179.bmp,1,12,5,0,13,0.91216,0.02391,0.0,clahe,11,13,13,11,11,12
01_13_12_05_0181.bmp,1,12,5,0,13,0.91258,0.02409,0.0,clahe,13,13,13,11,13,12
01_13_12_05_0182.bmp,1,12,5,0,13,0.91272,0.02417,0.0,clahe,13,13,13,11,13,12
01_13_12_05_0183.bmp,0,12,5,0,13,0.93541,0.01123,0.0,clahe,13,12,12,12,13,12
01_13_12_05_0185.bmp,1,12,5,0,13,0.91259,0.0243,0.0,clahe,13,13,13,11,13,12
01_13_12_05_0186.bmp,0,12,5,0,13,0.92769,0.00893,0.0,clahe,11,12,12,12,11,12
01_13_12_05_0187.bmp,0,12,5,0,13,0.92796,0.01195,0.0,clahe,16,12,12,12,16,12
01_13_12_05_0190.bmp,0,12,5,0,13,0.91993,0.01004,0.0,clahe,16,13,13,12,16,12
01_13_12_05_0194.bmp,0,12,5,0,13,0.90865,0.01498,0.0,clahe,13,13,13,12,13,12
01_13_12_05_0198.bmp,0,12,5,0,13,0.89265,0.01573,0.0,clahe,13,13,13,12,13,12
01_13_12_05_0199.bmp,1,12,5,0,13,0.91287,0.02429,0.0,clahe,13,13,13,11,13,12
01_13_12_05_0201.bmp,1,12,5,0,13,0.91309,0.02423,0.0,clahe,13,13,13,11,13,12
01_13_12_05_0202.bmp,0,12,5,0,13,0.87852,0.02276,0.0,clahe,11,13,13,12,11,12
01_13_12_05_0204.bmp,0,12,5,0,13,0.87351,0.02356,0.0,clahe,11,13,13,31,11,12
01_13_12_05_0204.bmp,1,12,5,0,13,0.91316,0.02412,0.0,clahe,13,13,13,11,13,12
01_13_12_05_0205.bmp,0,12,5,0,13,0.86776,0.02143,0.0,clahe,13,12,12,12,13,12
01_13_12_05_0205.bmp,1,12,5,0,13,0.9131,0.02426,0.0,clahe,13,13,13,11,13,12
01_13_12_05_0206.bmp,1,12,5,0,13,0.91295,0.02422,0.0,clahe,13,13,13,11,13,12
01_13_12_05_0210.bmp,0,12,5,0,13,0.84661,0.02676,0.0,clahe,11,13,13,12,11,12
01_13_12_05_0211.bmp,1,12,5,0,13,0.91292,0.02427,0.0,clahe,13,13,13,11,13,12
01_13_12_05_0212.bmp,0,12,5,0,13,0.83623,0.02495,0.0,clahe,13,13,13,12,13,12
01_13_12_05_0213.bmp,0,12,5,0,13,0.8326,0.02839,0.0,clahe,16,13,13,31,16,12
01_13_12_05_0213.bmp,1,12,5,0,13,0.91298,0.0242,0.0,clahe,13,13,13,11,13,12
01_13_12_05_0216.bmp,0,12,5,0,13,0.77829,0.04245,0.0,clahe,11,13,13,13,11,31
01_13_12_05_0217.bmp,0,12,5,0,13,0.77551,0.0458,0.0,clahe,13,13,13,13,13,31
01_13_12_05_0217.bmp,1,12,5,0,13,0.91305,0.02421,0.0,clahe,13,13,13,11,13,12
01_13_12_05_0218.bmp,0,12,5,0,13,0.76916,0.04734,0.0,clahe,13,13,13,13,13,31
01_13_12_05_0220.bmp,0,12,5,0,13,0.75804,0.05363,0.0,clahe,13,13,13,13,13,31
01_13_12_05_0220.bmp,1,12,5,0,13,0.91293,0.0241,0.0,clahe,13,13,13,11,13,12
01_13_12_05_0221.bmp,0,12,5,0,13,0.75199,0.05494,0.0,clahe,13,13,13,32,13,31
01_13_12_05_0221.bmp,1,12,5,0,13,0.91296,0.02377,0.0,clahe,13,13,13,11,13,12
01_13_12_05_0226.bmp,0,12,5,0,13,0.72088,0.06415,0.0,clahe,13,13,13,13,13,31
01_13_12_05_0228.bmp,0,12,5,0,13,0.70458,0.06911,0.0,clahe,13,13,13,13,13,13
01_13_12_05_0228.bmp,1,12,5,0,13,0.91341,0.02371,0.0,clahe,13,13,13,11,13,12
01_13_12_05_0229.bmp,0,12,5,0,13,0.69824,0.06986,0.0,clahe,13,13,13,13,13,13
01_13_12_05_0229.bmp,1,12,5,0,13,0.91326,0.02381,0.0,clahe,13,13,13,11,13,12
01_13_12_05_0230.bmp,1,12,5,0,13,0.91463,0.02558,0.0,clahe,13,13,13,11,13,12
01_13_12_05_0232.bmp,0,12,5,0,13,0.66795,0.07712,0.0,clahe,13,13,13,13,13,13
01_13_12_05_0232.bmp,1,12,5,0,13,0.91525,0.02467,0.0,clahe,13,13,13,11,13,11
01_13_12_05_0233.bmp,1,12,5,0,13,0.91521,0.02457,0.0,clahe,13,13,13,11,13,11
01_13_12_05_0234.bmp,1,12,5,0,13,0.91525,0.02467,0.0,clahe,13,13,13,11,13,11
01_13_12_05_0236.bmp,1,12,5,0,13,0.91519,0.02463,0.0,clahe,13,13,13,11,13,11
01_13_12_05_0237.bmp,1,12,5,0,13,0.91508,0.02475,0.0,clahe,13,13,13,11,13,11
01_13_12_05_0238.bmp,0,12,5,0,13,0.62714,0.10147,0.0326,clahe,13,13,13,13,13,13
01_13_12_05_0240.bmp,0,12,5,0,13,0.61021,0.12006,0.05901,stretch,13,13,13,13,13,13
01_13_12_05_0241.bmp,1,12,5,0,13,0.91428,0.02444,0.0,clahe,13,13,13,11,13,12
01_13_12_05_0242.bmp,1,12,5,0,13,0.91439,0.02433,0.0,clahe,13,13,13,11,13,12
01_13_12_05_0244.bmp,1,12,5,0,13,0.91437,0.02439,0.0,clahe,13,13,13,11,13,12
01_13_12_05_0248.bmp,0,12,5,0,13,0.50633,0.14443,0.05482,stretch,13,13,13,13,13,13
01_13_12_05_0249.bmp,0,12,5,0,13,0.5081,0.14748,0.03935,stretch,13,13,13,13,13,13
01_13_12_05_0249.bmp,1,12,5,0,13,0.91409,0.02416,0.0,clahe,13,13,13,11,13,12
01_13_12_05_0250.bmp,0,12,5,0,13,0.51065,0.14984,0.04743,stretch,13,13,13,13,13,13
01_13_12_05_0250.bmp,1,12,5,0,13,0.91406,0.0243,0.0,clahe,13,13,13,11,13,12
01_13_12_05_0252.bmp,0,12,5,0,13,0.51331,0.15159,0.04589,stretch,13,13,13,13,13,13
01_13_12_05_0252.bmp,1,12,5,0,13,0.91411,0.02437,0.0,clahe,13,13,13,11,13,11
01_13_12_05_0254.bmp,0,12,5,0,13,0.51406,0.15296,0.04444,stretch,13,13,13,13,13,13
01_13_12_05_0255.bmp,0,12,5,0,13,0.51427,0.15488,0.0418,stretch,13,13,13,13,13,13
01_13_12_05_0256.bmp,0,12,5,0,13,0.51049,0.14939,0.04018,stretch,13,13,13,13,13,13
01_13_12_05_0257.bmp,0,12,5,0,13,0.51049,0.14801,0.04171,stretch,13,13,13,13,13,13
01_13_12_05_0258.bmp,0,12,5,0,13,0.50786,0.14372,0.04544,stretch,13,13,13,13,13,13
01_13_12_05_0259.bmp,0,12,5,0,13,0.51063,0.14544,0.04236,stretch,13,13,13,13,13,13
01_13_12_05_0260.bmp,1,12,5,0,13,0.91408,0.02453,0.0,clahe,13,13,13,11,13,12
01_13_12_05_0261.bmp,0,12,5,0,13,0.50886,0.13964,0.03605,stretch,13,13,13,13,13,13
01_13_12_05_0262.bmp,1,12,5,0,13,0.91394,0.02419,0.0,clahe,13,13,13,11,13,11
01_13_12_05_0264.bmp,0,12,5,0,13,0.51071,0.1405,0.02743,stretch,13,13,13,13,13,13
01_13_12_05_0266.bmp,1,12,5,0,13,0.91405,0.02389,0.0,clahe,13,13,13,11,13,11
01_13_12_05_0267.bmp,0,12,5,0,13,0.51067,0.12885,0.02723,stretch,13,13,13,13,13,13
01_13_12_05_0267.bmp,1,12,5,0,13,0.91392,0.02419,0.0,clahe,13,13,13,11,13,11
01_13_12_05_0268.bmp,0,12,5,0,13,0.50812,0.11862,0.02429,stretch,13,13,13,13,13,13
01_13_12_05_0270.bmp,0,12,5,0,13,0.91377,0.02459,0.0,clahe,13,13,13,11,13,12
01_13_12_05_0271.bmp,0,12,5,0,13,0.91405,0.02444,0.0,clahe,13,13,13,11,13,12
01_13_12_05_0275.bmp,0,12,5,0,13,0.91402,0.02448,0.0,clahe,13,13,13,11,13,12
01_13_12_05_0276.bmp,0,12,5,0,13,0.914,0.02465,0.0,clahe,13,13,13,11,13,12
01_13_12_05_0277.bmp,0,12,5,0,13,0.9141,0.02438,0.0,clahe,13,13,13,11,13,12
01_13_12_05_0279.bmp,0,12,5,0,13,0.91399,0.02464,0.0,clahe,13,13,13,11,13,12
01_13_12_05_0280.bmp,0,12,5,0,13,0.91402,0.02456,0.0,clahe,13,13,13,11,13,11
01_13_12_05_0282.bmp,0,12,5,0,13,0.91399,0.02465,0.0,clahe,13,13,13,11,13,11
01_13_12_05_0284.bmp,0,12,5,0,13,0.9141,0.02442,0.0,clahe,13,13,13,11,13,11
01_13_12_05_0285.bmp,0,12,5,0,13,0.91404,0.02439,0.0,clahe,13,13,13,11,13,11
01_13_12_05_0290.bmp,0,12,5,0,13,0.9139,0.02438,0.0,clahe,13,13,13,11,13,12
01_13_12_05_0292.bmp,0,12,5,0,13,0.91318,0.02404,0.0,clahe,13,13,13,11,13,12
01_13_12_05_0294.bmp,0,12,5,0,13,0.91345,0.02327,0.0,clahe,13,13,13,11,13,11
01_13_12_05_0295.bmp,0,12,5,0,13,0.91295,0.02371,0.0,clahe,13,13,13,11,13,12
01_13_12_05_0297.bmp,0,12,5,0,13,0.9127,0.02378,0.0,clahe,13,13,13,11,13,12
01_13_12_05_0298.bmp,0,12,5,0,13,0.91233,0.02448,0.0,clahe,13,13,13,11,13,12
01_13_12_05_0300.bmp,0,12,5,0,13,0.91103,0.02438,0.0,clahe,13,13,13,11,13,12
01_13_12_05_0301.bmp,0,12,5,0,13,0.91062,0.0242,0.0,clahe,13,13,13,12,13,12
01_13_12_05_0304.bmp,0,12,5,0,13,0.90855,0.02399,0.0,clahe,13,13,13,11,13,12
01_13_12_05_0307.bmp,0,12,5,0,13,0.90709,0.02425,0.0,clahe,13,13,13,12,13,12
01_13_12_05_0309.bmp,0,12,5,0,13,0.90549,0.02451,0.0,clahe,13,13,13,12,13,12
01_13_12_05_0311.bmp,0,12,5,0,13,0.90337,0.02521,0.0,clahe,13,13,13,13,13,12
01_13_12_05_0315.bmp,0,12,5,0,13,0.8984,0.02497,0.0,clahe,13,13,13,11,13,12
01_13_12_05_0316.bmp,0,12,5,0,13,0.897,0.02475,0.0,clahe,13,13,13,11,13,12
01_13_12_05_0318.bmp,0,12,5,0,13,0.89172,0.02638,0.0,clahe,13,13,13,12,13,12
01_13_12_05_0321.bmp,0,12,5,0,13,0.88876,0.02893,0.0,clahe,13,13,13,13,13,11
01_13_12_05_0327.bmp,0,12,5,0,13,0.87685,0.03316,0.0,clahe,13,13,13,13,13,11
01_13_12_05_0328.bmp,0,12,5,0,13,0.8741,0.03396,0.0,clahe,13,13,13,12,13,11
01_13_12_05_0330.bmp,0,12,5,0,13,0.86957,0.03579,0.0,clahe,13,13,13,13,13,12
01_13_12_05_0334.bmp,0,12,5,0,13,0.85669,0.04009,0.0,clahe,13,13,13,13,13,11
01_13_12_05_0335.bmp,0,12,5,0,13,0.85284,0.04323,0.0,clahe,13,13,13,13,13,11
01_13_12_05_0337.bmp,0,12,5,0,13,0.84279,0.05117,0.0,clahe,11,13,13,13,11,11
01_13_12_05_0340.bmp,0,12,5,0,13,0.82733,0.06298,0.0,clahe,13,13,13,13,13,11
01_13_12_05_0345.bmp,0,12,5,0,13,0.78669,0.07687,0.00623,clahe,11,13,13,13,11,11
01_13_12_05_0347.bmp,0,12,5,0,13,0.76602,0.08344,0.00921,clahe,13,13,13,13,13,13
01_13_12_05_0356.bmp,0,12,5,0,13,0.60301,0.08906,0.01695,clahe,10,14,14,14,10,31
01_13_12_05_0358.bmp,0,12,5,0,13,0.5364,0.12239,0.0911,passthrough,13,13,13,13,13,13
01_13_12_05_0359.bmp,0,12,5,0,13,0.53767,0.13089,0.08454,passthrough,13,13,13,13,13,13
01_13_12_05_0360.bmp,0,12,5,0,13,0.53703,0.13391,0.06833,stretch,13,13,13,13,13,13
01_13_12_05_0362.bmp,0,12,5,0,13,0.53911,0.14349,0.05375,stretch,13,13,13,13,13,13
01_13_12_05_0387.bmp,0,12,5,0,13,0.94354,0.00819,0.0,clahe,1,12,12,12,1,12
01_13_12_05_0390.bmp,0,12,5,0,13,0.94445,0.00976,0.0,clahe,13,12,12,12,13,12
01_13_12_05_0393.bmp,0,12,5,0,13,0.94643,0.01161,0.0,clahe,16,3,3,12,16,12
01_13_12_05_0394.bmp,0,12,5,0,13,0.94743,0.01157,0.0,clahe,13,3,3,12,13,12
01_13_12_05_0397.bmp,0,12,5,0,13,0.94717,0.01247,0.0,clahe,1,12,12,12,1,12
01_13_12_05_0400.bmp,0,12,5,0,13,0.94818,0.01206,0.0,clahe,11,12,12,12,11,12
01_13_12_05_0401.bmp,0,12,5,0,13,0.94795,0.01246,0.0,clahe,11,12,12,12,11,12
01_13_12_05_0407.bmp,0,12,5,0,13,0.94756,0.01168,0.0,clahe,11,11,11,12,11,12
01_13_12_05_0409.bmp,0,12,5,0,13,0.94889,0.00926,0.0,clahe,13,12,12,12,13,12
01_13_12_05_0411.bmp,0,12,5,0,13,0.94805,0.0097,0.0,clahe,13,12,12,12,13,12
01_13_12_05_0416.bmp,0,12,5,0,13,0.94536,0.01293,0.0,clahe,13,12,12,12,13,12
01_13_12_05_0420.bmp,0,12,5,0,13,0.94513,0.01308,0.0,clahe,10,12,12,12,10,12
01_13_12_05_0425.bmp,0,12,5,0,13,0.94422,0.01383,0.0,clahe,13,12,12,12,13,12
01_13_12_05_0430.bmp,0,12,5,0,13,0.94184,0.01432,0.0,clahe,1,11,11,12,1,12
01_13_12_05_0431.bmp,0,12,5,0,13,0.94264,0.01371,0.0,clahe,1,11,11,12,1,12
01_13_12_05_0432.bmp,0,12,5,0,13,0.94149,0.01383,0.0,clahe,13,12,12,12,13,12
01_13_12_05_0437.bmp,0,12,5,0,13,0.93836,0.01605,0.0,clahe,13,11,11,12,13,12
01_13_12_05_0444.bmp,0,12,5,0,13,0.93354,0.019,0.0,clahe,13,12,12,12,13,12
01_13_12_05_0445.bmp,0,12,5,0,13,0.93339,0.01875,0.0,clahe,11,12,12,12,11,12
01_13_12_05_0448.bmp,0,12,5,0,13,0.93166,0.01988,0.0,clahe,11,12,12,12,11,12
01_13_12_05_0449.bmp,0,12,5,0,13,0.93052,0.02042,0.0,clahe,13,13,13,12,13,12
01_13_12_05_0450.bmp,0,12,5,0,13,0.93003,0.0197,0.0,clahe,11,11,11,12,11,12
01_13_12_05_0452.bmp,0,12,5,0,13,0.927,0.02216,0.0,clahe,13,12,12,12,13,12
01_13_12_05_0457.bmp,0,12,5,0,13,0.92251,0.02014,0.0,clahe,13,12,12,12,13,12
01_13_12_05_0458.bmp,0,12,5,0,13,0.92253,0.01995,0.0,clahe,11,13,13,12,11,12
01_13_12_05_0459.bmp,0,12,5,0,13,0.92275,0.01946,0.0,clahe,13,13,13,12,13,12
01_13_12_05_0460.bmp,0,12,5,0,13,0.92221,0.02124,0.0,clahe,13,13,13,12,13,12
01_13_12_05_0462.bmp,0,12,5,0,13,0.92156,0.02298,0.0,clahe,13,13,13,12,13,12
01_13_12_05_0466.bmp,0,12,5,0,13,0.91546,0.032,0.0,clahe,13,13,13,11,13,12
01_13_12_05_0470.bmp,0,12,5,0,13,0.90673,0.03266,0.0,clahe,13,13,13,13,13,12
01_13_12_05_0474.bmp,0,12,5,0,13,0.89902,0.02986,0.0,clahe,13,13,13,13,13,12
01_13_12_05_0477.bmp,0,12,5,0,13,0.89388,0.03351,0.0,clahe,13,13,13,13,13,11
01_13_12_05_0478.bmp,0,12,5,0,13,0.89009,0.03411,0.0,clahe,11,13,13,13,11,12
01_13_12_05_0481.bmp,0,12,5,0,13,0.88162,0.03449,0.0,clahe,13,13,13,13,13,12
01_13_12_05_0484.bmp,0,12,5,0,13,0.87234,0.03426,0.0,clahe,11,13,13,13,11,12
01_13_12_05_0486.bmp,0,12,5,0,13,0.86753,0.03432,0.0,clahe,13,13,13,13,13,12
01_13_12_05_0493.bmp,0,12,5,0,13,0.8478,0.04716,0.0,clahe,11,13,13,13,11,11
01_13_12_05_0496.bmp,0,12,5,0,13,0.8285,0.05201,0.0,clahe,11,13,13,13,11,11
01_13_12_05_0497.bmp,0,12,5,0,13,0.8212,0.05534,0.0,clahe,11,13,13,13,11,13
01_13_12_05_0499.bmp,0,12,5,0,13,0.81114,0.05867,0.0,clahe,13,13,13,13,13,13
01_13_12_05_0501.bmp,0,12,5,0,13,0.79243,0.06416,0.0,clahe,11,13,13,13,11,13
01_13_12_05_0505.bmp,0,12,5,0,13,0.75082,0.08166,0.0,clahe,13,13,13,13,13,13
01_13_12_05_0506.bmp,0,12,5,0,13,0.74045,0.08446,0.0,clahe,13,13,13,13,13,13
01_13_12_05_0507.bmp,0,12,5,0,13,0.72313,0.08491,0.00515,clahe,13,13,13,13,13,13
01_13_12_05_0508.bmp,0,12,5,0,13,0.70053,0.09434,0.0,clahe,13,13,13,13,13,13
01_13_12_05_0510.bmp,0,12,5,0,13,0.6699,0.10149,0.01439,clahe,13,13,13,13,13,13
01_13_12_05_0511.bmp,0,12,5,0,13,0.64951,0.1159,0.01327,stretch,13,13,13,13,13,13
01_13_12_05_0512.bmp,0,12,5,0,13,0.6317,0.10588,0.01222,clahe,13,13,13,13,13,13
01_13_12_05_0513.bmp,0,12,5,0,13,0.61966,0.10641,0.01244,stretch,13,13,13,13,13,13
01_13_12_05_0515.bmp,0,12,5,0,13,0.58478,0.09668,0.00892,clahe,13,13,13,8,13,13
01_13_12_05_0516.bmp,0,12,5,0,13,0.74759,0.04776,0.0,clahe,42,13,13,32,42,31
01_13_12_05_0517.bmp,0,12,5,0,13,0.74428,0.04884,0.0,clahe,13,13,13,32,13,31
01_13_12_05_0521.bmp,0,12,5,0,13,0.72593,0.04264,0.0,clahe,25,13,13,13,25,31
01_13_12_05_0524.bmp,0,12,5,0,13,0.71633,0.04287,0.0,clahe,42,13,13,32,42,31
01_13_12_05_0527.bmp,0,12,5,0,13,0.72458,0.05925,0.0,clahe,13,13,13,13,13,31
01_13_12_05_0530.bmp,0,12,5,0,13,0.70602,0.04406,0.0,clahe,42,13,13,32,42,31
01_13_12_05_0535.bmp,0,12,5,0,13,0.73517,0.06424,0.0,clahe,13,13,13,13,13,31
01_13_12_05_0537.bmp,0,12,5,0,13,0.73696,0.06342,0.0,clahe,13,13,13,13,13,31
01_13_12_05_0538.bmp,0,12,5,0,13,0.69124,0.04467,0.0,clahe,1,13,13,32,1,31
01_13_12_05_0540.bmp,0,12,5,0,13,0.68907,0.04757,0.0,clahe,13,13,13,32,13,31
01_13_12_05_0543.bmp,0,12,5,0,13,0.73005,0.06258,0.0,clahe,13,13,13,13,13,31
01_13_12_05_0546.bmp,0,12,5,0,13,0.68216,0.04593,0.0,clahe,42,13,13,32,42,31
01_13_12_05_0550.bmp,0,12,5,0,13,0.6747,0.04669,0.0,clahe,42,13,13,13,42,31
01_13_12_05_0551.bmp,0,12,5,0,13,0.71861,0.06254,0.0,clahe,13,15,15,13,13,31
01_13_12_05_0552.bmp,0,12,5,0,13,0.67009,0.04826,0.0,clahe,42,13,13,13,42,31
01_13_12_05_0555.bmp,0,12,5,0,13,0.71549,0.06633,0.04321,clahe,13,13,13,13,13,31
01_13_12_05_0558.bmp,0,12,5,0,13,0.66115,0.05216,0.0,clahe,16,13,13,13,16,31
01_13_12_05_0559.bmp,0,12,5,0,13,0.7139,0.06487,0.0,clahe,13,13,13,13,13,31
01_13_12_05_0563.bmp,0,12,5,0,13,0.71342,0.06399,0.0,clahe,13,13,13,13,13,31
01_13_12_05_0566.bmp,0,12,5,0,13,0.64124,0.05586,0.0,clahe,11,13,13,13,11,31
01_13_12_05_0568.bmp,0,12,5,0,13,0.6398,0.05964,0.0,clahe,42,13,13,13,42,31
01_13_12_05_0570.bmp,0,12,5,0,13,0.62581,0.06987,0.08173,clahe,13,13,13,13,13,31
01_13_12_05_0580.bmp,0,12,5,0,13,0.57241,0.06932,0.0,clahe,13,13,13,13,13,31
01_13_12_05_0582.bmp,0,12,5,0,13,0.56424,0.06949,0.0,clahe,13,13,13,13,13,31
01_13_12_05_0585.bmp,0,12,5,0,13,0.74924,0.05258,0.0,clahe,13,13,13,15,13,31
01_13_12_05_0587.bmp,0,12,5,0,13,0.75192,0.05223,0.0,clahe,13,13,13,13,13,31
01_13_12_05_0591.bmp,0,12,5,0,13,0.76479,0.0477,0.0,clahe,13,13,13,13,13,31
01_13_12_05_0592.bmp,0,12,5,0,13,0.52398,0.07283,0.0,clahe,13,13,13,13,13,31
01_13_12_05_0593.bmp,0,12,5,0,13,0.76887,0.04693,0.0,clahe,13,13,13,13,13,31
01_13_12_05_0601.bmp,0,12,5,0,13,0.77496,0.04861,0.0,clahe,13,13,13,13,13,31
01_13_12_05_0602.bmp,0,12,5,0,13,0.76722,0.05112,0.0,clahe,13,13,13,13,13,31
01_13_12_05_0604.bmp,0,12,5,0,13,0.75447,0.05571,0.00874,clahe,13,13,13,13,13,31
01_13_12_05_0606.bmp,0,12,5,0,13,0.74594,0.05555,0.0,clahe,13,13,13,13,13,31
01_13_12_05_0612.bmp,0,12,5,0,13,0.72779,0.0667,0.01271,clahe,13,13,13,13,13,13
01_13_12_05_0618.bmp,0,12,5,0,13,0.71723,0.08251,0.00374,clahe,13,13,13,13,13,13
01_13_12_05_0620.bmp,0,12,5,0,13,0.69852,0.0846,0.00511,clahe,13,13,13,13,13,13
01_13_12_05_0621.bmp,0,12,5,0,13,0.68396,0.08621,0.00464,clahe,13,13,13,13,13,13
01_13_12_05_0623.bmp,0,12,5,0,13,0.65804,0.10002,0.00706,clahe,13,13,13,13,13,13
01_13_12_05_0624.bmp,0,12,5,0,13,0.64483,0.10723,0.03136,stretch,13,13,13,13,13,13
01_03_09_03_0006.bmp,0,9,3,0,9,0.50575,0.10464,0.1913,clahe,42,32,32,7,42,32
01_03_09_03_0008.bmp,0,9,3,0,9,0.50601,0.11228,0.27222,passthrough,32,32,16,32,42,32
01_03_09_03_0009.bmp,0,9,3,0,9,0.51295,0.10961,0.14722,passthrough,32,32,13,13,11,32
01_03_09_03_0011.bmp,0,9,3,0,9,0.5054,0.10438,0.2575,clahe,11,34,34,11,11,32
01_03_09_03_0017.bmp,0,9,3,0,9,0.49744,0.11042,0.15638,passthrough,32,32,16,13,42,32
01_03_09_03_0019.bmp,0,9,3,0,9,0.54083,0.12683,0.21832,passthrough,12,12,11,32,42,12
01_03_09_03_0020.bmp,0,9,3,0,9,0.49469,0.10858,0.17481,passthrough,16,16,11,16,42,16
01_03_09_03_0021.bmp,0,9,3,0,9,0.50454,0.10791,0.21992,passthrough,16,16,11,11,11,16
01_03_09_03_0023.bmp,0,9,3,0,9,0.49317,0.09893,0.16878,clahe,42,11,11,12,42,32
01_03_09_03_0024.bmp,0,9,3,0,9,0.48418,0.11612,0.18947,passthrough,32,32,16,32,11,32
01_03_09_03_0028.bmp,0,9,3,0,9,0.45258,0.09879,0.14347,clahe,11,16,16,16,11,32
01_03_09_03_0038.bmp,0,9,3,0,9,0.38904,0.07558,0.0,clahe,11,25,25,40,11,13
01_03_09_03_0040.bmp,0,9,3,0,9,0.41286,0.07971,0.02703,clahe,18,40,40,12,18,12
01_03_09_03_0043.bmp,0,9,3,0,9,0.42522,0.0698,0.0,clahe,11,11,11,12,11,12
01_03_09_03_0054.bmp,0,9,3,0,9,0.39602,0.11679,0.10868,passthrough,13,13,26,40,11,13
01_03_09_03_0055.bmp,0,9,3,0,9,0.40287,0.12305,0.11966,passthrough,13,13,13,40,16,13
01_03_09_03_0063.bmp,0,9,3,0,9,0.41896,0.0864,0.03387,clahe,11,41,41,13,11,13
01_03_09_03_0065.bmp,0,9,3,0,9,0.41713,0.08517,0.04592,clahe,11,13,13,20,11,13
01_03_09_03_0075.bmp,0,9,3,0,9,0.43166,0.10441,0.09888,clahe,13,13,13,13,13,13
01_03_09_03_0079.bmp,0,9,3,0,9,0.4366,0.10399,0.06968,clahe,25,25,25,20,25,13
01_03_09_03_0080.bmp,0,9,3,0,9,0.42692,0.10851,0.09717,passthrough,13,13,26,20,13,13
01_03_09_03_0081.bmp,0,9,3,0,9,0.43209,0.11691,0.08089,passthrough,13,13,13,41,13,13
01_03_09_03_0085.bmp,0,9,3,0,9,0.42164,0.10598,0.06942,clahe,20,26,26,13,20,13
01_06_09_03_0001.bmp,0,9,3,0,14,0.558,0.11751,0.16375,passthrough,13,13,13,13,13,13
01_06_09_03_0003.bmp,1,9,3,0,14,0.61083,0.0801,0.14583,clahe,18,18,18,11,18,11
01_06_09_03_0004.bmp,0,9,3,0,14,0.52016,0.1377,0.23839,passthrough,18,18,18,18,18,18
01_06_09_03_0007.bmp,0,9,3,0,14,0.55105,0.11468,0.09159,passthrough,18,18,1,1,18,18
01_06_09_03_0007.bmp,1,9,3,0,14,0.58169,0.11802,0.04535,stretch,13,13,18,35,18,12
01_06_09_03_0009.bmp,0,9,3,0,14,0.59166,0.1135,0.21717,passthrough,13,13,18,13,18,13
01_06_09_03_0010.bmp,1,9,3,0,14,0.61149,0.08311,0.09762,clahe,18,18,18,12,18,12
01_06_09_03_0014.bmp,1,9,3,0,14,0.60374,0.08871,0.14079,clahe,13,13,13,12,13,12
01_06_09_03_0015.bmp,0,9,3,0,14,0.54756,0.10415,0.24745,clahe,18,7,7,40,18,25
01_06_09_03_0015.bmp,1,9,3,0,14,0.58784,0.11384,0.28261,passthrough,18,18,18,13,18,18
01_06_09_03_0016.bmp,0,9,3,0,14,0.51895,0.09497,0.20323,clahe,18,13,13,13,18,13
01_06_09_03_0017.bmp,0,9,3,0,14,0.51206,0.10136,0.18534,clahe,18,24,24,13,18,18
01_06_09_03_0018.bmp,0,9,3,0,14,0.53596,0.10165,0.18831,clahe,18,18,18,13,18,18
01_06_09_03_0020.bmp,1,9,3,0,14,0.59324,0.10807,0.2528,passthrough,12,12,18,32,18,12
01_06_09_03_0022.bmp,0,9,3,0,14,0.49005,0.12888,0.21081,passthrough,25,25,24,13,24,25
01_06_09_03_0025.bmp,1,9,3,0,14,0.59477,0.10736,0.15101,passthrough,11,11,18,1,18,11
01_06_09_03_0026.bmp,0,9,3,0,14,0.49678,0.10846,0.1164,passthrough,25,25,24,13,18,25
01_06_09_03_0027.bmp,0,9,3,0,14,0.47619,0.12332,0.21212,passthrough,13,13,7,13,24,13
01_06_09_03_0028.bmp,0,9,3,0,14,0.47144,0.12327,0.16733,passthrough,25,25,24,40,25,25
01_06_09_03_0028.bmp,1,9,3,0,14,0.57605,0.10767,0.10383,passthrough,11,11,1,1,7,11
01_06_09_03_0030.bmp,0,9,3,0,14,0.46296,0.11605,0.19605,passthrough,13,13,7,13,13,13
01_06_09_03_0030.bmp,1,9,3,0,14,0.55042,0.09534,0.11398,clahe,18,18,18,13,18,18
01_06_09_03_0032.bmp,1,9,3,0,14,0.59583,0.09668,0.05263,clahe,11,12,12,12,11,12
01_06_09_03_0033.bmp,0,9,3,0,14,0.44758,0.12889,0.20797,passthrough,13,13,24,13,13,13
01_06_09_03_0033.bmp,1,9,3,0,14,0.60717,0.09016,0.06699,clahe,11,11,11,12,11,12
01_06_09_03_0035.bmp,0,9,3,0,14,0.44953,0.13222,0.17176,passthrough,13,13,7,13,13,13
01_06_09_03_0035.bmp,1,9,3,0,14,0.55296,0.11953,0.1,passthrough,12,12,13,12,11,12
01_06_09_03_0036.bmp,1,9,3,0,14,0.49875,0.16528,0.27727,passthrough,11,11,35,13,42,11
01_06_09_03_0037.bmp,0,9,3,0,14,0.43164,0.12622,0.19385,passthrough,13,13,7,13,24,13
01_06_09_03_0039.bmp,1,9,3,0,14,0.58105,0.12898,0.11012,passthrough,12,12,32,12,11,12
01_06_09_03_0040.bmp,0,9,3,0,14,0.4315,0.12518,0.15708,passthrough,25,25,24,13,13,25
01_06_09_03_0041.bmp,0,9,3,0,14,0.42953,0.12301,0.13171,passthrough,13,13,7,13,24,13
01_06_09_03_0041.bmp,1,9,3,0,14,0.52409,0.16879,0.16,passthrough,12,12,13,12,28,12
01_06_09_03_0042.bmp,0,9,3,0,14,0.40585,0.10067,0.14099,clahe,13,14,14,40,13,25
01_06_09_03_0043.bmp,1,9,3,0,14,0.53953,0.09874,0.04167,clahe,11,18,18,12,11,12
01_06_09_03_0044.bmp,1,9,3,0,14,0.50825,0.09175,0.14722,clahe,18,11,11,12,18,12
01_06_09_03_0054.bmp,0,9,3,0,14,0.56366,0.11987,0.18571,passthrough,11,11,18,12,18,11
01_06_09_03_0055.bmp,0,9,3,0,14,0.55983,0.1214,0.07937,passthrough,12,12,13,12,18,12
01_06_09_03_0058.bmp,0,9,3,0,14,0.57488,0.09832,0.16863,clahe,1,7,7,12,1,12
01_06_09_03_0059.bmp,0,9,3,0,14,0.57445,0.11411,0.133,passthrough,12,12,18,12,18,12
01_06_09_03_0061.bmp,0,9,3,0,14,0.55065,0.09694,0.14363,clahe,18,18,18,12,18,12
01_06_09_03_0063.bmp,0,9,3,0,14,0.53597,0.13817,0.16382,passthrough,18,18,1,13,18,18
01_06_09_03_0064.bmp,0,9,3,0,14,0.54131,0.14391,0.11269,passthrough,18,18,18,1,18,18
01_06_09_03_0067.bmp,0,9,3,0,14,0.53436,0.13931,0.09812,passthrough,12,12,18,12,18,12
01_06_09_03_0068.bmp,0,9,3,0,14,0.51327,0.14709,0.16722,passthrough,12,12,18,1,18,12
01_06_09_03_0073.bmp,0,9,3,0,14,0.50944,0.10165,0.15726,clahe,18,7,7,12,18,13
01_06_09_03_0075.bmp,0,9,3,0,14,0.49197,0.09942,0.18314,clahe,28,7,7,13,28,18
01_06_09_03_0077.bmp,0,9,3,0,14,0.46481,0.0935,0.08558,clahe,18,18,18,1,18,18
01_06_09_03_0080.bmp,0,9,3,0,14,0.44642,0.11946,0.07402,passthrough,18,18,18,18,18,18
01_06_09_03_0081.bmp,0,9,3,0,14,0.45395,0.08723,0.05348,clahe,13,7,7,13,13,12
01_06_09_03_0083.bmp,0,9,3,0,14,0.43422,0.08471,0.07275,clahe,28,24,24,12,28,13
01_06_09_03_0087.bmp,0,9,3,0,14,0.41636,0.15791,0.0745,passthrough,25,25,25,40,20,25
01_06_09_03_0089.bmp,0,9,3,0,14,0.3838,0.11272,0.0557,passthrough,25,25,7,25,2,25
01_11_09_03_0002.bmp,0,9,3,0,12,0.47868,0.09592,0.28708,clahe,42,11,11,32,42,32
01_11_09_03_0006.bmp,0,9,3,0,12,0.50463,0.12487,0.32057,passthrough,32,32,11,32,42,32
01_11_09_03_0007.bmp,0,9,3,0,12,0.53341,0.10215,0.11962,clahe,42,11,11,32,42,11
01_11_09_03_0009.bmp,0,9,3,0,12,0.51905,0.10613,0.30144,passthrough,11,11,13,13,42,11
01_11_09_03_0010.bmp,0,9,3,0,12,0.50613,0.12033,0.32536,passthrough,12,12,11,13,42,12
01_11_09_03_0011.bmp,0,9,3,0,12,0.53831,0.09914,0.16268,clahe,11,11,11,32,11,31
01_11_09_03_0015.bmp,0,9,3,0,12,0.51702,0.12628,0.2,passthrough,12,12,13,32,42,12
01_11_09_03_0016.bmp,0,9,3,0,12,0.5159,0.11056,0.24,passthrough,11,11,18,11,11,11
01_11_09_03_0017.bmp,0,9,3,0,12,0.48,0.12552,0.22667,passthrough,11,11,11,13,11,11
01_11_09_03_0018.bmp,0,9,3,0,12,0.47539,0.13312,0.38667,passthrough,11,11,11,11,42,11
01_11_09_03_0022.bmp,0,9,3,0,12,0.4718,0.11442,0.23785,passthrough,32,32,11,32,11,32
01_11_09_03_0026.bmp,0,9,3,0,12,0.48986,0.10523,0.21778,clahe,11,11,11,32,11,32
01_11_09_03_0028.bmp,0,9,3,0,12,0.49963,0.09958,0.24222,clahe,11,13,13,10,11,12
01_11_09_03_0029.bmp,0,9,3,0,12,0.49766,0.11852,0.19333,passthrough,11,11,11,11,11,11
01_11_09_03_0030.bmp,0,9,3,0,12,0.48248,0.12403,0.26889,passthrough,11,11,11,11,11,11
01_11_09_03_0031.bmp,0,9,3,0,12,0.49838,0.12028,0.22476,passthrough,11,11,18,12,11,11
01_11_09_03_0033.bmp,0,9,3,0,12,0.47594,0.10034,0.25044,clahe,11,18,18,13,11,32
01_11_09_03_0037.bmp,0,9,3,0,12,0.46308,0.14305,0.21562,passthrough,32,32,1,32,11,32
01_11_09_03_0038.bmp,0,9,3,0,12,0.45686,0.14059,0.21351,passthrough,11,11,18,1,11,11
01_11_09_03_0043.bmp,0,9,3,0,12,0.47195,0.14458,0.17122,passthrough,32,32,18,32,11,32
01_11_09_03_0048.bmp,0,9,3,0,12,0.43244,0.11613,0.17246,passthrough,32,32,1,32,18,32
01_11_09_03_0049.bmp,0,9,3,0,12,0.42794,0.13462,0.15399,passthrough,1,1,11,13,11,1
01_11_09_03_0050.bmp,0,9,3,0,12,0.42092,0.13577,0.16908,passthrough,18,18,18,18,28,18
01_11_09_03_0058.bmp,0,9,3,0,12,0.44907,0.13909,0.1558,passthrough,13,13,28,13,28,13
01_11_09_03_0059.bmp,0,9,3,0,12,0.44935,0.13853,0.12455,passthrough,13,13,11,13,11,13
01_11_09_03_0060.bmp,0,9,3,0,12,0.44675,0.14262,0.14821,passthrough,13,13,11,13,28,13
01_11_09_03_0061.bmp,0,9,3,0,12,0.45298,0.13382,0.15446,passthrough,13,13,37,13,11,13
01_11_09_03_0063.bmp,0,9,3,0,12,0.44623,0.15682,0.16417,passthrough,13,13,18,13,18,13
01_11_09_03_0065.bmp,0,9,3,0,12,0.45009,0.13506,0.14411,passthrough,13,13,13,13,11,13
01_11_09_03_0068.bmp,0,9,3,0,12,0.44988,0.13695,0.13201,passthrough,13,13,11,13,18,13
01_11_09_03_0076.bmp,0,9,3,0,12,0.44128,0.14656,0.09322,passthrough,13,13,13,13,11,13
01_11_09_03_0078.bmp,0,9,3,0,12,0.43041,0.15716,0.07957,passthrough,13,13,13,13,11,13
01_12_09_03_0004.bmp,0,9,3,0,17,0.47375,0.16946,0.25278,passthrough,13,13,18,17,42,13
01_12_09_03_0005.bmp,1,9,3,0,17,0.45294,0.04942,0.0,clahe,18,35,35,12,18,12
01_12_09_03_0006.bmp,1,9,3,0,17,0.46043,0.08176,0.0,clahe,18,13,13,13,18,12
01_12_09_03_0007.bmp,0,9,3,0,17,0.45569,0.17976,0.11667,passthrough,13,13,17,13,11,13
01_12_09_03_0008.bmp,0,9,3,0,17,0.48314,0.20139,0.25952,passthrough,17,17,18,18,18,17
01_12_09_03_0010.bmp,0,9,3,0,17,0.45896,0.18533,0.1119,passthrough,13,13,11,11,11,13
01_12_09_03_0010.bmp,1,9,3,0,17,0.46717,0.05544,0.0,clahe,18,18,18,12,18,12
01_12_09_03_0011.bmp,1,9,3,0,17,0.47611,0.06567,0.0,clahe,18,11,11,13,18,19
01_12_09_03_0012.bmp,1,9,3,0,17,0.48672,0.05458,0.0,clahe,13,18,18,13,13,31
01_12_09_03_0013.bmp,1,9,3,0,17,0.45404,0.07056,0.0,clahe,18,18,18,12,18,12
01_12_09_03_0014.bmp,0,9,3,0,17,0.43804,0.1811,0.08282,passthrough,25,25,17,13,28,25
01_12_09_03_0016.bmp,1,9,3,0,17,0.49917,0.10014,0.17424,clahe,11,11,11,12,11,31
01_12_09_03_0017.bmp,0,9,3,0,17,0.44781,0.19821,0.10352,passthrough,13,13,11,13,13,13
01_12_09_03_0018.bmp,0,9,3,0,17,0.41599,0.20382,0.14727,passthrough,7,7,17,7,18,7
01_12_09_03_0019.bmp,0,9,3,0,17,0.41675,0.19086,0.09818,passthrough,13,13,17,13,18,13
01_12_09_03_0019.bmp,1,9,3,0,17,0.49866,0.06145,0.0,clahe,18,11,11,12,18,31
01_12_09_03_0021.bmp,0,9,3,0,17,0.39965,0.17824,0.07024,passthrough,13,13,7,13,18,13
01_12_09_03_0022.bmp,0,9,3,0,17,0.38937,0.18113,0.07407,passthrough,7,7,7,7,18,7
01_12_09_03_0025.bmp,0,9,3,0,17,0.37437,0.19814,0.0728,passthrough,13,13,17,13,18,13
01_12_09_03_0025.bmp,1,9,3,0,17,0.48342,0.06023,0.0,clahe,18,13,13,13,18,31
01_12_09_03_0026.bmp,1,9,3,0,17,0.48012,0.07283,0.18182,clahe,18,17,17,13,18,31
01_12_09_03_0027.bmp,0,9,3,0,17,0.40735,0.1584,0.0601,passthrough,13,13,13,7,42,13
01_12_09_03_0027.bmp,1,9,3,0,17,0.4973,0.04387,0.0,clahe,11,13,13,13,11,31
01_12_09_03_0028.bmp,0,9,3,0,17,0.4652,0.16879,0.20364,passthrough,13,13,7,13,18,13
01_12_09_03_0029.bmp,1,9,3,0,17,0.49444,0.0743,0.08333,clahe,11,18,18,13,11,31
01_12_09_03_0030.bmp,1,9,3,0,17,0.48696,0.07273,0.0,clahe,11,18,18,13,11,19
01_12_09_03_0032.bmp,0,9,3,0,17,0.48378,0.13199,0.14327,passthrough,12,12,18,12,18,12
01_12_09_03_0033.bmp,0,9,3,0,17,0.4888,0.12588,0.16569,passthrough,13,13,18,13,18,13
01_12_09_03_0037.bmp,0,9,3,0,17,0.46079,0.15415,0.21537,passthrough,13,13,24,13,18,13
01_12_09_03_0037.bmp,1,9,3,0,17,0.46854,0.08482,0.21212,clahe,11,35,35,13,11,31
01_12_09_03_0039.bmp,0,9,3,0,17,0.46119,0.18151,0.20742,passthrough,18,18,18,18,18,18
01_12_09_03_0042.bmp,0,9,3,0,17,0.40859,0.18587,0.12,passthrough,13,13,7,7,7,13
01_12_09_03_0042.bmp,1,9,3,0,17,0.5046,0.10156,0.16667,clahe,11,31,31,32,11,31
01_12_09_03_0043.bmp,1,9,3,0,17,0.49213,0.08345,0.15909,clahe,42,11,11,13,42,31
01_12_09_03_0044.bmp,0,9,3,0,17,0.51429,0.10455,0.17424,clahe,18,18,18,28,18,31
01_12_09_03_0046.bmp,0,9,3,0,17,0.54284,0.06909,0.0,clahe,11,18,18,12,11,31
01_12_09_03_0047.bmp,0,9,3,0,17,0.50544,0.1029,0.07576,clahe,11,18,18,13,11,31
01_12_09_03_0050.bmp,0,9,3,0,17,0.48316,0.08288,0.17424,clahe,11,13,13,13,11,31
01_12_09_03_0052.bmp,0,9,3,0,17,0.46845,0.12333,0.16667,passthrough,36,36,13,13,18,36
01_12_09_03_0053.bmp,0,9,3,0,17,0.49807,0.09093,0.18182,clahe,11,17,17,17,11,31
01_12_09_03_0060.bmp,0,9,3,0,17,0.47926,0.11474,0.11073,passthrough,17,17,17,17,11,17
01_12_09_03_0061.bmp,0,9,3,0,17,0.49944,0.08663,0.20761,clahe,11,26,26,7,11,32
01_12_09_03_0063.bmp,0,9,3,0,17,0.47885,0.10979,0.22837,passthrough,13,13,26,13,11,13
01_12_09_03_0066.bmp,0,9,3,0,17,0.4888,0.1088,0.22491,passthrough,13,13,13,13,42,13
01_12_09_03_0072.bmp,0,9,3,0,17,0.48027,0.12318,0.13445,passthrough,13,13,18,13,18,13
01_12_09_03_0079.bmp,0,9,3,0,17,0.50675,0.14565,0.1648,passthrough,11,11,18,18,11,11
01_12_09_03_0080.bmp,0,9,3,0,17,0.49862,0.12734,0.1968,passthrough,11,11,18,6,11,11
01_12_09_03_0081.bmp,0,9,3,0,17,0.49917,0.14157,0.1696,passthrough,11,11,18,11,18,11
01_12_09_03_0085.bmp,0,9,3,0,17,0.47864,0.14561,0.1296,passthrough,11,11,18,7,11,11
01_12_09_03_0088.bmp,0,9,3,0,17,0.50614,0.1227,0.19556,passthrough,11,11,18,7,18,11
01_12_09_03_0089.bmp,0,9,3,0,17,0.47522,0.1365,0.06308,stretch,7,7,26,7,28,13
01_12_09_03_0092.bmp,0,9,3,0,17,0.48438,0.14589,0.09714,passthrough,13,13,18,13,18,13
01_12_09_03_0094.bmp,0,9,3,0,17,0.46946,0.15489,0.11286,passthrough,13,13,18,18,18,13
01_12_09_03_0100.bmp,0,9,3,0,17,0.50037,0.13564,0.10658,passthrough,11,11,18,13,18,11
01_12_09_03_0102.bmp,0,9,3,0,17,0.49474,0.14141,0.08046,passthrough,13,13,18,7,42,13
01_12_09_03_0103.bmp,0,9,3,0,17,0.48708,0.1444,0.0908,passthrough,11,11,26,7,18,11
01_12_09_03_0107.bmp,0,9,3,0,17,0.47676,0.14216,0.04882,stretch,7,7,18,7,11,7
01_12_09_03_0109.bmp,0,9,3,0,17,0.47122,0.15783,0.0474,stretch,7,7,7,7,7,13
01_12_09_03_0113.bmp,0,9,3,0,17,0.47621,0.17137,0.04723,stretch,7,7,18,7,18,7
01_12_09_03_0114.bmp,0,9,3,0,17,0.49296,0.1712,0.05803,stretch,7,7,13,7,28,7
01_12_09_03_0115.bmp,0,9,3,0,17,0.47604,0.20854,0.05334,stretch,13,13,26,26,18,13
01_12_09_03_0116.bmp,0,9,3,0,17,0.45917,0.19916,0.04808,stretch,13,13,18,13,18,13
01_13_09_03_0003.bmp,0,9,3,0,13,0.58793,0.13715,0.22436,passthrough,12,12,13,12,11,12
01_13_09_03_0003.bmp,1,9,3,0,13,0.67509,0.1567,0.21833,passthrough,13,13,13,13,13,13
01_13_09_03_0005.bmp,0,9,3,0,13,0.57584,0.13933,0.28205,passthrough,12,12,11,13,11,12
01_13_09_03_0006.bmp,1,9,3,0,13,0.64868,0.18695,0.27473,passthrough,13,13,13,13,13,13
01_13_09_03_0007.bmp,0,9,3,0,13,0.56154,0.12899,0.21795,passthrough,12,12,13,13,42,12
01_13_09_03_0009.bmp,0,9,3,0,13,0.55804,0.12937,0.21795,passthrough,12,12,32,12,11,12
01_13_09_03_0010.bmp,1,9,3,0,13,0.65443,0.16973,0.25412,passthrough,13,13,13,13,13,13
01_13_09_03_0012.bmp,0,9,3,0,13,0.55136,0.10521,0.16026,clahe,11,13,13,12,11,12
01_13_09_03_0012.bmp,1,9,3,0,13,0.65275,0.1774,0.26511,passthrough,13,13,13,13,13,13
01_13_09_03_0013.bmp,0,9,3,0,13,0.55608,0.10327,0.17308,clahe,42,13,13,12,42,12
01_13_09_03_0014.bmp,0,9,3,0,13,0.5414,0.10502,0.27564,clahe,18,13,13,12,18,12
01_13_09_03_0014.bmp,1,9,3,0,13,0.64338,0.19624,0.21978,passthrough,13,13,13,13,13,13
01_13_09_03_0015.bmp,1,9,3,0,13,0.64792,0.18467,0.2294,passthrough,13,13,13,13,13,13
01_13_09_03_0016.bmp,0,9,3,0,13,0.52386,0.09722,0.23718,clahe,11,13,13,12,11,12
01_13_09_03_0017.bmp,0,9,3,0,13,0.5317,0.07482,0.14103,clahe,42,13,13,12,42,12
01_13_09_03_0018.bmp,1,9,3,0,13,0.63935,0.19519,0.22051,passthrough,13,13,13,13,13,13
01_13_09_03_0019.bmp,1,9,3,0,13,0.6345,0.20333,0.25576,passthrough,13,13,13,13,13,13
01_13_09_03_0021.bmp,0,9,3,0,13,0.55877,0.08633,0.16026,clahe,11,11,11,12,11,12
01_13_09_03_0023.bmp,1,9,3,0,13,0.63112,0.20032,0.2525,passthrough,13,13,13,13,13,13
01_13_09_03_0024.bmp,1,9,3,0,13,0.62523,0.20197,0.24242,passthrough,13,13,13,13,13,13
01_13_09_03_0025.bmp,0,9,3,0,13,0.57303,0.11899,0.27564,passthrough,12,12,13,12,40,12
01_13_09_03_0025.bmp,1,9,3,0,13,0.62078,0.20234,0.2381,passthrough,13,13,13,13,13,13
01_13_09_03_0029.bmp,0,9,3,0,13,0.58778,0.13119,0.27564,passthrough,12,12,13,13,42,12
01_13_09_03_0031.bmp,0,9,3,0,13,0.60862,0.12764,0.17308,passthrough,12,12,11,12,11,12
01_13_09_03_0031.bmp,1,9,3,0,13,0.62337,0.20283,0.21659,passthrough,13,13,13,13,13,13
01_13_09_03_0032.bmp,0,9,3,0,13,0.60455,0.12714,0.17949,passthrough,12,12,13,12,42,12
01_13_09_03_0032.bmp,1,9,3,0,13,0.62031,0.21671,0.22304,passthrough,13,13,13,13,13,13
01_13_09_03_0033.bmp,1,9,3,0,13,0.61528,0.21554,0.19984,passthrough,13,13,13,13,13,13
01_13_09_03_0034.bmp,0,9,3,0,13,0.59005,0.16309,0.23077,passthrough,12,12,13,13,42,12
01_13_09_03_0034.bmp,1,9,3,0,13,0.62468,0.21223,0.20557,passthrough,13,13,13,13,13,13
01_13_09_03_0036.bmp,0,9,3,0,13,0.62086,0.14579,0.24359,passthrough,12,12,13,13,11,12
01_13_09_03_0036.bmp,1,9,3,0,13,0.63752,0.20426,0.19083,passthrough,13,13,13,13,13,13
01_13_09_03_0037.bmp,0,9,3,0,13,0.61953,0.17318,0.32051,passthrough,13,13,13,13,42,13
01_13_09_03_0037.bmp,1,9,3,0,13,0.64289,0.19574,0.18929,passthrough,13,13,13,13,13,13
01_13_09_03_0039.bmp,1,9,3,0,13,0.63801,0.20864,0.18022,passthrough,13,13,13,13,13,13
01_13_09_03_0041.bmp,0,9,3,0,13,0.60615,0.16369,0.21842,passthrough,13,13,13,13,11,13
01_13_09_03_0041.bmp,1,9,3,0,13,0.6352,0.2106,0.18537,passthrough,13,13,13,13,13,13
01_13_09_03_0043.bmp,0,9,3,0,13,0.60749,0.15548,0.23947,passthrough,13,13,13,12,40,13
01_13_09_03_0043.bmp,1,9,3,0,13,0.61555,0.22674,0.18095,passthrough,13,13,13,13,13,13
01_13_09_03_0044.bmp,0,9,3,0,13,0.61711,0.14921,0.21053,passthrough,13,13,13,40,40,13
01_13_09_03_0048.bmp,0,9,3,0,13,0.59775,0.16,0.17063,passthrough,13,13,13,40,12,13
01_13_09_03_0048.bmp,1,9,3,0,13,0.6155,0.21314,0.1558,passthrough,13,13,13,13,13,13
01_13_09_03_0049.bmp,0,9,3,0,13,0.60097,0.16648,0.18651,passthrough,13,13,13,40,40,13
01_13_09_03_0052.bmp,0,9,3,0,13,0.60311,0.16683,0.22286,passthrough,13,13,13,13,13,13
01_13_09_03_0054.bmp,1,9,3,0,13,0.60416,0.22401,0.18256,passthrough,13,13,13,13,13,13
01_13_09_03_0055.bmp,1,9,3,0,13,0.61246,0.22092,0.19456,passthrough,13,13,13,13,13,13
01_13_09_03_0057.bmp,1,9,3,0,13,0.61147,0.2056,0.17243,passthrough,13,13,13,13,13,13
01_13_09_03_0058.bmp,0,9,3,0,13,0.59679,0.16921,0.21143,passthrough,13,13,13,13,12,13
01_13_09_03_0058.bmp,1,9,3,0,13,0.60702,0.22251,0.18517,passthrough,13,13,13,13,13,13
01_13_09_03_0061.bmp,0,9,3,0,13,0.61,0.16652,0.168,passthrough,13,13,13,40,40,13
01_13_09_03_0062.bmp,1,9,3,0,13,0.58295,0.25743,0.12045,passthrough,13,13,13,13,13,13
01_13_09_03_0063.bmp,1,9,3,0,13,0.47841,0.0714,0.14286,clahe,11,11,11,12,11,19
01_13_09_03_0064.bmp,1,9,3,0,13,0.4739,0.0715,0.0,clahe,18,11,11,12,18,12
01_13_09_03_0067.bmp,1,9,3,0,13,0.47468,0.0569,0.0,clahe,12,18,18,12,12,12
01_13_09_03_0068.bmp,1,9,3,0,13,0.46738,0.05549,0.0,clahe,11,18,18,12,11,12
01_13_09_03_0069.bmp,1,9,3,0,13,0.43737,0.11856,0.1369,passthrough,12,12,11,12,18,12
01_13_09_03_0072.bmp,1,9,3,0,13,0.4507,0.05867,0.0,clahe,18,18,18,12,18,19
01_13_09_03_0073.bmp,1,9,3,0,13,0.48177,0.07103,0.0,clahe,12,12,12,12,12,12
01_13_09_03_0074.bmp,1,9,3,0,13,0.45364,0.09545,0.1131,clahe,18,18,18,12,18,12
01_13_09_03_0075.bmp,0,9,3,0,13,0.62563,0.16782,0.22807,passthrough,13,13,13,13,13,13
01_13_09_03_0076.bmp,1,9,3,0,13,0.47001,0.09932,0.07143,clahe,12,18,18,12,12,12
01_13_09_03_0077.bmp,1,9,3,0,13,0.46263,0.10262,0.05357,clahe,18,32,32,12,18,12
01_13_09_03_0078.bmp,1,9,3,0,13,0.47708,0.07698,0.07143,clahe,11,32,32,12,11,12
01_13_09_03_0081.bmp,0,9,3,0,13,0.65725,0.13786,0.16018,passthrough,13,13,13,13,13,13
01_13_09_03_0083.bmp,0,9,3,0,13,0.64375,0.15516,0.14202,passthrough,13,13,13,13,13,13
01_13_09_03_0084.bmp,0,9,3,0,13,0.64304,0.15671,0.12713,passthrough,13,13,13,13,13,13
01_13_09_03_0085.bmp,0,9,3,0,13,0.65037,0.14695,0.14323,passthrough,13,13,13,13,13,13
01_13_09_03_0088.bmp,0,9,3,0,13,0.65021,0.14658,0.08807,passthrough,13,13,13,13,13,13
01_13_09_03_0093.bmp,0,9,3,0,13,0.63847,0.16488,0.06923,stretch,13,13,13,13,13,13
01_13_09_03_0093.bmp,1,9,3,0,13,0.49242,0.09968,0.14706,clahe,11,11,11,12,11,12
01_13_09_03_0095.bmp,1,9,3,0,13,0.5276,0.08146,0.0,clahe,18,32,32,12,18,12
01_13_09_03_0097.bmp,0,9,3,0,13,0.63728,0.1608,0.11706,passthrough,13,13,13,13,13,13
01_13_09_03_0097.bmp,1,9,3,0,13,0.49644,0.09559,0.21008,clahe,18,11,11,11,18,12
01_13_09_03_0098.bmp,1,9,3,0,13,0.52394,0.10194,0.04706,clahe,11,12,12,12,11,12
01_13_09_03_0099.bmp,0,9,3,0,13,0.63618,0.16127,0.11179,passthrough,13,13,13,18,18,13
01_13_09_03_0100.bmp,1,9,3,0,13,0.52017,0.08943,0.04044,clahe,11,13,13,12,11,12
01_13_09_03_0101.bmp,1,9,3,0,13,0.54139,0.07835,0.08456,clahe,11,11,11,12,11,12
01_13_09_03_0102.bmp,1,9,3,0,13,0.51968,0.11033,0.13542,passthrough,12,12,11,12,11,12
01_13_09_03_0105.bmp,0,9,3,0,13,0.62883,0.1735,0.13591,passthrough,13,13,13,13,13,13
01_13_09_03_0106.bmp,0,9,3,0,13,0.62461,0.18077,0.13114,passthrough,13,13,13,13,13,13
01_13_09_03_0108.bmp,1,9,3,0,13,0.54232,0.14843,0.11594,passthrough,12,12,18,12,18,12
01_13_09_03_0109.bmp,1,9,3,0,13,0.54504,0.11977,0.18435,passthrough,12,12,18,11,18,12
01_13_09_03_0110.bmp,0,9,3,0,13,0.59317,0.19049,0.10493,passthrough,13,13,13,13,13,13
01_13_09_03_0111.bmp,0,9,3,0,13,0.57886,0.19456,0.13115,passthrough,13,13,13,40,40,13
01_13_09_03_0111.bmp,1,9,3,0,13,0.51294,0.10688,0.15909,passthrough,11,11,18,11,18,11
01_13_09_03_0114.bmp,0,9,3,0,13,0.42035,0.09338,0.24026,clahe,11,11,11,12,11,12
01_13_09_03_0116.bmp,1,9,3,0,13,0.544,0.13634,0.11285,passthrough,12,12,13,10,18,12
01_13_09_03_0117.bmp,1,9,3,0,13,0.55488,0.1337,0.10938,passthrough,12,12,18,12,18,12
01_13_09_03_0120.bmp,0,9,3,0,13,0.4148,0.12267,0.21538,passthrough,12,12,1,12,11,12
01_13_09_03_0122.bmp,0,9,3,0,13,0.40372,0.13338,0.10662,passthrough,32,32,11,32,11,32
01_13_09_03_0124.bmp,1,9,3,0,13,0.53103,0.15826,0.24829,passthrough,12,12,18,11,28,12
01_13_09_03_0125.bmp,1,9,3,0,13,0.53087,0.13805,0.12372,passthrough,12,12,18,12,18,12
01_13_09_03_0126.bmp,0,9,3,0,13,0.36609,0.12054,0.13017,passthrough,12,12,13,12,18,12
01_13_09_03_0128.bmp,0,9,3,0,13,0.36947,0.10031,0.09913,clahe,11,13,13,13,11,13
01_13_09_03_0130.bmp,0,9,3,0,13,0.383,0.099,0.16,clahe,18,18,18,10,18,32
01_13_09_03_0130.bmp,1,9,3,0,13,0.52856,0.13581,0.14943,passthrough,11,11,18,11,18,11
01_13_09_03_0132.bmp,1,9,3,0,13,0.52846,0.12613,0.08542,passthrough,11,11,18,12,28,11
01_13_09_03_0133.bmp,1,9,3,0,13,0.5187,0.14329,0.11621,passthrough,12,12,18,12,28,12
01_13_09_03_0134.bmp,1,9,3,0,13,0.53225,0.12397,0.10181,passthrough,12,12,18,12,18,12
01_13_09_03_0136.bmp,1,9,3,0,13,0.5278,0.14245,0.16934,passthrough,13,13,18,1,28,13
01_13_09_03_0137.bmp,0,9,3,0,13,0.38056,0.10893,0.07837,passthrough,12,12,13,12,18,12
01_13_09_03_0141.bmp,1,9,3,0,13,0.53563,0.12483,0.08016,passthrough,12,12,13,12,18,12
01_13_09_03_0143.bmp,1,9,3,0,13,0.54082,0.10277,0.12229,clahe,18,18,18,12,18,12
01_13_09_03_0144.bmp,0,9,3,0,13,0.35662,0.11958,0.08138,passthrough,13,13,13,13,13,13
01_13_09_03_0146.bmp,1,9,3,0,13,0.53667,0.12041,0.09443,passthrough,12,12,18,12,1,12
01_13_09_03_0147.bmp,0,9,3,0,13,0.36813,0.11255,0.05768,passthrough,13,13,18,13,18,13
01_13_09_03_0148.bmp,1,9,3,0,13,0.53232,0.12365,0.10139,passthrough,12,12,18,12,1,12
01_13_09_03_0149.bmp,1,9,3,0,13,0.54245,0.12337,0.08718,passthrough,12,12,13,12,28,12
01_13_09_03_0150.bmp,0,9,3,0,13,0.36666,0.13013,0.06571,passthrough,13,13,13,13,13,13
01_13_09_03_0153.bmp,0,9,3,0,13,0.35867,0.14413,0.08,passthrough,13,13,13,13,13,13
01_13_09_03_0154.bmp,0,9,3,0,13,0.36749,0.13373,0.06338,passthrough,13,13,13,13,13,13
01_13_09_03_0156.bmp,0,9,3,0,13,0.36794,0.13573,0.06568,passthrough,13,13,13,13,18,13
01_13_09_03_0157.bmp,0,9,3,0,13,0.362,0.14423,0.05505,passthrough,13,13,13,13,13,13
01_13_09_03_0158.bmp,0,9,3,0,13,0.366,0.14473,0.07824,passthrough,13,13,13,13,18,13
01_13_09_03_0158.bmp,1,9,3,0,13,0.54927,0.13428,0.1626,passthrough,12,12,24,11,28,12
01_13_09_03_0160.bmp,1,9,3,0,13,0.55675,0.12273,0.10847,passthrough,12,12,18,12,18,12
01_13_09_03_0161.bmp,0,9,3,0,13,0.37558,0.16432,0.103,passthrough,13,13,13,13,18,13
01_13_09_03_0163.bmp,0,9,3,0,13,0.38517,0.17079,0.06406,passthrough,13,13,13,13,18,13
01_13_09_03_0166.bmp,0,9,3,0,13,0.38903,0.20242,0.10141,passthrough,13,13,13,13,18,13
01_13_09_03_0170.bmp,0,9,3,0,13,0.41215,0.07254,0.0,clahe,11,13,13,12,11,12
01_13_09_03_0172.bmp,0,9,3,0,13,0.45146,0.10051,0.12879,clahe,11,13,13,12,11,12
01_13_09_03_0172.bmp,1,9,3,0,13,0.5682,0.12401,0.16401,passthrough,18,18,18,1,12,18
01_13_09_03_0173.bmp,1,9,3,0,13,0.54666,0.11442,0.12237,passthrough,13,13,18,1,18,13
01_13_09_03_0174.bmp,0,9,3,0,13,0.43832,0.07782,0.0,clahe,11,35,35,12,11,12
01_13_09_03_0174.bmp,1,9,3,0,13,0.51855,0.0903,0.09006,clahe,1,13,13,12,1,12
01_13_09_03_0175.bmp,0,9,3,0,13,0.42579,0.07691,0.0,clahe,11,32,32,12,11,19
01_13_09_03_0175.bmp,1,9,3,0,13,0.5339,0.12526,0.17636,passthrough,13,13,7,1,1,13
01_13_09_03_0176.bmp,1,9,3,0,13,0.56174,0.12194,0.20269,passthrough,12,12,13,1,40,12
01_13_09_03_0178.bmp,0,9,3,0,13,0.46515,0.06213,0.0,clahe,11,13,13,19,11,19
01_13_09_03_0178.bmp,1,9,3,0,13,0.57553,0.10289,0.0928,clahe,12,13,13,12,12,12
01_13_09_03_0179.bmp,0,9,3,0,13,0.42989,0.06184,0.0,clahe,11,13,13,13,11,12
01_13_09_03_0180.bmp,0,9,3,0,13,0.41993,0.06325,0.0,clahe,42,13,13,12,42,12
01_13_09_03_0181.bmp,1,9,3,0,13,0.56937,0.13125,0.21429,passthrough,12,12,13,12,40,12
01_13_09_03_0182.bmp,0,9,3,0,13,0.41191,0.06087,0.0,clahe,11,13,13,12,11,12
01_13_09_03_0185.bmp,1,9,3,0,13,0.57978,0.11107,0.09829,passthrough,12,12,13,12,18,12
01_13_09_03_0186.bmp,1,9,3,0,13,0.57928,0.11445,0.08364,passthrough,12,12,13,12,12,12
01_13_09_03_0188.bmp,1,9,3,0,13,0.59012,0.11233,0.116,passthrough,12,12,13,12,12,12
01_13_09_03_0189.bmp,1,9,3,0,13,0.57582,0.12243,0.17277,passthrough,12,12,13,12,13,12
01_13_09_03_0191.bmp,0,9,3,0,13,0.40995,0.08546,0.0,clahe,42,32,32,12,42,12
01_13_09_03_0192.bmp,1,9,3,0,13,0.57207,0.13308,0.1514,passthrough,12,12,13,40,40,12
01_13_09_03_0193.bmp,1,9,3,0,13,0.57095,0.13949,0.1685,passthrough,13,13,18,1,12,13
01_13_09_03_0194.bmp,0,9,3,0,13,0.47983,0.11097,0.06818,stretch,12,12,13,12,11,12
01_13_09_03_0196.bmp,0,9,3,0,13,0.41841,0.08064,0.0,clahe,12,13,13,12,12,12
01_13_09_03_0197.bmp,0,9,3,0,13,0.42987,0.08311,0.0,clahe,11,13,13,13,11,12
01_13_09_03_0198.bmp,0,9,3,0,13,0.41015,0.12006,0.2381,passthrough,12,12,13,13,11,12
01_13_09_03_0200.bmp,1,9,3,0,13,0.58968,0.11691,0.17521,passthrough,12,12,13,12,20,12
01_13_09_03_0201.bmp,0,9,3,0,13,0.39328,0.10959,0.20833,passthrough,12,12,13,12,11,12
01_13_09_03_0202.bmp,0,9,3,0,13,0.41408,0.10529,0.07143,clahe,11,13,13,12,11,12
01_13_09_03_0203.bmp,0,9,3,0,13,0.40917,0.09953,0.23214,clahe,11,13,13,12,11,12
01_13_09_03_0204.bmp,0,9,3,0,13,0.39706,0.07979,0.08929,clahe,11,13,13,13,11,12
01_13_09_03_0204.bmp,1,9,3,0,13,0.57932,0.12084,0.12332,passthrough,13,13,24,13,12,13
01_13_09_03_0205.bmp,1,9,3,0,13,0.58167,0.13298,0.16545,passthrough,12,12,13,12,11,12
01_13_09_03_0208.bmp,1,9,3,0,13,0.58109,0.13408,0.17705,passthrough,13,13,18,12,12,13
01_13_09_03_0210.bmp,1,9,3,0,13,0.58918,0.11131,0.13126,passthrough,12,12,13,40,11,12
01_13_09_03_0211.bmp,0,9,3,0,13,0.41054,0.09284,0.17647,clahe,11,11,11,13,11,12
01_13_09_03_0212.bmp,1,9,3,0,13,0.58147,0.11224,0.09524,passthrough,12,12,13,13,12,12
01_13_09_03_0215.bmp,0,9,3,0,13,0.40001,0.09132,0.13141,clahe,13,13,13,12,13,13
01_13_09_03_0217.bmp,0,9,3,0,13,0.40824,0.11628,0.17379,passthrough,13,13,11,13,35,13
01_13_09_03_0220.bmp,1,9,3,0,13,0.58939,0.12162,0.17705,passthrough,13,13,13,13,28,13
01_13_09_03_0222.bmp,0,9,3,0,13,0.39663,0.14169,0.09914,passthrough,13,13,13,13,13,13
01_13_09_03_0223.bmp,1,9,3,0,13,0.58751,0.11168,0.09585,passthrough,12,12,13,12,40,12
01_13_09_03_0224.bmp,0,9,3,0,13,0.40735,0.12341,0.1147,passthrough,13,13,13,13,13,13
01_13_09_03_0224.bmp,1,9,3,0,13,0.57432,0.12394,0.13187,passthrough,12,12,13,12,28,12
01_13_09_03_0228.bmp,1,9,3,0,13,0.58852,0.12163,0.16911,passthrough,12,12,13,13,12,12
01_13_09_03_0229.bmp,1,9,3,0,13,0.59244,0.11563,0.12576,passthrough,12,12,13,40,12,12
01_13_09_03_0230.bmp,0,9,3,0,13,0.40971,0.13689,0.10461,passthrough,13,13,13,13,18,13
01_13_09_03_0231.bmp,1,9,3,0,13,0.6058,0.12567,0.14225,passthrough,12,12,13,40,40,12
01_13_09_03_0232.bmp,0,9,3,0,13,0.4064,0.13448,0.10182,passthrough,13,13,13,13,18,13
01_13_09_03_0232.bmp,1,9,3,0,13,0.61213,0.12995,0.15629,passthrough,12,12,13,40,40,12
01_13_09_03_0234.bmp,1,9,3,0,13,0.60638,0.14719,0.18559,passthrough,13,13,13,13,11,13
01_13_09_03_0235.bmp,1,9,3,0,13,0.60874,0.13501,0.15751,passthrough,12,12,13,12,40,12
01_13_09_03_0236.bmp,0,9,3,0,13,0.42796,0.1615,0.11744,passthrough,13,13,13,13,13,13
01_13_09_03_0237.bmp,0,9,3,0,13,0.45522,0.16208,0.14788,passthrough,13,13,13,13,18,13
01_13_09_03_0239.bmp,1,9,3,0,13,0.59571,0.13477,0.14774,passthrough,13,13,13,12,40,13
01_13_09_03_0240.bmp,0,9,3,0,13,0.47136,0.20217,0.17908,passthrough,13,13,13,13,28,13
01_13_09_03_0241.bmp,1,9,3,0,13,0.59207,0.16465,0.19902,passthrough,13,13,13,13,13,13
01_13_09_03_0245.bmp,1,9,3,0,13,0.59202,0.13536,0.15507,passthrough,13,13,13,13,12,13
01_13_09_03_0246.bmp,1,9,3,0,13,0.59058,0.13082,0.1685,passthrough,12,12,13,12,12,12
01_13_09_03_0247.bmp,0,9,3,0,13,0.47269,0.15233,0.12777,passthrough,13,13,13,13,1,13
01_13_09_03_0247.bmp,1,9,3,0,13,0.59062,0.14033,0.22833,passthrough,12,12,13,12,2,12
01_13_09_03_0248.bmp,0,9,3,0,13,0.4651,0.15229,0.09729,passthrough,13,13,13,13,13,13
01_13_09_03_0249.bmp,0,9,3,0,13,0.47786,0.14287,0.08864,passthrough,13,13,13,13,13,13
01_13_09_03_0250.bmp,0,9,3,0,13,0.4798,0.16191,0.13184,passthrough,13,13,13,13,13,13
01_13_09_03_0250.bmp,1,9,3,0,13,0.59324,0.12973,0.14225,passthrough,12,12,13,12,13,12
01_13_09_03_0252.bmp,1,9,3,0,13,0.59921,0.11778,0.08059,passthrough,12,12,13,12,12,12
01_13_09_03_0253.bmp,0,9,3,0,13,0.48918,0.16601,0.13737,passthrough,13,13,13,13,13,13
01_13_09_03_0256.bmp,0,9,3,0,13,0.4807,0.15211,0.10886,passthrough,13,13,13,13,13,13
01_13_09_03_0256.bmp,1,9,3,0,13,0.5917,0.13497,0.17277,passthrough,13,13,13,12,13,13
01_13_09_03_0257.bmp,0,9,3,0,13,0.47517,0.15584,0.11464,passthrough,13,13,13,13,13,13
01_13_09_03_0257.bmp,1,9,3,0,13,0.59401,0.13078,0.17155,passthrough,12,12,18,12,12,12
01_13_09_03_0260.bmp,0,9,3,0,13,0.47989,0.14409,0.08931,passthrough,13,13,13,13,28,13
01_13_09_03_0261.bmp,0,9,3,0,13,0.47109,0.13985,0.07473,passthrough,13,13,13,13,13,13
01_13_09_03_0262.bmp,1,9,3,0,13,0.59398,0.12569,0.12332,passthrough,12,12,18,40,18,12
01_13_09_03_0263.bmp,0,9,3,0,13,0.46894,0.15596,0.10146,passthrough,13,13,13,13,13,13
01_13_09_03_0271.bmp,0,9,3,0,13,0.58762,0.12589,0.12882,passthrough,12,12,13,12,40,12
01_13_09_03_0272.bmp,0,9,3,0,13,0.58996,0.13377,0.14896,passthrough,12,12,13,12,40,12
01_13_09_03_0273.bmp,0,9,3,0,13,0.59559,0.1242,0.21795,passthrough,12,12,13,40,12,12
01_13_09_03_0274.bmp,0,9,3,0,13,0.60023,0.12236,0.16545,passthrough,12,12,13,12,18,12
01_13_09_03_0277.bmp,0,9,3,0,13,0.58646,0.13383,0.16728,passthrough,13,13,13,12,18,13
01_13_09_03_0280.bmp,0,9,3,0,13,0.58624,0.13417,0.14591,passthrough,13,13,13,13,20,13
01_13_09_03_0281.bmp,0,9,3,0,13,0.59546,0.12733,0.16789,passthrough,13,13,13,1,28,13
01_13_09_03_0282.bmp,0,9,3,0,13,0.57991,0.13815,0.18742,passthrough,13,13,13,13,13,13
01_13_09_03_0285.bmp,0,9,3,0,13,0.58861,0.13732,0.18926,passthrough,13,13,13,12,18,13
01_13_09_03_0287.bmp,0,9,3,0,13,0.57997,0.14028,0.18254,passthrough,13,13,13,11,28,13
01_13_09_03_0288.bmp,0,9,3,0,13,0.59588,0.11463,0.12759,passthrough,12,12,13,12,40,12
01_13_09_03_0289.bmp,0,9,3,0,13,0.58295,0.12957,0.14286,passthrough,13,13,13,12,12,13
01_13_09_03_0293.bmp,0,9,3,0,13,0.58586,0.12485,0.16789,passthrough,12,12,13,12,13,12
01_13_09_03_0296.bmp,0,9,3,0,13,0.58063,0.13058,0.13248,passthrough,13,13,13,13,18,13
01_13_09_03_0299.bmp,0,9,3,0,13,0.5765,0.1152,0.163,passthrough,12,12,13,12,1,12
01_13_09_03_0300.bmp,0,9,3,0,13,0.57754,0.11175,0.11477,passthrough,12,12,13,12,12,12
01_13_09_03_0301.bmp,0,9,3,0,13,0.57569,0.11105,0.13858,passthrough,13,13,24,12,40,13
01_13_09_03_0303.bmp,0,9,3,0,13,0.57199,0.12322,0.14967,passthrough,13,13,24,12,28,13
01_13_09_03_0307.bmp,0,9,3,0,13,0.57872,0.10151,0.13417,clahe,12,13,13,1,12,12
01_13_09_03_0311.bmp,0,9,3,0,13,0.55712,0.12069,0.20966,passthrough,12,12,13,40,28,12
01_13_09_03_0316.bmp,0,9,3,0,13,0.56573,0.10291,0.04824,clahe,13,13,13,12,13,12
01_13_09_03_0325.bmp,0,9,3,0,13,0.58261,0.16188,0.14921,passthrough,12,12,13,12,12,12
01_13_09_03_0331.bmp,0,9,3,0,13,0.59243,0.1627,0.14075,passthrough,18,18,13,1,28,18
01_13_09_03_0333.bmp,0,9,3,0,13,0.59169,0.16261,0.1323,passthrough,18,18,13,12,28,18
01_13_09_03_0334.bmp,0,9,3,0,13,0.59901,0.16034,0.08806,passthrough,18,18,13,12,18,18
01_13_09_03_0336.bmp,0,9,3,0,13,0.59429,0.17214,0.19297,passthrough,18,18,13,12,28,18
01_13_09_03_0337.bmp,0,9,3,0,13,0.60561,0.17874,0.21937,passthrough,18,18,18,12,28,18
01_13_09_03_0338.bmp,0,9,3,0,13,0.60485,0.19258,0.21788,passthrough,13,13,20,12,20,13
01_13_09_03_0341.bmp,0,9,3,0,13,0.63356,0.16521,0.17373,passthrough,13,13,13,13,11,13
01_13_09_03_0343.bmp,0,9,3,0,13,0.6283,0.16986,0.2235,passthrough,13,13,40,40,13,13
01_13_09_03_0344.bmp,0,9,3,0,13,0.6397,0.16699,0.19706,passthrough,13,13,13,40,20,13
01_13_09_03_0348.bmp,0,9,3,0,13,0.62617,0.18614,0.19917,passthrough,13,13,13,40,25,13
01_13_09_03_0350.bmp,0,9,3,0,13,0.62085,0.18414,0.16395,passthrough,13,13,13,40,13,13
01_13_09_03_0352.bmp,0,9,3,0,13,0.59744,0.16807,0.15625,passthrough,12,12,13,40,11,12
01_13_09_03_0353.bmp,0,9,3,0,13,0.57965,0.16253,0.13003,passthrough,13,13,13,40,13,13
01_13_09_03_0354.bmp,0,9,3,0,13,0.56164,0.15439,0.12047,passthrough,12,12,13,13,18,12
01_13_09_03_0357.bmp,0,9,3,0,13,0.49307,0.14996,0.21424,passthrough,13,13,7,13,7,13
01_13_09_03_0358.bmp,0,9,3,0,13,0.4877,0.16881,0.14441,passthrough,13,13,7,7,13,13
01_13_09_03_0359.bmp,0,9,3,0,13,0.47406,0.19776,0.14203,passthrough,13,13,13,13,28,13
01_13_09_03_0365.bmp,0,9,3,0,13,0.46328,0.21307,0.0902,passthrough,13,13,13,13,24,13
01_13_09_03_0371.bmp,0,9,3,0,13,0.43726,0.19469,0.08381,passthrough,13,13,13,13,24,13
01_13_09_03_0373.bmp,0,9,3,0,13,0.43331,0.18265,0.10254,passthrough,13,13,13,13,18,13
01_13_09_03_0382.bmp,0,9,3,0,13,0.48505,0.20791,0.11747,passthrough,13,13,13,13,13,13
01_13_09_03_0384.bmp,0,9,3,0,13,0.48662,0.18177,0.0729,passthrough,13,13,13,13,11,13
01_13_09_03_0385.bmp,0,9,3,0,13,0.4801,0.20287,0.11802,passthrough,13,13,13,13,13,13
01_13_09_03_0386.bmp,0,9,3,0,13,0.48465,0.14036,0.28926,passthrough,12,12,32,12,11,12
01_13_09_03_0387.bmp,0,9,3,0,13,0.48277,0.0737,0.10744,clahe,11,32,32,12,11,12
01_13_09_03_0389.bmp,0,9,3,0,13,0.46213,0.09167,0.2314,clahe,11,32,32,12,11,12
01_13_09_03_0391.bmp,0,9,3,0,13,0.50426,0.11884,0.19008,passthrough,12,12,12,12,11,12
01_13_09_03_0398.bmp,0,9,3,0,13,0.49376,0.11933,0.28099,passthrough,12,12,13,12,42,12
01_13_09_03_0402.bmp,0,9,3,0,13,0.47924,0.1304,0.26446,passthrough,12,12,13,10,42,12
01_13_09_03_0404.bmp,0,9,3,0,13,0.48271,0.12496,0.24793,passthrough,12,12,13,12,42,12
01_13_09_03_0408.bmp,0,9,3,0,13,0.48099,0.09628,0.28099,clahe,11,13,13,12,11,12
01_13_09_03_0413.bmp,0,9,3,0,13,0.47966,0.13999,0.2562,passthrough,12,12,13,12,12,12
01_13_09_03_0414.bmp,0,9,3,0,13,0.48585,0.10038,0.26446,clahe,11,13,13,13,11,12
01_13_09_03_0415.bmp,0,9,3,0,13,0.46394,0.13867,0.24793,passthrough,12,12,13,12,42,12
01_13_09_03_0419.bmp,0,9,3,0,13,0.47568,0.147,0.28099,passthrough,12,12,13,12,11,12
01_13_09_03_0421.bmp,0,9,3,0,13,0.47062,0.12236,0.24793,passthrough,12,12,13,13,11,12
01_13_09_03_0422.bmp,0,9,3,0,13,0.52403,0.11743,0.26446,passthrough,12,12,13,12,11,12
01_13_09_03_0423.bmp,0,9,3,0,13,0.48692,0.11798,0.28926,passthrough,12,12,13,12,42,12
01_13_09_03_0424.bmp,0,9,3,0,13,0.49616,0.15337,0.23967,passthrough,12,12,13,12,11,12
01_13_09_03_0429.bmp,0,9,3,0,13,0.51601,0.15703,0.26374,passthrough,12,12,13,12,12,12
01_13_09_03_0430.bmp,0,9,3,0,13,0.50461,0.145,0.1978,passthrough,12,12,40,13,13,12
01_13_09_03_0434.bmp,0,9,3,0,13,0.45602,0.17501,0.20952,passthrough,13,13,13,13,1,13
01_13_09_03_0435.bmp,0,9,3,0,13,0.50131,0.11812,0.20952,passthrough,12,12,13,13,42,12
01_13_09_03_0438.bmp,0,9,3,0,13,0.49395,0.11639,0.21429,passthrough,12,12,13,13,18,12
01_13_09_03_0441.bmp,0,9,3,0,13,0.47599,0.12994,0.23162,passthrough,13,13,13,13,11,13
01_13_09_03_0442.bmp,0,9,3,0,13,0.45848,0.15891,0.17361,passthrough,13,13,35,13,13,13
01_13_09_03_0443.bmp,0,9,3,0,13,0.47052,0.17114,0.21528,passthrough,12,12,13,13,11,12
01_13_09_03_0444.bmp,0,9,3,0,13,0.46068,0.14953,0.22059,passthrough,13,13,13,13,11,13
01_13_09_03_0448.bmp,0,9,3,0,13,0.46467,0.14891,0.17361,passthrough,12,12,13,13,13,12
01_13_09_03_0449.bmp,0,9,3,0,13,0.46746,0.13745,0.17028,passthrough,13,13,13,13,11,13
01_13_09_03_0456.bmp,0,9,3,0,13,0.46727,0.14405,0.20779,passthrough,12,12,40,13,12,12
01_13_09_03_0458.bmp,0,9,3,0,13,0.50064,0.13631,0.17174,passthrough,13,13,13,13,11,13
01_13_09_03_0461.bmp,0,9,3,0,13,0.50639,0.14165,0.12826,passthrough,13,13,13,13,40,13
01_13_09_03_0463.bmp,0,9,3,0,13,0.50308,0.17938,0.16601,passthrough,13,13,13,13,13,13
01_13_09_03_0468.bmp,0,9,3,0,13,0.51754,0.19325,0.10302,passthrough,13,13,13,13,13,13
01_13_09_03_0471.bmp,0,9,3,0,13,0.52785,0.17129,0.15057,passthrough,13,13,13,13,40,13
01_13_09_03_0475.bmp,0,9,3,0,13,0.50466,0.15272,0.11513,passthrough,13,13,13,13,13,13
01_13_09_03_0477.bmp,0,9,3,0,13,0.49332,0.16481,0.1517,passthrough,13,13,13,13,18,13
01_13_09_03_0479.bmp,0,9,3,0,13,0.47382,0.16169,0.16612,passthrough,13,13,13,13,1,13
01_13_09_03_0481.bmp,0,9,3,0,13,0.46568,0.15992,0.12003,passthrough,13,13,13,13,13,13
01_13_09_03_0484.bmp,0,9,3,0,13,0.45602,0.12736,0.11646,passthrough,13,13,13,13,18,13
01_13_09_03_0486.bmp,0,9,3,0,13,0.45134,0.1223,0.08273,passthrough,13,13,13,13,40,13
01_13_09_03_0489.bmp,0,9,3,0,13,0.46247,0.13217,0.11754,passthrough,13,13,13,13,18,13
01_13_09_03_0491.bmp,0,9,3,0,13,0.47099,0.13462,0.11111,passthrough,13,13,13,13,40,13
01_13_09_03_0492.bmp,0,9,3,0,13,0.46442,0.14921,0.12278,passthrough,13,13,13,13,13,13
01_13_09_03_0494.bmp,0,9,3,0,13,0.45961,0.14445,0.12184,passthrough,13,13,13,13,18,13
01_13_09_03_0501.bmp,0,9,3,0,13,0.45465,0.13611,0.09524,passthrough,13,13,13,13,13,13
01_13_09_03_0504.bmp,0,9,3,0,13,0.46045,0.12419,0.06327,stretch,13,13,13,13,13,13
01_13_09_03_0507.bmp,0,9,3,0,13,0.46677,0.12666,0.07852,passthrough,13,13,13,13,13,13
01_13_09_03_0511.bmp,0,9,3,0,13,0.47012,0.12769,0.06419,stretch,13,13,13,13,13,13
01_13_09_03_0513.bmp,0,9,3,0,13,0.46838,0.12635,0.05575,stretch,13,13,13,13,13,13
01_13_09_03_0515.bmp,0,9,3,0,13,0.42738,0.12128,0.04086,stretch,13,13,13,13,13,13
01_13_09_03_0516.bmp,0,9,3,0,13,0.47967,0.08862,0.16084,clahe,42,32,32,12,42,32
01_13_09_03_0517.bmp,0,9,3,0,13,0.48526,0.07894,0.25175,clahe,42,13,13,12,42,12
01_13_09_03_0519.bmp,0,9,3,0,13,0.51172,0.10162,0.09091,clahe,12,18,18,12,12,12
01_13_09_03_0521.bmp,0,9,3,0,13,0.51348,0.08226,0.04895,clahe,11,32,32,12,11,12
01_13_09_03_0525.bmp,0,9,3,0,13,0.49303,0.11176,0.12171,passthrough,12,12,13,12,12,12
01_13_09_03_0526.bmp,0,9,3,0,13,0.4993,0.0746,0.0979,clahe,11,11,11,10,11,12
01_13_09_03_0527.bmp,0,9,3,0,13,0.52776,0.1104,0.0,stretch,12,12,13,12,13,12
01_13_09_03_0530.bmp,0,9,3,0,13,0.49077,0.09344,0.0,clahe,11,32,32,12,11,19
01_13_09_03_0535.bmp,0,9,3,0,13,0.56714,0.10593,0.12153,clahe,1,12,12,12,1,12
01_13_09_03_0540.bmp,0,9,3,0,13,0.46678,0.09148,0.25874,clahe,11,32,32,12,11,12
01_13_09_03_0542.bmp,0,9,3,0,13,0.48669,0.09312,0.18881,clahe,11,32,32,12,11,12
01_13_09_03_0544.bmp,0,9,3,0,13,0.42128,0.1179,0.21678,passthrough,32,32,32,13,11,32
01_13_09_03_0545.bmp,0,9,3,0,13,0.56416,0.10634,0.22917,passthrough,12,12,12,10,11,12
01_13_09_03_0549.bmp,0,9,3,0,13,0.54506,0.08302,0.05882,clahe,12,12,12,12,12,12
01_13_09_03_0550.bmp,0,9,3,0,13,0.46735,0.11942,0.11888,passthrough,12,12,32,12,42,12
01_13_09_03_0557.bmp,0,9,3,0,13,0.55078,0.08954,0.04167,clahe,12,18,18,12,12,12
01_13_09_03_0558.bmp,0,9,3,0,13,0.45891,0.08091,0.23077,clahe,42,11,11,12,42,12
01_13_09_03_0559.bmp,0,9,3,0,13,0.51684,0.10914,0.225,passthrough,12,12,13,12,18,12
01_13_09_03_0565.bmp,0,9,3,0,13,0.54228,0.09781,0.12169,clahe,18,13,13,12,18,12
01_13_09_03_0575.bmp,0,9,3,0,13,0.51529,0.09401,0.1175,clahe,11,13,13,12,11,12
01_13_09_03_0578.bmp,0,9,3,0,13,0.41872,0.08993,0.15837,clahe,11,35,35,13,11,12
01_13_09_03_0581.bmp,0,9,3,0,13,0.49618,0.09572,0.08442,clahe,1,18,18,12,1,12
01_13_09_03_0582.bmp,0,9,3,0,13,0.42261,0.078,0.0724,clahe,11,11,11,13,11,12
01_13_09_03_0583.bmp,0,9,3,0,13,0.50159,0.11399,0.09275,passthrough,12,12,18,12,18,12
01_13_09_03_0584.bmp,0,9,3,0,13,0.42307,0.07493,0.0,clahe,42,35,35,13,42,12
01_13_09_03_0587.bmp,0,9,3,0,13,0.48868,0.09038,0.13199,clahe,18,18,18,12,18,12
01_13_09_03_0591.bmp,0,9,3,0,13,0.47452,0.10723,0.09943,passthrough,13,13,18,12,11,13
01_13_09_03_0592.bmp,0,9,3,0,13,0.39575,0.09833,0.11765,clahe,11,32,32,32,11,32
01_13_09_03_0594.bmp,0,9,3,0,13,0.38418,0.09881,0.11146,clahe,11,11,11,13,11,12
01_13_09_03_0596.bmp,0,9,3,0,13,0.41391,0.07984,0.0,clahe,11,35,35,13,11,12
01_13_09_03_0599.bmp,0,9,3,0,13,0.49764,0.09239,0.11342,clahe,1,18,18,13,1,13
01_13_09_03_0600.bmp,0,9,3,0,13,0.49529,0.11337,0.11197,passthrough,12,12,18,12,18,12
01_13_09_03_0604.bmp,0,9,3,0,13,0.48037,0.11002,0.1655,passthrough,13,13,13,13,13,13
01_13_09_03_0605.bmp,0,9,3,0,13,0.50088,0.11531,0.1087,passthrough,12,12,18,10,18,12
01_13_09_03_0607.bmp,0,9,3,0,13,0.49348,0.10321,0.11676,clahe,18,18,18,13,18,13
01_13_09_03_0608.bmp,0,9,3,0,13,0.48211,0.10891,0.13289,passthrough,13,13,13,13,18,13
01_13_09_03_0609.bmp,0,9,3,0,13,0.4834,0.1238,0.11801,passthrough,13,13,13,12,18,13
01_13_09_03_0611.bmp,0,9,3,0,13,0.49662,0.10665,0.14702,passthrough,13,13,13,13,25,13
01_13_09_03_0613.bmp,0,9,3,0,13,0.50825,0.10603,0.11437,clahe,11,11,11,12,11,12
01_13_09_03_0615.bmp,0,9,3,0,13,0.50377,0.11312,0.06728,stretch,12,12,13,12,13,13
01_13_09_03_0616.bmp,0,9,3,0,13,0.50242,0.1201,0.09418,passthrough,13,13,13,13,11,13
01_13_09_03_0626.bmp,0,9,3,0,13,0.48974,0.16416,0.08109,passthrough,13,13,13,12,11,13
01_03_09_04_0004.bmp,0,9,4,0,9,0.52183,0.09281,0.22609,clahe,6,32,32,12,6,32
01_03_09_04_0005.bmp,0,9,4,0,9,0.52574,0.09063,0.23478,clahe,11,16,16,16,11,16
01_03_09_04_0011.bmp,0,9,4,0,9,0.50972,0.10047,0.26,clahe,11,16,16,11,11,32
01_03_09_04_0015.bmp,0,9,4,0,9,0.51936,0.08334,0.14815,clahe,11,11,11,13,11,16
01_03_09_04_0016.bmp,0,9,4,0,9,0.49417,0.0953,0.14815,clahe,42,11,11,13,42,32
01_03_09_04_0017.bmp,0,9,4,0,9,0.50613,0.10172,0.12757,clahe,42,11,11,12,42,32
01_03_09_04_0024.bmp,0,9,4,0,9,0.4926,0.10957,0.16667,passthrough,32,32,11,12,11,32
01_03_09_04_0025.bmp,0,9,4,0,9,0.49196,0.08866,0.12258,clahe,42,41,41,13,42,32
01_03_09_04_0028.bmp,0,9,4,0,9,0.46143,0.088,0.15057,clahe,11,11,11,11,11,12
01_03_09_04_0029.bmp,0,9,4,0,9,0.47731,0.10668,0.12121,passthrough,32,32,11,32,11,32
01_03_09_04_0030.bmp,0,9,4,0,9,0.45535,0.08826,0.13966,clahe,25,25,25,13,25,12
01_03_09_04_0032.bmp,0,9,4,0,9,0.42292,0.09769,0.12681,clahe,11,11,11,12,11,32
01_03_09_04_0033.bmp,0,9,4,0,9,0.42692,0.08305,0.12802,clahe,42,11,11,13,42,32
01_03_09_04_0034.bmp,0,9,4,0,9,0.4285,0.08079,0.0,clahe,42,13,13,13,42,32
01_03_09_04_0041.bmp,0,9,4,0,9,0.419,0.07545,0.0,clahe,11,13,13,13,11,12
01_03_09_04_0047.bmp,0,9,4,0,9,0.442,0.08583,0.02171,clahe,11,11,11,12,11,13
01_03_09_04_0048.bmp,0,9,4,0,9,0.42818,0.11806,0.15578,passthrough,13,13,13,13,11,13
01_03_09_04_0050.bmp,0,9,4,0,9,0.42182,0.08343,0.05481,clahe,25,25,25,40,25,13
01_03_09_04_0051.bmp,0,9,4,0,9,0.41262,0.09801,0.09044,clahe,25,25,25,40,25,13
01_03_09_04_0052.bmp,0,9,4,0,9,0.40414,0.09794,0.07801,clahe,25,40,40,40,25,13
01_03_09_04_0055.bmp,0,9,4,0,9,0.40818,0.11574,0.12073,passthrough,13,13,13,40,16,13
01_03_09_04_0057.bmp,0,9,4,0,9,0.43001,0.08389,0.06168,clahe,13,26,26,13,13,13
01_03_09_04_0058.bmp,0,9,4,0,9,0.42664,0.0955,0.09565,clahe,25,25,25,25,25,13
01_03_09_04_0059.bmp,0,9,4,0,9,0.43011,0.10181,0.06059,clahe,25,13,13,13,25,13
01_03_09_04_0064.bmp,0,9,4,0,9,0.42775,0.09042,0.07859,clahe,11,13,13,13,11,13
01_03_09_04_0071.bmp,0,9,4,0,9,0.44582,0.09169,0.06322,clahe,13,25,25,6,13,13
01_03_09_04_0072.bmp,0,9,4,0,9,0.43111,0.08661,0.05175,clahe,13,13,13,13,13,13
01_03_09_04_0074.bmp,0,9,4,0,9,0.44879,0.09388,0.11475,clahe,13,18,18,40,13,13
01_03_09_04_0075.bmp,0,9,4,0,9,0.43883,0.09738,0.06844,clahe,13,13,13,13,13,13
01_03_09_04_0076.bmp,0,9,4,0,9,0.4496,0.11645,0.05163,stretch,13,13,41,40,13,13
01_03_09_04_0077.bmp,0,9,4,0,9,0.44773,0.12171,0.10163,passthrough,13,13,13,13,13,13
01_03_09_04_0078.bmp,0,9,4,0,9,0.44468,0.10488,0.07493,clahe,11,13,13,13,11,13
01_03_09_04_0083.bmp,0,9,4,0,9,0.44636,0.11169,0.06146,stretch,13,13,13,13,25,13
01_03_09_04_0084.bmp,0,9,4,0,9,0.44155,0.10823,0.09632,passthrough,13,13,26,13,23,13
01_06_09_04_0001.bmp,1,9,4,0,14,0.58075,0.11233,0.3375,passthrough,32,32,11,13,12,32
01_06_09_04_0003.bmp,1,9,4,0,14,0.62224,0.06769,0.09167,clahe,11,18,18,12,11,12
01_06_09_04_0005.bmp,0,9,4,0,14,0.53765,0.10944,0.21451,passthrough,12,12,24,13,18,12
01_06_09_04_0005.bmp,1,9,4,0,14,0.59131,0.0641,0.0,clahe,11,32,32,13,11,31
01_06_09_04_0006.bmp,0,9,4,0,14,0.52911,0.12077,0.14039,passthrough,13,13,18,13,18,13
01_06_09_04_0006.bmp,1,9,4,0,14,0.60976,0.09843,0.1678,clahe,18,18,18,11,18,12
01_06_09_04_0007.bmp,0,9,4,0,14,0.56098,0.10922,0.1021,passthrough,18,18,1,1,18,18
01_06_09_04_0008.bmp,1,9,4,0,14,0.60464,0.0856,0.07619,clahe,13,32,32,11,13,11
01_06_09_04_0010.bmp,0,9,4,0,14,0.57581,0.0943,0.15362,clahe,18,24,24,25,18,25
01_06_09_04_0011.bmp,0,9,4,0,14,0.56756,0.09008,0.15839,clahe,18,18,18,13,18,13
01_06_09_04_0013.bmp,0,9,4,0,14,0.55909,0.10091,0.22167,clahe,24,13,13,13,24,13
01_06_09_04_0014.bmp,0,9,4,0,14,0.56017,0.08252,0.12628,clahe,18,13,13,40,18,11
01_06_09_04_0016.bmp,1,9,4,0,14,0.62182,0.08556,0.11232,clahe,18,18,18,18,18,12
01_06_09_04_0018.bmp,1,9,4,0,14,0.60874,0.10609,0.1936,clahe,18,13,13,13,18,11
01_06_09_04_0020.bmp,0,9,4,0,14,0.50835,0.0937,0.15836,clahe,18,24,24,13,18,13
01_06_09_04_0020.bmp,1,9,4,0,14,0.60408,0.10309,0.1584,clahe,18,18,18,32,18,12
01_06_09_04_0021.bmp,0,9,4,0,14,0.50505,0.09504,0.14842,clahe,13,13,13,13,13,13
01_06_09_04_0021.bmp,1,9,4,0,14,0.61885,0.07664,0.056,clahe,18,13,13,13,18,12
01_06_09_04_0022.bmp,1,9,4,0,14,0.63124,0.09848,0.0832,clahe,18,18,18,12,18,12
01_06_09_04_0023.bmp,0,9,4,0,14,0.50631,0.10108,0.16278,clahe,13,13,13,13,13,13
01_06_09_04_0023.bmp,1,9,4,0,14,0.62563,0.11703,0.11494,passthrough,12,12,35,12,18,12
01_06_09_04_0025.bmp,0,9,4,0,14,0.49869,0.09875,0.15409,clahe,24,13,13,13,24,13
01_06_09_04_0026.bmp,0,9,4,0,14,0.50543,0.10461,0.06445,clahe,18,24,24,13,18,25
01_06_09_04_0027.bmp,0,9,4,0,14,0.4847,0.11843,0.18903,passthrough,13,13,7,13,24,13
01_06_09_04_0028.bmp,0,9,4,0,14,0.48162,0.11914,0.15876,passthrough,25,25,7,40,25,25
01_06_09_04_0028.bmp,1,9,4,0,14,0.5861,0.10077,0.04335,clahe,1,1,1,1,1,18
01_06_09_04_0031.bmp,1,9,4,0,14,0.60165,0.11752,0.11005,passthrough,12,12,11,12,42,12
01_06_09_04_0032.bmp,0,9,4,0,14,0.46301,0.10802,0.14772,passthrough,13,13,24,13,18,13
01_06_09_04_0032.bmp,1,9,4,0,14,0.60171,0.09034,0.04785,clahe,11,11,11,12,11,12
01_06_09_04_0033.bmp,0,9,4,0,14,0.45513,0.12438,0.21558,passthrough,13,13,24,13,13,13
01_06_09_04_0033.bmp,1,9,4,0,14,0.61535,0.08767,0.0622,clahe,11,18,18,12,11,12
01_06_09_04_0035.bmp,0,9,4,0,14,0.46073,0.12624,0.14647,passthrough,13,13,7,13,18,13
01_06_09_04_0036.bmp,1,9,4,0,14,0.51422,0.16353,0.27727,passthrough,11,11,11,35,42,11
01_06_09_04_0038.bmp,1,9,4,0,14,0.52377,0.1393,0.03333,stretch,12,12,35,12,42,12
01_06_09_04_0040.bmp,0,9,4,0,14,0.43985,0.11983,0.13686,passthrough,13,13,13,13,25,13
01_06_09_04_0044.bmp,0,9,4,0,14,0.41982,0.09453,0.01566,clahe,13,14,14,40,13,25
01_06_09_04_0044.bmp,1,9,4,0,14,0.51986,0.07591,0.15278,clahe,18,18,18,12,18,12
01_06_09_04_0047.bmp,0,9,4,0,14,0.52397,0.09027,0.07949,clahe,11,12,12,12,11,12
01_06_09_04_0048.bmp,0,9,4,0,14,0.51908,0.09844,0.14706,clahe,18,12,12,12,18,12
01_06_09_04_0049.bmp,0,9,4,0,14,0.53078,0.07281,0.05556,clahe,11,12,12,12,11,12
01_06_09_04_0050.bmp,0,9,4,0,14,0.54298,0.0909,0.11674,clahe,18,18,18,12,18,12
01_06_09_04_0053.bmp,0,9,4,0,14,0.56026,0.09623,0.088,clahe,18,18,18,12,18,12
01_06_09_04_0054.bmp,0,9,4,0,14,0.57345,0.11104,0.12857,passthrough,11,11,18,13,18,11
01_06_09_04_0055.bmp,0,9,4,0,14,0.5688,0.10978,0.08783,passthrough,12,12,11,12,18,12
01_06_09_04_0056.bmp,0,9,4,0,14,0.57489,0.0907,0.16912,clahe,18,18,18,13,18,12
01_06_09_04_0064.bmp,0,9,4,0,14,0.54972,0.13642,0.05735,stretch,18,18,18,1,18,18
01_06_09_04_0065.bmp,0,9,4,0,14,0.5503,0.12756,0.13225,passthrough,12,12,13,12,18,12
01_06_09_04_0066.bmp,0,9,4,0,14,0.55445,0.12138,0.07433,passthrough,12,12,28,1,18,12
01_06_09_04_0067.bmp,0,9,4,0,14,0.5408,0.13546,0.08758,passthrough,18,18,7,12,18,18
01_06_09_04_0068.bmp,0,9,4,0,14,0.52189,0.14015,0.14563,passthrough,12,12,18,12,18,12
01_06_09_04_0076.bmp,0,9,4,0,14,0.48932,0.09469,0.14349,clahe,18,18,18,13,18,12
01_06_09_04_0079.bmp,0,9,4,0,14,0.4835,0.09754,0.10315,clahe,28,18,18,1,28,13
01_06_09_04_0080.bmp,0,9,4,0,14,0.45419,0.11542,0.04816,stretch,18,18,18,18,18,18
01_06_09_04_0084.bmp,0,9,4,0,14,0.4438,0.087,0.0,clahe,18,18,18,12,18,12
01_06_09_04_0085.bmp,0,9,4,0,14,0.44362,0.09419,0.07055,clahe,18,18,18,13,18,13
01_06_09_04_0088.bmp,0,9,4,0,14,0.38271,0.104,0.04143,clahe,13,24,24,13,13,13
01_11_09_04_0001.bmp,0,9,4,0,12,0.49125,0.10992,0.27751,passthrough,13,13,11,32,42,13
01_11_09_04_0006.bmp,0,9,4,0,12,0.51029,0.1202,0.311,passthrough,32,32,32,32,42,32
01_11_09_04_0010.bmp,0,9,4,0,12,0.51455,0.11027,0.36842,passthrough,12,12,35,13,42,12
01_11_09_04_0014.bmp,0,9,4,0,12,0.49508,0.09782,0.27143,clahe,11,1,1,32,11,32
01_11_09_04_0016.bmp,0,9,4,0,12,0.52204,0.10572,0.21333,clahe,11,11,11,11,11,11
01_11_09_04_0023.bmp,0,9,4,0,12,0.52043,0.0797,0.19182,clahe,11,11,11,10,11,12
01_11_09_04_0026.bmp,0,9,4,0,12,0.49802,0.09634,0.18667,clahe,11,11,11,32,11,32
01_11_09_04_0030.bmp,0,9,4,0,12,0.48881,0.11628,0.28444,passthrough,11,11,11,11,11,11
01_11_09_04_0032.bmp,0,9,4,0,12,0.47012,0.13869,0.26984,passthrough,32,32,18,32,11,32
01_11_09_04_0034.bmp,0,9,4,0,12,0.50963,0.11323,0.28395,passthrough,13,13,11,13,11,13
01_11_09_04_0036.bmp,0,9,4,0,12,0.46999,0.10849,0.16466,passthrough,32,32,1,32,11,32
01_11_09_04_0041.bmp,0,9,4,0,12,0.47969,0.10511,0.18182,clahe,11,37,37,17,11,32
01_11_09_04_0045.bmp,0,9,4,0,12,0.4631,0.11331,0.19839,passthrough,11,11,18,13,18,11
01_11_09_04_0059.bmp,0,9,4,0,12,0.45769,0.12831,0.12679,passthrough,13,13,11,13,18,13
01_11_09_04_0067.bmp,0,9,4,0,12,0.47066,0.13069,0.13013,passthrough,13,13,26,13,18,13
01_11_09_04_0068.bmp,0,9,4,0,12,0.45569,0.12982,0.13505,passthrough,13,13,28,13,18,13
01_11_09_04_0069.bmp,0,9,4,0,12,0.45528,0.1246,0.10684,passthrough,13,13,13,13,11,13
01_11_09_04_0074.bmp,0,9,4,0,12,0.45571,0.13854,0.10712,passthrough,13,13,11,13,11,13
01_12_09_04_0001.bmp,0,9,4,0,17,0.43746,0.08187,0.17172,clahe,11,13,13,12,11,13
01_12_09_04_0004.bmp,1,9,4,0,17,0.48633,0.05722,0.0,clahe,18,11,11,13,18,12
01_12_09_04_0005.bmp,0,9,4,0,17,0.4854,0.16646,0.13667,passthrough,13,13,17,13,42,13
01_12_09_04_0006.bmp,1,9,4,0,17,0.47561,0.07939,0.0,clahe,18,13,13,12,18,31
01_12_09_04_0007.bmp,0,9,4,0,17,0.46662,0.1683,0.12619,passthrough,13,13,13,13,11,13
01_12_09_04_0007.bmp,1,9,4,0,17,0.45597,0.07836,0.0,clahe,11,11,11,19,11,12
01_12_09_04_0010.bmp,1,9,4,0,17,0.47552,0.05225,0.0,clahe,11,18,18,12,11,12
01_12_09_04_0012.bmp,1,9,4,0,17,0.49201,0.05621,0.0,clahe,13,18,18,12,13,31
01_12_09_04_0013.bmp,0,9,4,0,17,0.47738,0.17756,0.24224,passthrough,11,11,18,11,18,11
01_12_09_04_0017.bmp,1,9,4,0,17,0.47986,0.05301,0.0,clahe,18,11,11,13,18,31
01_12_09_04_0018.bmp,0,9,4,0,17,0.42635,0.19276,0.12,passthrough,7,7,7,7,18,7
01_12_09_04_0020.bmp,1,9,4,0,17,0.48446,0.04313,0.0,clahe,11,11,11,12,11,12
01_12_09_04_0021.bmp,0,9,4,0,17,0.40861,0.17413,0.07024,stretch,13,13,7,13,18,13
01_12_09_04_0022.bmp,0,9,4,0,17,0.40197,0.17265,0.05619,passthrough,7,7,7,7,18,7
01_12_09_04_0024.bmp,1,9,4,0,17,0.51765,0.12041,0.08333,passthrough,12,12,18,10,11,12
01_12_09_04_0025.bmp,0,9,4,0,17,0.38237,0.19156,0.0728,passthrough,13,13,18,13,18,13
01_12_09_04_0028.bmp,0,9,4,0,17,0.47144,0.16513,0.18961,passthrough,13,13,7,13,18,13
01_12_09_04_0029.bmp,0,9,4,0,17,0.50982,0.11274,0.1312,passthrough,12,12,18,12,18,12
01_12_09_04_0029.bmp,1,9,4,0,17,0.49896,0.07042,0.08333,clahe,18,18,18,19,18,31
01_12_09_04_0033.bmp,0,9,4,0,17,0.49594,0.11949,0.15579,passthrough,13,13,18,7,18,13
01_12_09_04_0033.bmp,1,9,4,0,17,0.49578,0.07286,0.0,clahe,11,35,35,32,11,32
01_12_09_04_0034.bmp,0,9,4,0,17,0.49655,0.14539,0.16354,passthrough,13,13,18,13,18,13
01_12_09_04_0034.bmp,1,9,4,0,17,0.50312,0.07477,0.0,clahe,18,11,11,13,18,31
01_12_09_04_0038.bmp,0,9,4,0,17,0.46815,0.14712,0.25012,passthrough,13,13,24,13,13,13
01_12_09_04_0040.bmp,0,9,4,0,17,0.45075,0.15554,0.15894,passthrough,13,13,18,13,18,13
01_12_09_04_0042.bmp,0,9,4,0,17,0.41837,0.17876,0.13828,passthrough,13,13,13,13,7,13
01_12_09_04_0045.bmp,0,9,4,0,17,0.52294,0.10104,0.21212,clahe,11,18,18,32,11,31
01_12_09_04_0049.bmp,0,9,4,0,17,0.50704,0.08296,0.15909,clahe,11,1,1,25,11,19
01_12_09_04_0050.bmp,0,9,4,0,17,0.48847,0.08207,0.14394,clahe,11,17,17,13,11,31
01_12_09_04_0052.bmp,0,9,4,0,17,0.48143,0.11019,0.24242,passthrough,36,36,11,13,18,36
01_12_09_04_0056.bmp,0,9,4,0,17,0.49668,0.10658,0.25606,passthrough,32,32,18,7,11,32
01_12_09_04_0057.bmp,0,9,4,0,17,0.50058,0.09018,0.21107,clahe,11,7,7,7,11,32
01_12_09_04_0061.bmp,0,9,4,0,17,0.50267,0.0832,0.22837,clahe,11,26,26,13,11,32
01_12_09_04_0063.bmp,0,9,4,0,17,0.48401,0.10773,0.25952,passthrough,13,13,26,26,11,13
01_12_09_04_0071.bmp,0,9,4,0,17,0.48582,0.10361,0.12605,clahe,11,13,13,32,11,32
01_12_09_04_0073.bmp,0,9,4,0,17,0.50626,0.12012,0.22095,passthrough,11,11,18,13,18,11
01_12_09_04_0076.bmp,0,9,4,0,17,0.49937,0.137,0.17143,passthrough,13,13,17,7,18,13
01_12_09_04_0081.bmp,0,9,4,0,17,0.50485,0.13681,0.1504,passthrough,11,11,18,7,11,11
01_12_09_04_0082.bmp,0,9,4,0,17,0.51044,0.13725,0.1856,passthrough,11,11,18,11,11,11
01_12_09_04_0083.bmp,0,9,4,0,17,0.50822,0.13008,0.1696,passthrough,11,11,18,11,28,11
01_12_09_04_0092.bmp,0,9,4,0,17,0.49226,0.13885,0.07143,stretch,7,7,18,7,18,13
01_12_09_04_0094.bmp,0,9,4,0,17,0.47538,0.14841,0.10429,passthrough,13,13,18,26,18,13
01_12_09_04_0096.bmp,0,9,4,0,17,0.49225,0.13826,0.07429,passthrough,13,13,18,13,18,13
01_12_09_04_0101.bmp,0,9,4,0,17,0.49237,0.14517,0.11724,passthrough,13,13,18,13,28,13
01_12_09_04_0102.bmp,0,9,4,0,17,0.50065,0.1374,0.08736,passthrough,13,13,18,7,18,13
01_12_09_04_0104.bmp,0,9,4,0,17,0.47366,0.15519,0.06007,stretch,11,11,18,26,18,11
01_12_09_04_0105.bmp,0,9,4,0,17,0.4751,0.16242,0.07786,passthrough,11,11,26,11,28,11
01_12_09_04_0111.bmp,0,9,4,0,17,0.48918,0.14872,0.04973,stretch,7,7,13,7,18,11
01_13_09_04_0003.bmp,0,9,4,0,13,0.59113,0.1327,0.21795,passthrough,12,12,13,12,11,12
01_13_09_04_0003.bmp,1,9,4,0,13,0.67698,0.15021,0.23333,passthrough,13,13,13,13,13,13
01_13_09_04_0004.bmp,1,9,4,0,13,0.66807,0.15284,0.21,passthrough,13,13,13,13,13,13
01_13_09_04_0011.bmp,1,9,4,0,13,0.65918,0.16725,0.20467,passthrough,13,13,13,13,13,13
01_13_09_04_0013.bmp,0,9,4,0,13,0.56146,0.10113,0.16026,clahe,11,13,13,12,11,12
01_13_09_04_0014.bmp,1,9,4,0,13,0.64781,0.18644,0.21154,passthrough,13,13,13,13,13,13
01_13_09_04_0016.bmp,0,9,4,0,13,0.52569,0.09203,0.27564,clahe,42,13,13,12,42,12
01_13_09_04_0017.bmp,0,9,4,0,13,0.532,0.07204,0.12179,clahe,11,13,13,12,11,12
01_13_09_04_0021.bmp,0,9,4,0,13,0.56486,0.08082,0.17308,clahe,11,25,25,12,11,12
01_13_09_04_0022.bmp,0,9,4,0,13,0.5542,0.10357,0.19872,clahe,42,13,13,13,42,12
01_13_09_04_0024.bmp,0,9,4,0,13,0.56659,0.1141,0.28846,passthrough,12,12,13,12,11,12
01_13_09_04_0026.bmp,0,9,4,0,13,0.57383,0.11879,0.17949,passthrough,12,12,13,12,42,12
01_13_09_04_0026.bmp,1,9,4,0,13,0.62462,0.2015,0.21905,passthrough,13,13,13,13,13,13
01_13_09_04_0027.bmp,0,9,4,0,13,0.58052,0.12899,0.21154,passthrough,12,12,13,12,11,12
01_13_09_04_0028.bmp,0,9,4,0,13,0.56981,0.1562,0.30128,passthrough,13,13,13,13,42,13
01_13_09_04_0028.bmp,1,9,4,0,13,0.62042,0.18758,0.2092,passthrough,13,13,13,13,13,13
01_13_09_04_0032.bmp,1,9,4,0,13,0.62461,0.21023,0.24055,passthrough,13,13,13,13,13,13
01_13_09_04_0033.bmp,1,9,4,0,13,0.62117,0.20699,0.17854,passthrough,13,13,13,13,13,13
01_13_09_04_0034.bmp,0,9,4,0,13,0.595,0.15336,0.21795,passthrough,12,12,13,13,16,12
01_13_09_04_0035.bmp,0,9,4,0,13,0.62592,0.13402,0.25,passthrough,12,12,17,13,11,12
01_13_09_04_0035.bmp,1,9,4,0,13,0.62779,0.20907,0.18182,passthrough,13,13,13,13,13,13
01_13_09_04_0036.bmp,1,9,4,0,13,0.64036,0.1979,0.17854,passthrough,13,13,13,13,13,13
01_13_09_04_0037.bmp,0,9,4,0,13,0.62343,0.17048,0.33333,passthrough,13,13,11,13,42,13
01_13_09_04_0040.bmp,0,9,4,0,13,0.63653,0.15655,0.24359,passthrough,13,13,13,13,1,13
01_13_09_04_0040.bmp,1,9,4,0,13,0.6362,0.20554,0.20139,passthrough,13,13,13,13,13,13
01_13_09_04_0041.bmp,0,9,4,0,13,0.61298,0.15576,0.21842,passthrough,13,13,40,12,11,13
01_13_09_04_0042.bmp,0,9,4,0,13,0.60509,0.15937,0.22895,passthrough,13,13,13,40,13,13
01_13_09_04_0042.bmp,1,9,4,0,13,0.63126,0.20384,0.1554,passthrough,13,13,13,13,13,13
01_13_09_04_0044.bmp,1,9,4,0,13,0.61636,0.21749,0.1807,passthrough,13,13,13,13,13,13
01_13_09_04_0046.bmp,0,9,4,0,13,0.61215,0.16134,0.25789,passthrough,13,13,13,40,13,13
01_13_09_04_0051.bmp,0,9,4,0,13,0.60743,0.16304,0.20833,passthrough,13,13,35,40,12,13
01_13_09_04_0052.bmp,0,9,4,0,13,0.60785,0.15953,0.1981,passthrough,13,13,13,13,11,13
01_13_09_04_0054.bmp,0,9,4,0,13,0.62023,0.14207,0.17333,passthrough,13,13,13,13,13,13
01_13_09_04_0055.bmp,0,9,4,0,13,0.61124,0.15388,0.13714,passthrough,13,13,13,13,18,13
01_13_09_04_0056.bmp,0,9,4,0,13,0.60748,0.1582,0.19048,passthrough,13,13,13,40,1,13
01_13_09_04_0057.bmp,1,9,4,0,13,0.61452,0.19934,0.16891,passthrough,13,13,13,13,13,13
01_13_09_04_0058.bmp,0,9,4,0,13,0.60655,0.15523,0.21143,passthrough,13,13,13,13,12,13
01_13_09_04_0059.bmp,0,9,4,0,13,0.60676,0.15018,0.12,passthrough,13,13,13,13,40,13
01_13_09_04_0060.bmp,0,9,4,0,13,0.59563,0.16978,0.1181,passthrough,13,13,13,13,40,13
01_13_09_04_0060.bmp,1,9,4,0,13,0.59951,0.22368,0.13183,passthrough,13,13,13,13,13,13
01_13_09_04_0061.bmp,1,9,4,0,13,0.59502,0.21682,0.17587,passthrough,13,13,13,13,13,13
01_13_09_04_0063.bmp,1,9,4,0,13,0.48945,0.06737,0.14286,clahe,11,18,18,12,11,19
01_13_09_04_0066.bmp,1,9,4,0,13,0.44568,0.06352,0.0,clahe,18,18,18,12,18,12
01_13_09_04_0067.bmp,1,9,4,0,13,0.48621,0.06106,0.0,clahe,11,18,18,12,11,12
01_13_09_04_0068.bmp,1,9,4,0,13,0.47847,0.06168,0.0,clahe,18,18,18,12,18,12
01_13_09_04_0069.bmp,1,9,4,0,13,0.45329,0.10579,0.0,clahe,18,11,11,12,18,12
01_13_09_04_0072.bmp,0,9,4,0,13,0.63462,0.17663,0.21485,passthrough,13,13,13,13,40,13
01_13_09_04_0072.bmp,1,9,4,0,13,0.45971,0.05288,0.0,clahe,11,18,18,19,11,19
01_13_09_04_0073.bmp,0,9,4,0,13,0.64368,0.15657,0.14304,passthrough,13,13,13,13,40,13
01_13_09_04_0073.bmp,1,9,4,0,13,0.49657,0.06369,0.0,clahe,18,12,12,31,18,12
01_13_09_04_0074.bmp,0,9,4,0,13,0.64315,0.15894,0.1713,passthrough,13,13,13,13,13,13
01_13_09_04_0076.bmp,0,9,4,0,13,0.65528,0.13259,0.16906,passthrough,13,13,13,13,13,13
01_13_09_04_0078.bmp,0,9,4,0,13,0.65625,0.14209,0.1563,passthrough,13,13,13,13,13,13
01_13_09_04_0079.bmp,0,9,4,0,13,0.65986,0.14136,0.14007,passthrough,13,13,13,13,13,13
01_13_09_04_0079.bmp,1,9,4,0,13,0.51043,0.0942,0.0,clahe,18,18,18,12,18,12
01_13_09_04_0082.bmp,1,9,4,0,13,0.54864,0.06373,0.0,clahe,18,32,32,12,18,12
01_13_09_04_0083.bmp,0,9,4,0,13,0.65046,0.14227,0.10798,passthrough,13,13,13,13,13,13
01_13_09_04_0084.bmp,0,9,4,0,13,0.64695,0.1511,0.10532,passthrough,13,13,13,13,13,13
01_13_09_04_0085.bmp,0,9,4,0,13,0.65601,0.13827,0.11936,passthrough,13,13,13,13,13,13
01_13_09_04_0087.bmp,0,9,4,0,13,0.6495,0.15461,0.15861,passthrough,13,13,13,13,13,13
01_13_09_04_0088.bmp,1,9,4,0,13,0.55064,0.07777,0.0,clahe,18,18,18,12,18,12
01_13_09_04_0089.bmp,1,9,4,0,13,0.52982,0.0656,0.0,clahe,11,11,11,12,11,12
01_13_09_04_0090.bmp,0,9,4,0,13,0.64708,0.14673,0.09026,passthrough,13,13,13,13,13,13
01_13_09_04_0090.bmp,1,9,4,0,13,0.529,0.0844,0.0,clahe,11,32,32,12,11,12
01_13_09_04_0093.bmp,0,9,4,0,13,0.64674,0.15231,0.07692,passthrough,13,13,13,13,18,13
01_13_09_04_0093.bmp,1,9,4,0,13,0.50354,0.09274,0.10924,clahe,11,11,11,12,11,12
01_13_09_04_0094.bmp,1,9,4,0,13,0.53106,0.06425,0.0,clahe,18,11,11,12,18,12
01_13_09_04_0095.bmp,0,9,4,0,13,0.65196,0.14285,0.08121,passthrough,13,13,13,13,18,13
01_13_09_04_0098.bmp,1,9,4,0,13,0.53393,0.10171,0.0,clahe,11,11,11,12,11,12
01_13_09_04_0099.bmp,1,9,4,0,13,0.54341,0.08588,0.03529,clahe,18,18,18,12,18,12
01_13_09_04_0100.bmp,0,9,4,0,13,0.64801,0.14822,0.10192,passthrough,13,13,13,13,13,13
01_13_09_04_0101.bmp,0,9,4,0,13,0.64263,0.14895,0.11639,passthrough,13,13,13,13,13,13
01_13_09_04_0101.bmp,1,9,4,0,13,0.54903,0.07094,0.08088,clahe,11,18,18,12,11,12
01_13_09_04_0105.bmp,1,9,4,0,13,0.53535,0.07704,0.05882,clahe,11,11,11,12,11,12
01_13_09_04_0107.bmp,0,9,4,0,13,0.62727,0.18766,0.12518,passthrough,13,13,13,13,13,13
01_13_09_04_0108.bmp,0,9,4,0,13,0.63614,0.18538,0.12222,passthrough,13,13,40,40,13,13
01_13_09_04_0109.bmp,1,9,4,0,13,0.55357,0.11013,0.09391,passthrough,12,12,11,11,11,12
01_13_09_04_0110.bmp,0,9,4,0,13,0.60027,0.18047,0.10222,passthrough,13,13,13,13,13,13
01_13_09_04_0110.bmp,1,9,4,0,13,0.54418,0.0825,0.02372,clahe,11,18,18,12,11,12
01_13_09_04_0111.bmp,0,9,4,0,13,0.58581,0.18552,0.11874,passthrough,13,13,13,40,40,13
01_13_09_04_0112.bmp,0,9,4,0,13,0.58033,0.18663,0.08619,passthrough,13,13,13,40,25,13
01_13_09_04_0113.bmp,1,9,4,0,13,0.55882,0.11862,0.1875,passthrough,12,12,1,11,18,12
01_13_09_04_0114.bmp,1,9,4,0,13,0.55716,0.12104,0.21354,passthrough,12,12,13,10,18,12
01_13_09_04_0115.bmp,0,9,4,0,13,0.42096,0.07929,0.18889,clahe,25,12,12,12,25,12
01_13_09_04_0115.bmp,1,9,4,0,13,0.55441,0.14897,0.14583,passthrough,12,12,18,12,18,12
01_13_09_04_0116.bmp,1,9,4,0,13,0.55357,0.12767,0.14931,passthrough,12,12,18,12,28,12
01_13_09_04_0117.bmp,1,9,4,0,13,0.55864,0.1299,0.07465,passthrough,12,12,18,12,28,12
01_13_09_04_0118.bmp,0,9,4,0,13,0.4034,0.11019,0.27179,passthrough,12,12,13,12,11,12
01_13_09_04_0118.bmp,1,9,4,0,13,0.55349,0.1312,0.14583,passthrough,12,12,12,12,18,12
01_13_09_04_0119.bmp,0,9,4,0,13,0.41408,0.10439,0.15179,clahe,11,35,35,12,11,12
01_13_09_04_0119.bmp,1,9,4,0,13,0.53962,0.13756,0.17882,passthrough,12,12,18,12,18,12
01_13_09_04_0122.bmp,1,9,4,0,13,0.53504,0.12828,0.05692,stretch,12,12,18,12,11,12
01_13_09_04_0123.bmp,0,9,4,0,13,0.38686,0.09489,0.16049,clahe,13,13,13,12,13,12
01_13_09_04_0124.bmp,0,9,4,0,13,0.37389,0.11281,0.15,passthrough,13,13,32,13,13,13
01_13_09_04_0124.bmp,1,9,4,0,13,0.53884,0.15247,0.15364,passthrough,12,12,18,11,18,12
01_13_09_04_0125.bmp,0,9,4,0,13,0.37838,0.11496,0.10431,passthrough,12,12,13,13,1,12
01_13_09_04_0125.bmp,1,9,4,0,13,0.53746,0.13028,0.08546,passthrough,12,12,18,10,18,12
01_13_09_04_0126.bmp,0,9,4,0,13,0.37335,0.11929,0.11364,passthrough,12,12,11,12,18,12
01_13_09_04_0128.bmp,1,9,4,0,13,0.53065,0.13588,0.15862,passthrough,12,12,18,10,28,12
01_13_09_04_0129.bmp,0,9,4,0,13,0.37783,0.09085,0.08,clahe,11,13,13,12,11,12
01_13_09_04_0130.bmp,0,9,4,0,13,0.39325,0.09418,0.16769,clahe,18,18,18,10,18,32
01_13_09_04_0131.bmp,0,9,4,0,13,0.37937,0.08416,0.09714,clahe,1,11,11,12,1,12
01_13_09_04_0131.bmp,1,9,4,0,13,0.53376,0.13527,0.1125,passthrough,12,12,18,12,28,12
01_13_09_04_0132.bmp,0,9,4,0,13,0.37662,0.08927,0.09143,clahe,18,13,13,12,18,12
01_13_09_04_0133.bmp,1,9,4,0,13,0.52602,0.13815,0.14844,passthrough,12,12,11,12,28,12
01_13_09_04_0134.bmp,1,9,4,0,13,0.53702,0.12101,0.13206,passthrough,12,12,18,12,28,12
01_13_09_04_0136.bmp,1,9,4,0,13,0.53284,0.13687,0.18895,passthrough,13,13,18,12,28,13
01_13_09_04_0137.bmp,0,9,4,0,13,0.38874,0.1018,0.05852,clahe,18,26,26,12,18,12
01_13_09_04_0137.bmp,1,9,4,0,13,0.52456,0.12983,0.08913,passthrough,12,12,18,10,11,12
01_13_09_04_0138.bmp,0,9,4,0,13,0.38156,0.11659,0.07396,passthrough,13,13,13,13,18,13
01_13_09_04_0139.bmp,0,9,4,0,13,0.36689,0.13469,0.10662,passthrough,32,32,18,13,18,32
01_13_09_04_0139.bmp,1,9,4,0,13,0.53275,0.12742,0.10336,passthrough,12,12,13,12,12,12
01_13_09_04_0140.bmp,1,9,4,0,13,0.54569,0.10204,0.09143,clahe,18,18,18,12,18,12
01_13_09_04_0143.bmp,1,9,4,0,13,0.54593,0.09671,0.10062,clahe,18,18,18,12,18,12
01_13_09_04_0146.bmp,0,9,4,0,13,0.36816,0.12079,0.07235,passthrough,13,13,13,13,18,13
01_13_09_04_0149.bmp,0,9,4,0,13,0.37018,0.12782,0.07058,passthrough,12,12,13,13,18,12
01_13_09_04_0149.bmp,1,9,4,0,13,0.54859,0.11817,0.10476,passthrough,12,12,13,12,28,12
01_13_09_04_0150.bmp,0,9,4,0,13,0.37547,0.12324,0.07,passthrough,13,13,13,13,18,13
01_13_09_04_0150.bmp,1,9,4,0,13,0.55325,0.1142,0.07033,stretch,12,12,11,12,11,12
01_13_09_04_0151.bmp,0,9,4,0,13,0.36139,0.13103,0.10556,passthrough,13,13,13,13,18,13
01_13_09_04_0154.bmp,0,9,4,0,13,0.3749,0.12777,0.07003,passthrough,13,13,13,13,13,13
01_13_09_04_0154.bmp,1,9,4,0,13,0.56354,0.10149,0.08934,clahe,12,13,13,12,12,12
01_13_09_04_0155.bmp,0,9,4,0,13,0.36567,0.13923,0.05461,passthrough,13,13,13,13,18,13
01_13_09_04_0159.bmp,0,9,4,0,13,0.37997,0.14175,0.06127,passthrough,13,13,13,13,18,13
01_13_09_04_0160.bmp,0,9,4,0,13,0.38469,0.15035,0.06036,passthrough,13,13,13,13,13,13
01_13_09_04_0160.bmp,1,9,4,0,13,0.56395,0.11884,0.14087,passthrough,18,18,18,1,18,18
01_13_09_04_0162.bmp,1,9,4,0,13,0.56385,0.11739,0.12302,passthrough,12,12,13,12,28,12
01_13_09_04_0163.bmp,0,9,4,0,13,0.39146,0.16403,0.06463,passthrough,13,13,13,13,18,13
01_13_09_04_0164.bmp,0,9,4,0,13,0.40378,0.16696,0.06483,passthrough,13,13,13,13,13,13
01_13_09_04_0164.bmp,1,9,4,0,13,0.57207,0.11911,0.1078,passthrough,12,12,18,12,28,12
01_13_09_04_0165.bmp,0,9,4,0,13,0.3902,0.17932,0.05663,passthrough,13,13,13,13,18,13
01_13_09_04_0166.bmp,1,9,4,0,13,0.57164,0.12303,0.12897,passthrough,12,12,18,12,1,12
01_13_09_04_0168.bmp,1,9,4,0,13,0.56207,0.13265,0.17923,passthrough,12,12,18,12,11,12
01_13_09_04_0170.bmp,0,9,4,0,13,0.41821,0.06557,0.0,clahe,13,18,18,12,13,12
01_13_09_04_0170.bmp,1,9,4,0,13,0.583,0.11427,0.15539,passthrough,12,12,13,1,28,12
01_13_09_04_0171.bmp,0,9,4,0,13,0.43714,0.04881,0.0,clahe,11,13,13,12,11,12
01_13_09_04_0172.bmp,0,9,4,0,13,0.4571,0.09849,0.11364,clahe,11,13,13,12,11,12
01_13_09_04_0172.bmp,1,9,4,0,13,0.57665,0.11638,0.12852,passthrough,18,18,13,12,18,18
01_13_09_04_0173.bmp,0,9,4,0,13,0.44456,0.06959,0.0,clahe,42,13,13,12,42,12
01_13_09_04_0173.bmp,1,9,4,0,13,0.55292,0.10554,0.13289,clahe,18,18,18,40,18,12
01_13_09_04_0174.bmp,0,9,4,0,13,0.44846,0.07482,0.0,clahe,11,32,32,12,11,12
01_13_09_04_0174.bmp,1,9,4,0,13,0.52708,0.08274,0.03877,clahe,1,13,13,12,1,12
01_13_09_04_0175.bmp,1,9,4,0,13,0.53952,0.11874,0.12883,passthrough,18,18,13,1,18,18
01_13_09_04_0176.bmp,1,9,4,0,13,0.56585,0.11808,0.15324,passthrough,12,12,13,1,13,12
01_13_09_04_0177.bmp,1,9,4,0,13,0.57401,0.10624,0.08181,passthrough,12,12,13,12,12,12
01_13_09_04_0178.bmp,0,9,4,0,13,0.47626,0.05915,0.0,clahe,11,11,11,12,11,12
01_13_09_04_0178.bmp,1,9,4,0,13,0.57873,0.09989,0.0812,clahe,12,13,13,12,12,12
01_13_09_04_0179.bmp,0,9,4,0,13,0.43476,0.0572,0.0,clahe,11,13,13,12,11,12
01_13_09_04_0179.bmp,1,9,4,0,13,0.58266,0.09678,0.05433,clahe,18,18,18,12,18,12
01_13_09_04_0180.bmp,0,9,4,0,13,0.44171,0.06182,0.0,clahe,11,32,32,12,11,12
01_13_09_04_0182.bmp,0,9,4,0,13,0.4178,0.05966,0.0,clahe,11,13,13,12,11,12
01_13_09_04_0182.bmp,1,9,4,0,13,0.58206,0.11268,0.0873,passthrough,12,12,13,12,28,12
01_13_09_04_0185.bmp,0,9,4,0,13,0.42882,0.07201,0.0,clahe,11,13,13,12,11,12
01_13_09_04_0193.bmp,1,9,4,0,13,0.57552,0.13223,0.12943,passthrough,13,13,18,1,28,13
01_13_09_04_0196.bmp,0,9,4,0,13,0.42497,0.07032,0.0,clahe,18,35,35,12,18,12
01_13_09_04_0197.bmp,1,9,4,0,13,0.57186,0.13119,0.14103,passthrough,12,12,13,11,13,12
01_13_09_04_0199.bmp,0,9,4,0,13,0.4078,0.07062,0.0,clahe,42,13,13,12,42,12
01_13_09_04_0202.bmp,0,9,4,0,13,0.41912,0.0962,0.07143,clahe,13,40,40,12,13,12
01_13_09_04_0203.bmp,0,9,4,0,13,0.41858,0.08807,0.0,clahe,11,40,40,12,11,12
01_13_09_04_0206.bmp,0,9,4,0,13,0.4065,0.06409,0.0,clahe,1,13,13,12,1,12
01_13_09_04_0207.bmp,1,9,4,0,13,0.57856,0.12474,0.1514,passthrough,12,12,13,12,1,12
01_13_09_04_0209.bmp,0,9,4,0,13,0.42105,0.09399,0.1451,clahe,1,13,13,13,1,12
01_13_09_04_0209.bmp,1,9,4,0,13,0.58798,0.1181,0.15568,passthrough,13,13,13,11,11,13
01_13_09_04_0210.bmp,1,9,4,0,13,0.59258,0.10886,0.14591,passthrough,12,12,13,12,11,12
01_13_09_04_0212.bmp,0,9,4,0,13,0.40655,0.07768,0.0,clahe,11,13,13,13,11,12
01_13_09_04_0212.bmp,1,9,4,0,13,0.58993,0.10572,0.06288,clahe,12,13,13,12,12,12
01_13_09_04_0214.bmp,0,9,4,0,13,0.38523,0.07924,0.0,clahe,28,13,13,13,28,12
01_13_09_04_0214.bmp,1,9,4,0,13,0.5831,0.11186,0.11416,passthrough,12,12,13,12,40,12
01_13_09_04_0215.bmp,1,9,4,0,13,0.58403,0.11108,0.13797,passthrough,12,12,13,11,40,12
01_13_09_04_0216.bmp,0,9,4,0,13,0.40916,0.1049,0.07077,clahe,11,12,12,13,11,13
01_13_09_04_0216.bmp,1,9,4,0,13,0.5858,0.11451,0.1398,passthrough,12,12,13,12,12,12
01_13_09_04_0217.bmp,1,9,4,0,13,0.58376,0.1188,0.15079,passthrough,12,12,13,40,18,12
01_13_09_04_0219.bmp,1,9,4,0,13,0.58902,0.12374,0.1453,passthrough,12,12,13,12,40,12
01_13_09_04_0220.bmp,0,9,4,0,13,0.41103,0.12059,0.10155,passthrough,13,13,13,13,1,13
01_13_09_04_0221.bmp,0,9,4,0,13,0.41575,0.11905,0.11982,passthrough,13,13,13,13,18,13
01_13_09_04_0222.bmp,0,9,4,0,13,0.40576,0.12968,0.09267,passthrough,13,13,40,13,18,13
01_13_09_04_0223.bmp,1,9,4,0,13,0.59101,0.10656,0.10379,passthrough,12,12,24,12,40,12
01_13_09_04_0226.bmp,0,9,4,0,13,0.41352,0.11842,0.13752,passthrough,13,13,13,13,18,13
01_13_09_04_0227.bmp,0,9,4,0,13,0.4212,0.12382,0.09011,passthrough,13,13,13,13,13,13
01_13_09_04_0227.bmp,1,9,4,0,13,0.57912,0.1264,0.13553,passthrough,12,12,13,12,12,12
01_13_09_04_0231.bmp,0,9,4,0,13,0.43553,0.13164,0.14286,passthrough,13,13,24,13,18,13
01_13_09_04_0232.bmp,1,9,4,0,13,0.61426,0.12713,0.16606,passthrough,12,12,13,40,40,12
01_13_09_04_0233.bmp,0,9,4,0,13,0.42317,0.1239,0.07333,passthrough,13,13,13,13,18,13
01_13_09_04_0235.bmp,0,9,4,0,13,0.43938,0.13687,0.12019,passthrough,13,13,13,13,18,13
01_13_09_04_0236.bmp,0,9,4,0,13,0.43576,0.15391,0.12785,passthrough,13,13,13,13,13,13
01_13_09_04_0236.bmp,1,9,4,0,13,0.61236,0.12567,0.13492,passthrough,12,12,13,12,1,12
01_13_09_04_0238.bmp,1,9,4,0,13,0.62987,0.10319,0.17888,clahe,2,13,13,13,2,12
01_13_09_04_0240.bmp,0,9,4,0,13,0.47642,0.19662,0.172,passthrough,13,13,13,7,28,13
01_13_09_04_0240.bmp,1,9,4,0,13,0.59704,0.13563,0.17399,passthrough,13,13,13,13,18,13
01_13_09_04_0242.bmp,1,9,4,0,13,0.58984,0.14354,0.18254,passthrough,13,13,13,13,11,13
01_13_09_04_0244.bmp,1,9,4,0,13,0.59743,0.12571,0.15568,passthrough,12,12,13,12,11,12
01_13_09_04_0245.bmp,0,9,4,0,13,0.46991,0.21123,0.10798,passthrough,13,13,13,13,13,13
01_13_09_04_0246.bmp,0,9,4,0,13,0.48098,0.11199,0.06181,stretch,12,12,18,12,18,12
01_13_09_04_0246.bmp,1,9,4,0,13,0.59777,0.12002,0.163,passthrough,12,12,13,12,12,12
01_13_09_04_0247.bmp,1,9,4,0,13,0.59484,0.1355,0.19048,passthrough,12,12,13,12,13,12
01_13_09_04_0249.bmp,0,9,4,0,13,0.48596,0.13214,0.05861,stretch,13,13,13,13,13,13
01_13_09_04_0250.bmp,0,9,4,0,13,0.48624,0.15511,0.12326,passthrough,13,13,13,13,13,13
01_13_09_04_0251.bmp,0,9,4,0,13,0.48686,0.14785,0.09721,passthrough,13,13,13,13,13,13
01_13_09_04_0252.bmp,0,9,4,0,13,0.49212,0.15308,0.12789,passthrough,13,13,13,13,13,13
01_13_09_04_0253.bmp,0,9,4,0,13,0.49791,0.15636,0.12208,passthrough,13,13,13,13,13,13
01_13_09_04_0258.bmp,1,9,4,0,13,0.59505,0.11687,0.11172,passthrough,12,12,13,12,11,12
01_13_09_04_0259.bmp,1,9,4,0,13,0.59412,0.12675,0.15446,passthrough,12,12,13,12,12,12
01_13_09_04_0260.bmp,0,9,4,0,13,0.48742,0.13715,0.06738,stretch,13,13,13,13,28,13
01_13_09_04_0261.bmp,0,9,4,0,13,0.47942,0.12987,0.06401,stretch,13,13,13,13,13,13
01_13_09_04_0262.bmp,0,9,4,0,13,0.48736,0.13697,0.08166,passthrough,13,13,13,13,13,13
01_13_09_04_0263.bmp,1,9,4,0,13,0.59407,0.12205,0.09219,passthrough,12,12,13,12,13,12
01_13_09_04_0264.bmp,0,9,4,0,13,0.49293,0.13244,0.07589,passthrough,13,13,40,13,18,13
01_13_09_04_0264.bmp,1,9,4,0,13,0.5873,0.13318,0.18681,passthrough,12,12,13,1,13,12
01_13_09_04_0265.bmp,0,9,4,0,13,0.48118,0.12888,0.07052,stretch,13,13,13,13,13,13
01_13_09_04_0266.bmp,1,9,4,0,13,0.59243,0.12127,0.1337,passthrough,12,12,13,12,12,12
01_13_09_04_0267.bmp,0,9,4,0,13,0.47042,0.12394,0.06302,stretch,13,13,13,13,13,13
01_13_09_04_0267.bmp,1,9,4,0,13,0.59744,0.1217,0.14713,passthrough,12,12,13,12,40,12
01_13_09_04_0269.bmp,0,9,4,0,13,0.45483,0.10853,0.04102,stretch,13,13,13,13,13,13
01_13_09_04_0272.bmp,0,9,4,0,13,0.59593,0.12471,0.15079,passthrough,12,12,13,12,13,12
01_13_09_04_0273.bmp,0,9,4,0,13,0.59987,0.11972,0.14835,passthrough,12,12,13,1,12,12
01_13_09_04_0275.bmp,0,9,4,0,13,0.60158,0.11533,0.15507,passthrough,12,12,24,12,12,12
01_13_09_04_0278.bmp,0,9,4,0,13,0.60002,0.11961,0.12149,passthrough,12,12,13,12,12,12
01_13_09_04_0280.bmp,0,9,4,0,13,0.58952,0.13057,0.18803,passthrough,13,13,13,1,20,13
01_13_09_04_0287.bmp,0,9,4,0,13,0.58363,0.13412,0.14835,passthrough,12,12,13,12,11,12
01_13_09_04_0289.bmp,0,9,4,0,13,0.58545,0.12537,0.12943,passthrough,13,13,13,12,40,13
01_13_09_04_0291.bmp,0,9,4,0,13,0.59503,0.11545,0.21917,passthrough,12,12,13,13,13,12
01_13_09_04_0299.bmp,0,9,4,0,13,0.58115,0.10827,0.08547,passthrough,12,12,18,40,12,12
01_13_09_04_0306.bmp,0,9,4,0,13,0.56494,0.11532,0.11866,passthrough,12,12,13,12,12,12
01_13_09_04_0308.bmp,0,9,4,0,13,0.56002,0.103,0.06798,clahe,40,13,13,12,40,12
01_13_09_04_0311.bmp,0,9,4,0,13,0.56465,0.11292,0.12273,passthrough,12,12,13,12,13,12
01_13_09_04_0312.bmp,0,9,4,0,13,0.56,0.10689,0.10227,passthrough,12,12,13,12,12,12
01_13_09_04_0314.bmp,0,9,4,0,13,0.56808,0.12018,0.21368,passthrough,13,13,13,1,13,13
01_13_09_04_0315.bmp,0,9,4,0,13,0.56089,0.10764,0.15167,passthrough,12,12,13,12,18,12
01_13_09_04_0316.bmp,0,9,4,0,13,0.57011,0.09916,0.0607,clahe,13,13,13,12,13,12
01_13_09_04_0327.bmp,0,9,4,0,13,0.58417,0.15989,0.14273,passthrough,13,13,13,12,25,13
01_13_09_04_0328.bmp,0,9,4,0,13,0.58733,0.1547,0.0995,passthrough,12,12,13,12,40,12
01_13_09_04_0333.bmp,0,9,4,0,13,0.59747,0.15686,0.11605,passthrough,18,18,13,12,28,18
01_13_09_04_0334.bmp,0,9,4,0,13,0.6049,0.15255,0.08485,passthrough,18,18,18,12,18,18
01_13_09_04_0336.bmp,0,9,4,0,13,0.59978,0.16554,0.1933,passthrough,18,18,13,12,18,18
01_13_09_04_0337.bmp,0,9,4,0,13,0.61256,0.17003,0.20119,passthrough,25,25,18,12,28,25
01_13_09_04_0342.bmp,0,9,4,0,13,0.64266,0.14138,0.20049,passthrough,12,12,13,40,12,12
01_13_09_04_0351.bmp,0,9,4,0,13,0.61257,0.17788,0.15033,passthrough,13,13,13,40,25,13
01_13_09_04_0352.bmp,0,9,4,0,13,0.60601,0.1589,0.13746,passthrough,12,12,13,40,11,12
01_13_09_04_0355.bmp,0,9,4,0,13,0.54972,0.13801,0.11077,passthrough,12,12,13,40,25,12
01_13_09_04_0361.bmp,0,9,4,0,13,0.48706,0.2022,0.10583,passthrough,13,13,13,13,13,13
01_13_09_04_0363.bmp,0,9,4,0,13,0.48304,0.20182,0.07347,passthrough,13,13,13,13,13,13
01_13_09_04_0366.bmp,0,9,4,0,13,0.47056,0.20673,0.07166,stretch,13,13,13,13,13,13
01_13_09_04_0369.bmp,0,9,4,0,13,0.47336,0.1936,0.12403,passthrough,13,13,13,13,13,13
01_13_09_04_0372.bmp,0,9,4,0,13,0.44651,0.17813,0.1068,passthrough,13,13,13,13,18,13
01_13_09_04_0375.bmp,0,9,4,0,13,0.46793,0.17353,0.1339,passthrough,13,13,13,13,13,13
01_13_09_04_0376.bmp,0,9,4,0,13,0.45321,0.18793,0.09718,passthrough,13,13,13,13,13,13
01_13_09_04_0377.bmp,0,9,4,0,13,0.45872,0.17237,0.08105,passthrough,13,13,13,13,11,13
01_13_09_04_0381.bmp,0,9,4,0,13,0.50427,0.19062,0.09951,passthrough,13,13,13,13,13,13
01_13_09_04_0384.bmp,0,9,4,0,13,0.49423,0.17162,0.06335,stretch,13,13,13,13,13,13
01_13_09_04_0389.bmp,0,9,4,0,13,0.46936,0.0876,0.20661,clahe,11,32,32,12,11,12
01_13_09_04_0392.bmp,0,9,4,0,13,0.47623,0.09373,0.08264,clahe,42,13,13,12,42,12
01_13_09_04_0395.bmp,0,9,4,0,13,0.50851,0.08981,0.2314,clahe,11,32,32,12,11,12
01_13_09_04_0398.bmp,0,9,4,0,13,0.50426,0.11236,0.14876,passthrough,12,12,11,12,11,12
01_13_09_04_0399.bmp,0,9,4,0,13,0.48932,0.08936,0.20661,clahe,11,13,13,12,11,12
01_13_09_04_0400.bmp,0,9,4,0,13,0.47798,0.15226,0.33884,passthrough,12,12,13,32,42,12
01_13_09_04_0401.bmp,0,9,4,0,13,0.5206,0.10252,0.23967,clahe,11,35,35,12,11,12
01_13_09_04_0405.bmp,0,9,4,0,13,0.48958,0.09009,0.0,clahe,25,11,11,12,25,12
01_13_09_04_0409.bmp,0,9,4,0,13,0.48277,0.09345,0.17355,clahe,11,13,13,12,11,12
01_13_09_04_0413.bmp,0,9,4,0,13,0.48666,0.13391,0.32231,passthrough,12,12,11,12,11,12
01_13_09_04_0418.bmp,0,9,4,0,13,0.46307,0.09964,0.18182,clahe,42,13,13,13,42,12
01_13_09_04_0424.bmp,0,9,4,0,13,0.50345,0.14715,0.2314,passthrough,12,12,13,12,11,12
01_13_09_04_0425.bmp,0,9,4,0,13,0.50942,0.12736,0.21488,passthrough,12,12,13,12,11,12
01_13_09_04_0429.bmp,0,9,4,0,13,0.52135,0.1511,0.26374,passthrough,12,12,13,12,12,12
01_13_09_04_0430.bmp,0,9,4,0,13,0.51054,0.13977,0.21429,passthrough,12,12,13,13,12,12
01_13_09_04_0432.bmp,0,9,4,0,13,0.50943,0.11937,0.1381,passthrough,12,12,13,13,12,12
01_13_09_04_0434.bmp,0,9,4,0,13,0.4628,0.16542,0.2381,passthrough,12,12,13,13,42,12
01_13_09_04_0439.bmp,0,9,4,0,13,0.49415,0.12858,0.19524,passthrough,13,13,13,13,12,13
01_13_09_04_0442.bmp,0,9,4,0,13,0.46394,0.15508,0.16667,passthrough,13,13,35,13,13,13
01_13_09_04_0443.bmp,0,9,4,0,13,0.47721,0.16511,0.20833,passthrough,12,12,13,13,11,12
01_13_09_04_0444.bmp,0,9,4,0,13,0.46808,0.13731,0.21324,passthrough,12,12,13,13,1,12
01_13_09_04_0448.bmp,0,9,4,0,13,0.46995,0.1396,0.19097,passthrough,12,12,13,12,11,12
01_13_09_04_0450.bmp,0,9,4,0,13,0.46733,0.15648,0.23977,passthrough,13,13,13,13,13,13
01_13_09_04_0452.bmp,0,9,4,0,13,0.48617,0.11877,0.13283,passthrough,13,13,13,13,11,13
01_13_09_04_0455.bmp,0,9,4,0,13,0.4643,0.14266,0.18261,passthrough,13,13,13,13,11,13
01_13_09_04_0456.bmp,0,9,4,0,13,0.47776,0.14035,0.20563,passthrough,12,12,11,13,11,12
01_13_09_04_0461.bmp,0,9,4,0,13,0.51344,0.13322,0.13478,passthrough,13,13,13,40,40,13
01_13_09_04_0462.bmp,0,9,4,0,13,0.52552,0.14257,0.19565,passthrough,13,13,13,40,11,13
01_13_09_04_0463.bmp,0,9,4,0,13,0.51265,0.1723,0.20751,passthrough,13,13,13,13,12,13
01_13_09_04_0464.bmp,0,9,4,0,13,0.52151,0.18464,0.19368,passthrough,13,13,40,13,13,13
01_13_09_04_0465.bmp,0,9,4,0,13,0.53748,0.17344,0.16741,passthrough,13,13,13,13,12,13
01_13_09_04_0466.bmp,0,9,4,0,13,0.54846,0.1699,0.11556,passthrough,13,13,13,13,11,13
01_13_09_04_0471.bmp,0,9,4,0,13,0.53455,0.16297,0.1,passthrough,13,13,13,13,13,13
01_13_09_04_0473.bmp,0,9,4,0,13,0.52578,0.1624,0.21121,passthrough,13,13,13,13,18,13
01_13_09_04_0475.bmp,0,9,4,0,13,0.51472,0.13972,0.11345,passthrough,13,13,13,13,11,13
01_13_09_04_0476.bmp,0,9,4,0,13,0.498,0.14636,0.11208,passthrough,13,13,13,13,28,13
01_13_09_04_0480.bmp,0,9,4,0,13,0.49205,0.12661,0.13052,passthrough,13,13,13,13,1,13
01_13_09_04_0485.bmp,0,9,4,0,13,0.46013,0.12669,0.08818,passthrough,13,13,13,13,18,13
01_13_09_04_0486.bmp,0,9,4,0,13,0.45744,0.11571,0.07864,passthrough,13,13,13,13,18,13
01_13_09_04_0490.bmp,0,9,4,0,13,0.48257,0.11957,0.09904,passthrough,13,13,13,13,18,13
01_13_09_04_0492.bmp,0,9,4,0,13,0.47234,0.13898,0.10606,passthrough,13,13,13,13,13,13
01_13_09_04_0495.bmp,0,9,4,0,13,0.4519,0.14428,0.11514,passthrough,13,13,13,13,13,13
01_13_09_04_0497.bmp,0,9,4,0,13,0.45361,0.13058,0.10475,passthrough,13,13,13,13,12,13
01_13_09_04_0499.bmp,0,9,4,0,13,0.46077,0.13021,0.08949,passthrough,13,13,13,13,13,13
01_13_09_04_0500.bmp,0,9,4,0,13,0.4753,0.12508,0.07047,stretch,13,13,13,13,13,13
01_13_09_04_0501.bmp,0,9,4,0,13,0.4634,0.12723,0.07996,passthrough,13,13,13,13,13,13
01_13_09_04_0505.bmp,0,9,4,0,13,0.47327,0.11237,0.04558,stretch,13,13,13,13,18,13
01_13_09_04_0508.bmp,0,9,4,0,13,0.4695,0.11527,0.04605,stretch,13,13,13,13,13,13
01_13_09_04_0510.bmp,0,9,4,0,13,0.47187,0.11895,0.05965,stretch,13,13,13,13,13,13
01_13_09_04_0511.bmp,0,9,4,0,13,0.47737,0.1189,0.04225,stretch,13,13,13,13,18,13
01_13_09_04_0514.bmp,0,9,4,0,13,0.45137,0.11471,0.03649,stretch,13,13,13,13,13,13
01_13_09_04_0516.bmp,0,9,4,0,13,0.48575,0.08714,0.0979,clahe,42,32,32,12,42,32
01_13_09_04_0519.bmp,0,9,4,0,13,0.51644,0.09809,0.09091,clahe,42,18,18,12,42,12
01_13_09_04_0521.bmp,0,9,4,0,13,0.51795,0.08189,0.0,clahe,11,32,32,12,11,12
01_13_09_04_0523.bmp,0,9,4,0,13,0.48739,0.08044,0.0,clahe,18,13,13,13,18,12
01_13_09_04_0525.bmp,0,9,4,0,13,0.50146,0.10707,0.05263,stretch,12,12,13,12,11,12
01_13_09_04_0526.bmp,0,9,4,0,13,0.50437,0.06915,0.0979,clahe,11,11,11,12,11,12
01_13_09_04_0533.bmp,0,9,4,0,13,0.56724,0.11212,0.11806,passthrough,12,12,13,12,11,12
01_13_09_04_0537.bmp,0,9,4,0,13,0.53011,0.14813,0.18889,passthrough,12,12,32,12,12,12
01_13_09_04_0538.bmp,0,9,4,0,13,0.46085,0.07205,0.02797,clahe,11,13,13,12,11,12
01_13_09_04_0539.bmp,0,9,4,0,13,0.54748,0.11532,0.06296,stretch,12,12,13,12,12,12
01_13_09_04_0542.bmp,0,9,4,0,13,0.49234,0.09011,0.18182,clahe,11,32,32,12,11,12
01_13_09_04_0544.bmp,0,9,4,0,13,0.42545,0.11294,0.23077,passthrough,13,13,11,13,11,13
01_13_09_04_0545.bmp,0,9,4,0,13,0.56906,0.10229,0.23958,clahe,11,12,12,12,11,12
01_13_09_04_0547.bmp,0,9,4,0,13,0.54269,0.10268,0.17014,clahe,11,12,12,12,11,12
01_13_09_04_0549.bmp,0,9,4,0,13,0.54898,0.07798,0.03268,clahe,11,13,13,12,11,12
01_13_09_04_0550.bmp,0,9,4,0,13,0.47284,0.11606,0.0,stretch,12,12,32,12,42,12
01_13_09_04_0554.bmp,0,9,4,0,13,0.46831,0.0791,0.0,clahe,42,16,16,12,42,12
01_13_09_04_0557.bmp,0,9,4,0,13,0.55561,0.08626,0.06111,clahe,11,18,18,12,11,12
01_13_09_04_0559.bmp,0,9,4,0,13,0.52382,0.10463,0.08056,clahe,18,12,12,12,18,12
01_13_09_04_0561.bmp,0,9,4,0,13,0.53092,0.08665,0.09167,clahe,12,13,13,12,12,12
01_13_09_04_0564.bmp,0,9,4,0,13,0.47701,0.07652,0.0,clahe,11,13,13,12,11,12
01_13_09_04_0565.bmp,0,9,4,0,13,0.55009,0.08965,0.09788,clahe,18,13,13,12,18,12
01_13_09_04_0566.bmp,0,9,4,0,13,0.44021,0.06533,0.0,clahe,42,13,13,12,42,12
01_13_09_04_0567.bmp,0,9,4,0,13,0.53459,0.08771,0.11538,clahe,18,18,18,12,18,12
01_13_09_04_0570.bmp,0,9,4,0,13,0.48405,0.08126,0.02885,clahe,42,13,13,12,42,12
01_13_09_04_0571.bmp,0,9,4,0,13,0.51177,0.08721,0.0,clahe,12,13,13,12,12,12
01_13_09_04_0573.bmp,0,9,4,0,13,0.51509,0.09067,0.17752,clahe,1,18,18,12,1,12
01_13_09_04_0581.bmp,0,9,4,0,13,0.50493,0.08648,0.0547,clahe,28,13,13,12,28,12
01_13_09_04_0584.bmp,0,9,4,0,13,0.43311,0.06714,0.0,clahe,11,13,13,13,11,12
01_13_09_04_0586.bmp,0,9,4,0,13,0.41682,0.08572,0.0,clahe,42,13,13,13,42,12
01_13_09_04_0588.bmp,0,9,4,0,13,0.41208,0.10406,0.07692,clahe,11,13,13,13,11,12
01_13_09_04_0589.bmp,0,9,4,0,13,0.47781,0.11623,0.10701,passthrough,13,13,18,13,28,13
01_13_09_04_0590.bmp,0,9,4,0,13,0.40767,0.07051,0.0,clahe,11,13,13,13,11,12
01_13_09_04_0592.bmp,0,9,4,0,13,0.40501,0.09313,0.11765,clahe,11,32,32,13,11,32
01_13_09_04_0594.bmp,0,9,4,0,13,0.39108,0.09374,0.11146,clahe,11,35,35,13,11,12
01_13_09_04_0595.bmp,0,9,4,0,13,0.48557,0.08572,0.06667,clahe,1,18,18,12,1,12
01_13_09_04_0600.bmp,0,9,4,0,13,0.50273,0.10999,0.13591,passthrough,12,12,18,12,18,12
01_13_09_04_0601.bmp,0,9,4,0,13,0.47664,0.10892,0.12913,passthrough,13,13,13,13,28,13
01_13_09_04_0605.bmp,0,9,4,0,13,0.50792,0.10905,0.06739,stretch,12,12,11,10,18,12
01_13_09_04_0607.bmp,0,9,4,0,13,0.50174,0.09707,0.07267,clahe,18,18,18,1,18,13
01_13_09_04_0609.bmp,0,9,4,0,13,0.49122,0.11532,0.13548,passthrough,13,13,13,12,18,13
01_13_09_04_0610.bmp,0,9,4,0,13,0.51352,0.09993,0.05952,clahe,18,13,13,1,18,18
01_13_09_04_0612.bmp,0,9,4,0,13,0.49367,0.10013,0.09485,clahe,18,18,18,13,18,13
01_13_09_04_0625.bmp,0,9,4,0,13,0.50424,0.16616,0.06694,stretch,12,12,13,40,11,13
01_03_09_05_0001.bmp,0,9,5,0,9,0.5263,0.06966,0.0,clahe,11,13,13,13,11,12
01_03_09_05_0006.bmp,0,9,5,0,9,0.49419,0.07904,0.10435,clahe,42,11,11,12,42,12
01_03_09_05_0012.bmp,0,9,5,0,9,0.51325,0.10199,0.115,clahe,11,13,13,13,11,12
01_03_09_05_0015.bmp,0,9,5,0,9,0.50608,0.07557,0.15021,clahe,11,13,13,13,11,16
01_03_09_05_0018.bmp,0,9,5,0,9,0.49946,0.08917,0.03361,clahe,42,32,32,13,42,12
01_03_09_05_0021.bmp,0,9,5,0,9,0.49554,0.09071,0.19173,clahe,11,11,11,12,11,12
01_03_09_05_0024.bmp,0,9,5,0,9,0.47937,0.09359,0.14561,clahe,11,11,11,12,11,12
01_03_09_05_0036.bmp,0,9,5,0,9,0.39236,0.06029,0.0,clahe,18,13,13,13,18,13
01_03_09_05_0042.bmp,0,9,5,0,9,0.40164,0.0689,0.0,clahe,18,18,18,12,18,12
01_03_09_05_0043.bmp,0,9,5,0,9,0.4183,0.05037,0.0,clahe,11,13,13,12,11,12
01_03_09_05_0044.bmp,0,9,5,0,9,0.40106,0.0714,0.0293,clahe,11,11,11,13,11,12
01_03_09_05_0046.bmp,0,9,5,0,9,0.41228,0.06794,0.00333,clahe,11,18,18,13,11,12
01_03_09_05_0048.bmp,0,9,5,0,9,0.41471,0.08427,0.04878,clahe,11,11,11,13,11,13
01_03_09_05_0050.bmp,0,9,5,0,9,0.41182,0.06491,0.02741,clahe,18,11,11,40,18,13
01_03_09_05_0051.bmp,0,9,5,0,9,0.39824,0.07143,0.04134,clahe,18,40,40,12,18,13
01_03_09_05_0055.bmp,0,9,5,0,9,0.3994,0.09195,0.05662,clahe,1,13,13,12,1,13
01_03_09_05_0056.bmp,0,9,5,0,9,0.40442,0.06738,0.01898,clahe,24,13,13,13,24,13
01_03_09_05_0058.bmp,0,9,5,0,9,0.41386,0.07448,0.04493,clahe,25,18,18,13,25,13
01_03_09_05_0061.bmp,0,9,5,0,9,0.40877,0.05794,0.00217,clahe,13,13,13,13,13,13
01_03_09_05_0062.bmp,0,9,5,0,9,0.41503,0.06515,0.01911,clahe,18,18,18,12,18,13
01_03_09_05_0066.bmp,0,9,5,0,9,0.41777,0.07016,0.02641,clahe,13,13,13,13,13,13
01_03_09_05_0068.bmp,0,9,5,0,9,0.41551,0.05675,0.0024,clahe,13,13,13,13,13,13
01_03_09_05_0069.bmp,0,9,5,0,9,0.42242,0.06722,0.00314,clahe,18,13,13,13,18,13
01_03_09_05_0072.bmp,0,9,5,0,9,0.4187,0.06817,0.03304,clahe,13,40,40,13,13,13
01_03_09_05_0075.bmp,0,9,5,0,9,0.42611,0.07566,0.05673,clahe,13,18,18,13,13,13
01_03_09_05_0077.bmp,0,9,5,0,9,0.43446,0.09824,0.03445,clahe,25,13,13,40,25,13
01_03_09_05_0078.bmp,0,9,5,0,9,0.43334,0.08737,0.02677,clahe,13,13,13,13,13,13
01_03_09_05_0082.bmp,0,9,5,0,9,0.43555,0.11296,0.03414,stretch,13,13,14,20,13,13
01_03_09_05_0083.bmp,0,9,5,0,9,0.43218,0.08813,0.01736,clahe,25,24,24,24,25,13
01_06_09_05_0002.bmp,1,9,5,0,14,0.57039,0.0666,0.175,clahe,18,18,18,13,18,12
01_06_09_05_0003.bmp,1,9,5,0,14,0.61253,0.06351,0.04167,clahe,11,18,18,12,11,12
01_06_09_05_0004.bmp,1,9,5,0,14,0.56082,0.05054,0.0,clahe,18,13,13,12,18,31
01_06_09_05_0007.bmp,0,9,5,0,14,0.55305,0.10554,0.0961,clahe,18,1,1,1,18,18
01_06_09_05_0007.bmp,1,9,5,0,14,0.59409,0.08985,0.0771,clahe,11,35,35,12,11,12
01_06_09_05_0012.bmp,0,9,5,0,14,0.52852,0.09624,0.12118,clahe,18,13,13,13,18,13
01_06_09_05_0012.bmp,1,9,5,0,14,0.62351,0.06043,0.04969,clahe,18,18,18,13,18,12
01_06_09_05_0013.bmp,1,9,5,0,14,0.59912,0.08902,0.02899,clahe,18,18,18,35,18,11
01_06_09_05_0014.bmp,0,9,5,0,14,0.54811,0.07706,0.06037,clahe,18,28,28,40,18,11
01_06_09_05_0015.bmp,0,9,5,0,14,0.54587,0.08977,0.17347,clahe,18,18,18,40,18,18
01_06_09_05_0015.bmp,1,9,5,0,14,0.58954,0.09004,0.1413,clahe,18,18,18,13,18,18
01_06_09_05_0016.bmp,1,9,5,0,14,0.61021,0.08083,0.08333,clahe,18,18,18,18,18,18
01_06_09_05_0017.bmp,1,9,5,0,14,0.61033,0.09758,0.12,clahe,18,18,18,13,18,18
01_06_09_05_0021.bmp,0,9,5,0,14,0.49719,0.08175,0.09953,clahe,13,13,13,13,13,13
01_06_09_05_0022.bmp,1,9,5,0,14,0.62115,0.09417,0.0336,clahe,18,18,18,12,18,12
01_06_09_05_0024.bmp,0,9,5,0,14,0.47837,0.07789,0.05088,clahe,18,18,18,40,18,18
01_06_09_05_0026.bmp,1,9,5,0,14,0.57529,0.11019,0.09394,passthrough,18,18,18,13,18,18
01_06_09_05_0029.bmp,0,9,5,0,14,0.45609,0.11121,0.16866,passthrough,13,13,7,13,13,13
01_06_09_05_0029.bmp,1,9,5,0,14,0.56326,0.07414,0.0373,clahe,18,18,18,12,18,18
01_06_09_05_0030.bmp,0,9,5,0,14,0.46474,0.09959,0.09541,clahe,13,7,7,7,13,13
01_06_09_05_0030.bmp,1,9,5,0,14,0.55622,0.07496,0.04086,clahe,18,18,18,13,18,18
01_06_09_05_0031.bmp,0,9,5,0,14,0.48175,0.11987,0.13947,passthrough,13,13,13,13,18,13
01_06_09_05_0031.bmp,1,9,5,0,14,0.58998,0.09757,0.11962,clahe,11,11,11,12,11,12
01_06_09_05_0035.bmp,0,9,5,0,14,0.45447,0.11083,0.06985,stretch,13,13,7,13,18,13
01_06_09_05_0037.bmp,1,9,5,0,14,0.54623,0.11384,0.15,passthrough,12,12,18,12,11,12
01_06_09_05_0038.bmp,0,9,5,0,14,0.43813,0.10284,0.09714,clahe,13,7,7,13,13,13
01_06_09_05_0039.bmp,0,9,5,0,14,0.43692,0.10551,0.07071,clahe,13,24,24,40,13,13
01_06_09_05_0039.bmp,1,9,5,0,14,0.57716,0.1238,0.04167,stretch,12,12,13,12,11,12
01_06_09_05_0040.bmp,1,9,5,0,14,0.54131,0.11784,0.02933,stretch,12,12,13,12,25,12
01_06_09_05_0041.bmp,1,9,5,0,14,0.52984,0.12155,0.104,passthrough,12,12,18,35,12,12
01_06_09_05_0042.bmp,0,9,5,0,14,0.40541,0.07593,0.02469,clahe,13,14,14,40,13,13
01_06_09_05_0043.bmp,1,9,5,0,14,0.53486,0.08055,0.06845,clahe,11,35,35,12,11,12
01_06_09_05_0046.bmp,0,9,5,0,14,0.5428,0.07354,0.04103,clahe,12,18,18,12,12,12
01_06_09_05_0048.bmp,0,9,5,0,14,0.51437,0.08759,0.05882,clahe,18,12,12,12,18,12
01_06_09_05_0050.bmp,0,9,5,0,14,0.53799,0.0661,0.02304,clahe,18,18,18,12,18,12
01_06_09_05_0051.bmp,0,9,5,0,14,0.53483,0.11047,0.10938,passthrough,12,12,18,12,18,12
01_06_09_05_0055.bmp,0,9,5,0,14,0.56103,0.10237,0.03704,clahe,18,13,13,13,18,12
01_06_09_05_0056.bmp,0,9,5,0,14,0.5656,0.08346,0.06408,clahe,18,18,18,12,18,12
01_06_09_05_0059.bmp,0,9,5,0,14,0.57286,0.09957,0.07997,clahe,18,18,18,1,18,18
01_06_09_05_0064.bmp,0,9,5,0,14,0.54029,0.12782,0.07692,passthrough,18,18,18,1,18,18
01_06_09_05_0066.bmp,0,9,5,0,14,0.54148,0.10631,0.10221,passthrough,12,12,7,40,1,12
01_06_09_05_0067.bmp,0,9,5,0,14,0.53407,0.1184,0.08481,passthrough,18,18,18,1,18,18
01_06_09_05_0068.bmp,0,9,5,0,14,0.51117,0.12332,0.12126,passthrough,12,12,18,12,18,12
01_06_09_05_0070.bmp,0,9,5,0,14,0.52895,0.12032,0.19391,passthrough,18,18,24,1,18,18
01_06_09_05_0074.bmp,0,9,5,0,14,0.51389,0.09229,0.12,clahe,18,18,18,13,18,18
01_06_09_05_0075.bmp,0,9,5,0,14,0.49947,0.08356,0.06784,clahe,1,1,1,12,1,12
01_06_09_05_0076.bmp,0,9,5,0,14,0.48305,0.08624,0.08432,clahe,18,18,18,13,18,12
01_06_09_05_0080.bmp,0,9,5,0,14,0.44756,0.10386,0.01724,clahe,18,18,18,18,18,18
01_06_09_05_0085.bmp,0,9,5,0,14,0.43559,0.08194,0.02778,clahe,18,18,18,13,18,13
01_06_09_05_0088.bmp,0,9,5,0,14,0.3785,0.08684,0.01785,clahe,13,24,24,13,13,13
01_06_09_05_0089.bmp,0,9,5,0,14,0.3834,0.08594,0.01994,clahe,2,39,39,40,2,25
01_11_09_05_0002.bmp,0,9,5,0,12,0.47821,0.07119,0.14354,clahe,42,11,11,37,42,11
01_11_09_05_0003.bmp,0,9,5,0,12,0.5041,0.07347,0.23923,clahe,11,11,11,13,11,38
01_11_09_05_0013.bmp,0,9,5,0,12,0.53138,0.06612,0.0,clahe,1,35,35,12,1,31
01_11_09_05_0019.bmp,0,9,5,0,12,0.50421,0.10075,0.22333,clahe,11,11,11,35,11,12
01_11_09_05_0020.bmp,0,9,5,0,12,0.49664,0.08296,0.29667,clahe,11,18,18,32,11,18
01_11_09_05_0021.bmp,0,9,5,0,12,0.51123,0.08624,0.21228,clahe,11,11,11,11,11,18
01_11_09_05_0022.bmp,0,9,5,0,12,0.46696,0.10194,0.23274,clahe,18,11,11,11,18,11
01_11_09_05_0024.bmp,0,9,5,0,12,0.46406,0.08842,0.28,clahe,11,11,11,13,11,12
01_11_09_05_0027.bmp,0,9,5,0,12,0.49701,0.11236,0.24889,passthrough,12,12,32,32,11,12
01_11_09_05_0028.bmp,0,9,5,0,12,0.48741,0.07942,0.04222,clahe,11,11,11,13,11,12
01_11_09_05_0031.bmp,0,9,5,0,12,0.49593,0.08924,0.1619,clahe,18,18,18,12,18,11
01_11_09_05_0033.bmp,0,9,5,0,12,0.46898,0.07145,0.19577,clahe,11,18,18,13,11,12
01_11_09_05_0038.bmp,0,9,5,0,12,0.45692,0.11238,0.17429,passthrough,11,11,1,13,18,11
01_11_09_05_0039.bmp,0,9,5,0,12,0.42172,0.09144,0.12551,clahe,18,18,18,13,18,12
01_11_09_05_0041.bmp,0,9,5,0,12,0.46895,0.09309,0.17832,clahe,28,11,11,13,28,11
01_11_09_05_0045.bmp,0,9,5,0,12,0.45371,0.09859,0.06532,clahe,18,18,18,13,18,12
01_11_09_05_0047.bmp,0,9,5,0,12,0.4264,0.11345,0.16768,passthrough,18,18,1,13,18,18
01_11_09_05_0049.bmp,0,9,5,0,12,0.42977,0.09974,0.1401,clahe,28,13,13,1,28,1
01_11_09_05_0050.bmp,0,9,5,0,12,0.42044,0.10241,0.17814,clahe,28,18,18,18,28,18
01_11_09_05_0052.bmp,0,9,5,0,12,0.45581,0.10262,0.14855,clahe,18,18,18,1,18,12
01_11_09_05_0060.bmp,0,9,5,0,12,0.44267,0.11301,0.14286,passthrough,13,13,11,13,28,13
01_11_09_05_0061.bmp,0,9,5,0,12,0.44684,0.10481,0.13571,clahe,18,18,18,13,18,13
01_11_09_05_0062.bmp,0,9,5,0,12,0.4555,0.10154,0.1194,clahe,11,11,11,13,11,13
01_11_09_05_0064.bmp,0,9,5,0,12,0.44551,0.09923,0.12447,clahe,18,18,18,13,18,13
01_11_09_05_0065.bmp,0,9,5,0,12,0.43736,0.09997,0.08275,clahe,18,18,18,13,18,12
01_11_09_05_0069.bmp,0,9,5,0,12,0.44364,0.10354,0.08748,clahe,11,13,13,13,11,13
01_11_09_05_0077.bmp,0,9,5,0,12,0.4305,0.11171,0.10392,passthrough,13,13,13,13,13,13
01_11_09_05_0078.bmp,0,9,5,0,12,0.42474,0.11844,0.09065,passthrough,13,13,13,13,28,13
01_11_09_05_0080.bmp,0,9,5,0,12,0.42322,0.10106,0.0584,clahe,13,1,1,13,13,13
01_12_09_05_0002.bmp,0,9,5,0,17,0.45825,0.11617,0.10173,passthrough,13,13,18,13,18,13
01_12_09_05_0004.bmp,0,9,5,0,17,0.46673,0.1311,0.23611,passthrough,13,13,11,13,42,13
01_12_09_05_0005.bmp,0,9,5,0,17,0.47659,0.14787,0.13,passthrough,13,13,11,12,42,13
01_12_09_05_0006.bmp,1,9,5,0,17,0.47267,0.07325,0.0,clahe,11,35,35,12,11,12
01_12_09_05_0009.bmp,0,9,5,0,17,0.46247,0.14835,0.09286,passthrough,13,13,13,12,18,13
01_12_09_05_0009.bmp,1,9,5,0,17,0.50247,0.11719,0.08333,passthrough,12,12,11,12,11,12
01_12_09_05_0011.bmp,0,9,5,0,17,0.44884,0.16171,0.10913,passthrough,13,13,18,7,18,13
01_12_09_05_0011.bmp,1,9,5,0,17,0.47983,0.05498,0.0,clahe,18,18,18,12,18,12
01_12_09_05_0012.bmp,0,9,5,0,17,0.4338,0.14554,0.08929,passthrough,13,13,7,12,28,13
01_12_09_05_0012.bmp,1,9,5,0,17,0.48158,0.05121,0.0,clahe,13,18,18,12,13,12
01_12_09_05_0013.bmp,0,9,5,0,17,0.4683,0.17093,0.18427,passthrough,18,18,18,18,18,18
01_12_09_05_0015.bmp,0,9,5,0,17,0.44474,0.15342,0.08282,passthrough,7,7,18,7,18,7
01_12_09_05_0017.bmp,1,9,5,0,17,0.46863,0.05464,0.0,clahe,18,18,18,13,18,12
01_12_09_05_0018.bmp,1,9,5,0,17,0.48761,0.07551,0.08333,clahe,11,11,11,12,11,12
01_12_09_05_0021.bmp,1,9,5,0,17,0.49061,0.05672,0.0,clahe,11,11,11,12,11,12
01_12_09_05_0022.bmp,1,9,5,0,17,0.51524,0.07262,0.0,clahe,11,0,0,12,11,31
01_12_09_05_0024.bmp,1,9,5,0,17,0.50969,0.10957,0.0,stretch,12,12,19,35,13,31
01_12_09_05_0025.bmp,1,9,5,0,17,0.48414,0.04831,0.0,clahe,18,13,13,12,18,12
01_12_09_05_0028.bmp,1,9,5,0,17,0.48669,0.04391,0.0,clahe,11,11,11,12,11,12
01_12_09_05_0032.bmp,0,9,5,0,17,0.47746,0.10821,0.07102,stretch,12,12,18,12,18,12
01_12_09_05_0032.bmp,1,9,5,0,17,0.4861,0.07767,0.19697,clahe,11,32,32,13,11,31
01_12_09_05_0033.bmp,0,9,5,0,17,0.48819,0.10635,0.1272,passthrough,18,18,18,13,18,18
01_12_09_05_0033.bmp,1,9,5,0,17,0.49349,0.06543,0.0,clahe,18,35,35,35,18,31
01_12_09_05_0034.bmp,0,9,5,0,17,0.48554,0.12702,0.1191,passthrough,13,13,18,13,18,13
01_12_09_05_0035.bmp,0,9,5,0,17,0.47482,0.12029,0.18314,passthrough,13,13,24,1,18,13
01_12_09_05_0035.bmp,1,9,5,0,17,0.49623,0.09308,0.0,clahe,11,35,35,35,11,12
01_12_09_05_0036.bmp,1,9,5,0,17,0.44828,0.08604,0.23485,clahe,11,18,18,35,11,38
01_12_09_05_0037.bmp,0,9,5,0,17,0.46428,0.13333,0.14105,passthrough,13,13,24,13,18,13
01_12_09_05_0038.bmp,0,9,5,0,17,0.45709,0.13275,0.22198,passthrough,11,11,24,7,13,11
01_12_09_05_0040.bmp,0,9,5,0,17,0.44208,0.13656,0.12215,passthrough,13,13,18,13,18,13
01_12_09_05_0040.bmp,1,9,5,0,17,0.51072,0.04821,0.0,clahe,11,13,13,13,11,31
01_12_09_05_0041.bmp,0,9,5,0,17,0.45298,0.18777,0.11846,passthrough,18,18,13,13,18,18
01_12_09_05_0043.bmp,0,9,5,0,17,0.37148,0.10018,0.00217,clahe,13,18,18,13,13,13
01_12_09_05_0044.bmp,0,9,5,0,17,0.51162,0.0937,0.15909,clahe,18,18,18,35,18,11
01_12_09_05_0045.bmp,0,9,5,0,17,0.51693,0.09129,0.13636,clahe,18,11,11,35,18,31
01_12_09_05_0051.bmp,0,9,5,0,17,0.48241,0.08609,0.09091,clahe,11,13,13,13,11,12
01_12_09_05_0052.bmp,0,9,5,0,17,0.47002,0.09465,0.0,clahe,18,13,13,13,18,38
01_12_09_05_0056.bmp,0,9,5,0,17,0.49064,0.09621,0.13149,clahe,11,11,11,7,11,11
01_12_09_05_0060.bmp,0,9,5,0,17,0.4684,0.08846,0.10727,clahe,18,42,42,42,18,25
01_12_09_05_0061.bmp,0,9,5,0,17,0.48721,0.07297,0.19723,clahe,11,11,11,36,11,18
01_12_09_05_0062.bmp,0,9,5,0,17,0.48456,0.10485,0.25606,clahe,11,18,18,13,11,18
01_12_09_05_0068.bmp,0,9,5,0,17,0.48734,0.10205,0.15238,clahe,11,11,11,12,11,11
01_12_09_05_0072.bmp,0,9,5,0,17,0.46892,0.10151,0.13445,clahe,18,18,18,13,18,18
01_12_09_05_0075.bmp,0,9,5,0,17,0.48604,0.10899,0.14286,passthrough,11,11,11,13,28,11
01_12_09_05_0077.bmp,0,9,5,0,17,0.49095,0.1155,0.12952,passthrough,13,13,18,7,28,13
01_12_09_05_0078.bmp,0,9,5,0,17,0.48178,0.11292,0.1616,passthrough,7,7,11,7,11,7
01_12_09_05_0081.bmp,0,9,5,0,17,0.48983,0.12421,0.1408,passthrough,11,11,18,7,18,11
01_12_09_05_0082.bmp,0,9,5,0,17,0.49529,0.12165,0.216,passthrough,11,11,11,11,11,11
01_12_09_05_0085.bmp,0,9,5,0,17,0.46945,0.11201,0.1728,passthrough,11,11,7,13,28,11
01_12_09_05_0086.bmp,0,9,5,0,17,0.49784,0.10724,0.1136,passthrough,11,11,18,7,11,11
01_12_09_05_0088.bmp,0,9,5,0,17,0.5019,0.10886,0.09037,passthrough,11,11,18,7,18,11
01_12_09_05_0092.bmp,0,9,5,0,17,0.47015,0.12425,0.06571,stretch,13,13,18,7,18,13
01_12_09_05_0093.bmp,0,9,5,0,17,0.47429,0.11398,0.05714,stretch,13,13,18,7,18,13
01_12_09_05_0097.bmp,0,9,5,0,17,0.47362,0.11991,0.09389,passthrough,13,13,7,7,18,13
01_12_09_05_0098.bmp,0,9,5,0,17,0.46929,0.10876,0.06109,stretch,13,13,13,7,18,13
01_12_09_05_0101.bmp,0,9,5,0,17,0.47788,0.13705,0.06552,stretch,11,11,18,13,13,11
01_12_09_05_0105.bmp,0,9,5,0,17,0.46053,0.14685,0.10011,passthrough,13,13,7,7,18,13
01_12_09_05_0107.bmp,0,9,5,0,17,0.46253,0.11857,0.05318,stretch,11,11,7,13,18,11
01_12_09_05_0112.bmp,0,9,5,0,17,0.47223,0.13613,0.09467,passthrough,7,7,26,7,28,7
01_12_09_05_0113.bmp,0,9,5,0,17,0.46941,0.15771,0.04656,stretch,7,7,18,7,18,7
01_13_09_05_0002.bmp,1,9,5,0,13,0.63393,0.1687,0.23833,passthrough,13,13,13,13,13,13
01_13_09_05_0003.bmp,1,9,5,0,13,0.64412,0.13494,0.255,passthrough,13,13,13,13,12,13
01_13_09_05_0005.bmp,1,9,5,0,13,0.64912,0.1554,0.22833,passthrough,13,13,13,13,13,13
01_13_09_05_0006.bmp,0,9,5,0,13,0.57112,0.08395,0.26923,clahe,42,13,13,12,42,12
01_13_09_05_0006.bmp,1,9,5,0,13,0.63547,0.16668,0.27885,passthrough,13,13,13,13,13,13
01_13_09_05_0007.bmp,1,9,5,0,13,0.63853,0.15675,0.28159,passthrough,13,13,13,13,28,13
01_13_09_05_0010.bmp,1,9,5,0,13,0.62535,0.14874,0.23077,passthrough,18,18,13,13,13,18
01_13_09_05_0013.bmp,0,9,5,0,13,0.54424,0.08928,0.12179,clahe,11,13,13,12,11,12
01_13_09_05_0014.bmp,1,9,5,0,13,0.60469,0.16215,0.23901,passthrough,13,13,13,13,18,13
01_13_09_05_0016.bmp,1,9,5,0,13,0.61547,0.17681,0.28205,passthrough,13,13,13,13,13,13
01_13_09_05_0022.bmp,0,9,5,0,13,0.53012,0.07908,0.17308,clahe,11,13,13,12,11,12
01_13_09_05_0024.bmp,0,9,5,0,13,0.54811,0.09943,0.26282,clahe,11,13,13,12,11,12
01_13_09_05_0024.bmp,1,9,5,0,13,0.60659,0.19145,0.23302,passthrough,13,13,13,13,13,13
01_13_09_05_0025.bmp,1,9,5,0,13,0.59368,0.16618,0.24381,passthrough,13,13,13,13,13,13
01_13_09_05_0026.bmp,0,9,5,0,13,0.55515,0.10417,0.19231,clahe,11,13,13,13,11,12
01_13_09_05_0028.bmp,1,9,5,0,13,0.5956,0.17135,0.21701,passthrough,13,13,13,13,13,13
01_13_09_05_0029.bmp,1,9,5,0,13,0.59372,0.16906,0.19835,passthrough,13,13,13,13,13,13
01_13_09_05_0030.bmp,0,9,5,0,13,0.5639,0.15349,0.25641,passthrough,12,12,13,12,11,12
01_13_09_05_0031.bmp,1,9,5,0,13,0.60794,0.19214,0.21567,passthrough,13,13,13,13,13,13
01_13_09_05_0032.bmp,1,9,5,0,13,0.60731,0.2032,0.23871,passthrough,13,13,13,13,13,13
01_13_09_05_0034.bmp,0,9,5,0,13,0.57318,0.13295,0.16667,passthrough,12,12,13,13,42,12
01_13_09_05_0035.bmp,1,9,5,0,13,0.60407,0.20313,0.18264,passthrough,13,13,13,13,13,13
01_13_09_05_0037.bmp,0,9,5,0,13,0.59555,0.15113,0.30128,passthrough,12,12,13,13,42,12
01_13_09_05_0037.bmp,1,9,5,0,13,0.62165,0.18489,0.20965,passthrough,13,13,13,13,13,13
01_13_09_05_0038.bmp,0,9,5,0,13,0.60958,0.15754,0.28205,passthrough,12,12,13,40,1,12
01_13_09_05_0040.bmp,0,9,5,0,13,0.61166,0.14387,0.28205,passthrough,12,12,13,13,11,12
01_13_09_05_0043.bmp,1,9,5,0,13,0.59355,0.20051,0.18844,passthrough,13,13,13,13,13,13
01_13_09_05_0045.bmp,1,9,5,0,13,0.60342,0.18432,0.1848,passthrough,13,13,13,13,18,13
01_13_09_05_0047.bmp,0,9,5,0,13,0.59426,0.13766,0.22105,passthrough,13,13,13,40,40,13
01_13_09_05_0047.bmp,1,9,5,0,13,0.60491,0.19408,0.17551,passthrough,13,13,13,13,13,13
01_13_09_05_0048.bmp,0,9,5,0,13,0.58591,0.13859,0.17659,passthrough,13,13,13,40,12,13
01_13_09_05_0050.bmp,0,9,5,0,13,0.59157,0.15696,0.24802,passthrough,13,13,13,13,13,13
01_13_09_05_0052.bmp,0,9,5,0,13,0.58729,0.13478,0.22095,passthrough,12,12,13,13,13,12
01_13_09_05_0053.bmp,0,9,5,0,13,0.56985,0.15536,0.20952,passthrough,13,13,18,13,18,13
01_13_09_05_0054.bmp,0,9,5,0,13,0.60505,0.13392,0.21143,passthrough,13,13,13,13,13,13
01_13_09_05_0056.bmp,1,9,5,0,13,0.59396,0.17556,0.1875,passthrough,13,13,13,13,13,13
01_13_09_05_0058.bmp,0,9,5,0,13,0.59102,0.14285,0.16381,passthrough,13,13,13,13,18,13
01_13_09_05_0058.bmp,1,9,5,0,13,0.57833,0.17823,0.21734,passthrough,13,13,13,13,24,13
01_13_09_05_0059.bmp,0,9,5,0,13,0.59446,0.15308,0.12381,passthrough,13,13,13,13,18,13
01_13_09_05_0059.bmp,1,9,5,0,13,0.58431,0.19395,0.17065,passthrough,13,13,13,13,13,13
01_13_09_05_0060.bmp,0,9,5,0,13,0.57689,0.15549,0.14286,passthrough,13,13,13,13,13,13
01_13_09_05_0061.bmp,0,9,5,0,13,0.59401,0.14941,0.1488,passthrough,13,13,13,13,12,13
01_13_09_05_0061.bmp,1,9,5,0,13,0.5739,0.20382,0.16388,passthrough,13,13,13,13,13,13
01_13_09_05_0062.bmp,0,9,5,0,13,0.59506,0.14178,0.15556,passthrough,13,13,13,13,13,13
01_13_09_05_0062.bmp,1,9,5,0,13,0.56691,0.23351,0.12981,passthrough,13,13,13,13,13,13
01_13_09_05_0065.bmp,1,9,5,0,13,0.47654,0.05384,0.0,clahe,1,12,12,12,1,12
01_13_09_05_0067.bmp,1,9,5,0,13,0.4732,0.05457,0.0,clahe,12,18,18,12,12,12
01_13_09_05_0068.bmp,0,9,5,0,13,0.61523,0.14893,0.23873,passthrough,13,13,13,13,13,13
01_13_09_05_0068.bmp,1,9,5,0,13,0.47145,0.06022,0.0,clahe,18,35,35,12,18,12
01_13_09_05_0070.bmp,0,9,5,0,13,0.60479,0.16925,0.26658,passthrough,13,13,13,13,13,13
01_13_09_05_0071.bmp,0,9,5,0,13,0.61908,0.13988,0.20955,passthrough,13,13,13,13,13,13
01_13_09_05_0073.bmp,0,9,5,0,13,0.62728,0.14728,0.15581,passthrough,13,13,13,40,40,13
01_13_09_05_0074.bmp,0,9,5,0,13,0.6311,0.14898,0.19911,passthrough,13,13,13,13,18,13
01_13_09_05_0075.bmp,0,9,5,0,13,0.61335,0.14578,0.1874,passthrough,13,13,13,13,18,13
01_13_09_05_0078.bmp,1,9,5,0,13,0.47778,0.06614,0.0,clahe,18,32,32,12,18,12
01_13_09_05_0079.bmp,1,9,5,0,13,0.50721,0.07816,0.0,clahe,18,18,18,12,18,12
01_13_09_05_0080.bmp,1,9,5,0,13,0.48571,0.04425,0.0,clahe,18,11,11,12,18,12
01_13_09_05_0082.bmp,1,9,5,0,13,0.53307,0.06194,0.0,clahe,18,32,32,12,18,12
01_13_09_05_0084.bmp,0,9,5,0,13,0.6276,0.13269,0.14628,passthrough,13,13,13,13,18,13
01_13_09_05_0084.bmp,1,9,5,0,13,0.48473,0.0706,0.0,clahe,18,13,13,12,18,12
01_13_09_05_0085.bmp,0,9,5,0,13,0.63668,0.12086,0.16399,passthrough,13,13,13,13,18,13
01_13_09_05_0085.bmp,1,9,5,0,13,0.53034,0.10696,0.0,stretch,12,12,12,12,11,12
01_13_09_05_0086.bmp,1,9,5,0,13,0.47246,0.10605,0.12857,clahe,12,18,18,12,12,12
01_13_09_05_0088.bmp,1,9,5,0,13,0.53303,0.07125,0.0,clahe,18,18,18,12,18,12
01_13_09_05_0089.bmp,0,9,5,0,13,0.62429,0.15963,0.14269,passthrough,13,13,13,13,13,13
01_13_09_05_0090.bmp,0,9,5,0,13,0.62959,0.12948,0.11291,passthrough,13,13,13,13,18,13
01_13_09_05_0090.bmp,1,9,5,0,13,0.52417,0.07577,0.0,clahe,11,32,32,12,11,12
01_13_09_05_0091.bmp,0,9,5,0,13,0.64022,0.13763,0.14623,passthrough,13,13,13,13,18,13
01_13_09_05_0091.bmp,1,9,5,0,13,0.51069,0.07332,0.0,clahe,11,18,18,12,11,12
01_13_09_05_0093.bmp,1,9,5,0,13,0.49247,0.08546,0.13025,clahe,11,18,18,12,11,12
01_13_09_05_0095.bmp,1,9,5,0,13,0.52662,0.06582,0.0,clahe,11,35,35,12,11,12
01_13_09_05_0096.bmp,1,9,5,0,13,0.51569,0.07313,0.0,clahe,11,35,35,12,11,12
01_13_09_05_0097.bmp,1,9,5,0,13,0.49362,0.0851,0.03361,clahe,18,11,11,12,18,12
01_13_09_05_0098.bmp,1,9,5,0,13,0.5194,0.0912,0.0,clahe,18,12,12,12,18,12
01_13_09_05_0100.bmp,0,9,5,0,13,0.63085,0.13715,0.11439,passthrough,13,13,13,13,1,13
01_13_09_05_0101.bmp,1,9,5,0,13,0.53613,0.06599,0.0,clahe,11,18,18,12,11,12
01_13_09_05_0102.bmp,0,9,5,0,13,0.63853,0.15458,0.10611,passthrough,13,13,13,13,11,13
01_13_09_05_0104.bmp,1,9,5,0,13,0.52412,0.07918,0.0,clahe,18,18,18,12,18,12
01_13_09_05_0105.bmp,0,9,5,0,13,0.62123,0.14819,0.13945,passthrough,13,13,13,13,13,13
01_13_09_05_0106.bmp,0,9,5,0,13,0.62215,0.15856,0.11666,passthrough,13,13,13,13,1,13
01_13_09_05_0107.bmp,0,9,5,0,13,0.61209,0.17117,0.13269,passthrough,13,13,13,13,13,13
01_13_09_05_0110.bmp,1,9,5,0,13,0.53061,0.07516,0.01581,clahe,12,18,18,12,12,12
01_13_09_05_0112.bmp,0,9,5,0,13,0.5624,0.16884,0.0882,passthrough,13,13,13,40,25,13
01_13_09_05_0113.bmp,1,9,5,0,13,0.53942,0.10573,0.11285,clahe,18,18,18,1,18,12
01_13_09_05_0115.bmp,1,9,5,0,13,0.53471,0.12765,0.10243,passthrough,12,12,18,12,18,12
01_13_09_05_0116.bmp,0,9,5,0,13,0.41237,0.06651,0.06731,clahe,11,11,11,12,11,12
01_13_09_05_0117.bmp,0,9,5,0,13,0.38151,0.10354,0.21429,clahe,1,32,32,13,1,12
01_13_09_05_0117.bmp,1,9,5,0,13,0.54054,0.11847,0.11111,passthrough,12,12,18,12,18,12
01_13_09_05_0119.bmp,1,9,5,0,13,0.52619,0.13161,0.16146,passthrough,18,18,18,12,18,18
01_13_09_05_0120.bmp,0,9,5,0,13,0.4104,0.0914,0.09744,clahe,11,13,13,12,11,12
01_13_09_05_0120.bmp,1,9,5,0,13,0.52064,0.1186,0.03646,stretch,12,12,35,12,18,12
01_13_09_05_0121.bmp,0,9,5,0,13,0.40468,0.07201,0.0,clahe,11,32,32,12,11,12
01_13_09_05_0121.bmp,1,9,5,0,13,0.50193,0.11348,0.11806,passthrough,12,12,13,12,11,12
01_13_09_05_0122.bmp,1,9,5,0,13,0.52108,0.11201,0.05692,stretch,12,12,13,12,11,12
01_13_09_05_0124.bmp,1,9,5,0,13,0.5211,0.13629,0.10014,passthrough,18,18,18,18,18,18
01_13_09_05_0128.bmp,0,9,5,0,13,0.37426,0.07842,0.0,clahe,18,13,13,13,18,13
01_13_09_05_0129.bmp,1,9,5,0,13,0.50792,0.10025,0.09655,clahe,13,13,13,12,13,12
01_13_09_05_0130.bmp,0,9,5,0,13,0.38907,0.0804,0.01692,clahe,28,11,11,13,28,13
01_13_09_05_0130.bmp,1,9,5,0,13,0.51188,0.11108,0.13908,passthrough,18,18,18,1,18,18
01_13_09_05_0131.bmp,0,9,5,0,13,0.37435,0.06206,0.04429,clahe,18,13,13,13,18,12
01_13_09_05_0134.bmp,0,9,5,0,13,0.36847,0.07341,0.03115,clahe,18,7,7,12,18,12
01_13_09_05_0135.bmp,1,9,5,0,13,0.52389,0.0908,0.07041,clahe,18,18,18,13,18,12
01_13_09_05_0137.bmp,0,9,5,0,13,0.38247,0.07217,0.0,clahe,18,18,18,12,18,12
01_13_09_05_0137.bmp,1,9,5,0,13,0.5039,0.11464,0.07219,stretch,12,12,18,12,28,12
01_13_09_05_0138.bmp,0,9,5,0,13,0.37821,0.09638,0.03021,clahe,18,18,18,13,18,13
01_13_09_05_0139.bmp,0,9,5,0,13,0.36407,0.10678,0.07353,passthrough,13,13,13,13,18,13
01_13_09_05_0140.bmp,1,9,5,0,13,0.53114,0.09023,0.09061,clahe,18,18,18,12,18,12
01_13_09_05_0142.bmp,1,9,5,0,13,0.5223,0.10948,0.10458,passthrough,18,18,7,1,18,18
01_13_09_05_0143.bmp,1,9,5,0,13,0.52722,0.08211,0.06502,clahe,18,18,18,12,18,12
01_13_09_05_0144.bmp,0,9,5,0,13,0.36403,0.07791,0.02979,clahe,18,13,13,13,18,13
01_13_09_05_0145.bmp,0,9,5,0,13,0.37225,0.08412,0.05344,clahe,18,13,13,13,18,13
01_13_09_05_0145.bmp,1,9,5,0,13,0.50398,0.12361,0.12771,passthrough,18,18,18,13,1,18
01_13_09_05_0147.bmp,1,9,5,0,13,0.53224,0.1075,0.06889,stretch,18,18,18,12,18,18
01_13_09_05_0152.bmp,1,9,5,0,13,0.53372,0.09236,0.07839,clahe,28,7,7,13,28,12
01_13_09_05_0153.bmp,1,9,5,0,13,0.54584,0.10248,0.07766,clahe,1,13,13,12,1,12
01_13_09_05_0154.bmp,0,9,5,0,13,0.36929,0.0853,0.04482,clahe,13,13,13,13,13,13
01_13_09_05_0154.bmp,1,9,5,0,13,0.54323,0.09339,0.04204,clahe,1,7,7,12,1,12
01_13_09_05_0155.bmp,0,9,5,0,13,0.36261,0.10248,0.05744,clahe,13,13,13,13,13,13
01_13_09_05_0155.bmp,1,9,5,0,13,0.54322,0.10238,0.12108,clahe,28,28,28,12,28,18
01_13_09_05_0156.bmp,1,9,5,0,13,0.5367,0.10696,0.06959,stretch,12,12,18,12,1,12
01_13_09_05_0158.bmp,1,9,5,0,13,0.53451,0.11625,0.1355,passthrough,18,18,18,13,28,18
01_13_09_05_0159.bmp,1,9,5,0,13,0.55095,0.10588,0.12327,clahe,12,18,18,12,12,12
01_13_09_05_0160.bmp,1,9,5,0,13,0.54906,0.10814,0.14947,passthrough,18,18,18,1,18,18
01_13_09_05_0161.bmp,0,9,5,0,13,0.37712,0.12257,0.08063,passthrough,13,13,24,13,18,13
01_13_09_05_0161.bmp,1,9,5,0,13,0.55555,0.08903,0.05489,clahe,40,13,13,12,40,12
01_13_09_05_0164.bmp,0,9,5,0,13,0.39547,0.13074,0.07251,passthrough,13,13,13,13,13,13
01_13_09_05_0165.bmp,1,9,5,0,13,0.55098,0.09096,0.08664,clahe,18,18,18,12,18,12
01_13_09_05_0166.bmp,0,9,5,0,13,0.39159,0.1659,0.10052,passthrough,13,13,13,13,18,13
01_13_09_05_0167.bmp,0,9,5,0,13,0.42712,0.14456,0.07228,stretch,13,13,13,13,18,13
01_13_09_05_0167.bmp,1,9,5,0,13,0.55172,0.10628,0.12897,passthrough,12,12,7,1,1,12
01_13_09_05_0169.bmp,0,9,5,0,13,0.42219,0.04708,0.0,clahe,11,18,18,12,11,12
01_13_09_05_0173.bmp,1,9,5,0,13,0.53587,0.09391,0.11645,clahe,18,18,18,1,18,18
01_13_09_05_0175.bmp,1,9,5,0,13,0.52224,0.10289,0.16886,clahe,18,18,18,1,18,18
01_13_09_05_0177.bmp,0,9,5,0,13,0.41334,0.05683,0.0,clahe,11,18,18,12,11,12
01_13_09_05_0177.bmp,1,9,5,0,13,0.55909,0.09691,0.07387,clahe,12,13,13,12,12,12
01_13_09_05_0180.bmp,0,9,5,0,13,0.43316,0.05401,0.0,clahe,42,12,12,12,42,12
01_13_09_05_0181.bmp,1,9,5,0,13,0.55884,0.10858,0.11905,passthrough,12,12,13,12,12,12
01_13_09_05_0186.bmp,1,9,5,0,13,0.56862,0.10018,0.10256,clahe,12,13,13,12,12,12
01_13_09_05_0187.bmp,0,9,5,0,13,0.43304,0.09372,0.09091,clahe,11,13,13,19,11,12
01_13_09_05_0191.bmp,0,9,5,0,13,0.40918,0.06369,0.0,clahe,42,13,13,12,42,12
01_13_09_05_0192.bmp,1,9,5,0,13,0.54906,0.11215,0.06838,stretch,12,12,13,40,13,12
01_13_09_05_0194.bmp,0,9,5,0,13,0.47448,0.10354,0.0,clahe,11,35,35,12,11,12
01_13_09_05_0198.bmp,0,9,5,0,13,0.4011,0.09145,0.07143,clahe,18,18,18,13,18,12
01_13_09_05_0198.bmp,1,9,5,0,13,0.58067,0.1023,0.09158,clahe,18,18,18,12,18,12
01_13_09_05_0200.bmp,0,9,5,0,13,0.40355,0.05957,0.0,clahe,42,13,13,13,42,12
01_13_09_05_0200.bmp,1,9,5,0,13,0.57818,0.10073,0.10501,clahe,18,18,18,12,18,12
01_13_09_05_0203.bmp,1,9,5,0,13,0.56753,0.10619,0.07753,passthrough,12,12,13,12,13,12
01_13_09_05_0204.bmp,1,9,5,0,13,0.56856,0.10768,0.10684,passthrough,12,12,24,1,18,12
01_13_09_05_0205.bmp,1,9,5,0,13,0.56483,0.12358,0.15324,passthrough,12,12,18,12,18,12
01_13_09_05_0206.bmp,0,9,5,0,13,0.3956,0.04685,0.0,clahe,1,12,12,12,1,12
01_13_09_05_0209.bmp,0,9,5,0,13,0.40837,0.06801,0.0,clahe,18,35,35,13,18,12
01_13_09_05_0211.bmp,1,9,5,0,13,0.56826,0.09279,0.08242,clahe,18,18,18,12,18,12
01_13_09_05_0212.bmp,0,9,5,0,13,0.39679,0.06103,0.0,clahe,1,12,12,12,1,12
01_13_09_05_0213.bmp,0,9,5,0,13,0.38042,0.06978,0.0,clahe,42,35,35,12,42,12
01_13_09_05_0213.bmp,1,9,5,0,13,0.54755,0.12739,0.10684,passthrough,12,12,13,12,18,12
01_13_09_05_0215.bmp,1,9,5,0,13,0.56377,0.09996,0.13797,clahe,28,13,13,12,28,18
01_13_09_05_0216.bmp,0,9,5,0,13,0.40093,0.0709,0.0,clahe,18,13,13,12,18,12
01_13_09_05_0219.bmp,0,9,5,0,13,0.39994,0.08452,0.06538,clahe,28,13,13,13,28,12
01_13_09_05_0219.bmp,1,9,5,0,13,0.56758,0.11496,0.07937,passthrough,12,12,13,12,1,12
01_13_09_05_0222.bmp,0,9,5,0,13,0.39508,0.09862,0.08405,clahe,18,13,13,13,18,13
01_13_09_05_0223.bmp,0,9,5,0,13,0.39672,0.0986,0.12222,clahe,18,13,13,13,18,13
01_13_09_05_0223.bmp,1,9,5,0,13,0.56825,0.0907,0.12332,clahe,18,18,18,12,18,12
01_13_09_05_0224.bmp,0,9,5,0,13,0.40421,0.09111,0.10305,clahe,18,13,13,13,18,13
01_13_09_05_0225.bmp,0,9,5,0,13,0.41783,0.0999,0.11632,clahe,18,13,13,13,18,13
01_13_09_05_0227.bmp,0,9,5,0,13,0.4132,0.10589,0.08498,clahe,13,13,13,13,13,13
01_13_09_05_0227.bmp,1,9,5,0,13,0.56218,0.11831,0.13736,passthrough,12,12,18,12,12,12
01_13_09_05_0229.bmp,0,9,5,0,13,0.40714,0.0904,0.09402,clahe,18,1,1,13,18,13
01_13_09_05_0231.bmp,1,9,5,0,13,0.59382,0.11522,0.09768,passthrough,12,12,18,40,18,12
01_13_09_05_0233.bmp,0,9,5,0,13,0.40704,0.09335,0.05867,clahe,18,13,13,13,18,13
01_13_09_05_0239.bmp,0,9,5,0,13,0.4409,0.15073,0.1276,passthrough,13,13,13,13,1,13
01_13_09_05_0239.bmp,1,9,5,0,13,0.58092,0.11674,0.11294,passthrough,18,18,18,12,18,18
01_13_09_05_0240.bmp,1,9,5,0,13,0.57706,0.12496,0.15385,passthrough,13,13,13,12,28,13
01_13_09_05_0241.bmp,0,9,5,0,13,0.46574,0.18246,0.1576,passthrough,13,13,13,13,13,13
01_13_09_05_0244.bmp,0,9,5,0,13,0.46256,0.19847,0.15186,passthrough,18,18,13,13,28,18
01_13_09_05_0244.bmp,1,9,5,0,13,0.57598,0.12331,0.12943,passthrough,12,12,13,12,13,12
01_13_09_05_0245.bmp,0,9,5,0,13,0.45336,0.18261,0.07233,stretch,13,13,13,13,13,13
01_13_09_05_0248.bmp,0,9,5,0,13,0.46146,0.12583,0.0789,passthrough,13,13,13,13,13,13
01_13_09_05_0248.bmp,1,9,5,0,13,0.57181,0.11749,0.12943,passthrough,18,18,18,1,18,18
01_13_09_05_0249.bmp,1,9,5,0,13,0.57844,0.12364,0.1221,passthrough,13,13,13,13,13,13
01_13_09_05_0250.bmp,1,9,5,0,13,0.57973,0.11896,0.11355,passthrough,12,12,13,12,13,12
01_13_09_05_0251.bmp,1,9,5,0,13,0.56953,0.11613,0.1746,passthrough,12,12,1,1,1,12
01_13_09_05_0252.bmp,0,9,5,0,13,0.48227,0.12597,0.10274,passthrough,13,13,13,13,13,13
01_13_09_05_0253.bmp,0,9,5,0,13,0.48373,0.12974,0.07891,passthrough,13,13,13,13,13,13
01_13_09_05_0255.bmp,1,9,5,0,13,0.57556,0.11595,0.19048,passthrough,18,18,18,1,18,18
01_13_09_05_0256.bmp,0,9,5,0,13,0.47543,0.12119,0.06358,stretch,13,13,13,13,1,13
01_13_09_05_0257.bmp,0,9,5,0,13,0.4696,0.12924,0.0808,passthrough,13,13,13,13,1,13
01_13_09_05_0257.bmp,1,9,5,0,13,0.57632,0.12022,0.12759,passthrough,12,12,18,12,18,12
01_13_09_05_0260.bmp,1,9,5,0,13,0.56209,0.10792,0.1398,passthrough,12,12,13,13,13,12
01_13_09_05_0261.bmp,0,9,5,0,13,0.46733,0.11364,0.04567,stretch,13,13,13,13,13,13
01_13_09_05_0262.bmp,1,9,5,0,13,0.57155,0.10481,0.11538,clahe,18,18,18,12,18,12
01_13_09_05_0263.bmp,1,9,5,0,13,0.56942,0.11122,0.09035,passthrough,12,12,13,12,13,12
01_13_09_05_0266.bmp,1,9,5,0,13,0.57428,0.11344,0.12149,passthrough,12,12,24,12,13,12
01_13_09_05_0267.bmp,1,9,5,0,13,0.58056,0.11533,0.16728,passthrough,18,18,13,12,28,18
01_13_09_05_0268.bmp,0,9,5,0,13,0.43948,0.11447,0.02847,stretch,13,13,13,13,13,13
01_13_09_05_0268.bmp,1,9,5,0,13,0.57396,0.11018,0.10806,passthrough,12,12,13,12,18,12
01_13_09_05_0269.bmp,0,9,5,0,13,0.43815,0.08969,0.01865,clahe,13,13,13,13,13,13
01_13_09_05_0272.bmp,0,9,5,0,13,0.57515,0.11293,0.07021,stretch,12,12,13,12,13,12
01_13_09_05_0276.bmp,0,9,5,0,13,0.56551,0.12629,0.17094,passthrough,12,12,13,12,11,12
01_13_09_05_0277.bmp,0,9,5,0,13,0.57603,0.12172,0.14774,passthrough,18,18,13,1,18,18
01_13_09_05_0279.bmp,0,9,5,0,13,0.5825,0.11425,0.1337,passthrough,12,12,13,12,28,12
01_13_09_05_0281.bmp,0,9,5,0,13,0.57913,0.112,0.12088,passthrough,12,12,18,1,18,12
01_13_09_05_0285.bmp,0,9,5,0,13,0.57644,0.12354,0.18681,passthrough,18,18,13,1,18,18
01_13_09_05_0286.bmp,0,9,5,0,13,0.58225,0.09619,0.09585,clahe,13,13,13,12,13,18
01_13_09_05_0287.bmp,0,9,5,0,13,0.56816,0.12477,0.1514,passthrough,13,13,13,13,28,13
01_13_09_05_0291.bmp,0,9,5,0,13,0.5728,0.10402,0.17399,clahe,1,18,18,12,1,12
01_13_09_05_0293.bmp,0,9,5,0,13,0.57232,0.10355,0.11172,clahe,18,13,13,12,18,12
01_13_09_05_0294.bmp,0,9,5,0,13,0.55637,0.11425,0.13065,passthrough,12,12,18,13,1,12
01_13_09_05_0295.bmp,0,9,5,0,13,0.56682,0.11301,0.1685,passthrough,18,18,13,13,13,18
01_13_09_05_0296.bmp,0,9,5,0,13,0.56317,0.11045,0.10562,passthrough,12,12,18,12,18,12
01_13_09_05_0297.bmp,0,9,5,0,13,0.57224,0.0988,0.08669,clahe,12,13,13,12,12,12
01_13_09_05_0302.bmp,0,9,5,0,13,0.55533,0.11247,0.15206,passthrough,18,18,13,1,18,18
01_13_09_05_0304.bmp,0,9,5,0,13,0.54537,0.10603,0.07513,clahe,28,13,13,12,28,12
01_13_09_05_0305.bmp,0,9,5,0,13,0.54581,0.10476,0.04234,clahe,18,13,13,12,18,12
01_13_09_05_0306.bmp,0,9,5,0,13,0.54488,0.10078,0.10495,clahe,18,18,18,12,18,12
01_13_09_05_0310.bmp,0,9,5,0,13,0.55419,0.09887,0.09243,clahe,18,18,18,1,18,18
01_13_09_05_0311.bmp,0,9,5,0,13,0.54709,0.10255,0.11193,clahe,28,18,18,12,28,12
01_13_09_05_0312.bmp,0,9,5,0,13,0.54037,0.09543,0.04886,clahe,12,18,18,12,12,12
01_13_09_05_0313.bmp,0,9,5,0,13,0.55096,0.09438,0.10461,clahe,18,18,18,1,18,12
01_13_09_05_0317.bmp,0,9,5,0,13,0.54121,0.09649,0.12846,clahe,28,18,18,13,28,12
01_13_09_05_0322.bmp,0,9,5,0,13,0.56881,0.10903,0.09832,passthrough,12,12,1,1,18,12
01_13_09_05_0326.bmp,0,9,5,0,13,0.56819,0.1561,0.13867,passthrough,13,13,13,40,28,13
01_13_09_05_0328.bmp,0,9,5,0,13,0.56484,0.13525,0.11371,passthrough,12,12,13,12,28,12
01_13_09_05_0330.bmp,0,9,5,0,13,0.57023,0.15454,0.08242,passthrough,12,12,13,40,12,12
01_13_09_05_0337.bmp,0,9,5,0,13,0.59298,0.16047,0.21401,passthrough,25,25,13,12,28,25
01_13_09_05_0338.bmp,0,9,5,0,13,0.59523,0.17077,0.16721,passthrough,13,13,13,13,28,13
01_13_09_05_0339.bmp,0,9,5,0,13,0.60402,0.15474,0.20217,passthrough,12,12,13,40,13,12
01_13_09_05_0343.bmp,0,9,5,0,13,0.61571,0.13964,0.19679,passthrough,18,18,13,40,28,18
01_13_09_05_0349.bmp,0,9,5,0,13,0.62432,0.15829,0.13678,passthrough,25,25,13,40,13,25
01_13_09_05_0351.bmp,0,9,5,0,13,0.59712,0.16777,0.16308,passthrough,13,13,13,40,25,13
01_13_09_05_0353.bmp,0,9,5,0,13,0.56824,0.14822,0.11028,passthrough,13,13,13,40,13,13
01_13_09_05_0355.bmp,0,9,5,0,13,0.53368,0.12948,0.0878,passthrough,12,12,40,40,25,12
01_13_09_05_0358.bmp,0,9,5,0,13,0.48346,0.13935,0.18841,passthrough,13,13,7,1,1,13
01_13_09_05_0362.bmp,0,9,5,0,13,0.47467,0.17978,0.14917,passthrough,13,13,13,13,18,13
01_13_09_05_0364.bmp,0,9,5,0,13,0.47389,0.1584,0.1344,passthrough,13,13,13,13,24,13
01_13_09_05_0367.bmp,0,9,5,0,13,0.45305,0.15799,0.12656,passthrough,13,13,13,13,13,13
01_13_09_05_0368.bmp,0,9,5,0,13,0.46157,0.18036,0.10764,passthrough,13,13,18,13,18,13
01_13_09_05_0371.bmp,0,9,5,0,13,0.4362,0.16749,0.10921,passthrough,13,13,13,13,18,13
01_13_09_05_0373.bmp,0,9,5,0,13,0.42905,0.14395,0.11711,passthrough,13,13,24,13,18,13
01_13_09_05_0376.bmp,0,9,5,0,13,0.44009,0.15673,0.10351,passthrough,13,13,7,13,24,13
01_13_09_05_0386.bmp,0,9,5,0,13,0.48229,0.10484,0.17355,clahe,11,13,13,12,11,12
01_13_09_05_0388.bmp,0,9,5,0,13,0.45189,0.06078,0.0,clahe,11,10,10,12,11,12
01_13_09_05_0391.bmp,0,9,5,0,13,0.49496,0.09592,0.0,clahe,11,12,12,12,11,12
01_13_09_05_0393.bmp,0,9,5,0,13,0.48384,0.071,0.1405,clahe,11,13,13,12,11,12
01_13_09_05_0394.bmp,0,9,5,0,13,0.50579,0.0887,0.16529,clahe,42,16,16,12,42,12
01_13_09_05_0409.bmp,0,9,5,0,13,0.46676,0.06629,0.0,clahe,42,13,13,12,42,12
01_13_09_05_0410.bmp,0,9,5,0,13,0.47308,0.09836,0.19008,clahe,11,32,32,12,11,12
01_13_09_05_0412.bmp,0,9,5,0,13,0.48417,0.08639,0.26446,clahe,11,13,13,12,11,12
01_13_09_05_0415.bmp,0,9,5,0,13,0.46132,0.11702,0.26446,passthrough,12,12,13,13,42,12
01_13_09_05_0422.bmp,0,9,5,0,13,0.52886,0.09384,0.24793,clahe,11,13,13,12,11,12
01_13_09_05_0425.bmp,0,9,5,0,13,0.48945,0.08784,0.0,clahe,11,13,13,12,11,12
01_13_09_05_0426.bmp,0,9,5,0,13,0.50643,0.11531,0.26446,passthrough,12,12,13,13,11,12
01_13_09_05_0427.bmp,0,9,5,0,13,0.50384,0.11692,0.20661,passthrough,12,12,13,13,42,12
01_13_09_05_0431.bmp,0,9,5,0,13,0.51112,0.10625,0.17582,passthrough,12,12,13,12,11,12
01_13_09_05_0434.bmp,0,9,5,0,13,0.45132,0.15456,0.23333,passthrough,13,13,13,13,12,13
01_13_09_05_0441.bmp,0,9,5,0,13,0.4708,0.10422,0.20221,clahe,11,13,13,13,11,12
01_13_09_05_0442.bmp,0,9,5,0,13,0.45309,0.13888,0.17014,passthrough,13,13,35,13,11,13
01_13_09_05_0446.bmp,0,9,5,0,13,0.44148,0.11716,0.14338,passthrough,13,13,13,13,18,13
01_13_09_05_0449.bmp,0,9,5,0,13,0.45994,0.11434,0.19505,passthrough,12,12,13,13,11,12
01_13_09_05_0452.bmp,0,9,5,0,13,0.47153,0.09414,0.12782,clahe,13,35,35,13,13,12
01_13_09_05_0454.bmp,0,9,5,0,13,0.4643,0.08875,0.0,clahe,28,13,13,13,28,12
01_13_09_05_0455.bmp,0,9,5,0,13,0.45482,0.12773,0.17826,passthrough,13,13,13,13,13,13
01_13_09_05_0458.bmp,0,9,5,0,13,0.49566,0.10955,0.1413,passthrough,12,12,13,13,11,12
01_13_09_05_0462.bmp,0,9,5,0,13,0.50662,0.11266,0.21344,passthrough,12,12,13,40,11,12
01_13_09_05_0463.bmp,0,9,5,0,13,0.48941,0.13478,0.19368,passthrough,13,13,13,13,13,13
01_13_09_05_0465.bmp,0,9,5,0,13,0.52576,0.1546,0.17037,passthrough,13,13,40,13,11,13
01_13_09_05_0469.bmp,0,9,5,0,13,0.52134,0.16963,0.16667,passthrough,13,13,13,13,18,13
01_13_09_05_0470.bmp,0,9,5,0,13,0.51599,0.12073,0.14828,passthrough,12,12,18,12,1,12
01_13_09_05_0473.bmp,0,9,5,0,13,0.50884,0.14112,0.17026,passthrough,13,13,18,13,18,13
01_13_09_05_0474.bmp,0,9,5,0,13,0.49619,0.1224,0.16098,passthrough,13,13,18,13,18,13
01_13_09_05_0476.bmp,0,9,5,0,13,0.4809,0.12169,0.13434,passthrough,13,13,13,13,28,13
01_13_09_05_0477.bmp,0,9,5,0,13,0.48392,0.13447,0.16563,passthrough,13,13,13,13,18,13
01_13_09_05_0478.bmp,0,9,5,0,13,0.49126,0.10886,0.14744,passthrough,13,13,13,13,18,13
01_13_09_05_0481.bmp,0,9,5,0,13,0.46319,0.13633,0.10205,passthrough,13,13,13,13,1,13
01_13_09_05_0483.bmp,0,9,5,0,13,0.46274,0.11692,0.11875,passthrough,13,13,13,13,18,13
01_13_09_05_0486.bmp,0,9,5,0,13,0.44488,0.09728,0.02955,clahe,18,13,13,13,18,13
01_13_09_05_0487.bmp,0,9,5,0,13,0.44863,0.08971,0.0,clahe,40,13,13,12,40,13
01_13_09_05_0492.bmp,0,9,5,0,13,0.4564,0.11351,0.03814,stretch,13,13,24,13,13,13
01_13_09_05_0498.bmp,0,9,5,0,13,0.44476,0.09244,0.03852,clahe,18,13,13,13,18,13
01_13_09_05_0505.bmp,0,9,5,0,13,0.45973,0.09571,0.02782,clahe,1,13,13,13,1,13
01_13_09_05_0507.bmp,0,9,5,0,13,0.45412,0.09495,0.02196,clahe,18,13,13,13,18,13
01_13_09_05_0509.bmp,0,9,5,0,13,0.44677,0.10354,0.03455,clahe,18,13,13,13,18,13
01_13_09_05_0516.bmp,0,9,5,0,13,0.4733,0.072,0.0,clahe,42,32,32,12,42,12
01_13_09_05_0517.bmp,0,9,5,0,13,0.47701,0.06396,0.0979,clahe,42,13,13,12,42,12
01_13_09_05_0518.bmp,0,9,5,0,13,0.50262,0.0509,0.0,clahe,11,12,12,12,11,12
01_13_09_05_0522.bmp,0,9,5,0,13,0.48189,0.07758,0.0,clahe,11,13,13,12,11,12
01_13_09_05_0523.bmp,0,9,5,0,13,0.47918,0.0656,0.0,clahe,18,18,18,13,18,12
01_13_09_05_0524.bmp,0,9,5,0,13,0.48046,0.08443,0.0,clahe,42,35,35,12,42,12
01_13_09_05_0525.bmp,0,9,5,0,13,0.49061,0.10343,0.05263,clahe,18,13,13,12,18,12
01_13_09_05_0527.bmp,0,9,5,0,13,0.52229,0.09402,0.0,clahe,13,0,0,12,13,12
01_13_09_05_0528.bmp,0,9,5,0,13,0.48496,0.06242,0.0,clahe,13,35,35,12,13,12
01_13_09_05_0529.bmp,0,9,5,0,13,0.51904,0.09911,0.0625,clahe,12,1,1,12,12,12
01_13_09_05_0531.bmp,0,9,5,0,13,0.5254,0.09034,0.05882,clahe,11,13,13,12,11,12
01_13_09_05_0532.bmp,0,9,5,0,13,0.45885,0.08348,0.12587,clahe,12,32,32,12,12,12
01_13_09_05_0535.bmp,0,9,5,0,13,0.55901,0.09266,0.09722,clahe,18,18,18,12,18,12
01_13_09_05_0537.bmp,0,9,5,0,13,0.51893,0.13214,0.18889,passthrough,12,12,12,12,18,12
01_13_09_05_0539.bmp,0,9,5,0,13,0.53258,0.10219,0.12222,clahe,11,13,13,12,11,12
01_13_09_05_0540.bmp,0,9,5,0,13,0.47204,0.06961,0.0,clahe,11,32,32,19,11,12
01_13_09_05_0542.bmp,0,9,5,0,13,0.47964,0.07474,0.0,clahe,11,32,32,12,11,12
01_13_09_05_0544.bmp,0,9,5,0,13,0.42018,0.08292,0.18182,clahe,11,11,11,13,11,12
01_13_09_05_0551.bmp,0,9,5,0,13,0.53617,0.09022,0.0915,clahe,11,18,18,12,11,12
01_13_09_05_0552.bmp,0,9,5,0,13,0.45682,0.06169,0.1049,clahe,12,32,32,12,12,12
01_13_09_05_0553.bmp,0,9,5,0,13,0.51452,0.08601,0.0,clahe,12,13,13,12,12,12
01_13_09_05_0556.bmp,0,9,5,0,13,0.45241,0.05952,0.0,clahe,11,13,13,13,11,12
01_13_09_05_0559.bmp,0,9,5,0,13,0.50983,0.09466,0.05,clahe,18,18,18,12,18,18
01_13_09_05_0561.bmp,0,9,5,0,13,0.51958,0.07108,0.0,clahe,18,18,18,12,18,12
01_13_09_05_0562.bmp,0,9,5,0,13,0.43055,0.05765,0.0,clahe,11,18,18,12,11,12
01_13_09_05_0563.bmp,0,9,5,0,13,0.53198,0.06895,0.08466,clahe,18,12,12,12,18,12
01_13_09_05_0569.bmp,0,9,5,0,13,0.51235,0.08054,0.07525,clahe,18,18,18,12,18,12
01_13_09_05_0571.bmp,0,9,5,0,13,0.49849,0.07321,0.0,clahe,18,13,13,12,18,12
01_13_09_05_0572.bmp,0,9,5,0,13,0.44089,0.09526,0.13942,clahe,11,18,18,13,11,12
01_13_09_05_0574.bmp,0,9,5,0,13,0.4389,0.07553,0.0,clahe,13,13,13,13,13,12
01_13_09_05_0580.bmp,0,9,5,0,13,0.43826,0.07802,0.0,clahe,11,13,13,12,11,12
01_13_09_05_0583.bmp,0,9,5,0,13,0.49898,0.08868,0.01665,clahe,18,18,18,12,18,12
01_13_09_05_0584.bmp,0,9,5,0,13,0.42222,0.05277,0.0,clahe,11,13,13,13,11,12
01_13_09_05_0585.bmp,0,9,5,0,13,0.50213,0.06692,0.02735,clahe,18,18,18,12,18,12
01_13_09_05_0587.bmp,0,9,5,0,13,0.48653,0.06957,0.0,clahe,18,18,18,12,18,12
01_13_09_05_0589.bmp,0,9,5,0,13,0.46791,0.10207,0.07386,clahe,18,18,18,13,18,13
01_13_09_05_0590.bmp,0,9,5,0,13,0.39986,0.05282,0.0,clahe,12,13,13,13,12,12
01_13_09_05_0592.bmp,0,9,5,0,13,0.40072,0.08249,0.11765,clahe,11,18,18,13,11,12
01_13_09_05_0593.bmp,0,9,5,0,13,0.47062,0.06233,0.0,clahe,18,18,18,12,18,12
01_13_09_05_0594.bmp,0,9,5,0,13,0.38821,0.07012,0.0,clahe,18,35,35,35,18,12
01_13_09_05_0597.bmp,0,9,5,0,13,0.48214,0.07971,0.05887,clahe,18,18,18,12,18,18
01_13_09_05_0600.bmp,0,9,5,0,13,0.48864,0.10288,0.10965,clahe,18,18,18,12,18,18
01_13_09_05_0601.bmp,0,9,5,0,13,0.46884,0.09338,0.07132,clahe,18,18,18,13,18,18
01_13_09_05_0604.bmp,0,9,5,0,13,0.47755,0.07987,0.10082,clahe,18,18,18,12,18,12
01_13_09_05_0608.bmp,0,9,5,0,13,0.47679,0.08912,0.03022,clahe,18,18,18,12,18,12
01_13_09_05_0613.bmp,0,9,5,0,13,0.50212,0.09021,0.06246,clahe,18,18,18,12,18,12
01_13_09_05_0616.bmp,0,9,5,0,13,0.49186,0.10021,0.05382,clahe,11,13,13,13,11,13
01_13_09_05_0617.bmp,0,9,5,0,13,0.49703,0.08384,0.03045,clahe,13,13,13,12,13,12
01_13_09_05_0618.bmp,0,9,5,0,13,0.50665,0.10703,0.01533,stretch,12,12,13,12,11,12
01_13_09_05_0626.bmp,0,9,5,0,13,0.47873,0.1324,0.04925,stretch,12,12,13,12,11,12
01_03_12_03_0001.bmp,0,12,3,4,9,0.53704,0.0874,0.16667,clahe,0,13,13,13,0,13
01_03_12_03_0002.bmp,0,12,3,4,9,0.53873,0.08643,0.16364,clahe,6,13,13,13,6,13
01_03_12_03_0003.bmp,0,12,3,4,9,0.5414,0.0881,0.16667,clahe,41,13,13,13,41,13
01_03_12_03_0011.bmp,0,12,3,4,9,0.53625,0.097,0.155,clahe,41,40,40,13,41,13
01_03_12_03_0012.bmp,0,12,3,4,9,0.53696,0.0972,0.165,clahe,25,13,13,16,25,13
01_03_12_03_0015.bmp,0,12,3,4,9,0.53196,0.0986,0.11934,clahe,41,41,41,13,41,13
01_03_12_03_0018.bmp,0,12,3,4,9,0.5328,0.10283,0.15126,clahe,41,41,41,13,41,13
01_03_12_03_0021.bmp,0,12,3,4,9,0.52945,0.10331,0.1391,clahe,25,13,13,13,25,13
01_03_12_03_0022.bmp,0,12,3,4,9,0.52935,0.09835,0.13975,clahe,41,41,41,13,41,13
01_03_12_03_0024.bmp,0,12,3,4,9,0.52251,0.10263,0.14035,clahe,2,13,13,13,2,13
01_03_12_03_0026.bmp,0,12,3,4,9,0.51994,0.09714,0.12202,clahe,2,13,13,13,2,13
01_03_12_03_0029.bmp,0,12,3,4,9,0.51822,0.09565,0.11708,clahe,23,16,16,13,23,13
01_03_12_03_0030.bmp,0,12,3,4,9,0.51466,0.09198,0.11989,clahe,41,13,13,13,41,13
01_03_12_03_0031.bmp,0,12,3,4,9,0.51122,0.09323,0.11353,clahe,23,13,13,13,23,13
01_03_12_03_0037.bmp,0,12,3,4,9,0.49819,0.08465,0.08205,clahe,2,13,13,13,2,13
01_03_12_03_0039.bmp,0,12,3,4,9,0.49761,0.08465,0.0503,clahe,23,40,40,13,23,13
01_03_12_03_0044.bmp,0,12,3,4,9,0.50526,0.09479,0.11447,clahe,25,13,13,13,25,13
01_03_12_03_0046.bmp,0,12,3,4,9,0.50538,0.0966,0.05333,clahe,23,13,13,13,23,13
01_03_12_03_0048.bmp,0,12,3,4,9,0.51128,0.10858,0.11408,passthrough,13,13,13,13,23,13
01_03_12_03_0049.bmp,0,12,3,4,9,0.50649,0.10126,0.10895,clahe,9,40,40,13,9,13
01_03_12_03_0052.bmp,0,12,3,4,9,0.50215,0.10019,0.08784,clahe,13,13,13,13,13,13
01_03_12_03_0054.bmp,0,12,3,4,9,0.4996,0.10151,0.09143,clahe,25,13,13,13,25,13
01_03_12_03_0058.bmp,0,12,3,4,9,0.50712,0.09361,0.09179,clahe,2,13,13,13,2,13
01_03_12_03_0061.bmp,0,12,3,4,9,0.50361,0.08863,0.04386,clahe,9,41,41,13,9,13
01_03_12_03_0062.bmp,0,12,3,4,9,0.50424,0.08777,0.06383,clahe,25,41,41,13,25,13
01_03_12_03_0067.bmp,0,12,3,4,9,0.50872,0.08866,0.02921,clahe,9,41,41,13,9,13
01_03_12_03_0070.bmp,0,12,3,4,9,0.50921,0.09366,0.05338,clahe,13,14,14,13,13,13
01_03_12_03_0078.bmp,0,12,3,4,9,0.5118,0.10018,0.05915,clahe,41,9,9,13,41,13
01_03_12_03_0079.bmp,0,12,3,4,9,0.51029,0.09771,0.07061,clahe,2,9,9,13,2,13
01_03_12_03_0081.bmp,0,12,3,4,9,0.50997,0.10487,0.05891,clahe,13,14,14,13,13,13
01_03_12_03_0083.bmp,0,12,3,4,9,0.50801,0.1072,0.07072,stretch,9,9,14,13,23,13
01_03_12_03_0084.bmp,0,12,3,4,9,0.50526,0.10798,0.05908,stretch,9,9,9,13,41,13
01_06_12_03_0001.bmp,1,12,3,4,14,0.54123,0.09993,0.31667,clahe,12,14,14,25,12,36
01_06_12_03_0002.bmp,0,12,3,4,14,0.52437,0.10395,0.16932,clahe,25,25,25,13,25,25
01_06_12_03_0002.bmp,1,12,3,4,14,0.52899,0.08281,0.07083,clahe,0,40,40,13,0,36
01_06_12_03_0004.bmp,0,12,3,4,14,0.50472,0.0974,0.14732,clahe,25,25,25,25,25,25
01_06_12_03_0005.bmp,1,12,3,4,14,0.52111,0.08267,0.0125,clahe,25,13,13,13,25,36
01_06_12_03_0007.bmp,0,12,3,4,14,0.51007,0.10805,0.1982,passthrough,25,25,14,25,25,25
01_06_12_03_0007.bmp,1,12,3,4,14,0.53089,0.09646,0.23583,clahe,12,14,14,25,12,25
01_06_12_03_0008.bmp,1,12,3,4,14,0.52861,0.09099,0.12143,clahe,23,14,14,36,23,36
01_06_12_03_0010.bmp,0,12,3,4,14,0.51387,0.11086,0.22271,passthrough,25,25,14,25,25,25
01_06_12_03_0013.bmp,1,12,3,4,14,0.52931,0.10961,0.2236,passthrough,25,25,4,25,25,25
01_06_12_03_0014.bmp,0,12,3,4,14,0.50715,0.11096,0.20153,passthrough,25,25,14,25,25,25
01_06_12_03_0016.bmp,1,12,3,4,14,0.53653,0.11082,0.21558,passthrough,25,25,14,25,24,25
01_06_12_03_0020.bmp,0,12,3,4,14,0.5004,0.10532,0.15869,clahe,2,14,14,25,2,25
01_06_12_03_0021.bmp,0,12,3,4,14,0.49953,0.1049,0.18355,clahe,24,14,14,25,24,25
01_06_12_03_0022.bmp,0,12,3,4,14,0.49573,0.1086,0.19298,passthrough,25,25,14,25,2,25
01_06_12_03_0022.bmp,1,12,3,4,14,0.54597,0.13224,0.1728,passthrough,25,25,24,25,11,25
01_06_12_03_0023.bmp,0,12,3,4,14,0.50095,0.1149,0.17486,passthrough,25,25,14,25,25,25
01_06_12_03_0023.bmp,1,12,3,4,14,0.55992,0.14403,0.17701,passthrough,13,13,14,13,11,13
01_06_12_03_0024.bmp,0,12,3,4,14,0.50034,0.11107,0.15715,passthrough,25,25,14,25,25,25
01_06_12_03_0024.bmp,1,12,3,4,14,0.55779,0.14381,0.13448,passthrough,25,25,14,25,11,25
01_06_12_03_0025.bmp,0,12,3,4,14,0.50275,0.11539,0.1602,passthrough,25,25,14,25,2,25
01_06_12_03_0025.bmp,1,12,3,4,14,0.54099,0.12592,0.22235,passthrough,25,25,25,25,11,25
01_06_12_03_0026.bmp,0,12,3,4,14,0.49989,0.11567,0.14574,passthrough,25,25,14,25,2,25
01_06_12_03_0026.bmp,1,12,3,4,14,0.54202,0.13007,0.14507,passthrough,25,25,14,25,11,25
01_06_12_03_0027.bmp,1,12,3,4,14,0.53591,0.1215,0.25922,passthrough,25,25,13,25,11,25
01_06_12_03_0028.bmp,1,12,3,4,14,0.53816,0.11848,0.21673,passthrough,25,25,14,25,25,25
01_06_12_03_0029.bmp,1,12,3,4,14,0.53044,0.11372,0.24395,passthrough,25,25,14,25,0,25
01_06_12_03_0030.bmp,0,12,3,4,14,0.48521,0.10835,0.1405,passthrough,25,25,14,25,24,25
01_06_12_03_0031.bmp,1,12,3,4,14,0.53891,0.12625,0.19139,passthrough,12,12,13,12,0,12
01_06_12_03_0032.bmp,0,12,3,4,14,0.48299,0.10289,0.14386,clahe,2,14,14,25,2,25
01_06_12_03_0032.bmp,1,12,3,4,14,0.53345,0.11987,0.13397,passthrough,31,31,12,12,6,31
01_06_12_03_0033.bmp,1,12,3,4,14,0.52785,0.11883,0.14354,passthrough,36,36,13,12,42,36
01_06_12_03_0034.bmp,0,12,3,4,14,0.47606,0.10734,0.13885,passthrough,25,25,14,25,2,25
01_06_12_03_0034.bmp,1,12,3,4,14,0.52224,0.11269,0.09569,passthrough,36,36,25,36,0,36
01_06_12_03_0036.bmp,1,12,3,4,14,0.51818,0.10703,0.13636,passthrough,31,31,12,36,6,31
01_06_12_03_0037.bmp,0,12,3,4,14,0.47232,0.10817,0.13561,passthrough,25,25,14,25,25,25
01_06_12_03_0037.bmp,1,12,3,4,14,0.52397,0.11605,0.16667,passthrough,12,12,4,36,0,12
01_06_12_03_0044.bmp,0,12,3,4,14,0.48494,0.11233,0.0795,passthrough,10,10,17,1,0,10
01_06_12_03_0045.bmp,0,12,3,4,14,0.48995,0.08902,0.03611,clahe,23,12,12,31,23,31
01_06_12_03_0051.bmp,0,12,3,4,14,0.50372,0.11331,0.03385,stretch,25,25,14,13,23,32
01_06_12_03_0052.bmp,0,12,3,4,14,0.48632,0.11447,0.08858,passthrough,32,32,14,13,25,32
01_06_12_03_0056.bmp,0,12,3,4,14,0.4929,0.09628,0.08508,clahe,23,14,14,32,23,13
01_06_12_03_0057.bmp,0,12,3,4,14,0.50042,0.11793,0.06961,stretch,25,25,14,36,23,13
01_06_12_03_0058.bmp,0,12,3,4,14,0.49771,0.11882,0.10588,passthrough,13,13,14,13,25,13
01_06_12_03_0059.bmp,0,12,3,4,14,0.4941,0.11895,0.04209,stretch,25,25,14,25,2,13
01_06_12_03_0064.bmp,0,12,3,4,14,0.49808,0.13597,0.04926,stretch,25,25,14,32,23,13
01_06_12_03_0067.bmp,0,12,3,4,14,0.49719,0.13187,0.06042,stretch,25,25,14,32,25,25
01_06_12_03_0069.bmp,0,12,3,4,14,0.48506,0.12755,0.05065,stretch,25,25,14,32,25,25
01_06_12_03_0070.bmp,0,12,3,4,14,0.48244,0.11834,0.04449,stretch,25,25,14,32,25,25
01_06_12_03_0075.bmp,0,12,3,4,14,0.46437,0.07515,0.03843,clahe,24,14,14,25,24,25
01_06_12_03_0085.bmp,0,12,3,4,14,0.48302,0.09938,0.05952,clahe,0,14,14,1,0,2
01_06_12_03_0086.bmp,0,12,3,4,14,0.50455,0.09761,0.06215,clahe,16,17,17,16,16,16
01_11_12_03_0001.bmp,0,12,3,4,12,0.53784,0.0974,0.19139,clahe,0,13,13,31,0,31
01_11_12_03_0002.bmp,0,12,3,4,12,0.53898,0.09341,0.16746,clahe,1,12,12,13,1,36
01_11_12_03_0003.bmp,0,12,3,4,12,0.53836,0.09354,0.1866,clahe,0,13,13,12,0,31
01_11_12_03_0005.bmp,0,12,3,4,12,0.54255,0.09465,0.21053,clahe,1,13,13,13,1,31
01_11_12_03_0006.bmp,0,12,3,4,12,0.54538,0.0915,0.17225,clahe,1,12,12,12,1,31
01_11_12_03_0013.bmp,0,12,3,4,12,0.54818,0.09643,0.29665,clahe,1,7,7,32,1,32
01_11_12_03_0014.bmp,0,12,3,4,12,0.53895,0.0969,0.16071,clahe,0,35,35,36,0,36
01_11_12_03_0015.bmp,0,12,3,4,12,0.53927,0.10232,0.26071,clahe,42,13,13,13,42,12
01_11_12_03_0016.bmp,0,12,3,4,12,0.5365,0.10105,0.19667,clahe,11,26,26,13,11,11
01_11_12_03_0019.bmp,0,12,3,4,12,0.53758,0.10344,0.2,clahe,20,40,40,18,20,11
01_11_12_03_0020.bmp,0,12,3,4,12,0.54251,0.10211,0.17333,clahe,6,13,13,13,6,11
01_11_12_03_0021.bmp,0,12,3,4,12,0.53354,0.10141,0.25575,clahe,11,1,1,11,11,11
01_11_12_03_0024.bmp,0,12,3,4,12,0.52895,0.10268,0.18444,clahe,42,26,26,13,42,13
01_11_12_03_0026.bmp,0,12,3,4,12,0.53061,0.10316,0.21333,clahe,11,26,26,32,11,32
01_11_12_03_0027.bmp,0,12,3,4,12,0.53088,0.10643,0.21111,passthrough,32,32,35,1,11,32
01_11_12_03_0028.bmp,0,12,3,4,12,0.53241,0.10285,0.16222,clahe,20,7,7,13,20,12
01_11_12_03_0031.bmp,0,12,3,4,12,0.52891,0.10567,0.17524,clahe,11,18,18,13,11,13
01_11_12_03_0033.bmp,0,12,3,4,12,0.53177,0.10686,0.2381,passthrough,13,13,32,13,11,13
01_11_12_03_0035.bmp,0,12,3,4,12,0.51972,0.10609,0.15188,clahe,11,17,17,13,11,13
01_11_12_03_0036.bmp,0,12,3,4,12,0.51541,0.10306,0.13702,clahe,11,1,1,13,11,13
01_11_12_03_0042.bmp,0,12,3,4,12,0.51612,0.10276,0.14569,clahe,18,1,1,1,18,13
01_11_12_03_0046.bmp,0,12,3,4,12,0.50848,0.10171,0.15556,clahe,11,1,1,1,11,25
01_11_12_03_0056.bmp,0,12,3,4,12,0.5116,0.11787,0.14372,passthrough,13,13,1,13,11,13
01_11_12_03_0061.bmp,0,12,3,4,12,0.51021,0.12176,0.11696,passthrough,13,13,1,13,18,13
01_11_12_03_0064.bmp,0,12,3,4,12,0.5086,0.12026,0.10379,passthrough,13,13,1,13,18,13
01_11_12_03_0065.bmp,0,12,3,4,12,0.51044,0.12338,0.1087,passthrough,13,13,1,13,11,13
01_11_12_03_0066.bmp,0,12,3,4,12,0.50923,0.12207,0.09614,passthrough,13,13,37,1,18,13
01_11_12_03_0067.bmp,0,12,3,4,12,0.51057,0.12579,0.10073,passthrough,25,25,26,13,25,25
01_11_12_03_0072.bmp,0,12,3,4,12,0.50383,0.12512,0.07652,passthrough,13,13,1,25,11,13
01_11_12_03_0075.bmp,0,12,3,4,12,0.50229,0.12733,0.06775,stretch,25,25,26,25,18,25
01_12_12_03_0003.bmp,0,12,3,4,17,0.48458,0.11952,0.08333,passthrough,16,16,26,16,19,16
01_12_12_03_0004.bmp,0,12,3,4,17,0.49866,0.12416,0.13056,passthrough,9,9,13,16,41,9
01_12_12_03_0004.bmp,1,12,3,4,17,0.50086,0.04767,0.0,clahe,42,14,14,31,42,31
01_12_12_03_0005.bmp,0,12,3,4,17,0.49698,0.1394,0.14333,passthrough,13,13,17,17,23,13
01_12_12_03_0005.bmp,1,12,3,4,17,0.50068,0.04662,0.0,clahe,12,12,12,29,12,31
01_12_12_03_0006.bmp,1,12,3,4,17,0.50009,0.04148,0.0,clahe,11,18,18,31,11,31
01_12_12_03_0009.bmp,1,12,3,4,17,0.49851,0.04662,0.0,clahe,12,23,23,32,12,31
01_12_12_03_0013.bmp,0,12,3,4,17,0.48856,0.1342,0.08903,passthrough,17,17,13,17,23,17
01_12_12_03_0014.bmp,0,12,3,4,17,0.48838,0.13406,0.08489,passthrough,17,17,17,17,41,17
01_12_12_03_0017.bmp,1,12,3,4,17,0.50704,0.04392,0.0,clahe,12,25,25,31,12,31
01_12_12_03_0020.bmp,0,12,3,4,17,0.47132,0.12412,0.06003,stretch,17,17,17,17,0,17
01_12_12_03_0020.bmp,1,12,3,4,17,0.51096,0.05292,0.0,clahe,25,14,14,36,25,36
01_12_12_03_0022.bmp,0,12,3,4,17,0.47313,0.12685,0.0613,stretch,17,17,18,17,25,17
01_12_12_03_0023.bmp,1,12,3,4,17,0.512,0.04397,0.0,clahe,12,14,14,31,12,36
01_12_12_03_0027.bmp,0,12,3,4,17,0.46932,0.12215,0.0625,stretch,16,16,13,17,0,17
01_12_12_03_0028.bmp,0,12,3,4,17,0.49972,0.12553,0.05455,stretch,12,12,26,31,25,12
01_12_12_03_0029.bmp,0,12,3,4,17,0.49193,0.11475,0.06388,stretch,12,12,26,31,25,12
01_12_12_03_0030.bmp,0,12,3,4,17,0.49137,0.1138,0.04167,stretch,12,12,14,31,25,12
01_12_12_03_0032.bmp,1,12,3,4,17,0.5172,0.05556,0.0,clahe,25,13,13,31,25,36
01_12_12_03_0033.bmp,1,12,3,4,17,0.51732,0.04649,0.0,clahe,1,14,14,31,1,36
01_12_12_03_0034.bmp,1,12,3,4,17,0.51783,0.05739,0.0,clahe,25,7,7,36,25,31
01_12_12_03_0035.bmp,1,12,3,4,17,0.52089,0.04826,0.0,clahe,11,14,14,36,11,31
01_12_12_03_0036.bmp,0,12,3,4,17,0.48732,0.1171,0.04375,stretch,13,13,17,17,9,13
01_12_12_03_0036.bmp,1,12,3,4,17,0.52133,0.04753,0.0,clahe,12,13,13,36,12,36
01_12_12_03_0037.bmp,1,12,3,4,17,0.52187,0.05192,0.0,clahe,11,9,9,31,11,31
01_12_12_03_0041.bmp,0,12,3,4,17,0.49278,0.15539,0.03419,stretch,36,36,14,36,9,13
01_12_12_03_0042.bmp,0,12,3,4,17,0.47838,0.12954,0.01636,stretch,36,36,14,36,13,13
01_12_12_03_0042.bmp,1,12,3,4,17,0.52882,0.07457,0.09848,clahe,25,26,26,36,25,36
01_12_12_03_0047.bmp,0,12,3,4,17,0.52308,0.08454,0.0,clahe,12,25,25,36,12,36
01_12_12_03_0048.bmp,0,12,3,4,17,0.52739,0.07473,0.0,clahe,12,13,13,36,12,36
01_12_12_03_0049.bmp,0,12,3,4,17,0.52377,0.07363,0.0,clahe,12,13,13,15,12,36
01_12_12_03_0054.bmp,0,12,3,4,17,0.52665,0.08502,0.07576,clahe,12,13,13,17,12,36
01_12_12_03_0055.bmp,0,12,3,4,17,0.52133,0.07352,0.0,clahe,11,17,17,17,11,36
01_12_12_03_0056.bmp,0,12,3,4,17,0.52674,0.08208,0.08304,clahe,0,17,17,17,0,31
01_12_12_03_0066.bmp,0,12,3,4,17,0.52546,0.09232,0.08997,clahe,12,17,17,41,12,13
01_12_12_03_0068.bmp,0,12,3,4,17,0.53169,0.1017,0.15,clahe,25,17,17,17,25,17
01_12_12_03_0079.bmp,0,12,3,4,17,0.54065,0.1055,0.1296,clahe,25,26,26,17,25,25
01_12_12_03_0080.bmp,0,12,3,4,17,0.53781,0.10397,0.1248,clahe,25,18,18,17,25,25
01_12_12_03_0081.bmp,0,12,3,4,17,0.53857,0.10595,0.1072,clahe,25,17,17,17,25,17
01_12_12_03_0087.bmp,0,12,3,4,17,0.52624,0.10212,0.10815,clahe,23,17,17,17,23,17
01_12_12_03_0089.bmp,0,12,3,4,17,0.52386,0.10176,0.07077,clahe,23,17,17,9,23,9
01_12_12_03_0090.bmp,0,12,3,4,17,0.52325,0.10417,0.06308,clahe,23,26,26,17,23,9
01_12_12_03_0091.bmp,0,12,3,4,17,0.5318,0.11034,0.09857,passthrough,13,13,26,9,25,13
01_12_12_03_0095.bmp,0,12,3,4,17,0.52898,0.11317,0.13286,passthrough,9,9,26,9,23,9
01_12_12_03_0096.bmp,0,12,3,4,17,0.52992,0.11621,0.12286,passthrough,13,13,26,9,13,13
01_12_12_03_0104.bmp,0,12,3,4,17,0.52626,0.12685,0.14238,passthrough,17,17,17,17,23,17
01_12_12_03_0108.bmp,0,12,3,4,17,0.52828,0.12537,0.10016,passthrough,25,25,17,17,25,25
01_12_12_03_0113.bmp,0,12,3,4,17,0.52182,0.1341,0.0857,passthrough,17,17,17,17,23,17
01_13_12_03_0001.bmp,0,12,3,4,13,0.60173,0.11555,0.30769,passthrough,12,12,13,13,25,12
01_13_12_03_0003.bmp,0,12,3,4,13,0.5907,0.11347,0.25641,passthrough,32,32,13,13,42,32
01_13_12_03_0004.bmp,0,12,3,4,13,0.58602,0.11515,0.30769,passthrough,32,32,35,13,12,32
01_13_12_03_0006.bmp,0,12,3,4,13,0.57878,0.10037,0.17949,clahe,12,35,35,13,12,12
01_13_12_03_0007.bmp,1,12,3,4,13,0.63027,0.12276,0.1978,passthrough,13,13,13,13,20,13
01_13_12_03_0008.bmp,1,12,3,4,13,0.62676,0.12879,0.20467,passthrough,13,13,13,13,13,13
01_13_12_03_0009.bmp,0,12,3,4,13,0.57697,0.10736,0.17308,passthrough,12,12,13,13,12,12
01_13_12_03_0009.bmp,1,12,3,4,13,0.62478,0.13104,0.18132,passthrough,13,13,13,13,13,13
01_13_12_03_0010.bmp,0,12,3,4,13,0.57529,0.11127,0.24359,passthrough,13,13,13,13,12,13
01_13_12_03_0010.bmp,1,12,3,4,13,0.62272,0.13157,0.20742,passthrough,13,13,13,13,13,13
01_13_12_03_0011.bmp,0,12,3,4,13,0.56722,0.10444,0.17949,clahe,42,13,13,13,42,12
01_13_12_03_0012.bmp,0,12,3,4,13,0.56081,0.11159,0.16026,passthrough,13,13,12,13,12,13
01_13_12_03_0014.bmp,0,12,3,4,13,0.5592,0.10519,0.15385,clahe,12,13,13,13,12,31
01_13_12_03_0014.bmp,1,12,3,4,13,0.62128,0.13369,0.21429,passthrough,13,13,13,13,2,13
01_13_12_03_0017.bmp,0,12,3,4,13,0.55734,0.10082,0.17308,clahe,12,13,13,13,12,38
01_13_12_03_0018.bmp,1,12,3,4,13,0.61581,0.14029,0.2141,passthrough,13,13,13,13,13,13
01_13_12_03_0019.bmp,0,12,3,4,13,0.5598,0.10798,0.19231,passthrough,32,32,13,13,42,32
01_13_12_03_0020.bmp,0,12,3,4,13,0.56388,0.10567,0.16026,clahe,25,13,13,13,25,38
01_13_12_03_0023.bmp,0,12,3,4,13,0.57579,0.11285,0.23077,passthrough,31,31,13,13,25,31
01_13_12_03_0025.bmp,0,12,3,4,13,0.57785,0.1186,0.25641,passthrough,38,38,13,13,1,38
01_13_12_03_0027.bmp,0,12,3,4,13,0.57733,0.12067,0.19231,passthrough,38,38,40,13,25,38
01_13_12_03_0027.bmp,1,12,3,4,13,0.6,0.14937,0.14478,passthrough,13,13,13,13,13,13
01_13_12_03_0028.bmp,0,12,3,4,13,0.57823,0.12732,0.19231,passthrough,13,13,40,13,25,13
01_13_12_03_0029.bmp,0,12,3,4,13,0.58333,0.12539,0.17949,passthrough,13,13,13,13,12,13
01_13_12_03_0029.bmp,1,12,3,4,13,0.59884,0.15393,0.2011,passthrough,13,13,13,13,13,13
01_13_12_03_0031.bmp,1,12,3,4,13,0.61103,0.14566,0.16498,passthrough,13,13,13,13,13,13
01_13_12_03_0032.bmp,1,12,3,4,13,0.60973,0.14963,0.18618,passthrough,13,13,13,13,13,13
01_13_12_03_0037.bmp,1,12,3,4,13,0.61428,0.15652,0.15234,passthrough,13,13,13,13,13,13
01_13_12_03_0040.bmp,1,12,3,4,13,0.61191,0.15696,0.14704,passthrough,13,13,13,13,13,13
01_13_12_03_0042.bmp,0,12,3,4,13,0.58724,0.14027,0.24737,passthrough,13,13,13,13,11,13
01_13_12_03_0043.bmp,1,12,3,4,13,0.60764,0.15471,0.13197,passthrough,13,13,13,13,13,13
01_13_12_03_0044.bmp,1,12,3,4,13,0.60624,0.15511,0.11287,passthrough,13,13,13,13,13,13
01_13_12_03_0045.bmp,1,12,3,4,13,0.60472,0.15529,0.09883,passthrough,13,13,13,13,13,13
01_13_12_03_0046.bmp,0,12,3,4,13,0.59223,0.14793,0.25789,passthrough,13,13,13,13,25,13
01_13_12_03_0046.bmp,1,12,3,4,13,0.60134,0.15594,0.14681,passthrough,13,13,13,13,13,13
01_13_12_03_0047.bmp,0,12,3,4,13,0.5933,0.14825,0.27105,passthrough,13,13,13,13,13,13
01_13_12_03_0047.bmp,1,12,3,4,13,0.60043,0.15715,0.14592,passthrough,13,13,13,13,13,13
01_13_12_03_0048.bmp,0,12,3,4,13,0.57592,0.1514,0.18849,passthrough,13,13,13,13,13,13
01_13_12_03_0049.bmp,0,12,3,4,13,0.57946,0.15196,0.18452,passthrough,13,13,13,13,12,13
01_13_12_03_0050.bmp,1,12,3,4,13,0.60479,0.15689,0.0907,passthrough,13,13,13,13,13,13
01_13_12_03_0051.bmp,0,12,3,4,13,0.57901,0.1541,0.19444,passthrough,13,13,13,13,25,13
01_13_12_03_0051.bmp,1,12,3,4,13,0.6074,0.15925,0.1281,passthrough,13,13,13,13,13,13
01_13_12_03_0054.bmp,0,12,3,4,13,0.5744,0.15347,0.19429,passthrough,13,13,13,13,20,13
01_13_12_03_0056.bmp,0,12,3,4,13,0.57247,0.15123,0.2019,passthrough,13,13,13,13,13,13
01_13_12_03_0059.bmp,0,12,3,4,13,0.56911,0.14821,0.1219,passthrough,13,13,13,13,13,13
01_13_12_03_0061.bmp,1,12,3,4,13,0.5828,0.16089,0.10887,passthrough,13,13,13,13,13,13
01_13_12_03_0063.bmp,0,12,3,4,13,0.5805,0.14994,0.19111,passthrough,13,13,13,13,13,13
01_13_12_03_0064.bmp,0,12,3,4,13,0.58575,0.15334,0.21481,passthrough,13,13,13,13,13,13
01_13_12_03_0065.bmp,0,12,3,4,13,0.5848,0.15273,0.18234,passthrough,13,13,13,13,13,13
01_13_12_03_0065.bmp,1,12,3,4,13,0.47962,0.04142,0.0,clahe,12,40,40,13,12,31
01_13_12_03_0066.bmp,1,12,3,4,13,0.48338,0.04861,0.0,clahe,12,12,12,31,12,31
01_13_12_03_0068.bmp,0,12,3,4,13,0.58223,0.16018,0.21751,passthrough,13,13,13,13,13,13
01_13_12_03_0069.bmp,0,12,3,4,13,0.58547,0.15907,0.20557,passthrough,13,13,13,13,13,13
01_13_12_03_0070.bmp,0,12,3,4,13,0.58761,0.16168,0.21883,passthrough,13,13,13,13,13,13
01_13_12_03_0070.bmp,1,12,3,4,13,0.48086,0.05107,0.0,clahe,25,13,13,13,25,31
01_13_12_03_0071.bmp,1,12,3,4,13,0.48217,0.05213,0.0,clahe,12,13,13,31,12,31
01_13_12_03_0072.bmp,0,12,3,4,13,0.59215,0.16229,0.22414,passthrough,13,13,13,13,13,13
01_13_12_03_0073.bmp,0,12,3,4,13,0.59414,0.16341,0.17369,passthrough,13,13,13,13,13,13
01_13_12_03_0073.bmp,1,12,3,4,13,0.48336,0.05174,0.0,clahe,23,40,40,31,23,31
01_13_12_03_0074.bmp,0,12,3,4,13,0.59523,0.16073,0.15017,passthrough,13,13,13,13,13,13
01_13_12_03_0076.bmp,1,12,3,4,13,0.48796,0.05455,0.0,clahe,13,13,13,31,13,31
01_13_12_03_0077.bmp,1,12,3,4,13,0.48856,0.05665,0.0,clahe,1,33,33,32,1,31
01_13_12_03_0078.bmp,1,12,3,4,13,0.48522,0.06111,0.0,clahe,12,13,13,31,12,31
01_13_12_03_0079.bmp,1,12,3,4,13,0.49092,0.05708,0.0,clahe,12,12,12,31,12,31
01_13_12_03_0080.bmp,0,12,3,4,13,0.59159,0.16446,0.1437,passthrough,13,13,13,13,13,13
01_13_12_03_0081.bmp,1,12,3,4,13,0.5036,0.07409,0.0,clahe,11,13,13,12,11,31
01_13_12_03_0085.bmp,0,12,3,4,13,0.58758,0.16861,0.15983,passthrough,13,13,13,13,13,13
01_13_12_03_0085.bmp,1,12,3,4,13,0.50418,0.06904,0.0,clahe,25,13,13,31,25,31
01_13_12_03_0086.bmp,0,12,3,4,13,0.58676,0.16475,0.14771,passthrough,13,13,13,13,13,13
01_13_12_03_0087.bmp,0,12,3,4,13,0.58598,0.16761,0.15948,passthrough,13,13,13,13,13,13
01_13_12_03_0088.bmp,0,12,3,4,13,0.58442,0.1668,0.11975,passthrough,13,13,13,13,13,13
01_13_12_03_0088.bmp,1,12,3,4,13,0.50848,0.06987,0.0,clahe,11,12,12,13,11,31
01_13_12_03_0090.bmp,1,12,3,4,13,0.51599,0.08075,0.16827,clahe,23,12,12,31,23,31
01_13_12_03_0092.bmp,0,12,3,4,13,0.58588,0.16995,0.10764,passthrough,13,13,13,13,13,13
01_13_12_03_0092.bmp,1,12,3,4,13,0.51934,0.07244,0.0,clahe,1,12,12,31,1,31
01_13_12_03_0096.bmp,0,12,3,4,13,0.58408,0.17164,0.09589,passthrough,13,13,13,13,13,13
01_13_12_03_0096.bmp,1,12,3,4,13,0.52538,0.07168,0.0,clahe,42,12,12,12,42,31
01_13_12_03_0098.bmp,0,12,3,4,13,0.57858,0.16917,0.08582,passthrough,13,13,13,13,13,13
01_13_12_03_0100.bmp,0,12,3,4,13,0.58187,0.16875,0.07368,passthrough,13,13,13,13,13,13
01_13_12_03_0100.bmp,1,12,3,4,13,0.52762,0.08356,0.04044,clahe,23,13,13,31,23,31
01_13_12_03_0101.bmp,0,12,3,4,13,0.57541,0.16881,0.07162,stretch,13,13,13,13,13,13
01_13_12_03_0103.bmp,1,12,3,4,13,0.53423,0.09442,0.03715,clahe,12,13,13,31,12,12
01_13_12_03_0104.bmp,1,12,3,4,13,0.5257,0.10006,0.0,clahe,2,13,13,12,2,12
01_13_12_03_0105.bmp,1,12,3,4,13,0.52106,0.07741,0.03529,clahe,20,13,13,31,20,13
01_13_12_03_0108.bmp,0,12,3,4,13,0.56831,0.20411,0.07097,stretch,13,13,13,13,13,13
01_13_12_03_0109.bmp,1,12,3,4,13,0.53732,0.08739,0.05043,clahe,25,25,25,13,25,12
01_13_12_03_0111.bmp,0,12,3,4,13,0.54873,0.18178,0.05417,stretch,13,13,13,13,24,13
01_13_12_03_0113.bmp,0,12,3,4,13,0.54703,0.17134,0.02475,stretch,13,13,13,13,13,13
01_13_12_03_0113.bmp,1,12,3,4,13,0.53673,0.11902,0.18576,passthrough,13,13,13,13,23,13
01_13_12_03_0114.bmp,1,12,3,4,13,0.54064,0.12015,0.13889,passthrough,13,13,13,11,2,13
01_13_12_03_0115.bmp,1,12,3,4,13,0.5499,0.12252,0.10243,passthrough,12,12,13,31,20,12
01_13_12_03_0116.bmp,1,12,3,4,13,0.54699,0.11734,0.07812,passthrough,13,13,13,31,20,13
01_13_12_03_0118.bmp,0,12,3,4,13,0.49959,0.09705,0.0,clahe,25,12,12,31,25,32
01_13_12_03_0118.bmp,1,12,3,4,13,0.53999,0.11119,0.06424,stretch,13,13,13,31,2,13
01_13_12_03_0119.bmp,1,12,3,4,13,0.54191,0.11118,0.07986,passthrough,13,13,13,31,20,13
01_13_12_03_0121.bmp,0,12,3,4,13,0.48905,0.10352,0.15926,clahe,12,13,13,13,12,32
01_13_12_03_0123.bmp,0,12,3,4,13,0.48585,0.10123,0.15123,clahe,40,12,12,31,40,32
01_13_12_03_0125.bmp,0,12,3,4,13,0.47622,0.09686,0.09977,clahe,23,13,13,13,23,13
01_13_12_03_0128.bmp,0,12,3,4,13,0.47058,0.09288,0.09565,clahe,20,13,13,32,20,32
01_13_12_03_0130.bmp,0,12,3,4,13,0.46958,0.09166,0.08923,clahe,20,13,13,32,20,32
01_13_12_03_0130.bmp,1,12,3,4,13,0.53779,0.11173,0.07816,passthrough,13,13,13,31,25,13
01_13_12_03_0131.bmp,0,12,3,4,13,0.46896,0.09279,0.09429,clahe,20,40,40,32,20,32
01_13_12_03_0132.bmp,0,12,3,4,13,0.4696,0.09459,0.09,clahe,20,24,24,32,20,32
01_13_12_03_0134.bmp,0,12,3,4,13,0.4668,0.09341,0.07564,clahe,20,13,13,13,20,13
01_13_12_03_0140.bmp,1,12,3,4,13,0.54253,0.10955,0.06776,stretch,13,13,13,13,25,13
01_13_12_03_0141.bmp,0,12,3,4,13,0.47568,0.10724,0.0786,passthrough,13,13,13,13,20,13
01_13_12_03_0141.bmp,1,12,3,4,13,0.5452,0.10874,0.06746,stretch,13,13,13,13,13,13
01_13_12_03_0142.bmp,1,12,3,4,13,0.54678,0.10816,0.07925,passthrough,13,13,13,13,13,13
01_13_12_03_0143.bmp,1,12,3,4,13,0.54627,0.10589,0.07508,clahe,13,13,13,13,13,13
01_13_12_03_0144.bmp,0,12,3,4,13,0.46164,0.09808,0.04202,clahe,25,13,13,32,25,13
01_13_12_03_0144.bmp,1,12,3,4,13,0.54431,0.10474,0.07276,clahe,13,13,13,13,13,13
01_13_12_03_0148.bmp,0,12,3,4,13,0.4665,0.11019,0.05921,stretch,13,13,13,13,25,13
01_13_12_03_0150.bmp,1,12,3,4,13,0.54655,0.10911,0.0696,stretch,13,13,13,13,13,13
01_13_12_03_0151.bmp,0,12,3,4,13,0.46305,0.10956,0.04746,stretch,13,13,13,32,25,13
01_13_12_03_0152.bmp,0,12,3,4,13,0.46271,0.11068,0.0446,stretch,13,13,13,32,25,13
01_13_12_03_0153.bmp,1,12,3,4,13,0.55074,0.10862,0.06154,stretch,13,13,13,13,13,13
01_13_12_03_0155.bmp,0,12,3,4,13,0.4639,0.11537,0.04237,stretch,13,13,13,13,25,13
01_13_12_03_0155.bmp,1,12,3,4,13,0.55448,0.1066,0.06909,stretch,13,13,13,13,13,13
01_13_12_03_0156.bmp,0,12,3,4,13,0.46192,0.11419,0.03859,stretch,13,13,13,13,25,13
01_13_12_03_0158.bmp,0,12,3,4,13,0.46179,0.11654,0.03736,stretch,13,13,13,13,25,13
01_13_12_03_0159.bmp,0,12,3,4,13,0.46343,0.11839,0.03166,stretch,13,13,13,13,25,13
01_13_12_03_0160.bmp,1,12,3,4,13,0.55642,0.10625,0.13095,passthrough,13,13,13,13,13,13
01_13_12_03_0161.bmp,0,12,3,4,13,0.46529,0.12412,0.03381,stretch,13,13,13,13,13,13
01_13_12_03_0163.bmp,1,12,3,4,13,0.55917,0.10783,0.11971,passthrough,13,13,13,13,13,13
01_13_12_03_0164.bmp,1,12,3,4,13,0.55927,0.10797,0.12302,passthrough,13,13,13,13,13,13
01_13_12_03_0168.bmp,1,12,3,4,13,0.56064,0.10692,0.06415,stretch,13,13,13,13,13,13
01_13_12_03_0169.bmp,0,12,3,4,13,0.50051,0.07137,0.0,clahe,1,34,34,31,1,31
01_13_12_03_0170.bmp,1,12,3,4,13,0.56256,0.10785,0.10338,passthrough,13,13,13,13,13,13
01_13_12_03_0172.bmp,1,12,3,4,13,0.56304,0.10512,0.04957,clahe,13,13,13,13,13,13
01_13_12_03_0173.bmp,1,12,3,4,13,0.53599,0.11471,0.12961,passthrough,13,13,13,13,23,13
01_13_12_03_0174.bmp,1,12,3,4,13,0.50716,0.09991,0.05253,clahe,25,13,13,13,25,13
01_13_12_03_0176.bmp,1,12,3,4,13,0.56266,0.10479,0.14164,clahe,13,13,13,13,13,13
01_13_12_03_0177.bmp,1,12,3,4,13,0.56383,0.10606,0.11416,clahe,13,13,13,13,13,13
01_13_12_03_0178.bmp,0,12,3,4,13,0.50535,0.07514,0.0,clahe,12,13,13,12,12,31
01_13_12_03_0179.bmp,1,12,3,4,13,0.5657,0.10946,0.09096,passthrough,13,13,13,13,13,13
01_13_12_03_0181.bmp,0,12,3,4,13,0.5068,0.07749,0.0,clahe,11,13,13,31,11,31
01_13_12_03_0181.bmp,1,12,3,4,13,0.56696,0.11016,0.04884,stretch,13,13,13,13,13,13
01_13_12_03_0182.bmp,0,12,3,4,13,0.50945,0.07153,0.0,clahe,42,13,13,13,42,31
01_13_12_03_0184.bmp,0,12,3,4,13,0.50781,0.0774,0.0,clahe,42,13,13,31,42,31
01_13_12_03_0184.bmp,1,12,3,4,13,0.56757,0.11055,0.05617,stretch,13,13,13,13,13,13
01_13_12_03_0185.bmp,1,12,3,4,13,0.56792,0.11146,0.12027,passthrough,13,13,13,13,13,13
01_13_12_03_0186.bmp,0,12,3,4,13,0.5096,0.0771,0.05303,clahe,42,23,23,12,42,31
01_13_12_03_0187.bmp,0,12,3,4,13,0.51007,0.08027,0.20455,clahe,1,16,16,13,1,31
01_13_12_03_0188.bmp,0,12,3,4,13,0.50983,0.0769,0.25,clahe,42,40,40,13,42,31
01_13_12_03_0189.bmp,0,12,3,4,13,0.51004,0.07885,0.0,clahe,1,13,13,31,1,31
01_13_12_03_0190.bmp,0,12,3,4,13,0.51019,0.0796,0.0,clahe,1,13,13,13,1,31
01_13_12_03_0192.bmp,0,12,3,4,13,0.51269,0.08185,0.04545,clahe,12,13,13,31,12,31
01_13_12_03_0193.bmp,1,12,3,4,13,0.56894,0.11166,0.07753,passthrough,13,13,13,13,13,13
01_13_12_03_0194.bmp,0,12,3,4,13,0.51206,0.08488,0.2197,clahe,42,13,13,13,42,31
01_13_12_03_0196.bmp,0,12,3,4,13,0.51223,0.08596,0.0,clahe,1,13,13,31,1,31
01_13_12_03_0196.bmp,1,12,3,4,13,0.56915,0.11107,0.0928,passthrough,13,13,13,13,13,13
01_13_12_03_0197.bmp,0,12,3,4,13,0.51315,0.08623,0.04861,clahe,11,13,13,12,11,31
01_13_12_03_0199.bmp,0,12,3,4,13,0.50777,0.08598,0.06548,clahe,11,13,13,13,11,31
01_13_12_03_0199.bmp,1,12,3,4,13,0.57033,0.11286,0.14042,passthrough,13,13,13,13,13,13
01_13_12_03_0200.bmp,1,12,3,4,13,0.57032,0.11246,0.14713,passthrough,13,13,13,13,13,13
01_13_12_03_0201.bmp,1,12,3,4,13,0.56981,0.11296,0.13553,passthrough,13,13,13,13,13,13
01_13_12_03_0204.bmp,0,12,3,4,13,0.51478,0.08509,0.0,clahe,11,13,13,31,11,12
01_13_12_03_0204.bmp,1,12,3,4,13,0.5709,0.11229,0.14408,passthrough,13,13,13,13,13,13
01_13_12_03_0205.bmp,0,12,3,4,13,0.51615,0.08605,0.07738,clahe,25,13,13,31,25,31
01_13_12_03_0205.bmp,1,12,3,4,13,0.57104,0.11187,0.13675,passthrough,13,13,13,13,13,13
01_13_12_03_0206.bmp,1,12,3,4,13,0.57068,0.1115,0.10073,passthrough,13,13,13,13,13,13
01_13_12_03_0207.bmp,1,12,3,4,13,0.57028,0.11189,0.14286,passthrough,13,13,13,13,13,13
01_13_12_03_0208.bmp,0,12,3,4,13,0.50398,0.08827,0.16544,clahe,40,13,13,31,40,12
01_13_12_03_0209.bmp,1,12,3,4,13,0.57044,0.11216,0.14408,passthrough,13,13,13,13,13,13
01_13_12_03_0210.bmp,0,12,3,4,13,0.50686,0.08627,0.04861,clahe,25,13,13,13,25,12
01_13_12_03_0210.bmp,1,12,3,4,13,0.57018,0.11187,0.14469,passthrough,13,13,13,13,13,13
01_13_12_03_0211.bmp,0,12,3,4,13,0.50103,0.08428,0.14241,clahe,25,13,13,13,25,13
01_13_12_03_0212.bmp,0,12,3,4,13,0.50489,0.07986,0.13194,clahe,25,40,40,13,25,12
01_13_12_03_0212.bmp,1,12,3,4,13,0.56993,0.11135,0.14408,passthrough,13,13,13,13,13,13
01_13_12_03_0213.bmp,0,12,3,4,13,0.50828,0.08164,0.07986,clahe,40,13,13,13,40,31
01_13_12_03_0214.bmp,0,12,3,4,13,0.49835,0.07823,0.0,clahe,0,13,13,31,0,13
01_13_12_03_0214.bmp,1,12,3,4,13,0.5709,0.11114,0.12759,passthrough,13,13,13,13,13,13
01_13_12_03_0217.bmp,1,12,3,4,13,0.5693,0.11019,0.12882,passthrough,13,13,13,13,13,13
01_13_12_03_0218.bmp,0,12,3,4,13,0.50699,0.10532,0.10743,clahe,20,13,13,13,20,13
01_13_12_03_0218.bmp,1,12,3,4,13,0.57054,0.11107,0.14713,passthrough,13,13,13,13,13,13
01_13_12_03_0220.bmp,0,12,3,4,13,0.50512,0.10815,0.09677,passthrough,13,13,13,13,13,13
01_13_12_03_0221.bmp,1,12,3,4,13,0.57039,0.11156,0.13736,passthrough,13,13,13,13,13,13
01_13_12_03_0222.bmp,0,12,3,4,13,0.50399,0.10997,0.09591,passthrough,13,13,13,13,25,13
01_13_12_03_0222.bmp,1,12,3,4,13,0.57015,0.10988,0.13797,passthrough,13,13,13,13,13,13
01_13_12_03_0223.bmp,1,12,3,4,13,0.56961,0.11037,0.13248,passthrough,13,13,13,13,13,13
01_13_12_03_0225.bmp,1,12,3,4,13,0.56992,0.11044,0.08791,passthrough,13,13,13,13,13,13
01_13_12_03_0227.bmp,0,12,3,4,13,0.50119,0.11205,0.07619,passthrough,13,13,13,13,25,13
01_13_12_03_0230.bmp,1,12,3,4,13,0.58047,0.11674,0.14591,passthrough,13,13,13,13,13,13
01_13_12_03_0231.bmp,0,12,3,4,13,0.49336,0.11555,0.06383,stretch,13,13,13,13,25,13
01_13_12_03_0232.bmp,1,12,3,4,13,0.58267,0.11723,0.14591,passthrough,13,13,13,13,13,13
01_13_12_03_0235.bmp,0,12,3,4,13,0.49076,0.1249,0.06284,stretch,13,13,13,13,13,13
01_13_12_03_0236.bmp,0,12,3,4,13,0.49707,0.13188,0.06181,stretch,13,13,13,13,25,13
01_13_12_03_0237.bmp,0,12,3,4,13,0.50299,0.1323,0.08398,passthrough,13,13,13,13,13,13
01_13_12_03_0238.bmp,0,12,3,4,13,0.50781,0.13675,0.08578,passthrough,13,13,13,13,13,13
01_13_12_03_0238.bmp,1,12,3,4,13,0.57934,0.11616,0.13736,passthrough,13,13,13,13,13,13
01_13_12_03_0239.bmp,0,12,3,4,13,0.50795,0.14187,0.07964,passthrough,13,13,13,13,13,13
01_13_12_03_0240.bmp,0,12,3,4,13,0.51168,0.14946,0.06069,stretch,13,13,13,13,13,13
01_13_12_03_0241.bmp,0,12,3,4,13,0.51696,0.15273,0.06952,stretch,13,13,13,13,13,13
01_13_12_03_0242.bmp,0,12,3,4,13,0.51428,0.15109,0.07083,stretch,13,13,13,13,13,13
01_13_12_03_0242.bmp,1,12,3,4,13,0.5773,0.11494,0.15018,passthrough,13,13,13,13,13,13
01_13_12_03_0243.bmp,0,12,3,4,13,0.51097,0.15621,0.05866,stretch,13,13,13,13,13,13
01_13_12_03_0246.bmp,0,12,3,4,13,0.49142,0.1429,0.06541,stretch,13,13,14,13,25,13
01_13_12_03_0248.bmp,1,12,3,4,13,0.576,0.11486,0.14164,passthrough,13,13,13,13,13,13
01_13_12_03_0249.bmp,0,12,3,4,13,0.50646,0.14938,0.04557,stretch,13,13,13,13,13,13
01_13_12_03_0249.bmp,1,12,3,4,13,0.57522,0.11361,0.13736,passthrough,13,13,13,13,13,13
01_13_12_03_0252.bmp,0,12,3,4,13,0.51116,0.15265,0.04684,stretch,13,13,13,13,13,13
01_13_12_03_0254.bmp,1,12,3,4,13,0.57583,0.11283,0.14469,passthrough,13,13,13,13,13,13
01_13_12_03_0256.bmp,0,12,3,4,13,0.5088,0.15076,0.04202,stretch,13,13,13,13,13,13
01_13_12_03_0257.bmp,0,12,3,4,13,0.5087,0.14985,0.04333,stretch,13,13,13,13,13,13
01_13_12_03_0258.bmp,1,12,3,4,13,0.57553,0.11374,0.12759,passthrough,13,13,13,13,13,13
01_13_12_03_0260.bmp,1,12,3,4,13,0.57545,0.1147,0.11661,passthrough,13,13,13,13,13,13
01_13_12_03_0262.bmp,1,12,3,4,13,0.57543,0.11348,0.09035,passthrough,13,13,13,13,13,13
01_13_12_03_0267.bmp,0,12,3,4,13,0.50866,0.12987,0.02728,stretch,13,13,13,13,13,13
01_13_12_03_0267.bmp,1,12,3,4,13,0.57524,0.1135,0.15079,passthrough,13,13,13,13,13,13
01_13_12_03_0268.bmp,1,12,3,4,13,0.57531,0.115,0.14347,passthrough,13,13,13,13,13,13
01_13_12_03_0269.bmp,0,12,3,4,13,0.50261,0.12452,0.02045,stretch,13,13,13,13,13,13
01_13_12_03_0275.bmp,0,12,3,4,13,0.57548,0.11383,0.14347,passthrough,13,13,13,13,13,13
01_13_12_03_0277.bmp,0,12,3,4,13,0.57517,0.11438,0.12882,passthrough,13,13,13,13,13,13
01_13_12_03_0279.bmp,0,12,3,4,13,0.57531,0.11235,0.14103,passthrough,13,13,13,13,13,13
01_13_12_03_0281.bmp,0,12,3,4,13,0.57492,0.11281,0.11416,passthrough,13,13,13,13,13,13
01_13_12_03_0285.bmp,0,12,3,4,13,0.57475,0.1132,0.11172,passthrough,13,13,13,13,13,13
01_13_12_03_0286.bmp,0,12,3,4,13,0.57452,0.11383,0.13187,passthrough,13,13,13,13,13,13
01_13_12_03_0287.bmp,0,12,3,4,13,0.57474,0.11241,0.13065,passthrough,13,13,13,13,13,13
01_13_12_03_0290.bmp,0,12,3,4,13,0.57283,0.11148,0.1398,passthrough,13,13,13,13,13,13
01_13_12_03_0291.bmp,0,12,3,4,13,0.57129,0.11121,0.116,passthrough,13,13,13,13,13,13
01_13_12_03_0299.bmp,0,12,3,4,13,0.56807,0.10832,0.12637,passthrough,13,13,13,13,13,13
01_13_12_03_0302.bmp,0,12,3,4,13,0.56483,0.10382,0.10495,clahe,13,13,13,13,13,13
01_13_12_03_0305.bmp,0,12,3,4,13,0.56125,0.10276,0.11449,clahe,13,13,13,13,13,13
01_13_12_03_0306.bmp,0,12,3,4,13,0.56104,0.10208,0.13298,clahe,13,13,13,13,13,13
01_13_12_03_0308.bmp,0,12,3,4,13,0.56075,0.10055,0.09958,clahe,13,13,13,13,13,13
01_13_12_03_0320.bmp,0,12,3,4,13,0.55833,0.10675,0.11801,passthrough,13,13,13,13,13,13
01_13_12_03_0325.bmp,0,12,3,4,13,0.56699,0.1303,0.1093,passthrough,13,13,13,13,13,13
01_13_12_03_0328.bmp,0,12,3,4,13,0.56439,0.12709,0.09281,passthrough,13,13,13,13,13,13
01_13_12_03_0329.bmp,0,12,3,4,13,0.56379,0.13069,0.04607,stretch,13,13,13,13,13,13
01_13_12_03_0332.bmp,0,12,3,4,13,0.56463,0.13441,0.09394,passthrough,13,13,13,13,13,13
01_13_12_03_0339.bmp,0,12,3,4,13,0.57438,0.14833,0.10833,passthrough,13,13,13,13,13,13
01_13_12_03_0340.bmp,0,12,3,4,13,0.57798,0.15094,0.13661,passthrough,13,13,13,13,13,13
01_13_12_03_0343.bmp,0,12,3,4,13,0.57601,0.14999,0.11923,passthrough,13,13,13,13,13,13
01_13_12_03_0347.bmp,0,12,3,4,13,0.57447,0.15474,0.10968,passthrough,13,13,13,13,13,13
01_13_12_03_0350.bmp,0,12,3,4,13,0.56446,0.15574,0.09287,passthrough,13,13,13,13,13,13
01_13_12_03_0352.bmp,0,12,3,4,13,0.54693,0.14153,0.07966,passthrough,13,13,13,13,13,13
01_13_12_03_0353.bmp,0,12,3,4,13,0.53956,0.13415,0.07557,passthrough,13,13,13,13,25,13
01_13_12_03_0354.bmp,0,12,3,4,13,0.5297,0.12834,0.06122,stretch,13,13,13,13,13,13
01_13_12_03_0355.bmp,0,12,3,4,13,0.52209,0.11785,0.05327,stretch,13,13,13,13,13,13
01_13_12_03_0357.bmp,0,12,3,4,13,0.51456,0.12452,0.10547,passthrough,13,13,13,13,23,13
01_13_12_03_0358.bmp,0,12,3,4,13,0.51275,0.13078,0.10248,passthrough,13,13,13,13,13,13
01_13_12_03_0360.bmp,0,12,3,4,13,0.51478,0.14348,0.0675,stretch,13,13,13,13,13,13
01_13_12_03_0363.bmp,0,12,3,4,13,0.51156,0.15038,0.04935,stretch,13,13,13,13,13,13
01_13_12_03_0367.bmp,0,12,3,4,13,0.51361,0.15865,0.05455,stretch,13,13,13,13,13,13
01_13_12_03_0372.bmp,0,12,3,4,13,0.49398,0.13646,0.03586,stretch,13,13,13,13,13,13
01_13_12_03_0373.bmp,0,12,3,4,13,0.4924,0.13097,0.03275,stretch,13,13,13,13,13,13
01_13_12_03_0376.bmp,0,12,3,4,13,0.49657,0.14608,0.04246,stretch,13,13,13,13,13,13
01_13_12_03_0379.bmp,0,12,3,4,13,0.50144,0.15529,0.04563,stretch,13,13,13,13,13,13
01_13_12_03_0381.bmp,0,12,3,4,13,0.5203,0.16473,0.05411,stretch,13,13,13,13,13,13
01_13_12_03_0384.bmp,0,12,3,4,13,0.52883,0.15859,0.05732,stretch,13,13,13,13,13,13
01_13_12_03_0387.bmp,0,12,3,4,13,0.51998,0.08422,0.21488,clahe,11,12,12,31,11,31
01_13_12_03_0388.bmp,0,12,3,4,13,0.5182,0.08655,0.20661,clahe,12,13,13,31,12,31
01_13_12_03_0390.bmp,0,12,3,4,13,0.52128,0.09459,0.22314,clahe,42,13,13,13,42,31
01_13_12_03_0391.bmp,0,12,3,4,13,0.52024,0.09933,0.27273,clahe,11,13,13,31,11,31
01_13_12_03_0395.bmp,0,12,3,4,13,0.52371,0.10585,0.26446,clahe,42,12,12,13,42,31
01_13_12_03_0396.bmp,0,12,3,4,13,0.52513,0.09952,0.2314,clahe,42,13,13,13,42,31
01_13_12_03_0402.bmp,0,12,3,4,13,0.53878,0.09123,0.15702,clahe,12,13,13,12,12,31
01_13_12_03_0407.bmp,0,12,3,4,13,0.52614,0.09397,0.21488,clahe,42,13,13,12,42,31
01_13_12_03_0409.bmp,0,12,3,4,13,0.53521,0.08852,0.20661,clahe,25,13,13,12,25,31
01_13_12_03_0414.bmp,0,12,3,4,13,0.51557,0.10891,0.22314,passthrough,31,31,13,31,12,31
01_13_12_03_0423.bmp,0,12,3,4,13,0.5252,0.13315,0.2314,passthrough,13,13,13,13,25,13
01_13_12_03_0424.bmp,0,12,3,4,13,0.52727,0.1364,0.2314,passthrough,13,13,13,13,9,13
01_13_12_03_0426.bmp,0,12,3,4,13,0.53473,0.14124,0.23967,passthrough,36,36,13,31,12,36
01_13_12_03_0427.bmp,0,12,3,4,13,0.53288,0.13771,0.20661,passthrough,13,13,13,13,13,13
01_13_12_03_0428.bmp,0,12,3,4,13,0.53528,0.14567,0.20661,passthrough,31,31,12,13,25,31
01_13_12_03_0434.bmp,0,12,3,4,13,0.52148,0.12701,0.18095,passthrough,13,13,13,13,25,13
01_13_12_03_0437.bmp,0,12,3,4,13,0.52784,0.12554,0.19048,passthrough,13,13,13,31,25,13
01_13_12_03_0438.bmp,0,12,3,4,13,0.52788,0.12369,0.2,passthrough,13,13,13,13,25,13
01_13_12_03_0443.bmp,0,12,3,4,13,0.51253,0.12385,0.14931,passthrough,13,13,13,13,13,13
01_13_12_03_0445.bmp,0,12,3,4,13,0.50978,0.12948,0.17279,passthrough,13,13,13,13,12,13
01_13_12_03_0446.bmp,0,12,3,4,13,0.5153,0.12975,0.19118,passthrough,13,13,13,13,13,13
01_13_12_03_0447.bmp,0,12,3,4,13,0.52001,0.12941,0.19922,passthrough,13,13,40,13,25,13
01_13_12_03_0449.bmp,0,12,3,4,13,0.51404,0.12809,0.15789,passthrough,13,13,13,13,40,13
01_13_12_03_0451.bmp,0,12,3,4,13,0.50975,0.12647,0.14815,passthrough,13,13,13,13,23,13
01_13_12_03_0455.bmp,0,12,3,4,13,0.50859,0.12457,0.12391,passthrough,13,13,40,13,2,13
01_13_12_03_0460.bmp,0,12,3,4,13,0.53616,0.12539,0.13043,passthrough,13,13,13,13,19,13
01_13_12_03_0463.bmp,0,12,3,4,13,0.54113,0.14179,0.16798,passthrough,13,13,13,13,20,13
01_13_12_03_0464.bmp,0,12,3,4,13,0.54731,0.15386,0.16403,passthrough,13,13,13,13,13,13
01_13_12_03_0467.bmp,0,12,3,4,13,0.5375,0.16279,0.14815,passthrough,13,13,13,13,13,13
01_13_12_03_0471.bmp,0,12,3,4,13,0.52173,0.16764,0.09425,passthrough,13,13,13,13,25,13
01_13_12_03_0474.bmp,0,12,3,4,13,0.51494,0.15226,0.09186,passthrough,13,13,13,13,13,13
01_13_12_03_0477.bmp,0,12,3,4,13,0.51877,0.14689,0.0952,passthrough,13,13,13,13,13,13
01_13_12_03_0478.bmp,0,12,3,4,13,0.51312,0.14452,0.09117,passthrough,13,13,13,13,13,13
01_13_12_03_0480.bmp,0,12,3,4,13,0.50518,0.14563,0.09097,passthrough,13,13,13,13,13,13
01_13_12_03_0488.bmp,0,12,3,4,13,0.49932,0.13139,0.07222,stretch,13,13,13,13,13,13
01_13_12_03_0491.bmp,0,12,3,4,13,0.51414,0.13835,0.10072,passthrough,13,13,13,13,13,13
01_13_12_03_0493.bmp,0,12,3,4,13,0.5107,0.13737,0.07246,stretch,13,13,13,13,13,13
01_13_12_03_0495.bmp,0,12,3,4,13,0.50619,0.1333,0.07153,stretch,13,13,13,13,13,13
01_13_12_03_0502.bmp,0,12,3,4,13,0.50518,0.13948,0.05037,stretch,13,13,13,13,13,13
01_13_12_03_0503.bmp,0,12,3,4,13,0.50536,0.13787,0.05386,stretch,13,13,13,13,13,13
01_13_12_03_0505.bmp,0,12,3,4,13,0.50942,0.13666,0.03482,stretch,13,13,13,13,13,13
01_13_12_03_0508.bmp,0,12,3,4,13,0.50227,0.14073,0.0315,stretch,13,13,13,13,13,13
01_13_12_03_0509.bmp,0,12,3,4,13,0.5072,0.13875,0.03283,stretch,13,13,13,13,13,13
01_13_12_03_0513.bmp,0,12,3,4,13,0.51662,0.13136,0.02579,stretch,13,13,13,13,13,13
01_13_12_03_0514.bmp,0,12,3,4,13,0.50408,0.12681,0.01931,stretch,13,13,13,13,25,13
01_13_12_03_0515.bmp,0,12,3,4,13,0.49887,0.12089,0.01438,stretch,13,13,14,13,25,13
01_13_12_03_0517.bmp,0,12,3,4,13,0.52744,0.09181,0.25175,clahe,42,13,13,13,42,31
01_13_12_03_0521.bmp,0,12,3,4,13,0.51863,0.07889,0.04895,clahe,42,13,13,13,42,32
01_13_12_03_0523.bmp,0,12,3,4,13,0.49672,0.09726,0.11316,clahe,20,13,13,13,20,13
01_13_12_03_0525.bmp,0,12,3,4,13,0.50998,0.10348,0.13816,clahe,23,13,13,13,23,13
01_13_12_03_0526.bmp,0,12,3,4,13,0.51296,0.0793,0.0,clahe,42,13,13,32,42,32
01_13_12_03_0532.bmp,0,12,3,4,13,0.51405,0.07672,0.0,clahe,42,40,40,32,42,32
01_13_12_03_0534.bmp,0,12,3,4,13,0.51636,0.07481,0.0979,clahe,42,40,40,32,42,32
01_13_12_03_0535.bmp,0,12,3,4,13,0.54186,0.1133,0.05208,stretch,13,13,13,13,12,12
01_13_12_03_0536.bmp,0,12,3,4,13,0.51559,0.07806,0.14685,clahe,42,13,13,32,42,32
01_13_12_03_0538.bmp,0,12,3,4,13,0.51787,0.07523,0.0,clahe,42,12,12,13,42,32
01_13_12_03_0539.bmp,0,12,3,4,13,0.5468,0.11001,0.25926,passthrough,13,13,13,31,20,13
01_13_12_03_0540.bmp,0,12,3,4,13,0.51677,0.07935,0.15385,clahe,12,13,13,32,12,32
01_13_12_03_0547.bmp,0,12,3,4,13,0.54732,0.10202,0.21181,clahe,12,40,40,13,12,12
01_13_12_03_0550.bmp,0,12,3,4,13,0.51392,0.07036,0.18182,clahe,42,13,13,32,42,31
01_13_12_03_0551.bmp,0,12,3,4,13,0.54152,0.10356,0.24183,clahe,12,13,13,13,12,12
01_13_12_03_0554.bmp,0,12,3,4,13,0.51671,0.07948,0.16084,clahe,25,13,13,32,25,32
01_13_12_03_0555.bmp,0,12,3,4,13,0.54024,0.11138,0.22531,passthrough,13,13,13,13,40,13
01_13_12_03_0560.bmp,0,12,3,4,13,0.52003,0.07117,0.0,clahe,42,13,13,31,42,32
01_13_12_03_0561.bmp,0,12,3,4,13,0.53699,0.102,0.16389,clahe,20,13,13,13,20,12
01_13_12_03_0562.bmp,0,12,3,4,13,0.52086,0.07159,0.03497,clahe,42,13,13,32,42,31
01_13_12_03_0563.bmp,0,12,3,4,13,0.53553,0.10076,0.14021,clahe,20,13,13,31,20,13
01_13_12_03_0569.bmp,0,12,3,4,13,0.52431,0.10367,0.14381,clahe,20,13,13,13,20,13
01_13_12_03_0574.bmp,0,12,3,4,13,0.49992,0.08247,0.15385,clahe,23,13,13,31,23,32
01_13_12_03_0575.bmp,0,12,3,4,13,0.51879,0.10431,0.13665,clahe,20,13,13,13,20,13
01_13_12_03_0576.bmp,0,12,3,4,13,0.49847,0.08275,0.0,clahe,11,13,13,32,11,32
01_13_12_03_0577.bmp,0,12,3,4,13,0.5207,0.10116,0.11494,clahe,25,13,13,13,25,13
01_13_12_03_0579.bmp,0,12,3,4,13,0.52698,0.10915,0.12236,passthrough,13,13,13,13,25,13
01_13_12_03_0581.bmp,0,12,3,4,13,0.52194,0.10647,0.16052,passthrough,13,13,13,13,23,13
01_13_12_03_0583.bmp,0,12,3,4,13,0.5179,0.10081,0.09512,clahe,23,13,13,13,23,13
01_13_12_03_0584.bmp,0,12,3,4,13,0.49398,0.08373,0.0,clahe,2,40,40,32,2,32
01_13_12_03_0588.bmp,0,12,3,4,13,0.49052,0.08664,0.0,clahe,12,13,13,31,12,32
01_13_12_03_0589.bmp,0,12,3,4,13,0.50689,0.09893,0.07576,clahe,13,13,13,13,13,13
01_13_12_03_0591.bmp,0,12,3,4,13,0.50732,0.09887,0.07955,clahe,13,13,13,13,13,13
01_13_12_03_0600.bmp,0,12,3,4,13,0.50425,0.10501,0.09266,clahe,13,13,13,13,13,13
01_13_12_03_0605.bmp,0,12,3,4,13,0.50668,0.11409,0.12391,passthrough,13,13,13,13,13,13
01_13_12_03_0610.bmp,0,12,3,4,13,0.50946,0.11786,0.10305,passthrough,13,13,13,13,13,13
01_13_12_03_0613.bmp,0,12,3,4,13,0.51767,0.12245,0.09648,passthrough,13,13,13,13,25,13
01_13_12_03_0615.bmp,0,12,3,4,13,0.52621,0.12731,0.086,passthrough,13,13,13,13,13,13
01_13_12_03_0621.bmp,0,12,3,4,13,0.52475,0.12642,0.06438,stretch,13,13,13,13,13,13
01_13_12_03_0622.bmp,0,12,3,4,13,0.52105,0.13017,0.05833,stretch,13,13,13,13,13,13
01_13_12_03_0624.bmp,0,12,3,4,13,0.52561,0.14179,0.04023,stretch,13,13,13,13,13,13
01_13_12_03_0626.bmp,0,12,3,4,13,0.52256,0.14533,0.04647,stretch,13,13,13,13,13,13
01_03_12_04_0002.bmp,0,12,4,4,9,0.6383,0.0683,0.07879,clahe,25,13,13,13,25,13
01_03_12_04_0004.bmp,0,12,4,4,9,0.63275,0.07271,0.16232,clahe,0,34,34,13,0,32
01_03_12_04_0009.bmp,0,12,4,4,9,0.61916,0.08067,0.17222,clahe,0,16,16,13,0,13
01_03_12_04_0010.bmp,0,12,4,4,9,0.61389,0.08382,0.08267,clahe,25,9,9,13,25,13
01_03_12_04_0018.bmp,0,12,4,4,9,0.59518,0.08774,0.15336,clahe,42,13,13,13,42,13
01_03_12_04_0025.bmp,0,12,4,4,9,0.56743,0.09111,0.13387,clahe,41,40,40,16,41,16
01_03_12_04_0028.bmp,0,12,4,4,9,0.54969,0.08767,0.12074,clahe,23,13,13,16,23,13
01_03_12_04_0029.bmp,0,12,4,4,9,0.54812,0.08848,0.11846,clahe,23,13,13,13,23,13
01_03_12_04_0030.bmp,0,12,4,4,9,0.5421,0.08636,0.11726,clahe,23,13,13,13,23,13
01_03_12_04_0038.bmp,0,12,4,4,9,0.50517,0.08381,0.04615,clahe,41,13,13,13,41,13
01_03_12_04_0042.bmp,0,12,4,4,9,0.50123,0.09157,0.04981,clahe,23,40,40,13,23,13
01_03_12_04_0044.bmp,0,12,4,4,9,0.50451,0.09564,0.12912,clahe,41,13,13,13,41,13
01_03_12_04_0046.bmp,0,12,4,4,9,0.50547,0.09638,0.11,clahe,23,13,13,13,23,13
01_03_12_04_0048.bmp,0,12,4,4,9,0.51115,0.10871,0.12746,passthrough,13,13,13,13,13,13
01_03_12_04_0049.bmp,0,12,4,4,9,0.50682,0.10282,0.13131,clahe,41,13,13,13,41,13
01_03_12_04_0055.bmp,0,12,4,4,9,0.49926,0.10247,0.08761,clahe,41,13,13,13,41,13
01_03_12_04_0059.bmp,0,12,4,4,9,0.63934,0.0714,0.00786,clahe,41,41,41,13,41,13
01_03_12_04_0060.bmp,0,12,4,4,9,0.63633,0.06945,0.0,clahe,2,13,13,13,2,13
01_03_12_04_0065.bmp,0,12,4,4,9,0.61815,0.07063,0.0,clahe,9,14,14,13,9,13
01_03_12_04_0066.bmp,0,12,4,4,9,0.61927,0.06978,0.0,clahe,9,14,14,13,9,13
01_03_12_04_0068.bmp,0,12,4,4,9,0.61828,0.07076,0.0,clahe,13,41,41,13,13,13
01_03_12_04_0069.bmp,0,12,4,4,9,0.61903,0.07411,0.0051,clahe,13,13,13,13,13,13
01_03_12_04_0071.bmp,0,12,4,4,9,0.61824,0.07584,0.0139,clahe,9,13,13,13,9,13
01_03_12_04_0073.bmp,0,12,4,4,9,0.60957,0.07557,0.01844,clahe,13,14,14,13,13,13
01_03_12_04_0074.bmp,0,12,4,4,9,0.6078,0.07712,0.02289,clahe,2,9,9,13,2,13
01_03_12_04_0076.bmp,0,12,4,4,9,0.59925,0.08633,0.00725,clahe,13,14,14,13,13,13
01_03_12_04_0077.bmp,0,12,4,4,9,0.5939,0.0883,0.01842,clahe,13,9,9,13,13,13
01_03_12_04_0078.bmp,0,12,4,4,9,0.58767,0.08397,0.02677,clahe,13,9,9,13,13,13
01_03_12_04_0079.bmp,0,12,4,4,9,0.57992,0.08481,0.01877,clahe,9,9,9,13,9,13
01_03_12_04_0080.bmp,0,12,4,4,9,0.57179,0.08823,0.02583,clahe,13,41,41,13,13,13
01_03_12_04_0081.bmp,0,12,4,4,9,0.56908,0.09308,0.04563,clahe,13,14,14,13,13,13
01_03_12_04_0084.bmp,0,12,4,4,9,0.5478,0.09927,0.05295,clahe,9,9,9,13,9,13
01_06_12_04_0002.bmp,1,12,4,4,14,0.7831,0.04131,0.0,clahe,1,12,12,36,1,36
01_06_12_04_0003.bmp,0,12,4,4,14,0.64486,0.07926,0.07711,clahe,13,14,14,25,13,25
01_06_12_04_0004.bmp,1,12,4,4,14,0.77899,0.04176,0.0,clahe,12,26,26,36,12,36
01_06_12_04_0005.bmp,1,12,4,4,14,0.78015,0.04351,0.0,clahe,20,12,12,32,20,32
01_06_12_04_0006.bmp,0,12,4,4,14,0.63373,0.08483,0.06682,clahe,24,12,12,25,24,25
01_06_12_04_0006.bmp,1,12,4,4,14,0.78746,0.05244,0.0,clahe,23,12,12,32,23,32
01_06_12_04_0008.bmp,0,12,4,4,14,0.64563,0.09579,0.13383,clahe,25,14,14,25,25,25
01_06_12_04_0008.bmp,1,12,4,4,14,0.78264,0.0459,0.00714,clahe,20,25,25,25,20,32
01_06_12_04_0011.bmp,0,12,4,4,14,0.68978,0.07091,0.03593,clahe,2,14,14,25,2,25
01_06_12_04_0012.bmp,1,12,4,4,14,0.78268,0.05192,0.0,clahe,23,14,14,11,23,11
01_06_12_04_0014.bmp,1,12,4,4,14,0.78634,0.05379,0.0,clahe,20,25,25,11,20,11
01_06_12_04_0015.bmp,0,12,4,4,14,0.67346,0.07964,0.14796,clahe,25,14,14,25,25,25
01_06_12_04_0016.bmp,1,12,4,4,14,0.78676,0.05472,0.0,clahe,25,25,25,11,25,11
01_06_12_04_0017.bmp,1,12,4,4,14,0.79054,0.0597,0.0,clahe,25,26,26,11,25,11
01_06_12_04_0018.bmp,0,12,4,4,14,0.66329,0.07218,0.05771,clahe,2,14,14,25,2,25
01_06_12_04_0018.bmp,1,12,4,4,14,0.79078,0.05901,0.0,clahe,25,25,25,11,25,11
01_06_12_04_0020.bmp,0,12,4,4,14,0.65297,0.07645,0.01146,clahe,2,14,14,25,2,25
01_06_12_04_0022.bmp,1,12,4,4,14,0.78939,0.06545,0.0,clahe,6,26,26,11,6,11
01_06_12_04_0023.bmp,0,12,4,4,14,0.64364,0.08485,0.12597,clahe,25,14,14,25,25,25
01_06_12_04_0023.bmp,1,12,4,4,14,0.7954,0.07006,0.0,clahe,23,14,14,11,23,11
01_06_12_04_0024.bmp,0,12,4,4,14,0.64028,0.08322,0.05738,clahe,2,14,14,25,2,25
01_06_12_04_0024.bmp,1,12,4,4,14,0.79418,0.07078,0.0,clahe,20,1,1,11,20,11
01_06_12_04_0025.bmp,0,12,4,4,14,0.64006,0.08718,0.09304,clahe,25,14,14,25,25,25
01_06_12_04_0027.bmp,0,12,4,4,14,0.63071,0.08832,0.07047,clahe,25,14,14,25,25,25
01_06_12_04_0028.bmp,1,12,4,4,14,0.7826,0.05948,0.0,clahe,24,13,13,11,24,11
01_06_12_04_0031.bmp,0,12,4,4,14,0.6099,0.08371,0.0714,clahe,24,14,14,25,24,25
01_06_12_04_0032.bmp,0,12,4,4,14,0.60443,0.0811,0.07368,clahe,2,14,14,25,2,25
01_06_12_04_0037.bmp,0,12,4,4,14,0.56971,0.08735,0.1174,clahe,25,14,14,25,25,25
01_06_12_04_0038.bmp,0,12,4,4,14,0.56425,0.09048,0.10402,clahe,4,14,14,25,4,25
01_06_12_04_0040.bmp,0,12,4,4,14,0.55342,0.09578,0.09055,clahe,25,14,14,25,25,25
01_06_12_04_0042.bmp,1,12,4,4,14,0.57339,0.08589,0.08385,clahe,0,12,12,36,0,32
01_06_12_04_0044.bmp,1,12,4,4,14,0.55842,0.07169,0.03333,clahe,0,12,12,36,0,31
01_06_12_04_0047.bmp,0,12,4,4,14,0.54361,0.0626,0.02564,clahe,0,25,25,36,0,36
01_06_12_04_0050.bmp,0,12,4,4,14,0.55884,0.09055,0.04916,clahe,0,14,14,32,0,32
01_06_12_04_0055.bmp,0,12,4,4,14,0.55046,0.10684,0.09312,passthrough,32,32,14,13,25,32
01_06_12_04_0058.bmp,0,12,4,4,14,0.53917,0.10892,0.07843,passthrough,13,13,14,25,25,13
01_06_12_04_0060.bmp,0,12,4,4,14,0.52782,0.10247,0.08249,clahe,23,12,12,13,23,32
01_06_12_04_0062.bmp,0,12,4,4,14,0.51954,0.1046,0.03166,clahe,25,14,14,32,25,32
01_06_12_04_0063.bmp,0,12,4,4,14,0.51781,0.11308,0.03487,stretch,25,25,14,36,23,32
01_06_12_04_0064.bmp,0,12,4,4,14,0.52852,0.12842,0.02834,stretch,25,25,14,32,23,32
01_06_12_04_0065.bmp,0,12,4,4,14,0.51678,0.11841,0.03576,stretch,13,13,14,32,25,32
01_06_12_04_0066.bmp,0,12,4,4,14,0.52688,0.124,0.02613,stretch,25,25,14,32,23,13
01_06_12_04_0068.bmp,0,12,4,4,14,0.51803,0.12104,0.03156,stretch,25,25,14,32,25,13
01_06_12_04_0070.bmp,0,12,4,4,14,0.50555,0.11292,0.02853,stretch,25,25,25,32,25,13
01_06_12_04_0071.bmp,0,12,4,4,14,0.49146,0.10126,0.02394,clahe,25,25,25,32,25,13
01_06_12_04_0081.bmp,0,12,4,4,14,0.4831,0.09364,0.06137,clahe,25,14,14,25,25,25
01_06_12_04_0086.bmp,0,12,4,4,14,0.50543,0.09525,0.0791,clahe,16,17,17,16,16,10
01_06_12_04_0087.bmp,0,12,4,4,14,0.51636,0.11653,0.04013,stretch,25,25,14,25,25,25
01_11_12_04_0002.bmp,0,12,4,4,12,0.61345,0.07677,0.18182,clahe,1,13,13,13,1,31
01_11_12_04_0004.bmp,0,12,4,4,12,0.61032,0.08366,0.24402,clahe,1,25,25,13,1,31
01_11_12_04_0006.bmp,0,12,4,4,12,0.60993,0.08299,0.20574,clahe,23,12,12,31,23,31
01_11_12_04_0007.bmp,0,12,4,4,12,0.60874,0.08203,0.23923,clahe,42,13,13,13,42,31
01_11_12_04_0008.bmp,0,12,4,4,12,0.60812,0.08409,0.26316,clahe,42,13,13,13,42,31
01_11_12_04_0009.bmp,0,12,4,4,12,0.60253,0.0826,0.2488,clahe,1,13,13,13,1,31
01_11_12_04_0010.bmp,0,12,4,4,12,0.60345,0.08312,0.15311,clahe,0,12,12,13,0,31
01_11_12_04_0012.bmp,0,12,4,4,12,0.59994,0.0826,0.14833,clahe,42,1,1,31,42,31
01_11_12_04_0015.bmp,0,12,4,4,12,0.5843,0.09413,0.16786,clahe,42,40,40,13,42,11
01_11_12_04_0020.bmp,0,12,4,4,12,0.59865,0.09257,0.12333,clahe,1,18,18,13,1,32
01_11_12_04_0021.bmp,0,12,4,4,12,0.59489,0.0878,0.19182,clahe,11,11,11,12,11,32
01_11_12_04_0025.bmp,0,12,4,4,12,0.60783,0.08974,0.14889,clahe,6,11,11,26,6,12
01_11_12_04_0027.bmp,0,12,4,4,12,0.61687,0.08645,0.17778,clahe,11,35,35,13,11,32
01_11_12_04_0028.bmp,0,12,4,4,12,0.62279,0.08184,0.13778,clahe,42,13,13,13,42,13
01_11_12_04_0030.bmp,0,12,4,4,12,0.63239,0.08765,0.19111,clahe,11,13,13,13,11,13
01_11_12_04_0031.bmp,0,12,4,4,12,0.62928,0.08342,0.11429,clahe,11,40,40,13,11,32
01_11_12_04_0032.bmp,0,12,4,4,12,0.63307,0.08269,0.11993,clahe,11,32,32,13,11,13
01_11_12_04_0033.bmp,0,12,4,4,12,0.63646,0.0834,0.11993,clahe,11,26,26,13,11,32
01_11_12_04_0035.bmp,0,12,4,4,12,0.63502,0.08083,0.10887,clahe,11,1,1,1,11,13
01_11_12_04_0036.bmp,0,12,4,4,12,0.6363,0.07883,0.09736,clahe,12,13,13,13,12,13
01_11_12_04_0039.bmp,0,12,4,4,12,0.64573,0.07442,0.0,clahe,18,18,18,11,18,13
01_11_12_04_0040.bmp,0,12,4,4,12,0.649,0.07194,0.0,clahe,11,1,1,1,11,11
01_11_12_04_0049.bmp,0,12,4,4,12,0.66424,0.06903,0.0,clahe,18,1,1,1,18,1
01_11_12_04_0054.bmp,0,12,4,4,12,0.65775,0.07998,0.0,clahe,18,1,1,13,18,13
01_11_12_04_0061.bmp,0,12,4,4,12,0.6497,0.0876,0.09107,clahe,18,1,1,11,18,13
01_11_12_04_0062.bmp,0,12,4,4,12,0.64874,0.08923,0.09138,clahe,18,1,1,1,18,13
01_11_12_04_0065.bmp,0,12,4,4,12,0.64147,0.09102,0.07994,clahe,18,1,1,1,18,13
01_11_12_04_0068.bmp,0,12,4,4,12,0.62995,0.09401,0.07097,clahe,18,1,1,13,18,13
01_11_12_04_0070.bmp,0,12,4,4,12,0.62113,0.09651,0.08666,clahe,18,1,1,11,18,13
01_11_12_04_0073.bmp,0,12,4,4,12,0.60374,0.09993,0.06556,clahe,18,18,18,25,18,25
01_11_12_04_0074.bmp,0,12,4,4,12,0.60035,0.10258,0.07168,clahe,11,1,1,25,11,13
01_11_12_04_0076.bmp,0,12,4,4,12,0.58559,0.10633,0.06608,stretch,25,25,26,25,18,25
01_11_12_04_0077.bmp,0,12,4,4,12,0.57612,0.10785,0.06237,stretch,25,25,26,25,25,25
01_12_12_04_0002.bmp,1,12,4,4,17,0.8615,0.02554,0.0,clahe,25,25,25,11,25,11
01_12_12_04_0004.bmp,0,12,4,4,17,0.65753,0.0878,0.0,clahe,25,26,26,9,25,13
01_12_12_04_0006.bmp,0,12,4,4,17,0.64517,0.08779,0.0925,clahe,20,26,26,36,20,17
01_12_12_04_0007.bmp,0,12,4,4,17,0.6403,0.09447,0.09524,clahe,19,17,17,17,19,17
01_12_12_04_0008.bmp,1,12,4,4,17,0.86058,0.02452,0.0,clahe,12,38,38,11,12,11
01_12_12_04_0009.bmp,0,12,4,4,17,0.63854,0.09704,0.09762,clahe,25,7,7,17,25,17
01_12_12_04_0010.bmp,1,12,4,4,17,0.8587,0.02251,0.0,clahe,11,11,11,31,11,11
01_12_12_04_0011.bmp,1,12,4,4,17,0.86061,0.02333,0.0,clahe,12,26,26,11,12,11
01_12_12_04_0012.bmp,1,12,4,4,17,0.86123,0.02444,0.0,clahe,25,12,12,11,25,11
01_12_12_04_0013.bmp,0,12,4,4,17,0.63004,0.09728,0.08903,clahe,23,26,26,36,23,10
01_12_12_04_0013.bmp,1,12,4,4,17,0.86218,0.02274,0.0,clahe,12,35,35,11,12,11
01_12_12_04_0014.bmp,0,12,4,4,17,0.62693,0.09783,0.08696,clahe,23,26,26,36,23,10
01_12_12_04_0015.bmp,1,12,4,4,17,0.86072,0.02645,0.0,clahe,11,40,40,11,11,11
01_12_12_04_0017.bmp,0,12,4,4,17,0.61907,0.10687,0.09524,passthrough,17,17,17,17,23,17
01_12_12_04_0017.bmp,1,12,4,4,17,0.86266,0.02341,0.0,clahe,25,25,25,11,25,11
01_12_12_04_0018.bmp,0,12,4,4,17,0.61267,0.10184,0.08182,clahe,20,26,26,17,20,17
01_12_12_04_0018.bmp,1,12,4,4,17,0.86283,0.0224,0.0,clahe,12,40,40,31,12,11
01_12_12_04_0019.bmp,1,12,4,4,17,0.86084,0.02411,0.0,clahe,11,25,25,11,11,11
01_12_12_04_0023.bmp,0,12,4,4,17,0.58991,0.10114,0.06641,clahe,9,17,17,17,9,17
01_12_12_04_0023.bmp,1,12,4,4,17,0.86239,0.02372,0.0,clahe,42,25,25,11,42,11
01_12_12_04_0025.bmp,1,12,4,4,17,0.85891,0.02819,0.0,clahe,12,7,7,11,12,11
01_12_12_04_0026.bmp,0,12,4,4,17,0.5816,0.09849,0.06769,clahe,23,17,17,17,23,17
01_12_12_04_0027.bmp,1,12,4,4,17,0.85856,0.0255,0.0,clahe,25,25,25,11,25,11
01_12_12_04_0028.bmp,0,12,4,4,17,0.59791,0.10277,0.04883,clahe,25,14,14,31,25,32
01_12_12_04_0029.bmp,0,12,4,4,17,0.58748,0.09524,0.04472,clahe,25,25,25,31,25,32
01_12_12_04_0031.bmp,1,12,4,4,17,0.86067,0.02898,0.0,clahe,12,18,18,11,12,11
01_12_12_04_0032.bmp,0,12,4,4,17,0.57244,0.09427,0.04064,clahe,25,14,14,31,25,32
01_12_12_04_0033.bmp,1,12,4,4,17,0.85487,0.02447,0.0,clahe,12,12,12,11,12,11
01_12_12_04_0034.bmp,1,12,4,4,17,0.85487,0.0243,0.0,clahe,42,25,25,11,42,11
01_12_12_04_0035.bmp,1,12,4,4,17,0.85529,0.02507,0.0,clahe,11,11,11,32,11,11
01_12_12_04_0038.bmp,0,12,4,4,17,0.54219,0.10499,0.01563,clahe,9,17,17,17,9,13
01_12_12_04_0038.bmp,1,12,4,4,17,0.8563,0.02657,0.0,clahe,12,40,40,11,12,11
01_12_12_04_0040.bmp,0,12,4,4,17,0.53032,0.11349,0.05305,stretch,13,13,14,17,9,13
01_12_12_04_0040.bmp,1,12,4,4,17,0.85594,0.02787,0.0,clahe,12,25,25,11,12,11
01_12_12_04_0042.bmp,1,12,4,4,17,0.85428,0.03259,0.0,clahe,12,12,12,11,12,11
01_12_12_04_0045.bmp,0,12,4,4,17,0.85603,0.02976,0.0,clahe,28,25,25,11,28,11
01_12_12_04_0049.bmp,0,12,4,4,17,0.85671,0.02793,0.0,clahe,1,25,25,11,1,11
01_12_12_04_0052.bmp,0,12,4,4,17,0.85315,0.03339,0.0,clahe,11,25,25,11,11,11
01_12_12_04_0053.bmp,0,12,4,4,17,0.85104,0.03572,0.0,clahe,12,12,12,11,12,11
01_12_12_04_0056.bmp,0,12,4,4,17,0.85285,0.034,0.0,clahe,23,12,12,11,23,11
01_12_12_04_0058.bmp,0,12,4,4,17,0.85686,0.03525,0.0,clahe,25,11,11,11,25,11
01_12_12_04_0061.bmp,0,12,4,4,17,0.85402,0.03467,0.0,clahe,23,25,25,11,23,11
01_12_12_04_0062.bmp,0,12,4,4,17,0.8514,0.03391,0.0,clahe,23,17,17,11,23,11
01_12_12_04_0063.bmp,0,12,4,4,17,0.85227,0.03458,0.0,clahe,12,25,25,11,12,11
01_12_12_04_0064.bmp,0,12,4,4,17,0.853,0.03422,0.0,clahe,23,25,25,11,23,11
01_12_12_04_0065.bmp,0,12,4,4,17,0.8526,0.03674,0.0,clahe,23,26,26,11,23,11
01_12_12_04_0066.bmp,0,12,4,4,17,0.85034,0.03415,0.0,clahe,20,25,25,11,20,11
01_12_12_04_0068.bmp,0,12,4,4,17,0.85242,0.03796,0.0,clahe,0,25,25,11,0,11
01_12_12_04_0069.bmp,0,12,4,4,17,0.85126,0.03774,0.0,clahe,20,25,25,11,20,11
01_12_12_04_0072.bmp,0,12,4,4,17,0.84699,0.03697,0.0,clahe,20,13,13,11,20,11
01_12_12_04_0075.bmp,0,12,4,4,17,0.85019,0.03765,0.0,clahe,25,12,12,11,25,11
01_12_12_04_0077.bmp,0,12,4,4,17,0.85008,0.04105,0.0,clahe,23,26,26,11,23,11
01_12_12_04_0078.bmp,0,12,4,4,17,0.8461,0.04291,0.0,clahe,20,26,26,11,20,11
01_12_12_04_0079.bmp,0,12,4,4,17,0.84764,0.04178,0.0,clahe,25,25,25,11,25,11
01_12_12_04_0080.bmp,0,12,4,4,17,0.84764,0.04106,0.0,clahe,25,0,0,11,25,11
01_12_12_04_0081.bmp,0,12,4,4,17,0.84752,0.04239,0.0,clahe,23,25,25,11,23,11
01_12_12_04_0082.bmp,0,12,4,4,17,0.84792,0.04152,0.0,clahe,20,23,23,11,20,11
01_12_12_04_0083.bmp,0,12,4,4,17,0.84658,0.04185,0.0,clahe,20,18,18,11,20,11
01_12_12_04_0085.bmp,0,12,4,4,17,0.84543,0.04201,0.0,clahe,20,0,0,11,20,11
01_12_12_04_0089.bmp,0,12,4,4,17,0.8368,0.04017,0.0,clahe,25,0,0,11,25,11
01_12_12_04_0090.bmp,0,12,4,4,17,0.83644,0.0394,0.0,clahe,23,25,25,11,23,11
01_12_12_04_0091.bmp,0,12,4,4,17,0.83905,0.04158,0.0,clahe,23,25,25,11,23,11
01_12_12_04_0093.bmp,0,12,4,4,17,0.83566,0.04327,0.0,clahe,23,26,26,11,23,11
01_12_12_04_0096.bmp,0,12,4,4,17,0.83458,0.04439,0.0,clahe,23,13,13,11,23,11
01_12_12_04_0100.bmp,0,12,4,4,17,0.83288,0.04805,0.0,clahe,23,40,40,11,23,11
01_12_12_04_0101.bmp,0,12,4,4,17,0.82569,0.04961,0.0,clahe,23,26,26,11,23,11
01_12_12_04_0112.bmp,0,12,4,4,17,0.76424,0.06837,0.0,clahe,23,26,26,11,23,11
01_12_12_04_0114.bmp,0,12,4,4,17,0.75196,0.07827,0.0,clahe,23,26,26,11,23,11
01_13_12_04_0001.bmp,1,12,4,4,13,0.7435,0.08384,0.09333,clahe,2,13,13,13,2,13
01_13_12_04_0003.bmp,0,12,4,4,13,0.80902,0.05126,0.0,clahe,25,12,12,31,25,12
01_13_12_04_0004.bmp,0,12,4,4,13,0.80807,0.05789,0.0,clahe,42,13,13,31,42,31
01_13_12_04_0005.bmp,1,12,4,4,13,0.75808,0.07664,0.0,clahe,20,13,13,13,20,13
01_13_12_04_0007.bmp,1,12,4,4,13,0.74976,0.08368,0.04533,clahe,20,0,0,13,20,13
01_13_12_04_0010.bmp,1,12,4,4,13,0.73109,0.09532,0.14011,clahe,2,13,13,13,2,13
01_13_12_04_0012.bmp,0,12,4,4,13,0.79832,0.04961,0.0,clahe,42,26,26,12,42,12
01_13_12_04_0012.bmp,1,12,4,4,13,0.72384,0.09792,0.12912,clahe,13,13,13,13,13,13
01_13_12_04_0014.bmp,0,12,4,4,13,0.79827,0.04958,0.0,clahe,12,1,1,13,12,12
01_13_12_04_0015.bmp,0,12,4,4,13,0.79731,0.05448,0.0,clahe,1,25,25,13,1,31
01_13_12_04_0015.bmp,1,12,4,4,13,0.70759,0.10395,0.13049,clahe,25,13,13,13,25,13
01_13_12_04_0016.bmp,0,12,4,4,13,0.79635,0.04876,0.0,clahe,12,40,40,31,12,31
01_13_12_04_0017.bmp,1,12,4,4,13,0.69434,0.11422,0.15,passthrough,13,13,13,13,13,13
01_13_12_04_0018.bmp,0,12,4,4,13,0.79407,0.04799,0.0,clahe,11,40,40,31,11,31
01_13_12_04_0020.bmp,0,12,4,4,13,0.79409,0.05252,0.0,clahe,12,0,0,38,12,31
01_13_12_04_0021.bmp,0,12,4,4,13,0.79686,0.05177,0.0,clahe,12,13,13,31,12,12
01_13_12_04_0021.bmp,1,12,4,4,13,0.67694,0.12451,0.16935,passthrough,13,13,13,13,2,13
01_13_12_04_0022.bmp,1,12,4,4,13,0.67568,0.12341,0.17396,passthrough,13,13,13,13,13,13
01_13_12_04_0026.bmp,0,12,4,4,13,0.80742,0.06107,0.0,clahe,11,13,13,13,11,12
01_13_12_04_0026.bmp,1,12,4,4,13,0.66732,0.12838,0.15714,passthrough,13,13,13,13,2,13
01_13_12_04_0027.bmp,1,12,4,4,13,0.65949,0.12783,0.1431,passthrough,13,13,13,13,13,13
01_13_12_04_0028.bmp,0,12,4,4,13,0.80598,0.06144,0.0,clahe,42,0,0,31,42,31
01_13_12_04_0029.bmp,1,12,4,4,13,0.64843,0.13639,0.16621,passthrough,13,13,13,13,13,13
01_13_12_04_0030.bmp,0,12,4,4,13,0.80684,0.06188,0.0,clahe,25,13,13,13,25,31
01_13_12_04_0031.bmp,0,12,4,4,13,0.80809,0.06227,0.0,clahe,11,13,13,13,11,31
01_13_12_04_0031.bmp,1,12,4,4,13,0.65069,0.13068,0.14378,passthrough,13,13,13,13,13,13
01_13_12_04_0032.bmp,0,12,4,4,13,0.80754,0.06331,0.0,clahe,13,13,13,13,13,31
01_13_12_04_0034.bmp,1,12,4,4,13,0.63699,0.14403,0.15397,passthrough,13,13,13,13,13,13
01_13_12_04_0035.bmp,0,12,4,4,13,0.81433,0.06159,0.0,clahe,42,40,40,31,42,31
01_13_12_04_0036.bmp,0,12,4,4,13,0.81543,0.06144,0.0,clahe,12,13,13,13,12,31
01_13_12_04_0036.bmp,1,12,4,4,13,0.64133,0.14146,0.14414,passthrough,13,13,13,13,2,13
01_13_12_04_0037.bmp,1,12,4,4,13,0.63876,0.14684,0.13575,passthrough,13,13,13,13,2,13
01_13_12_04_0040.bmp,1,12,4,4,13,0.63343,0.14947,0.13937,passthrough,13,13,13,13,13,13
01_13_12_04_0041.bmp,1,12,4,4,13,0.63361,0.14578,0.14983,passthrough,13,13,13,13,13,13
01_13_12_04_0043.bmp,0,12,4,4,13,0.81107,0.06846,0.0,clahe,42,13,13,13,42,13
01_13_12_04_0044.bmp,1,12,4,4,13,0.62601,0.14837,0.09708,passthrough,13,13,13,13,13,13
01_13_12_04_0048.bmp,1,12,4,4,13,0.62188,0.15025,0.13091,passthrough,13,13,13,13,13,13
01_13_12_04_0049.bmp,1,12,4,4,13,0.62307,0.15065,0.09408,passthrough,13,13,13,13,13,13
01_13_12_04_0050.bmp,0,12,4,4,13,0.7905,0.07679,0.0,clahe,23,13,13,13,23,13
01_13_12_04_0050.bmp,1,12,4,4,13,0.62487,0.15073,0.08837,passthrough,13,13,13,13,13,13
01_13_12_04_0051.bmp,0,12,4,4,13,0.79079,0.07728,0.10516,clahe,20,13,13,13,20,13
01_13_12_04_0052.bmp,1,12,4,4,13,0.62816,0.1517,0.10335,passthrough,13,13,13,13,13,13
01_13_12_04_0053.bmp,1,12,4,4,13,0.62673,0.15664,0.12731,passthrough,13,13,13,13,13,13
01_13_12_04_0059.bmp,1,12,4,4,13,0.60605,0.15527,0.07264,passthrough,13,13,13,13,13,13
01_13_12_04_0063.bmp,1,12,4,4,13,0.86319,0.0249,0.0,clahe,12,40,40,11,12,11
01_13_12_04_0065.bmp,1,12,4,4,13,0.86606,0.02636,0.0,clahe,12,40,40,31,12,11
01_13_12_04_0068.bmp,0,12,4,4,13,0.76965,0.09033,0.1008,clahe,13,13,13,13,13,13
01_13_12_04_0068.bmp,1,12,4,4,13,0.86236,0.02522,0.0,clahe,25,12,12,11,25,11
01_13_12_04_0069.bmp,0,12,4,4,13,0.76958,0.09013,0.10743,clahe,13,13,13,13,13,13
01_13_12_04_0069.bmp,1,12,4,4,13,0.86127,0.02533,0.0,clahe,11,40,40,11,11,11
01_13_12_04_0074.bmp,0,12,4,4,13,0.76537,0.09534,0.1168,clahe,13,13,13,13,13,13
01_13_12_04_0074.bmp,1,12,4,4,13,0.8581,0.02366,0.0,clahe,11,4,4,31,11,11
01_13_12_04_0078.bmp,1,12,4,4,13,0.85976,0.02358,0.0,clahe,12,13,13,31,12,12
01_13_12_04_0080.bmp,1,12,4,4,13,0.86139,0.02367,0.0,clahe,12,25,25,11,12,11
01_13_12_04_0082.bmp,0,12,4,4,13,0.74403,0.10008,0.06117,clahe,13,13,13,13,13,13
01_13_12_04_0082.bmp,1,12,4,4,13,0.86461,0.02697,0.0,clahe,20,40,40,11,20,12
01_13_12_04_0083.bmp,1,12,4,4,13,0.86597,0.02835,0.0,clahe,25,0,0,11,25,11
01_13_12_04_0084.bmp,0,12,4,4,13,0.74016,0.10576,0.06702,clahe,13,13,13,13,13,13
01_13_12_04_0086.bmp,0,12,4,4,13,0.73505,0.10756,0.09673,passthrough,13,13,13,13,13,13
01_13_12_04_0090.bmp,1,12,4,4,13,0.86891,0.03049,0.0,clahe,6,25,25,31,6,11
01_13_12_04_0092.bmp,0,12,4,4,13,0.71905,0.11698,0.05977,stretch,13,13,13,13,13,13
01_13_12_04_0092.bmp,1,12,4,4,13,0.8694,0.02902,0.0,clahe,23,40,40,11,23,11
01_13_12_04_0093.bmp,1,12,4,4,13,0.86719,0.02843,0.0,clahe,0,1,1,11,0,11
01_13_12_04_0094.bmp,0,12,4,4,13,0.70962,0.11316,0.04205,stretch,13,13,13,13,13,13
01_13_12_04_0094.bmp,1,12,4,4,13,0.86931,0.03103,0.0,clahe,12,40,40,11,12,11
01_13_12_04_0097.bmp,1,12,4,4,13,0.86856,0.03022,0.0,clahe,0,25,25,11,0,11
01_13_12_04_0101.bmp,1,12,4,4,13,0.86364,0.03009,0.0,clahe,25,13,13,11,25,11
01_13_12_04_0102.bmp,1,12,4,4,13,0.86488,0.0315,0.0,clahe,0,40,40,11,0,11
01_13_12_04_0104.bmp,0,12,4,4,13,0.65509,0.15529,0.0644,stretch,13,13,13,13,13,13
01_13_12_04_0106.bmp,1,12,4,4,13,0.86082,0.0374,0.0,clahe,20,12,12,11,20,11
01_13_12_04_0111.bmp,0,12,4,4,13,0.60483,0.1596,0.0492,stretch,13,13,13,13,13,13
01_13_12_04_0111.bmp,1,12,4,4,13,0.86028,0.02964,0.0,clahe,20,40,40,11,20,11
01_13_12_04_0112.bmp,0,12,4,4,13,0.5977,0.1611,0.0401,stretch,13,13,13,13,13,13
01_13_12_04_0112.bmp,1,12,4,4,13,0.85854,0.0369,0.0,clahe,25,25,25,11,25,11
01_13_12_04_0115.bmp,1,12,4,4,13,0.86008,0.04248,0.0,clahe,20,25,25,11,20,11
01_13_12_04_0118.bmp,1,12,4,4,13,0.85637,0.03863,0.0,clahe,20,12,12,11,20,11
01_13_12_04_0119.bmp,0,12,4,4,13,0.81838,0.04027,0.0,clahe,2,40,40,31,2,31
01_13_12_04_0120.bmp,1,12,4,4,13,0.85387,0.03735,0.0,clahe,20,12,12,11,20,11
01_13_12_04_0121.bmp,0,12,4,4,13,0.81631,0.04298,0.0,clahe,12,40,40,31,12,31
01_13_12_04_0126.bmp,1,12,4,4,13,0.85076,0.04478,0.0,clahe,25,12,12,11,25,11
01_13_12_04_0127.bmp,1,12,4,4,13,0.84891,0.04235,0.0,clahe,25,25,25,11,25,11
01_13_12_04_0128.bmp,0,12,4,4,13,0.79721,0.03984,0.0,clahe,20,13,13,11,20,11
01_13_12_04_0129.bmp,0,12,4,4,13,0.796,0.04135,0.0,clahe,20,40,40,11,20,11
01_13_12_04_0129.bmp,1,12,4,4,13,0.84694,0.04255,0.0,clahe,23,40,40,11,23,11
01_13_12_04_0130.bmp,1,12,4,4,13,0.84639,0.04162,0.0,clahe,20,0,0,11,20,11
01_13_12_04_0132.bmp,0,12,4,4,13,0.78924,0.04136,0.0,clahe,20,23,23,11,20,12
01_13_12_04_0134.bmp,1,12,4,4,13,0.84247,0.04185,0.0,clahe,25,1,1,11,25,11
01_13_12_04_0138.bmp,0,12,4,4,13,0.77569,0.04864,0.0,clahe,24,13,13,11,24,11
01_13_12_04_0140.bmp,0,12,4,4,13,0.76992,0.05157,0.0,clahe,25,13,13,11,25,31
01_13_12_04_0142.bmp,0,12,4,4,13,0.76354,0.05044,0.0,clahe,25,13,13,11,25,11
01_13_12_04_0142.bmp,1,12,4,4,13,0.84097,0.04189,0.0,clahe,25,40,40,11,25,11
01_13_12_04_0144.bmp,0,12,4,4,13,0.75358,0.05039,0.0,clahe,25,13,13,31,25,32
01_13_12_04_0145.bmp,1,12,4,4,13,0.83668,0.04113,0.0,clahe,25,40,40,11,25,11
01_13_12_04_0146.bmp,1,12,4,4,13,0.83778,0.04074,0.0,clahe,25,25,25,11,25,11
01_13_12_04_0148.bmp,1,12,4,4,13,0.83737,0.04265,0.0,clahe,25,13,13,11,25,11
01_13_12_04_0151.bmp,1,12,4,4,13,0.8378,0.04321,0.0,clahe,25,25,25,11,25,11
01_13_12_04_0152.bmp,1,12,4,4,13,0.83733,0.043,0.0,clahe,25,40,40,11,25,11
01_13_12_04_0155.bmp,0,12,4,4,13,0.70306,0.06647,0.0,clahe,25,13,13,31,25,13
01_13_12_04_0157.bmp,0,12,4,4,13,0.6871,0.07195,0.0,clahe,25,13,13,31,25,13
01_13_12_04_0158.bmp,1,12,4,4,13,0.83793,0.04336,0.0,clahe,25,13,13,11,25,11
01_13_12_04_0160.bmp,0,12,4,4,13,0.66176,0.07898,0.01079,clahe,13,13,13,13,13,13
01_13_12_04_0161.bmp,0,12,4,4,13,0.65282,0.08306,0.0,clahe,13,13,13,13,13,13
01_13_12_04_0161.bmp,1,12,4,4,13,0.83777,0.04402,0.0,clahe,13,13,13,11,13,11
01_13_12_04_0162.bmp,1,12,4,4,13,0.83817,0.04386,0.0,clahe,20,13,13,11,20,11
01_13_12_04_0165.bmp,1,12,4,4,13,0.83864,0.04472,0.0,clahe,25,40,40,11,25,11
01_13_12_04_0166.bmp,1,12,4,4,13,0.83928,0.04452,0.0,clahe,25,13,13,11,25,11
01_13_12_04_0169.bmp,0,12,4,4,13,0.84528,0.03019,0.0,clahe,12,25,25,31,12,11
01_13_12_04_0170.bmp,0,12,4,4,13,0.84679,0.02812,0.0,clahe,25,11,11,11,25,31
01_13_12_04_0172.bmp,1,12,4,4,13,0.839,0.04541,0.0,clahe,25,13,13,11,25,11
01_13_12_04_0173.bmp,0,12,4,4,13,0.85027,0.02878,0.0,clahe,1,13,13,11,1,11
01_13_12_04_0175.bmp,0,12,4,4,13,0.84834,0.02842,0.0,clahe,42,13,13,31,42,31
01_13_12_04_0175.bmp,1,12,4,4,13,0.8311,0.04631,0.0,clahe,23,12,12,11,23,11
01_13_12_04_0177.bmp,1,12,4,4,13,0.83819,0.04517,0.0,clahe,25,13,13,11,25,11
01_13_12_04_0179.bmp,0,12,4,4,13,0.84863,0.02807,0.0,clahe,42,13,13,31,42,31
01_13_12_04_0180.bmp,0,12,4,4,13,0.84501,0.03052,0.0,clahe,42,12,12,31,42,12
01_13_12_04_0181.bmp,0,12,4,4,13,0.84641,0.02989,0.0,clahe,1,25,25,31,1,31
01_13_12_04_0182.bmp,1,12,4,4,13,0.84055,0.04557,0.0,clahe,13,13,13,11,13,11
01_13_12_04_0185.bmp,1,12,4,4,13,0.83997,0.04629,0.0,clahe,13,13,13,11,13,11
01_13_12_04_0186.bmp,1,12,4,4,13,0.84032,0.04578,0.0,clahe,25,25,25,11,25,11
01_13_12_04_0191.bmp,1,12,4,4,13,0.84,0.04509,0.0,clahe,25,13,13,11,25,11
01_13_12_04_0192.bmp,1,12,4,4,13,0.84038,0.04506,0.0,clahe,25,25,25,11,25,11
01_13_12_04_0193.bmp,0,12,4,4,13,0.81491,0.03551,0.0,clahe,1,13,13,31,1,31
01_13_12_04_0195.bmp,0,12,4,4,13,0.80939,0.03546,0.0,clahe,12,25,25,31,12,31
01_13_12_04_0196.bmp,0,12,4,4,13,0.8018,0.03747,0.0,clahe,12,35,35,31,12,31
01_13_12_04_0196.bmp,1,12,4,4,13,0.84031,0.04671,0.0,clahe,25,13,13,11,25,11
01_13_12_04_0197.bmp,1,12,4,4,13,0.84019,0.04414,0.0,clahe,25,13,13,11,25,11
01_13_12_04_0198.bmp,0,12,4,4,13,0.79608,0.03841,0.0,clahe,25,40,40,31,25,31
01_13_12_04_0200.bmp,0,12,4,4,13,0.78704,0.04413,0.0,clahe,23,13,13,31,23,31
01_13_12_04_0200.bmp,1,12,4,4,13,0.8401,0.0455,0.0,clahe,25,13,13,11,25,11
01_13_12_04_0201.bmp,0,12,4,4,13,0.78205,0.04251,0.0,clahe,12,40,40,31,12,31
01_13_12_04_0202.bmp,0,12,4,4,13,0.78065,0.04483,0.0,clahe,12,13,13,31,12,31
01_13_12_04_0202.bmp,1,12,4,4,13,0.84042,0.04565,0.0,clahe,25,13,13,11,25,11
01_13_12_04_0204.bmp,0,12,4,4,13,0.77787,0.04544,0.0,clahe,11,40,40,31,11,31
01_13_12_04_0206.bmp,0,12,4,4,13,0.76638,0.04428,0.0,clahe,23,40,40,31,23,31
01_13_12_04_0206.bmp,1,12,4,4,13,0.84073,0.04736,0.0,clahe,13,13,13,11,13,11
01_13_12_04_0207.bmp,1,12,4,4,13,0.84082,0.04567,0.0,clahe,25,25,25,11,25,11
01_13_12_04_0208.bmp,1,12,4,4,13,0.84067,0.04607,0.0,clahe,25,25,25,11,25,11
01_13_12_04_0211.bmp,0,12,4,4,13,0.74501,0.04553,0.0,clahe,23,23,23,12,23,31
01_13_12_04_0212.bmp,1,12,4,4,13,0.84072,0.04549,0.0,clahe,25,25,25,11,25,11
01_13_12_04_0213.bmp,0,12,4,4,13,0.74086,0.04555,0.0,clahe,25,12,12,13,25,31
01_13_12_04_0214.bmp,1,12,4,4,13,0.84068,0.04497,0.0,clahe,25,40,40,11,25,11
01_13_12_04_0215.bmp,0,12,4,4,13,0.69923,0.05433,0.0,clahe,20,13,13,31,20,31
01_13_12_04_0217.bmp,1,12,4,4,13,0.84051,0.04557,0.0,clahe,13,13,13,11,13,11
01_13_12_04_0218.bmp,0,12,4,4,13,0.6932,0.06736,0.0,clahe,20,13,13,13,20,13
01_13_12_04_0218.bmp,1,12,4,4,13,0.84064,0.04518,0.0,clahe,25,13,13,11,25,11
01_13_12_04_0219.bmp,0,12,4,4,13,0.69203,0.06878,0.0,clahe,20,40,40,13,20,13
01_13_12_04_0219.bmp,1,12,4,4,13,0.84021,0.04554,0.0,clahe,25,25,25,11,25,11
01_13_12_04_0223.bmp,1,12,4,4,13,0.84021,0.04544,0.0,clahe,13,13,13,11,13,11
01_13_12_04_0224.bmp,1,12,4,4,13,0.84039,0.04617,0.0,clahe,25,25,25,11,25,11
01_13_12_04_0228.bmp,0,12,4,4,13,0.6499,0.08283,0.0,clahe,25,13,13,13,25,13
01_13_12_04_0229.bmp,1,12,4,4,13,0.84129,0.04619,0.0,clahe,25,13,13,11,25,11
01_13_12_04_0230.bmp,0,12,4,4,13,0.63661,0.0832,0.0,clahe,25,13,13,13,25,13
01_13_12_04_0231.bmp,1,12,4,4,13,0.84442,0.04788,0.0,clahe,25,1,1,11,25,11
01_13_12_04_0232.bmp,0,12,4,4,13,0.62319,0.08798,0.0,clahe,25,13,13,13,25,13
01_13_12_04_0232.bmp,1,12,4,4,13,0.84476,0.04978,0.0,clahe,13,13,13,11,13,11
01_13_12_04_0234.bmp,1,12,4,4,13,0.84502,0.04724,0.0,clahe,13,13,13,11,13,11
01_13_12_04_0235.bmp,0,12,4,4,13,0.60863,0.09703,0.05941,clahe,25,13,13,13,25,13
01_13_12_04_0236.bmp,0,12,4,4,13,0.60737,0.10404,0.04684,clahe,25,13,13,13,25,13
01_13_12_04_0236.bmp,1,12,4,4,13,0.84476,0.04746,0.0,clahe,13,13,13,11,13,11
01_13_12_04_0237.bmp,1,12,4,4,13,0.84403,0.04893,0.0,clahe,13,13,13,11,13,11
01_13_12_04_0238.bmp,1,12,4,4,13,0.84443,0.04768,0.0,clahe,25,25,25,11,25,11
01_13_12_04_0239.bmp,0,12,4,4,13,0.5988,0.11614,0.07487,passthrough,13,13,13,13,13,13
01_13_12_04_0241.bmp,0,12,4,4,13,0.59284,0.13041,0.06154,stretch,13,13,13,13,13,13
01_13_12_04_0243.bmp,0,12,4,4,13,0.57268,0.13792,0.05444,stretch,13,13,13,13,13,13
01_13_12_04_0244.bmp,0,12,4,4,13,0.56191,0.14705,0.05466,stretch,13,13,13,13,13,13
01_13_12_04_0244.bmp,1,12,4,4,13,0.84316,0.04729,0.0,clahe,25,13,13,11,25,11
01_13_12_04_0248.bmp,1,12,4,4,13,0.84293,0.04772,0.0,clahe,25,13,13,11,25,11
01_13_12_04_0249.bmp,0,12,4,4,13,0.50647,0.14948,0.04641,stretch,13,13,13,13,13,13
01_13_12_04_0250.bmp,1,12,4,4,13,0.84248,0.04746,0.0,clahe,25,40,40,11,25,11
01_13_12_04_0251.bmp,1,12,4,4,13,0.84252,0.04632,0.0,clahe,25,13,13,11,25,11
01_13_12_04_0253.bmp,0,12,4,4,13,0.51216,0.15495,0.04317,stretch,13,13,13,13,13,13
01_13_12_04_0255.bmp,1,12,4,4,13,0.84222,0.04655,0.0,clahe,25,1,1,11,25,11
01_13_12_04_0256.bmp,1,12,4,4,13,0.84219,0.04705,0.0,clahe,13,13,13,11,13,11
01_13_12_04_0258.bmp,1,12,4,4,13,0.8426,0.04673,0.0,clahe,25,13,13,11,25,11
01_13_12_04_0259.bmp,0,12,4,4,13,0.50891,0.14661,0.04403,stretch,13,13,13,13,13,13
01_13_12_04_0262.bmp,1,12,4,4,13,0.8425,0.0465,0.0,clahe,13,13,13,11,13,11
01_13_12_04_0263.bmp,0,12,4,4,13,0.50867,0.14442,0.03257,stretch,13,13,13,13,13,13
01_13_12_04_0264.bmp,0,12,4,4,13,0.50869,0.14146,0.02789,stretch,13,13,13,13,13,13
01_13_12_04_0264.bmp,1,12,4,4,13,0.8424,0.04695,0.0,clahe,25,13,13,11,25,11
01_13_12_04_0268.bmp,1,12,4,4,13,0.84223,0.04699,0.0,clahe,25,13,13,11,25,11
01_13_12_04_0269.bmp,0,12,4,4,13,0.50263,0.12446,0.02082,stretch,13,13,13,13,13,13
01_13_12_04_0269.bmp,1,12,4,4,13,0.84219,0.04687,0.0,clahe,13,25,25,11,13,11
01_13_12_04_0271.bmp,0,12,4,4,13,0.84223,0.04613,0.0,clahe,25,13,13,11,25,11
01_13_12_04_0274.bmp,0,12,4,4,13,0.84252,0.04674,0.0,clahe,25,13,13,11,25,11
01_13_12_04_0275.bmp,0,12,4,4,13,0.84233,0.04819,0.0,clahe,13,13,13,11,13,11
01_13_12_04_0276.bmp,0,12,4,4,13,0.84246,0.04587,0.0,clahe,25,13,13,11,25,11
01_13_12_04_0277.bmp,0,12,4,4,13,0.843,0.04655,0.0,clahe,25,13,13,11,25,11
01_13_12_04_0278.bmp,0,12,4,4,13,0.84274,0.04592,0.0,clahe,13,13,13,11,13,11
01_13_12_04_0279.bmp,0,12,4,4,13,0.84251,0.04634,0.0,clahe,25,13,13,11,25,11
01_13_12_04_0283.bmp,0,12,4,4,13,0.84248,0.04651,0.0,clahe,13,13,13,11,13,11
01_13_12_04_0284.bmp,0,12,4,4,13,0.84251,0.04751,0.0,clahe,13,13,13,11,13,11
01_13_12_04_0285.bmp,0,12,4,4,13,0.84227,0.04644,0.0,clahe,25,25,25,11,25,11
01_13_12_04_0286.bmp,0,12,4,4,13,0.84275,0.04658,0.0,clahe,13,13,13,11,13,11
01_13_12_04_0287.bmp,0,12,4,4,13,0.84272,0.04691,0.0,clahe,13,13,13,11,13,11
01_13_12_04_0289.bmp,0,12,4,4,13,0.84152,0.04508,0.0,clahe,13,13,13,11,13,11
01_13_12_04_0290.bmp,0,12,4,4,13,0.84206,0.04629,0.0,clahe,25,13,13,11,25,11
01_13_12_04_0293.bmp,0,12,4,4,13,0.84097,0.04585,0.0,clahe,25,13,13,11,25,11
01_13_12_04_0294.bmp,0,12,4,4,13,0.84071,0.04497,0.0,clahe,25,13,13,11,25,11
01_13_12_04_0296.bmp,0,12,4,4,13,0.8408,0.0458,0.0,clahe,25,13,13,11,25,11
01_13_12_04_0299.bmp,0,12,4,4,13,0.8386,0.04557,0.0,clahe,25,25,25,11,25,11
01_13_12_04_0301.bmp,0,12,4,4,13,0.8371,0.0448,0.0,clahe,13,13,13,11,13,11
01_13_12_04_0302.bmp,0,12,4,4,13,0.83691,0.04476,0.0,clahe,25,13,13,11,25,11
01_13_12_04_0304.bmp,0,12,4,4,13,0.83581,0.04418,0.0,clahe,25,13,13,11,25,11
01_13_12_04_0306.bmp,0,12,4,4,13,0.83394,0.04424,0.0,clahe,13,25,25,11,13,11
01_13_12_04_0308.bmp,0,12,4,4,13,0.8331,0.04342,0.0,clahe,25,13,13,11,25,11
01_13_12_04_0312.bmp,0,12,4,4,13,0.83045,0.0459,0.0,clahe,13,13,13,11,13,11
01_13_12_04_0315.bmp,0,12,4,4,13,0.82571,0.04441,0.0,clahe,25,13,13,11,25,11
01_13_12_04_0316.bmp,0,12,4,4,13,0.82456,0.04472,0.0,clahe,25,13,13,11,25,11
01_13_12_04_0328.bmp,0,12,4,4,13,0.808,0.05564,0.0,clahe,13,13,13,11,13,11
01_13_12_04_0333.bmp,0,12,4,4,13,0.79781,0.06118,0.02708,clahe,25,13,13,11,25,11
01_13_12_04_0338.bmp,0,12,4,4,13,0.78016,0.07517,0.0,clahe,13,13,13,13,13,11
01_13_12_04_0341.bmp,0,12,4,4,13,0.77173,0.08277,0.03215,clahe,13,13,13,13,13,13
01_13_12_04_0342.bmp,0,12,4,4,13,0.76545,0.08142,0.03399,clahe,13,13,13,13,13,11
01_13_12_04_0343.bmp,0,12,4,4,13,0.7593,0.08511,0.05192,clahe,13,13,13,13,13,11
01_13_12_04_0344.bmp,0,12,4,4,13,0.75437,0.08919,0.0398,clahe,13,13,13,11,13,11
01_13_12_04_0348.bmp,0,12,4,4,13,0.72483,0.10121,0.04055,clahe,13,13,13,13,13,13
01_13_12_04_0349.bmp,0,12,4,4,13,0.71538,0.10468,0.05401,clahe,13,13,13,13,13,13
01_13_12_04_0352.bmp,0,12,4,4,13,0.67019,0.10777,0.03911,stretch,13,13,13,13,13,13
01_13_12_04_0356.bmp,0,12,4,4,13,0.60035,0.09143,0.01935,clahe,25,14,14,31,25,12
01_13_12_04_0360.bmp,0,12,4,4,13,0.53223,0.13807,0.06917,stretch,13,13,13,13,13,13
01_13_12_04_0363.bmp,0,12,4,4,13,0.52757,0.14645,0.05009,stretch,13,13,13,13,13,13
01_13_12_04_0367.bmp,0,12,4,4,13,0.52812,0.15553,0.05383,stretch,13,13,13,13,13,13
01_13_12_04_0370.bmp,0,12,4,4,13,0.52923,0.14868,0.05258,stretch,13,13,13,13,13,13
01_13_12_04_0371.bmp,0,12,4,4,13,0.51532,0.13765,0.04087,stretch,13,13,13,13,13,13
01_13_12_04_0372.bmp,0,12,4,4,13,0.50829,0.1341,0.03547,stretch,13,13,13,13,13,13
01_13_12_04_0374.bmp,0,12,4,4,13,0.5104,0.13164,0.03519,stretch,13,13,13,13,13,13
01_13_12_04_0377.bmp,0,12,4,4,13,0.51144,0.13755,0.04274,stretch,13,13,13,13,13,13
01_13_12_04_0378.bmp,0,12,4,4,13,0.52095,0.14943,0.05936,stretch,13,13,13,13,13,13
01_13_12_04_0382.bmp,0,12,4,4,13,0.53109,0.16263,0.06075,stretch,13,13,13,13,13,13
01_13_12_04_0384.bmp,0,12,4,4,13,0.53721,0.15649,0.06335,stretch,13,13,13,13,13,13
01_13_12_04_0387.bmp,0,12,4,4,13,0.85519,0.035,0.0,clahe,42,12,12,31,42,12
01_13_12_04_0389.bmp,0,12,4,4,13,0.85746,0.03019,0.0,clahe,42,25,25,12,42,12
01_13_12_04_0390.bmp,0,12,4,4,13,0.85818,0.0342,0.0,clahe,12,13,13,31,12,12
01_13_12_04_0393.bmp,0,12,4,4,13,0.86087,0.03616,0.0,clahe,12,25,25,31,12,12
01_13_12_04_0397.bmp,0,12,4,4,13,0.85905,0.04019,0.0,clahe,42,13,13,31,42,12
01_13_12_04_0399.bmp,0,12,4,4,13,0.86297,0.03563,0.0,clahe,12,13,13,12,12,12
01_13_12_04_0400.bmp,0,12,4,4,13,0.86155,0.04093,0.0,clahe,42,12,12,31,42,12
01_13_12_04_0401.bmp,0,12,4,4,13,0.86028,0.0383,0.0,clahe,42,12,12,31,42,12
01_13_12_04_0402.bmp,0,12,4,4,13,0.86608,0.03403,0.0,clahe,42,40,40,31,42,12
01_13_12_04_0406.bmp,0,12,4,4,13,0.86109,0.03335,0.0,clahe,42,1,1,31,42,12
01_13_12_04_0407.bmp,0,12,4,4,13,0.86106,0.0377,0.0,clahe,12,13,13,31,12,12
01_13_12_04_0416.bmp,0,12,4,4,13,0.85701,0.03888,0.0,clahe,42,13,13,11,42,11
01_13_12_04_0419.bmp,0,12,4,4,13,0.85743,0.04064,0.0,clahe,12,12,12,11,12,12
01_13_12_04_0420.bmp,0,12,4,4,13,0.85837,0.04151,0.0,clahe,12,12,12,12,12,12
01_13_12_04_0424.bmp,0,12,4,4,13,0.85895,0.04398,0.0,clahe,42,13,13,31,42,12
01_13_12_04_0429.bmp,0,12,4,4,13,0.85385,0.04276,0.0,clahe,25,25,25,11,25,11
01_13_12_04_0433.bmp,0,12,4,4,13,0.85283,0.04253,0.0,clahe,25,40,40,11,25,11
01_13_12_04_0437.bmp,0,12,4,4,13,0.85253,0.04126,0.0,clahe,2,13,13,13,2,11
01_13_12_04_0444.bmp,0,12,4,4,13,0.84255,0.04561,0.0,clahe,6,25,25,11,6,11
01_13_12_04_0445.bmp,0,12,4,4,13,0.84409,0.04436,0.0,clahe,25,12,12,32,25,11
01_13_12_04_0446.bmp,0,12,4,4,13,0.84516,0.04349,0.0,clahe,20,18,18,31,20,11
01_13_12_04_0447.bmp,0,12,4,4,13,0.84628,0.04275,0.0,clahe,23,13,13,11,23,11
01_13_12_04_0453.bmp,0,12,4,4,13,0.83456,0.04704,0.0,clahe,25,13,13,13,25,11
01_13_12_04_0457.bmp,0,12,4,4,13,0.83167,0.04625,0.0,clahe,25,13,13,11,25,11
01_13_12_04_0459.bmp,0,12,4,4,13,0.83675,0.04634,0.0,clahe,40,13,13,13,40,11
01_13_12_04_0461.bmp,0,12,4,4,13,0.8374,0.05036,0.0,clahe,25,40,40,13,25,11
01_13_12_04_0464.bmp,0,12,4,4,13,0.83546,0.06056,0.0,clahe,25,13,13,13,25,13
01_13_12_04_0466.bmp,0,12,4,4,13,0.83073,0.06369,0.0,clahe,25,13,13,13,25,13
01_13_12_04_0468.bmp,0,12,4,4,13,0.82485,0.06437,0.0,clahe,25,13,13,13,25,13
01_13_12_04_0469.bmp,0,12,4,4,13,0.82095,0.0658,0.0,clahe,20,13,13,13,20,13
01_13_12_04_0472.bmp,0,12,4,4,13,0.81539,0.06403,0.0,clahe,25,25,25,13,25,13
01_13_12_04_0473.bmp,0,12,4,4,13,0.81613,0.06447,0.0,clahe,25,13,13,13,25,13
01_13_12_04_0475.bmp,0,12,4,4,13,0.80776,0.06156,0.0,clahe,25,13,13,13,25,13
01_13_12_04_0476.bmp,0,12,4,4,13,0.80752,0.06141,0.0,clahe,25,13,13,13,25,13
01_13_12_04_0483.bmp,0,12,4,4,13,0.78958,0.06335,0.0,clahe,25,13,13,13,25,13
01_13_12_04_0484.bmp,0,12,4,4,13,0.78596,0.06021,0.0,clahe,25,13,13,13,25,13
01_13_12_04_0486.bmp,0,12,4,4,13,0.7826,0.06001,0.0,clahe,25,13,13,13,25,13
01_13_12_04_0489.bmp,0,12,4,4,13,0.77783,0.06174,0.0,clahe,25,13,13,13,25,13
01_13_12_04_0490.bmp,0,12,4,4,13,0.7788,0.06431,0.0,clahe,13,13,13,13,13,13
01_13_12_04_0492.bmp,0,12,4,4,13,0.77463,0.06762,0.0,clahe,13,13,13,13,13,13
01_13_12_04_0493.bmp,0,12,4,4,13,0.77026,0.06861,0.0,clahe,25,13,13,13,25,13
01_13_12_04_0494.bmp,0,12,4,4,13,0.76462,0.06995,0.00601,clahe,13,13,13,13,13,13
01_13_12_04_0495.bmp,0,12,4,4,13,0.75993,0.06981,0.00368,clahe,11,13,13,13,11,13
01_13_12_04_0496.bmp,0,12,4,4,13,0.75488,0.06903,0.0,clahe,25,13,13,13,25,13
01_13_12_04_0501.bmp,0,12,4,4,13,0.72947,0.0786,0.00565,clahe,13,13,13,13,13,13
01_13_12_04_0503.bmp,0,12,4,4,13,0.71442,0.08538,0.00163,clahe,13,13,13,13,13,13
01_13_12_04_0506.bmp,0,12,4,4,13,0.69648,0.09151,0.02313,clahe,13,13,13,13,13,13
01_13_12_04_0509.bmp,0,12,4,4,13,0.65863,0.09854,0.01833,clahe,13,13,13,13,13,13
01_13_12_04_0512.bmp,0,12,4,4,13,0.62131,0.10667,0.01214,stretch,13,13,13,13,13,13
01_13_12_04_0513.bmp,0,12,4,4,13,0.61372,0.10754,0.0201,stretch,13,13,13,13,13,13
01_13_12_04_0518.bmp,0,12,4,4,13,0.66505,0.05833,0.0,clahe,1,40,40,12,1,31
01_13_12_04_0519.bmp,0,12,4,4,13,0.66192,0.06332,0.0,clahe,42,13,13,13,42,31
01_13_12_04_0520.bmp,0,12,4,4,13,0.65742,0.06038,0.0,clahe,12,7,7,13,12,31
01_13_12_04_0522.bmp,0,12,4,4,13,0.65038,0.05696,0.0,clahe,1,13,13,31,1,31
01_13_12_04_0525.bmp,0,12,4,4,13,0.64648,0.07652,0.0,clahe,13,13,13,13,13,31
01_13_12_04_0527.bmp,0,12,4,4,13,0.65645,0.07518,0.0,clahe,25,13,13,13,25,31
01_13_12_04_0528.bmp,0,12,4,4,13,0.64473,0.05342,0.0,clahe,42,40,40,12,42,31
01_13_12_04_0529.bmp,0,12,4,4,13,0.66416,0.08171,0.04167,clahe,12,13,13,13,12,31
01_13_12_04_0530.bmp,0,12,4,4,13,0.64295,0.05651,0.0,clahe,42,35,35,32,42,31
01_13_12_04_0532.bmp,0,12,4,4,13,0.64034,0.05949,0.0,clahe,12,13,13,32,12,31
01_13_12_04_0533.bmp,0,12,4,4,13,0.6685,0.08264,0.05556,clahe,12,13,13,12,12,12
01_13_12_04_0535.bmp,0,12,4,4,13,0.66852,0.08163,0.05208,clahe,13,13,13,13,13,12
01_13_12_04_0539.bmp,0,12,4,4,13,0.66892,0.08223,0.04815,clahe,40,13,13,13,40,31
01_13_12_04_0540.bmp,0,12,4,4,13,0.63573,0.06145,0.0,clahe,42,13,13,32,42,31
01_13_12_04_0546.bmp,0,12,4,4,13,0.63025,0.0576,0.0,clahe,12,12,12,32,12,31
01_13_12_04_0547.bmp,0,12,4,4,13,0.66554,0.0782,0.05208,clahe,25,40,40,12,25,31
01_13_12_04_0549.bmp,0,12,4,4,13,0.65953,0.08162,0.04902,clahe,12,40,40,13,12,31
01_13_12_04_0553.bmp,0,12,4,4,13,0.65662,0.0832,0.0463,clahe,25,13,13,13,25,31
01_13_12_04_0556.bmp,0,12,4,4,13,0.62114,0.05431,0.0,clahe,12,13,13,31,12,31
01_13_12_04_0557.bmp,0,12,4,4,13,0.65545,0.08221,0.04722,clahe,20,13,13,13,20,31
01_13_12_04_0559.bmp,0,12,4,4,13,0.65386,0.08118,0.03611,clahe,25,13,13,13,25,31
01_13_12_04_0567.bmp,0,12,4,4,13,0.64586,0.07782,0.0,clahe,20,13,13,13,20,13
01_13_12_04_0576.bmp,0,12,4,4,13,0.57008,0.07051,0.14904,clahe,6,13,13,32,6,32
01_13_12_04_0578.bmp,0,12,4,4,13,0.5662,0.06823,0.0,clahe,23,40,40,12,23,32
01_13_12_04_0584.bmp,0,12,4,4,13,0.54929,0.0733,0.17195,clahe,0,13,13,32,0,32
01_13_12_04_0585.bmp,0,12,4,4,13,0.66116,0.07199,0.0,clahe,20,13,13,13,20,13
01_13_12_04_0587.bmp,0,12,4,4,13,0.66024,0.07171,0.0,clahe,20,13,13,13,20,13
01_13_12_04_0591.bmp,0,12,4,4,13,0.66387,0.06997,0.0,clahe,13,13,13,13,13,13
01_13_12_04_0593.bmp,0,12,4,4,13,0.66312,0.07057,0.0,clahe,25,13,13,13,25,13
01_13_12_04_0595.bmp,0,12,4,4,13,0.66485,0.06951,0.0,clahe,25,13,13,13,25,13
01_13_12_04_0601.bmp,0,12,4,4,13,0.66574,0.07435,0.0,clahe,20,13,13,13,20,13
01_13_12_04_0603.bmp,0,12,4,4,13,0.65987,0.07836,0.08274,clahe,25,13,13,13,25,13
01_13_12_04_0606.bmp,0,12,4,4,13,0.65058,0.07673,0.02663,clahe,25,13,13,13,25,13
01_13_12_04_0607.bmp,0,12,4,4,13,0.64818,0.07984,0.04457,clahe,25,13,13,13,25,13
01_13_12_04_0608.bmp,0,12,4,4,13,0.64704,0.08035,0.07022,clahe,25,13,13,13,25,13
01_13_12_04_0611.bmp,0,12,4,4,13,0.64611,0.08711,0.08912,clahe,25,13,13,13,25,13
01_13_12_04_0617.bmp,0,12,4,4,13,0.64528,0.09612,0.05811,clahe,13,13,13,13,13,13
01_13_12_04_0619.bmp,0,12,4,4,13,0.64098,0.10243,0.03836,clahe,13,13,13,13,13,13
01_13_12_04_0622.bmp,0,12,4,4,13,0.61738,0.10576,0.034,clahe,13,13,13,13,13,13
01_03_12_05_0005.bmp,0,12,5,4,9,0.69846,0.06299,0.0,clahe,0,13,13,13,0,31
01_03_12_05_0006.bmp,0,12,5,4,9,0.69409,0.06262,0.0,clahe,42,13,13,13,42,32
01_03_12_05_0008.bmp,0,12,5,4,9,0.68362,0.06606,0.0,clahe,0,13,13,13,0,13
01_03_12_05_0009.bmp,0,12,5,4,9,0.68182,0.06584,0.0,clahe,41,13,13,13,41,13
01_03_12_05_0014.bmp,0,12,5,4,9,0.667,0.06877,0.0,clahe,41,13,13,13,41,13
01_03_12_05_0015.bmp,0,12,5,4,9,0.66166,0.07051,0.06379,clahe,23,13,13,13,23,13
01_03_12_05_0024.bmp,0,12,5,4,9,0.60539,0.08495,0.14386,clahe,6,41,41,13,6,13
01_03_12_05_0028.bmp,0,12,5,4,9,0.57873,0.08373,0.0554,clahe,41,16,16,13,41,13
01_03_12_05_0032.bmp,0,12,5,4,9,0.54686,0.08205,0.05314,clahe,41,14,14,13,41,13
01_03_12_05_0038.bmp,0,12,5,4,9,0.51021,0.08308,0.04923,clahe,23,9,9,13,23,13
01_03_12_05_0039.bmp,0,12,5,4,9,0.50739,0.08235,0.04931,clahe,23,14,14,13,23,13
01_03_12_05_0040.bmp,0,12,5,4,9,0.50294,0.08436,0.10328,clahe,23,13,13,13,23,13
01_03_12_05_0043.bmp,0,12,5,4,9,0.5052,0.09428,0.04821,clahe,13,13,13,13,13,13
01_03_12_05_0045.bmp,0,12,5,4,9,0.50472,0.09448,0.10256,clahe,41,13,13,13,41,13
01_03_12_05_0046.bmp,0,12,5,4,9,0.5055,0.09552,0.0475,clahe,23,13,13,13,23,13
01_03_12_05_0048.bmp,0,12,5,4,9,0.51074,0.10902,0.12667,passthrough,13,13,13,13,23,13
01_03_12_05_0051.bmp,0,12,5,4,9,0.50172,0.09835,0.07687,clahe,25,13,13,13,25,13
01_03_12_05_0055.bmp,0,12,5,4,9,0.49909,0.10168,0.11004,clahe,41,13,13,13,41,13
01_03_12_05_0056.bmp,0,12,5,4,9,0.67981,0.05944,0.0,clahe,25,13,13,13,25,13
01_03_12_05_0059.bmp,0,12,5,4,9,0.67603,0.06286,0.00879,clahe,23,25,25,13,23,13
01_03_12_05_0063.bmp,0,12,5,4,9,0.65499,0.06381,0.0,clahe,25,41,41,13,25,13
01_03_12_05_0064.bmp,0,12,5,4,9,0.64785,0.06391,0.0,clahe,2,9,9,13,2,13
01_03_12_05_0066.bmp,0,12,5,4,9,0.64209,0.06748,0.0,clahe,41,13,13,13,41,13
01_03_12_05_0069.bmp,0,12,5,4,9,0.64188,0.06891,0.00353,clahe,2,41,41,13,2,13
01_03_12_05_0072.bmp,0,12,5,4,9,0.63047,0.06947,0.0,clahe,13,13,13,13,13,13
01_03_12_05_0073.bmp,0,12,5,4,9,0.62659,0.0724,0.0,clahe,2,14,14,13,2,13
01_03_12_05_0079.bmp,0,12,5,4,9,0.58162,0.08474,0.03679,clahe,13,9,9,13,13,13
01_03_12_05_0082.bmp,0,12,5,4,9,0.5666,0.10441,0.0573,clahe,2,14,14,13,2,13
01_03_12_05_0085.bmp,0,12,5,4,9,0.53649,0.09738,0.04096,clahe,13,41,41,13,13,13
01_06_12_05_0001.bmp,0,12,5,4,14,0.71453,0.07236,0.02544,clahe,20,25,25,25,20,32
01_06_12_05_0001.bmp,1,12,5,4,14,0.90456,0.02629,0.0,clahe,6,35,35,11,6,11
01_06_12_05_0002.bmp,1,12,5,4,14,0.90511,0.02661,0.0,clahe,25,25,25,11,25,11
01_06_12_05_0005.bmp,1,12,5,4,14,0.90255,0.02357,0.0,clahe,0,38,38,11,0,11
01_06_12_05_0006.bmp,0,12,5,4,14,0.70415,0.07124,0.03453,clahe,23,14,14,1,23,32
01_06_12_05_0006.bmp,1,12,5,4,14,0.90509,0.02923,0.0,clahe,20,25,25,11,20,11
01_06_12_05_0007.bmp,1,12,5,4,14,0.90371,0.02759,0.0,clahe,20,0,0,11,20,11
01_06_12_05_0009.bmp,0,12,5,4,14,0.77476,0.06655,0.0,clahe,25,14,14,25,25,25
01_06_12_05_0009.bmp,1,12,5,4,14,0.9037,0.02727,0.0,clahe,20,23,23,11,20,11
01_06_12_05_0011.bmp,0,12,5,4,14,0.78836,0.05134,0.0,clahe,25,14,14,25,25,1
01_06_12_05_0011.bmp,1,12,5,4,14,0.9008,0.02857,0.0,clahe,6,12,12,11,6,11
01_06_12_05_0012.bmp,0,12,5,4,14,0.77909,0.05443,0.0,clahe,25,25,25,25,25,1
01_06_12_05_0012.bmp,1,12,5,4,14,0.90142,0.03242,0.0,clahe,20,40,40,11,20,11
01_06_12_05_0014.bmp,0,12,5,4,14,0.76871,0.05658,0.0,clahe,25,14,14,25,25,25
01_06_12_05_0014.bmp,1,12,5,4,14,0.90336,0.03223,0.0,clahe,20,40,40,11,20,11
01_06_12_05_0015.bmp,1,12,5,4,14,0.90346,0.03288,0.0,clahe,23,26,26,11,23,11
01_06_12_05_0016.bmp,0,12,5,4,14,0.76216,0.05692,0.0,clahe,25,14,14,25,25,1
01_06_12_05_0017.bmp,0,12,5,4,14,0.75782,0.05535,0.0,clahe,25,29,29,25,25,25
01_06_12_05_0017.bmp,1,12,5,4,14,0.90381,0.03419,0.0,clahe,25,26,26,11,25,11
01_06_12_05_0019.bmp,0,12,5,4,14,0.74816,0.05901,0.0,clahe,25,14,14,25,25,25
01_06_12_05_0019.bmp,1,12,5,4,14,0.90249,0.03326,0.0,clahe,20,25,25,11,20,11
01_06_12_05_0025.bmp,1,12,5,4,14,0.89888,0.03553,0.0,clahe,20,40,40,11,20,11
01_06_12_05_0026.bmp,1,12,5,4,14,0.89804,0.03758,0.0,clahe,20,25,25,11,20,11
01_06_12_05_0029.bmp,0,12,5,4,14,0.69504,0.07202,0.02058,clahe,2,14,14,25,2,25
01_06_12_05_0030.bmp,0,12,5,4,14,0.68575,0.06998,0.00443,clahe,25,14,14,25,25,25
01_06_12_05_0033.bmp,0,12,5,4,14,0.66343,0.07167,0.02113,clahe,25,14,14,25,25,25
01_06_12_05_0033.bmp,1,12,5,4,14,0.63419,0.09358,0.16746,clahe,0,1,1,13,0,31
01_06_12_05_0034.bmp,1,12,5,4,14,0.62918,0.08859,0.04785,clahe,0,25,25,12,0,32
01_06_12_05_0037.bmp,1,12,5,4,14,0.61665,0.0968,0.08333,clahe,6,25,25,36,6,36
01_06_12_05_0038.bmp,0,12,5,4,14,0.6128,0.08099,0.04023,clahe,25,14,14,25,25,25
01_06_12_05_0038.bmp,1,12,5,4,14,0.6123,0.08876,0.05417,clahe,42,40,40,12,42,31
01_06_12_05_0039.bmp,0,12,5,4,14,0.60268,0.08594,0.08841,clahe,20,14,14,25,20,25
01_06_12_05_0039.bmp,1,12,5,4,14,0.61689,0.10923,0.09226,passthrough,36,36,1,36,0,36
01_06_12_05_0043.bmp,0,12,5,4,14,0.56608,0.09191,0.07551,clahe,25,14,14,25,25,25
01_06_12_05_0046.bmp,0,12,5,4,14,0.55677,0.06668,0.02821,clahe,0,1,1,12,0,36
01_06_12_05_0048.bmp,0,12,5,4,14,0.54788,0.05838,0.02262,clahe,0,25,25,36,0,32
01_06_12_05_0050.bmp,0,12,5,4,14,0.56124,0.09237,0.04608,clahe,23,14,14,11,23,32
01_06_12_05_0057.bmp,0,12,5,4,14,0.54292,0.10755,0.06667,stretch,13,13,14,13,23,32
01_06_12_05_0061.bmp,0,12,5,4,14,0.51072,0.07785,0.03166,clahe,23,14,14,25,23,32
01_06_12_05_0062.bmp,0,12,5,4,14,0.52014,0.10448,0.0278,clahe,23,1,1,36,23,32
01_06_12_05_0064.bmp,0,12,5,4,14,0.5288,0.12843,0.04993,stretch,25,25,14,32,23,32
01_06_12_05_0065.bmp,0,12,5,4,14,0.51682,0.11926,0.03036,stretch,25,25,25,32,25,32
01_06_12_05_0069.bmp,0,12,5,4,14,0.50974,0.12044,0.03101,stretch,25,25,14,32,25,13
01_06_12_05_0071.bmp,0,12,5,4,14,0.49132,0.10052,0.02394,clahe,25,14,14,32,25,13
01_06_12_05_0072.bmp,0,12,5,4,14,0.48765,0.09768,0.02208,clahe,13,14,14,4,13,25
01_06_12_05_0073.bmp,0,12,5,4,14,0.48519,0.08574,0.02521,clahe,24,25,25,25,24,25
01_06_12_05_0076.bmp,0,12,5,4,14,0.48086,0.08188,0.03217,clahe,24,14,14,25,24,25
01_06_12_05_0077.bmp,0,12,5,4,14,0.48445,0.09041,0.04009,clahe,24,14,14,25,24,25
01_06_12_05_0078.bmp,0,12,5,4,14,0.48404,0.09745,0.01566,clahe,24,14,14,25,24,25
01_06_12_05_0080.bmp,0,12,5,4,14,0.48392,0.09601,0.10523,clahe,24,14,14,25,24,25
01_06_12_05_0082.bmp,0,12,5,4,14,0.4825,0.09217,0.08833,clahe,25,14,14,25,25,25
01_06_12_05_0083.bmp,0,12,5,4,14,0.48297,0.093,0.0958,clahe,25,14,14,25,25,25
01_06_12_05_0084.bmp,0,12,5,4,14,0.48119,0.09271,0.0498,clahe,2,14,14,25,2,25
01_11_12_05_0001.bmp,0,12,5,4,12,0.6635,0.07005,0.0,clahe,1,13,13,31,1,31
01_11_12_05_0005.bmp,0,12,5,4,12,0.65081,0.07401,0.19617,clahe,1,13,13,31,1,31
01_11_12_05_0009.bmp,0,12,5,4,12,0.63445,0.08018,0.16746,clahe,1,26,26,31,1,31
01_11_12_05_0015.bmp,0,12,5,4,12,0.60908,0.08984,0.18929,clahe,11,13,13,13,11,13
01_11_12_05_0017.bmp,0,12,5,4,12,0.6123,0.08194,0.10667,clahe,40,1,1,13,40,32
01_11_12_05_0018.bmp,0,12,5,4,12,0.61627,0.08389,0.19,clahe,23,13,13,13,23,32
01_11_12_05_0021.bmp,0,12,5,4,12,0.61701,0.082,0.0,clahe,11,40,40,11,11,11
01_11_12_05_0023.bmp,0,12,5,4,12,0.63182,0.07743,0.0,clahe,11,40,40,31,11,31
01_11_12_05_0026.bmp,0,12,5,4,12,0.64771,0.07712,0.0,clahe,11,1,1,32,11,32
01_11_12_05_0028.bmp,0,12,5,4,12,0.65829,0.07424,0.0,clahe,11,13,13,13,11,32
01_11_12_05_0029.bmp,0,12,5,4,12,0.66377,0.07484,0.0,clahe,11,1,1,11,11,11
01_11_12_05_0035.bmp,0,12,5,4,12,0.67852,0.07035,0.0,clahe,11,13,13,13,11,11
01_11_12_05_0036.bmp,0,12,5,4,12,0.67964,0.06867,0.0,clahe,11,1,1,1,11,1
01_11_12_05_0038.bmp,0,12,5,4,12,0.68922,0.06638,0.0,clahe,18,40,40,13,18,13
01_11_12_05_0039.bmp,0,12,5,4,12,0.69354,0.06607,0.0,clahe,18,1,1,1,18,13
01_11_12_05_0040.bmp,0,12,5,4,12,0.69971,0.06236,0.0,clahe,11,40,40,11,11,11
01_11_12_05_0045.bmp,0,12,5,4,12,0.72355,0.05939,0.0,clahe,18,1,1,1,18,11
01_11_12_05_0048.bmp,0,12,5,4,12,0.72253,0.05818,0.0,clahe,18,1,1,1,18,11
01_11_12_05_0049.bmp,0,12,5,4,12,0.71747,0.06005,0.0,clahe,18,1,1,11,18,11
01_11_12_05_0052.bmp,0,12,5,4,12,0.70648,0.06678,0.0,clahe,18,1,1,11,18,1
01_11_12_05_0053.bmp,0,12,5,4,12,0.70155,0.06902,0.06884,clahe,18,1,1,13,18,13
01_11_12_05_0054.bmp,0,12,5,4,12,0.70239,0.07024,0.0,clahe,18,1,1,13,18,13
01_11_12_05_0056.bmp,0,12,5,4,12,0.70259,0.07373,0.0,clahe,18,18,18,13,18,13
01_11_12_05_0058.bmp,0,12,5,4,12,0.69421,0.07246,0.0,clahe,18,18,18,1,18,13
01_11_12_05_0059.bmp,0,12,5,4,12,0.69179,0.07495,0.0,clahe,18,1,1,1,18,13
01_11_12_05_0060.bmp,0,12,5,4,12,0.68974,0.07833,0.0,clahe,18,1,1,11,18,13
01_11_12_05_0061.bmp,0,12,5,4,12,0.68836,0.08011,0.05848,clahe,18,1,1,1,18,13
01_11_12_05_0062.bmp,0,12,5,4,12,0.68527,0.08049,0.0,clahe,18,1,1,1,18,13
01_11_12_05_0064.bmp,0,12,5,4,12,0.67685,0.08116,0.0,clahe,18,1,1,11,18,13
01_11_12_05_0066.bmp,0,12,5,4,12,0.66715,0.08494,0.0,clahe,18,26,26,11,18,13
01_11_12_05_0069.bmp,0,12,5,4,12,0.64875,0.08806,0.06838,clahe,11,26,26,1,11,13
01_11_12_05_0071.bmp,0,12,5,4,12,0.63371,0.0923,0.06186,clahe,18,13,13,13,18,13
01_11_12_05_0073.bmp,0,12,5,4,12,0.61694,0.09643,0.05418,clahe,18,26,26,25,18,25
01_11_12_05_0079.bmp,0,12,5,4,12,0.55631,0.11043,0.05393,stretch,25,25,13,25,26,25
01_11_12_05_0080.bmp,0,12,5,4,12,0.54216,0.10468,0.04406,clahe,1,14,14,32,1,32
01_12_12_05_0001.bmp,0,12,5,4,17,0.68672,0.04848,0.0,clahe,23,17,17,32,23,32
01_12_12_05_0002.bmp,0,12,5,4,17,0.68099,0.07125,0.0,clahe,25,12,12,36,25,11
01_12_12_05_0002.bmp,1,12,5,4,17,0.96067,0.02144,0.0,clahe,11,12,12,11,11,11
01_12_12_05_0003.bmp,0,12,5,4,17,0.67867,0.07786,0.09048,clahe,20,17,17,36,20,17
01_12_12_05_0005.bmp,0,12,5,4,17,0.6798,0.0888,0.06,clahe,6,17,17,13,6,13
01_12_12_05_0006.bmp,0,12,5,4,17,0.67022,0.08103,0.095,clahe,25,13,13,36,25,17
01_12_12_05_0007.bmp,0,12,5,4,17,0.6661,0.08676,0.1,clahe,0,17,17,17,0,17
01_12_12_05_0009.bmp,1,12,5,4,17,0.95838,0.01975,0.0,clahe,42,40,40,11,42,11
01_12_12_05_0015.bmp,0,12,5,4,17,0.63807,0.09702,0.09317,clahe,23,26,26,17,23,10
01_12_12_05_0016.bmp,0,12,5,4,17,0.63551,0.10141,0.09524,clahe,23,17,17,17,23,17
01_12_12_05_0017.bmp,0,12,5,4,17,0.63202,0.1032,0.09317,clahe,23,26,26,17,23,17
01_12_12_05_0017.bmp,1,12,5,4,17,0.96343,0.02401,0.0,clahe,42,11,11,11,42,11
01_12_12_05_0019.bmp,0,12,5,4,17,0.62232,0.09874,0.08727,clahe,23,26,26,17,23,17
01_12_12_05_0019.bmp,1,12,5,4,17,0.95983,0.02172,0.0,clahe,25,11,11,11,25,12
01_12_12_05_0020.bmp,0,12,5,4,17,0.60699,0.09187,0.05747,clahe,0,17,17,17,0,17
01_12_12_05_0020.bmp,1,12,5,4,17,0.95799,0.0205,0.0,clahe,11,11,11,11,11,12
01_12_12_05_0023.bmp,1,12,5,4,17,0.95909,0.02149,0.0,clahe,25,12,12,11,25,11
01_12_12_05_0026.bmp,0,12,5,4,17,0.58502,0.10074,0.06513,clahe,23,17,17,17,23,17
01_12_12_05_0027.bmp,1,12,5,4,17,0.95499,0.02077,0.0,clahe,6,12,12,11,6,12
01_12_12_05_0030.bmp,0,12,5,4,17,0.59237,0.09396,0.02037,clahe,25,25,25,31,25,32
01_12_12_05_0031.bmp,1,12,5,4,17,0.95948,0.02115,0.0,clahe,1,11,11,11,1,11
01_12_12_05_0032.bmp,1,12,5,4,17,0.95514,0.02443,0.0,clahe,1,18,18,11,1,11
01_12_12_05_0033.bmp,0,12,5,4,17,0.57484,0.0994,0.04216,clahe,25,17,17,31,25,32
01_12_12_05_0034.bmp,0,12,5,4,17,0.5675,0.09793,0.03889,clahe,25,14,14,31,25,19
01_12_12_05_0034.bmp,1,12,5,4,17,0.95636,0.02183,0.0,clahe,12,12,12,11,12,11
01_12_12_05_0035.bmp,1,12,5,4,17,0.95704,0.02269,0.0,clahe,42,12,12,11,42,11
01_12_12_05_0036.bmp,1,12,5,4,17,0.95698,0.0206,0.0,clahe,42,12,12,11,42,12
01_12_12_05_0037.bmp,1,12,5,4,17,0.95651,0.02057,0.0,clahe,25,25,25,11,25,11
01_12_12_05_0040.bmp,0,12,5,4,17,0.52995,0.11379,0.04817,stretch,13,13,14,17,9,13
01_12_12_05_0040.bmp,1,12,5,4,17,0.95561,0.02505,0.0,clahe,12,12,12,11,12,11
01_12_12_05_0041.bmp,0,12,5,4,17,0.53368,0.14447,0.03248,stretch,13,13,14,17,9,13
01_12_12_05_0041.bmp,1,12,5,4,17,0.95404,0.02125,0.0,clahe,12,25,25,11,12,11
01_12_12_05_0042.bmp,0,12,5,4,17,0.51382,0.12348,0.0154,stretch,25,25,14,36,16,13
01_12_12_05_0043.bmp,1,12,5,4,17,0.95113,0.02242,0.0,clahe,25,25,25,11,25,11
01_12_12_05_0044.bmp,0,12,5,4,17,0.95374,0.02222,0.0,clahe,11,12,12,11,11,11
01_12_12_05_0045.bmp,0,12,5,4,17,0.95196,0.02484,0.0,clahe,42,11,11,11,42,11
01_12_12_05_0047.bmp,0,12,5,4,17,0.95449,0.02589,0.0,clahe,42,25,25,11,42,11
01_12_12_05_0052.bmp,0,12,5,4,17,0.95143,0.02359,0.0,clahe,11,38,38,11,11,11
01_12_12_05_0053.bmp,0,12,5,4,17,0.95015,0.02307,0.0,clahe,42,12,12,11,42,11
01_12_12_05_0054.bmp,0,12,5,4,17,0.95077,0.02376,0.0,clahe,42,25,25,11,42,11
01_12_12_05_0058.bmp,0,12,5,4,17,0.95481,0.02273,0.0,clahe,23,11,11,11,23,11
01_12_12_05_0067.bmp,0,12,5,4,17,0.95189,0.02429,0.0,clahe,20,40,40,11,20,11
01_12_12_05_0068.bmp,0,12,5,4,17,0.95023,0.02539,0.0,clahe,2,25,25,11,2,11
01_12_12_05_0069.bmp,0,12,5,4,17,0.95096,0.02337,0.0,clahe,20,18,18,11,20,11
01_12_12_05_0074.bmp,0,12,5,4,17,0.94983,0.0243,0.0,clahe,20,25,25,11,20,11
01_12_12_05_0076.bmp,0,12,5,4,17,0.94997,0.0244,0.0,clahe,20,12,12,11,20,11
01_12_12_05_0077.bmp,0,12,5,4,17,0.94775,0.02557,0.0,clahe,20,40,40,11,20,11
01_12_12_05_0079.bmp,0,12,5,4,17,0.94486,0.02564,0.0,clahe,20,25,25,11,20,11
01_12_12_05_0080.bmp,0,12,5,4,17,0.9463,0.02694,0.0,clahe,25,25,25,11,25,11
01_12_12_05_0083.bmp,0,12,5,4,17,0.94568,0.02596,0.0,clahe,20,40,40,11,20,11
01_12_12_05_0086.bmp,0,12,5,4,17,0.94279,0.02492,0.0,clahe,20,25,25,11,20,11
01_12_12_05_0087.bmp,0,12,5,4,17,0.94166,0.02423,0.0,clahe,20,12,12,11,20,11
01_12_12_05_0089.bmp,0,12,5,4,17,0.93811,0.02557,0.0,clahe,25,25,25,11,25,11
01_12_12_05_0090.bmp,0,12,5,4,17,0.93894,0.02456,0.0,clahe,20,25,25,11,20,11
01_12_12_05_0092.bmp,0,12,5,4,17,0.93796,0.02626,0.0,clahe,20,25,25,11,20,11
01_12_12_05_0093.bmp,0,12,5,4,17,0.93499,0.0262,0.0,clahe,25,12,12,11,25,11
01_12_12_05_0106.bmp,0,12,5,4,17,0.89026,0.03302,0.0,clahe,25,25,25,11,25,11
01_12_12_05_0111.bmp,0,12,5,4,17,0.85636,0.04628,0.0,clahe,25,26,26,11,25,11
01_12_12_05_0112.bmp,0,12,5,4,17,0.84748,0.04924,0.0,clahe,23,25,25,11,23,11
01_12_12_05_0116.bmp,0,12,5,4,17,0.78891,0.06439,0.0,clahe,23,26,26,10,23,10
01_13_12_05_0001.bmp,0,12,5,4,13,0.91058,0.02974,0.0,clahe,12,12,12,11,12,11
01_13_12_05_0001.bmp,1,12,5,4,13,0.80913,0.06502,0.0,clahe,2,12,12,11,2,11
01_13_12_05_0004.bmp,1,12,5,4,13,0.83308,0.0585,0.0,clahe,20,40,40,10,20,11
01_13_12_05_0007.bmp,0,12,5,4,13,0.90568,0.02989,0.0,clahe,11,40,40,11,11,11
01_13_12_05_0007.bmp,1,12,5,4,13,0.82496,0.06086,0.0,clahe,0,13,13,11,0,11
01_13_12_05_0009.bmp,0,12,5,4,13,0.90875,0.03008,0.0,clahe,25,25,25,11,25,11
01_13_12_05_0009.bmp,1,12,5,4,13,0.80268,0.06771,0.0,clahe,13,13,13,13,13,11
01_13_12_05_0010.bmp,0,12,5,4,13,0.90875,0.03179,0.0,clahe,12,11,11,11,12,11
01_13_12_05_0016.bmp,0,12,5,4,13,0.90566,0.03101,0.0,clahe,12,12,12,11,12,11
01_13_12_05_0017.bmp,1,12,5,4,13,0.73295,0.10045,0.14231,clahe,2,13,13,13,2,13
01_13_12_05_0019.bmp,0,12,5,4,13,0.90515,0.03384,0.0,clahe,12,12,12,11,12,11
01_13_12_05_0019.bmp,1,12,5,4,13,0.71706,0.10511,0.14631,clahe,13,13,13,13,13,13
01_13_12_05_0021.bmp,0,12,5,4,13,0.90578,0.03054,0.0,clahe,12,35,35,11,12,11
01_13_12_05_0022.bmp,0,12,5,4,13,0.90742,0.02791,0.0,clahe,23,12,12,11,23,11
01_13_12_05_0023.bmp,1,12,5,4,13,0.70001,0.11171,0.15795,passthrough,13,13,13,13,13,13
01_13_12_05_0024.bmp,0,12,5,4,13,0.90968,0.02707,0.0,clahe,12,12,12,11,12,11
01_13_12_05_0024.bmp,1,12,5,4,13,0.69347,0.11744,0.13166,passthrough,13,13,13,13,13,13
01_13_12_05_0025.bmp,0,12,5,4,13,0.91212,0.02759,0.0,clahe,20,12,12,11,20,12
01_13_12_05_0027.bmp,0,12,5,4,13,0.91194,0.03046,0.0,clahe,11,12,12,11,11,11
01_13_12_05_0028.bmp,1,12,5,4,13,0.67116,0.12543,0.13802,passthrough,13,13,13,13,13,13
01_13_12_05_0029.bmp,1,12,5,4,13,0.66112,0.13042,0.17723,passthrough,13,13,13,13,13,13
01_13_12_05_0030.bmp,0,12,5,4,13,0.91164,0.03322,0.0,clahe,25,12,12,11,25,11
01_13_12_05_0030.bmp,1,12,5,4,13,0.66321,0.12126,0.16866,passthrough,13,13,13,13,13,13
01_13_12_05_0031.bmp,0,12,5,4,13,0.91094,0.03733,0.0,clahe,42,13,13,11,42,11
01_13_12_05_0031.bmp,1,12,5,4,13,0.66008,0.12705,0.14747,passthrough,13,13,13,13,13,13
01_13_12_05_0032.bmp,0,12,5,4,13,0.91202,0.03282,0.0,clahe,23,25,25,11,23,11
01_13_12_05_0036.bmp,1,12,5,4,13,0.64496,0.14211,0.14742,passthrough,13,13,13,13,13,13
01_13_12_05_0037.bmp,0,12,5,4,13,0.91755,0.03409,0.0,clahe,12,11,11,11,12,11
01_13_12_05_0037.bmp,1,12,5,4,13,0.64188,0.14633,0.15611,passthrough,13,13,13,13,13,13
01_13_12_05_0038.bmp,0,12,5,4,13,0.92094,0.03253,0.0,clahe,11,25,25,12,11,12
01_13_12_05_0038.bmp,1,12,5,4,13,0.64225,0.14329,0.14432,passthrough,13,13,13,13,13,13
01_13_12_05_0041.bmp,0,12,5,4,13,0.9127,0.03604,0.0,clahe,40,13,13,11,40,11
01_13_12_05_0043.bmp,1,12,5,4,13,0.63182,0.14589,0.11293,passthrough,13,13,13,13,13,13
01_13_12_05_0045.bmp,1,12,5,4,13,0.62849,0.14789,0.09825,passthrough,13,13,13,13,13,13
01_13_12_05_0049.bmp,0,12,5,4,13,0.89778,0.0404,0.0,clahe,20,13,13,11,20,11
01_13_12_05_0050.bmp,0,12,5,4,13,0.89669,0.04145,0.0,clahe,25,11,11,11,25,11
01_13_12_05_0050.bmp,1,12,5,4,13,0.62888,0.14878,0.0907,passthrough,13,13,13,13,13,13
01_13_12_05_0052.bmp,1,12,5,4,13,0.63457,0.14687,0.13113,passthrough,13,13,13,13,13,13
01_13_12_05_0053.bmp,0,12,5,4,13,0.89344,0.04156,0.0,clahe,20,13,13,11,20,11
01_13_12_05_0053.bmp,1,12,5,4,13,0.63483,0.15291,0.12423,passthrough,13,13,13,13,13,13
01_13_12_05_0054.bmp,0,12,5,4,13,0.89318,0.04377,0.0,clahe,20,40,40,11,20,11
01_13_12_05_0055.bmp,1,12,5,4,13,0.63026,0.14926,0.14795,passthrough,13,13,13,13,13,13
01_13_12_05_0059.bmp,0,12,5,4,13,0.88134,0.04591,0.0,clahe,20,13,13,11,20,11
01_13_12_05_0060.bmp,1,12,5,4,13,0.59973,0.16306,0.08201,passthrough,13,13,13,13,13,13
01_13_12_05_0062.bmp,1,12,5,4,13,0.613,0.17006,0.05769,stretch,13,13,13,13,2,13
01_13_12_05_0066.bmp,0,12,5,4,13,0.87557,0.05022,0.0,clahe,13,35,35,11,13,11
01_13_12_05_0070.bmp,1,12,5,4,13,0.95481,0.0235,0.0,clahe,1,33,33,11,1,11
01_13_12_05_0072.bmp,1,12,5,4,13,0.95287,0.02371,0.0,clahe,12,12,12,11,12,11
01_13_12_05_0075.bmp,0,12,5,4,13,0.86062,0.0582,0.0,clahe,13,13,13,11,13,11
01_13_12_05_0075.bmp,1,12,5,4,13,0.95342,0.02169,0.0,clahe,12,12,12,11,12,11
01_13_12_05_0076.bmp,1,12,5,4,13,0.951,0.02304,0.0,clahe,12,40,40,11,12,11
01_13_12_05_0080.bmp,0,12,5,4,13,0.8508,0.06483,0.0,clahe,13,13,13,13,13,13
01_13_12_05_0081.bmp,1,12,5,4,13,0.95032,0.023,0.0,clahe,2,12,12,11,2,11
01_13_12_05_0082.bmp,0,12,5,4,13,0.84235,0.06607,0.0,clahe,25,13,13,13,25,13
01_13_12_05_0083.bmp,0,12,5,4,13,0.83996,0.06851,0.0,clahe,13,13,13,13,13,13
01_13_12_05_0084.bmp,1,12,5,4,13,0.94984,0.02179,0.0,clahe,25,25,25,11,25,12
01_13_12_05_0086.bmp,0,12,5,4,13,0.82962,0.07222,0.0,clahe,13,13,13,13,13,13
01_13_12_05_0088.bmp,1,12,5,4,13,0.95007,0.02408,0.0,clahe,6,25,25,11,6,11
01_13_12_05_0089.bmp,0,12,5,4,13,0.81648,0.07785,0.05575,clahe,13,13,13,13,13,13
01_13_12_05_0090.bmp,1,12,5,4,13,0.94989,0.02182,0.0,clahe,6,12,12,11,6,11
01_13_12_05_0091.bmp,0,12,5,4,13,0.80898,0.0821,0.0,clahe,13,13,13,13,13,13
01_13_12_05_0091.bmp,1,12,5,4,13,0.94904,0.02241,0.0,clahe,23,12,12,11,23,11
01_13_12_05_0092.bmp,0,12,5,4,13,0.80541,0.08445,0.04966,clahe,13,13,13,13,13,13
01_13_12_05_0093.bmp,0,12,5,4,13,0.79911,0.083,0.04562,clahe,13,13,13,13,13,13
01_13_12_05_0093.bmp,1,12,5,4,13,0.9508,0.0229,0.0,clahe,0,25,25,11,0,11
01_13_12_05_0095.bmp,1,12,5,4,13,0.95066,0.02089,0.0,clahe,0,25,25,11,0,11
01_13_12_05_0098.bmp,0,12,5,4,13,0.76615,0.09759,0.03581,clahe,13,13,13,13,13,13
01_13_12_05_0101.bmp,0,12,5,4,13,0.74333,0.10631,0.03938,stretch,13,13,13,13,13,13
01_13_12_05_0101.bmp,1,12,5,4,13,0.94625,0.02555,0.0,clahe,0,40,40,11,0,11
01_13_12_05_0104.bmp,0,12,5,4,13,0.71436,0.1329,0.05883,stretch,13,13,13,13,13,13
01_13_12_05_0106.bmp,1,12,5,4,13,0.94092,0.02495,0.0,clahe,0,11,11,11,0,11
01_13_12_05_0108.bmp,1,12,5,4,13,0.94206,0.02591,0.0,clahe,23,2,2,11,23,11
01_13_12_05_0109.bmp,0,12,5,4,13,0.66406,0.1435,0.04504,stretch,13,13,13,13,13,13
01_13_12_05_0111.bmp,1,12,5,4,13,0.93925,0.02275,0.0,clahe,20,40,40,11,20,11
01_13_12_05_0113.bmp,0,12,5,4,13,0.61317,0.14549,0.02182,stretch,13,13,13,13,13,13
01_13_12_05_0113.bmp,1,12,5,4,13,0.93852,0.02552,0.0,clahe,20,25,25,11,20,11
01_13_12_05_0114.bmp,1,12,5,4,13,0.93642,0.02633,0.0,clahe,20,0,0,11,20,11
01_13_12_05_0115.bmp,0,12,5,4,13,0.91497,0.02362,0.0,clahe,1,11,11,11,1,11
01_13_12_05_0116.bmp,1,12,5,4,13,0.93674,0.02658,0.0,clahe,20,25,25,11,20,11
01_13_12_05_0117.bmp,1,12,5,4,13,0.93572,0.02589,0.0,clahe,20,40,40,11,20,11
01_13_12_05_0119.bmp,1,12,5,4,13,0.93427,0.02661,0.0,clahe,20,23,23,11,20,11
01_13_12_05_0120.bmp,1,12,5,4,13,0.93288,0.02491,0.0,clahe,2,25,25,11,2,11
01_13_12_05_0121.bmp,1,12,5,4,13,0.93051,0.02624,0.0,clahe,20,39,39,11,20,11
01_13_12_05_0122.bmp,0,12,5,4,13,0.90297,0.02902,0.0,clahe,2,25,25,11,2,11
01_13_12_05_0125.bmp,0,12,5,4,13,0.89623,0.02792,0.0,clahe,23,25,25,11,23,11
01_13_12_05_0128.bmp,0,12,5,4,13,0.89064,0.0286,0.0,clahe,40,12,12,11,40,11
01_13_12_05_0128.bmp,1,12,5,4,13,0.92549,0.02889,0.0,clahe,25,25,25,11,25,11
01_13_12_05_0130.bmp,1,12,5,4,13,0.92521,0.02841,0.0,clahe,25,12,12,11,25,11
01_13_12_05_0131.bmp,0,12,5,4,13,0.88356,0.03026,0.0,clahe,20,12,12,11,20,11
01_13_12_05_0131.bmp,1,12,5,4,13,0.92292,0.02709,0.0,clahe,25,11,11,11,25,11
01_13_12_05_0132.bmp,0,12,5,4,13,0.88169,0.03008,0.0,clahe,40,25,25,11,40,11
01_13_12_05_0132.bmp,1,12,5,4,13,0.92272,0.02791,0.0,clahe,20,40,40,11,20,11
01_13_12_05_0134.bmp,1,12,5,4,13,0.92041,0.0281,0.0,clahe,2,2,2,11,2,11
01_13_12_05_0136.bmp,0,12,5,4,13,0.87108,0.0329,0.0,clahe,25,13,13,11,25,11
01_13_12_05_0137.bmp,0,12,5,4,13,0.86613,0.03301,0.0,clahe,25,13,13,11,25,11
01_13_12_05_0137.bmp,1,12,5,4,13,0.9184,0.02756,0.0,clahe,25,25,25,11,25,11
01_13_12_05_0138.bmp,1,12,5,4,13,0.91753,0.02836,0.0,clahe,25,12,12,11,25,11
01_13_12_05_0139.bmp,1,12,5,4,13,0.91717,0.02749,0.0,clahe,25,40,40,11,25,11
01_13_12_05_0140.bmp,1,12,5,4,13,0.91751,0.02836,0.0,clahe,25,0,0,11,25,11
01_13_12_05_0141.bmp,1,12,5,4,13,0.91642,0.02869,0.0,clahe,25,0,0,11,25,11
01_13_12_05_0146.bmp,1,12,5,4,13,0.91309,0.02749,0.0,clahe,25,40,40,11,25,11
01_13_12_05_0148.bmp,0,12,5,4,13,0.82017,0.04493,0.0,clahe,25,13,13,11,25,11
01_13_12_05_0149.bmp,1,12,5,4,13,0.91287,0.02844,0.0,clahe,25,40,40,11,25,11
01_13_12_05_0150.bmp,0,12,5,4,13,0.80778,0.0451,0.0,clahe,25,1,1,11,25,11
01_13_12_05_0151.bmp,0,12,5,4,13,0.79932,0.04829,0.0,clahe,25,13,13,11,25,11
01_13_12_05_0151.bmp,1,12,5,4,13,0.91306,0.02904,0.0,clahe,25,12,12,11,25,11
01_13_12_05_0153.bmp,0,12,5,4,13,0.78356,0.0523,0.0,clahe,25,13,13,31,25,11
01_13_12_05_0155.bmp,0,12,5,4,13,0.76635,0.05615,0.0,clahe,25,13,13,31,25,32
01_13_12_05_0155.bmp,1,12,5,4,13,0.91225,0.02937,0.0,clahe,25,25,25,11,25,11
01_13_12_05_0156.bmp,0,12,5,4,13,0.75568,0.05852,0.0,clahe,25,13,13,31,25,19
01_13_12_05_0157.bmp,0,12,5,4,13,0.74321,0.06289,0.0,clahe,25,13,13,31,25,32
01_13_12_05_0160.bmp,0,12,5,4,13,0.70329,0.0725,0.0,clahe,25,13,13,13,25,13
01_13_12_05_0161.bmp,1,12,5,4,13,0.91082,0.03062,0.0,clahe,25,25,25,11,25,11
01_13_12_05_0164.bmp,0,12,5,4,13,0.63843,0.09554,0.0,clahe,13,13,13,13,13,13
01_13_12_05_0165.bmp,1,12,5,4,13,0.91223,0.03061,0.0,clahe,25,40,40,11,25,11
01_13_12_05_0168.bmp,0,12,5,4,13,0.93301,0.02365,0.0,clahe,42,40,40,11,42,12
01_13_12_05_0169.bmp,0,12,5,4,13,0.93414,0.02434,0.0,clahe,42,18,18,11,42,11
01_13_12_05_0170.bmp,0,12,5,4,13,0.93598,0.02451,0.0,clahe,11,10,10,11,11,11
01_13_12_05_0170.bmp,1,12,5,4,13,0.90989,0.03171,0.0,clahe,25,25,25,11,25,11
01_13_12_05_0171.bmp,0,12,5,4,13,0.93583,0.02523,0.0,clahe,42,12,12,11,42,11
01_13_12_05_0172.bmp,1,12,5,4,13,0.91087,0.03114,0.0,clahe,25,12,12,11,25,11
01_13_12_05_0174.bmp,0,12,5,4,13,0.93916,0.02215,0.0,clahe,23,7,7,11,23,11
01_13_12_05_0174.bmp,1,12,5,4,13,0.89919,0.02972,0.0,clahe,25,40,40,11,25,11
01_13_12_05_0176.bmp,0,12,5,4,13,0.94201,0.01776,0.0,clahe,42,23,23,12,42,12
01_13_12_05_0177.bmp,0,12,5,4,13,0.94198,0.02341,0.0,clahe,12,11,11,11,12,11
01_13_12_05_0179.bmp,1,12,5,4,13,0.9106,0.03101,0.0,clahe,25,2,2,11,25,11
01_13_12_05_0181.bmp,1,12,5,4,13,0.91061,0.03263,0.0,clahe,25,25,25,11,25,11
01_13_12_05_0182.bmp,1,12,5,4,13,0.91089,0.0326,0.0,clahe,25,25,25,11,25,11
01_13_12_05_0183.bmp,0,12,5,4,13,0.93301,0.02308,0.0,clahe,12,11,11,11,12,12
01_13_12_05_0185.bmp,1,12,5,4,13,0.9109,0.03234,0.0,clahe,25,12,12,11,25,11
01_13_12_05_0186.bmp,0,12,5,4,13,0.9246,0.02321,0.0,clahe,42,11,11,11,42,12
01_13_12_05_0187.bmp,0,12,5,4,13,0.92493,0.02276,0.0,clahe,11,40,40,11,11,12
01_13_12_05_0190.bmp,0,12,5,4,13,0.91848,0.02312,0.0,clahe,42,23,23,11,42,11
01_13_12_05_0194.bmp,0,12,5,4,13,0.9074,0.02657,0.0,clahe,1,12,12,11,1,11
01_13_12_05_0198.bmp,0,12,5,4,13,0.89057,0.02769,0.0,clahe,6,25,25,11,6,12
01_13_12_05_0199.bmp,1,12,5,4,13,0.91102,0.03239,0.0,clahe,25,25,25,11,25,11
01_13_12_05_0201.bmp,1,12,5,4,13,0.9117,0.03295,0.0,clahe,25,25,25,11,25,11
01_13_12_05_0202.bmp,0,12,5,4,13,0.87668,0.03173,0.0,clahe,6,12,12,31,6,11
01_13_12_05_0204.bmp,0,12,5,4,13,0.87033,0.03216,0.0,clahe,11,25,25,11,11,12
01_13_12_05_0204.bmp,1,12,5,4,13,0.91137,0.03169,0.0,clahe,25,11,11,11,25,11
01_13_12_05_0205.bmp,0,12,5,4,13,0.86562,0.03016,0.0,clahe,12,13,13,11,12,11
01_13_12_05_0205.bmp,1,12,5,4,13,0.91106,0.0317,0.0,clahe,25,25,25,11,25,11
01_13_12_05_0206.bmp,1,12,5,4,13,0.91125,0.03256,0.0,clahe,25,12,12,11,25,11
01_13_12_05_0210.bmp,0,12,5,4,13,0.84417,0.03377,0.0,clahe,25,11,11,31,25,12
01_13_12_05_0211.bmp,1,12,5,4,13,0.91113,0.03223,0.0,clahe,25,40,40,11,25,11
01_13_12_05_0212.bmp,0,12,5,4,13,0.83422,0.03069,0.0,clahe,25,11,11,12,25,12
01_13_12_05_0213.bmp,0,12,5,4,13,0.83068,0.0366,0.0,clahe,23,12,12,31,23,12
01_13_12_05_0213.bmp,1,12,5,4,13,0.91128,0.03216,0.0,clahe,25,25,25,11,25,11
01_13_12_05_0216.bmp,0,12,5,4,13,0.77598,0.04737,0.0,clahe,20,13,13,31,20,31
01_13_12_05_0217.bmp,0,12,5,4,13,0.7742,0.05067,0.0,clahe,25,13,13,13,25,31
01_13_12_05_0217.bmp,1,12,5,4,13,0.91113,0.03252,0.0,clahe,25,25,25,11,25,11
01_13_12_05_0218.bmp,0,12,5,4,13,0.76747,0.05149,0.0,clahe,20,13,13,13,20,11
01_13_12_05_0220.bmp,0,12,5,4,13,0.75667,0.05633,0.0,clahe,25,40,40,13,25,31
01_13_12_05_0220.bmp,1,12,5,4,13,0.9114,0.03265,0.0,clahe,25,40,40,11,25,11
01_13_12_05_0221.bmp,0,12,5,4,13,0.75096,0.05908,0.0,clahe,20,13,13,13,20,31
01_13_12_05_0221.bmp,1,12,5,4,13,0.9109,0.03257,0.0,clahe,25,13,13,11,25,11
01_13_12_05_0226.bmp,0,12,5,4,13,0.71951,0.06734,0.0,clahe,25,13,13,13,25,13
01_13_12_05_0228.bmp,0,12,5,4,13,0.70262,0.07104,0.0,clahe,25,13,13,13,25,13
01_13_12_05_0228.bmp,1,12,5,4,13,0.91191,0.03168,0.0,clahe,25,40,40,11,25,11
01_13_12_05_0229.bmp,0,12,5,4,13,0.69681,0.07281,0.0,clahe,25,13,13,13,25,13
01_13_12_05_0229.bmp,1,12,5,4,13,0.91115,0.03262,0.0,clahe,25,40,40,11,25,11
01_13_12_05_0230.bmp,1,12,5,4,13,0.91302,0.03389,0.0,clahe,25,25,25,11,25,11
01_13_12_05_0232.bmp,0,12,5,4,13,0.66629,0.07942,0.0,clahe,25,13,13,13,25,13
01_13_12_05_0232.bmp,1,12,5,4,13,0.91339,0.03274,0.0,clahe,25,12,12,11,25,11
01_13_12_05_0233.bmp,1,12,5,4,13,0.91332,0.03191,0.0,clahe,25,25,25,11,25,11
01_13_12_05_0234.bmp,1,12,5,4,13,0.91347,0.03221,0.0,clahe,25,25,25,11,25,11
01_13_12_05_0236.bmp,1,12,5,4,13,0.91359,0.03245,0.0,clahe,25,25,25,11,25,11
01_13_12_05_0237.bmp,1,12,5,4,13,0.91365,0.0325,0.0,clahe,25,13,13,11,25,11
01_13_12_05_0238.bmp,0,12,5,4,13,0.6253,0.10377,0.07426,clahe,13,13,13,13,13,13
01_13_12_05_0240.bmp,0,12,5,4,13,0.60874,0.12178,0.05678,stretch,13,13,13,13,13,13
01_13_12_05_0241.bmp,1,12,5,4,13,0.91242,0.03311,0.0,clahe,25,25,25,11,25,11
01_13_12_05_0242.bmp,1,12,5,4,13,0.91233,0.03244,0.0,clahe,25,25,25,11,25,11
01_13_12_05_0244.bmp,1,12,5,4,13,0.91261,0.03218,0.0,clahe,25,25,25,11,25,11
01_13_12_05_0248.bmp,0,12,5,4,13,0.50475,0.14621,0.056,stretch,13,13,13,13,13,13
01_13_12_05_0249.bmp,0,12,5,4,13,0.5064,0.14922,0.04342,stretch,13,13,13,13,13,13
01_13_12_05_0249.bmp,1,12,5,4,13,0.91254,0.03177,0.0,clahe,25,13,13,11,25,11
01_13_12_05_0250.bmp,0,12,5,4,13,0.50897,0.15161,0.04835,stretch,13,13,13,13,13,13
01_13_12_05_0250.bmp,1,12,5,4,13,0.91188,0.03253,0.0,clahe,25,25,25,11,25,11
01_13_12_05_0252.bmp,0,12,5,4,13,0.51125,0.15281,0.04474,stretch,13,13,13,13,13,13
01_13_12_05_0252.bmp,1,12,5,4,13,0.91251,0.03327,0.0,clahe,25,13,13,11,25,11
01_13_12_05_0254.bmp,0,12,5,4,13,0.51203,0.15431,0.04483,stretch,13,13,13,13,13,13
01_13_12_05_0255.bmp,0,12,5,4,13,0.51232,0.15589,0.03841,stretch,13,13,13,13,13,13
01_13_12_05_0256.bmp,0,12,5,4,13,0.50885,0.15111,0.03684,stretch,13,13,13,13,13,13
01_13_12_05_0257.bmp,0,12,5,4,13,0.50864,0.1495,0.04248,stretch,13,13,13,13,13,13
01_13_12_05_0258.bmp,0,12,5,4,13,0.5061,0.1456,0.04594,stretch,13,13,13,13,13,13
01_13_12_05_0259.bmp,0,12,5,4,13,0.50887,0.14676,0.04307,stretch,13,13,13,13,13,13
01_13_12_05_0260.bmp,1,12,5,4,13,0.9123,0.03246,0.0,clahe,25,40,40,11,25,11
01_13_12_05_0261.bmp,0,12,5,4,13,0.50694,0.14124,0.03642,stretch,13,13,13,13,13,13
01_13_12_05_0262.bmp,1,12,5,4,13,0.91212,0.03183,0.0,clahe,25,40,40,11,25,11
01_13_12_05_0264.bmp,0,12,5,4,13,0.50878,0.14132,0.02801,stretch,13,13,13,13,13,13
01_13_12_05_0266.bmp,1,12,5,4,13,0.91209,0.03103,0.0,clahe,25,25,25,11,25,11
01_13_12_05_0267.bmp,0,12,5,4,13,0.50856,0.12985,0.02756,stretch,13,13,13,13,13,13
01_13_12_05_0267.bmp,1,12,5,4,13,0.91214,0.03155,0.0,clahe,25,25,25,11,25,11
01_13_12_05_0268.bmp,0,12,5,4,13,0.50627,0.12041,0.02451,stretch,13,13,13,13,13,13
01_13_12_05_0270.bmp,0,12,5,4,13,0.91227,0.03149,0.0,clahe,25,25,25,11,25,11
01_13_12_05_0271.bmp,0,12,5,4,13,0.91261,0.03278,0.0,clahe,25,25,25,11,25,11
01_13_12_05_0275.bmp,0,12,5,4,13,0.91238,0.03195,0.0,clahe,25,25,25,11,25,11
01_13_12_05_0276.bmp,0,12,5,4,13,0.91259,0.03241,0.0,clahe,25,25,25,11,25,11
01_13_12_05_0277.bmp,0,12,5,4,13,0.91225,0.03326,0.0,clahe,25,25,25,11,25,11
01_13_12_05_0279.bmp,0,12,5,4,13,0.91203,0.03178,0.0,clahe,25,40,40,11,25,11
01_13_12_05_0280.bmp,0,12,5,4,13,0.91193,0.03291,0.0,clahe,25,40,40,11,25,11
01_13_12_05_0282.bmp,0,12,5,4,13,0.91258,0.03219,0.0,clahe,25,12,12,11,25,11
01_13_12_05_0284.bmp,0,12,5,4,13,0.91221,0.03231,0.0,clahe,25,25,25,11,25,11
01_13_12_05_0285.bmp,0,12,5,4,13,0.91266,0.03296,0.0,clahe,25,40,40,11,25,11
01_13_12_05_0290.bmp,0,12,5,4,13,0.91227,0.03232,0.0,clahe,25,25,25,11,25,11
01_13_12_05_0292.bmp,0,12,5,4,13,0.91216,0.03184,0.0,clahe,25,12,12,11,25,11
01_13_12_05_0294.bmp,0,12,5,4,13,0.91149,0.03116,0.0,clahe,25,13,13,11,25,11
01_13_12_05_0295.bmp,0,12,5,4,13,0.91095,0.03144,0.0,clahe,25,24,24,11,25,11
01_13_12_05_0297.bmp,0,12,5,4,13,0.9112,0.03121,0.0,clahe,25,25,25,11,25,11
01_13_12_05_0298.bmp,0,12,5,4,13,0.91056,0.03166,0.0,clahe,25,25,25,11,25,11
01_13_12_05_0300.bmp,0,12,5,4,13,0.90919,0.03214,0.0,clahe,25,13,13,11,25,11
01_13_12_05_0301.bmp,0,12,5,4,13,0.90853,0.03203,0.0,clahe,25,25,25,11,25,11
01_13_12_05_0304.bmp,0,12,5,4,13,0.90695,0.0325,0.0,clahe,25,40,40,11,25,11
01_13_12_05_0307.bmp,0,12,5,4,13,0.90517,0.03182,0.0,clahe,25,40,40,11,25,11
01_13_12_05_0309.bmp,0,12,5,4,13,0.90371,0.03287,0.0,clahe,25,40,40,11,25,11
01_13_12_05_0311.bmp,0,12,5,4,13,0.90197,0.03307,0.0,clahe,25,40,40,11,25,11
01_13_12_05_0315.bmp,0,12,5,4,13,0.89654,0.03258,0.0,clahe,25,25,25,11,25,11
01_13_12_05_0316.bmp,0,12,5,4,13,0.89533,0.03171,0.0,clahe,25,25,25,11,25,11
01_13_12_05_0318.bmp,0,12,5,4,13,0.88979,0.03338,0.0,clahe,25,25,25,11,25,11
01_13_12_05_0321.bmp,0,12,5,4,13,0.88697,0.03531,0.0,clahe,25,13,13,11,25,11
01_13_12_05_0327.bmp,0,12,5,4,13,0.87539,0.03905,0.0,clahe,25,13,13,11,25,11
01_13_12_05_0328.bmp,0,12,5,4,13,0.8728,0.0397,0.0,clahe,25,25,25,11,25,11
01_13_12_05_0330.bmp,0,12,5,4,13,0.86854,0.04169,0.0,clahe,25,13,13,11,25,11
01_13_12_05_0334.bmp,0,12,5,4,13,0.85499,0.04468,0.0,clahe,25,25,25,11,25,11
01_13_12_05_0335.bmp,0,12,5,4,13,0.85135,0.04769,0.0,clahe,25,12,12,11,25,11
01_13_12_05_0337.bmp,0,12,5,4,13,0.84114,0.0552,0.0,clahe,25,13,13,11,25,11
01_13_12_05_0340.bmp,0,12,5,4,13,0.82564,0.06618,0.0,clahe,13,13,13,11,13,11
01_13_12_05_0345.bmp,0,12,5,4,13,0.78484,0.07973,0.00641,clahe,13,13,13,11,13,11
01_13_12_05_0347.bmp,0,12,5,4,13,0.76394,0.0859,0.03667,clahe,13,13,13,13,13,13
01_13_12_05_0356.bmp,0,12,5,4,13,0.60057,0.09125,0.01921,clahe,23,14,14,31,23,12
01_13_12_05_0358.bmp,0,12,5,4,13,0.5349,0.12474,0.09783,passthrough,13,13,13,13,13,13
01_13_12_05_0359.bmp,0,12,5,4,13,0.53523,0.13267,0.08068,passthrough,13,13,13,13,25,13
01_13_12_05_0360.bmp,0,12,5,4,13,0.53488,0.13573,0.0675,stretch,13,13,13,13,13,13
01_13_12_05_0362.bmp,0,12,5,4,13,0.53709,0.14504,0.05292,stretch,13,13,13,13,13,13
01_13_12_05_0387.bmp,0,12,5,4,13,0.94192,0.02153,0.0,clahe,1,12,12,11,1,11
01_13_12_05_0390.bmp,0,12,5,4,13,0.94286,0.024,0.0,clahe,42,12,12,11,42,11
01_13_12_05_0393.bmp,0,12,5,4,13,0.9439,0.02255,0.0,clahe,1,18,18,11,1,12
01_13_12_05_0394.bmp,0,12,5,4,13,0.94597,0.02302,0.0,clahe,12,12,12,11,12,12
01_13_12_05_0397.bmp,0,12,5,4,13,0.94672,0.02672,0.0,clahe,42,25,25,11,42,11
01_13_12_05_0400.bmp,0,12,5,4,13,0.94808,0.02379,0.0,clahe,42,13,13,12,42,12
01_13_12_05_0401.bmp,0,12,5,4,13,0.94617,0.02578,0.0,clahe,12,12,12,11,12,12
01_13_12_05_0407.bmp,0,12,5,4,13,0.94383,0.02432,0.0,clahe,42,12,12,11,42,11
01_13_12_05_0409.bmp,0,12,5,4,13,0.94844,0.01913,0.0,clahe,12,12,12,11,12,12
01_13_12_05_0411.bmp,0,12,5,4,13,0.94636,0.02411,0.0,clahe,42,25,25,11,42,11
01_13_12_05_0416.bmp,0,12,5,4,13,0.94208,0.02389,0.0,clahe,16,12,12,11,16,11
01_13_12_05_0420.bmp,0,12,5,4,13,0.94328,0.02423,0.0,clahe,12,13,13,11,12,12
01_13_12_05_0425.bmp,0,12,5,4,13,0.94114,0.02626,0.0,clahe,11,11,11,11,11,11
01_13_12_05_0430.bmp,0,12,5,4,13,0.94016,0.02572,0.0,clahe,12,11,11,11,12,11
01_13_12_05_0431.bmp,0,12,5,4,13,0.94042,0.02678,0.0,clahe,40,11,11,11,40,11
01_13_12_05_0432.bmp,0,12,5,4,13,0.93994,0.02593,0.0,clahe,25,25,25,11,25,11
01_13_12_05_0437.bmp,0,12,5,4,13,0.93595,0.02709,0.0,clahe,6,11,11,11,6,11
01_13_12_05_0444.bmp,0,12,5,4,13,0.93173,0.02815,0.0,clahe,12,25,25,11,12,11
01_13_12_05_0445.bmp,0,12,5,4,13,0.93163,0.02693,0.0,clahe,6,12,12,11,6,11
01_13_12_05_0448.bmp,0,12,5,4,13,0.92985,0.02956,0.0,clahe,25,12,12,11,25,11
01_13_12_05_0449.bmp,0,12,5,4,13,0.92805,0.02949,0.0,clahe,20,40,40,11,20,11
01_13_12_05_0450.bmp,0,12,5,4,13,0.92722,0.02834,0.0,clahe,2,25,25,11,2,11
01_13_12_05_0452.bmp,0,12,5,4,13,0.92442,0.03043,0.0,clahe,20,12,12,11,20,11
01_13_12_05_0457.bmp,0,12,5,4,13,0.92024,0.02774,0.0,clahe,20,25,25,11,20,11
01_13_12_05_0458.bmp,0,12,5,4,13,0.92102,0.02791,0.0,clahe,20,40,40,11,20,11
01_13_12_05_0459.bmp,0,12,5,4,13,0.92085,0.02714,0.0,clahe,20,25,25,11,20,11
01_13_12_05_0460.bmp,0,12,5,4,13,0.92061,0.0304,0.0,clahe,40,11,11,11,40,11
01_13_12_05_0462.bmp,0,12,5,4,13,0.91962,0.03174,0.0,clahe,23,25,25,11,23,11
01_13_12_05_0466.bmp,0,12,5,4,13,0.91315,0.03732,0.0,clahe,20,40,40,11,20,11
01_13_12_05_0470.bmp,0,12,5,4,13,0.9049,0.03897,0.0,clahe,25,25,25,11,25,11
01_13_12_05_0474.bmp,0,12,5,4,13,0.89648,0.03616,0.0,clahe,25,25,25,11,25,11
01_13_12_05_0477.bmp,0,12,5,4,13,0.89225,0.03889,0.0,clahe,25,25,25,11,25,11
01_13_12_05_0478.bmp,0,12,5,4,13,0.88801,0.04055,0.0,clahe,25,1,1,11,25,11
01_13_12_05_0481.bmp,0,12,5,4,13,0.88,0.04176,0.0,clahe,25,13,13,11,25,11
01_13_12_05_0484.bmp,0,12,5,4,13,0.87047,0.04058,0.0,clahe,25,13,13,11,25,11
01_13_12_05_0486.bmp,0,12,5,4,13,0.86575,0.03984,0.0,clahe,25,13,13,11,25,11
01_13_12_05_0493.bmp,0,12,5,4,13,0.84592,0.05222,0.0,clahe,25,13,13,11,25,11
01_13_12_05_0496.bmp,0,12,5,4,13,0.82697,0.05664,0.0,clahe,13,13,13,11,13,11
01_13_12_05_0497.bmp,0,12,5,4,13,0.81956,0.05953,0.0,clahe,11,13,13,13,11,13
01_13_12_05_0499.bmp,0,12,5,4,13,0.80952,0.06245,0.0,clahe,13,13,13,13,13,13
01_13_12_05_0501.bmp,0,12,5,4,13,0.79027,0.06709,0.0,clahe,11,13,13,13,11,13
01_13_12_05_0505.bmp,0,12,5,4,13,0.74868,0.08455,0.0,clahe,13,13,13,13,13,13
01_13_12_05_0506.bmp,0,12,5,4,13,0.73827,0.08696,0.0,clahe,25,13,13,13,25,13
01_13_12_05_0507.bmp,0,12,5,4,13,0.72115,0.0875,0.02315,clahe,13,13,13,13,13,13
01_13_12_05_0508.bmp,0,12,5,4,13,0.69865,0.09684,0.00789,clahe,13,13,13,13,13,13
01_13_12_05_0510.bmp,0,12,5,4,13,0.66806,0.1038,0.01023,clahe,13,13,13,13,13,13
01_13_12_05_0511.bmp,0,12,5,4,13,0.64775,0.11787,0.01691,stretch,13,13,13,13,25,13
01_13_12_05_0512.bmp,0,12,5,4,13,0.62988,0.10834,0.00941,stretch,13,13,13,13,13,13
01_13_12_05_0513.bmp,0,12,5,4,13,0.61781,0.10867,0.02044,stretch,13,13,13,13,13,13
01_13_12_05_0515.bmp,0,12,5,4,13,0.58286,0.09947,0.0019,clahe,25,13,13,13,25,13
01_13_12_05_0516.bmp,0,12,5,4,13,0.7468,0.05289,0.0,clahe,1,40,40,32,1,31
01_13_12_05_0517.bmp,0,12,5,4,13,0.742,0.05345,0.0,clahe,42,13,13,32,42,31
01_13_12_05_0521.bmp,0,12,5,4,13,0.72533,0.04919,0.0,clahe,1,40,40,31,1,31
01_13_12_05_0524.bmp,0,12,5,4,13,0.71589,0.04767,0.0,clahe,11,34,34,31,11,31
01_13_12_05_0527.bmp,0,12,5,4,13,0.7217,0.06212,0.0,clahe,25,13,13,13,25,31
01_13_12_05_0530.bmp,0,12,5,4,13,0.70394,0.04549,0.0,clahe,12,23,23,13,12,31
01_13_12_05_0535.bmp,0,12,5,4,13,0.7335,0.0682,0.0,clahe,25,13,13,13,25,12
01_13_12_05_0537.bmp,0,12,5,4,13,0.73612,0.06786,0.0,clahe,13,26,26,13,13,31
01_13_12_05_0538.bmp,0,12,5,4,13,0.68981,0.05105,0.0,clahe,11,40,40,32,11,31
01_13_12_05_0540.bmp,0,12,5,4,13,0.6888,0.0535,0.0,clahe,42,40,40,13,42,31
01_13_12_05_0543.bmp,0,12,5,4,13,0.72734,0.06558,0.0,clahe,13,13,13,13,13,31
01_13_12_05_0546.bmp,0,12,5,4,13,0.68145,0.04997,0.0,clahe,42,12,12,12,42,31
01_13_12_05_0550.bmp,0,12,5,4,13,0.6741,0.05336,0.0,clahe,42,35,35,31,42,31
01_13_12_05_0551.bmp,0,12,5,4,13,0.71676,0.06465,0.04902,clahe,25,13,13,13,25,31
01_13_12_05_0552.bmp,0,12,5,4,13,0.66946,0.05274,0.0,clahe,42,13,13,32,42,31
01_13_12_05_0555.bmp,0,12,5,4,13,0.71449,0.06781,0.0,clahe,0,13,13,10,0,31
01_13_12_05_0558.bmp,0,12,5,4,13,0.66151,0.05569,0.0,clahe,42,13,13,13,42,31
01_13_12_05_0559.bmp,0,12,5,4,13,0.71221,0.06716,0.0,clahe,23,13,13,13,23,31
01_13_12_05_0563.bmp,0,12,5,4,13,0.71019,0.06561,0.0,clahe,20,13,13,12,20,31
01_13_12_05_0566.bmp,0,12,5,4,13,0.64025,0.05882,0.0,clahe,23,13,13,32,23,31
01_13_12_05_0568.bmp,0,12,5,4,13,0.63937,0.05969,0.0,clahe,25,13,13,32,25,31
01_13_12_05_0570.bmp,0,12,5,4,13,0.62379,0.07425,0.08654,clahe,12,13,13,13,12,31
01_13_12_05_0580.bmp,0,12,5,4,13,0.56975,0.07262,0.0,clahe,12,13,13,32,12,32
01_13_12_05_0582.bmp,0,12,5,4,13,0.56236,0.0709,0.0,clahe,0,40,40,32,0,31
01_13_12_05_0585.bmp,0,12,5,4,13,0.74795,0.0563,0.0,clahe,20,13,13,13,20,13
01_13_12_05_0587.bmp,0,12,5,4,13,0.75042,0.05649,0.0,clahe,25,13,13,13,25,13
01_13_12_05_0591.bmp,0,12,5,4,13,0.76244,0.05137,0.0,clahe,20,13,13,13,20,13
01_13_12_05_0592.bmp,0,12,5,4,13,0.52238,0.07599,0.0,clahe,2,13,13,13,2,32
01_13_12_05_0593.bmp,0,12,5,4,13,0.76738,0.05078,0.0,clahe,25,13,13,13,25,13
01_13_12_05_0601.bmp,0,12,5,4,13,0.77316,0.05266,0.0,clahe,25,13,13,13,25,13
01_13_12_05_0602.bmp,0,12,5,4,13,0.76519,0.05497,0.0,clahe,25,13,13,13,25,13
01_13_12_05_0604.bmp,0,12,5,4,13,0.7524,0.06017,0.00874,clahe,13,13,13,13,13,13
01_13_12_05_0606.bmp,0,12,5,4,13,0.74394,0.05899,0.00707,clahe,25,13,13,13,25,13
01_13_12_05_0612.bmp,0,12,5,4,13,0.72585,0.06981,0.01434,clahe,25,13,13,13,25,13
01_13_12_05_0618.bmp,0,12,5,4,13,0.71522,0.08474,0.00374,clahe,13,13,13,13,13,13
01_13_12_05_0620.bmp,0,12,5,4,13,0.69658,0.08653,0.00511,clahe,13,13,13,13,13,13
01_13_12_05_0621.bmp,0,12,5,4,13,0.68178,0.08876,0.00916,clahe,25,13,13,13,25,13
01_13_12_05_0623.bmp,0,12,5,4,13,0.6559,0.102,0.03732,clahe,13,13,13,13,13,13
01_13_12_05_0624.bmp,0,12,5,4,13,0.64285,0.10942,0.02321,stretch,13,13,13,13,13,13
01_03_09_03_0006.bmp,0,9,3,4,9,0.50306,0.10592,0.2087,clahe,42,32,32,32,42,32
01_03_09_03_0008.bmp,0,9,3,4,9,0.50361,0.11353,0.28333,passthrough,32,32,32,32,42,32
01_03_09_03_0009.bmp,0,9,3,4,9,0.51047,0.11269,0.18889,passthrough,32,32,34,32,11,32
01_03_09_03_0011.bmp,0,9,3,4,9,0.50434,0.10477,0.275,clahe,11,11,11,32,11,32
01_03_09_03_0017.bmp,0,9,3,4,9,0.49528,0.11299,0.14403,passthrough,32,32,11,12,16,32
01_03_09_03_0019.bmp,0,9,3,4,9,0.53909,0.12723,0.21248,passthrough,32,32,11,12,42,32
01_03_09_03_0020.bmp,0,9,3,4,9,0.49315,0.10996,0.16917,passthrough,16,16,13,13,42,16
01_03_09_03_0021.bmp,0,9,3,4,9,0.50265,0.10817,0.17293,passthrough,13,13,11,16,42,13
01_03_09_03_0023.bmp,0,9,3,4,9,0.49124,0.1016,0.15971,clahe,42,11,11,16,42,32
01_03_09_03_0024.bmp,0,9,3,4,9,0.48191,0.1179,0.21053,passthrough,32,32,13,32,25,32
01_03_09_03_0028.bmp,0,9,3,4,9,0.44992,0.10066,0.15483,clahe,42,41,41,16,42,12
01_03_09_03_0038.bmp,0,9,3,4,9,0.38727,0.07831,0.0,clahe,40,40,40,16,40,13
01_03_09_03_0040.bmp,0,9,3,4,9,0.41162,0.08317,0.11197,clahe,11,40,40,13,11,13
01_03_09_03_0043.bmp,0,9,3,4,9,0.42316,0.07272,0.00268,clahe,25,13,13,12,25,12
01_03_09_03_0054.bmp,0,9,3,4,9,0.39352,0.11812,0.11558,passthrough,13,13,26,13,11,13
01_03_09_03_0055.bmp,0,9,3,4,9,0.4009,0.12501,0.14797,passthrough,13,13,13,13,40,13
01_03_09_03_0063.bmp,0,9,3,4,9,0.41735,0.0886,0.06861,clahe,20,13,13,13,20,13
01_03_09_03_0065.bmp,0,9,3,4,9,0.41552,0.08782,0.03359,clahe,11,40,40,13,11,13
01_03_09_03_0075.bmp,0,9,3,4,9,0.42984,0.10676,0.11163,passthrough,13,13,13,13,20,13
01_03_09_03_0079.bmp,0,9,3,4,9,0.43466,0.10647,0.10517,passthrough,25,25,25,13,20,25
01_03_09_03_0080.bmp,0,9,3,4,9,0.42509,0.10998,0.07167,stretch,13,13,14,13,13,13
01_03_09_03_0081.bmp,0,9,3,4,9,0.42997,0.11884,0.10958,passthrough,13,13,13,13,13,13
01_03_09_03_0085.bmp,0,9,3,4,9,0.41958,0.10781,0.06713,stretch,13,13,13,13,25,13
01_06_09_03_0001.bmp,0,9,3,4,14,0.55593,0.11933,0.16375,passthrough,13,13,13,13,13,13
01_06_09_03_0003.bmp,1,9,3,4,14,0.60959,0.08056,0.13333,clahe,42,11,11,11,42,11
01_06_09_03_0004.bmp,0,9,3,4,14,0.51778,0.14074,0.24821,passthrough,18,18,18,18,18,18
01_06_09_03_0007.bmp,0,9,3,4,14,0.549,0.11533,0.13889,passthrough,18,18,24,18,18,18
01_06_09_03_0007.bmp,1,9,3,4,14,0.57997,0.11961,0.04989,stretch,13,13,18,12,11,12
01_06_09_03_0009.bmp,0,9,3,4,14,0.58966,0.115,0.20404,passthrough,13,13,24,18,28,13
01_06_09_03_0010.bmp,1,9,3,4,14,0.60947,0.08709,0.14524,clahe,11,13,13,12,11,12
01_06_09_03_0014.bmp,1,9,3,4,14,0.60027,0.09066,0.06418,clahe,28,11,11,12,28,12
01_06_09_03_0015.bmp,0,9,3,4,14,0.54554,0.10592,0.24787,clahe,13,25,25,25,13,25
01_06_09_03_0015.bmp,1,9,3,4,14,0.58559,0.11568,0.19384,passthrough,13,13,11,13,18,13
01_06_09_03_0016.bmp,0,9,3,4,14,0.51702,0.09753,0.22789,clahe,28,13,13,25,28,13
01_06_09_03_0017.bmp,0,9,3,4,14,0.51006,0.10385,0.19075,clahe,18,24,24,18,18,13
01_06_09_03_0018.bmp,0,9,3,4,14,0.53415,0.10406,0.20015,clahe,18,13,13,18,18,18
01_06_09_03_0020.bmp,1,9,3,4,14,0.59096,0.10918,0.1632,passthrough,18,18,18,18,28,18
01_06_09_03_0022.bmp,0,9,3,4,14,0.488,0.13027,0.23095,passthrough,25,25,24,25,24,25
01_06_09_03_0025.bmp,1,9,3,4,14,0.59216,0.10948,0.14744,passthrough,11,11,18,11,18,11
01_06_09_03_0026.bmp,0,9,3,4,14,0.49483,0.11023,0.1176,passthrough,25,25,24,18,18,25
01_06_09_03_0027.bmp,0,9,3,4,14,0.47403,0.1251,0.21308,passthrough,13,13,24,18,24,13
01_06_09_03_0028.bmp,0,9,3,4,14,0.46963,0.1248,0.17545,passthrough,25,25,24,25,2,25
01_06_09_03_0028.bmp,1,9,3,4,14,0.57369,0.10867,0.21976,passthrough,11,11,1,11,28,11
01_06_09_03_0030.bmp,0,9,3,4,14,0.46101,0.11815,0.21095,passthrough,13,13,7,13,2,13
01_06_09_03_0030.bmp,1,9,3,4,14,0.54865,0.09751,0.16237,clahe,18,18,18,13,18,13
01_06_09_03_0032.bmp,1,9,3,4,14,0.59362,0.0984,0.07177,clahe,6,40,40,12,6,12
01_06_09_03_0033.bmp,0,9,3,4,14,0.44551,0.13064,0.22701,passthrough,13,13,13,25,13,13
01_06_09_03_0033.bmp,1,9,3,4,14,0.60484,0.09337,0.06699,clahe,42,1,1,12,42,12
01_06_09_03_0035.bmp,0,9,3,4,14,0.44789,0.13343,0.18015,passthrough,13,13,7,13,13,13
01_06_09_03_0035.bmp,1,9,3,4,14,0.55119,0.12114,0.10455,passthrough,12,12,13,12,42,12
01_06_09_03_0036.bmp,1,9,3,4,14,0.49725,0.16775,0.34545,passthrough,11,11,32,35,42,11
01_06_09_03_0037.bmp,0,9,3,4,14,0.42982,0.12769,0.19605,passthrough,13,13,7,13,24,13
01_06_09_03_0039.bmp,1,9,3,4,14,0.57989,0.13075,0.13988,passthrough,12,12,11,12,6,12
01_06_09_03_0040.bmp,0,9,3,4,14,0.42966,0.12712,0.19348,passthrough,25,25,13,25,24,25
01_06_09_03_0041.bmp,0,9,3,4,14,0.42759,0.12468,0.13556,passthrough,13,13,13,13,24,13
01_06_09_03_0041.bmp,1,9,3,4,14,0.52175,0.17061,0.19733,passthrough,12,12,11,13,42,12
01_06_09_03_0042.bmp,0,9,3,4,14,0.40402,0.10264,0.15251,clahe,13,13,13,25,13,25
01_06_09_03_0043.bmp,1,9,3,4,14,0.53758,0.10022,0.07738,clahe,42,1,1,12,42,12
01_06_09_03_0044.bmp,1,9,3,4,14,0.50663,0.09474,0.14722,clahe,42,18,18,12,42,12
01_06_09_03_0054.bmp,0,9,3,4,14,0.56232,0.12143,0.17473,passthrough,11,11,18,12,18,11
01_06_09_03_0055.bmp,0,9,3,4,14,0.55754,0.12291,0.10476,passthrough,12,12,13,12,40,12
01_06_09_03_0058.bmp,0,9,3,4,14,0.57326,0.09954,0.16569,clahe,1,13,13,12,1,12
01_06_09_03_0059.bmp,0,9,3,4,14,0.57244,0.11574,0.16077,passthrough,12,12,18,12,18,12
01_06_09_03_0061.bmp,0,9,3,4,14,0.54959,0.09806,0.21622,clahe,18,18,18,18,18,12
01_06_09_03_0063.bmp,0,9,3,4,14,0.53395,0.14138,0.15526,passthrough,13,13,1,18,28,13
01_06_09_03_0064.bmp,0,9,3,4,14,0.53891,0.1453,0.18084,passthrough,18,18,18,18,18,18
01_06_09_03_0067.bmp,0,9,3,4,14,0.53246,0.14162,0.10532,passthrough,11,11,40,12,28,11
01_06_09_03_0068.bmp,0,9,3,4,14,0.51144,0.14816,0.17829,passthrough,12,12,18,18,18,12
01_06_09_03_0073.bmp,0,9,3,4,14,0.50762,0.10409,0.21048,clahe,18,7,7,18,18,13
01_06_09_03_0075.bmp,0,9,3,4,14,0.49025,0.10148,0.19804,clahe,28,7,7,11,28,11
01_06_09_03_0077.bmp,0,9,3,4,14,0.46322,0.0957,0.16981,clahe,18,18,18,18,18,18
01_06_09_03_0080.bmp,0,9,3,4,14,0.44464,0.12176,0.14269,passthrough,18,18,18,18,18,18
01_06_09_03_0081.bmp,0,9,3,4,14,0.45215,0.09019,0.06721,clahe,12,7,7,12,12,13
01_06_09_03_0083.bmp,0,9,3,4,14,0.43265,0.08709,0.0748,clahe,13,7,7,12,13,13
01_06_09_03_0087.bmp,0,9,3,4,14,0.41418,0.15925,0.08033,passthrough,25,25,25,25,2,25
01_06_09_03_0089.bmp,0,9,3,4,14,0.38192,0.1147,0.05425,passthrough,25,25,23,25,2,25
01_11_09_03_0002.bmp,0,9,3,4,12,0.47725,0.09909,0.29665,clahe,42,1,1,11,42,11
01_11_09_03_0006.bmp,0,9,3,4,12,0.50224,0.12532,0.30144,passthrough,32,32,11,32,42,32
01_11_09_03_0007.bmp,0,9,3,4,12,0.5308,0.10502,0.22967,clahe,42,11,11,11,42,11
01_11_09_03_0009.bmp,0,9,3,4,12,0.51583,0.10857,0.3445,passthrough,13,13,35,13,42,13
01_11_09_03_0010.bmp,0,9,3,4,12,0.50536,0.12282,0.33493,passthrough,11,11,1,31,42,11
01_11_09_03_0011.bmp,0,9,3,4,12,0.53744,0.10061,0.29665,clahe,42,35,35,32,42,31
01_11_09_03_0015.bmp,0,9,3,4,12,0.51587,0.12609,0.28929,passthrough,32,32,32,12,42,32
01_11_09_03_0016.bmp,0,9,3,4,12,0.51451,0.11454,0.15667,passthrough,11,11,40,11,42,11
01_11_09_03_0017.bmp,0,9,3,4,12,0.47821,0.12756,0.25,passthrough,11,11,13,11,11,11
01_11_09_03_0018.bmp,0,9,3,4,12,0.47397,0.13435,0.32333,passthrough,11,11,11,32,42,11
01_11_09_03_0022.bmp,0,9,3,4,12,0.47051,0.11363,0.26343,passthrough,32,32,1,32,11,32
01_11_09_03_0026.bmp,0,9,3,4,12,0.48775,0.10695,0.20889,passthrough,32,32,11,12,11,32
01_11_09_03_0028.bmp,0,9,3,4,12,0.49792,0.1014,0.28444,clahe,42,35,35,12,42,12
01_11_09_03_0029.bmp,0,9,3,4,12,0.49629,0.1211,0.23333,passthrough,11,11,11,11,42,11
01_11_09_03_0030.bmp,0,9,3,4,12,0.48058,0.12724,0.30444,passthrough,11,11,11,11,42,11
01_11_09_03_0031.bmp,0,9,3,4,12,0.49599,0.12182,0.23048,passthrough,11,11,40,12,12,11
01_11_09_03_0033.bmp,0,9,3,4,12,0.47387,0.09998,0.25926,clahe,11,13,13,11,11,11
01_11_09_03_0037.bmp,0,9,3,4,12,0.46068,0.14339,0.21212,passthrough,11,11,18,18,11,11
01_11_09_03_0038.bmp,0,9,3,4,12,0.45469,0.14364,0.22876,passthrough,11,11,1,1,42,11
01_11_09_03_0043.bmp,0,9,3,4,12,0.46998,0.14532,0.19643,passthrough,32,32,32,12,11,32
01_11_09_03_0048.bmp,0,9,3,4,12,0.43082,0.11994,0.18048,passthrough,32,32,18,1,18,32
01_11_09_03_0049.bmp,0,9,3,4,12,0.42612,0.13667,0.14674,passthrough,13,13,28,1,11,13
01_11_09_03_0050.bmp,0,9,3,4,12,0.41885,0.13749,0.20109,passthrough,18,18,18,18,28,18
01_11_09_03_0058.bmp,0,9,3,4,12,0.44717,0.13979,0.15893,passthrough,13,13,28,13,28,13
01_11_09_03_0059.bmp,0,9,3,4,12,0.44739,0.13978,0.13348,passthrough,13,13,13,11,11,13
01_11_09_03_0060.bmp,0,9,3,4,12,0.44475,0.14371,0.15268,passthrough,13,13,28,1,28,13
01_11_09_03_0061.bmp,0,9,3,4,12,0.45084,0.13526,0.18214,passthrough,13,13,18,11,11,13
01_11_09_03_0063.bmp,0,9,3,4,12,0.44394,0.15846,0.16229,passthrough,13,13,18,13,18,13
01_11_09_03_0065.bmp,0,9,3,4,12,0.44782,0.13608,0.15393,passthrough,13,13,28,13,11,13
01_11_09_03_0068.bmp,0,9,3,4,12,0.44795,0.13768,0.1356,passthrough,13,13,13,13,28,13
01_11_09_03_0076.bmp,0,9,3,4,12,0.43929,0.14767,0.09932,passthrough,13,13,13,13,11,13
01_11_09_03_0078.bmp,0,9,3,4,12,0.42827,0.15834,0.0886,passthrough,13,13,13,13,13,13
01_12_09_03_0004.bmp,0,9,3,4,17,0.47161,0.17136,0.26667,passthrough,13,13,11,13,42,13
01_12_09_03_0005.bmp,1,9,3,4,17,0.44985,0.05138,0.0,clahe,42,40,40,12,42,12
01_12_09_03_0006.bmp,1,9,3,4,17,0.45882,0.08067,0.0,clahe,11,35,35,12,11,12
01_12_09_03_0007.bmp,0,9,3,4,17,0.4539,0.18235,0.13095,passthrough,13,13,7,13,11,13
01_12_09_03_0008.bmp,0,9,3,4,17,0.48051,0.20279,0.27381,passthrough,18,18,18,18,28,18
01_12_09_03_0010.bmp,0,9,3,4,17,0.45686,0.18678,0.10952,passthrough,7,7,11,13,28,7
01_12_09_03_0010.bmp,1,9,3,4,17,0.46548,0.0606,0.0,clahe,42,18,18,12,42,12
01_12_09_03_0011.bmp,1,9,3,4,17,0.47285,0.0686,0.0,clahe,11,34,34,19,11,19
01_12_09_03_0012.bmp,1,9,3,4,17,0.48485,0.05788,0.0,clahe,11,18,18,31,11,12
01_12_09_03_0013.bmp,1,9,3,4,17,0.45163,0.07224,0.0,clahe,11,18,18,12,11,12
01_12_09_03_0014.bmp,0,9,3,4,17,0.43542,0.18265,0.09317,passthrough,25,25,18,13,18,25
01_12_09_03_0016.bmp,1,9,3,4,17,0.49652,0.10359,0.18182,clahe,11,18,18,31,11,12
01_12_09_03_0017.bmp,0,9,3,4,17,0.44538,0.19941,0.10766,passthrough,13,13,11,13,28,13
01_12_09_03_0018.bmp,0,9,3,4,17,0.41405,0.20517,0.11636,passthrough,7,7,7,7,28,7
01_12_09_03_0019.bmp,0,9,3,4,17,0.41463,0.19223,0.10909,passthrough,13,13,17,13,18,13
01_12_09_03_0019.bmp,1,9,3,4,17,0.49721,0.06455,0.0,clahe,42,11,11,12,42,12
01_12_09_03_0021.bmp,0,9,3,4,17,0.39759,0.18074,0.08812,passthrough,13,13,17,13,18,13
01_12_09_03_0022.bmp,0,9,3,4,17,0.38789,0.18308,0.05875,passthrough,13,13,7,7,28,13
01_12_09_03_0025.bmp,0,9,3,4,17,0.37245,0.19924,0.09068,passthrough,13,13,7,13,18,13
01_12_09_03_0025.bmp,1,9,3,4,17,0.48113,0.06184,0.0,clahe,42,13,13,13,42,12
01_12_09_03_0026.bmp,1,9,3,4,17,0.47739,0.07745,0.18182,clahe,11,17,17,13,11,31
01_12_09_03_0027.bmp,0,9,3,4,17,0.40518,0.15991,0.05529,passthrough,13,13,13,16,42,13
01_12_09_03_0027.bmp,1,9,3,4,17,0.49373,0.04989,0.0,clahe,42,13,13,31,42,12
01_12_09_03_0028.bmp,0,9,3,4,17,0.4629,0.17042,0.18961,passthrough,13,13,13,12,18,13
01_12_09_03_0029.bmp,1,9,3,4,17,0.49124,0.07668,0.25,clahe,12,13,13,31,12,31
01_12_09_03_0030.bmp,1,9,3,4,17,0.48529,0.07729,0.0,clahe,11,11,11,13,11,11
01_12_09_03_0032.bmp,0,9,3,4,17,0.48216,0.13333,0.13834,passthrough,12,12,18,12,18,12
01_12_09_03_0033.bmp,0,9,3,4,17,0.48682,0.12764,0.16092,passthrough,13,13,18,18,18,13
01_12_09_03_0037.bmp,0,9,3,4,17,0.45894,0.1558,0.20142,passthrough,13,13,7,13,28,13
01_12_09_03_0037.bmp,1,9,3,4,17,0.46521,0.08568,0.2197,clahe,11,7,7,31,11,38
01_12_09_03_0039.bmp,0,9,3,4,17,0.45896,0.18331,0.20911,passthrough,18,18,18,18,18,18
01_12_09_03_0042.bmp,0,9,3,4,17,0.40667,0.18699,0.12454,passthrough,13,13,13,18,28,13
01_12_09_03_0042.bmp,1,9,3,4,17,0.50306,0.10638,0.16667,passthrough,38,38,31,31,12,38
01_12_09_03_0043.bmp,1,9,3,4,17,0.48975,0.08157,0.15909,clahe,42,11,11,31,42,31
01_12_09_03_0044.bmp,0,9,3,4,17,0.51028,0.10434,0.17424,clahe,42,18,18,36,42,11
01_12_09_03_0046.bmp,0,9,3,4,17,0.54034,0.07291,0.0,clahe,11,35,35,12,11,12
01_12_09_03_0047.bmp,0,9,3,4,17,0.50232,0.10702,0.07576,passthrough,12,12,13,31,42,12
01_12_09_03_0050.bmp,0,9,3,4,17,0.48235,0.08722,0.11364,clahe,11,1,1,31,11,31
01_12_09_03_0052.bmp,0,9,3,4,17,0.46667,0.12213,0.25758,passthrough,36,36,13,36,18,36
01_12_09_03_0053.bmp,0,9,3,4,17,0.49554,0.09499,0.17424,clahe,11,7,7,31,11,31
01_12_09_03_0060.bmp,0,9,3,4,17,0.47769,0.11634,0.14533,passthrough,17,17,26,17,11,17
01_12_09_03_0061.bmp,0,9,3,4,17,0.49645,0.0884,0.12457,clahe,28,26,26,13,28,11
01_12_09_03_0063.bmp,0,9,3,4,17,0.47843,0.11066,0.22145,passthrough,13,13,26,25,42,13
01_12_09_03_0066.bmp,0,9,3,4,17,0.4867,0.11182,0.20415,passthrough,13,13,13,13,18,13
01_12_09_03_0072.bmp,0,9,3,4,17,0.47826,0.12506,0.12045,passthrough,13,13,18,13,18,13
01_12_09_03_0079.bmp,0,9,3,4,17,0.50502,0.14682,0.1488,passthrough,11,11,18,11,28,11
01_12_09_03_0080.bmp,0,9,3,4,17,0.49661,0.12995,0.1376,passthrough,11,11,18,11,28,11
01_12_09_03_0081.bmp,0,9,3,4,17,0.49743,0.14243,0.1696,passthrough,11,11,18,11,28,11
01_12_09_03_0085.bmp,0,9,3,4,17,0.47667,0.14703,0.1312,passthrough,11,11,11,11,11,11
01_12_09_03_0088.bmp,0,9,3,4,17,0.50413,0.12443,0.08889,passthrough,11,11,18,11,28,11
01_12_09_03_0089.bmp,0,9,3,4,17,0.47407,0.13883,0.06615,stretch,13,13,26,13,20,13
01_12_09_03_0092.bmp,0,9,3,4,17,0.48255,0.14775,0.09429,passthrough,13,13,18,11,28,13
01_12_09_03_0094.bmp,0,9,3,4,17,0.46751,0.15754,0.12286,passthrough,13,13,18,11,28,13
01_12_09_03_0100.bmp,0,9,3,4,17,0.49874,0.1374,0.10763,passthrough,11,11,18,11,18,11
01_12_09_03_0102.bmp,0,9,3,4,17,0.4929,0.14374,0.10575,passthrough,13,13,13,17,42,13
01_12_09_03_0103.bmp,0,9,3,4,17,0.48516,0.14589,0.1092,passthrough,11,11,14,11,28,11
01_12_09_03_0107.bmp,0,9,3,4,17,0.47494,0.14389,0.04969,stretch,7,7,13,11,28,7
01_12_09_03_0109.bmp,0,9,3,4,17,0.46971,0.15876,0.06294,stretch,7,7,7,13,13,13
01_12_09_03_0113.bmp,0,9,3,4,17,0.47494,0.17264,0.04791,stretch,7,7,7,11,18,7
01_12_09_03_0114.bmp,0,9,3,4,17,0.49047,0.17223,0.04656,stretch,7,7,14,7,28,7
01_12_09_03_0115.bmp,0,9,3,4,17,0.47457,0.21009,0.07824,passthrough,13,13,26,13,28,13
01_12_09_03_0116.bmp,0,9,3,4,17,0.45705,0.19984,0.04808,stretch,13,13,13,13,28,13
01_13_09_03_0003.bmp,0,9,3,4,13,0.58653,0.13785,0.15385,passthrough,12,12,13,12,42,12
01_13_09_03_0003.bmp,1,9,3,4,13,0.67267,0.15755,0.21833,passthrough,13,13,13,13,13,13
01_13_09_03_0005.bmp,0,9,3,4,13,0.57348,0.14042,0.28205,passthrough,12,12,13,13,42,12
01_13_09_03_0006.bmp,1,9,3,4,13,0.64703,0.1896,0.30082,passthrough,13,13,13,13,13,13
01_13_09_03_0007.bmp,0,9,3,4,13,0.55978,0.13243,0.1859,passthrough,12,12,13,12,12,12
01_13_09_03_0009.bmp,0,9,3,4,13,0.55674,0.12893,0.21154,passthrough,12,12,13,12,11,12
01_13_09_03_0010.bmp,1,9,3,4,13,0.65228,0.17102,0.25275,passthrough,13,13,13,13,13,13
01_13_09_03_0012.bmp,0,9,3,4,13,0.5491,0.10667,0.14744,passthrough,12,12,11,12,11,12
01_13_09_03_0012.bmp,1,9,3,4,13,0.65122,0.17912,0.26511,passthrough,13,13,13,13,13,13
01_13_09_03_0013.bmp,0,9,3,4,13,0.55206,0.10371,0.17949,clahe,40,13,13,12,40,12
01_13_09_03_0014.bmp,0,9,3,4,13,0.53944,0.1036,0.27564,clahe,42,13,13,12,42,12
01_13_09_03_0014.bmp,1,9,3,4,13,0.64151,0.19812,0.23214,passthrough,13,13,13,13,13,13
01_13_09_03_0015.bmp,1,9,3,4,13,0.64593,0.18496,0.22115,passthrough,13,13,13,13,13,13
01_13_09_03_0016.bmp,0,9,3,4,13,0.52265,0.09889,0.24359,clahe,42,13,13,12,42,12
01_13_09_03_0017.bmp,0,9,3,4,13,0.52959,0.07612,0.07051,clahe,42,13,13,12,42,12
01_13_09_03_0018.bmp,1,9,3,4,13,0.63758,0.19606,0.20513,passthrough,13,13,13,13,13,13
01_13_09_03_0019.bmp,1,9,3,4,13,0.63294,0.20382,0.25,passthrough,13,13,13,13,13,13
01_13_09_03_0021.bmp,0,9,3,4,13,0.55603,0.08967,0.19231,clahe,11,40,40,12,11,12
01_13_09_03_0023.bmp,1,9,3,4,13,0.62988,0.20165,0.28254,passthrough,13,13,13,13,13,13
01_13_09_03_0024.bmp,1,9,3,4,13,0.62341,0.20294,0.22884,passthrough,13,13,13,13,12,13
01_13_09_03_0025.bmp,0,9,3,4,13,0.57102,0.12183,0.30128,passthrough,12,12,40,12,25,12
01_13_09_03_0025.bmp,1,9,3,4,13,0.61897,0.20426,0.2381,passthrough,13,13,13,13,13,13
01_13_09_03_0029.bmp,0,9,3,4,13,0.58597,0.13141,0.1859,passthrough,12,12,40,13,11,12
01_13_09_03_0031.bmp,0,9,3,4,13,0.60737,0.12636,0.26282,passthrough,12,12,12,12,11,12
01_13_09_03_0031.bmp,1,9,3,4,13,0.62152,0.2046,0.21935,passthrough,13,13,13,13,13,13
01_13_09_03_0032.bmp,0,9,3,4,13,0.60352,0.12876,0.25641,passthrough,12,12,13,12,42,12
01_13_09_03_0032.bmp,1,9,3,4,13,0.61817,0.21825,0.24147,passthrough,13,13,13,13,13,13
01_13_09_03_0033.bmp,1,9,3,4,13,0.61354,0.21596,0.18837,passthrough,13,13,13,13,13,13
01_13_09_03_0034.bmp,0,9,3,4,13,0.5872,0.16323,0.21154,passthrough,12,12,13,12,11,12
01_13_09_03_0034.bmp,1,9,3,4,13,0.62263,0.21224,0.19984,passthrough,13,13,13,13,2,13
01_13_09_03_0036.bmp,0,9,3,4,13,0.61848,0.14855,0.26282,passthrough,12,12,13,13,11,12
01_13_09_03_0036.bmp,1,9,3,4,13,0.63519,0.20631,0.18346,passthrough,13,13,13,13,40,13
01_13_09_03_0037.bmp,0,9,3,4,13,0.61825,0.17608,0.3141,passthrough,12,12,13,13,42,12
01_13_09_03_0037.bmp,1,9,3,4,13,0.64128,0.1971,0.181,passthrough,13,13,13,13,13,13
01_13_09_03_0039.bmp,1,9,3,4,13,0.63612,0.20821,0.20073,passthrough,13,13,13,13,13,13
01_13_09_03_0041.bmp,0,9,3,4,13,0.60454,0.16532,0.21842,passthrough,13,13,13,13,40,13
01_13_09_03_0041.bmp,1,9,3,4,13,0.63366,0.21127,0.20209,passthrough,13,13,13,13,13,13
01_13_09_03_0043.bmp,0,9,3,4,13,0.60482,0.15843,0.26053,passthrough,13,13,13,40,40,13
01_13_09_03_0043.bmp,1,9,3,4,13,0.61363,0.22891,0.18912,passthrough,13,13,13,13,2,13
01_13_09_03_0044.bmp,0,9,3,4,13,0.61478,0.15081,0.18684,passthrough,13,13,40,40,40,13
01_13_09_03_0048.bmp,0,9,3,4,13,0.59632,0.16021,0.17262,passthrough,13,13,13,40,40,13
01_13_09_03_0048.bmp,1,9,3,4,13,0.61325,0.21441,0.16526,passthrough,13,13,13,13,13,13
01_13_09_03_0049.bmp,0,9,3,4,13,0.59901,0.16785,0.21627,passthrough,13,13,13,40,40,13
01_13_09_03_0052.bmp,0,9,3,4,13,0.60176,0.16919,0.21333,passthrough,13,13,13,13,40,13
01_13_09_03_0054.bmp,1,9,3,4,13,0.60201,0.22497,0.18503,passthrough,13,13,13,13,13,13
01_13_09_03_0055.bmp,1,9,3,4,13,0.61074,0.22219,0.20833,passthrough,13,13,13,13,13,13
01_13_09_03_0057.bmp,1,9,3,4,13,0.60952,0.20727,0.17889,passthrough,13,13,13,13,13,13
01_13_09_03_0058.bmp,0,9,3,4,13,0.59495,0.16979,0.21524,passthrough,13,13,13,13,40,13
01_13_09_03_0058.bmp,1,9,3,4,13,0.60517,0.22416,0.19497,passthrough,13,13,13,13,13,13
01_13_09_03_0061.bmp,0,9,3,4,13,0.60813,0.16671,0.1488,passthrough,13,13,13,40,40,13
01_13_09_03_0062.bmp,1,9,3,4,13,0.58154,0.25822,0.12804,passthrough,13,13,13,13,13,13
01_13_09_03_0063.bmp,1,9,3,4,13,0.4757,0.07277,0.14286,clahe,42,18,18,12,42,12
01_13_09_03_0064.bmp,1,9,3,4,13,0.47173,0.07367,0.0,clahe,12,18,18,12,12,12
01_13_09_03_0067.bmp,1,9,3,4,13,0.47399,0.06023,0.0,clahe,12,11,11,12,12,12
01_13_09_03_0068.bmp,1,9,3,4,13,0.46524,0.05645,0.0,clahe,42,1,1,12,42,12
01_13_09_03_0069.bmp,1,9,3,4,13,0.43592,0.12157,0.17262,passthrough,12,12,35,12,28,12
01_13_09_03_0072.bmp,1,9,3,4,13,0.44869,0.06154,0.0,clahe,42,18,18,12,42,12
01_13_09_03_0073.bmp,1,9,3,4,13,0.48114,0.07434,0.0,clahe,12,12,12,12,12,12
01_13_09_03_0074.bmp,1,9,3,4,13,0.45259,0.09873,0.10714,clahe,18,18,18,12,18,12
01_13_09_03_0075.bmp,0,9,3,4,13,0.62349,0.16922,0.25199,passthrough,13,13,13,13,13,13
01_13_09_03_0076.bmp,1,9,3,4,13,0.46714,0.10271,0.25824,clahe,42,35,35,12,42,12
01_13_09_03_0077.bmp,1,9,3,4,13,0.46062,0.10836,0.06548,stretch,12,12,32,12,42,12
01_13_09_03_0078.bmp,1,9,3,4,13,0.47514,0.08145,0.07143,clahe,11,18,18,12,11,12
01_13_09_03_0081.bmp,0,9,3,4,13,0.65479,0.14017,0.13118,passthrough,13,13,13,13,13,13
01_13_09_03_0083.bmp,0,9,3,4,13,0.64164,0.15759,0.15426,passthrough,13,13,13,13,13,13
01_13_09_03_0084.bmp,0,9,3,4,13,0.64092,0.15836,0.12713,passthrough,13,13,13,13,13,13
01_13_09_03_0085.bmp,0,9,3,4,13,0.64842,0.14844,0.1261,passthrough,13,13,13,13,13,13
01_13_09_03_0088.bmp,0,9,3,4,13,0.64829,0.14883,0.0963,passthrough,13,13,13,13,18,13
01_13_09_03_0093.bmp,0,9,3,4,13,0.63639,0.16623,0.10822,passthrough,13,13,13,13,18,13
01_13_09_03_0093.bmp,1,9,3,4,13,0.48936,0.10156,0.11765,clahe,28,12,12,12,28,12
01_13_09_03_0095.bmp,1,9,3,4,13,0.52555,0.08639,0.0,clahe,12,35,35,12,12,12
01_13_09_03_0097.bmp,0,9,3,4,13,0.63537,0.16244,0.11244,passthrough,13,13,13,13,13,13
01_13_09_03_0097.bmp,1,9,3,4,13,0.49484,0.09912,0.16807,clahe,12,13,13,12,12,12
01_13_09_03_0098.bmp,1,9,3,4,13,0.52194,0.10369,0.04706,clahe,12,18,18,12,12,12
01_13_09_03_0099.bmp,0,9,3,4,13,0.63395,0.16266,0.12278,passthrough,13,13,13,13,18,13
01_13_09_03_0100.bmp,1,9,3,4,13,0.51714,0.09121,0.04412,clahe,42,13,13,12,42,12
01_13_09_03_0101.bmp,1,9,3,4,13,0.53901,0.08189,0.15809,clahe,42,40,40,12,42,12
01_13_09_03_0102.bmp,1,9,3,4,13,0.51767,0.11104,0.14931,passthrough,12,12,11,12,42,12
01_13_09_03_0105.bmp,0,9,3,4,13,0.62682,0.17494,0.14593,passthrough,13,13,13,13,13,13
01_13_09_03_0106.bmp,0,9,3,4,13,0.62246,0.18195,0.12928,passthrough,13,13,13,13,13,13
01_13_09_03_0108.bmp,1,9,3,4,13,0.54096,0.14838,0.19048,passthrough,12,12,18,12,42,12
01_13_09_03_0109.bmp,1,9,3,4,13,0.54382,0.1205,0.13913,passthrough,12,12,11,12,42,12
01_13_09_03_0110.bmp,0,9,3,4,13,0.59107,0.19165,0.10788,passthrough,13,13,13,13,40,13
01_13_09_03_0111.bmp,0,9,3,4,13,0.57691,0.19575,0.14232,passthrough,13,13,13,13,40,13
01_13_09_03_0111.bmp,1,9,3,4,13,0.51185,0.10742,0.1553,passthrough,11,11,11,11,28,11
01_13_09_03_0114.bmp,0,9,3,4,13,0.41839,0.09666,0.14935,clahe,42,13,13,32,42,12
01_13_09_03_0116.bmp,1,9,3,4,13,0.54148,0.13642,0.07465,passthrough,12,12,13,12,28,12
01_13_09_03_0117.bmp,1,9,3,4,13,0.55282,0.13457,0.19271,passthrough,12,12,11,12,28,12
01_13_09_03_0120.bmp,0,9,3,4,13,0.41239,0.12572,0.2359,passthrough,12,12,35,12,42,12
01_13_09_03_0122.bmp,0,9,3,4,13,0.40203,0.13389,0.14338,passthrough,12,12,13,12,11,12
01_13_09_03_0124.bmp,1,9,3,4,13,0.52893,0.16142,0.24005,passthrough,12,12,18,11,28,12
01_13_09_03_0125.bmp,1,9,3,4,13,0.52924,0.14023,0.14031,passthrough,12,12,13,12,40,12
01_13_09_03_0126.bmp,0,9,3,4,13,0.3645,0.12181,0.1343,passthrough,12,12,13,13,28,12
01_13_09_03_0128.bmp,0,9,3,4,13,0.36714,0.1018,0.17391,clahe,28,13,13,12,28,13
01_13_09_03_0130.bmp,0,9,3,4,13,0.38063,0.10236,0.09846,clahe,28,13,13,12,28,12
01_13_09_03_0130.bmp,1,9,3,4,13,0.52652,0.13754,0.11954,passthrough,11,11,18,11,28,11
01_13_09_03_0132.bmp,1,9,3,4,13,0.52654,0.12763,0.08958,passthrough,12,12,7,12,28,12
01_13_09_03_0133.bmp,1,9,3,4,13,0.51668,0.14433,0.13086,passthrough,12,12,40,11,40,12
01_13_09_03_0134.bmp,1,9,3,4,13,0.53031,0.12659,0.15524,passthrough,12,12,18,12,28,12
01_13_09_03_0136.bmp,1,9,3,4,13,0.52597,0.14374,0.16221,passthrough,13,13,18,12,28,13
01_13_09_03_0137.bmp,0,9,3,4,13,0.37844,0.11281,0.1024,passthrough,12,12,13,12,28,12
01_13_09_03_0141.bmp,1,9,3,4,13,0.53348,0.12591,0.09048,passthrough,12,12,13,12,12,12
01_13_09_03_0143.bmp,1,9,3,4,13,0.53889,0.10511,0.08437,clahe,13,13,13,12,13,12
01_13_09_03_0144.bmp,0,9,3,4,13,0.35437,0.12209,0.08298,passthrough,13,13,13,13,28,13
01_13_09_03_0146.bmp,1,9,3,4,13,0.53449,0.12281,0.08437,passthrough,12,12,18,12,28,12
01_13_09_03_0147.bmp,0,9,3,4,13,0.36617,0.11452,0.0528,passthrough,13,13,13,12,18,13
01_13_09_03_0148.bmp,1,9,3,4,13,0.53005,0.12465,0.11687,passthrough,12,12,18,12,28,12
01_13_09_03_0149.bmp,1,9,3,4,13,0.54045,0.12603,0.15018,passthrough,12,12,24,12,28,12
01_13_09_03_0150.bmp,0,9,3,4,13,0.36447,0.13127,0.06714,passthrough,13,13,13,12,28,13
01_13_09_03_0153.bmp,0,9,3,4,13,0.35628,0.14568,0.11091,passthrough,13,13,13,13,13,13
01_13_09_03_0154.bmp,0,9,3,4,13,0.36579,0.13458,0.07073,passthrough,13,13,13,12,40,13
01_13_09_03_0156.bmp,0,9,3,4,13,0.3661,0.13676,0.08073,passthrough,13,13,13,13,18,13
01_13_09_03_0157.bmp,0,9,3,4,13,0.35974,0.146,0.06818,passthrough,13,13,13,12,13,13
01_13_09_03_0158.bmp,0,9,3,4,13,0.36421,0.14614,0.08286,passthrough,13,13,13,13,18,13
01_13_09_03_0158.bmp,1,9,3,4,13,0.54717,0.13587,0.1748,passthrough,12,12,13,12,28,12
01_13_09_03_0160.bmp,1,9,3,4,13,0.55483,0.12484,0.11243,passthrough,12,12,18,12,18,12
01_13_09_03_0161.bmp,0,9,3,4,13,0.37358,0.16582,0.10768,passthrough,13,13,13,13,18,13
01_13_09_03_0163.bmp,0,9,3,4,13,0.38307,0.17234,0.07898,passthrough,13,13,13,13,13,13
01_13_09_03_0166.bmp,0,9,3,4,13,0.38681,0.20345,0.14307,passthrough,13,13,13,13,13,13
01_13_09_03_0170.bmp,0,9,3,4,13,0.40969,0.07562,0.0,clahe,42,13,13,12,42,12
01_13_09_03_0172.bmp,0,9,3,4,13,0.45039,0.10185,0.15909,clahe,42,40,40,12,42,12
01_13_09_03_0172.bmp,1,9,3,4,13,0.56659,0.12665,0.18972,passthrough,18,18,18,18,12,18
01_13_09_03_0173.bmp,1,9,3,4,13,0.54485,0.11568,0.14408,passthrough,13,13,18,12,18,13
01_13_09_03_0174.bmp,0,9,3,4,13,0.43654,0.07985,0.09091,clahe,11,13,13,31,11,12
01_13_09_03_0174.bmp,1,9,3,4,13,0.51673,0.09234,0.1651,clahe,13,13,13,12,13,12
01_13_09_03_0175.bmp,0,9,3,4,13,0.42469,0.07901,0.10606,clahe,42,13,13,12,42,12
01_13_09_03_0175.bmp,1,9,3,4,13,0.53176,0.12773,0.18512,passthrough,13,13,7,13,1,13
01_13_09_03_0176.bmp,1,9,3,4,13,0.55968,0.12417,0.21184,passthrough,12,12,13,12,40,12
01_13_09_03_0178.bmp,0,9,3,4,13,0.46159,0.06618,0.0,clahe,42,12,12,12,42,12
01_13_09_03_0178.bmp,1,9,3,4,13,0.57396,0.10486,0.10745,clahe,40,13,13,12,40,12
01_13_09_03_0179.bmp,0,9,3,4,13,0.42662,0.06581,0.0,clahe,42,38,38,12,42,12
01_13_09_03_0180.bmp,0,9,3,4,13,0.41892,0.0652,0.0,clahe,42,13,13,12,42,12
01_13_09_03_0181.bmp,1,9,3,4,13,0.56718,0.13206,0.20147,passthrough,12,12,13,12,20,12
01_13_09_03_0182.bmp,0,9,3,4,13,0.40986,0.06542,0.0,clahe,42,13,13,12,42,12
01_13_09_03_0185.bmp,1,9,3,4,13,0.57786,0.11349,0.10684,passthrough,12,12,13,12,40,12
01_13_09_03_0186.bmp,1,9,3,4,13,0.57707,0.11641,0.10256,passthrough,12,12,13,12,40,12
01_13_09_03_0188.bmp,1,9,3,4,13,0.58761,0.11408,0.13065,passthrough,12,12,13,12,12,12
01_13_09_03_0189.bmp,1,9,3,4,13,0.57392,0.12358,0.15263,passthrough,12,12,13,12,13,12
01_13_09_03_0191.bmp,0,9,3,4,13,0.41001,0.08881,0.12121,clahe,11,13,13,12,11,12
01_13_09_03_0192.bmp,1,9,3,4,13,0.56982,0.13529,0.15385,passthrough,12,12,13,12,40,12
01_13_09_03_0193.bmp,1,9,3,4,13,0.56888,0.14028,0.1569,passthrough,13,13,18,12,40,13
01_13_09_03_0194.bmp,0,9,3,4,13,0.47724,0.1096,0.09091,passthrough,12,12,12,31,25,12
01_13_09_03_0196.bmp,0,9,3,4,13,0.4152,0.08306,0.0,clahe,42,13,13,12,42,12
01_13_09_03_0197.bmp,0,9,3,4,13,0.42832,0.08555,0.24306,clahe,42,13,13,12,42,12
01_13_09_03_0198.bmp,0,9,3,4,13,0.40833,0.12237,0.24405,passthrough,13,13,13,12,42,13
01_13_09_03_0200.bmp,1,9,3,4,13,0.58719,0.11854,0.15263,passthrough,12,12,13,12,40,12
01_13_09_03_0201.bmp,0,9,3,4,13,0.38982,0.11218,0.22024,passthrough,12,12,13,12,11,12
01_13_09_03_0202.bmp,0,9,3,4,13,0.41333,0.10448,0.2381,clahe,42,13,13,12,42,12
01_13_09_03_0203.bmp,0,9,3,4,13,0.40756,0.09931,0.2619,clahe,12,40,40,12,12,12
01_13_09_03_0204.bmp,0,9,3,4,13,0.39328,0.08381,0.05357,clahe,11,13,13,12,11,12
01_13_09_03_0204.bmp,1,9,3,4,13,0.57672,0.12121,0.15934,passthrough,12,12,24,13,13,12
01_13_09_03_0205.bmp,1,9,3,4,13,0.57999,0.13352,0.16606,passthrough,12,12,13,12,40,12
01_13_09_03_0208.bmp,1,9,3,4,13,0.57895,0.13582,0.16422,passthrough,13,13,18,13,40,13
01_13_09_03_0210.bmp,1,9,3,4,13,0.58698,0.11315,0.11172,passthrough,12,12,13,12,40,12
01_13_09_03_0211.bmp,0,9,3,4,13,0.40821,0.09548,0.20124,clahe,11,40,40,12,11,12
01_13_09_03_0212.bmp,1,9,3,4,13,0.57939,0.11398,0.08608,passthrough,12,12,13,12,40,12
01_13_09_03_0215.bmp,0,9,3,4,13,0.39737,0.09513,0.14263,clahe,28,13,13,12,28,13
01_13_09_03_0217.bmp,0,9,3,4,13,0.40666,0.11894,0.21225,passthrough,13,13,13,13,36,13
01_13_09_03_0220.bmp,1,9,3,4,13,0.58737,0.12373,0.18132,passthrough,13,13,13,13,28,13
01_13_09_03_0222.bmp,0,9,3,4,13,0.3949,0.14325,0.09159,passthrough,13,13,13,13,40,13
01_13_09_03_0223.bmp,1,9,3,4,13,0.58492,0.11348,0.07021,stretch,12,12,24,12,40,12
01_13_09_03_0224.bmp,0,9,3,4,13,0.40546,0.12558,0.12814,passthrough,13,13,13,13,13,13
01_13_09_03_0224.bmp,1,9,3,4,13,0.57259,0.12693,0.17033,passthrough,12,12,13,12,40,12
01_13_09_03_0228.bmp,1,9,3,4,13,0.58675,0.12405,0.1685,passthrough,12,12,13,12,28,12
01_13_09_03_0229.bmp,1,9,3,4,13,0.5906,0.11864,0.14347,passthrough,12,12,13,12,40,12
01_13_09_03_0230.bmp,0,9,3,4,13,0.4077,0.13802,0.13333,passthrough,13,13,13,13,18,13
01_13_09_03_0231.bmp,1,9,3,4,13,0.60373,0.12707,0.163,passthrough,12,12,24,12,40,12
01_13_09_03_0232.bmp,0,9,3,4,13,0.40463,0.13591,0.11864,passthrough,13,13,13,13,24,13
01_13_09_03_0232.bmp,1,9,3,4,13,0.61069,0.13175,0.18071,passthrough,12,12,13,13,40,12
01_13_09_03_0234.bmp,1,9,3,4,13,0.60441,0.14817,0.21306,passthrough,13,13,13,13,13,13
01_13_09_03_0235.bmp,1,9,3,4,13,0.60692,0.136,0.16056,passthrough,12,12,13,12,40,12
01_13_09_03_0236.bmp,0,9,3,4,13,0.42621,0.16251,0.13208,passthrough,13,13,13,13,13,13
01_13_09_03_0237.bmp,0,9,3,4,13,0.45309,0.16328,0.15123,passthrough,13,13,13,13,18,13
01_13_09_03_0239.bmp,1,9,3,4,13,0.5936,0.13677,0.18376,passthrough,12,12,13,13,40,12
01_13_09_03_0240.bmp,0,9,3,4,13,0.46967,0.20303,0.19695,passthrough,13,13,7,13,7,13
01_13_09_03_0241.bmp,1,9,3,4,13,0.59021,0.16635,0.20513,passthrough,13,13,13,13,40,13
01_13_09_03_0245.bmp,1,9,3,4,13,0.59001,0.13719,0.17155,passthrough,13,13,13,13,40,13
01_13_09_03_0246.bmp,1,9,3,4,13,0.58863,0.13272,0.18864,passthrough,12,12,13,12,40,12
01_13_09_03_0247.bmp,0,9,3,4,13,0.4708,0.15362,0.13689,passthrough,13,13,13,13,1,13
01_13_09_03_0247.bmp,1,9,3,4,13,0.58853,0.14219,0.20696,passthrough,12,12,13,12,2,12
01_13_09_03_0248.bmp,0,9,3,4,13,0.46316,0.15381,0.11236,passthrough,13,13,13,13,1,13
01_13_09_03_0249.bmp,0,9,3,4,13,0.47597,0.14462,0.1073,passthrough,13,13,13,13,13,13
01_13_09_03_0250.bmp,0,9,3,4,13,0.47784,0.16302,0.149,passthrough,13,13,13,13,13,13
01_13_09_03_0250.bmp,1,9,3,4,13,0.59133,0.13131,0.15629,passthrough,12,12,13,12,40,12
01_13_09_03_0252.bmp,1,9,3,4,13,0.59706,0.11995,0.1453,passthrough,12,12,24,12,40,12
01_13_09_03_0253.bmp,0,9,3,4,13,0.48727,0.16714,0.14821,passthrough,13,13,13,13,13,13
01_13_09_03_0256.bmp,0,9,3,4,13,0.47853,0.15372,0.11713,passthrough,13,13,13,13,13,13
01_13_09_03_0256.bmp,1,9,3,4,13,0.59015,0.1368,0.15812,passthrough,13,13,13,13,13,13
01_13_09_03_0257.bmp,0,9,3,4,13,0.47302,0.15732,0.13854,passthrough,13,13,13,13,13,13
01_13_09_03_0257.bmp,1,9,3,4,13,0.59231,0.13269,0.19597,passthrough,12,12,13,12,40,12
01_13_09_03_0260.bmp,0,9,3,4,13,0.47803,0.14556,0.08833,passthrough,13,13,13,13,28,13
01_13_09_03_0261.bmp,0,9,3,4,13,0.46915,0.1414,0.08908,passthrough,13,13,13,13,13,13
01_13_09_03_0262.bmp,1,9,3,4,13,0.59155,0.12781,0.12271,passthrough,12,12,13,12,28,12
01_13_09_03_0263.bmp,0,9,3,4,13,0.46706,0.15733,0.11688,passthrough,13,13,13,13,13,13
01_13_09_03_0271.bmp,0,9,3,4,13,0.5857,0.12871,0.14225,passthrough,12,12,13,12,40,12
01_13_09_03_0272.bmp,0,9,3,4,13,0.58803,0.13562,0.16606,passthrough,12,12,13,12,40,12
01_13_09_03_0273.bmp,0,9,3,4,13,0.59384,0.12644,0.18254,passthrough,12,12,13,12,12,12
01_13_09_03_0274.bmp,0,9,3,4,13,0.59828,0.12441,0.1746,passthrough,12,12,13,12,40,12
01_13_09_03_0277.bmp,0,9,3,4,13,0.58396,0.13572,0.1746,passthrough,13,13,13,13,18,13
01_13_09_03_0280.bmp,0,9,3,4,13,0.58394,0.13483,0.17643,passthrough,13,13,13,13,20,13
01_13_09_03_0281.bmp,0,9,3,4,13,0.59344,0.12935,0.15812,passthrough,13,13,13,12,28,13
01_13_09_03_0282.bmp,0,9,3,4,13,0.57741,0.13923,0.18315,passthrough,13,13,13,13,13,13
01_13_09_03_0285.bmp,0,9,3,4,13,0.5868,0.13941,0.23321,passthrough,13,13,13,13,40,13
01_13_09_03_0287.bmp,0,9,3,4,13,0.57754,0.14173,0.18681,passthrough,13,13,13,13,28,13
01_13_09_03_0288.bmp,0,9,3,4,13,0.59358,0.11672,0.13492,passthrough,12,12,13,12,40,12
01_13_09_03_0289.bmp,0,9,3,4,13,0.58124,0.1313,0.15873,passthrough,13,13,13,13,40,13
01_13_09_03_0293.bmp,0,9,3,4,13,0.58411,0.12647,0.15446,passthrough,12,12,13,12,13,12
01_13_09_03_0296.bmp,0,9,3,4,13,0.57882,0.1321,0.17827,passthrough,13,13,13,12,40,13
01_13_09_03_0299.bmp,0,9,3,4,13,0.57503,0.11728,0.1337,passthrough,12,12,13,12,40,12
01_13_09_03_0300.bmp,0,9,3,4,13,0.57571,0.11369,0.12271,passthrough,12,12,13,12,40,12
01_13_09_03_0301.bmp,0,9,3,4,13,0.57345,0.11327,0.16545,passthrough,12,12,13,13,40,12
01_13_09_03_0303.bmp,0,9,3,4,13,0.56957,0.12542,0.16339,passthrough,13,13,13,13,28,13
01_13_09_03_0307.bmp,0,9,3,4,13,0.57656,0.10417,0.13536,clahe,11,13,13,12,11,12
01_13_09_03_0311.bmp,0,9,3,4,13,0.55523,0.12241,0.20568,passthrough,12,12,13,12,28,12
01_13_09_03_0316.bmp,0,9,3,4,13,0.56378,0.10562,0.1252,clahe,40,13,13,12,40,12
01_13_09_03_0325.bmp,0,9,3,4,13,0.58105,0.16382,0.14875,passthrough,12,12,40,12,12,12
01_13_09_03_0331.bmp,0,9,3,4,13,0.59013,0.16449,0.14607,passthrough,12,12,13,12,28,12
01_13_09_03_0333.bmp,0,9,3,4,13,0.59,0.16414,0.13578,passthrough,18,18,13,18,28,18
01_13_09_03_0334.bmp,0,9,3,4,13,0.59733,0.16153,0.13119,passthrough,18,18,12,12,40,18
01_13_09_03_0336.bmp,0,9,3,4,13,0.5922,0.17393,0.20524,passthrough,12,12,13,12,28,12
01_13_09_03_0337.bmp,0,9,3,4,13,0.60334,0.18031,0.23934,passthrough,25,25,18,18,28,25
01_13_09_03_0338.bmp,0,9,3,4,13,0.60258,0.19387,0.23428,passthrough,13,13,13,13,20,13
01_13_09_03_0341.bmp,0,9,3,4,13,0.63141,0.16643,0.20364,passthrough,13,13,13,13,18,13
01_13_09_03_0343.bmp,0,9,3,4,13,0.62624,0.17137,0.24295,passthrough,13,13,13,13,28,13
01_13_09_03_0344.bmp,0,9,3,4,13,0.63754,0.16829,0.20922,passthrough,13,13,20,13,20,13
01_13_09_03_0348.bmp,0,9,3,4,13,0.62449,0.18757,0.18784,passthrough,13,13,13,25,13,13
01_13_09_03_0350.bmp,0,9,3,4,13,0.6188,0.185,0.16596,passthrough,13,13,13,13,13,13
01_13_09_03_0352.bmp,0,9,3,4,13,0.59554,0.16909,0.15962,passthrough,12,12,13,12,25,12
01_13_09_03_0353.bmp,0,9,3,4,13,0.57755,0.16384,0.1517,passthrough,13,13,13,13,20,13
01_13_09_03_0354.bmp,0,9,3,4,13,0.55969,0.15571,0.13116,passthrough,12,12,13,12,13,12
01_13_09_03_0357.bmp,0,9,3,4,13,0.49088,0.15121,0.19842,passthrough,13,13,13,13,7,13
01_13_09_03_0358.bmp,0,9,3,4,13,0.4854,0.17,0.20186,passthrough,13,13,13,13,7,13
01_13_09_03_0359.bmp,0,9,3,4,13,0.4723,0.19907,0.15604,passthrough,13,13,13,13,2,13
01_13_09_03_0365.bmp,0,9,3,4,13,0.46132,0.21454,0.09412,passthrough,13,13,13,13,13,13
01_13_09_03_0371.bmp,0,9,3,4,13,0.43513,0.19649,0.12445,passthrough,13,13,13,13,24,13
01_13_09_03_0373.bmp,0,9,3,4,13,0.43131,0.18355,0.11163,passthrough,13,13,13,13,28,13
01_13_09_03_0382.bmp,0,9,3,4,13,0.48306,0.20885,0.13057,passthrough,13,13,13,13,13,13
01_13_09_03_0384.bmp,0,9,3,4,13,0.48453,0.1833,0.07818,passthrough,13,13,13,13,25,13
01_13_09_03_0385.bmp,0,9,3,4,13,0.47813,0.2045,0.12416,passthrough,13,13,13,13,13,13
01_13_09_03_0386.bmp,0,9,3,4,13,0.4841,0.14226,0.27273,passthrough,12,12,35,12,11,12
01_13_09_03_0387.bmp,0,9,3,4,13,0.48213,0.07892,0.1157,clahe,42,18,18,12,42,12
01_13_09_03_0389.bmp,0,9,3,4,13,0.46025,0.09603,0.2562,clahe,11,32,32,12,11,12
01_13_09_03_0391.bmp,0,9,3,4,13,0.50258,0.12181,0.10744,passthrough,12,12,11,12,11,12
01_13_09_03_0398.bmp,0,9,3,4,13,0.49289,0.11986,0.28099,passthrough,12,12,35,12,11,12
01_13_09_03_0402.bmp,0,9,3,4,13,0.47765,0.12841,0.31405,passthrough,12,12,13,12,42,12
01_13_09_03_0404.bmp,0,9,3,4,13,0.47982,0.12607,0.28099,passthrough,12,12,13,12,42,12
01_13_09_03_0408.bmp,0,9,3,4,13,0.48099,0.10208,0.23967,clahe,11,13,13,12,11,12
01_13_09_03_0413.bmp,0,9,3,4,13,0.47587,0.13989,0.24793,passthrough,12,12,12,12,42,12
01_13_09_03_0414.bmp,0,9,3,4,13,0.48404,0.10018,0.2314,clahe,11,12,12,12,11,12
01_13_09_03_0415.bmp,0,9,3,4,13,0.46333,0.14101,0.28926,passthrough,12,12,13,12,42,12
01_13_09_03_0419.bmp,0,9,3,4,13,0.47409,0.14826,0.32231,passthrough,12,12,35,12,11,12
01_13_09_03_0421.bmp,0,9,3,4,13,0.46835,0.12228,0.27273,passthrough,13,13,13,13,42,13
01_13_09_03_0422.bmp,0,9,3,4,13,0.5216,0.12067,0.28099,passthrough,12,12,35,12,11,12
01_13_09_03_0423.bmp,0,9,3,4,13,0.48524,0.11976,0.26446,passthrough,12,12,12,12,42,12
01_13_09_03_0424.bmp,0,9,3,4,13,0.49441,0.15602,0.24793,passthrough,12,12,13,12,1,12
01_13_09_03_0429.bmp,0,9,3,4,13,0.51463,0.15796,0.26374,passthrough,12,12,13,12,12,12
01_13_09_03_0430.bmp,0,9,3,4,13,0.50246,0.14903,0.1978,passthrough,13,13,35,13,40,13
01_13_09_03_0434.bmp,0,9,3,4,13,0.45272,0.17561,0.21905,passthrough,13,13,13,12,11,13
01_13_09_03_0435.bmp,0,9,3,4,13,0.49951,0.11969,0.2381,passthrough,13,13,13,13,42,13
01_13_09_03_0438.bmp,0,9,3,4,13,0.49214,0.11713,0.25714,passthrough,12,12,40,12,40,12
01_13_09_03_0441.bmp,0,9,3,4,13,0.47467,0.13258,0.19853,passthrough,13,13,13,13,12,13
01_13_09_03_0442.bmp,0,9,3,4,13,0.4566,0.15978,0.18403,passthrough,13,13,35,13,42,13
01_13_09_03_0443.bmp,0,9,3,4,13,0.46855,0.17166,0.22222,passthrough,12,12,13,13,11,12
01_13_09_03_0444.bmp,0,9,3,4,13,0.45838,0.14862,0.23162,passthrough,13,13,40,13,18,13
01_13_09_03_0448.bmp,0,9,3,4,13,0.46336,0.15086,0.17014,passthrough,12,12,40,12,12,12
01_13_09_03_0449.bmp,0,9,3,4,13,0.46585,0.13633,0.17028,passthrough,12,12,40,12,11,12
01_13_09_03_0456.bmp,0,9,3,4,13,0.46613,0.14628,0.18182,passthrough,12,12,40,12,40,12
01_13_09_03_0458.bmp,0,9,3,4,13,0.4987,0.13664,0.17391,passthrough,13,13,13,13,40,13
01_13_09_03_0461.bmp,0,9,3,4,13,0.50466,0.1441,0.13478,passthrough,13,13,13,13,40,13
01_13_09_03_0463.bmp,0,9,3,4,13,0.50162,0.18121,0.17984,passthrough,13,13,40,13,40,13
01_13_09_03_0468.bmp,0,9,3,4,13,0.51521,0.19459,0.12775,passthrough,13,13,13,13,40,13
01_13_09_03_0471.bmp,0,9,3,4,13,0.52626,0.17224,0.13563,passthrough,13,13,13,13,40,13
01_13_09_03_0475.bmp,0,9,3,4,13,0.50329,0.15444,0.12017,passthrough,13,13,13,13,13,13
01_13_09_03_0477.bmp,0,9,3,4,13,0.49135,0.16632,0.16873,passthrough,13,13,13,12,28,13
01_13_09_03_0479.bmp,0,9,3,4,13,0.47151,0.16333,0.17271,passthrough,13,13,13,13,40,13
01_13_09_03_0481.bmp,0,9,3,4,13,0.46304,0.16269,0.12452,passthrough,13,13,13,13,28,13
01_13_09_03_0484.bmp,0,9,3,4,13,0.4535,0.12894,0.13665,passthrough,13,13,13,12,18,13
01_13_09_03_0486.bmp,0,9,3,4,13,0.44961,0.12409,0.08773,passthrough,13,13,13,13,40,13
01_13_09_03_0489.bmp,0,9,3,4,13,0.46059,0.13401,0.12982,passthrough,13,13,13,13,13,13
01_13_09_03_0491.bmp,0,9,3,4,13,0.46897,0.13618,0.12496,passthrough,13,13,13,13,40,13
01_13_09_03_0492.bmp,0,9,3,4,13,0.46254,0.15059,0.11285,passthrough,13,13,13,13,13,13
01_13_09_03_0494.bmp,0,9,3,4,13,0.45788,0.14587,0.15187,passthrough,13,13,13,13,40,13
01_13_09_03_0501.bmp,0,9,3,4,13,0.45277,0.13796,0.10068,passthrough,13,13,13,13,13,13
01_13_09_03_0504.bmp,0,9,3,4,13,0.4584,0.12593,0.09163,passthrough,13,13,13,13,13,13
01_13_09_03_0507.bmp,0,9,3,4,13,0.46454,0.12797,0.08171,passthrough,13,13,13,13,13,13
01_13_09_03_0511.bmp,0,9,3,4,13,0.46807,0.12938,0.06973,stretch,13,13,13,13,24,13
01_13_09_03_0513.bmp,0,9,3,4,13,0.46643,0.12828,0.06812,stretch,13,13,13,13,13,13
01_13_09_03_0515.bmp,0,9,3,4,13,0.42544,0.12315,0.05141,stretch,13,13,13,13,24,13
01_13_09_03_0516.bmp,0,9,3,4,13,0.47769,0.09198,0.23077,clahe,42,12,12,12,42,12
01_13_09_03_0517.bmp,0,9,3,4,13,0.48392,0.08307,0.25175,clahe,42,13,13,12,42,12
01_13_09_03_0519.bmp,0,9,3,4,13,0.5106,0.10374,0.09091,clahe,42,13,13,12,42,12
01_13_09_03_0521.bmp,0,9,3,4,13,0.51123,0.08585,0.21678,clahe,42,13,13,12,42,12
01_13_09_03_0525.bmp,0,9,3,4,13,0.49098,0.11384,0.15789,passthrough,12,12,13,12,28,12
01_13_09_03_0526.bmp,0,9,3,4,13,0.49749,0.08073,0.09091,clahe,42,35,35,12,42,12
01_13_09_03_0527.bmp,0,9,3,4,13,0.52696,0.11347,0.0,stretch,12,12,13,12,12,12
01_13_09_03_0530.bmp,0,9,3,4,13,0.48891,0.09763,0.14685,clahe,42,32,32,32,42,32
01_13_09_03_0535.bmp,0,9,3,4,13,0.56465,0.10704,0.18403,passthrough,12,12,18,12,12,12
01_13_09_03_0540.bmp,0,9,3,4,13,0.46486,0.09817,0.23776,clahe,42,35,35,12,42,12
01_13_09_03_0542.bmp,0,9,3,4,13,0.48608,0.09628,0.21678,clahe,25,32,32,12,25,12
01_13_09_03_0544.bmp,0,9,3,4,13,0.41925,0.12036,0.1958,passthrough,13,13,13,12,42,13
01_13_09_03_0545.bmp,0,9,3,4,13,0.56225,0.1103,0.27778,passthrough,12,12,40,12,42,12
01_13_09_03_0549.bmp,0,9,3,4,13,0.54369,0.08507,0.22222,clahe,40,12,12,12,40,12
01_13_09_03_0550.bmp,0,9,3,4,13,0.46475,0.11946,0.1958,passthrough,12,12,35,12,42,12
01_13_09_03_0557.bmp,0,9,3,4,13,0.54898,0.09235,0.06111,clahe,12,12,12,12,12,12
01_13_09_03_0558.bmp,0,9,3,4,13,0.45671,0.08393,0.27972,clahe,42,10,10,12,42,12
01_13_09_03_0559.bmp,0,9,3,4,13,0.51527,0.11242,0.25278,passthrough,12,12,13,12,12,12
01_13_09_03_0565.bmp,0,9,3,4,13,0.54065,0.09972,0.10053,clahe,40,12,12,12,40,12
01_13_09_03_0575.bmp,0,9,3,4,13,0.51374,0.09551,0.13282,clahe,28,40,40,12,28,12
01_13_09_03_0578.bmp,0,9,3,4,13,0.41728,0.09333,0.1991,clahe,42,13,13,12,42,12
01_13_09_03_0581.bmp,0,9,3,4,13,0.49492,0.09756,0.09275,clahe,28,13,13,12,28,12
01_13_09_03_0582.bmp,0,9,3,4,13,0.41982,0.08237,0.17647,clahe,42,13,13,12,42,12
01_13_09_03_0583.bmp,0,9,3,4,13,0.49932,0.11564,0.20571,passthrough,12,12,18,12,28,12
01_13_09_03_0584.bmp,0,9,3,4,13,0.42167,0.07847,0.27602,clahe,42,13,13,13,42,12
01_13_09_03_0587.bmp,0,9,3,4,13,0.48711,0.09209,0.15577,clahe,28,18,18,12,28,12
01_13_09_03_0591.bmp,0,9,3,4,13,0.47292,0.10949,0.13258,passthrough,13,13,11,12,28,13
01_13_09_03_0592.bmp,0,9,3,4,13,0.39257,0.1004,0.11765,clahe,42,13,13,12,42,32
01_13_09_03_0594.bmp,0,9,3,4,13,0.38159,0.10148,0.16099,clahe,6,35,35,12,6,13
01_13_09_03_0596.bmp,0,9,3,4,13,0.41215,0.08302,0.0,clahe,42,40,40,12,42,12
01_13_09_03_0599.bmp,0,9,3,4,13,0.49541,0.09576,0.12468,clahe,28,18,18,13,28,13
01_13_09_03_0600.bmp,0,9,3,4,13,0.49325,0.11519,0.14826,passthrough,12,12,18,12,18,12
01_13_09_03_0604.bmp,0,9,3,4,13,0.47845,0.11164,0.169,passthrough,13,13,13,12,28,13
01_13_09_03_0605.bmp,0,9,3,4,13,0.49899,0.11719,0.15272,passthrough,12,12,18,12,28,12
01_13_09_03_0607.bmp,0,9,3,4,13,0.49148,0.10547,0.10853,clahe,18,1,1,18,18,13
01_13_09_03_0608.bmp,0,9,3,4,13,0.4804,0.11089,0.136,passthrough,13,13,13,13,28,13
01_13_09_03_0609.bmp,0,9,3,4,13,0.48163,0.12616,0.11219,passthrough,13,13,40,13,18,13
01_13_09_03_0611.bmp,0,9,3,4,13,0.49457,0.10921,0.15158,passthrough,13,13,13,13,28,13
01_13_09_03_0613.bmp,0,9,3,4,13,0.50637,0.10784,0.09208,passthrough,12,12,13,12,28,12
01_13_09_03_0615.bmp,0,9,3,4,13,0.50166,0.11513,0.07581,passthrough,12,12,13,12,13,12
01_13_09_03_0616.bmp,0,9,3,4,13,0.50018,0.1219,0.11632,passthrough,13,13,13,13,11,13
01_13_09_03_0626.bmp,0,9,3,4,13,0.48799,0.16527,0.08855,passthrough,13,13,13,13,11,13
01_03_09_04_0004.bmp,0,9,4,4,9,0.51947,0.09622,0.1942,clahe,6,11,11,12,6,32
01_03_09_04_0005.bmp,0,9,4,4,9,0.52375,0.09181,0.22899,clahe,42,11,11,16,42,16
01_03_09_04_0011.bmp,0,9,4,4,9,0.50776,0.10177,0.245,clahe,11,13,13,12,11,16
01_03_09_04_0015.bmp,0,9,4,4,9,0.51754,0.08569,0.17078,clahe,42,11,11,13,42,13
01_03_09_04_0016.bmp,0,9,4,4,9,0.49175,0.09813,0.20576,clahe,42,16,16,16,42,32
01_03_09_04_0017.bmp,0,9,4,4,9,0.50387,0.10356,0.15226,clahe,0,13,13,32,0,32
01_03_09_04_0024.bmp,0,9,4,4,9,0.49065,0.1107,0.20877,passthrough,32,32,35,16,6,32
01_03_09_04_0025.bmp,0,9,4,4,9,0.49015,0.09272,0.17097,clahe,41,13,13,13,41,13
01_03_09_04_0028.bmp,0,9,4,4,9,0.46026,0.09085,0.13068,clahe,11,13,13,16,11,12
01_03_09_04_0029.bmp,0,9,4,4,9,0.47506,0.10851,0.12397,passthrough,13,13,13,16,11,13
01_03_09_04_0030.bmp,0,9,4,4,9,0.45324,0.09126,0.13175,clahe,25,41,41,12,25,12
01_03_09_04_0032.bmp,0,9,4,4,9,0.42135,0.10208,0.11111,clahe,11,13,13,16,11,13
01_03_09_04_0033.bmp,0,9,4,4,9,0.42485,0.0858,0.14614,clahe,25,11,11,16,25,13
01_03_09_04_0034.bmp,0,9,4,4,9,0.42658,0.08368,0.0,clahe,42,13,13,12,42,32
01_03_09_04_0041.bmp,0,9,4,4,9,0.417,0.07922,0.0,clahe,40,13,13,12,40,12
01_03_09_04_0047.bmp,0,9,4,4,9,0.43947,0.08815,0.0155,clahe,25,13,13,16,25,13
01_03_09_04_0048.bmp,0,9,4,4,9,0.42603,0.12051,0.14477,passthrough,13,13,13,13,11,13
01_03_09_04_0050.bmp,0,9,4,4,9,0.41988,0.08599,0.05147,clahe,40,40,40,16,40,13
01_03_09_04_0051.bmp,0,9,4,4,9,0.41064,0.10111,0.11822,clahe,40,40,40,13,40,13
01_03_09_04_0052.bmp,0,9,4,4,9,0.40203,0.10059,0.08722,clahe,40,40,40,13,40,13
01_03_09_04_0055.bmp,0,9,4,4,9,0.40641,0.11814,0.10897,passthrough,13,13,13,13,25,13
01_03_09_04_0057.bmp,0,9,4,4,9,0.42831,0.08633,0.09705,clahe,20,13,13,11,20,13
01_03_09_04_0058.bmp,0,9,4,4,9,0.42486,0.09788,0.12077,clahe,25,25,25,16,25,13
01_03_09_04_0059.bmp,0,9,4,4,9,0.4284,0.10339,0.06984,clahe,25,26,26,13,25,13
01_03_09_04_0064.bmp,0,9,4,4,9,0.42598,0.09249,0.12462,clahe,20,18,18,13,20,13
01_03_09_04_0071.bmp,0,9,4,4,9,0.44365,0.09443,0.09235,clahe,25,25,25,13,25,13
01_03_09_04_0072.bmp,0,9,4,4,9,0.42935,0.08875,0.05936,clahe,20,13,13,13,20,13
01_03_09_04_0074.bmp,0,9,4,4,9,0.4466,0.09555,0.11362,clahe,13,13,13,13,13,13
01_03_09_04_0075.bmp,0,9,4,4,9,0.43745,0.09967,0.07182,clahe,20,13,13,13,20,13
01_03_09_04_0076.bmp,0,9,4,4,9,0.4476,0.11846,0.07903,passthrough,13,13,41,13,25,13
01_03_09_04_0077.bmp,0,9,4,4,9,0.4457,0.12305,0.10726,passthrough,13,13,13,13,25,13
01_03_09_04_0078.bmp,0,9,4,4,9,0.44267,0.10649,0.05645,stretch,13,13,13,13,13,13
01_03_09_04_0083.bmp,0,9,4,4,9,0.44415,0.11395,0.07326,passthrough,13,13,25,13,13,13
01_03_09_04_0084.bmp,0,9,4,4,9,0.43959,0.1099,0.09331,passthrough,13,13,7,13,25,13
01_06_09_04_0001.bmp,1,9,4,4,14,0.57926,0.11684,0.33333,passthrough,32,32,11,13,12,32
01_06_09_04_0003.bmp,1,9,4,4,14,0.6193,0.0713,0.04167,clahe,42,26,26,18,42,11
01_06_09_04_0005.bmp,0,9,4,4,14,0.53564,0.11135,0.13812,passthrough,11,11,13,11,18,11
01_06_09_04_0005.bmp,1,9,4,4,14,0.59016,0.06849,0.0,clahe,11,18,18,12,11,12
01_06_09_04_0006.bmp,0,9,4,4,14,0.527,0.12157,0.1464,passthrough,13,13,24,13,18,13
01_06_09_04_0006.bmp,1,9,4,4,14,0.60717,0.09923,0.19501,clahe,18,18,18,13,18,11
01_06_09_04_0007.bmp,0,9,4,4,14,0.55881,0.11211,0.09384,passthrough,18,18,18,18,18,18
01_06_09_04_0008.bmp,1,9,4,4,14,0.60261,0.09018,0.19048,clahe,11,11,11,11,11,11
01_06_09_04_0010.bmp,0,9,4,4,14,0.5739,0.09655,0.19034,clahe,28,24,24,25,28,25
01_06_09_04_0011.bmp,0,9,4,4,14,0.56583,0.09247,0.18582,clahe,18,40,40,12,18,13
01_06_09_04_0013.bmp,0,9,4,4,14,0.55702,0.10227,0.21958,clahe,18,13,13,25,18,13
01_06_09_04_0014.bmp,0,9,4,4,14,0.5585,0.08504,0.08418,clahe,13,24,24,11,13,11
01_06_09_04_0016.bmp,1,9,4,4,14,0.61988,0.08766,0.20652,clahe,18,18,18,12,18,12
01_06_09_04_0018.bmp,1,9,4,4,14,0.60622,0.10701,0.2096,passthrough,11,11,24,11,13,11
01_06_09_04_0020.bmp,0,9,4,4,14,0.50622,0.09582,0.17655,clahe,28,24,24,18,28,13
01_06_09_04_0020.bmp,1,9,4,4,14,0.60201,0.10567,0.1584,clahe,18,18,18,13,18,12
01_06_09_04_0021.bmp,0,9,4,4,14,0.50341,0.09678,0.18472,clahe,20,40,40,25,20,13
01_06_09_04_0021.bmp,1,9,4,4,14,0.61717,0.07862,0.0768,clahe,18,13,13,12,18,12
01_06_09_04_0022.bmp,1,9,4,4,14,0.63031,0.10158,0.1216,clahe,13,13,13,12,13,12
01_06_09_04_0023.bmp,0,9,4,4,14,0.50436,0.10263,0.18579,clahe,13,40,40,13,13,13
01_06_09_04_0023.bmp,1,9,4,4,14,0.62433,0.11763,0.10575,passthrough,12,12,35,12,20,12
01_06_09_04_0025.bmp,0,9,4,4,14,0.49699,0.10037,0.1812,clahe,24,24,24,13,24,13
01_06_09_04_0026.bmp,0,9,4,4,14,0.50346,0.10687,0.07407,passthrough,25,25,24,13,24,25
01_06_09_04_0027.bmp,0,9,4,4,14,0.48264,0.12044,0.18783,passthrough,13,13,13,13,28,13
01_06_09_04_0028.bmp,0,9,4,4,14,0.47979,0.1209,0.17984,passthrough,25,25,24,25,25,25
01_06_09_04_0028.bmp,1,9,4,4,14,0.58437,0.10314,0.10383,clahe,28,18,18,18,28,11
01_06_09_04_0031.bmp,1,9,4,4,14,0.59825,0.12174,0.11005,passthrough,12,12,13,12,42,12
01_06_09_04_0032.bmp,0,9,4,4,14,0.46081,0.10979,0.16561,passthrough,13,13,24,18,18,13
01_06_09_04_0032.bmp,1,9,4,4,14,0.59897,0.09184,0.1244,clahe,42,16,16,12,42,12
01_06_09_04_0033.bmp,0,9,4,4,14,0.45324,0.1261,0.209,passthrough,13,13,24,25,13,13
01_06_09_04_0033.bmp,1,9,4,4,14,0.61402,0.09053,0.05742,clahe,42,11,11,12,42,12
01_06_09_04_0035.bmp,0,9,4,4,14,0.45844,0.12808,0.16544,passthrough,13,13,7,13,13,13
01_06_09_04_0036.bmp,1,9,4,4,14,0.51339,0.16376,0.29091,passthrough,11,11,11,11,42,11
01_06_09_04_0038.bmp,1,9,4,4,14,0.52132,0.13973,0.04167,stretch,12,12,35,12,42,12
01_06_09_04_0040.bmp,0,9,4,4,14,0.43809,0.12149,0.15594,passthrough,13,13,13,25,13,13
01_06_09_04_0044.bmp,0,9,4,4,14,0.4184,0.09672,0.03939,clahe,25,1,1,12,25,25
01_06_09_04_0044.bmp,1,9,4,4,14,0.51716,0.07995,0.14722,clahe,42,11,11,12,42,12
01_06_09_04_0047.bmp,0,9,4,4,14,0.5221,0.09219,0.07949,clahe,40,12,12,12,40,12
01_06_09_04_0048.bmp,0,9,4,4,14,0.51743,0.10052,0.0905,clahe,42,12,12,12,42,12
01_06_09_04_0049.bmp,0,9,4,4,14,0.52876,0.07687,0.04598,clahe,42,40,40,12,42,12
01_06_09_04_0050.bmp,0,9,4,4,14,0.54114,0.09264,0.10292,clahe,12,1,1,12,12,12
01_06_09_04_0053.bmp,0,9,4,4,14,0.55874,0.09906,0.11314,clahe,18,18,18,12,18,12
01_06_09_04_0054.bmp,0,9,4,4,14,0.5718,0.11295,0.19341,passthrough,11,11,18,12,18,11
01_06_09_04_0055.bmp,0,9,4,4,14,0.56646,0.11263,0.07513,passthrough,12,12,13,12,40,12
01_06_09_04_0056.bmp,0,9,4,4,14,0.57332,0.0927,0.20168,clahe,18,18,18,12,18,12
01_06_09_04_0064.bmp,0,9,4,4,14,0.54774,0.13852,0.07895,passthrough,18,18,18,18,18,18
01_06_09_04_0065.bmp,0,9,4,4,14,0.54923,0.1288,0.11741,passthrough,12,12,40,12,28,12
01_06_09_04_0066.bmp,0,9,4,4,14,0.55287,0.12235,0.06388,stretch,12,12,13,12,18,12
01_06_09_04_0067.bmp,0,9,4,4,14,0.53895,0.13805,0.09313,passthrough,12,12,7,12,18,12
01_06_09_04_0068.bmp,0,9,4,4,14,0.52009,0.14122,0.16445,passthrough,12,12,13,12,18,12
01_06_09_04_0076.bmp,0,9,4,4,14,0.48769,0.09638,0.17973,clahe,28,7,7,12,28,12
01_06_09_04_0079.bmp,0,9,4,4,14,0.48149,0.10004,0.10285,clahe,28,24,24,18,28,13
01_06_09_04_0080.bmp,0,9,4,4,14,0.45245,0.11772,0.11445,passthrough,18,18,18,18,18,18
01_06_09_04_0084.bmp,0,9,4,4,14,0.44203,0.08988,0.0,clahe,28,1,1,12,28,12
01_06_09_04_0085.bmp,0,9,4,4,14,0.44175,0.09641,0.09436,clahe,28,18,18,11,28,13
01_06_09_04_0088.bmp,0,9,4,4,14,0.38069,0.1062,0.05133,passthrough,13,13,24,25,13,13
01_11_09_04_0001.bmp,0,9,4,4,12,0.4886,0.11145,0.35885,passthrough,11,11,13,32,42,11
01_11_09_04_0006.bmp,0,9,4,4,12,0.50836,0.11819,0.311,passthrough,12,12,32,32,42,12
01_11_09_04_0010.bmp,0,9,4,4,12,0.51297,0.11217,0.37321,passthrough,38,38,13,38,42,38
01_11_09_04_0014.bmp,0,9,4,4,12,0.49347,0.09973,0.27857,clahe,42,1,1,11,42,32
01_11_09_04_0016.bmp,0,9,4,4,12,0.51833,0.10853,0.22667,passthrough,11,11,35,11,40,11
01_11_09_04_0023.bmp,0,9,4,4,12,0.51855,0.08127,0.18414,clahe,42,7,7,11,42,11
01_11_09_04_0026.bmp,0,9,4,4,12,0.49625,0.09821,0.2,clahe,11,32,32,32,11,32
01_11_09_04_0030.bmp,0,9,4,4,12,0.48753,0.11861,0.22667,passthrough,11,11,11,11,11,11
01_11_09_04_0032.bmp,0,9,4,4,12,0.46795,0.14104,0.26808,passthrough,32,32,1,32,11,32
01_11_09_04_0034.bmp,0,9,4,4,12,0.50731,0.1153,0.26808,passthrough,13,13,11,13,42,13
01_11_09_04_0036.bmp,0,9,4,4,12,0.4682,0.11048,0.19111,passthrough,11,11,40,11,28,11
01_11_09_04_0041.bmp,0,9,4,4,12,0.47739,0.1074,0.18881,passthrough,13,13,11,11,28,13
01_11_09_04_0045.bmp,0,9,4,4,12,0.46119,0.11585,0.19435,passthrough,13,13,1,1,18,13
01_11_09_04_0059.bmp,0,9,4,4,12,0.45593,0.13043,0.13616,passthrough,13,13,11,13,28,13
01_11_09_04_0067.bmp,0,9,4,4,12,0.46902,0.13216,0.14146,passthrough,13,13,13,13,18,13
01_11_09_04_0068.bmp,0,9,4,4,12,0.45368,0.13154,0.13974,passthrough,13,13,28,13,18,13
01_11_09_04_0069.bmp,0,9,4,4,12,0.45326,0.12642,0.137,passthrough,13,13,13,13,11,13
01_11_09_04_0074.bmp,0,9,4,4,12,0.45354,0.13974,0.10954,passthrough,13,13,26,13,11,13
01_12_09_04_0001.bmp,0,9,4,4,17,0.43477,0.08459,0.15909,clahe,42,13,13,12,42,13
01_12_09_04_0004.bmp,1,9,4,4,17,0.48479,0.06278,0.0,clahe,42,11,11,13,42,12
01_12_09_04_0005.bmp,0,9,4,4,17,0.48388,0.16812,0.16333,passthrough,13,13,17,13,42,13
01_12_09_04_0006.bmp,1,9,4,4,17,0.47314,0.08156,0.0,clahe,11,13,13,31,11,12
01_12_09_04_0007.bmp,0,9,4,4,17,0.46325,0.16878,0.20476,passthrough,13,13,17,13,42,13
01_12_09_04_0007.bmp,1,9,4,4,17,0.45294,0.07972,0.0,clahe,11,18,18,12,11,12
01_12_09_04_0010.bmp,1,9,4,4,17,0.47329,0.05573,0.0,clahe,42,18,18,12,42,12
01_12_09_04_0012.bmp,1,9,4,4,17,0.48993,0.06006,0.0,clahe,42,35,35,31,42,12
01_12_09_04_0013.bmp,0,9,4,4,17,0.47569,0.17919,0.21739,passthrough,11,11,28,11,18,11
01_12_09_04_0017.bmp,1,9,4,4,17,0.47813,0.06004,0.0,clahe,11,40,40,12,11,32
01_12_09_04_0018.bmp,0,9,4,4,17,0.4248,0.19331,0.14909,passthrough,7,7,7,7,28,7
01_12_09_04_0020.bmp,1,9,4,4,17,0.48301,0.04808,0.0,clahe,42,12,12,12,42,12
01_12_09_04_0021.bmp,0,9,4,4,17,0.40589,0.17348,0.08429,passthrough,13,13,13,13,18,13
01_12_09_04_0022.bmp,0,9,4,4,17,0.39989,0.17409,0.05747,passthrough,7,7,7,7,18,7
01_12_09_04_0024.bmp,1,9,4,4,17,0.51566,0.12374,0.08333,passthrough,12,12,18,12,12,12
01_12_09_04_0025.bmp,0,9,4,4,17,0.38077,0.19324,0.07152,passthrough,13,13,7,13,28,13
01_12_09_04_0028.bmp,0,9,4,4,17,0.46979,0.16613,0.21922,passthrough,13,13,13,13,18,13
01_12_09_04_0029.bmp,0,9,4,4,17,0.50788,0.11409,0.15823,passthrough,12,12,18,12,18,12
01_12_09_04_0029.bmp,1,9,4,4,17,0.49638,0.07106,0.08333,clahe,42,13,13,31,42,31
01_12_09_04_0033.bmp,0,9,4,4,17,0.49378,0.1212,0.15652,passthrough,13,13,18,18,18,13
01_12_09_04_0033.bmp,1,9,4,4,17,0.49216,0.07233,0.0,clahe,11,18,18,31,11,32
01_12_09_04_0034.bmp,0,9,4,4,17,0.49452,0.14802,0.16424,passthrough,13,13,24,12,18,13
01_12_09_04_0034.bmp,1,9,4,4,17,0.5008,0.07994,0.0,clahe,11,7,7,31,11,31
01_12_09_04_0038.bmp,0,9,4,4,17,0.46623,0.14829,0.25325,passthrough,11,11,24,11,13,11
01_12_09_04_0040.bmp,0,9,4,4,17,0.44856,0.15656,0.17764,passthrough,13,13,18,18,18,13
01_12_09_04_0042.bmp,0,9,4,4,17,0.41642,0.1799,0.12371,passthrough,13,13,13,18,13,13
01_12_09_04_0045.bmp,0,9,4,4,17,0.51845,0.10641,0.16667,passthrough,31,31,18,11,11,31
01_12_09_04_0049.bmp,0,9,4,4,17,0.50576,0.08671,0.20455,clahe,42,25,25,25,42,19
01_12_09_04_0050.bmp,0,9,4,4,17,0.48622,0.08431,0.12879,clahe,25,24,24,31,25,31
01_12_09_04_0052.bmp,0,9,4,4,17,0.4787,0.11165,0.12879,passthrough,19,19,18,36,18,19
01_12_09_04_0056.bmp,0,9,4,4,17,0.4948,0.10979,0.27682,passthrough,11,11,26,7,42,11
01_12_09_04_0057.bmp,0,9,4,4,17,0.49842,0.09148,0.10381,clahe,42,7,7,32,42,32
01_12_09_04_0061.bmp,0,9,4,4,17,0.49993,0.08815,0.14187,clahe,42,13,13,11,42,11
01_12_09_04_0063.bmp,0,9,4,4,17,0.48233,0.10738,0.22145,passthrough,13,13,22,13,11,13
01_12_09_04_0071.bmp,0,9,4,4,17,0.48351,0.10331,0.10364,clahe,28,13,13,32,28,11
01_12_09_04_0073.bmp,0,9,4,4,17,0.50373,0.12279,0.19429,passthrough,11,11,18,13,28,11
01_12_09_04_0076.bmp,0,9,4,4,17,0.4981,0.14037,0.16762,passthrough,25,25,11,25,28,25
01_12_09_04_0081.bmp,0,9,4,4,17,0.50325,0.13913,0.1488,passthrough,11,11,18,11,28,11
01_12_09_04_0082.bmp,0,9,4,4,17,0.5088,0.13883,0.1728,passthrough,11,11,11,11,11,11
01_12_09_04_0083.bmp,0,9,4,4,17,0.50695,0.13076,0.1376,passthrough,11,11,7,11,11,11
01_12_09_04_0092.bmp,0,9,4,4,17,0.49058,0.14079,0.09571,passthrough,13,13,18,11,18,13
01_12_09_04_0094.bmp,0,9,4,4,17,0.47394,0.14984,0.08571,passthrough,25,25,26,11,18,25
01_12_09_04_0096.bmp,0,9,4,4,17,0.49026,0.14016,0.07429,passthrough,13,13,11,13,13,13
01_12_09_04_0101.bmp,0,9,4,4,17,0.49025,0.14641,0.10575,passthrough,13,13,18,11,28,13
01_12_09_04_0102.bmp,0,9,4,4,17,0.49863,0.13969,0.08276,passthrough,13,13,13,17,42,13
01_12_09_04_0104.bmp,0,9,4,4,17,0.47205,0.15729,0.08009,passthrough,11,11,18,11,11,11
01_12_09_04_0105.bmp,0,9,4,4,17,0.47371,0.16316,0.06229,stretch,7,7,7,11,28,11
01_12_09_04_0111.bmp,0,9,4,4,17,0.4877,0.15011,0.06138,stretch,25,25,13,11,20,11
01_13_09_04_0003.bmp,0,9,4,4,13,0.59002,0.13432,0.21154,passthrough,12,12,13,12,42,12
01_13_09_04_0003.bmp,1,9,4,4,13,0.67526,0.15244,0.20667,passthrough,13,13,13,13,25,13
01_13_09_04_0004.bmp,1,9,4,4,13,0.66506,0.15456,0.20167,passthrough,13,13,13,13,13,13
01_13_09_04_0011.bmp,1,9,4,4,13,0.6575,0.16808,0.22802,passthrough,13,13,13,13,13,13
01_13_09_04_0013.bmp,0,9,4,4,13,0.5598,0.10353,0.28205,clahe,11,13,13,12,11,12
01_13_09_04_0014.bmp,1,9,4,4,13,0.64592,0.18767,0.2294,passthrough,13,13,13,13,13,13
01_13_09_04_0016.bmp,0,9,4,4,13,0.52376,0.09583,0.23718,clahe,42,13,13,12,42,12
01_13_09_04_0017.bmp,0,9,4,4,13,0.53009,0.07531,0.17949,clahe,42,13,13,12,42,12
01_13_09_04_0021.bmp,0,9,4,4,13,0.56375,0.0837,0.29487,clahe,11,13,13,12,11,12
01_13_09_04_0022.bmp,0,9,4,4,13,0.55161,0.10878,0.22436,passthrough,12,12,13,13,42,12
01_13_09_04_0024.bmp,0,9,4,4,13,0.5638,0.11652,0.28846,passthrough,12,12,40,12,42,12
01_13_09_04_0026.bmp,0,9,4,4,13,0.57059,0.12017,0.25641,passthrough,12,12,13,13,42,12
01_13_09_04_0026.bmp,1,9,4,4,13,0.62226,0.20239,0.20286,passthrough,13,13,13,13,13,13
01_13_09_04_0027.bmp,0,9,4,4,13,0.57914,0.13192,0.1859,passthrough,12,12,13,12,40,12
01_13_09_04_0028.bmp,0,9,4,4,13,0.56742,0.15654,0.30769,passthrough,13,13,13,13,42,13
01_13_09_04_0028.bmp,1,9,4,4,13,0.6186,0.18897,0.19792,passthrough,13,13,13,13,13,13
01_13_09_04_0032.bmp,1,9,4,4,13,0.62243,0.21167,0.22212,passthrough,13,13,13,13,13,13
01_13_09_04_0033.bmp,1,9,4,4,13,0.61885,0.20845,0.18182,passthrough,13,13,13,13,13,13
01_13_09_04_0034.bmp,0,9,4,4,13,0.5918,0.15872,0.19231,passthrough,12,12,35,13,42,12
01_13_09_04_0035.bmp,0,9,4,4,13,0.62393,0.13444,0.23077,passthrough,12,12,13,40,42,12
01_13_09_04_0035.bmp,1,9,4,4,13,0.62565,0.20966,0.16298,passthrough,13,13,13,13,13,13
01_13_09_04_0036.bmp,1,9,4,4,13,0.63796,0.19999,0.19165,passthrough,13,13,13,13,25,13
01_13_09_04_0037.bmp,0,9,4,4,13,0.62122,0.17136,0.33974,passthrough,13,13,13,13,25,13
01_13_09_04_0040.bmp,0,9,4,4,13,0.63534,0.15738,0.25641,passthrough,12,12,13,12,42,12
01_13_09_04_0040.bmp,1,9,4,4,13,0.63404,0.20598,0.19512,passthrough,13,13,13,13,13,13
01_13_09_04_0041.bmp,0,9,4,4,13,0.61035,0.15737,0.22105,passthrough,13,13,40,12,13,13
01_13_09_04_0042.bmp,0,9,4,4,13,0.60268,0.15988,0.23947,passthrough,13,13,13,12,13,13
01_13_09_04_0042.bmp,1,9,4,4,13,0.62904,0.20592,0.16307,passthrough,13,13,13,13,13,13
01_13_09_04_0044.bmp,1,9,4,4,13,0.61457,0.21827,0.17602,passthrough,13,13,13,13,13,13
01_13_09_04_0046.bmp,0,9,4,4,13,0.61042,0.16214,0.26316,passthrough,13,13,40,40,13,13
01_13_09_04_0051.bmp,0,9,4,4,13,0.60549,0.16248,0.19246,passthrough,13,13,35,40,40,13
01_13_09_04_0052.bmp,0,9,4,4,13,0.60524,0.16064,0.1981,passthrough,13,13,13,40,40,13
01_13_09_04_0054.bmp,0,9,4,4,13,0.61887,0.14399,0.21714,passthrough,13,13,13,13,13,13
01_13_09_04_0055.bmp,0,9,4,4,13,0.60931,0.15611,0.16952,passthrough,13,13,13,13,12,13
01_13_09_04_0056.bmp,0,9,4,4,13,0.60538,0.16053,0.1981,passthrough,13,13,13,40,40,13
01_13_09_04_0057.bmp,1,9,4,4,13,0.61274,0.20024,0.17185,passthrough,13,13,13,13,13,13
01_13_09_04_0058.bmp,0,9,4,4,13,0.60576,0.1555,0.20571,passthrough,13,13,13,12,40,13
01_13_09_04_0059.bmp,0,9,4,4,13,0.60489,0.15205,0.12,passthrough,13,13,13,13,40,13
01_13_09_04_0060.bmp,0,9,4,4,13,0.59402,0.16916,0.1181,passthrough,13,13,40,13,40,13
01_13_09_04_0060.bmp,1,9,4,4,13,0.59766,0.225,0.13404,passthrough,13,13,13,13,13,13
01_13_09_04_0061.bmp,1,9,4,4,13,0.59335,0.21788,0.18348,passthrough,13,13,13,13,13,13
01_13_09_04_0063.bmp,1,9,4,4,13,0.48782,0.07063,0.14286,clahe,12,11,11,11,12,11
01_13_09_04_0066.bmp,1,9,4,4,13,0.44416,0.06352,0.0,clahe,12,10,10,12,12,12
01_13_09_04_0067.bmp,1,9,4,4,13,0.48464,0.06361,0.0,clahe,12,12,12,12,12,12
01_13_09_04_0068.bmp,1,9,4,4,13,0.47604,0.06599,0.0,clahe,42,40,40,12,42,12
01_13_09_04_0069.bmp,1,9,4,4,13,0.45042,0.10518,0.0,clahe,42,12,12,12,42,12
01_13_09_04_0072.bmp,0,9,4,4,13,0.63292,0.1771,0.21485,passthrough,13,13,13,13,40,13
01_13_09_04_0072.bmp,1,9,4,4,13,0.45789,0.0579,0.0,clahe,11,18,18,12,11,12
01_13_09_04_0073.bmp,0,9,4,4,13,0.64164,0.15616,0.14687,passthrough,13,13,13,13,40,13
01_13_09_04_0073.bmp,1,9,4,4,13,0.495,0.06488,0.0,clahe,18,0,0,12,18,12
01_13_09_04_0074.bmp,0,9,4,4,13,0.64138,0.15967,0.2158,passthrough,13,13,13,13,13,13
01_13_09_04_0076.bmp,0,9,4,4,13,0.65302,0.13481,0.15789,passthrough,13,13,13,13,13,13
01_13_09_04_0078.bmp,0,9,4,4,13,0.65438,0.14359,0.15789,passthrough,13,13,13,13,13,13
01_13_09_04_0079.bmp,0,9,4,4,13,0.6579,0.1436,0.14634,passthrough,13,13,13,13,13,13
01_13_09_04_0079.bmp,1,9,4,4,13,0.50908,0.09771,0.07143,clahe,18,33,33,12,18,12
01_13_09_04_0082.bmp,1,9,4,4,13,0.54632,0.06531,0.0,clahe,12,13,13,12,12,12
01_13_09_04_0083.bmp,0,9,4,4,13,0.64797,0.14516,0.11277,passthrough,13,13,13,13,13,13
01_13_09_04_0084.bmp,0,9,4,4,13,0.6448,0.15237,0.10585,passthrough,13,13,13,13,13,13
01_13_09_04_0085.bmp,0,9,4,4,13,0.65426,0.13953,0.13752,passthrough,13,13,13,13,13,13
01_13_09_04_0087.bmp,0,9,4,4,13,0.64728,0.15587,0.16688,passthrough,13,13,13,13,13,13
01_13_09_04_0088.bmp,1,9,4,4,13,0.54949,0.08086,0.0,clahe,12,12,12,12,12,12
01_13_09_04_0089.bmp,1,9,4,4,13,0.52846,0.06858,0.0,clahe,42,18,18,12,42,12
01_13_09_04_0090.bmp,0,9,4,4,13,0.64499,0.14832,0.10717,passthrough,13,13,13,13,13,13
01_13_09_04_0090.bmp,1,9,4,4,13,0.5266,0.08576,0.0,clahe,42,12,12,12,42,12
01_13_09_04_0093.bmp,0,9,4,4,13,0.64449,0.154,0.09814,passthrough,13,13,13,13,18,13
01_13_09_04_0093.bmp,1,9,4,4,13,0.50282,0.0914,0.10084,clahe,12,12,12,12,12,12
01_13_09_04_0094.bmp,1,9,4,4,13,0.52906,0.0678,0.0,clahe,42,12,12,12,42,12
01_13_09_04_0095.bmp,0,9,4,4,13,0.64987,0.14492,0.08535,passthrough,13,13,13,13,18,13
01_13_09_04_0098.bmp,1,9,4,4,13,0.53204,0.10269,0.0,clahe,28,13,13,12,28,12
01_13_09_04_0099.bmp,1,9,4,4,13,0.54185,0.08833,0.16078,clahe,6,1,1,12,6,12
01_13_09_04_0100.bmp,0,9,4,4,13,0.646,0.15014,0.10691,passthrough,13,13,13,13,13,13
01_13_09_04_0101.bmp,0,9,4,4,13,0.64039,0.15037,0.12904,passthrough,13,13,13,13,13,13
01_13_09_04_0101.bmp,1,9,4,4,13,0.5466,0.07415,0.02206,clahe,42,11,11,12,42,12
01_13_09_04_0105.bmp,1,9,4,4,13,0.53364,0.07964,0.05882,clahe,6,35,35,12,6,12
01_13_09_04_0107.bmp,0,9,4,4,13,0.62512,0.18926,0.11356,passthrough,13,13,13,13,13,13
01_13_09_04_0108.bmp,0,9,4,4,13,0.63401,0.18676,0.12196,passthrough,13,13,40,13,25,13
01_13_09_04_0109.bmp,1,9,4,4,13,0.55136,0.11205,0.18435,passthrough,12,12,11,12,42,12
01_13_09_04_0110.bmp,0,9,4,4,13,0.59828,0.18198,0.10712,passthrough,13,13,13,13,40,13
01_13_09_04_0110.bmp,1,9,4,4,13,0.54166,0.08519,0.03162,clahe,12,40,40,12,12,12
01_13_09_04_0111.bmp,0,9,4,4,13,0.58392,0.18663,0.13404,passthrough,13,13,13,13,40,13
01_13_09_04_0112.bmp,0,9,4,4,13,0.57833,0.18773,0.09626,passthrough,13,13,13,13,25,13
01_13_09_04_0113.bmp,1,9,4,4,13,0.55628,0.12101,0.21007,passthrough,12,12,18,11,18,12
01_13_09_04_0114.bmp,1,9,4,4,13,0.55564,0.1234,0.2066,passthrough,12,12,13,12,20,12
01_13_09_04_0115.bmp,0,9,4,4,13,0.41828,0.08197,0.18333,clahe,25,12,12,12,25,12
01_13_09_04_0115.bmp,1,9,4,4,13,0.55251,0.15026,0.21875,passthrough,12,12,18,12,28,12
01_13_09_04_0116.bmp,1,9,4,4,13,0.55138,0.13017,0.12674,passthrough,12,12,1,12,28,12
01_13_09_04_0117.bmp,1,9,4,4,13,0.5566,0.13059,0.06944,stretch,12,12,18,12,28,12
01_13_09_04_0118.bmp,0,9,4,4,13,0.40163,0.11081,0.25128,passthrough,12,12,13,12,11,12
01_13_09_04_0118.bmp,1,9,4,4,13,0.5517,0.13305,0.14583,passthrough,12,12,13,12,28,12
01_13_09_04_0119.bmp,0,9,4,4,13,0.41395,0.10785,0.21875,passthrough,12,12,13,12,42,12
01_13_09_04_0119.bmp,1,9,4,4,13,0.53726,0.13843,0.18576,passthrough,12,12,18,12,28,12
01_13_09_04_0122.bmp,1,9,4,4,13,0.53371,0.12987,0.09538,passthrough,12,12,18,12,11,12
01_13_09_04_0123.bmp,0,9,4,4,13,0.38519,0.09857,0.08025,clahe,12,13,13,12,12,12
01_13_09_04_0124.bmp,0,9,4,4,13,0.37148,0.11565,0.185,passthrough,12,12,32,12,28,12
01_13_09_04_0124.bmp,1,9,4,4,13,0.53721,0.15367,0.21811,passthrough,12,12,18,12,28,12
01_13_09_04_0125.bmp,0,9,4,4,13,0.37676,0.11728,0.14512,passthrough,12,12,13,13,40,12
01_13_09_04_0125.bmp,1,9,4,4,13,0.53551,0.13274,0.10714,passthrough,12,12,18,12,40,12
01_13_09_04_0126.bmp,0,9,4,4,13,0.37091,0.12215,0.1157,passthrough,12,12,13,12,40,12
01_13_09_04_0128.bmp,1,9,4,4,13,0.52883,0.13812,0.1931,passthrough,12,12,18,12,28,12
01_13_09_04_0129.bmp,0,9,4,4,13,0.37587,0.09295,0.11826,clahe,40,13,13,12,40,12
01_13_09_04_0130.bmp,0,9,4,4,13,0.39161,0.09612,0.10615,clahe,28,11,11,11,28,12
01_13_09_04_0131.bmp,0,9,4,4,13,0.37729,0.08523,0.12571,clahe,28,13,13,12,28,12
01_13_09_04_0131.bmp,1,9,4,4,13,0.53186,0.13756,0.18542,passthrough,12,12,1,12,28,12
01_13_09_04_0132.bmp,0,9,4,4,13,0.37465,0.09123,0.10143,clahe,40,13,13,12,40,12
01_13_09_04_0133.bmp,1,9,4,4,13,0.52387,0.13942,0.18066,passthrough,11,11,18,12,40,11
01_13_09_04_0134.bmp,1,9,4,4,13,0.53468,0.12295,0.14617,passthrough,12,12,18,12,28,12
01_13_09_04_0136.bmp,1,9,4,4,13,0.53083,0.1384,0.21747,passthrough,12,12,13,12,28,12
01_13_09_04_0137.bmp,0,9,4,4,13,0.38669,0.10408,0.13584,clahe,18,13,13,12,18,12
01_13_09_04_0137.bmp,1,9,4,4,13,0.52199,0.13168,0.11319,passthrough,12,12,18,11,28,12
01_13_09_04_0138.bmp,0,9,4,4,13,0.37865,0.11942,0.09271,passthrough,13,13,13,12,18,13
01_13_09_04_0139.bmp,0,9,4,4,13,0.36482,0.13686,0.12868,passthrough,13,13,13,12,28,13
01_13_09_04_0139.bmp,1,9,4,4,13,0.53106,0.1291,0.11008,passthrough,12,12,13,12,12,12
01_13_09_04_0140.bmp,1,9,4,4,13,0.54366,0.10445,0.05061,clahe,12,18,18,12,12,12
01_13_09_04_0143.bmp,1,9,4,4,13,0.54361,0.09874,0.12384,clahe,28,13,13,12,28,12
01_13_09_04_0146.bmp,0,9,4,4,13,0.36611,0.12303,0.07597,passthrough,13,13,13,12,28,13
01_13_09_04_0149.bmp,0,9,4,4,13,0.36791,0.12998,0.07265,passthrough,13,13,13,12,12,13
01_13_09_04_0149.bmp,1,9,4,4,13,0.5466,0.11877,0.11282,passthrough,12,12,24,12,28,12
01_13_09_04_0150.bmp,0,9,4,4,13,0.37339,0.12505,0.08095,passthrough,13,13,13,13,40,13
01_13_09_04_0150.bmp,1,9,4,4,13,0.55181,0.11507,0.10696,passthrough,12,12,18,12,28,12
01_13_09_04_0151.bmp,0,9,4,4,13,0.35938,0.13232,0.0982,passthrough,13,13,13,13,28,13
01_13_09_04_0154.bmp,0,9,4,4,13,0.37284,0.12897,0.06898,passthrough,13,13,40,12,40,13
01_13_09_04_0154.bmp,1,9,4,4,13,0.56159,0.1035,0.08333,clahe,28,13,13,12,28,12
01_13_09_04_0155.bmp,0,9,4,4,13,0.36423,0.14071,0.08851,passthrough,13,13,13,13,28,13
01_13_09_04_0159.bmp,0,9,4,4,13,0.37797,0.14366,0.07087,passthrough,13,13,13,13,18,13
01_13_09_04_0160.bmp,0,9,4,4,13,0.3828,0.15204,0.06219,passthrough,13,13,13,12,13,13
01_13_09_04_0160.bmp,1,9,4,4,13,0.56194,0.12174,0.14881,passthrough,18,18,18,18,18,18
01_13_09_04_0162.bmp,1,9,4,4,13,0.56107,0.12068,0.18056,passthrough,12,12,13,12,28,12
01_13_09_04_0163.bmp,0,9,4,4,13,0.38963,0.16507,0.08366,passthrough,13,13,13,13,18,13
01_13_09_04_0164.bmp,0,9,4,4,13,0.40198,0.16852,0.08402,passthrough,13,13,13,13,13,13
01_13_09_04_0164.bmp,1,9,4,4,13,0.57012,0.12176,0.15146,passthrough,12,12,13,12,40,12
01_13_09_04_0165.bmp,0,9,4,4,13,0.38823,0.18051,0.06192,passthrough,13,13,13,13,13,13
01_13_09_04_0166.bmp,1,9,4,4,13,0.56961,0.12486,0.12963,passthrough,12,12,13,12,28,12
01_13_09_04_0168.bmp,1,9,4,4,13,0.56055,0.1346,0.18849,passthrough,12,12,18,12,28,12
01_13_09_04_0170.bmp,0,9,4,4,13,0.41589,0.0678,0.0,clahe,42,13,13,12,42,12
01_13_09_04_0170.bmp,1,9,4,4,13,0.5809,0.11609,0.1698,passthrough,12,12,13,12,2,12
01_13_09_04_0171.bmp,0,9,4,4,13,0.43532,0.05123,0.0,clahe,42,40,40,12,42,12
01_13_09_04_0172.bmp,0,9,4,4,13,0.45452,0.10038,0.2197,clahe,12,18,18,12,12,12
01_13_09_04_0172.bmp,1,9,4,4,13,0.57482,0.11749,0.15483,passthrough,18,18,18,12,28,18
01_13_09_04_0173.bmp,0,9,4,4,13,0.44228,0.0701,0.0,clahe,1,7,7,12,1,12
01_13_09_04_0173.bmp,1,9,4,4,13,0.5506,0.10769,0.1375,passthrough,12,12,18,12,18,12
01_13_09_04_0174.bmp,0,9,4,4,13,0.44688,0.0774,0.0,clahe,11,12,12,31,11,12
01_13_09_04_0174.bmp,1,9,4,4,13,0.52514,0.08497,0.09506,clahe,13,13,13,12,13,12
01_13_09_04_0175.bmp,1,9,4,4,13,0.53739,0.11975,0.16448,passthrough,13,13,13,13,1,13
01_13_09_04_0176.bmp,1,9,4,4,13,0.56392,0.11971,0.18987,passthrough,12,12,13,12,13,12
01_13_09_04_0177.bmp,1,9,4,4,13,0.57182,0.10887,0.07143,stretch,12,12,13,12,40,12
01_13_09_04_0178.bmp,0,9,4,4,13,0.47398,0.0613,0.0,clahe,42,18,18,12,42,12
01_13_09_04_0178.bmp,1,9,4,4,13,0.57689,0.10161,0.08364,clahe,20,13,13,12,20,12
01_13_09_04_0179.bmp,0,9,4,4,13,0.43363,0.06161,0.0,clahe,42,13,13,12,42,12
01_13_09_04_0179.bmp,1,9,4,4,13,0.58109,0.09862,0.06899,clahe,40,18,18,12,40,12
01_13_09_04_0180.bmp,0,9,4,4,13,0.44076,0.06606,0.0,clahe,42,12,12,12,42,12
01_13_09_04_0182.bmp,0,9,4,4,13,0.41604,0.06103,0.0,clahe,42,13,13,12,42,12
01_13_09_04_0182.bmp,1,9,4,4,13,0.57975,0.11442,0.10806,passthrough,12,12,13,12,28,12
01_13_09_04_0185.bmp,0,9,4,4,13,0.42739,0.07559,0.0,clahe,12,11,11,12,12,12
01_13_09_04_0193.bmp,1,9,4,4,13,0.57293,0.13447,0.17399,passthrough,11,11,13,12,28,11
01_13_09_04_0196.bmp,0,9,4,4,13,0.42296,0.07195,0.0,clahe,12,13,13,12,12,12
01_13_09_04_0197.bmp,1,9,4,4,13,0.57002,0.13293,0.116,passthrough,12,12,13,12,13,12
01_13_09_04_0199.bmp,0,9,4,4,13,0.40672,0.07251,0.0,clahe,12,13,13,12,12,12
01_13_09_04_0202.bmp,0,9,4,4,13,0.41683,0.09993,0.07143,clahe,42,13,13,12,42,12
01_13_09_04_0203.bmp,0,9,4,4,13,0.41541,0.08842,0.0,clahe,12,40,40,12,12,12
01_13_09_04_0206.bmp,0,9,4,4,13,0.40454,0.06759,0.0,clahe,40,40,40,12,40,12
01_13_09_04_0207.bmp,1,9,4,4,13,0.577,0.1269,0.12393,passthrough,12,12,13,12,40,12
01_13_09_04_0209.bmp,0,9,4,4,13,0.41892,0.09577,0.23529,clahe,40,13,13,12,40,12
01_13_09_04_0209.bmp,1,9,4,4,13,0.58624,0.11983,0.17521,passthrough,13,13,13,12,12,13
01_13_09_04_0210.bmp,1,9,4,4,13,0.59022,0.11106,0.12821,passthrough,12,12,13,12,40,12
01_13_09_04_0212.bmp,0,9,4,4,13,0.40389,0.07907,0.0,clahe,12,13,13,12,12,12
01_13_09_04_0212.bmp,1,9,4,4,13,0.58797,0.10718,0.07326,passthrough,12,12,13,12,13,12
01_13_09_04_0214.bmp,0,9,4,4,13,0.38356,0.0837,0.13019,clahe,25,40,40,12,25,13
01_13_09_04_0214.bmp,1,9,4,4,13,0.58087,0.11412,0.12576,passthrough,12,12,13,12,40,12
01_13_09_04_0215.bmp,1,9,4,4,13,0.58169,0.11224,0.15324,passthrough,12,12,13,12,13,12
01_13_09_04_0216.bmp,0,9,4,4,13,0.40751,0.10723,0.08154,passthrough,13,13,13,12,40,13
01_13_09_04_0216.bmp,1,9,4,4,13,0.58389,0.1162,0.13309,passthrough,12,12,13,12,40,12
01_13_09_04_0217.bmp,1,9,4,4,13,0.58219,0.12118,0.16911,passthrough,12,12,13,12,40,12
01_13_09_04_0219.bmp,1,9,4,4,13,0.58689,0.12529,0.15873,passthrough,12,12,13,12,40,12
01_13_09_04_0220.bmp,0,9,4,4,13,0.40843,0.12316,0.10036,passthrough,13,13,13,13,40,13
01_13_09_04_0221.bmp,0,9,4,4,13,0.4134,0.12036,0.1129,passthrough,13,13,13,13,40,13
01_13_09_04_0222.bmp,0,9,4,4,13,0.40318,0.13161,0.09052,passthrough,13,13,13,13,40,13
01_13_09_04_0223.bmp,1,9,4,4,13,0.58909,0.10777,0.11111,passthrough,12,12,13,12,40,12
01_13_09_04_0226.bmp,0,9,4,4,13,0.41154,0.12176,0.15819,passthrough,13,13,13,13,40,13
01_13_09_04_0227.bmp,0,9,4,4,13,0.41906,0.1247,0.08645,passthrough,13,13,13,13,20,13
01_13_09_04_0227.bmp,1,9,4,4,13,0.57717,0.12836,0.15018,passthrough,12,12,18,12,12,12
01_13_09_04_0231.bmp,0,9,4,4,13,0.43349,0.13328,0.14336,passthrough,13,13,24,13,28,13
01_13_09_04_0232.bmp,1,9,4,4,13,0.6125,0.12858,0.18132,passthrough,12,12,13,12,40,12
01_13_09_04_0233.bmp,0,9,4,4,13,0.4211,0.12587,0.088,passthrough,13,13,13,13,40,13
01_13_09_04_0235.bmp,0,9,4,4,13,0.43758,0.13824,0.12569,passthrough,13,13,13,13,18,13
01_13_09_04_0236.bmp,0,9,4,4,13,0.43382,0.15501,0.13435,passthrough,13,13,13,13,13,13
01_13_09_04_0236.bmp,1,9,4,4,13,0.6099,0.12753,0.14591,passthrough,12,12,13,12,20,12
01_13_09_04_0238.bmp,1,9,4,4,13,0.62753,0.10538,0.18071,clahe,2,13,13,12,2,12
01_13_09_04_0240.bmp,0,9,4,4,13,0.47435,0.19777,0.15246,passthrough,13,13,13,18,7,13
01_13_09_04_0240.bmp,1,9,4,4,13,0.5952,0.13717,0.18132,passthrough,13,13,13,13,40,13
01_13_09_04_0242.bmp,1,9,4,4,13,0.5878,0.14496,0.21368,passthrough,13,13,13,13,11,13
01_13_09_04_0244.bmp,1,9,4,4,13,0.59526,0.12764,0.16178,passthrough,12,12,13,12,40,12
01_13_09_04_0245.bmp,0,9,4,4,13,0.4678,0.21236,0.11965,passthrough,13,13,40,13,13,13
01_13_09_04_0246.bmp,0,9,4,4,13,0.47912,0.11405,0.06652,stretch,12,12,18,12,18,12
01_13_09_04_0246.bmp,1,9,4,4,13,0.59589,0.12305,0.16667,passthrough,12,12,13,12,40,12
01_13_09_04_0247.bmp,1,9,4,4,13,0.59276,0.13756,0.19292,passthrough,12,12,13,12,13,12
01_13_09_04_0249.bmp,0,9,4,4,13,0.48407,0.13347,0.09079,passthrough,13,13,13,13,13,13
01_13_09_04_0250.bmp,0,9,4,4,13,0.48415,0.15712,0.11978,passthrough,13,13,13,13,13,13
01_13_09_04_0251.bmp,0,9,4,4,13,0.48495,0.14923,0.14472,passthrough,13,13,13,13,13,13
01_13_09_04_0252.bmp,0,9,4,4,13,0.49011,0.15476,0.11916,passthrough,13,13,13,13,13,13
01_13_09_04_0253.bmp,0,9,4,4,13,0.49586,0.15747,0.13499,passthrough,13,13,13,13,13,13
01_13_09_04_0258.bmp,1,9,4,4,13,0.59296,0.11863,0.14896,passthrough,12,12,13,12,11,12
01_13_09_04_0259.bmp,1,9,4,4,13,0.59223,0.12878,0.17827,passthrough,12,12,13,12,40,12
01_13_09_04_0260.bmp,0,9,4,4,13,0.48537,0.13827,0.08288,passthrough,13,13,13,13,28,13
01_13_09_04_0261.bmp,0,9,4,4,13,0.47755,0.13126,0.0802,passthrough,13,13,13,13,13,13
01_13_09_04_0262.bmp,0,9,4,4,13,0.48538,0.13849,0.09396,passthrough,13,13,13,13,11,13
01_13_09_04_0263.bmp,1,9,4,4,13,0.59152,0.12386,0.16667,passthrough,12,12,13,12,20,12
01_13_09_04_0264.bmp,0,9,4,4,13,0.49089,0.13375,0.09113,passthrough,13,13,40,13,40,13
01_13_09_04_0264.bmp,1,9,4,4,13,0.58545,0.13465,0.21734,passthrough,12,12,13,12,13,12
01_13_09_04_0265.bmp,0,9,4,4,13,0.4793,0.13054,0.08412,passthrough,13,13,13,13,13,13
01_13_09_04_0266.bmp,1,9,4,4,13,0.58989,0.12325,0.10745,passthrough,12,12,13,12,40,12
01_13_09_04_0267.bmp,0,9,4,4,13,0.46839,0.12549,0.07606,passthrough,13,13,13,13,13,13
01_13_09_04_0267.bmp,1,9,4,4,13,0.59526,0.12408,0.15934,passthrough,12,12,13,12,40,12
01_13_09_04_0269.bmp,0,9,4,4,13,0.45301,0.11066,0.04937,stretch,13,13,13,13,13,13
01_13_09_04_0272.bmp,0,9,4,4,13,0.59403,0.1263,0.14591,passthrough,12,12,13,12,40,12
01_13_09_04_0273.bmp,0,9,4,4,13,0.59794,0.12177,0.16422,passthrough,12,12,13,12,40,12
01_13_09_04_0275.bmp,0,9,4,4,13,0.6001,0.11717,0.17888,passthrough,12,12,24,12,40,12
01_13_09_04_0278.bmp,0,9,4,4,13,0.59873,0.12165,0.1398,passthrough,12,12,13,12,12,12
01_13_09_04_0280.bmp,0,9,4,4,13,0.58758,0.13237,0.23199,passthrough,13,13,13,1,20,13
01_13_09_04_0287.bmp,0,9,4,4,13,0.58183,0.136,0.1685,passthrough,12,12,13,12,40,12
01_13_09_04_0289.bmp,0,9,4,4,13,0.58373,0.12779,0.14774,passthrough,13,13,13,13,40,13
01_13_09_04_0291.bmp,0,9,4,4,13,0.59313,0.11693,0.22405,passthrough,12,12,13,12,20,12
01_13_09_04_0299.bmp,0,9,4,4,13,0.57942,0.10913,0.07998,passthrough,12,12,13,12,40,12
01_13_09_04_0306.bmp,0,9,4,4,13,0.56322,0.1175,0.11866,passthrough,12,12,13,12,40,12
01_13_09_04_0308.bmp,0,9,4,4,13,0.55814,0.10451,0.06559,clahe,40,13,13,12,40,12
01_13_09_04_0311.bmp,0,9,4,4,13,0.56267,0.11494,0.1983,passthrough,12,12,24,12,40,12
01_13_09_04_0312.bmp,0,9,4,4,13,0.55828,0.10941,0.13182,passthrough,12,12,13,12,40,12
01_13_09_04_0314.bmp,0,9,4,4,13,0.56564,0.12175,0.23476,passthrough,13,13,13,13,28,13
01_13_09_04_0315.bmp,0,9,4,4,13,0.55827,0.10957,0.16222,passthrough,12,12,13,12,28,12
01_13_09_04_0316.bmp,0,9,4,4,13,0.56782,0.10204,0.09702,clahe,20,24,24,12,20,12
01_13_09_04_0327.bmp,0,9,4,4,13,0.58219,0.16177,0.16455,passthrough,13,13,13,13,40,13
01_13_09_04_0328.bmp,0,9,4,4,13,0.58551,0.15596,0.13002,passthrough,12,12,13,12,40,12
01_13_09_04_0333.bmp,0,9,4,4,13,0.59557,0.15822,0.13965,passthrough,18,18,13,18,28,18
01_13_09_04_0334.bmp,0,9,4,4,13,0.60301,0.15443,0.11052,passthrough,18,18,13,18,40,18
01_13_09_04_0336.bmp,0,9,4,4,13,0.59793,0.16626,0.20491,passthrough,12,12,13,18,28,12
01_13_09_04_0337.bmp,0,9,4,4,13,0.61039,0.1711,0.20984,passthrough,25,25,18,25,28,25
01_13_09_04_0342.bmp,0,9,4,4,13,0.64063,0.14355,0.2234,passthrough,13,13,13,13,40,13
01_13_09_04_0351.bmp,0,9,4,4,13,0.61076,0.17902,0.18549,passthrough,13,13,13,13,25,13
01_13_09_04_0352.bmp,0,9,4,4,13,0.60374,0.15998,0.12857,passthrough,13,13,13,12,1,13
01_13_09_04_0355.bmp,0,9,4,4,13,0.54768,0.13955,0.12201,passthrough,12,12,13,12,25,12
01_13_09_04_0361.bmp,0,9,4,4,13,0.48498,0.20263,0.09917,passthrough,13,13,13,13,13,13
01_13_09_04_0363.bmp,0,9,4,4,13,0.48055,0.203,0.06939,stretch,13,13,13,13,13,13
01_13_09_04_0366.bmp,0,9,4,4,13,0.46824,0.20834,0.06132,stretch,13,13,13,13,13,13
01_13_09_04_0369.bmp,0,9,4,4,13,0.4712,0.19469,0.11692,passthrough,13,13,13,13,13,13
01_13_09_04_0372.bmp,0,9,4,4,13,0.44472,0.17899,0.10506,passthrough,13,13,13,13,24,13
01_13_09_04_0375.bmp,0,9,4,4,13,0.46604,0.17464,0.13096,passthrough,13,13,13,13,13,13
01_13_09_04_0376.bmp,0,9,4,4,13,0.45125,0.18927,0.09177,passthrough,13,13,13,13,13,13
01_13_09_04_0377.bmp,0,9,4,4,13,0.45688,0.17405,0.06384,stretch,13,13,13,13,11,13
01_13_09_04_0381.bmp,0,9,4,4,13,0.50257,0.19197,0.11994,passthrough,13,13,13,13,13,13
01_13_09_04_0384.bmp,0,9,4,4,13,0.49197,0.17286,0.08007,passthrough,13,13,13,13,13,13
01_13_09_04_0389.bmp,0,9,4,4,13,0.46754,0.08593,0.28926,clahe,42,13,13,12,42,12
01_13_09_04_0392.bmp,0,9,4,4,13,0.47331,0.09669,0.2562,clahe,11,7,7,12,11,12
01_13_09_04_0395.bmp,0,9,4,4,13,0.50702,0.09537,0.19835,clahe,42,34,34,12,42,12
01_13_09_04_0398.bmp,0,9,4,4,13,0.50238,0.11033,0.26446,passthrough,12,12,13,12,42,12
01_13_09_04_0399.bmp,0,9,4,4,13,0.48744,0.09312,0.21488,clahe,42,13,13,12,42,12
01_13_09_04_0400.bmp,0,9,4,4,13,0.47707,0.15344,0.36364,passthrough,12,12,32,12,42,12
01_13_09_04_0401.bmp,0,9,4,4,13,0.51992,0.10322,0.2562,clahe,42,35,35,12,42,12
01_13_09_04_0405.bmp,0,9,4,4,13,0.48822,0.09145,0.2314,clahe,25,13,13,12,25,12
01_13_09_04_0409.bmp,0,9,4,4,13,0.48132,0.0949,0.0,clahe,42,13,13,12,42,12
01_13_09_04_0413.bmp,0,9,4,4,13,0.48365,0.13463,0.32231,passthrough,12,12,11,12,11,12
01_13_09_04_0418.bmp,0,9,4,4,13,0.46116,0.10086,0.2562,clahe,11,13,13,12,11,12
01_13_09_04_0424.bmp,0,9,4,4,13,0.50196,0.14653,0.22314,passthrough,12,12,13,12,42,12
01_13_09_04_0425.bmp,0,9,4,4,13,0.50805,0.12808,0.23967,passthrough,12,12,13,12,13,12
01_13_09_04_0429.bmp,0,9,4,4,13,0.51816,0.15459,0.29121,passthrough,12,12,13,12,12,12
01_13_09_04_0430.bmp,0,9,4,4,13,0.50817,0.14338,0.1978,passthrough,13,13,13,13,12,13
01_13_09_04_0432.bmp,0,9,4,4,13,0.50827,0.12115,0.17619,passthrough,12,12,13,13,40,12
01_13_09_04_0434.bmp,0,9,4,4,13,0.45976,0.16657,0.24762,passthrough,12,12,40,12,6,12
01_13_09_04_0439.bmp,0,9,4,4,13,0.49214,0.13099,0.18571,passthrough,13,13,40,13,11,13
01_13_09_04_0442.bmp,0,9,4,4,13,0.46134,0.15696,0.16667,passthrough,13,13,13,13,12,13
01_13_09_04_0443.bmp,0,9,4,4,13,0.47481,0.16565,0.20833,passthrough,12,12,13,13,11,12
01_13_09_04_0444.bmp,0,9,4,4,13,0.4661,0.1404,0.25735,passthrough,13,13,13,13,1,13
01_13_09_04_0448.bmp,0,9,4,4,13,0.46875,0.14009,0.16667,passthrough,12,12,13,12,1,12
01_13_09_04_0450.bmp,0,9,4,4,13,0.4658,0.15816,0.23099,passthrough,13,13,13,13,13,13
01_13_09_04_0452.bmp,0,9,4,4,13,0.48414,0.12002,0.17293,passthrough,13,13,40,13,28,13
01_13_09_04_0455.bmp,0,9,4,4,13,0.46211,0.14517,0.16087,passthrough,13,13,13,13,11,13
01_13_09_04_0456.bmp,0,9,4,4,13,0.47588,0.14172,0.2013,passthrough,12,12,35,12,36,12
01_13_09_04_0461.bmp,0,9,4,4,13,0.511,0.13599,0.13478,passthrough,13,13,40,12,40,13
01_13_09_04_0462.bmp,0,9,4,4,13,0.52339,0.14394,0.17787,passthrough,13,13,40,40,40,13
01_13_09_04_0463.bmp,0,9,4,4,13,0.51077,0.17389,0.21344,passthrough,13,13,13,13,40,13
01_13_09_04_0464.bmp,0,9,4,4,13,0.51899,0.18572,0.19368,passthrough,13,13,13,13,40,13
01_13_09_04_0465.bmp,0,9,4,4,13,0.53575,0.17384,0.1763,passthrough,13,13,13,13,40,13
01_13_09_04_0466.bmp,0,9,4,4,13,0.5473,0.17068,0.11852,passthrough,13,13,13,13,40,13
01_13_09_04_0471.bmp,0,9,4,4,13,0.53281,0.16474,0.14943,passthrough,13,13,13,13,40,13
01_13_09_04_0473.bmp,0,9,4,4,13,0.52305,0.1634,0.17457,passthrough,13,13,13,13,28,13
01_13_09_04_0475.bmp,0,9,4,4,13,0.51299,0.1416,0.13193,passthrough,13,13,13,13,11,13
01_13_09_04_0476.bmp,0,9,4,4,13,0.49613,0.14765,0.11685,passthrough,13,13,13,13,13,13
01_13_09_04_0480.bmp,0,9,4,4,13,0.48982,0.12855,0.11734,passthrough,13,13,13,13,28,13
01_13_09_04_0485.bmp,0,9,4,4,13,0.45791,0.12898,0.09787,passthrough,13,13,13,12,18,13
01_13_09_04_0486.bmp,0,9,4,4,13,0.45525,0.11839,0.08955,passthrough,13,13,13,13,40,13
01_13_09_04_0490.bmp,0,9,4,4,13,0.4806,0.1205,0.09679,passthrough,13,13,13,13,40,13
01_13_09_04_0492.bmp,0,9,4,4,13,0.47026,0.14044,0.12879,passthrough,13,13,13,13,13,13
01_13_09_04_0495.bmp,0,9,4,4,13,0.4501,0.14575,0.12638,passthrough,13,13,13,13,13,13
01_13_09_04_0497.bmp,0,9,4,4,13,0.45154,0.13235,0.11459,passthrough,13,13,13,13,13,13
01_13_09_04_0499.bmp,0,9,4,4,13,0.4589,0.13181,0.10439,passthrough,13,13,13,13,18,13
01_13_09_04_0500.bmp,0,9,4,4,13,0.4733,0.12708,0.06804,stretch,13,13,13,13,13,13
01_13_09_04_0501.bmp,0,9,4,4,13,0.46131,0.12895,0.07692,passthrough,13,13,13,13,13,13
01_13_09_04_0505.bmp,0,9,4,4,13,0.47119,0.11392,0.05704,stretch,13,13,13,13,18,13
01_13_09_04_0508.bmp,0,9,4,4,13,0.46745,0.11683,0.06934,stretch,13,13,13,13,13,13
01_13_09_04_0510.bmp,0,9,4,4,13,0.4699,0.12073,0.06991,stretch,13,13,13,13,24,13
01_13_09_04_0511.bmp,0,9,4,4,13,0.47534,0.12051,0.06058,stretch,13,13,13,13,24,13
01_13_09_04_0514.bmp,0,9,4,4,13,0.44941,0.11636,0.03771,stretch,13,13,13,13,40,13
01_13_09_04_0516.bmp,0,9,4,4,13,0.48441,0.08642,0.23077,clahe,42,18,18,12,42,12
01_13_09_04_0519.bmp,0,9,4,4,13,0.51581,0.10073,0.30769,clahe,42,18,18,12,42,12
01_13_09_04_0521.bmp,0,9,4,4,13,0.5146,0.08462,0.18182,clahe,42,18,18,12,42,12
01_13_09_04_0523.bmp,0,9,4,4,13,0.48543,0.08125,0.0,clahe,13,11,11,12,13,12
01_13_09_04_0525.bmp,0,9,4,4,13,0.50017,0.10943,0.09868,passthrough,12,12,18,12,11,12
01_13_09_04_0526.bmp,0,9,4,4,13,0.50051,0.07427,0.09091,clahe,42,35,35,12,42,12
01_13_09_04_0533.bmp,0,9,4,4,13,0.56477,0.11357,0.11458,passthrough,12,12,18,12,42,12
01_13_09_04_0537.bmp,0,9,4,4,13,0.52796,0.14899,0.21481,passthrough,12,12,40,12,11,12
01_13_09_04_0538.bmp,0,9,4,4,13,0.45907,0.07513,0.14685,clahe,42,13,13,12,42,12
01_13_09_04_0539.bmp,0,9,4,4,13,0.54495,0.11615,0.02593,stretch,12,12,40,12,40,12
01_13_09_04_0542.bmp,0,9,4,4,13,0.49028,0.08948,0.1049,clahe,42,40,40,12,42,12
01_13_09_04_0544.bmp,0,9,4,4,13,0.42567,0.11409,0.22378,passthrough,13,13,13,13,42,13
01_13_09_04_0545.bmp,0,9,4,4,13,0.56721,0.10238,0.23958,clahe,42,12,12,12,42,12
01_13_09_04_0547.bmp,0,9,4,4,13,0.54239,0.10399,0.15625,clahe,13,40,40,12,13,12
01_13_09_04_0549.bmp,0,9,4,4,13,0.54639,0.08119,0.04248,clahe,12,40,40,12,12,12
01_13_09_04_0550.bmp,0,9,4,4,13,0.47078,0.11676,0.0,stretch,12,12,35,12,42,12
01_13_09_04_0554.bmp,0,9,4,4,13,0.46798,0.08373,0.0,clahe,42,13,13,12,42,12
01_13_09_04_0557.bmp,0,9,4,4,13,0.55371,0.09058,0.05833,clahe,11,18,18,12,11,12
01_13_09_04_0559.bmp,0,9,4,4,13,0.52153,0.10503,0.20556,clahe,18,12,12,12,18,12
01_13_09_04_0561.bmp,0,9,4,4,13,0.52918,0.0882,0.075,clahe,12,13,13,12,12,12
01_13_09_04_0564.bmp,0,9,4,4,13,0.475,0.0814,0.0,clahe,42,40,40,12,42,12
01_13_09_04_0565.bmp,0,9,4,4,13,0.54783,0.09112,0.09524,clahe,12,12,12,12,12,12
01_13_09_04_0566.bmp,0,9,4,4,13,0.43762,0.07021,0.18132,clahe,42,13,13,12,42,12
01_13_09_04_0567.bmp,0,9,4,4,13,0.53316,0.09101,0.09866,clahe,28,13,13,12,28,12
01_13_09_04_0570.bmp,0,9,4,4,13,0.48083,0.08539,0.07692,clahe,42,13,13,12,42,12
01_13_09_04_0571.bmp,0,9,4,4,13,0.51008,0.08913,0.04181,clahe,40,40,40,12,40,12
01_13_09_04_0573.bmp,0,9,4,4,13,0.51322,0.09383,0.22478,clahe,28,13,13,12,28,12
01_13_09_04_0581.bmp,0,9,4,4,13,0.50286,0.08925,0.0868,clahe,40,13,13,12,40,12
01_13_09_04_0584.bmp,0,9,4,4,13,0.43034,0.07083,0.0,clahe,42,35,35,12,42,12
01_13_09_04_0586.bmp,0,9,4,4,13,0.41537,0.08568,0.0,clahe,42,13,13,12,42,12
01_13_09_04_0588.bmp,0,9,4,4,13,0.41061,0.10445,0.18552,clahe,6,13,13,12,6,12
01_13_09_04_0589.bmp,0,9,4,4,13,0.47566,0.11766,0.1392,passthrough,13,13,13,13,28,13
01_13_09_04_0590.bmp,0,9,4,4,13,0.40559,0.07285,0.09955,clahe,12,13,13,12,12,12
01_13_09_04_0592.bmp,0,9,4,4,13,0.40335,0.09552,0.11765,clahe,42,13,13,12,42,32
01_13_09_04_0594.bmp,0,9,4,4,13,0.3894,0.09604,0.11146,clahe,42,13,13,12,42,13
01_13_09_04_0595.bmp,0,9,4,4,13,0.48337,0.08812,0.0658,clahe,28,13,13,12,28,12
01_13_09_04_0600.bmp,0,9,4,4,13,0.50052,0.11159,0.13514,passthrough,12,12,18,18,18,12
01_13_09_04_0601.bmp,0,9,4,4,13,0.47468,0.11189,0.1539,passthrough,13,13,13,11,28,13
01_13_09_04_0605.bmp,0,9,4,4,13,0.50621,0.11035,0.10598,passthrough,12,12,12,12,28,12
01_13_09_04_0607.bmp,0,9,4,4,13,0.49965,0.0995,0.10659,clahe,18,18,18,18,18,13
01_13_09_04_0609.bmp,0,9,4,4,13,0.48922,0.11801,0.11685,passthrough,13,13,13,12,18,13
01_13_09_04_0610.bmp,0,9,4,4,13,0.51136,0.10247,0.06845,clahe,18,1,1,18,18,13
01_13_09_04_0612.bmp,0,9,4,4,13,0.49181,0.10199,0.103,clahe,18,18,18,18,18,13
01_13_09_04_0625.bmp,0,9,4,4,13,0.50218,0.16727,0.07786,passthrough,13,13,13,13,11,13
01_03_09_05_0001.bmp,0,9,5,4,9,0.52501,0.07408,0.0,clahe,12,13,13,13,12,12
01_03_09_05_0006.bmp,0,9,5,4,9,0.49257,0.08162,0.13623,clahe,6,25,25,12,6,12
01_03_09_05_0012.bmp,0,9,5,4,9,0.51078,0.10512,0.06,clahe,42,13,13,12,42,12
01_03_09_05_0015.bmp,0,9,5,4,9,0.50459,0.07816,0.09465,clahe,42,34,34,16,42,16
01_03_09_05_0018.bmp,0,9,5,4,9,0.4971,0.09053,0.05672,clahe,25,40,40,12,25,12
01_03_09_05_0021.bmp,0,9,5,4,9,0.49338,0.09211,0.19925,clahe,42,11,11,16,42,12
01_03_09_05_0024.bmp,0,9,5,4,9,0.47732,0.09591,0.08947,clahe,12,11,11,12,12,12
01_03_09_05_0036.bmp,0,9,5,4,9,0.39098,0.06481,0.0,clahe,40,13,13,12,40,13
01_03_09_05_0042.bmp,0,9,5,4,9,0.39986,0.07198,0.0,clahe,6,40,40,12,6,12
01_03_09_05_0043.bmp,0,9,5,4,9,0.4171,0.05441,0.0,clahe,40,13,13,12,40,12
01_03_09_05_0044.bmp,0,9,5,4,9,0.3987,0.07448,0.01923,clahe,40,11,11,12,40,12
01_03_09_05_0046.bmp,0,9,5,4,9,0.41083,0.07249,0.00333,clahe,25,40,40,12,25,12
01_03_09_05_0048.bmp,0,9,5,4,9,0.41242,0.08754,0.04485,clahe,11,13,13,12,11,13
01_03_09_05_0050.bmp,0,9,5,4,9,0.40999,0.06794,0.02807,clahe,40,13,13,12,40,13
01_03_09_05_0051.bmp,0,9,5,4,9,0.39621,0.07472,0.04651,clahe,28,18,18,12,28,13
01_03_09_05_0055.bmp,0,9,5,4,9,0.39752,0.09364,0.0406,clahe,12,13,13,12,12,13
01_03_09_05_0056.bmp,0,9,5,4,9,0.40294,0.0696,0.00556,clahe,24,41,41,18,24,13
01_03_09_05_0058.bmp,0,9,5,4,9,0.41208,0.07805,0.05169,clahe,25,12,12,11,25,13
01_03_09_05_0061.bmp,0,9,5,4,9,0.40704,0.06169,0.00261,clahe,13,24,24,12,13,13
01_03_09_05_0062.bmp,0,9,5,4,9,0.41355,0.06818,0.00217,clahe,25,40,40,13,25,13
01_03_09_05_0066.bmp,0,9,5,4,9,0.41585,0.07286,0.02921,clahe,13,13,13,13,13,13
01_03_09_05_0068.bmp,0,9,5,4,9,0.41367,0.06041,0.0016,clahe,13,13,13,12,13,13
01_03_09_05_0069.bmp,0,9,5,4,9,0.42077,0.07057,0.02902,clahe,13,13,13,25,13,13
01_03_09_05_0072.bmp,0,9,5,4,9,0.41662,0.0716,0.02661,clahe,13,13,13,13,13,13
01_03_09_05_0075.bmp,0,9,5,4,9,0.42411,0.0781,0.02914,clahe,13,13,13,13,13,13
01_03_09_05_0077.bmp,0,9,5,4,9,0.43253,0.1007,0.03662,clahe,13,13,13,13,13,13
01_03_09_05_0078.bmp,0,9,5,4,9,0.43118,0.08967,0.03964,clahe,13,13,13,13,13,13
01_03_09_05_0082.bmp,0,9,5,4,9,0.43384,0.11506,0.02959,stretch,13,13,14,13,13,13
01_03_09_05_0083.bmp,0,9,5,4,9,0.43043,0.09054,0.0265,clahe,13,24,24,25,13,13
01_06_09_05_0002.bmp,1,9,5,4,14,0.56755,0.07046,0.21667,clahe,18,26,26,13,18,12
01_06_09_05_0003.bmp,1,9,5,4,14,0.61005,0.06583,0.1125,clahe,12,11,11,12,12,12
01_06_09_05_0004.bmp,1,9,5,4,14,0.55725,0.0521,0.0,clahe,12,20,20,12,12,12
01_06_09_05_0007.bmp,0,9,5,4,14,0.5511,0.10741,0.11787,passthrough,18,18,1,18,18,18
01_06_09_05_0007.bmp,1,9,5,4,14,0.59227,0.09193,0.06803,clahe,6,11,11,12,6,12
01_06_09_05_0012.bmp,0,9,5,4,14,0.52639,0.09878,0.15217,clahe,13,18,18,18,13,13
01_06_09_05_0012.bmp,1,9,5,4,14,0.62172,0.06464,0.05176,clahe,18,18,18,12,18,12
01_06_09_05_0013.bmp,1,9,5,4,14,0.59743,0.09195,0.08903,clahe,28,13,13,11,28,11
01_06_09_05_0014.bmp,0,9,5,4,14,0.54606,0.07966,0.06037,clahe,13,33,33,11,13,13
01_06_09_05_0015.bmp,0,9,5,4,14,0.54355,0.09122,0.19175,clahe,13,13,13,18,13,18
01_06_09_05_0015.bmp,1,9,5,4,14,0.58745,0.0923,0.16123,clahe,18,18,18,18,18,18
01_06_09_05_0016.bmp,1,9,5,4,14,0.60817,0.08407,0.0942,clahe,18,18,18,18,18,18
01_06_09_05_0017.bmp,1,9,5,4,14,0.60831,0.10029,0.16148,clahe,18,13,13,11,18,11
01_06_09_05_0021.bmp,0,9,5,4,14,0.49556,0.08421,0.09982,clahe,13,13,13,25,13,13
01_06_09_05_0022.bmp,1,9,5,4,14,0.61921,0.09744,0.0352,clahe,28,12,12,12,28,12
01_06_09_05_0024.bmp,0,9,5,4,14,0.47682,0.08025,0.12493,clahe,18,24,24,18,18,13
01_06_09_05_0026.bmp,1,9,5,4,14,0.57312,0.11297,0.10583,passthrough,11,11,12,18,28,11
01_06_09_05_0029.bmp,0,9,5,4,14,0.45434,0.11312,0.17895,passthrough,13,13,13,18,13,13
01_06_09_05_0029.bmp,1,9,5,4,14,0.56123,0.07684,0.06048,clahe,18,18,18,18,18,18
01_06_09_05_0030.bmp,0,9,5,4,14,0.46294,0.10141,0.09883,clahe,24,7,7,13,24,13
01_06_09_05_0030.bmp,1,9,5,4,14,0.55472,0.07719,0.03978,clahe,18,40,40,18,18,18
01_06_09_05_0031.bmp,0,9,5,4,14,0.48001,0.12188,0.14491,passthrough,13,13,13,18,18,13
01_06_09_05_0031.bmp,1,9,5,4,14,0.58846,0.09928,0.14354,clahe,6,40,40,12,6,12
01_06_09_05_0035.bmp,0,9,5,4,14,0.45273,0.11225,0.09338,passthrough,13,13,7,13,18,13
01_06_09_05_0037.bmp,1,9,5,4,14,0.54402,0.11593,0.19167,passthrough,12,12,18,12,42,12
01_06_09_05_0038.bmp,0,9,5,4,14,0.4366,0.10442,0.14619,clahe,13,7,7,13,13,13
01_06_09_05_0039.bmp,0,9,5,4,14,0.43538,0.10745,0.07766,passthrough,13,13,24,25,24,13
01_06_09_05_0039.bmp,1,9,5,4,14,0.57511,0.12587,0.04167,stretch,12,12,12,12,6,12
01_06_09_05_0040.bmp,1,9,5,4,14,0.53929,0.12034,0.032,stretch,12,12,35,12,6,12
01_06_09_05_0041.bmp,1,9,5,4,14,0.52845,0.12555,0.152,passthrough,12,12,18,12,42,12
01_06_09_05_0042.bmp,0,9,5,4,14,0.40358,0.07872,0.03182,clahe,13,13,13,13,13,13
01_06_09_05_0043.bmp,1,9,5,4,14,0.53346,0.08558,0.06845,clahe,42,10,10,12,42,12
01_06_09_05_0046.bmp,0,9,5,4,14,0.54121,0.07645,0.02051,clahe,6,40,40,12,6,12
01_06_09_05_0048.bmp,0,9,5,4,14,0.51172,0.09028,0.07919,clahe,18,13,13,12,18,12
01_06_09_05_0050.bmp,0,9,5,4,14,0.53606,0.06946,0.0553,clahe,12,40,40,12,12,12
01_06_09_05_0051.bmp,0,9,5,4,14,0.53283,0.11281,0.10807,passthrough,12,12,18,12,40,12
01_06_09_05_0055.bmp,0,9,5,4,14,0.55889,0.10464,0.08995,clahe,28,13,13,12,28,12
01_06_09_05_0056.bmp,0,9,5,4,14,0.56322,0.08563,0.1313,clahe,18,35,35,12,18,12
01_06_09_05_0059.bmp,0,9,5,4,14,0.57083,0.10157,0.10354,clahe,18,18,18,18,18,12
01_06_09_05_0064.bmp,0,9,5,4,14,0.53827,0.13077,0.0587,stretch,18,18,18,18,18,18
01_06_09_05_0066.bmp,0,9,5,4,14,0.53927,0.10847,0.07607,passthrough,12,12,7,12,28,12
01_06_09_05_0067.bmp,0,9,5,4,14,0.53174,0.12026,0.10865,passthrough,18,18,18,18,18,18
01_06_09_05_0068.bmp,0,9,5,4,14,0.50853,0.12504,0.12569,passthrough,12,12,18,12,18,12
01_06_09_05_0070.bmp,0,9,5,4,14,0.52662,0.12231,0.12621,passthrough,18,18,18,18,18,18
01_06_09_05_0074.bmp,0,9,5,4,14,0.5121,0.09486,0.15098,clahe,18,7,7,18,18,13
01_06_09_05_0075.bmp,0,9,5,4,14,0.49719,0.08631,0.0851,clahe,28,1,1,12,28,12
01_06_09_05_0076.bmp,0,9,5,4,14,0.48058,0.08914,0.13425,clahe,28,7,7,18,28,12
01_06_09_05_0080.bmp,0,9,5,4,14,0.44566,0.10627,0.02913,stretch,18,18,18,18,18,18
01_06_09_05_0085.bmp,0,9,5,4,14,0.43405,0.08406,0.0679,clahe,18,18,18,18,18,13
01_06_09_05_0088.bmp,0,9,5,4,14,0.37652,0.08928,0.02574,clahe,13,24,24,13,13,13
01_06_09_05_0089.bmp,0,9,5,4,14,0.38138,0.08865,0.02352,clahe,2,7,7,25,2,25
01_11_09_05_0002.bmp,0,9,5,4,12,0.47565,0.07598,0.2823,clahe,42,40,40,7,42,11
01_11_09_05_0003.bmp,0,9,5,4,12,0.50149,0.07256,0.21053,clahe,42,11,11,12,42,12
01_11_09_05_0013.bmp,0,9,5,4,12,0.52926,0.06803,0.0,clahe,42,13,13,12,42,12
01_11_09_05_0019.bmp,0,9,5,4,12,0.50106,0.10283,0.22667,clahe,42,11,11,35,42,11
01_11_09_05_0020.bmp,0,9,5,4,12,0.49493,0.08651,0.16333,clahe,42,18,18,11,42,11
01_11_09_05_0021.bmp,0,9,5,4,12,0.50888,0.09029,0.25575,clahe,11,18,18,18,11,11
01_11_09_05_0022.bmp,0,9,5,4,12,0.46473,0.10439,0.24041,clahe,12,18,18,13,12,11
01_11_09_05_0024.bmp,0,9,5,4,12,0.46322,0.08899,0.26667,clahe,11,11,11,12,11,12
01_11_09_05_0027.bmp,0,9,5,4,12,0.4949,0.11329,0.28667,passthrough,12,12,35,35,13,12
01_11_09_05_0028.bmp,0,9,5,4,12,0.48572,0.08145,0.06,clahe,42,35,35,12,42,12
01_11_09_05_0031.bmp,0,9,5,4,12,0.494,0.09159,0.16762,clahe,40,11,11,12,40,12
01_11_09_05_0033.bmp,0,9,5,4,12,0.46689,0.07431,0.19753,clahe,11,40,40,12,11,12
01_11_09_05_0038.bmp,0,9,5,4,12,0.45484,0.11331,0.17647,passthrough,11,11,11,12,18,11
01_11_09_05_0039.bmp,0,9,5,4,12,0.4199,0.09288,0.16327,clahe,18,35,35,18,18,13
01_11_09_05_0041.bmp,0,9,5,4,12,0.46707,0.09474,0.17483,clahe,28,37,37,11,28,13
01_11_09_05_0045.bmp,0,9,5,4,12,0.45185,0.09981,0.04597,clahe,28,18,18,12,28,13
01_11_09_05_0047.bmp,0,9,5,4,12,0.42441,0.11508,0.13567,passthrough,13,13,1,18,28,13
01_11_09_05_0049.bmp,0,9,5,4,12,0.42793,0.10184,0.14553,clahe,28,1,1,1,28,1
01_11_09_05_0050.bmp,0,9,5,4,12,0.41878,0.10432,0.17935,clahe,28,18,18,18,28,18
01_11_09_05_0052.bmp,0,9,5,4,12,0.45347,0.10387,0.15338,clahe,18,1,1,18,18,12
01_11_09_05_0060.bmp,0,9,5,4,12,0.4407,0.11485,0.13571,passthrough,13,13,13,11,28,13
01_11_09_05_0061.bmp,0,9,5,4,12,0.44521,0.10662,0.16562,passthrough,13,13,18,12,18,13
01_11_09_05_0062.bmp,0,9,5,4,12,0.45347,0.10331,0.12069,clahe,28,11,11,11,28,13
01_11_09_05_0064.bmp,0,9,5,4,12,0.44405,0.10138,0.12202,clahe,11,13,13,13,11,13
01_11_09_05_0065.bmp,0,9,5,4,12,0.43573,0.1021,0.11396,clahe,18,28,28,18,18,12
01_11_09_05_0069.bmp,0,9,5,4,12,0.44159,0.10557,0.09502,clahe,13,13,13,13,13,13
01_11_09_05_0077.bmp,0,9,5,4,12,0.42906,0.11329,0.09161,passthrough,13,13,13,13,13,13
01_11_09_05_0078.bmp,0,9,5,4,12,0.42301,0.12004,0.09355,passthrough,13,13,13,13,28,13
01_11_09_05_0080.bmp,0,9,5,4,12,0.42164,0.10287,0.07213,clahe,13,24,24,13,13,13
01_12_09_05_0002.bmp,0,9,5,4,17,0.45618,0.1211,0.11472,passthrough,13,13,18,13,28,13
01_12_09_05_0004.bmp,0,9,5,4,17,0.46463,0.13261,0.21667,passthrough,13,13,42,13,42,13
01_12_09_05_0005.bmp,0,9,5,4,17,0.47514,0.14861,0.10333,passthrough,11,11,18,12,11,11
01_12_09_05_0006.bmp,1,9,5,4,17,0.47068,0.07497,0.0,clahe,42,13,13,12,42,12
01_12_09_05_0009.bmp,0,9,5,4,17,0.46042,0.14894,0.10952,passthrough,7,7,13,13,28,7
01_12_09_05_0009.bmp,1,9,5,4,17,0.49955,0.11935,0.16667,passthrough,12,12,10,35,42,12
01_12_09_05_0011.bmp,0,9,5,4,17,0.44776,0.16367,0.10913,passthrough,7,7,7,13,18,7
01_12_09_05_0011.bmp,1,9,5,4,17,0.47908,0.06066,0.0,clahe,1,11,11,12,1,12
01_12_09_05_0012.bmp,0,9,5,4,17,0.43203,0.14683,0.09127,passthrough,13,13,7,12,28,13
01_12_09_05_0012.bmp,1,9,5,4,17,0.47885,0.0525,0.0,clahe,11,11,11,12,11,12
01_12_09_05_0013.bmp,0,9,5,4,17,0.46604,0.17142,0.21532,passthrough,11,11,18,18,18,11
01_12_09_05_0015.bmp,0,9,5,4,17,0.44282,0.1551,0.08075,passthrough,7,7,17,13,28,7
01_12_09_05_0017.bmp,1,9,5,4,17,0.4653,0.05961,0.0,clahe,11,11,11,31,11,12
01_12_09_05_0018.bmp,1,9,5,4,17,0.48598,0.07955,0.09091,clahe,12,11,11,12,12,12
01_12_09_05_0021.bmp,1,9,5,4,17,0.48883,0.06118,0.0,clahe,42,35,35,31,42,12
01_12_09_05_0022.bmp,1,9,5,4,17,0.51209,0.07744,0.0,clahe,12,11,11,12,12,12
01_12_09_05_0024.bmp,1,9,5,4,17,0.50876,0.10996,0.08333,passthrough,12,12,18,31,12,12
01_12_09_05_0025.bmp,1,9,5,4,17,0.48357,0.05339,0.0,clahe,12,18,18,12,12,12
01_12_09_05_0028.bmp,1,9,5,4,17,0.48583,0.04943,0.0,clahe,42,35,35,12,42,12
01_12_09_05_0032.bmp,0,9,5,4,17,0.47544,0.10981,0.08292,passthrough,12,12,13,12,18,12
01_12_09_05_0032.bmp,1,9,5,4,17,0.48473,0.08314,0.15152,clahe,11,13,13,13,11,38
01_12_09_05_0033.bmp,0,9,5,4,17,0.48644,0.10848,0.1393,passthrough,18,18,18,18,18,18
01_12_09_05_0033.bmp,1,9,5,4,17,0.49064,0.07005,0.0,clahe,42,13,13,35,42,12
01_12_09_05_0034.bmp,0,9,5,4,17,0.4837,0.12846,0.15382,passthrough,13,13,18,12,18,13
01_12_09_05_0035.bmp,0,9,5,4,17,0.4726,0.12246,0.18314,passthrough,13,13,24,18,18,13
01_12_09_05_0035.bmp,1,9,5,4,17,0.49528,0.09332,0.0,clahe,42,35,35,12,42,12
01_12_09_05_0036.bmp,1,9,5,4,17,0.44641,0.08847,0.14394,clahe,11,18,18,13,11,38
01_12_09_05_0037.bmp,0,9,5,4,17,0.46232,0.13463,0.16565,passthrough,13,13,24,18,28,13
01_12_09_05_0038.bmp,0,9,5,4,17,0.45513,0.13372,0.21284,passthrough,11,11,24,11,13,11
01_12_09_05_0040.bmp,0,9,5,4,17,0.44006,0.13821,0.14085,passthrough,13,13,18,18,18,13
01_12_09_05_0040.bmp,1,9,5,4,17,0.50918,0.04967,0.0,clahe,11,40,40,31,11,31
01_12_09_05_0041.bmp,0,9,5,4,17,0.45142,0.18903,0.13521,passthrough,13,13,13,18,18,13
01_12_09_05_0043.bmp,0,9,5,4,17,0.36972,0.10224,0.00504,clahe,7,26,26,13,7,13
01_12_09_05_0044.bmp,0,9,5,4,17,0.51001,0.0984,0.17424,clahe,42,11,11,35,42,11
01_12_09_05_0045.bmp,0,9,5,4,17,0.51616,0.09157,0.25,clahe,42,11,11,11,42,31
01_12_09_05_0051.bmp,0,9,5,4,17,0.47953,0.08823,0.11364,clahe,11,13,13,31,11,12
01_12_09_05_0052.bmp,0,9,5,4,17,0.47026,0.09813,0.0,clahe,1,11,11,13,1,38
01_12_09_05_0056.bmp,0,9,5,4,17,0.48921,0.09782,0.23529,clahe,42,18,18,11,42,11
01_12_09_05_0060.bmp,0,9,5,4,17,0.46623,0.09076,0.11419,clahe,12,26,26,13,12,11
01_12_09_05_0061.bmp,0,9,5,4,17,0.48461,0.07594,0.11073,clahe,42,18,18,18,42,13
01_12_09_05_0062.bmp,0,9,5,4,17,0.48341,0.10723,0.19723,passthrough,18,18,18,18,11,18
01_12_09_05_0068.bmp,0,9,5,4,17,0.48466,0.10241,0.18095,clahe,28,7,7,12,28,11
01_12_09_05_0072.bmp,0,9,5,4,17,0.46691,0.10318,0.10924,clahe,18,11,11,12,18,13
01_12_09_05_0075.bmp,0,9,5,4,17,0.48394,0.10949,0.11048,passthrough,11,11,11,11,28,11
01_12_09_05_0077.bmp,0,9,5,4,17,0.4897,0.11781,0.11619,passthrough,7,7,18,13,28,7
01_12_09_05_0078.bmp,0,9,5,4,17,0.4796,0.11532,0.1376,passthrough,7,7,11,7,28,7
01_12_09_05_0081.bmp,0,9,5,4,17,0.48759,0.12556,0.1328,passthrough,11,11,11,11,11,11
01_12_09_05_0082.bmp,0,9,5,4,17,0.49258,0.12374,0.1744,passthrough,11,11,11,11,11,11
01_12_09_05_0085.bmp,0,9,5,4,17,0.46744,0.11579,0.1744,passthrough,11,11,7,11,11,11
01_12_09_05_0086.bmp,0,9,5,4,17,0.49572,0.10935,0.1344,passthrough,11,11,18,11,28,11
01_12_09_05_0088.bmp,0,9,5,4,17,0.50032,0.11036,0.13333,passthrough,11,11,18,13,18,11
01_12_09_05_0092.bmp,0,9,5,4,17,0.46864,0.12635,0.06429,stretch,13,13,18,11,18,13
01_12_09_05_0093.bmp,0,9,5,4,17,0.47193,0.11709,0.05714,stretch,13,13,7,7,20,13
01_12_09_05_0097.bmp,0,9,5,4,17,0.47179,0.12152,0.09276,passthrough,13,13,11,7,28,13
01_12_09_05_0098.bmp,0,9,5,4,17,0.46647,0.11071,0.05995,stretch,13,13,13,11,28,13
01_12_09_05_0101.bmp,0,9,5,4,17,0.47629,0.13835,0.10115,passthrough,11,11,18,11,28,11
01_12_09_05_0105.bmp,0,9,5,4,17,0.45772,0.14865,0.099,passthrough,13,13,18,11,28,13
01_12_09_05_0107.bmp,0,9,5,4,17,0.46064,0.1195,0.05318,stretch,11,11,18,11,24,11
01_12_09_05_0112.bmp,0,9,5,4,17,0.47009,0.13886,0.08087,passthrough,7,7,28,11,28,7
01_12_09_05_0113.bmp,0,9,5,4,17,0.46702,0.1594,0.04656,stretch,7,7,7,7,18,7
01_13_09_05_0002.bmp,1,9,5,4,13,0.63286,0.17058,0.235,passthrough,13,13,13,13,12,13
01_13_09_05_0003.bmp,1,9,5,4,13,0.64208,0.13658,0.24167,passthrough,13,13,13,13,12,13
01_13_09_05_0005.bmp,1,9,5,4,13,0.64707,0.1569,0.25333,passthrough,13,13,13,13,13,13
01_13_09_05_0006.bmp,0,9,5,4,13,0.56785,0.08908,0.20513,clahe,12,35,35,12,12,12
01_13_09_05_0006.bmp,1,9,5,4,13,0.63347,0.16856,0.33379,passthrough,13,13,13,13,13,13
01_13_09_05_0007.bmp,1,9,5,4,13,0.63644,0.15654,0.28434,passthrough,13,13,13,13,28,13
01_13_09_05_0010.bmp,1,9,5,4,13,0.6233,0.14973,0.25824,passthrough,18,18,13,18,12,18
01_13_09_05_0013.bmp,0,9,5,4,13,0.54384,0.09211,0.16667,clahe,11,13,13,12,11,12
01_13_09_05_0014.bmp,1,9,5,4,13,0.60332,0.16377,0.2033,passthrough,13,13,13,13,13,13
01_13_09_05_0016.bmp,1,9,5,4,13,0.6141,0.17851,0.22949,passthrough,13,13,13,13,13,13
01_13_09_05_0022.bmp,0,9,5,4,13,0.52823,0.08236,0.17949,clahe,42,13,13,12,42,12
01_13_09_05_0024.bmp,0,9,5,4,13,0.54618,0.10328,0.24359,clahe,11,12,12,12,11,12
01_13_09_05_0024.bmp,1,9,5,4,13,0.60524,0.1921,0.21526,passthrough,13,13,13,13,13,13
01_13_09_05_0025.bmp,1,9,5,4,13,0.59183,0.16665,0.27143,passthrough,13,13,13,13,13,13
01_13_09_05_0026.bmp,0,9,5,4,13,0.55339,0.10748,0.21154,passthrough,12,12,13,12,42,12
01_13_09_05_0028.bmp,1,9,5,4,13,0.59345,0.17274,0.22049,passthrough,13,13,13,13,13,13
01_13_09_05_0029.bmp,1,9,5,4,13,0.59163,0.17146,0.19467,passthrough,13,13,13,13,11,13
01_13_09_05_0030.bmp,0,9,5,4,13,0.56277,0.15263,0.25641,passthrough,12,12,13,12,11,12
01_13_09_05_0031.bmp,1,9,5,4,13,0.60597,0.19395,0.23779,passthrough,13,13,13,13,13,13
01_13_09_05_0032.bmp,1,9,5,4,13,0.60526,0.20446,0.25253,passthrough,13,13,13,13,13,13
01_13_09_05_0034.bmp,0,9,5,4,13,0.57076,0.13345,0.1859,passthrough,12,12,13,12,40,12
01_13_09_05_0035.bmp,1,9,5,4,13,0.60234,0.2038,0.19247,passthrough,13,13,13,13,13,13
01_13_09_05_0037.bmp,0,9,5,4,13,0.59331,0.15183,0.34615,passthrough,12,12,13,13,42,12
01_13_09_05_0037.bmp,1,9,5,4,13,0.61917,0.1865,0.21267,passthrough,13,13,13,13,13,13
01_13_09_05_0038.bmp,0,9,5,4,13,0.60696,0.1594,0.26923,passthrough,12,12,13,40,40,12
01_13_09_05_0040.bmp,0,9,5,4,13,0.60933,0.14405,0.24359,passthrough,13,13,13,13,11,13
01_13_09_05_0043.bmp,1,9,5,4,13,0.59174,0.2019,0.19592,passthrough,13,13,13,13,12,13
01_13_09_05_0045.bmp,1,9,5,4,13,0.60165,0.1861,0.18012,passthrough,13,13,13,13,13,13
01_13_09_05_0047.bmp,0,9,5,4,13,0.59305,0.1413,0.23421,passthrough,13,13,13,13,40,13
01_13_09_05_0047.bmp,1,9,5,4,13,0.60308,0.19547,0.19184,passthrough,13,13,13,13,13,13
01_13_09_05_0048.bmp,0,9,5,4,13,0.58349,0.13894,0.23016,passthrough,13,13,13,40,13,13
01_13_09_05_0050.bmp,0,9,5,4,13,0.58945,0.16059,0.20238,passthrough,13,13,13,13,40,13
01_13_09_05_0052.bmp,0,9,5,4,13,0.58491,0.13698,0.19619,passthrough,13,13,35,13,40,13
01_13_09_05_0053.bmp,0,9,5,4,13,0.5686,0.1566,0.21143,passthrough,13,13,18,13,11,13
01_13_09_05_0054.bmp,0,9,5,4,13,0.6026,0.13562,0.21143,passthrough,13,13,13,13,13,13
01_13_09_05_0056.bmp,1,9,5,4,13,0.5921,0.17688,0.20162,passthrough,13,13,13,13,13,13
01_13_09_05_0058.bmp,0,9,5,4,13,0.58898,0.1445,0.18476,passthrough,13,13,13,13,13,13
01_13_09_05_0058.bmp,1,9,5,4,13,0.57615,0.17991,0.22126,passthrough,13,13,13,13,24,13
01_13_09_05_0059.bmp,0,9,5,4,13,0.59357,0.15415,0.12571,passthrough,13,13,40,13,40,13
01_13_09_05_0059.bmp,1,9,5,4,13,0.5824,0.19578,0.20174,passthrough,13,13,13,13,13,13
01_13_09_05_0060.bmp,0,9,5,4,13,0.57518,0.15662,0.1619,passthrough,13,13,13,13,40,13
01_13_09_05_0061.bmp,0,9,5,4,13,0.59135,0.15118,0.2096,passthrough,13,13,13,13,12,13
01_13_09_05_0061.bmp,1,9,5,4,13,0.57195,0.20448,0.1772,passthrough,13,13,13,13,13,13
01_13_09_05_0062.bmp,0,9,5,4,13,0.59331,0.14366,0.13778,passthrough,13,13,13,13,40,13
01_13_09_05_0062.bmp,1,9,5,4,13,0.56534,0.23467,0.15385,passthrough,13,13,13,13,13,13
01_13_09_05_0065.bmp,1,9,5,4,13,0.47479,0.05739,0.0,clahe,1,40,40,12,1,12
01_13_09_05_0067.bmp,1,9,5,4,13,0.47136,0.05881,0.0,clahe,12,18,18,12,12,12
01_13_09_05_0068.bmp,0,9,5,4,13,0.61365,0.14964,0.19098,passthrough,13,13,13,13,12,13
01_13_09_05_0068.bmp,1,9,5,4,13,0.46981,0.06434,0.0,clahe,12,13,13,12,12,12
01_13_09_05_0070.bmp,0,9,5,4,13,0.60207,0.17109,0.24536,passthrough,13,13,13,13,13,13
01_13_09_05_0071.bmp,0,9,5,4,13,0.61697,0.14017,0.23475,passthrough,13,13,13,13,40,13
01_13_09_05_0073.bmp,0,9,5,4,13,0.62489,0.14942,0.15326,passthrough,13,13,13,13,40,13
01_13_09_05_0074.bmp,0,9,5,4,13,0.62929,0.14925,0.20022,passthrough,13,13,13,13,13,13
01_13_09_05_0075.bmp,0,9,5,4,13,0.61088,0.14807,0.23525,passthrough,13,13,13,13,13,13
01_13_09_05_0078.bmp,1,9,5,4,13,0.47521,0.07282,0.0,clahe,42,18,18,12,42,12
01_13_09_05_0079.bmp,1,9,5,4,13,0.50509,0.07977,0.0,clahe,18,18,18,12,18,12
01_13_09_05_0080.bmp,1,9,5,4,13,0.48317,0.04914,0.0,clahe,12,18,18,12,12,12
01_13_09_05_0082.bmp,1,9,5,4,13,0.53077,0.06588,0.0,clahe,6,40,40,12,6,12
01_13_09_05_0084.bmp,0,9,5,4,13,0.62577,0.13361,0.12234,passthrough,13,13,13,13,18,13
01_13_09_05_0084.bmp,1,9,5,4,13,0.48331,0.07161,0.0,clahe,18,35,35,12,18,12
01_13_09_05_0085.bmp,0,9,5,4,13,0.63446,0.12138,0.15828,passthrough,13,13,13,13,13,13
01_13_09_05_0085.bmp,1,9,5,4,13,0.52731,0.10817,0.0,stretch,12,12,40,12,42,12
01_13_09_05_0086.bmp,1,9,5,4,13,0.47085,0.1089,0.21429,passthrough,12,12,18,12,6,12
01_13_09_05_0088.bmp,1,9,5,4,13,0.53169,0.07388,0.0,clahe,18,40,40,12,18,12
01_13_09_05_0089.bmp,0,9,5,4,13,0.62219,0.16095,0.13723,passthrough,13,13,13,13,13,13
01_13_09_05_0090.bmp,0,9,5,4,13,0.62786,0.13096,0.11325,passthrough,13,13,13,13,24,13
01_13_09_05_0090.bmp,1,9,5,4,13,0.52268,0.0774,0.0,clahe,42,13,13,12,42,12
01_13_09_05_0091.bmp,0,9,5,4,13,0.63833,0.13959,0.14855,passthrough,13,13,13,13,18,13
01_13_09_05_0091.bmp,1,9,5,4,13,0.50943,0.07581,0.0,clahe,42,12,12,12,42,12
01_13_09_05_0093.bmp,1,9,5,4,13,0.49132,0.08782,0.17647,clahe,6,11,11,12,6,12
01_13_09_05_0095.bmp,1,9,5,4,13,0.52475,0.06834,0.0,clahe,11,10,10,12,11,12
01_13_09_05_0096.bmp,1,9,5,4,13,0.51295,0.07323,0.0,clahe,6,11,11,12,6,12
01_13_09_05_0097.bmp,1,9,5,4,13,0.49232,0.08614,0.03782,clahe,12,35,35,12,12,12
01_13_09_05_0098.bmp,1,9,5,4,13,0.51811,0.09321,0.0,clahe,12,13,13,12,12,12
01_13_09_05_0100.bmp,0,9,5,4,13,0.62888,0.1389,0.10875,passthrough,13,13,13,13,18,13
01_13_09_05_0101.bmp,1,9,5,4,13,0.53329,0.06797,0.0,clahe,42,18,18,12,42,12
01_13_09_05_0102.bmp,0,9,5,4,13,0.63646,0.15566,0.1124,passthrough,13,13,13,13,13,13
01_13_09_05_0104.bmp,1,9,5,4,13,0.52199,0.082,0.0,clahe,18,18,18,12,18,12
01_13_09_05_0105.bmp,0,9,5,4,13,0.61928,0.14989,0.14497,passthrough,13,13,13,13,13,13
01_13_09_05_0106.bmp,0,9,5,4,13,0.62008,0.16022,0.13083,passthrough,13,13,13,13,18,13
01_13_09_05_0107.bmp,0,9,5,4,13,0.61018,0.17249,0.14389,passthrough,13,13,13,13,13,13
01_13_09_05_0110.bmp,1,9,5,4,13,0.52931,0.07756,0.01779,clahe,12,13,13,12,12,12
01_13_09_05_0112.bmp,0,9,5,4,13,0.56031,0.17022,0.09275,passthrough,13,13,13,13,40,13
01_13_09_05_0113.bmp,1,9,5,4,13,0.53746,0.10827,0.15104,passthrough,12,12,18,1,18,12
01_13_09_05_0115.bmp,1,9,5,4,13,0.53308,0.12948,0.10417,passthrough,12,12,18,12,28,12
01_13_09_05_0116.bmp,0,9,5,4,13,0.41229,0.07158,0.10096,clahe,42,11,11,12,42,12
01_13_09_05_0117.bmp,0,9,5,4,13,0.3797,0.10648,0.17143,passthrough,12,12,13,12,1,12
01_13_09_05_0117.bmp,1,9,5,4,13,0.53826,0.12091,0.11806,passthrough,12,12,18,12,28,12
01_13_09_05_0119.bmp,1,9,5,4,13,0.52431,0.13352,0.17535,passthrough,12,12,18,12,28,12
01_13_09_05_0120.bmp,0,9,5,4,13,0.40979,0.09367,0.08205,clahe,42,35,35,12,42,12
01_13_09_05_0120.bmp,1,9,5,4,13,0.51812,0.12072,0.10417,passthrough,12,12,18,12,28,12
01_13_09_05_0121.bmp,0,9,5,4,13,0.40279,0.07386,0.0,clahe,12,40,40,12,12,12
01_13_09_05_0121.bmp,1,9,5,4,13,0.49911,0.11512,0.10417,passthrough,12,12,13,12,11,12
01_13_09_05_0122.bmp,1,9,5,4,13,0.51933,0.11346,0.05846,stretch,12,12,13,12,28,12
01_13_09_05_0124.bmp,1,9,5,4,13,0.51876,0.13832,0.20302,passthrough,18,18,18,18,28,18
01_13_09_05_0128.bmp,0,9,5,4,13,0.37171,0.08115,0.0,clahe,28,13,13,12,28,13
01_13_09_05_0129.bmp,1,9,5,4,13,0.50602,0.10148,0.07356,clahe,13,13,13,12,13,12
01_13_09_05_0130.bmp,0,9,5,4,13,0.38673,0.0833,0.13077,clahe,18,11,11,12,18,13
01_13_09_05_0130.bmp,1,9,5,4,13,0.51003,0.1126,0.17471,passthrough,18,18,18,18,28,18
01_13_09_05_0131.bmp,0,9,5,4,13,0.3725,0.06665,0.08857,clahe,28,40,40,12,28,13
01_13_09_05_0134.bmp,0,9,5,4,13,0.36608,0.07764,0.09121,clahe,18,13,13,12,18,12
01_13_09_05_0135.bmp,1,9,5,4,13,0.52228,0.09309,0.08734,clahe,28,13,13,12,28,12
01_13_09_05_0137.bmp,0,9,5,4,13,0.38039,0.07649,0.03657,clahe,18,35,35,12,18,12
01_13_09_05_0137.bmp,1,9,5,4,13,0.50235,0.11591,0.12389,passthrough,12,12,18,12,28,12
01_13_09_05_0138.bmp,0,9,5,4,13,0.37665,0.09851,0.06146,clahe,28,13,13,12,28,13
01_13_09_05_0139.bmp,0,9,5,4,13,0.36169,0.10852,0.07721,passthrough,13,13,13,12,28,13
01_13_09_05_0140.bmp,1,9,5,4,13,0.5296,0.09222,0.08571,clahe,18,24,24,12,18,12
01_13_09_05_0142.bmp,1,9,5,4,13,0.52086,0.11222,0.11029,passthrough,18,18,18,18,2,18
01_13_09_05_0143.bmp,1,9,5,4,13,0.52579,0.08495,0.07198,clahe,28,12,12,12,28,12
01_13_09_05_0144.bmp,0,9,5,4,13,0.36182,0.08187,0.06064,clahe,18,13,13,12,18,13
01_13_09_05_0145.bmp,0,9,5,4,13,0.37037,0.08667,0.04974,clahe,28,40,40,12,28,13
01_13_09_05_0145.bmp,1,9,5,4,13,0.50238,0.1243,0.1308,passthrough,12,12,12,18,1,12
01_13_09_05_0147.bmp,1,9,5,4,13,0.53146,0.10966,0.12848,passthrough,18,18,1,18,28,18
01_13_09_05_0152.bmp,1,9,5,4,13,0.53253,0.09385,0.08278,clahe,28,28,28,12,28,12
01_13_09_05_0153.bmp,1,9,5,4,13,0.54404,0.10369,0.1033,clahe,28,11,11,12,28,12
01_13_09_05_0154.bmp,0,9,5,4,13,0.36725,0.08805,0.03782,clahe,13,13,13,12,13,13
01_13_09_05_0154.bmp,1,9,5,4,13,0.54159,0.0965,0.03604,clahe,28,13,13,12,28,12
01_13_09_05_0155.bmp,0,9,5,4,13,0.3602,0.10482,0.05493,clahe,24,13,13,12,24,13
01_13_09_05_0155.bmp,1,9,5,4,13,0.54154,0.10421,0.08476,clahe,28,28,28,18,28,12
01_13_09_05_0156.bmp,1,9,5,4,13,0.53467,0.10832,0.05068,stretch,12,12,13,12,28,12
01_13_09_05_0158.bmp,1,9,5,4,13,0.53248,0.11927,0.16328,passthrough,18,18,18,18,24,18
01_13_09_05_0159.bmp,1,9,5,4,13,0.54977,0.10726,0.0857,passthrough,12,12,13,12,12,12
01_13_09_05_0160.bmp,1,9,5,4,13,0.5473,0.1105,0.11442,passthrough,18,18,18,18,18,18
01_13_09_05_0161.bmp,0,9,5,4,13,0.37504,0.12466,0.0893,passthrough,13,13,24,13,18,13
01_13_09_05_0161.bmp,1,9,5,4,13,0.55364,0.09164,0.07937,clahe,40,13,13,12,40,12
01_13_09_05_0164.bmp,0,9,5,4,13,0.39337,0.13254,0.07263,passthrough,13,13,13,13,40,13
01_13_09_05_0165.bmp,1,9,5,4,13,0.54959,0.09329,0.08598,clahe,40,13,13,12,40,12
01_13_09_05_0166.bmp,0,9,5,4,13,0.3895,0.16757,0.1199,passthrough,13,13,13,13,18,13
01_13_09_05_0167.bmp,0,9,5,4,13,0.42507,0.14639,0.09667,passthrough,13,13,24,13,13,13
01_13_09_05_0167.bmp,1,9,5,4,13,0.54974,0.10765,0.17791,passthrough,12,12,13,12,1,12
01_13_09_05_0169.bmp,0,9,5,4,13,0.41955,0.05421,0.0,clahe,42,18,18,12,42,12
01_13_09_05_0173.bmp,1,9,5,4,13,0.53425,0.09645,0.1,clahe,18,18,18,18,18,18
01_13_09_05_0175.bmp,1,9,5,4,13,0.52003,0.1052,0.11257,clahe,28,13,13,18,28,18
01_13_09_05_0177.bmp,0,9,5,4,13,0.41031,0.06348,0.0,clahe,42,40,40,12,42,12
01_13_09_05_0177.bmp,1,9,5,4,13,0.55723,0.09968,0.07753,clahe,12,13,13,12,12,12
01_13_09_05_0180.bmp,0,9,5,4,13,0.43185,0.05722,0.0,clahe,42,40,40,12,42,12
01_13_09_05_0181.bmp,1,9,5,4,13,0.55668,0.1101,0.12393,passthrough,12,12,13,12,40,12
01_13_09_05_0186.bmp,1,9,5,4,13,0.56686,0.10218,0.17949,clahe,12,13,13,12,12,12
01_13_09_05_0187.bmp,0,9,5,4,13,0.43188,0.09608,0.09848,clahe,11,35,35,12,11,12
01_13_09_05_0191.bmp,0,9,5,4,13,0.4085,0.06601,0.0,clahe,42,35,35,12,42,12
01_13_09_05_0192.bmp,1,9,5,4,13,0.54711,0.11345,0.10867,passthrough,12,12,13,12,40,12
01_13_09_05_0194.bmp,0,9,5,4,13,0.47181,0.10466,0.0,clahe,42,35,35,12,42,12
01_13_09_05_0198.bmp,0,9,5,4,13,0.39916,0.09662,0.1369,clahe,18,35,35,12,18,12
01_13_09_05_0198.bmp,1,9,5,4,13,0.57895,0.10468,0.14774,clahe,28,24,24,12,28,12
01_13_09_05_0200.bmp,0,9,5,4,13,0.40152,0.06583,0.0,clahe,42,35,35,12,42,12
01_13_09_05_0200.bmp,1,9,5,4,13,0.57642,0.10223,0.15629,clahe,13,13,13,12,13,12
01_13_09_05_0203.bmp,1,9,5,4,13,0.56617,0.10861,0.11233,passthrough,12,12,13,12,40,12
01_13_09_05_0204.bmp,1,9,5,4,13,0.56629,0.10927,0.12332,passthrough,12,12,24,12,12,12
01_13_09_05_0205.bmp,1,9,5,4,13,0.56307,0.12521,0.15263,passthrough,12,12,18,12,18,12
01_13_09_05_0206.bmp,0,9,5,4,13,0.39463,0.05034,0.0,clahe,25,18,18,12,25,12
01_13_09_05_0209.bmp,0,9,5,4,13,0.4064,0.07056,0.0,clahe,6,13,13,12,6,12
01_13_09_05_0211.bmp,1,9,5,4,13,0.5668,0.09561,0.08791,clahe,28,18,18,12,28,12
01_13_09_05_0212.bmp,0,9,5,4,13,0.39525,0.06411,0.0,clahe,18,35,35,12,18,12
01_13_09_05_0213.bmp,0,9,5,4,13,0.37872,0.07358,0.0,clahe,12,13,13,12,12,12
01_13_09_05_0213.bmp,1,9,5,4,13,0.54497,0.12913,0.12759,passthrough,12,12,13,12,40,12
01_13_09_05_0215.bmp,1,9,5,4,13,0.56164,0.10167,0.15934,clahe,28,13,13,18,28,18
01_13_09_05_0216.bmp,0,9,5,4,13,0.39869,0.07357,0.07538,clahe,28,40,40,12,28,12
01_13_09_05_0219.bmp,0,9,5,4,13,0.39838,0.0874,0.08846,clahe,12,13,13,12,12,13
01_13_09_05_0219.bmp,1,9,5,4,13,0.56592,0.11585,0.13187,passthrough,12,12,13,12,40,12
01_13_09_05_0222.bmp,0,9,5,4,13,0.3932,0.10082,0.03879,clahe,40,13,13,12,40,13
01_13_09_05_0223.bmp,0,9,5,4,13,0.39449,0.10123,0.1404,clahe,18,13,13,12,18,13
01_13_09_05_0223.bmp,1,9,5,4,13,0.56633,0.09299,0.10684,clahe,18,13,13,12,18,12
01_13_09_05_0224.bmp,0,9,5,4,13,0.40291,0.09363,0.11828,clahe,12,13,13,18,12,13
01_13_09_05_0225.bmp,0,9,5,4,13,0.41611,0.10229,0.04948,clahe,13,13,13,12,13,13
01_13_09_05_0227.bmp,0,9,5,4,13,0.41158,0.1079,0.07912,passthrough,13,13,13,12,13,13
01_13_09_05_0227.bmp,1,9,5,4,13,0.56011,0.12026,0.1801,passthrough,12,12,13,12,12,12
01_13_09_05_0229.bmp,0,9,5,4,13,0.40538,0.09309,0.13431,clahe,28,13,13,18,28,13
01_13_09_05_0231.bmp,1,9,5,4,13,0.5914,0.11839,0.14408,passthrough,12,12,13,12,28,12
01_13_09_05_0233.bmp,0,9,5,4,13,0.40539,0.09446,0.05244,clahe,18,24,24,13,18,13
01_13_09_05_0239.bmp,0,9,5,4,13,0.43918,0.15189,0.17101,passthrough,13,13,13,13,13,13
01_13_09_05_0239.bmp,1,9,5,4,13,0.57906,0.11884,0.19048,passthrough,13,13,13,12,18,13
01_13_09_05_0240.bmp,1,9,5,4,13,0.57498,0.12606,0.13858,passthrough,13,13,13,12,28,13
01_13_09_05_0241.bmp,0,9,5,4,13,0.464,0.18316,0.19065,passthrough,13,13,13,18,13,13
01_13_09_05_0244.bmp,0,9,5,4,13,0.46078,0.19916,0.16336,passthrough,18,18,13,18,28,18
01_13_09_05_0244.bmp,1,9,5,4,13,0.57474,0.12452,0.16361,passthrough,12,12,13,12,40,12
01_13_09_05_0245.bmp,0,9,5,4,13,0.4511,0.18395,0.09621,passthrough,13,13,13,18,13,13
01_13_09_05_0248.bmp,0,9,5,4,13,0.45957,0.12699,0.07712,passthrough,13,13,13,13,13,13
01_13_09_05_0248.bmp,1,9,5,4,13,0.57014,0.11966,0.19353,passthrough,12,12,18,18,12,12
01_13_09_05_0249.bmp,1,9,5,4,13,0.57639,0.12562,0.09768,passthrough,13,13,13,12,28,13
01_13_09_05_0250.bmp,1,9,5,4,13,0.57767,0.12095,0.11355,passthrough,12,12,13,12,13,12
01_13_09_05_0251.bmp,1,9,5,4,13,0.56724,0.11674,0.13553,passthrough,12,12,1,12,1,12
01_13_09_05_0252.bmp,0,9,5,4,13,0.48037,0.12795,0.12495,passthrough,13,13,13,13,13,13
01_13_09_05_0253.bmp,0,9,5,4,13,0.48171,0.13103,0.10277,passthrough,13,13,13,13,13,13
01_13_09_05_0255.bmp,1,9,5,4,13,0.5738,0.11765,0.19963,passthrough,18,18,18,18,28,18
01_13_09_05_0256.bmp,0,9,5,4,13,0.47364,0.12277,0.07753,passthrough,13,13,13,13,13,13
01_13_09_05_0257.bmp,0,9,5,4,13,0.46775,0.13058,0.11032,passthrough,13,13,13,13,13,13
01_13_09_05_0257.bmp,1,9,5,4,13,0.57442,0.12195,0.17399,passthrough,12,12,18,12,28,12
01_13_09_05_0260.bmp,1,9,5,4,13,0.56013,0.1096,0.11722,passthrough,12,12,13,12,13,12
01_13_09_05_0261.bmp,0,9,5,4,13,0.46544,0.1155,0.05602,stretch,13,13,13,13,13,13
01_13_09_05_0262.bmp,1,9,5,4,13,0.57019,0.10783,0.06288,stretch,12,12,18,12,28,12
01_13_09_05_0263.bmp,1,9,5,4,13,0.56755,0.11434,0.10134,passthrough,12,12,13,12,13,12
01_13_09_05_0266.bmp,1,9,5,4,13,0.5726,0.11584,0.09646,passthrough,12,12,13,12,13,12
01_13_09_05_0267.bmp,1,9,5,4,13,0.57844,0.11738,0.16056,passthrough,12,12,13,13,28,12
01_13_09_05_0268.bmp,0,9,5,4,13,0.4375,0.11619,0.03127,stretch,13,13,40,13,13,13
01_13_09_05_0268.bmp,1,9,5,4,13,0.57191,0.11161,0.11233,passthrough,12,12,13,12,24,12
01_13_09_05_0269.bmp,0,9,5,4,13,0.43642,0.09232,0.02974,clahe,13,13,13,13,13,13
01_13_09_05_0272.bmp,0,9,5,4,13,0.57312,0.11537,0.12149,passthrough,12,12,13,12,40,12
01_13_09_05_0276.bmp,0,9,5,4,13,0.56314,0.12887,0.17766,passthrough,12,12,13,12,12,12
01_13_09_05_0277.bmp,0,9,5,4,13,0.57393,0.12444,0.12332,passthrough,18,18,13,12,18,18
01_13_09_05_0279.bmp,0,9,5,4,13,0.58044,0.11567,0.20085,passthrough,13,13,24,13,28,13
01_13_09_05_0281.bmp,0,9,5,4,13,0.57674,0.11321,0.11844,passthrough,12,12,18,12,28,12
01_13_09_05_0285.bmp,0,9,5,4,13,0.57445,0.12529,0.19109,passthrough,18,18,13,18,40,18
01_13_09_05_0286.bmp,0,9,5,4,13,0.58051,0.09883,0.08181,clahe,40,13,13,18,40,18
01_13_09_05_0287.bmp,0,9,5,4,13,0.56569,0.12616,0.1685,passthrough,13,13,18,13,12,13
01_13_09_05_0291.bmp,0,9,5,4,13,0.57091,0.10609,0.17277,clahe,28,13,13,18,28,12
01_13_09_05_0293.bmp,0,9,5,4,13,0.57025,0.10527,0.11661,clahe,13,13,13,12,13,12
01_13_09_05_0294.bmp,0,9,5,4,13,0.55445,0.11554,0.20757,passthrough,12,12,13,13,28,12
01_13_09_05_0295.bmp,0,9,5,4,13,0.5644,0.11558,0.14469,passthrough,13,13,13,18,13,13
01_13_09_05_0296.bmp,0,9,5,4,13,0.56118,0.11227,0.16667,passthrough,13,13,18,18,18,13
01_13_09_05_0297.bmp,0,9,5,4,13,0.57033,0.10046,0.08303,clahe,12,40,40,12,12,12
01_13_09_05_0302.bmp,0,9,5,4,13,0.55337,0.11425,0.18008,passthrough,18,18,13,18,28,18
01_13_09_05_0304.bmp,0,9,5,4,13,0.54321,0.10852,0.13298,passthrough,12,12,13,11,40,12
01_13_09_05_0305.bmp,0,9,5,4,13,0.5437,0.10721,0.06023,stretch,12,12,13,12,18,12
01_13_09_05_0306.bmp,0,9,5,4,13,0.54311,0.10295,0.10435,clahe,18,18,18,12,18,12
01_13_09_05_0310.bmp,0,9,5,4,13,0.5521,0.10093,0.10793,clahe,18,18,18,18,18,18
01_13_09_05_0311.bmp,0,9,5,4,13,0.54495,0.10545,0.11989,clahe,28,13,13,12,28,12
01_13_09_05_0312.bmp,0,9,5,4,13,0.53854,0.09786,0.09545,clahe,28,1,1,12,28,12
01_13_09_05_0313.bmp,0,9,5,4,13,0.54897,0.09718,0.07371,clahe,28,18,18,12,28,12
01_13_09_05_0317.bmp,0,9,5,4,13,0.53892,0.09873,0.11924,clahe,28,13,13,12,28,12
01_13_09_05_0322.bmp,0,9,5,4,13,0.5675,0.11085,0.0835,passthrough,12,12,40,12,40,12
01_13_09_05_0326.bmp,0,9,5,4,13,0.56643,0.15808,0.12267,passthrough,13,13,13,18,28,13
01_13_09_05_0328.bmp,0,9,5,4,13,0.56293,0.13771,0.15092,passthrough,12,12,13,12,28,12
01_13_09_05_0330.bmp,0,9,5,4,13,0.56825,0.15636,0.10361,passthrough,12,12,13,12,40,12
01_13_09_05_0337.bmp,0,9,5,4,13,0.59088,0.16231,0.23547,passthrough,25,25,13,25,28,25
01_13_09_05_0338.bmp,0,9,5,4,13,0.59287,0.17188,0.17377,passthrough,13,13,13,13,28,13
01_13_09_05_0339.bmp,0,9,5,4,13,0.60189,0.156,0.23169,passthrough,13,13,13,13,40,13
01_13_09_05_0343.bmp,0,9,5,4,13,0.61378,0.14131,0.18355,passthrough,13,13,13,12,28,13
01_13_09_05_0349.bmp,0,9,5,4,13,0.6222,0.15942,0.15713,passthrough,13,13,13,25,13,13
01_13_09_05_0351.bmp,0,9,5,4,13,0.59494,0.16903,0.19714,passthrough,13,13,13,13,13,13
01_13_09_05_0353.bmp,0,9,5,4,13,0.56623,0.14975,0.12966,passthrough,13,13,13,13,13,13
01_13_09_05_0355.bmp,0,9,5,4,13,0.53155,0.13153,0.08142,passthrough,12,12,13,12,25,12
01_13_09_05_0358.bmp,0,9,5,4,13,0.48112,0.14141,0.16201,passthrough,13,13,7,13,2,13
01_13_09_05_0362.bmp,0,9,5,4,13,0.47271,0.18101,0.18167,passthrough,13,13,13,13,13,13
01_13_09_05_0364.bmp,0,9,5,4,13,0.4721,0.16016,0.13369,passthrough,13,13,13,13,24,13
01_13_09_05_0367.bmp,0,9,5,4,13,0.45118,0.15854,0.11444,passthrough,13,13,13,13,28,13
01_13_09_05_0368.bmp,0,9,5,4,13,0.45987,0.18132,0.13857,passthrough,13,13,13,13,18,13
01_13_09_05_0371.bmp,0,9,5,4,13,0.43458,0.16815,0.12815,passthrough,13,13,13,13,18,13
01_13_09_05_0373.bmp,0,9,5,4,13,0.42739,0.14515,0.119,passthrough,13,13,13,13,28,13
01_13_09_05_0376.bmp,0,9,5,4,13,0.43861,0.15793,0.10061,passthrough,13,13,13,13,24,13
01_13_09_05_0386.bmp,0,9,5,4,13,0.47999,0.10643,0.18182,passthrough,12,12,13,12,42,12
01_13_09_05_0388.bmp,0,9,5,4,13,0.45208,0.05918,0.0,clahe,42,13,13,12,42,12
01_13_09_05_0391.bmp,0,9,5,4,13,0.49152,0.10086,0.0,clahe,12,11,11,12,12,12
01_13_09_05_0393.bmp,0,9,5,4,13,0.48145,0.07406,0.16529,clahe,42,35,35,12,42,12
01_13_09_05_0394.bmp,0,9,5,4,13,0.50199,0.09301,0.10744,clahe,42,35,35,12,42,12
01_13_09_05_0409.bmp,0,9,5,4,13,0.46339,0.06812,0.0,clahe,42,18,18,12,42,12
01_13_09_05_0410.bmp,0,9,5,4,13,0.47214,0.10257,0.26446,clahe,11,18,18,12,11,12
01_13_09_05_0412.bmp,0,9,5,4,13,0.48365,0.08899,0.3719,clahe,12,35,35,12,12,12
01_13_09_05_0415.bmp,0,9,5,4,13,0.46096,0.12175,0.23967,passthrough,12,12,13,12,42,12
01_13_09_05_0422.bmp,0,9,5,4,13,0.52756,0.09436,0.26446,clahe,11,13,13,12,11,12
01_13_09_05_0425.bmp,0,9,5,4,13,0.48864,0.08992,0.19835,clahe,11,13,13,12,11,12
01_13_09_05_0426.bmp,0,9,5,4,13,0.5042,0.11955,0.24793,passthrough,12,12,13,12,42,12
01_13_09_05_0427.bmp,0,9,5,4,13,0.50102,0.11839,0.21488,passthrough,12,12,13,12,42,12
01_13_09_05_0431.bmp,0,9,5,4,13,0.50862,0.11055,0.14835,passthrough,12,12,40,12,1,12
01_13_09_05_0434.bmp,0,9,5,4,13,0.44934,0.15569,0.24286,passthrough,13,13,13,12,42,13
01_13_09_05_0441.bmp,0,9,5,4,13,0.46877,0.10652,0.17279,passthrough,12,12,13,13,42,12
01_13_09_05_0442.bmp,0,9,5,4,13,0.45189,0.14191,0.26042,passthrough,13,13,35,13,11,13
01_13_09_05_0446.bmp,0,9,5,4,13,0.43958,0.11743,0.15441,passthrough,13,13,35,12,12,13
01_13_09_05_0449.bmp,0,9,5,4,13,0.45742,0.11724,0.19195,passthrough,12,12,13,12,12,12
01_13_09_05_0452.bmp,0,9,5,4,13,0.47075,0.09623,0.16541,clahe,28,13,13,12,28,12
01_13_09_05_0454.bmp,0,9,5,4,13,0.46306,0.09194,0.14091,clahe,40,13,13,13,40,12
01_13_09_05_0455.bmp,0,9,5,4,13,0.45283,0.1281,0.1413,passthrough,13,13,13,13,28,13
01_13_09_05_0458.bmp,0,9,5,4,13,0.49279,0.11028,0.14348,passthrough,12,12,13,12,40,12
01_13_09_05_0462.bmp,0,9,5,4,13,0.50409,0.11482,0.20949,passthrough,13,13,35,13,42,13
01_13_09_05_0463.bmp,0,9,5,4,13,0.48721,0.13695,0.21146,passthrough,13,13,13,13,40,13
01_13_09_05_0465.bmp,0,9,5,4,13,0.52429,0.15606,0.17185,passthrough,13,13,13,13,28,13
01_13_09_05_0469.bmp,0,9,5,4,13,0.51879,0.17065,0.175,passthrough,13,13,13,13,18,13
01_13_09_05_0470.bmp,0,9,5,4,13,0.51425,0.12291,0.20115,passthrough,12,12,18,12,28,12
01_13_09_05_0473.bmp,0,9,5,4,13,0.50726,0.14226,0.19289,passthrough,13,13,13,13,18,13
01_13_09_05_0474.bmp,0,9,5,4,13,0.49479,0.12413,0.15625,passthrough,13,13,13,12,13,13
01_13_09_05_0476.bmp,0,9,5,4,13,0.47958,0.12304,0.13355,passthrough,13,13,13,13,28,13
01_13_09_05_0477.bmp,0,9,5,4,13,0.4823,0.13569,0.14706,passthrough,13,13,13,12,28,13
01_13_09_05_0478.bmp,0,9,5,4,13,0.48924,0.11103,0.17165,passthrough,13,13,13,12,28,13
01_13_09_05_0481.bmp,0,9,5,4,13,0.46132,0.1381,0.10462,passthrough,13,13,13,13,28,13
01_13_09_05_0483.bmp,0,9,5,4,13,0.4611,0.11773,0.12955,passthrough,13,13,13,13,28,13
01_13_09_05_0486.bmp,0,9,5,4,13,0.44273,0.10011,0.11864,clahe,28,13,13,13,28,13
01_13_09_05_0487.bmp,0,9,5,4,13,0.4466,0.09156,0.02741,clahe,40,13,13,13,40,13
01_13_09_05_0492.bmp,0,9,5,4,13,0.45462,0.11573,0.0546,stretch,13,13,13,13,13,13
01_13_09_05_0498.bmp,0,9,5,4,13,0.44308,0.09461,0.04324,clahe,18,13,13,18,18,13
01_13_09_05_0505.bmp,0,9,5,4,13,0.45775,0.0977,0.03508,clahe,1,13,13,13,1,13
01_13_09_05_0507.bmp,0,9,5,4,13,0.45214,0.09735,0.03888,clahe,13,13,13,13,13,13
01_13_09_05_0509.bmp,0,9,5,4,13,0.44476,0.1053,0.04678,clahe,24,13,13,13,24,13
01_13_09_05_0516.bmp,0,9,5,4,13,0.4727,0.07541,0.0,clahe,42,13,13,12,42,12
01_13_09_05_0517.bmp,0,9,5,4,13,0.47566,0.06862,0.17483,clahe,42,13,13,12,42,12
01_13_09_05_0518.bmp,0,9,5,4,13,0.50029,0.05225,0.0,clahe,42,40,40,12,42,12
01_13_09_05_0522.bmp,0,9,5,4,13,0.47928,0.07898,0.0,clahe,42,13,13,12,42,12
01_13_09_05_0523.bmp,0,9,5,4,13,0.4766,0.06814,0.0,clahe,18,13,13,12,18,12
01_13_09_05_0524.bmp,0,9,5,4,13,0.47865,0.08451,0.0,clahe,42,18,18,12,42,12
01_13_09_05_0525.bmp,0,9,5,4,13,0.48845,0.10642,0.16118,passthrough,12,12,12,12,28,12
01_13_09_05_0527.bmp,0,9,5,4,13,0.52049,0.0961,0.0,clahe,13,1,1,12,13,12
01_13_09_05_0528.bmp,0,9,5,4,13,0.48312,0.06825,0.0,clahe,42,13,13,12,42,12
01_13_09_05_0529.bmp,0,9,5,4,13,0.51724,0.09925,0.11806,clahe,12,13,13,12,12,12
01_13_09_05_0531.bmp,0,9,5,4,13,0.5245,0.08951,0.04044,clahe,12,13,13,12,12,12
01_13_09_05_0532.bmp,0,9,5,4,13,0.45674,0.08815,0.17483,clahe,42,13,13,12,42,12
01_13_09_05_0535.bmp,0,9,5,4,13,0.55693,0.09273,0.11111,clahe,40,18,18,12,40,12
01_13_09_05_0537.bmp,0,9,5,4,13,0.51657,0.13397,0.23333,passthrough,12,12,40,12,12,12
01_13_09_05_0539.bmp,0,9,5,4,13,0.53088,0.10518,0.12963,clahe,12,13,13,12,12,12
01_13_09_05_0540.bmp,0,9,5,4,13,0.47062,0.07296,0.0,clahe,42,40,40,12,42,12
01_13_09_05_0542.bmp,0,9,5,4,13,0.47728,0.07816,0.0,clahe,42,13,13,12,42,12
01_13_09_05_0544.bmp,0,9,5,4,13,0.4187,0.08358,0.18182,clahe,42,35,35,12,42,12
01_13_09_05_0551.bmp,0,9,5,4,13,0.5331,0.09342,0.18627,clahe,11,11,11,10,11,12
01_13_09_05_0552.bmp,0,9,5,4,13,0.45504,0.06297,0.14685,clahe,42,13,13,12,42,12
01_13_09_05_0553.bmp,0,9,5,4,13,0.51339,0.08699,0.04938,clahe,40,12,12,12,40,12
01_13_09_05_0556.bmp,0,9,5,4,13,0.45216,0.06343,0.0,clahe,42,12,12,12,42,12
01_13_09_05_0559.bmp,0,9,5,4,13,0.50772,0.09646,0.06944,clahe,28,18,18,12,28,12
01_13_09_05_0561.bmp,0,9,5,4,13,0.5172,0.07525,0.0,clahe,40,40,40,12,40,12
01_13_09_05_0562.bmp,0,9,5,4,13,0.43069,0.06116,0.0,clahe,42,40,40,12,42,12
01_13_09_05_0563.bmp,0,9,5,4,13,0.53003,0.07121,0.09788,clahe,40,12,12,12,40,12
01_13_09_05_0569.bmp,0,9,5,4,13,0.51118,0.08357,0.11204,clahe,11,18,18,12,11,12
01_13_09_05_0571.bmp,0,9,5,4,13,0.49606,0.07525,0.0,clahe,12,13,13,12,12,12
01_13_09_05_0572.bmp,0,9,5,4,13,0.44052,0.09786,0.04808,clahe,42,11,11,12,42,12
01_13_09_05_0574.bmp,0,9,5,4,13,0.4375,0.0768,0.0,clahe,42,12,12,13,42,12
01_13_09_05_0580.bmp,0,9,5,4,13,0.43574,0.08071,0.0,clahe,42,12,12,12,42,12
01_13_09_05_0583.bmp,0,9,5,4,13,0.49698,0.09223,0.12723,clahe,28,18,18,18,28,12
01_13_09_05_0584.bmp,0,9,5,4,13,0.42193,0.05713,0.0,clahe,1,13,13,12,1,12
01_13_09_05_0585.bmp,0,9,5,4,13,0.50007,0.06927,0.02735,clahe,28,11,11,12,28,12
01_13_09_05_0587.bmp,0,9,5,4,13,0.48465,0.0722,0.01308,clahe,28,18,18,18,28,12
01_13_09_05_0589.bmp,0,9,5,4,13,0.46649,0.10454,0.11553,clahe,28,1,1,12,28,13
01_13_09_05_0590.bmp,0,9,5,4,13,0.39764,0.05902,0.0,clahe,42,40,40,12,42,12
01_13_09_05_0592.bmp,0,9,5,4,13,0.39891,0.08812,0.11765,clahe,12,32,32,18,12,12
01_13_09_05_0593.bmp,0,9,5,4,13,0.46858,0.06576,0.0,clahe,13,18,18,12,13,12
01_13_09_05_0594.bmp,0,9,5,4,13,0.38671,0.07366,0.0,clahe,42,40,40,12,42,12
01_13_09_05_0597.bmp,0,9,5,4,13,0.47945,0.08201,0.05887,clahe,1,10,10,12,1,12
01_13_09_05_0600.bmp,0,9,5,4,13,0.48649,0.10406,0.12432,clahe,18,12,12,18,18,18
01_13_09_05_0601.bmp,0,9,5,4,13,0.4668,0.09579,0.10135,clahe,28,18,18,12,28,13
01_13_09_05_0604.bmp,0,9,5,4,13,0.47573,0.08187,0.05886,clahe,28,13,13,12,28,18
01_13_09_05_0608.bmp,0,9,5,4,13,0.47515,0.09164,0.04089,clahe,28,24,24,18,28,13
01_13_09_05_0613.bmp,0,9,5,4,13,0.49996,0.09197,0.06657,clahe,18,13,13,18,18,12
01_13_09_05_0616.bmp,0,9,5,4,13,0.48985,0.10318,0.09201,clahe,13,13,13,13,13,13
01_13_09_05_0617.bmp,0,9,5,4,13,0.49511,0.08634,0.02488,clahe,13,13,13,12,13,12
01_13_09_05_0618.bmp,0,9,5,4,13,0.50454,0.10919,0.02496,stretch,12,12,13,12,18,12
01_13_09_05_0626.bmp,0,9,5,4,13,0.47681,0.13383,0.0655,stretch,12,12,13,25,11,12
01_03_12_03_0001.bmp,0,12,3,8,9,0.53563,0.09582,0.17273,clahe,0,13,13,13,0,13
01_03_12_03_0002.bmp,0,12,3,8,9,0.5392,0.09102,0.16364,clahe,25,13,13,13,25,13
01_03_12_03_0003.bmp,0,12,3,8,9,0.54206,0.0963,0.24242,clahe,25,13,13,32,25,13
01_03_12_03_0011.bmp,0,12,3,8,9,0.53444,0.10414,0.165,clahe,41,13,13,13,41,13
01_03_12_03_0012.bmp,0,12,3,8,9,0.53682,0.1031,0.185,clahe,25,13,13,32,25,13
01_03_12_03_0015.bmp,0,12,3,8,9,0.53365,0.10652,0.20576,passthrough,13,13,13,13,6,13
01_03_12_03_0018.bmp,0,12,3,8,9,0.53205,0.10953,0.17437,passthrough,13,13,13,13,41,13
01_03_12_03_0021.bmp,0,12,3,8,9,0.52859,0.11433,0.15602,passthrough,13,13,13,13,23,13
01_03_12_03_0022.bmp,0,12,3,8,9,0.52946,0.10627,0.21053,passthrough,13,13,13,13,23,13
01_03_12_03_0024.bmp,0,12,3,8,9,0.52476,0.10765,0.16316,passthrough,13,13,40,13,40,13
01_03_12_03_0026.bmp,0,12,3,8,9,0.52073,0.10299,0.16518,clahe,23,13,13,13,23,13
01_03_12_03_0029.bmp,0,12,3,8,9,0.51812,0.10277,0.1281,clahe,23,40,40,13,23,13
01_03_12_03_0030.bmp,0,12,3,8,9,0.51413,0.10045,0.12648,clahe,23,40,40,13,23,13
01_03_12_03_0031.bmp,0,12,3,8,9,0.51183,0.10366,0.17271,clahe,22,13,13,13,22,13
01_03_12_03_0037.bmp,0,12,3,8,9,0.49905,0.09432,0.12513,clahe,23,13,13,13,23,13
01_03_12_03_0039.bmp,0,12,3,8,9,0.49829,0.09264,0.13511,clahe,23,13,13,13,23,13
01_03_12_03_0044.bmp,0,12,3,8,9,0.50508,0.10031,0.14744,clahe,25,13,13,13,25,13
01_03_12_03_0046.bmp,0,12,3,8,9,0.50378,0.10258,0.12,clahe,23,41,41,13,23,13
01_03_12_03_0048.bmp,0,12,3,8,9,0.51099,0.11443,0.14555,passthrough,13,13,13,13,23,13
01_03_12_03_0049.bmp,0,12,3,8,9,0.50666,0.11183,0.13853,passthrough,13,13,13,13,2,13
01_03_12_03_0052.bmp,0,12,3,8,9,0.50242,0.10564,0.10197,clahe,23,13,13,13,23,13
01_03_12_03_0054.bmp,0,12,3,8,9,0.50033,0.10886,0.12996,passthrough,13,13,4,13,25,13
01_03_12_03_0058.bmp,0,12,3,8,9,0.5077,0.10127,0.1,clahe,23,14,14,13,23,13
01_03_12_03_0061.bmp,0,12,3,8,9,0.50303,0.09619,0.07338,clahe,25,25,25,13,25,13
01_03_12_03_0062.bmp,0,12,3,8,9,0.50483,0.09401,0.08207,clahe,25,14,14,13,25,13
01_03_12_03_0067.bmp,0,12,3,8,9,0.50871,0.09585,0.11645,clahe,2,25,25,13,2,13
01_03_12_03_0070.bmp,0,12,3,8,9,0.50982,0.09998,0.06826,clahe,2,14,14,13,2,13
01_03_12_03_0078.bmp,0,12,3,8,9,0.51112,0.10562,0.07119,clahe,23,26,26,13,23,13
01_03_12_03_0079.bmp,0,12,3,8,9,0.51055,0.10397,0.06466,clahe,23,26,26,13,23,13
01_03_12_03_0081.bmp,0,12,3,8,9,0.50954,0.10993,0.07204,stretch,13,13,41,13,23,13
01_03_12_03_0083.bmp,0,12,3,8,9,0.50751,0.11232,0.06748,stretch,25,25,25,13,25,25
01_03_12_03_0084.bmp,0,12,3,8,9,0.505,0.11362,0.07157,stretch,9,9,25,13,41,13
01_06_12_03_0001.bmp,1,12,3,8,14,0.54023,0.10441,0.32083,clahe,23,14,14,36,23,25
01_06_12_03_0002.bmp,0,12,3,8,14,0.52581,0.10867,0.18998,passthrough,25,25,14,25,25,25
01_06_12_03_0002.bmp,1,12,3,8,14,0.52722,0.08781,0.07917,clahe,2,13,13,36,2,36
01_06_12_03_0004.bmp,0,12,3,8,14,0.50364,0.10345,0.17143,clahe,20,25,25,25,20,25
01_06_12_03_0005.bmp,1,12,3,8,14,0.5231,0.09461,0.1875,clahe,25,14,14,36,25,36
01_06_12_03_0007.bmp,0,12,3,8,14,0.5101,0.11446,0.21697,passthrough,25,25,14,25,25,25
01_06_12_03_0007.bmp,1,12,3,8,14,0.53067,0.10684,0.14966,passthrough,25,25,25,36,23,25
01_06_12_03_0008.bmp,1,12,3,8,14,0.52938,0.10134,0.19286,clahe,23,14,14,36,23,25
01_06_12_03_0010.bmp,0,12,3,8,14,0.51442,0.11673,0.22705,passthrough,25,25,14,25,25,25
01_06_12_03_0013.bmp,1,12,3,8,14,0.52962,0.11724,0.17184,passthrough,25,25,25,36,25,25
01_06_12_03_0014.bmp,0,12,3,8,14,0.50782,0.11608,0.20408,passthrough,25,25,14,25,25,25
01_06_12_03_0016.bmp,1,12,3,8,14,0.53895,0.11648,0.2192,passthrough,25,25,14,25,19,25
01_06_12_03_0020.bmp,0,12,3,8,14,0.50008,0.11066,0.18497,passthrough,25,25,14,25,25,25
01_06_12_03_0021.bmp,0,12,3,8,14,0.49951,0.11202,0.19438,passthrough,25,25,14,25,24,25
01_06_12_03_0022.bmp,0,12,3,8,14,0.49588,0.11576,0.20851,passthrough,25,25,14,25,2,25
01_06_12_03_0022.bmp,1,12,3,8,14,0.54672,0.13514,0.2,passthrough,25,25,14,25,13,25
01_06_12_03_0023.bmp,0,12,3,8,14,0.50072,0.12113,0.20104,passthrough,25,25,14,25,2,25
01_06_12_03_0023.bmp,1,12,3,8,14,0.55916,0.15055,0.21839,passthrough,25,25,14,13,23,25
01_06_12_03_0024.bmp,0,12,3,8,14,0.50099,0.11752,0.16591,passthrough,25,25,14,25,25,25
01_06_12_03_0024.bmp,1,12,3,8,14,0.55732,0.15083,0.19425,passthrough,25,25,14,25,20,25
01_06_12_03_0025.bmp,0,12,3,8,14,0.50272,0.12055,0.16703,passthrough,25,25,14,25,25,25
01_06_12_03_0025.bmp,1,12,3,8,14,0.54127,0.12974,0.25922,passthrough,25,25,14,25,25,25
01_06_12_03_0026.bmp,0,12,3,8,14,0.4996,0.12231,0.15849,passthrough,25,25,14,25,2,25
01_06_12_03_0026.bmp,1,12,3,8,14,0.54237,0.13441,0.19976,passthrough,25,25,13,25,11,25
01_06_12_03_0027.bmp,1,12,3,8,14,0.53584,0.12243,0.24495,passthrough,25,25,13,13,23,25
01_06_12_03_0028.bmp,1,12,3,8,14,0.53773,0.1253,0.2621,passthrough,25,25,13,25,20,25
01_06_12_03_0029.bmp,1,12,3,8,14,0.52891,0.11753,0.25605,passthrough,25,25,14,25,25,25
01_06_12_03_0030.bmp,0,12,3,8,14,0.48573,0.11363,0.14754,passthrough,25,25,25,25,2,25
01_06_12_03_0031.bmp,1,12,3,8,14,0.53727,0.13523,0.27751,passthrough,12,12,12,31,0,12
01_06_12_03_0032.bmp,0,12,3,8,14,0.48297,0.11007,0.15316,passthrough,25,25,14,25,2,25
01_06_12_03_0032.bmp,1,12,3,8,14,0.53208,0.12933,0.11962,passthrough,12,12,13,31,0,12
01_06_12_03_0033.bmp,1,12,3,8,14,0.52866,0.1287,0.28708,passthrough,12,12,25,31,23,12
01_06_12_03_0034.bmp,0,12,3,8,14,0.47577,0.11337,0.15264,passthrough,25,25,14,25,24,25
01_06_12_03_0034.bmp,1,12,3,8,14,0.52268,0.11213,0.08134,passthrough,12,12,40,36,16,12
01_06_12_03_0036.bmp,1,12,3,8,14,0.51656,0.11082,0.12273,passthrough,12,12,14,36,0,12
01_06_12_03_0037.bmp,0,12,3,8,14,0.47192,0.11382,0.14723,passthrough,25,25,14,25,25,25
01_06_12_03_0037.bmp,1,12,3,8,14,0.52516,0.12105,0.20833,passthrough,12,12,12,31,0,12
01_06_12_03_0044.bmp,0,12,3,8,14,0.48434,0.11836,0.11984,passthrough,1,1,17,10,2,1
01_06_12_03_0045.bmp,0,12,3,8,14,0.49005,0.0989,0.05278,clahe,0,14,14,31,0,12
01_06_12_03_0051.bmp,0,12,3,8,14,0.50291,0.12107,0.05208,stretch,25,25,14,31,20,25
01_06_12_03_0052.bmp,0,12,3,8,14,0.48629,0.12109,0.11422,passthrough,25,25,14,36,23,25
01_06_12_03_0056.bmp,0,12,3,8,14,0.49249,0.10133,0.10294,clahe,25,14,14,36,25,25
01_06_12_03_0057.bmp,0,12,3,8,14,0.49978,0.12379,0.11078,passthrough,25,25,25,36,23,25
01_06_12_03_0058.bmp,0,12,3,8,14,0.49688,0.12402,0.1098,passthrough,25,25,14,36,20,25
01_06_12_03_0059.bmp,0,12,3,8,14,0.49429,0.12443,0.0564,stretch,25,25,25,36,23,25
01_06_12_03_0064.bmp,0,12,3,8,14,0.49812,0.14391,0.10661,passthrough,25,25,14,36,25,25
01_06_12_03_0067.bmp,0,12,3,8,14,0.49696,0.13613,0.12251,passthrough,25,25,14,32,25,25
01_06_12_03_0069.bmp,0,12,3,8,14,0.4862,0.13065,0.04755,stretch,25,25,14,36,25,25
01_06_12_03_0070.bmp,0,12,3,8,14,0.48169,0.12423,0.06286,stretch,25,25,25,36,2,25
01_06_12_03_0075.bmp,0,12,3,8,14,0.46453,0.08274,0.06118,clahe,24,25,25,25,24,25
01_06_12_03_0085.bmp,0,12,3,8,14,0.48269,0.10626,0.13757,passthrough,25,25,25,31,0,25
01_06_12_03_0086.bmp,0,12,3,8,14,0.504,0.10294,0.129,clahe,0,14,14,16,0,10
01_11_12_03_0001.bmp,0,12,3,8,12,0.53562,0.10247,0.26316,clahe,1,13,13,13,1,13
01_11_12_03_0002.bmp,0,12,3,8,12,0.54056,0.10653,0.21053,passthrough,12,12,12,36,1,12
01_11_12_03_0003.bmp,0,12,3,8,12,0.53737,0.10254,0.20096,clahe,1,40,40,31,1,31
01_11_12_03_0005.bmp,0,12,3,8,12,0.54133,0.10379,0.33493,clahe,16,0,0,31,16,31
01_11_12_03_0006.bmp,0,12,3,8,12,0.54326,0.10261,0.19139,clahe,12,25,25,31,12,12
01_11_12_03_0013.bmp,0,12,3,8,12,0.54876,0.10132,0.32057,clahe,6,40,40,36,6,38
01_11_12_03_0014.bmp,0,12,3,8,12,0.54055,0.10079,0.24286,clahe,0,0,0,36,0,32
01_11_12_03_0015.bmp,0,12,3,8,12,0.54095,0.10391,0.27143,clahe,42,13,13,36,42,13
01_11_12_03_0016.bmp,0,12,3,8,12,0.53386,0.10542,0.24333,clahe,19,18,18,36,19,13
01_11_12_03_0019.bmp,0,12,3,8,12,0.53708,0.10766,0.25333,passthrough,11,11,13,32,23,11
01_11_12_03_0020.bmp,0,12,3,8,12,0.54167,0.10779,0.28333,passthrough,11,11,13,32,0,11
01_11_12_03_0021.bmp,0,12,3,8,12,0.53286,0.11013,0.26343,passthrough,11,11,11,32,11,11
01_11_12_03_0024.bmp,0,12,3,8,12,0.52966,0.10575,0.21556,clahe,20,25,25,32,20,25
01_11_12_03_0026.bmp,0,12,3,8,12,0.53086,0.10914,0.27333,passthrough,12,12,1,32,11,12
01_11_12_03_0027.bmp,0,12,3,8,12,0.53127,0.11163,0.26889,passthrough,11,11,1,32,11,11
01_11_12_03_0028.bmp,0,12,3,8,12,0.53353,0.10293,0.26,clahe,36,26,26,32,36,12
01_11_12_03_0031.bmp,0,12,3,8,12,0.52931,0.11358,0.18095,passthrough,13,13,13,32,11,13
01_11_12_03_0033.bmp,0,12,3,8,12,0.52965,0.11299,0.23986,passthrough,13,13,13,32,13,13
01_11_12_03_0035.bmp,0,12,3,8,12,0.5207,0.11149,0.20565,passthrough,25,25,1,32,11,25
01_11_12_03_0036.bmp,0,12,3,8,12,0.51587,0.10796,0.18149,passthrough,25,25,40,32,11,25
01_11_12_03_0042.bmp,0,12,3,8,12,0.51544,0.10713,0.20047,passthrough,13,13,18,13,18,13
01_11_12_03_0046.bmp,0,12,3,8,12,0.5091,0.10696,0.17179,passthrough,25,25,37,32,11,25
01_11_12_03_0056.bmp,0,12,3,8,12,0.51143,0.12283,0.15157,passthrough,13,13,18,1,11,13
01_11_12_03_0061.bmp,0,12,3,8,12,0.50922,0.12588,0.12902,passthrough,13,13,1,13,11,13
01_11_12_03_0064.bmp,0,12,3,8,12,0.50837,0.12731,0.1115,passthrough,13,13,1,13,18,13
01_11_12_03_0065.bmp,0,12,3,8,12,0.51058,0.12848,0.11255,passthrough,13,13,1,13,18,13
01_11_12_03_0066.bmp,0,12,3,8,12,0.50933,0.1274,0.09829,passthrough,25,25,37,13,24,25
01_11_12_03_0067.bmp,0,12,3,8,12,0.51021,0.13065,0.10778,passthrough,25,25,37,25,24,25
01_11_12_03_0072.bmp,0,12,3,8,12,0.50418,0.13016,0.09008,passthrough,25,25,13,32,18,25
01_11_12_03_0075.bmp,0,12,3,8,12,0.50189,0.13211,0.0755,passthrough,25,25,26,25,18,25
01_12_12_03_0003.bmp,0,12,3,8,17,0.48399,0.12805,0.08333,passthrough,25,25,26,17,23,25
01_12_12_03_0004.bmp,0,12,3,8,17,0.49659,0.13247,0.13611,passthrough,25,25,14,16,41,25
01_12_12_03_0004.bmp,1,12,3,8,17,0.49991,0.05485,0.0,clahe,42,25,25,36,42,32
01_12_12_03_0005.bmp,0,12,3,8,17,0.49673,0.14533,0.15667,passthrough,13,13,26,17,20,13
01_12_12_03_0005.bmp,1,12,3,8,17,0.5011,0.0534,0.0,clahe,42,12,12,31,42,12
01_12_12_03_0006.bmp,1,12,3,8,17,0.49688,0.0558,0.0,clahe,25,39,39,31,25,31
01_12_12_03_0009.bmp,1,12,3,8,17,0.49388,0.06125,0.0,clahe,42,1,1,31,42,32
01_12_12_03_0013.bmp,0,12,3,8,17,0.48945,0.13785,0.08903,passthrough,9,9,26,17,19,9
01_12_12_03_0014.bmp,0,12,3,8,17,0.48616,0.14069,0.08282,passthrough,25,25,26,17,23,25
01_12_12_03_0017.bmp,1,12,3,8,17,0.50945,0.05652,0.0,clahe,12,25,25,31,12,12
01_12_12_03_0020.bmp,0,12,3,8,17,0.47073,0.12796,0.05875,stretch,17,17,17,17,23,25
01_12_12_03_0020.bmp,1,12,3,8,17,0.51055,0.0632,0.0,clahe,42,14,14,31,42,31
01_12_12_03_0022.bmp,0,12,3,8,17,0.47498,0.13267,0.06386,stretch,17,17,13,17,20,16
01_12_12_03_0023.bmp,1,12,3,8,17,0.51233,0.06051,0.0,clahe,25,38,38,36,25,36
01_12_12_03_0027.bmp,0,12,3,8,17,0.47177,0.12506,0.0649,stretch,16,16,17,17,0,16
01_12_12_03_0028.bmp,0,12,3,8,17,0.49882,0.13049,0.05143,stretch,12,12,13,31,25,12
01_12_12_03_0029.bmp,0,12,3,8,17,0.4918,0.12207,0.06732,stretch,25,25,14,31,20,12
01_12_12_03_0030.bmp,0,12,3,8,17,0.49144,0.11836,0.06759,stretch,25,25,25,31,20,25
01_12_12_03_0032.bmp,1,12,3,8,17,0.51878,0.07363,0.10606,clahe,12,14,14,12,12,12
01_12_12_03_0033.bmp,1,12,3,8,17,0.51892,0.06109,0.0,clahe,12,25,25,31,12,36
01_12_12_03_0034.bmp,1,12,3,8,17,0.51794,0.06515,0.0,clahe,12,12,12,31,12,12
01_12_12_03_0035.bmp,1,12,3,8,17,0.52071,0.05377,0.0,clahe,42,26,26,36,42,36
01_12_12_03_0036.bmp,0,12,3,8,17,0.48799,0.12197,0.0747,passthrough,13,13,14,36,25,13
01_12_12_03_0036.bmp,1,12,3,8,17,0.51943,0.0593,0.0,clahe,11,14,14,36,11,12
01_12_12_03_0037.bmp,1,12,3,8,17,0.52493,0.06144,0.0,clahe,11,13,13,31,11,31
01_12_12_03_0041.bmp,0,12,3,8,17,0.49257,0.15896,0.04923,stretch,25,25,14,36,23,25
01_12_12_03_0042.bmp,0,12,3,8,17,0.47854,0.13479,0.04289,stretch,25,25,25,36,23,25
01_12_12_03_0042.bmp,1,12,3,8,17,0.52938,0.08131,0.0,clahe,25,17,17,36,25,31
01_12_12_03_0047.bmp,0,12,3,8,17,0.52594,0.08859,0.09848,clahe,42,12,12,36,42,36
01_12_12_03_0048.bmp,0,12,3,8,17,0.52389,0.08258,0.00758,clahe,12,14,14,36,12,36
01_12_12_03_0049.bmp,0,12,3,8,17,0.52689,0.0791,0.0,clahe,11,25,25,36,11,36
01_12_12_03_0054.bmp,0,12,3,8,17,0.52617,0.0901,0.08333,clahe,12,12,12,31,12,12
01_12_12_03_0055.bmp,0,12,3,8,17,0.52258,0.09019,0.0,clahe,11,13,13,36,11,36
01_12_12_03_0056.bmp,0,12,3,8,17,0.52736,0.08692,0.14879,clahe,0,25,25,36,0,25
01_12_12_03_0066.bmp,0,12,3,8,17,0.52293,0.10316,0.10035,clahe,0,40,40,17,0,25
01_12_12_03_0068.bmp,0,12,3,8,17,0.5317,0.10393,0.16429,clahe,20,14,14,31,20,12
01_12_12_03_0079.bmp,0,12,3,8,17,0.54033,0.11181,0.1312,passthrough,25,25,26,17,25,25
01_12_12_03_0080.bmp,0,12,3,8,17,0.53768,0.11262,0.1568,passthrough,25,25,17,17,25,25
01_12_12_03_0081.bmp,0,12,3,8,17,0.53788,0.11347,0.1584,passthrough,25,25,26,17,25,25
01_12_12_03_0087.bmp,0,12,3,8,17,0.52593,0.10744,0.10519,passthrough,25,25,26,17,25,25
01_12_12_03_0089.bmp,0,12,3,8,17,0.5229,0.10862,0.09692,passthrough,25,25,14,17,23,25
01_12_12_03_0090.bmp,0,12,3,8,17,0.52398,0.10822,0.06308,stretch,9,9,26,17,23,25
01_12_12_03_0091.bmp,0,12,3,8,17,0.53137,0.1168,0.11,passthrough,25,25,14,17,23,25
01_12_12_03_0095.bmp,0,12,3,8,17,0.52769,0.11926,0.17,passthrough,25,25,26,17,23,25
01_12_12_03_0096.bmp,0,12,3,8,17,0.52845,0.12218,0.09571,passthrough,13,13,13,17,23,13
01_12_12_03_0104.bmp,0,12,3,8,17,0.52702,0.13237,0.16908,passthrough,13,13,17,17,23,13
01_12_12_03_0108.bmp,0,12,3,8,17,0.52729,0.13062,0.1256,passthrough,25,25,17,17,23,25
01_12_12_03_0113.bmp,0,12,3,8,17,0.52221,0.13756,0.09312,passthrough,16,16,14,17,23,16
01_13_12_03_0001.bmp,0,12,3,8,13,0.60128,0.11872,0.24359,passthrough,12,12,7,12,42,12
01_13_12_03_0003.bmp,0,12,3,8,13,0.5905,0.12153,0.21154,passthrough,32,32,26,32,12,32
01_13_12_03_0004.bmp,0,12,3,8,13,0.58617,0.11626,0.32051,passthrough,12,12,2,12,25,12
01_13_12_03_0006.bmp,0,12,3,8,13,0.57959,0.10779,0.29487,passthrough,12,12,13,31,25,12
01_13_12_03_0007.bmp,1,12,3,8,13,0.63005,0.12646,0.20879,passthrough,13,13,13,13,20,13
01_13_12_03_0008.bmp,1,12,3,8,13,0.626,0.13279,0.22665,passthrough,13,13,13,13,20,13
01_13_12_03_0009.bmp,0,12,3,8,13,0.57428,0.11741,0.23077,passthrough,13,13,13,31,12,13
01_13_12_03_0009.bmp,1,12,3,8,13,0.62373,0.13945,0.20604,passthrough,13,13,13,13,2,13
01_13_12_03_0010.bmp,0,12,3,8,13,0.57763,0.11688,0.3141,passthrough,13,13,40,13,42,13
01_13_12_03_0010.bmp,1,12,3,8,13,0.62204,0.13564,0.22527,passthrough,13,13,13,13,20,13
01_13_12_03_0011.bmp,0,12,3,8,13,0.5675,0.10194,0.13462,clahe,11,13,13,31,11,13
01_13_12_03_0012.bmp,0,12,3,8,13,0.56405,0.11367,0.21154,passthrough,13,13,14,31,12,13
01_13_12_03_0014.bmp,0,12,3,8,13,0.56031,0.10414,0.14103,clahe,25,13,13,12,25,12
01_13_12_03_0014.bmp,1,12,3,8,13,0.62304,0.137,0.22665,passthrough,13,13,13,13,20,13
01_13_12_03_0017.bmp,0,12,3,8,13,0.55724,0.10503,0.25,clahe,11,18,18,31,11,38
01_13_12_03_0018.bmp,1,12,3,8,13,0.61541,0.14474,0.20769,passthrough,13,13,13,13,2,13
01_13_12_03_0019.bmp,0,12,3,8,13,0.56021,0.11405,0.19231,passthrough,13,13,12,13,42,13
01_13_12_03_0020.bmp,0,12,3,8,13,0.56272,0.10805,0.17949,passthrough,13,13,40,31,12,13
01_13_12_03_0023.bmp,0,12,3,8,13,0.57529,0.11574,0.19872,passthrough,13,13,13,13,42,13
01_13_12_03_0025.bmp,0,12,3,8,13,0.57697,0.1263,0.23718,passthrough,13,13,26,31,11,13
01_13_12_03_0027.bmp,0,12,3,8,13,0.57461,0.12217,0.23077,passthrough,12,12,35,31,42,12
01_13_12_03_0027.bmp,1,12,3,8,13,0.59998,0.15187,0.16414,passthrough,13,13,0,13,13,13
01_13_12_03_0028.bmp,0,12,3,8,13,0.57826,0.13145,0.28205,passthrough,13,13,13,13,23,13
01_13_12_03_0029.bmp,0,12,3,8,13,0.58265,0.12812,0.26282,passthrough,13,13,12,13,12,13
01_13_12_03_0029.bmp,1,12,3,8,13,0.59861,0.1596,0.23324,passthrough,13,13,13,13,13,13
01_13_12_03_0031.bmp,1,12,3,8,13,0.61089,0.1508,0.1659,passthrough,13,13,13,13,2,13
01_13_12_03_0032.bmp,1,12,3,8,13,0.61043,0.15272,0.19724,passthrough,13,13,13,13,13,13
01_13_12_03_0037.bmp,1,12,3,8,13,0.61532,0.15909,0.16063,passthrough,13,13,13,13,13,13
01_13_12_03_0040.bmp,1,12,3,8,13,0.61196,0.16071,0.18188,passthrough,13,13,13,13,13,13
01_13_12_03_0042.bmp,0,12,3,8,13,0.58747,0.14033,0.18947,passthrough,13,13,13,13,20,13
01_13_12_03_0043.bmp,1,12,3,8,13,0.6076,0.15936,0.12925,passthrough,13,13,13,13,2,13
01_13_12_03_0044.bmp,1,12,3,8,13,0.60595,0.15841,0.13333,passthrough,13,13,13,13,13,13
01_13_12_03_0045.bmp,1,12,3,8,13,0.60494,0.15933,0.1269,passthrough,13,13,13,13,2,13
01_13_12_03_0046.bmp,0,12,3,8,13,0.59445,0.14971,0.25789,passthrough,13,13,13,13,40,13
01_13_12_03_0046.bmp,1,12,3,8,13,0.60137,0.15914,0.14255,passthrough,13,13,13,13,13,13
01_13_12_03_0047.bmp,0,12,3,8,13,0.59375,0.15027,0.28947,passthrough,13,13,13,13,13,13
01_13_12_03_0047.bmp,1,12,3,8,13,0.60118,0.1609,0.13418,passthrough,13,13,13,13,13,13
01_13_12_03_0048.bmp,0,12,3,8,13,0.57568,0.15384,0.20238,passthrough,13,13,13,13,13,13
01_13_12_03_0049.bmp,0,12,3,8,13,0.5808,0.15446,0.20238,passthrough,13,13,13,13,23,13
01_13_12_03_0050.bmp,1,12,3,8,13,0.6039,0.1612,0.12279,passthrough,13,13,13,13,13,13
01_13_12_03_0051.bmp,0,12,3,8,13,0.57845,0.16278,0.20238,passthrough,13,13,13,13,20,13
01_13_12_03_0051.bmp,1,12,3,8,13,0.6073,0.16184,0.15556,passthrough,13,13,13,13,13,13
01_13_12_03_0054.bmp,0,12,3,8,13,0.57374,0.158,0.16571,passthrough,13,13,13,13,20,13
01_13_12_03_0056.bmp,0,12,3,8,13,0.5723,0.15554,0.17333,passthrough,13,13,13,13,20,13
01_13_12_03_0059.bmp,0,12,3,8,13,0.57065,0.15382,0.15429,passthrough,13,13,13,13,20,13
01_13_12_03_0061.bmp,1,12,3,8,13,0.58279,0.16581,0.10868,passthrough,13,13,13,13,13,13
01_13_12_03_0063.bmp,0,12,3,8,13,0.57964,0.15836,0.2163,passthrough,13,13,13,13,13,13
01_13_12_03_0064.bmp,0,12,3,8,13,0.5857,0.15825,0.21333,passthrough,13,13,13,13,13,13
01_13_12_03_0065.bmp,0,12,3,8,13,0.58421,0.15666,0.2151,passthrough,13,13,13,13,19,13
01_13_12_03_0065.bmp,1,12,3,8,13,0.47908,0.05708,0.0,clahe,25,26,26,31,25,12
01_13_12_03_0066.bmp,1,12,3,8,13,0.48077,0.05619,0.0,clahe,25,40,40,31,25,12
01_13_12_03_0068.bmp,0,12,3,8,13,0.5826,0.16449,0.22679,passthrough,13,13,13,13,40,13
01_13_12_03_0069.bmp,0,12,3,8,13,0.58549,0.1609,0.20557,passthrough,13,13,13,13,13,13
01_13_12_03_0070.bmp,0,12,3,8,13,0.5878,0.16151,0.20955,passthrough,13,13,13,13,13,13
01_13_12_03_0070.bmp,1,12,3,8,13,0.48184,0.06302,0.0,clahe,12,40,40,31,12,12
01_13_12_03_0071.bmp,1,12,3,8,13,0.4806,0.06011,0.0,clahe,23,13,13,31,23,13
01_13_12_03_0072.bmp,0,12,3,8,13,0.59173,0.1696,0.22281,passthrough,13,13,13,13,40,13
01_13_12_03_0073.bmp,0,12,3,8,13,0.59324,0.17137,0.18519,passthrough,13,13,13,13,25,13
01_13_12_03_0073.bmp,1,12,3,8,13,0.48284,0.06612,0.0,clahe,12,23,23,31,12,12
01_13_12_03_0074.bmp,0,12,3,8,13,0.59504,0.16386,0.22136,passthrough,13,13,13,13,40,13
01_13_12_03_0076.bmp,1,12,3,8,13,0.48681,0.06529,0.0,clahe,23,18,18,31,23,12
01_13_12_03_0077.bmp,1,12,3,8,13,0.48831,0.06495,0.0,clahe,11,1,1,31,11,32
01_13_12_03_0078.bmp,1,12,3,8,13,0.48378,0.0694,0.0,clahe,25,1,1,31,25,31
01_13_12_03_0079.bmp,1,12,3,8,13,0.49213,0.0621,0.0,clahe,25,12,12,31,25,32
01_13_12_03_0080.bmp,0,12,3,8,13,0.59126,0.16741,0.19051,passthrough,13,13,13,13,13,13
01_13_12_03_0081.bmp,1,12,3,8,13,0.50513,0.08156,0.0,clahe,20,13,13,31,20,32
01_13_12_03_0085.bmp,0,12,3,8,13,0.58725,0.17134,0.18889,passthrough,13,13,13,13,13,13
01_13_12_03_0085.bmp,1,12,3,8,13,0.50123,0.08096,0.0,clahe,19,12,12,31,19,12
01_13_12_03_0086.bmp,0,12,3,8,13,0.58682,0.16774,0.15948,passthrough,13,13,13,13,13,13
01_13_12_03_0087.bmp,0,12,3,8,13,0.58666,0.17025,0.14205,passthrough,13,13,13,13,13,13
01_13_12_03_0088.bmp,0,12,3,8,13,0.58343,0.16997,0.17119,passthrough,13,13,13,13,2,13
01_13_12_03_0088.bmp,1,12,3,8,13,0.50775,0.08242,0.0,clahe,23,13,13,31,23,12
01_13_12_03_0090.bmp,1,12,3,8,13,0.51459,0.08143,0.0,clahe,23,40,40,31,23,12
01_13_12_03_0092.bmp,0,12,3,8,13,0.58558,0.17579,0.11983,passthrough,13,13,13,13,13,13
01_13_12_03_0092.bmp,1,12,3,8,13,0.51951,0.08844,0.01923,clahe,25,40,40,31,25,12
01_13_12_03_0096.bmp,0,12,3,8,13,0.58417,0.17454,0.10179,passthrough,13,13,13,13,13,13
01_13_12_03_0096.bmp,1,12,3,8,13,0.52824,0.08034,0.13942,clahe,25,13,13,31,25,32
01_13_12_03_0098.bmp,0,12,3,8,13,0.5781,0.17226,0.08203,passthrough,13,13,13,13,13,13
01_13_12_03_0100.bmp,0,12,3,8,13,0.58139,0.17343,0.08511,passthrough,13,13,13,13,13,13
01_13_12_03_0100.bmp,1,12,3,8,13,0.52784,0.09241,0.15809,clahe,0,13,13,31,0,12
01_13_12_03_0101.bmp,0,12,3,8,13,0.57519,0.17251,0.08306,passthrough,13,13,13,13,13,13
01_13_12_03_0103.bmp,1,12,3,8,13,0.53322,0.10029,0.04334,clahe,40,26,26,31,40,12
01_13_12_03_0104.bmp,1,12,3,8,13,0.52752,0.10357,0.0,clahe,25,39,39,31,25,12
01_13_12_03_0105.bmp,1,12,3,8,13,0.52336,0.08301,0.07647,clahe,40,13,13,31,40,13
01_13_12_03_0108.bmp,0,12,3,8,13,0.56828,0.20678,0.07386,passthrough,13,13,13,13,23,13
01_13_12_03_0109.bmp,1,12,3,8,13,0.53693,0.09279,0.14957,clahe,20,25,25,31,20,25
01_13_12_03_0111.bmp,0,12,3,8,13,0.54859,0.18497,0.0593,stretch,13,13,13,13,24,13
01_13_12_03_0113.bmp,0,12,3,8,13,0.54694,0.17521,0.03427,stretch,13,13,13,13,13,13
01_13_12_03_0113.bmp,1,12,3,8,13,0.53606,0.1244,0.17708,passthrough,13,13,40,32,23,13
01_13_12_03_0114.bmp,1,12,3,8,13,0.54026,0.1236,0.13889,passthrough,12,12,13,12,2,12
01_13_12_03_0115.bmp,1,12,3,8,13,0.54914,0.1286,0.08333,passthrough,12,12,13,31,40,12
01_13_12_03_0116.bmp,1,12,3,8,13,0.5453,0.12478,0.13889,passthrough,13,13,13,31,20,13
01_13_12_03_0118.bmp,0,12,3,8,13,0.49796,0.09974,0.04615,clahe,40,13,13,31,40,32
01_13_12_03_0118.bmp,1,12,3,8,13,0.54016,0.11591,0.10417,passthrough,12,12,13,31,20,12
01_13_12_03_0119.bmp,1,12,3,8,13,0.54218,0.11795,0.17535,passthrough,11,11,1,31,20,11
01_13_12_03_0121.bmp,0,12,3,8,13,0.48922,0.11017,0.16667,passthrough,12,12,1,31,40,12
01_13_12_03_0123.bmp,0,12,3,8,13,0.48614,0.10387,0.14815,clahe,2,13,13,31,2,13
01_13_12_03_0125.bmp,0,12,3,8,13,0.47722,0.1042,0.16553,clahe,40,40,40,32,40,13
01_13_12_03_0128.bmp,0,12,3,8,13,0.47225,0.09879,0.09043,clahe,20,13,13,32,20,13
01_13_12_03_0130.bmp,0,12,3,8,13,0.47056,0.09875,0.10308,clahe,20,40,40,32,20,13
01_13_12_03_0130.bmp,1,12,3,8,13,0.53815,0.11766,0.1069,passthrough,13,13,40,31,19,13
01_13_12_03_0131.bmp,0,12,3,8,13,0.46798,0.09906,0.09143,clahe,40,23,23,32,40,13
01_13_12_03_0132.bmp,0,12,3,8,13,0.47015,0.10093,0.09286,clahe,20,13,13,32,20,13
01_13_12_03_0134.bmp,0,12,3,8,13,0.46774,0.10056,0.08676,clahe,40,13,13,32,40,13
01_13_12_03_0140.bmp,1,12,3,8,13,0.54245,0.11414,0.10612,passthrough,13,13,13,13,20,13
01_13_12_03_0141.bmp,0,12,3,8,13,0.47493,0.11377,0.10133,passthrough,13,13,14,32,20,13
01_13_12_03_0141.bmp,1,12,3,8,13,0.54505,0.11391,0.09444,passthrough,13,13,13,13,20,13
01_13_12_03_0142.bmp,1,12,3,8,13,0.54586,0.11277,0.06373,stretch,25,25,13,13,23,13
01_13_12_03_0143.bmp,1,12,3,8,13,0.5466,0.1133,0.07198,stretch,13,13,40,13,25,13
01_13_12_03_0144.bmp,0,12,3,8,13,0.4615,0.10406,0.05479,clahe,20,13,13,32,20,13
01_13_12_03_0144.bmp,1,12,3,8,13,0.54479,0.11207,0.08282,passthrough,13,13,1,13,20,13
01_13_12_03_0148.bmp,0,12,3,8,13,0.4667,0.11661,0.05592,stretch,13,13,13,32,20,13
01_13_12_03_0150.bmp,1,12,3,8,13,0.54614,0.11376,0.0696,stretch,13,13,13,13,13,13
01_13_12_03_0151.bmp,0,12,3,8,13,0.4624,0.11508,0.04337,stretch,13,13,13,32,20,13
01_13_12_03_0152.bmp,0,12,3,8,13,0.46306,0.11835,0.0582,stretch,13,13,13,32,20,13
01_13_12_03_0153.bmp,1,12,3,8,13,0.55102,0.11468,0.07326,passthrough,13,13,13,13,20,13
01_13_12_03_0155.bmp,0,12,3,8,13,0.46437,0.11973,0.04771,stretch,13,13,13,32,20,13
01_13_12_03_0155.bmp,1,12,3,8,13,0.55402,0.11472,0.12037,passthrough,13,13,13,13,25,13
01_13_12_03_0156.bmp,0,12,3,8,13,0.46174,0.12077,0.04762,stretch,13,13,13,32,25,13
01_13_12_03_0158.bmp,0,12,3,8,13,0.46143,0.12321,0.03956,stretch,13,13,13,32,25,13
01_13_12_03_0159.bmp,0,12,3,8,13,0.4636,0.1245,0.03819,stretch,13,13,13,13,25,13
01_13_12_03_0160.bmp,1,12,3,8,13,0.55625,0.11582,0.12103,passthrough,13,13,13,13,13,13
01_13_12_03_0161.bmp,0,12,3,8,13,0.46563,0.12904,0.03468,stretch,13,13,13,13,25,13
01_13_12_03_0163.bmp,1,12,3,8,13,0.55903,0.11337,0.11243,passthrough,13,13,13,13,13,13
01_13_12_03_0164.bmp,1,12,3,8,13,0.55889,0.11421,0.11706,passthrough,13,13,13,13,13,13
01_13_12_03_0168.bmp,1,12,3,8,13,0.56069,0.11396,0.17328,passthrough,13,13,13,13,13,13
01_13_12_03_0169.bmp,0,12,3,8,13,0.50386,0.08517,0.16667,clahe,42,13,13,31,42,38
01_13_12_03_0170.bmp,1,12,3,8,13,0.56286,0.11215,0.14411,passthrough,13,13,13,13,13,13
01_13_12_03_0172.bmp,1,12,3,8,13,0.56341,0.11145,0.14504,passthrough,13,13,13,13,19,13
01_13_12_03_0173.bmp,1,12,3,8,13,0.53554,0.11916,0.15197,passthrough,13,13,13,13,25,13
01_13_12_03_0174.bmp,1,12,3,8,13,0.50691,0.10696,0.09568,passthrough,13,13,13,13,25,13
01_13_12_03_0176.bmp,1,12,3,8,13,0.56263,0.11038,0.14103,passthrough,13,13,13,13,13,13
01_13_12_03_0177.bmp,1,12,3,8,13,0.56368,0.11446,0.15324,passthrough,13,13,13,13,13,13
01_13_12_03_0178.bmp,0,12,3,8,13,0.50585,0.0805,0.0,clahe,23,13,13,31,23,31
01_13_12_03_0179.bmp,1,12,3,8,13,0.56545,0.11605,0.15079,passthrough,13,13,13,13,20,13
01_13_12_03_0181.bmp,0,12,3,8,13,0.50612,0.08286,0.21212,clahe,42,12,12,31,42,12
01_13_12_03_0181.bmp,1,12,3,8,13,0.56759,0.11566,0.11661,passthrough,13,13,13,13,13,13
01_13_12_03_0182.bmp,0,12,3,8,13,0.50969,0.08591,0.26515,clahe,42,1,1,31,42,12
01_13_12_03_0184.bmp,0,12,3,8,13,0.50761,0.0818,0.24242,clahe,42,13,13,31,42,32
01_13_12_03_0184.bmp,1,12,3,8,13,0.56723,0.11655,0.16178,passthrough,13,13,13,13,13,13
01_13_12_03_0185.bmp,1,12,3,8,13,0.56648,0.11701,0.14957,passthrough,13,13,13,13,13,13
01_13_12_03_0186.bmp,0,12,3,8,13,0.50853,0.08759,0.2803,clahe,1,12,12,31,1,32
01_13_12_03_0187.bmp,0,12,3,8,13,0.50995,0.08657,0.15909,clahe,1,26,26,31,1,12
01_13_12_03_0188.bmp,0,12,3,8,13,0.51129,0.083,0.18939,clahe,12,40,40,31,12,12
01_13_12_03_0189.bmp,0,12,3,8,13,0.50995,0.08363,0.31061,clahe,25,13,13,31,25,32
01_13_12_03_0190.bmp,0,12,3,8,13,0.51239,0.08649,0.25,clahe,12,40,40,31,12,31
01_13_12_03_0192.bmp,0,12,3,8,13,0.51191,0.08607,0.0,clahe,25,25,25,31,25,31
01_13_12_03_0193.bmp,1,12,3,8,13,0.56892,0.11709,0.13187,passthrough,13,13,13,13,13,13
01_13_12_03_0194.bmp,0,12,3,8,13,0.51007,0.09029,0.25758,clahe,12,40,40,12,12,12
01_13_12_03_0196.bmp,0,12,3,8,13,0.51231,0.08798,0.25,clahe,0,12,12,31,0,13
01_13_12_03_0196.bmp,1,12,3,8,13,0.5697,0.11656,0.13492,passthrough,13,13,13,13,13,13
01_13_12_03_0197.bmp,0,12,3,8,13,0.51059,0.09148,0.22222,clahe,25,40,40,31,25,12
01_13_12_03_0199.bmp,0,12,3,8,13,0.50754,0.09852,0.07738,clahe,23,12,12,31,23,32
01_13_12_03_0199.bmp,1,12,3,8,13,0.56903,0.11946,0.16239,passthrough,13,13,13,13,13,13
01_13_12_03_0200.bmp,1,12,3,8,13,0.57042,0.11744,0.13431,passthrough,13,13,13,13,13,13
01_13_12_03_0201.bmp,1,12,3,8,13,0.57096,0.11823,0.15018,passthrough,13,13,13,13,20,13
01_13_12_03_0204.bmp,0,12,3,8,13,0.51622,0.09203,0.25,clahe,12,40,40,31,12,12
01_13_12_03_0204.bmp,1,12,3,8,13,0.5705,0.11899,0.16117,passthrough,13,13,13,13,13,13
01_13_12_03_0205.bmp,0,12,3,8,13,0.51888,0.09149,0.18452,clahe,25,13,13,31,25,12
01_13_12_03_0205.bmp,1,12,3,8,13,0.57077,0.11715,0.10012,passthrough,13,13,40,13,13,13
01_13_12_03_0206.bmp,1,12,3,8,13,0.5702,0.11741,0.12515,passthrough,13,13,13,13,13,13
01_13_12_03_0207.bmp,1,12,3,8,13,0.57002,0.11828,0.15507,passthrough,13,13,13,13,13,13
01_13_12_03_0208.bmp,0,12,3,8,13,0.5048,0.09446,0.19485,clahe,25,40,40,31,25,13
01_13_12_03_0209.bmp,1,12,3,8,13,0.5703,0.11799,0.15568,passthrough,13,13,13,13,20,13
01_13_12_03_0210.bmp,0,12,3,8,13,0.50885,0.09779,0.17708,clahe,40,13,13,31,40,13
01_13_12_03_0210.bmp,1,12,3,8,13,0.57002,0.11884,0.15263,passthrough,13,13,13,13,13,13
01_13_12_03_0211.bmp,0,12,3,8,13,0.50228,0.09356,0.1548,clahe,40,13,13,13,40,13
01_13_12_03_0212.bmp,0,12,3,8,13,0.50718,0.09156,0.02083,clahe,40,40,40,12,40,13
01_13_12_03_0212.bmp,1,12,3,8,13,0.57014,0.11656,0.16545,passthrough,13,13,13,13,13,13
01_13_12_03_0213.bmp,0,12,3,8,13,0.50832,0.08964,0.15625,clahe,40,12,12,31,40,13
01_13_12_03_0214.bmp,0,12,3,8,13,0.4979,0.08175,0.16343,clahe,20,12,12,31,20,13
01_13_12_03_0214.bmp,1,12,3,8,13,0.56992,0.11966,0.13492,passthrough,13,13,13,13,13,13
01_13_12_03_0217.bmp,1,12,3,8,13,0.56882,0.11786,0.1337,passthrough,13,13,13,13,13,13
01_13_12_03_0218.bmp,0,12,3,8,13,0.50727,0.10911,0.12865,passthrough,13,13,13,13,20,13
01_13_12_03_0218.bmp,1,12,3,8,13,0.5699,0.11818,0.14164,passthrough,13,13,13,13,13,13
01_13_12_03_0220.bmp,0,12,3,8,13,0.50599,0.11458,0.10394,passthrough,13,13,13,13,20,13
01_13_12_03_0221.bmp,1,12,3,8,13,0.57019,0.11813,0.1569,passthrough,13,13,13,13,13,13
01_13_12_03_0222.bmp,0,12,3,8,13,0.50468,0.11731,0.12608,passthrough,13,13,13,13,20,13
01_13_12_03_0222.bmp,1,12,3,8,13,0.56987,0.1171,0.12759,passthrough,13,13,13,13,13,13
01_13_12_03_0223.bmp,1,12,3,8,13,0.57062,0.11541,0.15201,passthrough,13,13,13,13,13,13
01_13_12_03_0225.bmp,1,12,3,8,13,0.56952,0.11625,0.13492,passthrough,13,13,13,13,13,13
01_13_12_03_0227.bmp,0,12,3,8,13,0.50256,0.11969,0.09084,passthrough,13,13,23,13,20,13
01_13_12_03_0230.bmp,1,12,3,8,13,0.58081,0.12074,0.16239,passthrough,13,13,13,13,13,13
01_13_12_03_0231.bmp,0,12,3,8,13,0.49337,0.12045,0.07194,stretch,13,13,13,13,20,13
01_13_12_03_0232.bmp,1,12,3,8,13,0.58297,0.12477,0.16239,passthrough,13,13,13,13,13,13
01_13_12_03_0235.bmp,0,12,3,8,13,0.49005,0.12951,0.0704,stretch,13,13,13,13,25,13
01_13_12_03_0236.bmp,0,12,3,8,13,0.49698,0.13606,0.07027,stretch,13,13,13,13,25,13
01_13_12_03_0237.bmp,0,12,3,8,13,0.50329,0.13709,0.08203,passthrough,13,13,13,13,24,13
01_13_12_03_0238.bmp,0,12,3,8,13,0.50822,0.14214,0.09681,passthrough,13,13,13,13,25,13
01_13_12_03_0238.bmp,1,12,3,8,13,0.57936,0.12307,0.15018,passthrough,13,13,13,13,13,13
01_13_12_03_0239.bmp,0,12,3,8,13,0.50769,0.14543,0.08008,passthrough,13,13,13,13,20,13
01_13_12_03_0240.bmp,0,12,3,8,13,0.51162,0.15442,0.07036,stretch,13,13,13,13,13,13
01_13_12_03_0241.bmp,0,12,3,8,13,0.51698,0.15731,0.0832,passthrough,13,13,13,13,25,13
01_13_12_03_0242.bmp,0,12,3,8,13,0.51446,0.15543,0.08093,passthrough,13,13,13,13,13,13
01_13_12_03_0242.bmp,1,12,3,8,13,0.57726,0.12044,0.14835,passthrough,13,13,13,13,13,13
01_13_12_03_0243.bmp,0,12,3,8,13,0.51106,0.1606,0.06076,stretch,13,13,13,13,25,13
01_13_12_03_0246.bmp,0,12,3,8,13,0.49154,0.14635,0.08065,passthrough,13,13,14,13,25,13
01_13_12_03_0248.bmp,1,12,3,8,13,0.57569,0.11833,0.14896,passthrough,13,13,13,13,13,13
01_13_12_03_0249.bmp,0,12,3,8,13,0.50666,0.15334,0.06005,stretch,13,13,13,13,13,13
01_13_12_03_0249.bmp,1,12,3,8,13,0.57618,0.12122,0.13553,passthrough,13,13,13,13,13,13
01_13_12_03_0252.bmp,0,12,3,8,13,0.51127,0.15764,0.05168,stretch,13,13,13,13,13,13
01_13_12_03_0254.bmp,1,12,3,8,13,0.57651,0.11901,0.16606,passthrough,13,13,13,13,25,13
01_13_12_03_0256.bmp,0,12,3,8,13,0.50865,0.15541,0.05138,stretch,13,13,13,13,13,13
01_13_12_03_0257.bmp,0,12,3,8,13,0.50873,0.15351,0.04587,stretch,13,13,13,13,13,13
01_13_12_03_0258.bmp,1,12,3,8,13,0.57513,0.11847,0.16056,passthrough,13,13,13,13,13,13
01_13_12_03_0260.bmp,1,12,3,8,13,0.57429,0.12067,0.14469,passthrough,13,13,13,13,13,13
01_13_12_03_0262.bmp,1,12,3,8,13,0.57589,0.1204,0.16361,passthrough,13,13,13,13,25,13
01_13_12_03_0267.bmp,0,12,3,8,13,0.50858,0.13528,0.03376,stretch,13,13,13,13,13,13
01_13_12_03_0267.bmp,1,12,3,8,13,0.57592,0.11872,0.16056,passthrough,13,13,13,13,13,13
01_13_12_03_0268.bmp,1,12,3,8,13,0.57555,0.11942,0.116,passthrough,13,13,13,13,13,13
01_13_12_03_0269.bmp,0,12,3,8,13,0.50264,0.13012,0.02214,stretch,13,13,13,13,13,13
01_13_12_03_0275.bmp,0,12,3,8,13,0.57607,0.11883,0.16117,passthrough,13,13,13,13,13,13
01_13_12_03_0277.bmp,0,12,3,8,13,0.57504,0.12019,0.13248,passthrough,13,13,13,13,13,13
01_13_12_03_0279.bmp,0,12,3,8,13,0.57542,0.11911,0.11905,passthrough,13,13,13,13,13,13
01_13_12_03_0281.bmp,0,12,3,8,13,0.57552,0.1197,0.16056,passthrough,13,13,13,13,13,13
01_13_12_03_0285.bmp,0,12,3,8,13,0.57519,0.11777,0.14225,passthrough,13,13,13,13,13,13
01_13_12_03_0286.bmp,0,12,3,8,13,0.57573,0.11978,0.13492,passthrough,13,13,13,13,13,13
01_13_12_03_0287.bmp,0,12,3,8,13,0.57571,0.12039,0.14042,passthrough,13,13,13,13,13,13
01_13_12_03_0290.bmp,0,12,3,8,13,0.57239,0.11799,0.11538,passthrough,13,13,13,13,13,13
01_13_12_03_0291.bmp,0,12,3,8,13,0.57095,0.11759,0.15873,passthrough,13,13,13,13,13,13
01_13_12_03_0299.bmp,0,12,3,8,13,0.56823,0.11329,0.06838,stretch,13,13,13,13,13,13
01_13_12_03_0302.bmp,0,12,3,8,13,0.56494,0.11039,0.12999,passthrough,13,13,13,13,13,13
01_13_12_03_0305.bmp,0,12,3,8,13,0.56158,0.1083,0.10256,passthrough,13,13,13,13,13,13
01_13_12_03_0306.bmp,0,12,3,8,13,0.56069,0.10941,0.1294,passthrough,13,13,13,13,13,13
01_13_12_03_0308.bmp,0,12,3,8,13,0.56126,0.10692,0.1133,passthrough,13,13,13,13,13,13
01_13_12_03_0320.bmp,0,12,3,8,13,0.55853,0.11417,0.13458,passthrough,13,13,13,13,13,13
01_13_12_03_0325.bmp,0,12,3,8,13,0.5674,0.13337,0.10431,passthrough,13,13,13,13,13,13
01_13_12_03_0328.bmp,0,12,3,8,13,0.5646,0.13352,0.1087,passthrough,13,13,13,13,13,13
01_13_12_03_0329.bmp,0,12,3,8,13,0.56386,0.13547,0.10697,passthrough,13,13,13,13,13,13
01_13_12_03_0332.bmp,0,12,3,8,13,0.56444,0.13955,0.09876,passthrough,13,13,13,13,13,13
01_13_12_03_0339.bmp,0,12,3,8,13,0.57428,0.15425,0.13673,passthrough,13,13,13,13,13,13
01_13_12_03_0340.bmp,0,12,3,8,13,0.57808,0.15515,0.12977,passthrough,13,13,13,13,13,13
01_13_12_03_0343.bmp,0,12,3,8,13,0.57599,0.15312,0.14209,passthrough,13,13,13,13,13,13
01_13_12_03_0347.bmp,0,12,3,8,13,0.57477,0.15877,0.12667,passthrough,13,13,13,13,13,13
01_13_12_03_0350.bmp,0,12,3,8,13,0.56415,0.16091,0.10989,passthrough,13,13,13,13,25,13
01_13_12_03_0352.bmp,0,12,3,8,13,0.54705,0.1456,0.08139,passthrough,13,13,13,13,25,13
01_13_12_03_0353.bmp,0,12,3,8,13,0.5394,0.13855,0.08466,passthrough,13,13,13,13,25,13
01_13_12_03_0354.bmp,0,12,3,8,13,0.52983,0.13326,0.06637,stretch,13,13,13,13,25,13
01_13_12_03_0355.bmp,0,12,3,8,13,0.52242,0.12348,0.06467,stretch,13,13,13,13,25,13
01_13_12_03_0357.bmp,0,12,3,8,13,0.51385,0.12994,0.12261,passthrough,13,13,13,13,23,13
01_13_12_03_0358.bmp,0,12,3,8,13,0.51253,0.13452,0.0999,passthrough,13,13,13,13,23,13
01_13_12_03_0360.bmp,0,12,3,8,13,0.515,0.14814,0.0725,stretch,13,13,13,13,25,13
01_13_12_03_0363.bmp,0,12,3,8,13,0.51249,0.15518,0.0564,stretch,13,13,13,13,20,13
01_13_12_03_0367.bmp,0,12,3,8,13,0.51284,0.16082,0.05276,stretch,13,13,13,13,25,13
01_13_12_03_0372.bmp,0,12,3,8,13,0.49417,0.14048,0.03664,stretch,13,13,13,13,13,13
01_13_12_03_0373.bmp,0,12,3,8,13,0.49262,0.13569,0.03995,stretch,13,13,13,13,13,13
01_13_12_03_0376.bmp,0,12,3,8,13,0.49634,0.15083,0.04813,stretch,13,13,13,13,13,13
01_13_12_03_0379.bmp,0,12,3,8,13,0.50142,0.15931,0.04781,stretch,13,13,13,13,13,13
01_13_12_03_0381.bmp,0,12,3,8,13,0.52045,0.16923,0.06017,stretch,13,13,13,13,13,13
01_13_12_03_0384.bmp,0,12,3,8,13,0.52837,0.16144,0.06574,stretch,13,13,8,13,25,13
01_13_12_03_0387.bmp,0,12,3,8,13,0.52063,0.09338,0.16529,clahe,42,18,18,31,42,12
01_13_12_03_0388.bmp,0,12,3,8,13,0.51706,0.09485,0.19008,clahe,42,13,13,31,42,12
01_13_12_03_0390.bmp,0,12,3,8,13,0.5205,0.09741,0.24793,clahe,42,13,13,31,42,12
01_13_12_03_0391.bmp,0,12,3,8,13,0.51635,0.10828,0.23967,passthrough,13,13,18,13,42,13
01_13_12_03_0395.bmp,0,12,3,8,13,0.51949,0.11128,0.27273,passthrough,12,12,13,31,42,12
01_13_12_03_0396.bmp,0,12,3,8,13,0.52685,0.10511,0.30579,clahe,12,13,13,31,12,12
01_13_12_03_0402.bmp,0,12,3,8,13,0.53781,0.09958,0.16529,clahe,12,13,13,31,12,32
01_13_12_03_0407.bmp,0,12,3,8,13,0.52462,0.09536,0.20661,clahe,42,13,13,31,42,32
01_13_12_03_0409.bmp,0,12,3,8,13,0.53505,0.0964,0.30579,clahe,42,13,13,12,42,12
01_13_12_03_0414.bmp,0,12,3,8,13,0.51434,0.11308,0.26446,passthrough,13,13,13,31,42,13
01_13_12_03_0423.bmp,0,12,3,8,13,0.52611,0.14401,0.22314,passthrough,13,13,13,31,42,13
01_13_12_03_0424.bmp,0,12,3,8,13,0.5311,0.14104,0.24793,passthrough,13,13,13,31,1,13
01_13_12_03_0426.bmp,0,12,3,8,13,0.53476,0.14441,0.24793,passthrough,13,13,13,31,13,13
01_13_12_03_0427.bmp,0,12,3,8,13,0.53016,0.14741,0.21488,passthrough,13,13,13,36,12,13
01_13_12_03_0428.bmp,0,12,3,8,13,0.53502,0.15103,0.22314,passthrough,13,13,13,31,12,13
01_13_12_03_0434.bmp,0,12,3,8,13,0.52142,0.13971,0.19524,passthrough,13,13,13,13,40,13
01_13_12_03_0437.bmp,0,12,3,8,13,0.52682,0.1258,0.20476,passthrough,13,13,13,31,2,13
01_13_12_03_0438.bmp,0,12,3,8,13,0.52622,0.13039,0.22857,passthrough,13,13,13,31,19,13
01_13_12_03_0443.bmp,0,12,3,8,13,0.51298,0.13042,0.16319,passthrough,13,13,40,31,25,13
01_13_12_03_0445.bmp,0,12,3,8,13,0.5106,0.13711,0.19118,passthrough,13,13,40,31,23,13
01_13_12_03_0446.bmp,0,12,3,8,13,0.51423,0.13558,0.18382,passthrough,13,13,40,13,20,13
01_13_12_03_0447.bmp,0,12,3,8,13,0.52295,0.13524,0.22656,passthrough,13,13,40,31,25,13
01_13_12_03_0449.bmp,0,12,3,8,13,0.51318,0.13411,0.25387,passthrough,13,13,13,13,2,13
01_13_12_03_0451.bmp,0,12,3,8,13,0.50703,0.12991,0.15608,passthrough,13,13,13,13,20,13
01_13_12_03_0455.bmp,0,12,3,8,13,0.50882,0.12658,0.12391,passthrough,13,13,13,13,40,13
01_13_12_03_0460.bmp,0,12,3,8,13,0.53691,0.12969,0.15217,passthrough,13,13,13,13,19,13
01_13_12_03_0463.bmp,0,12,3,8,13,0.54126,0.14422,0.18379,passthrough,13,13,13,13,19,13
01_13_12_03_0464.bmp,0,12,3,8,13,0.54758,0.15824,0.16601,passthrough,13,13,13,13,19,13
01_13_12_03_0467.bmp,0,12,3,8,13,0.53609,0.16682,0.14963,passthrough,13,13,13,13,40,13
01_13_12_03_0471.bmp,0,12,3,8,13,0.52338,0.1713,0.09195,passthrough,13,13,13,13,13,13
01_13_12_03_0474.bmp,0,12,3,8,13,0.51496,0.15757,0.10227,passthrough,13,13,13,13,20,13
01_13_12_03_0477.bmp,0,12,3,8,13,0.5191,0.15141,0.09211,passthrough,13,13,13,13,20,13
01_13_12_03_0478.bmp,0,12,3,8,13,0.51273,0.14833,0.10256,passthrough,13,13,13,13,23,13
01_13_12_03_0480.bmp,0,12,3,8,13,0.50457,0.14684,0.08504,passthrough,13,13,13,13,25,13
01_13_12_03_0488.bmp,0,12,3,8,13,0.49949,0.13616,0.07778,passthrough,13,13,13,13,13,13
01_13_12_03_0491.bmp,0,12,3,8,13,0.51402,0.14381,0.11544,passthrough,13,13,13,13,13,13
01_13_12_03_0493.bmp,0,12,3,8,13,0.51078,0.14255,0.08896,passthrough,13,13,13,13,13,13
01_13_12_03_0495.bmp,0,12,3,8,13,0.50608,0.13812,0.07986,passthrough,13,13,13,13,13,13
01_13_12_03_0502.bmp,0,12,3,8,13,0.50531,0.14315,0.05482,stretch,13,13,13,13,13,13
01_13_12_03_0503.bmp,0,12,3,8,13,0.50503,0.14226,0.06014,stretch,13,13,13,13,13,13
01_13_12_03_0505.bmp,0,12,3,8,13,0.50961,0.14119,0.05246,stretch,13,13,13,13,13,13
01_13_12_03_0508.bmp,0,12,3,8,13,0.50218,0.14546,0.03907,stretch,13,13,13,13,13,13
01_13_12_03_0509.bmp,0,12,3,8,13,0.50735,0.143,0.04134,stretch,13,13,13,13,13,13
01_13_12_03_0513.bmp,0,12,3,8,13,0.51665,0.13614,0.02653,stretch,13,13,13,13,24,13
01_13_12_03_0514.bmp,0,12,3,8,13,0.50409,0.13204,0.02556,stretch,13,13,13,13,25,13
01_13_12_03_0515.bmp,0,12,3,8,13,0.49877,0.12625,0.02532,stretch,25,25,14,13,25,25
01_13_12_03_0517.bmp,0,12,3,8,13,0.53048,0.09384,0.16783,clahe,12,13,13,12,12,12
01_13_12_03_0521.bmp,0,12,3,8,13,0.51959,0.0889,0.23077,clahe,42,23,23,31,42,12
01_13_12_03_0523.bmp,0,12,3,8,13,0.49766,0.10653,0.13421,passthrough,13,13,13,31,40,13
01_13_12_03_0525.bmp,0,12,3,8,13,0.51049,0.10709,0.16447,passthrough,13,13,40,31,12,13
01_13_12_03_0526.bmp,0,12,3,8,13,0.51455,0.08324,0.16084,clahe,12,23,23,31,12,32
01_13_12_03_0532.bmp,0,12,3,8,13,0.51427,0.08224,0.17483,clahe,25,40,40,31,25,12
01_13_12_03_0534.bmp,0,12,3,8,13,0.51756,0.07722,0.16084,clahe,23,12,12,31,23,31
01_13_12_03_0535.bmp,0,12,3,8,13,0.54301,0.12053,0.25694,passthrough,12,12,13,31,20,12
01_13_12_03_0536.bmp,0,12,3,8,13,0.51781,0.07987,0.16783,clahe,12,13,13,31,12,12
01_13_12_03_0538.bmp,0,12,3,8,13,0.51641,0.0854,0.1958,clahe,42,13,13,32,42,32
01_13_12_03_0539.bmp,0,12,3,8,13,0.54645,0.11129,0.23704,passthrough,12,12,13,31,40,12
01_13_12_03_0540.bmp,0,12,3,8,13,0.51847,0.08622,0.16783,clahe,11,13,13,31,11,13
01_13_12_03_0547.bmp,0,12,3,8,13,0.5486,0.1104,0.27431,passthrough,13,13,40,31,20,13
01_13_12_03_0550.bmp,0,12,3,8,13,0.51288,0.07844,0.0,clahe,42,12,12,31,42,32
01_13_12_03_0551.bmp,0,12,3,8,13,0.54016,0.11252,0.19608,passthrough,13,13,13,31,40,13
01_13_12_03_0554.bmp,0,12,3,8,13,0.51534,0.09219,0.13287,clahe,42,13,13,32,42,32
01_13_12_03_0555.bmp,0,12,3,8,13,0.54116,0.11191,0.17593,passthrough,12,12,12,31,40,12
01_13_12_03_0560.bmp,0,12,3,8,13,0.52162,0.08117,0.0,clahe,1,40,40,31,1,32
01_13_12_03_0561.bmp,0,12,3,8,13,0.53686,0.10903,0.14444,passthrough,12,12,12,31,25,12
01_13_12_03_0562.bmp,0,12,3,8,13,0.52483,0.07591,0.0,clahe,42,13,13,31,42,32
01_13_12_03_0563.bmp,0,12,3,8,13,0.53543,0.1063,0.14815,passthrough,12,12,13,12,40,12
01_13_12_03_0569.bmp,0,12,3,8,13,0.52489,0.11101,0.20401,passthrough,13,13,13,13,20,13
01_13_12_03_0574.bmp,0,12,3,8,13,0.50151,0.09217,0.14423,clahe,12,40,40,31,12,13
01_13_12_03_0575.bmp,0,12,3,8,13,0.51902,0.11055,0.1954,passthrough,13,13,13,13,40,13
01_13_12_03_0576.bmp,0,12,3,8,13,0.49821,0.08711,0.16346,clahe,12,40,40,31,12,12
01_13_12_03_0577.bmp,0,12,3,8,13,0.52138,0.10797,0.18135,passthrough,13,13,13,13,20,13
01_13_12_03_0579.bmp,0,12,3,8,13,0.52826,0.11786,0.17019,passthrough,13,13,13,13,2,13
01_13_12_03_0581.bmp,0,12,3,8,13,0.52155,0.1123,0.18787,passthrough,13,13,13,13,20,13
01_13_12_03_0583.bmp,0,12,3,8,13,0.51934,0.10751,0.15458,passthrough,13,13,13,13,40,13
01_13_12_03_0584.bmp,0,12,3,8,13,0.49738,0.08917,0.17195,clahe,25,40,40,32,25,13
01_13_12_03_0588.bmp,0,12,3,8,13,0.49227,0.097,0.20814,clahe,12,40,40,31,12,32
01_13_12_03_0589.bmp,0,12,3,8,13,0.50664,0.10418,0.08333,clahe,20,13,13,13,20,13
01_13_12_03_0591.bmp,0,12,3,8,13,0.50677,0.10474,0.11837,clahe,20,13,13,13,20,13
01_13_12_03_0600.bmp,0,12,3,8,13,0.50497,0.11247,0.10039,passthrough,13,13,13,13,19,13
01_13_12_03_0605.bmp,0,12,3,8,13,0.50676,0.11971,0.12283,passthrough,13,13,13,13,20,13
01_13_12_03_0610.bmp,0,12,3,8,13,0.50859,0.12218,0.11644,passthrough,13,13,13,13,25,13
01_13_12_03_0613.bmp,0,12,3,8,13,0.51728,0.12856,0.11584,passthrough,13,13,13,13,25,13
01_13_12_03_0615.bmp,0,12,3,8,13,0.526,0.13144,0.09974,passthrough,13,13,13,13,13,13
01_13_12_03_0621.bmp,0,12,3,8,13,0.52485,0.13201,0.07166,stretch,13,13,13,13,13,13
01_13_12_03_0622.bmp,0,12,3,8,13,0.52113,0.13506,0.07733,passthrough,13,13,13,13,13,13
01_13_12_03_0624.bmp,0,12,3,8,13,0.52593,0.14688,0.05101,stretch,13,13,13,13,13,13
01_13_12_03_0626.bmp,0,12,3,8,13,0.52276,0.14951,0.05416,stretch,13,13,13,13,25,13
01_03_12_04_0002.bmp,0,12,4,8,9,0.63836,0.07875,0.16667,clahe,0,0,0,31,0,13
01_03_12_04_0004.bmp,0,12,4,8,9,0.63385,0.08119,0.1971,clahe,20,13,13,31,20,13
01_03_12_04_0009.bmp,0,12,4,8,9,0.61854,0.0879,0.09167,clahe,25,13,13,17,25,13
01_03_12_04_0010.bmp,0,12,4,8,9,0.61432,0.09266,0.22667,clahe,25,13,13,13,25,13
01_03_12_04_0018.bmp,0,12,4,8,9,0.59549,0.09507,0.20378,clahe,23,13,13,13,23,13
01_03_12_04_0025.bmp,0,12,4,8,9,0.56588,0.09839,0.15968,clahe,23,25,25,16,23,13
01_03_12_04_0028.bmp,0,12,4,8,9,0.54916,0.09515,0.15483,clahe,23,4,4,13,23,13
01_03_12_04_0029.bmp,0,12,4,8,9,0.54972,0.09531,0.14601,clahe,23,13,13,13,23,13
01_03_12_04_0030.bmp,0,12,4,8,9,0.54208,0.09205,0.13439,clahe,25,13,13,13,25,13
01_03_12_04_0038.bmp,0,12,4,8,9,0.50556,0.09041,0.11487,clahe,23,25,25,31,23,13
01_03_12_04_0042.bmp,0,12,4,8,9,0.50179,0.09866,0.1344,clahe,25,14,14,13,25,13
01_03_12_04_0044.bmp,0,12,4,8,9,0.50532,0.10197,0.11447,clahe,25,14,14,13,25,13
01_03_12_04_0046.bmp,0,12,4,8,9,0.5061,0.10169,0.1225,clahe,23,13,13,13,23,13
01_03_12_04_0048.bmp,0,12,4,8,9,0.51101,0.11607,0.10779,passthrough,13,13,13,13,23,13
01_03_12_04_0049.bmp,0,12,4,8,9,0.50651,0.10929,0.13131,passthrough,13,13,13,13,23,13
01_03_12_04_0055.bmp,0,12,4,8,9,0.49957,0.1058,0.1234,clahe,23,13,13,13,23,13
01_03_12_04_0059.bmp,0,12,4,8,9,0.63899,0.07899,0.04764,clahe,23,40,40,13,23,13
01_03_12_04_0060.bmp,0,12,4,8,9,0.63708,0.08008,0.05504,clahe,23,41,41,13,23,13
01_03_12_04_0065.bmp,0,12,4,8,9,0.61824,0.07844,0.01148,clahe,25,25,25,13,25,13
01_03_12_04_0066.bmp,0,12,4,8,9,0.61968,0.0792,0.05482,clahe,25,41,41,31,25,13
01_03_12_04_0068.bmp,0,12,4,8,9,0.61815,0.07958,0.0032,clahe,25,14,14,13,25,13
01_03_12_04_0069.bmp,0,12,4,8,9,0.61866,0.08296,0.04863,clahe,25,14,14,13,25,13
01_03_12_04_0071.bmp,0,12,4,8,9,0.61806,0.08418,0.02615,clahe,25,25,25,13,25,13
01_03_12_04_0073.bmp,0,12,4,8,9,0.60939,0.08356,0.04282,clahe,41,14,14,13,41,13
01_03_12_04_0074.bmp,0,12,4,8,9,0.6079,0.08498,0.03081,clahe,2,14,14,13,2,13
01_03_12_04_0076.bmp,0,12,4,8,9,0.59898,0.09411,0.01947,clahe,23,14,14,13,23,13
01_03_12_04_0077.bmp,0,12,4,8,9,0.59452,0.09531,0.04507,clahe,23,9,9,13,23,13
01_03_12_04_0078.bmp,0,12,4,8,9,0.58783,0.09299,0.04919,clahe,23,4,4,13,23,13
01_03_12_04_0079.bmp,0,12,4,8,9,0.58061,0.0917,0.04664,clahe,23,25,25,13,23,13
01_03_12_04_0080.bmp,0,12,4,8,9,0.57164,0.09558,0.0475,clahe,41,4,4,13,41,13
01_03_12_04_0081.bmp,0,12,4,8,9,0.56906,0.09959,0.05037,clahe,23,41,41,13,23,13
01_03_12_04_0084.bmp,0,12,4,8,9,0.54736,0.10509,0.05327,clahe,23,25,25,13,23,13
01_06_12_04_0002.bmp,1,12,4,8,14,0.78521,0.0574,0.05,clahe,20,25,25,36,20,11
01_06_12_04_0003.bmp,0,12,4,8,14,0.64448,0.08737,0.09936,clahe,24,13,13,13,24,25
01_06_12_04_0004.bmp,1,12,4,8,14,0.78033,0.05088,0.0,clahe,23,25,25,36,23,11
01_06_12_04_0005.bmp,1,12,4,8,14,0.77998,0.0553,0.0,clahe,2,33,33,11,2,11
01_06_12_04_0006.bmp,0,12,4,8,14,0.63372,0.09317,0.13739,clahe,20,24,24,13,20,25
01_06_12_04_0006.bmp,1,12,4,8,14,0.78747,0.06778,0.00907,clahe,23,40,40,36,23,11
01_06_12_04_0008.bmp,0,12,4,8,14,0.64609,0.10155,0.20526,clahe,25,14,14,25,25,25
01_06_12_04_0008.bmp,1,12,4,8,14,0.78126,0.05773,0.04762,clahe,20,2,2,11,20,11
01_06_12_04_0011.bmp,0,12,4,8,14,0.69012,0.07875,0.08322,clahe,2,14,14,25,2,25
01_06_12_04_0012.bmp,1,12,4,8,14,0.78293,0.06716,0.0,clahe,19,25,25,11,19,11
01_06_12_04_0014.bmp,1,12,4,8,14,0.78604,0.06863,0.02484,clahe,20,26,26,32,20,11
01_06_12_04_0015.bmp,0,12,4,8,14,0.67313,0.08807,0.15689,clahe,25,25,25,25,25,25
01_06_12_04_0016.bmp,1,12,4,8,14,0.78891,0.06571,0.05978,clahe,19,23,23,11,19,11
01_06_12_04_0017.bmp,1,12,4,8,14,0.79228,0.07209,0.09778,clahe,20,25,25,11,20,11
01_06_12_04_0018.bmp,0,12,4,8,14,0.66347,0.07983,0.16056,clahe,25,14,14,25,25,25
01_06_12_04_0018.bmp,1,12,4,8,14,0.78884,0.07011,0.0128,clahe,20,25,25,11,20,11
01_06_12_04_0020.bmp,0,12,4,8,14,0.65309,0.08344,0.15735,clahe,25,25,25,25,25,25
01_06_12_04_0022.bmp,1,12,4,8,14,0.78895,0.07635,0.0,clahe,20,12,12,11,20,11
01_06_12_04_0023.bmp,0,12,4,8,14,0.64376,0.0927,0.15531,clahe,25,25,25,25,25,25
01_06_12_04_0023.bmp,1,12,4,8,14,0.79524,0.07933,0.02874,clahe,20,13,13,31,20,11
01_06_12_04_0024.bmp,0,12,4,8,14,0.64032,0.09061,0.12295,clahe,25,14,14,25,25,25
01_06_12_04_0024.bmp,1,12,4,8,14,0.79406,0.07853,0.0,clahe,23,40,40,11,23,11
01_06_12_04_0025.bmp,0,12,4,8,14,0.63989,0.09425,0.11013,clahe,25,14,14,25,25,25
01_06_12_04_0027.bmp,0,12,4,8,14,0.63091,0.09529,0.15705,clahe,25,24,24,25,25,25
01_06_12_04_0028.bmp,1,12,4,8,14,0.78196,0.06976,0.0,clahe,20,20,20,11,20,11
01_06_12_04_0031.bmp,0,12,4,8,14,0.60972,0.09172,0.14298,clahe,24,14,14,25,24,25
01_06_12_04_0032.bmp,0,12,4,8,14,0.6045,0.0888,0.11947,clahe,2,14,14,25,2,25
01_06_12_04_0037.bmp,0,12,4,8,14,0.56996,0.09483,0.1431,clahe,25,14,14,25,25,25
01_06_12_04_0038.bmp,0,12,4,8,14,0.56421,0.09791,0.11514,clahe,25,14,14,25,25,25
01_06_12_04_0040.bmp,0,12,4,8,14,0.5536,0.10264,0.1315,clahe,13,14,14,25,13,25
01_06_12_04_0042.bmp,1,12,4,8,14,0.57444,0.09613,0.09938,clahe,0,12,12,31,0,11
01_06_12_04_0044.bmp,1,12,4,8,14,0.55703,0.0805,0.06389,clahe,0,12,12,31,0,12
01_06_12_04_0047.bmp,0,12,4,8,14,0.5436,0.07501,0.03333,clahe,0,25,25,31,0,11
01_06_12_04_0050.bmp,0,12,4,8,14,0.55838,0.09848,0.04916,clahe,23,25,25,31,23,13
01_06_12_04_0055.bmp,0,12,4,8,14,0.5518,0.1121,0.10582,passthrough,13,13,14,32,25,13
01_06_12_04_0058.bmp,0,12,4,8,14,0.53908,0.1159,0.08922,passthrough,25,25,14,32,25,25
01_06_12_04_0060.bmp,0,12,4,8,14,0.52846,0.10974,0.07239,stretch,25,25,14,36,23,25
01_06_12_04_0062.bmp,0,12,4,8,14,0.52002,0.1099,0.05019,stretch,25,25,14,36,23,25
01_06_12_04_0063.bmp,0,12,4,8,14,0.51753,0.11714,0.04145,stretch,25,25,14,36,23,25
01_06_12_04_0064.bmp,0,12,4,8,14,0.52948,0.13341,0.03306,stretch,25,25,14,36,23,25
01_06_12_04_0065.bmp,0,12,4,8,14,0.51654,0.12374,0.04993,stretch,25,25,14,36,20,25
01_06_12_04_0066.bmp,0,12,4,8,14,0.52618,0.13145,0.0784,passthrough,25,25,12,32,25,25
01_06_12_04_0068.bmp,0,12,4,8,14,0.51834,0.12758,0.10908,passthrough,25,25,14,32,23,25
01_06_12_04_0070.bmp,0,12,4,8,14,0.50527,0.11799,0.08559,passthrough,25,25,25,32,25,25
01_06_12_04_0071.bmp,0,12,4,8,14,0.49193,0.1075,0.02349,stretch,25,25,25,32,25,25
01_06_12_04_0081.bmp,0,12,4,8,14,0.48251,0.10074,0.14465,clahe,25,14,14,25,25,25
01_06_12_04_0086.bmp,0,12,4,8,14,0.50489,0.10045,0.12994,clahe,0,10,10,16,0,10
01_06_12_04_0087.bmp,0,12,4,8,14,0.51655,0.12227,0.05025,stretch,25,25,14,25,25,25
01_11_12_04_0002.bmp,0,12,4,8,12,0.61497,0.07867,0.12919,clahe,2,12,12,31,2,10
01_11_12_04_0004.bmp,0,12,4,8,12,0.61145,0.09441,0.2488,clahe,12,40,40,31,12,31
01_11_12_04_0006.bmp,0,12,4,8,12,0.61019,0.08778,0.21053,clahe,1,23,23,31,1,31
01_11_12_04_0007.bmp,0,12,4,8,12,0.60752,0.09033,0.10526,clahe,2,1,1,31,2,31
01_11_12_04_0008.bmp,0,12,4,8,12,0.61077,0.08982,0.26794,clahe,42,25,25,31,42,32
01_11_12_04_0009.bmp,0,12,4,8,12,0.5997,0.09494,0.13397,clahe,1,26,26,31,1,31
01_11_12_04_0010.bmp,0,12,4,8,12,0.60197,0.09865,0.20096,clahe,12,13,13,31,12,31
01_11_12_04_0012.bmp,0,12,4,8,12,0.60038,0.09253,0.25359,clahe,0,18,18,31,0,31
01_11_12_04_0015.bmp,0,12,4,8,12,0.58291,0.10402,0.275,clahe,42,40,40,31,42,12
01_11_12_04_0020.bmp,0,12,4,8,12,0.59885,0.09826,0.18667,clahe,0,13,13,32,0,11
01_11_12_04_0021.bmp,0,12,4,8,12,0.59483,0.09891,0.22506,clahe,11,25,25,32,11,11
01_11_12_04_0025.bmp,0,12,4,8,12,0.61012,0.09753,0.16222,clahe,11,35,35,32,11,13
01_11_12_04_0027.bmp,0,12,4,8,12,0.61765,0.09571,0.22667,clahe,11,40,40,13,11,11
01_11_12_04_0028.bmp,0,12,4,8,12,0.62492,0.09184,0.10889,clahe,23,1,1,31,23,11
01_11_12_04_0030.bmp,0,12,4,8,12,0.63061,0.09339,0.18889,clahe,11,40,40,11,11,13
01_11_12_04_0031.bmp,0,12,4,8,12,0.62907,0.09374,0.13905,clahe,11,40,40,32,11,11
01_11_12_04_0032.bmp,0,12,4,8,12,0.6322,0.09124,0.17284,clahe,11,13,13,36,11,13
01_11_12_04_0033.bmp,0,12,4,8,12,0.63581,0.0903,0.13404,clahe,11,40,40,32,11,11
01_11_12_04_0035.bmp,0,12,4,8,12,0.63626,0.08916,0.2043,clahe,11,1,1,11,11,11
01_11_12_04_0036.bmp,0,12,4,8,12,0.63736,0.0852,0.1899,clahe,0,13,13,13,0,11
01_11_12_04_0039.bmp,0,12,4,8,12,0.64599,0.08332,0.13163,clahe,20,25,25,32,20,11
01_11_12_04_0040.bmp,0,12,4,8,12,0.64862,0.08107,0.10102,clahe,11,1,1,32,11,11
01_11_12_04_0049.bmp,0,12,4,8,12,0.66369,0.07741,0.10568,clahe,28,1,1,1,28,13
01_11_12_04_0054.bmp,0,12,4,8,12,0.6578,0.08805,0.14372,clahe,11,1,1,13,11,13
01_11_12_04_0061.bmp,0,12,4,8,12,0.64942,0.09415,0.09509,clahe,20,40,40,13,20,13
01_11_12_04_0062.bmp,0,12,4,8,12,0.64903,0.09716,0.13233,clahe,11,1,1,13,11,13
01_11_12_04_0065.bmp,0,12,4,8,12,0.64211,0.0987,0.12342,clahe,11,1,1,13,11,13
01_11_12_04_0068.bmp,0,12,4,8,12,0.62986,0.09974,0.10301,clahe,18,1,1,13,18,13
01_11_12_04_0070.bmp,0,12,4,8,12,0.62126,0.10277,0.10541,clahe,25,26,26,13,25,25
01_11_12_04_0073.bmp,0,12,4,8,12,0.60368,0.10557,0.07126,clahe,25,26,26,25,25,25
01_11_12_04_0074.bmp,0,12,4,8,12,0.60027,0.10844,0.0799,passthrough,25,25,26,32,18,25
01_11_12_04_0076.bmp,0,12,4,8,12,0.58531,0.11331,0.06906,stretch,25,25,26,25,18,25
01_11_12_04_0077.bmp,0,12,4,8,12,0.57598,0.11335,0.07184,stretch,25,25,26,25,13,25
01_12_12_04_0002.bmp,1,12,4,8,17,0.86147,0.04523,0.0,clahe,6,12,12,11,6,11
01_12_12_04_0004.bmp,0,12,4,8,17,0.65696,0.08899,0.0,clahe,20,40,40,36,20,13
01_12_12_04_0006.bmp,0,12,4,8,17,0.64422,0.09434,0.0875,clahe,23,13,13,17,23,13
01_12_12_04_0007.bmp,0,12,4,8,17,0.64157,0.10018,0.09762,clahe,23,26,26,17,23,13
01_12_12_04_0008.bmp,1,12,4,8,17,0.85749,0.04659,0.0,clahe,12,11,11,11,12,11
01_12_12_04_0009.bmp,0,12,4,8,17,0.63971,0.09922,0.1,clahe,20,13,13,17,20,13
01_12_12_04_0010.bmp,1,12,4,8,17,0.85823,0.04311,0.0,clahe,12,11,11,11,12,11
01_12_12_04_0011.bmp,1,12,4,8,17,0.85847,0.04793,0.0,clahe,42,1,1,11,42,11
01_12_12_04_0012.bmp,1,12,4,8,17,0.85986,0.0406,0.0,clahe,42,38,38,11,42,11
01_12_12_04_0013.bmp,0,12,4,8,17,0.62907,0.10345,0.09317,clahe,23,26,26,31,23,10
01_12_12_04_0013.bmp,1,12,4,8,17,0.86322,0.04253,0.0,clahe,1,12,12,11,1,11
01_12_12_04_0014.bmp,0,12,4,8,17,0.62649,0.10685,0.0911,passthrough,13,13,17,17,23,13
01_12_12_04_0015.bmp,1,12,4,8,17,0.85983,0.04174,0.0,clahe,25,40,40,11,25,11
01_12_12_04_0017.bmp,0,12,4,8,17,0.62194,0.11309,0.0911,passthrough,13,13,26,17,23,13
01_12_12_04_0017.bmp,1,12,4,8,17,0.85998,0.04319,0.0,clahe,12,11,11,11,12,11
01_12_12_04_0018.bmp,0,12,4,8,17,0.612,0.10948,0.08545,passthrough,13,13,26,17,20,13
01_12_12_04_0018.bmp,1,12,4,8,17,0.86084,0.04466,0.0,clahe,42,40,40,11,42,11
01_12_12_04_0019.bmp,1,12,4,8,17,0.86022,0.04065,0.0,clahe,11,40,40,12,11,11
01_12_12_04_0023.bmp,0,12,4,8,17,0.59103,0.10764,0.07152,stretch,16,16,25,17,23,13
01_12_12_04_0023.bmp,1,12,4,8,17,0.86064,0.0453,0.0,clahe,11,12,12,11,11,11
01_12_12_04_0025.bmp,1,12,4,8,17,0.85564,0.04545,0.0,clahe,42,25,25,11,42,11
01_12_12_04_0026.bmp,0,12,4,8,17,0.58211,0.10621,0.07407,passthrough,13,13,17,17,23,13
01_12_12_04_0027.bmp,1,12,4,8,17,0.85425,0.04617,0.0,clahe,12,40,40,11,12,11
01_12_12_04_0028.bmp,0,12,4,8,17,0.59714,0.11036,0.06026,stretch,12,12,13,31,25,12
01_12_12_04_0029.bmp,0,12,4,8,17,0.58684,0.10174,0.06732,clahe,25,25,25,31,25,32
01_12_12_04_0031.bmp,1,12,4,8,17,0.86075,0.05115,0.0,clahe,42,26,26,11,42,11
01_12_12_04_0032.bmp,0,12,4,8,17,0.57224,0.10226,0.05008,clahe,25,25,25,31,25,13
01_12_12_04_0033.bmp,1,12,4,8,17,0.85184,0.04405,0.0,clahe,42,12,12,11,42,11
01_12_12_04_0034.bmp,1,12,4,8,17,0.85665,0.04848,0.0,clahe,42,12,12,11,42,11
01_12_12_04_0035.bmp,1,12,4,8,17,0.85758,0.04466,0.0,clahe,6,12,12,11,6,11
01_12_12_04_0038.bmp,0,12,4,8,17,0.54178,0.10939,0.06013,stretch,25,25,25,36,25,13
01_12_12_04_0038.bmp,1,12,4,8,17,0.86043,0.04806,0.0,clahe,11,25,25,31,11,11
01_12_12_04_0040.bmp,0,12,4,8,17,0.53009,0.11892,0.06321,stretch,25,25,14,36,25,13
01_12_12_04_0040.bmp,1,12,4,8,17,0.85573,0.04449,0.0,clahe,42,12,12,11,42,11
01_12_12_04_0042.bmp,1,12,4,8,17,0.85336,0.04677,0.0,clahe,11,25,25,11,11,11
01_12_12_04_0045.bmp,0,12,4,8,17,0.85909,0.04708,0.0,clahe,11,25,25,11,11,11
01_12_12_04_0049.bmp,0,12,4,8,17,0.85535,0.04812,0.0,clahe,12,26,26,11,12,11
01_12_12_04_0052.bmp,0,12,4,8,17,0.85455,0.049,0.0,clahe,12,12,12,11,12,11
01_12_12_04_0053.bmp,0,12,4,8,17,0.85086,0.04965,0.0,clahe,1,40,40,11,1,11
01_12_12_04_0056.bmp,0,12,4,8,17,0.85325,0.04988,0.0,clahe,0,25,25,11,0,11
01_12_12_04_0058.bmp,0,12,4,8,17,0.85808,0.05215,0.0,clahe,0,12,12,11,0,11
01_12_12_04_0061.bmp,0,12,4,8,17,0.85417,0.04526,0.0,clahe,40,40,40,11,40,11
01_12_12_04_0062.bmp,0,12,4,8,17,0.85003,0.04827,0.0,clahe,23,23,23,11,23,11
01_12_12_04_0063.bmp,0,12,4,8,17,0.8528,0.05227,0.0,clahe,0,40,40,11,0,11
01_12_12_04_0064.bmp,0,12,4,8,17,0.85493,0.05122,0.0,clahe,23,26,26,11,23,11
01_12_12_04_0065.bmp,0,12,4,8,17,0.85101,0.05066,0.0,clahe,25,39,39,11,25,11
01_12_12_04_0066.bmp,0,12,4,8,17,0.85296,0.05168,0.0,clahe,20,40,40,11,20,11
01_12_12_04_0068.bmp,0,12,4,8,17,0.85289,0.0504,0.0,clahe,20,12,12,11,20,11
01_12_12_04_0069.bmp,0,12,4,8,17,0.85375,0.05229,0.0,clahe,20,40,40,11,20,11
01_12_12_04_0072.bmp,0,12,4,8,17,0.8463,0.05035,0.0,clahe,20,12,12,11,20,11
01_12_12_04_0075.bmp,0,12,4,8,17,0.85023,0.05228,0.0,clahe,20,25,25,11,20,11
01_12_12_04_0077.bmp,0,12,4,8,17,0.85016,0.05669,0.01143,clahe,20,11,11,11,20,11
01_12_12_04_0078.bmp,0,12,4,8,17,0.84644,0.05634,0.0,clahe,20,12,12,11,20,11
01_12_12_04_0079.bmp,0,12,4,8,17,0.84763,0.05556,0.0,clahe,20,40,40,11,20,11
01_12_12_04_0080.bmp,0,12,4,8,17,0.84814,0.05416,0.0,clahe,20,25,25,11,20,11
01_12_12_04_0081.bmp,0,12,4,8,17,0.84779,0.05521,0.0,clahe,20,25,25,11,20,11
01_12_12_04_0082.bmp,0,12,4,8,17,0.84744,0.05548,0.0,clahe,25,25,25,11,25,11
01_12_12_04_0083.bmp,0,12,4,8,17,0.847,0.05447,0.0,clahe,0,25,25,11,0,11
01_12_12_04_0085.bmp,0,12,4,8,17,0.84562,0.05807,0.0,clahe,20,14,14,11,20,11
01_12_12_04_0089.bmp,0,12,4,8,17,0.83781,0.05343,0.0,clahe,20,26,26,11,20,11
01_12_12_04_0090.bmp,0,12,4,8,17,0.8358,0.05202,0.0,clahe,20,40,40,11,20,11
01_12_12_04_0091.bmp,0,12,4,8,17,0.84002,0.05486,0.0,clahe,20,25,25,11,20,11
01_12_12_04_0093.bmp,0,12,4,8,17,0.83466,0.05552,0.0,clahe,20,40,40,11,20,11
01_12_12_04_0096.bmp,0,12,4,8,17,0.83359,0.05739,0.0,clahe,20,25,25,11,20,11
01_12_12_04_0100.bmp,0,12,4,8,17,0.83392,0.05885,0.0,clahe,23,13,13,11,23,11
01_12_12_04_0101.bmp,0,12,4,8,17,0.82463,0.06326,0.0,clahe,23,26,26,11,23,11
01_12_12_04_0112.bmp,0,12,4,8,17,0.76423,0.07667,0.0,clahe,20,26,26,11,20,11
01_12_12_04_0114.bmp,0,12,4,8,17,0.75208,0.0852,0.05533,clahe,25,26,26,11,25,11
01_13_12_04_0001.bmp,1,12,4,8,13,0.74425,0.09078,0.14833,clahe,40,4,4,13,40,13
01_13_12_04_0003.bmp,0,12,4,8,13,0.8091,0.06789,0.05769,clahe,12,40,40,31,12,11
01_13_12_04_0004.bmp,0,12,4,8,13,0.8037,0.06643,0.03205,clahe,25,13,13,13,25,11
01_13_12_04_0005.bmp,1,12,4,8,13,0.75808,0.08416,0.105,clahe,2,13,13,13,2,13
01_13_12_04_0007.bmp,1,12,4,8,13,0.75108,0.08963,0.15522,clahe,2,2,2,13,2,13
01_13_12_04_0010.bmp,1,12,4,8,13,0.73174,0.10314,0.19368,clahe,20,40,40,13,20,11
01_13_12_04_0012.bmp,0,12,4,8,13,0.79852,0.06282,0.0,clahe,42,35,35,12,42,11
01_13_12_04_0012.bmp,1,12,4,8,13,0.72421,0.10466,0.1717,clahe,20,13,13,13,20,13
01_13_12_04_0014.bmp,0,12,4,8,13,0.80143,0.06101,0.0,clahe,12,23,23,31,12,11
01_13_12_04_0015.bmp,0,12,4,8,13,0.79847,0.06384,0.0,clahe,12,25,25,31,12,31
01_13_12_04_0015.bmp,1,12,4,8,13,0.70916,0.11165,0.15385,passthrough,13,13,13,13,20,13
01_13_12_04_0016.bmp,0,12,4,8,13,0.79794,0.06062,0.0,clahe,6,40,40,31,6,12
01_13_12_04_0017.bmp,1,12,4,8,13,0.69397,0.11907,0.20513,passthrough,13,13,13,13,20,13
01_13_12_04_0018.bmp,0,12,4,8,13,0.79372,0.06225,0.0,clahe,23,35,35,11,23,11
01_13_12_04_0020.bmp,0,12,4,8,13,0.79769,0.05915,0.0,clahe,0,13,13,12,0,11
01_13_12_04_0021.bmp,0,12,4,8,13,0.79972,0.06497,0.01923,clahe,25,40,40,12,25,12
01_13_12_04_0021.bmp,1,12,4,8,13,0.6773,0.12851,0.19931,passthrough,13,13,13,13,13,13
01_13_12_04_0022.bmp,1,12,4,8,13,0.67513,0.12701,0.1947,passthrough,13,13,13,13,2,13
01_13_12_04_0026.bmp,0,12,4,8,13,0.80857,0.06878,0.08974,clahe,12,12,12,13,12,12
01_13_12_04_0026.bmp,1,12,4,8,13,0.66746,0.13322,0.11905,passthrough,13,13,13,13,19,13
01_13_12_04_0027.bmp,1,12,4,8,13,0.65919,0.1307,0.16835,passthrough,13,13,13,13,13,13
01_13_12_04_0028.bmp,0,12,4,8,13,0.80578,0.06963,0.0,clahe,25,13,13,12,25,13
01_13_12_04_0029.bmp,1,12,4,8,13,0.64853,0.14158,0.18825,passthrough,13,13,13,13,13,13
01_13_12_04_0030.bmp,0,12,4,8,13,0.80752,0.07318,0.0,clahe,42,26,26,13,42,16
01_13_12_04_0031.bmp,0,12,4,8,13,0.80923,0.07538,0.0,clahe,12,13,13,13,12,11
01_13_12_04_0031.bmp,1,12,4,8,13,0.64964,0.13491,0.16313,passthrough,13,13,13,13,2,13
01_13_12_04_0032.bmp,0,12,4,8,13,0.80787,0.06721,0.0,clahe,11,11,11,31,11,11
01_13_12_04_0034.bmp,1,12,4,8,13,0.63648,0.14774,0.15807,passthrough,13,13,13,13,13,13
01_13_12_04_0035.bmp,0,12,4,8,13,0.81526,0.06693,0.05128,clahe,42,12,12,11,42,11
01_13_12_04_0036.bmp,0,12,4,8,13,0.8139,0.07009,0.0,clahe,12,40,40,13,12,11
01_13_12_04_0036.bmp,1,12,4,8,13,0.64156,0.14798,0.15643,passthrough,13,13,13,13,2,13
01_13_12_04_0037.bmp,1,12,4,8,13,0.63889,0.14985,0.17119,passthrough,13,13,13,13,13,13
01_13_12_04_0040.bmp,1,12,4,8,13,0.63344,0.15264,0.14704,passthrough,13,13,13,13,13,13
01_13_12_04_0041.bmp,1,12,4,8,13,0.63293,0.14966,0.16516,passthrough,13,13,13,13,13,13
01_13_12_04_0043.bmp,0,12,4,8,13,0.81182,0.07813,0.17632,clahe,19,25,25,12,19,13
01_13_12_04_0044.bmp,1,12,4,8,13,0.62641,0.15269,0.15731,passthrough,13,13,13,13,13,13
01_13_12_04_0048.bmp,1,12,4,8,13,0.62317,0.15543,0.14037,passthrough,13,13,13,13,13,13
01_13_12_04_0049.bmp,1,12,4,8,13,0.62326,0.15446,0.15132,passthrough,13,13,13,13,13,13
01_13_12_04_0050.bmp,0,12,4,8,13,0.79072,0.08486,0.06548,clahe,20,13,13,13,20,11
01_13_12_04_0050.bmp,1,12,4,8,13,0.62438,0.15574,0.16233,passthrough,13,13,13,13,13,13
01_13_12_04_0051.bmp,0,12,4,8,13,0.79112,0.08622,0.10714,clahe,2,13,13,13,2,13
01_13_12_04_0052.bmp,1,12,4,8,13,0.62808,0.15658,0.14869,passthrough,13,13,13,13,13,13
01_13_12_04_0053.bmp,1,12,4,8,13,0.62615,0.16191,0.14506,passthrough,13,13,13,13,13,13
01_13_12_04_0059.bmp,1,12,4,8,13,0.60679,0.15784,0.12985,passthrough,13,13,13,13,13,13
01_13_12_04_0063.bmp,1,12,4,8,13,0.86436,0.04663,0.0,clahe,12,40,40,12,12,11
01_13_12_04_0065.bmp,1,12,4,8,13,0.86251,0.0463,0.0,clahe,25,25,25,11,25,11
01_13_12_04_0068.bmp,0,12,4,8,13,0.76933,0.09582,0.14324,clahe,20,13,13,13,20,13
01_13_12_04_0068.bmp,1,12,4,8,13,0.86546,0.04272,0.0,clahe,20,40,40,11,20,11
01_13_12_04_0069.bmp,0,12,4,8,13,0.76971,0.09893,0.1313,clahe,20,13,13,13,20,13
01_13_12_04_0069.bmp,1,12,4,8,13,0.86356,0.04523,0.0,clahe,12,26,26,11,12,11
01_13_12_04_0074.bmp,0,12,4,8,13,0.76665,0.10168,0.16908,clahe,25,13,13,13,25,13
01_13_12_04_0074.bmp,1,12,4,8,13,0.86176,0.04303,0.0,clahe,12,40,40,12,12,11
01_13_12_04_0078.bmp,1,12,4,8,13,0.86027,0.04747,0.0,clahe,19,12,12,11,19,11
01_13_12_04_0080.bmp,1,12,4,8,13,0.86001,0.04181,0.0,clahe,23,40,40,31,23,11
01_13_12_04_0082.bmp,0,12,4,8,13,0.7452,0.10594,0.09362,clahe,13,13,13,13,13,13
01_13_12_04_0082.bmp,1,12,4,8,13,0.8643,0.0447,0.0,clahe,25,25,25,11,25,11
01_13_12_04_0083.bmp,1,12,4,8,13,0.86348,0.04496,0.0,clahe,23,25,25,11,23,11
01_13_12_04_0084.bmp,0,12,4,8,13,0.74046,0.11206,0.08191,passthrough,13,13,13,13,13,13
01_13_12_04_0086.bmp,0,12,4,8,13,0.73468,0.11241,0.11373,passthrough,13,13,13,13,13,13
01_13_12_04_0090.bmp,1,12,4,8,13,0.86778,0.04517,0.0,clahe,23,25,25,12,23,11
01_13_12_04_0092.bmp,0,12,4,8,13,0.719,0.12174,0.09753,passthrough,13,13,13,13,13,13
01_13_12_04_0092.bmp,1,12,4,8,13,0.86861,0.04627,0.0,clahe,0,40,40,12,0,11
01_13_12_04_0093.bmp,1,12,4,8,13,0.86754,0.04382,0.0,clahe,2,25,25,11,2,11
01_13_12_04_0094.bmp,0,12,4,8,13,0.70959,0.11811,0.04395,stretch,13,13,13,13,13,13
01_13_12_04_0094.bmp,1,12,4,8,13,0.87027,0.04651,0.0,clahe,25,40,40,12,25,11
01_13_12_04_0097.bmp,1,12,4,8,13,0.86822,0.04294,0.0,clahe,0,11,11,31,0,11
01_13_12_04_0101.bmp,1,12,4,8,13,0.86416,0.0501,0.0,clahe,40,40,40,11,40,11
01_13_12_04_0102.bmp,1,12,4,8,13,0.86221,0.04983,0.0,clahe,2,40,40,12,2,11
01_13_12_04_0104.bmp,0,12,4,8,13,0.6554,0.15913,0.07029,stretch,13,13,13,13,13,13
01_13_12_04_0106.bmp,1,12,4,8,13,0.86127,0.04852,0.0,clahe,19,25,25,12,19,11
01_13_12_04_0111.bmp,0,12,4,8,13,0.60464,0.16374,0.06044,stretch,13,13,13,13,24,13
01_13_12_04_0111.bmp,1,12,4,8,13,0.86303,0.0474,0.0,clahe,20,1,1,12,20,11
01_13_12_04_0112.bmp,0,12,4,8,13,0.59761,0.16541,0.04603,stretch,13,13,13,13,13,13
01_13_12_04_0112.bmp,1,12,4,8,13,0.85955,0.04971,0.0,clahe,20,25,25,12,20,11
01_13_12_04_0115.bmp,1,12,4,8,13,0.85897,0.05608,0.0,clahe,20,25,25,12,20,11
01_13_12_04_0118.bmp,1,12,4,8,13,0.85518,0.0532,0.0,clahe,19,11,11,11,19,11
01_13_12_04_0119.bmp,0,12,4,8,13,0.81831,0.05099,0.0,clahe,40,25,25,11,40,11
01_13_12_04_0120.bmp,1,12,4,8,13,0.85341,0.0547,0.0,clahe,20,40,40,12,20,11
01_13_12_04_0121.bmp,0,12,4,8,13,0.81797,0.05751,0.0,clahe,40,11,11,31,40,11
01_13_12_04_0126.bmp,1,12,4,8,13,0.85162,0.05572,0.0,clahe,20,40,40,12,20,11
01_13_12_04_0127.bmp,1,12,4,8,13,0.84923,0.05879,0.0,clahe,20,25,25,31,20,11
01_13_12_04_0128.bmp,0,12,4,8,13,0.79669,0.05402,0.0,clahe,19,23,23,31,19,11
01_13_12_04_0129.bmp,0,12,4,8,13,0.7963,0.05932,0.0,clahe,20,40,40,31,20,11
01_13_12_04_0129.bmp,1,12,4,8,13,0.84791,0.05494,0.0,clahe,20,0,0,31,20,11
01_13_12_04_0130.bmp,1,12,4,8,13,0.84639,0.05623,0.0,clahe,20,26,26,12,20,11
01_13_12_04_0132.bmp,0,12,4,8,13,0.78905,0.05574,0.0,clahe,19,39,39,31,19,11
01_13_12_04_0134.bmp,1,12,4,8,13,0.84119,0.05511,0.0,clahe,20,26,26,12,20,11
01_13_12_04_0138.bmp,0,12,4,8,13,0.77574,0.05945,0.0,clahe,20,39,39,31,20,1
01_13_12_04_0140.bmp,0,12,4,8,13,0.77076,0.06225,0.0,clahe,20,25,25,31,20,11
01_13_12_04_0142.bmp,0,12,4,8,13,0.76465,0.06248,0.0,clahe,25,25,25,31,25,11
01_13_12_04_0142.bmp,1,12,4,8,13,0.84133,0.05408,0.0,clahe,20,12,12,12,20,11
01_13_12_04_0144.bmp,0,12,4,8,13,0.75336,0.06327,0.0,clahe,25,25,25,31,25,11
01_13_12_04_0145.bmp,1,12,4,8,13,0.83694,0.05506,0.0,clahe,25,12,12,12,25,11
01_13_12_04_0146.bmp,1,12,4,8,13,0.83799,0.0541,0.0,clahe,25,13,13,12,25,11
01_13_12_04_0148.bmp,1,12,4,8,13,0.83756,0.05686,0.0,clahe,20,25,25,12,20,11
01_13_12_04_0151.bmp,1,12,4,8,13,0.83781,0.05768,0.0,clahe,20,40,40,12,20,11
01_13_12_04_0152.bmp,1,12,4,8,13,0.83735,0.05778,0.0,clahe,25,2,2,12,25,11
01_13_12_04_0155.bmp,0,12,4,8,13,0.70326,0.07511,0.0,clahe,25,24,24,31,25,13
01_13_12_04_0157.bmp,0,12,4,8,13,0.68751,0.07936,0.01995,clahe,25,13,13,31,25,13
01_13_12_04_0158.bmp,1,12,4,8,13,0.83837,0.05738,0.0,clahe,20,11,11,12,20,11
01_13_12_04_0160.bmp,0,12,4,8,13,0.66189,0.08657,0.01921,clahe,25,13,13,31,25,13
01_13_12_04_0161.bmp,0,12,4,8,13,0.65284,0.09163,0.03052,clahe,25,13,13,13,25,13
01_13_12_04_0161.bmp,1,12,4,8,13,0.83787,0.05762,0.0,clahe,25,40,40,12,25,11
01_13_12_04_0162.bmp,1,12,4,8,13,0.83814,0.05772,0.0,clahe,25,13,13,12,25,11
01_13_12_04_0165.bmp,1,12,4,8,13,0.84021,0.05777,0.0,clahe,25,25,25,12,25,11
01_13_12_04_0166.bmp,1,12,4,8,13,0.83998,0.05798,0.0,clahe,20,11,11,12,20,11
01_13_12_04_0169.bmp,0,12,4,8,13,0.84257,0.04238,0.0,clahe,12,40,40,11,12,11
01_13_12_04_0170.bmp,0,12,4,8,13,0.84421,0.04878,0.0,clahe,42,12,12,11,42,11
01_13_12_04_0172.bmp,1,12,4,8,13,0.83881,0.05691,0.0,clahe,20,40,40,12,20,11
01_13_12_04_0173.bmp,0,12,4,8,13,0.84635,0.04621,0.0,clahe,42,12,12,31,42,11
01_13_12_04_0175.bmp,0,12,4,8,13,0.84863,0.04564,0.0,clahe,1,12,12,12,1,11
01_13_12_04_0175.bmp,1,12,4,8,13,0.83082,0.0591,0.0,clahe,25,25,25,12,25,11
01_13_12_04_0177.bmp,1,12,4,8,13,0.8386,0.05665,0.0,clahe,25,40,40,12,25,11
01_13_12_04_0179.bmp,0,12,4,8,13,0.85166,0.04546,0.0,clahe,42,40,40,31,42,11
01_13_12_04_0180.bmp,0,12,4,8,13,0.84468,0.04293,0.0,clahe,1,0,0,31,1,11
01_13_12_04_0181.bmp,0,12,4,8,13,0.8437,0.05175,0.0,clahe,25,25,25,11,25,11
01_13_12_04_0182.bmp,1,12,4,8,13,0.84054,0.05838,0.0,clahe,25,13,13,12,25,11
01_13_12_04_0185.bmp,1,12,4,8,13,0.83865,0.0591,0.0,clahe,25,25,25,12,25,11
01_13_12_04_0186.bmp,1,12,4,8,13,0.84055,0.05844,0.0,clahe,25,40,40,12,25,11
01_13_12_04_0191.bmp,1,12,4,8,13,0.84032,0.05738,0.0,clahe,25,13,13,12,25,11
01_13_12_04_0192.bmp,1,12,4,8,13,0.84078,0.05684,0.0,clahe,23,40,40,12,23,11
01_13_12_04_0193.bmp,0,12,4,8,13,0.81515,0.05262,0.0,clahe,12,40,40,31,12,31
01_13_12_04_0195.bmp,0,12,4,8,13,0.80948,0.04784,0.0,clahe,12,1,1,31,12,11
01_13_12_04_0196.bmp,0,12,4,8,13,0.79954,0.04412,0.0,clahe,12,11,11,11,12,11
01_13_12_04_0196.bmp,1,12,4,8,13,0.84153,0.05878,0.0,clahe,25,13,13,12,25,11
01_13_12_04_0197.bmp,1,12,4,8,13,0.83972,0.05748,0.0,clahe,25,24,24,12,25,11
01_13_12_04_0198.bmp,0,12,4,8,13,0.79349,0.04995,0.0,clahe,25,12,12,31,25,11
01_13_12_04_0200.bmp,0,12,4,8,13,0.78746,0.05873,0.0,clahe,12,40,40,31,12,31
01_13_12_04_0200.bmp,1,12,4,8,13,0.84019,0.05875,0.0,clahe,25,13,13,12,25,11
01_13_12_04_0201.bmp,0,12,4,8,13,0.78394,0.06026,0.0,clahe,25,12,12,31,25,11
01_13_12_04_0202.bmp,0,12,4,8,13,0.78021,0.05301,0.0,clahe,12,33,33,31,12,11
01_13_12_04_0202.bmp,1,12,4,8,13,0.84014,0.05781,0.0,clahe,25,40,40,12,25,11
01_13_12_04_0204.bmp,0,12,4,8,13,0.77925,0.05255,0.0,clahe,6,25,25,31,6,11
01_13_12_04_0206.bmp,0,12,4,8,13,0.76471,0.06034,0.0,clahe,25,12,12,31,25,11
01_13_12_04_0206.bmp,1,12,4,8,13,0.84011,0.05803,0.0,clahe,25,24,24,12,25,11
01_13_12_04_0207.bmp,1,12,4,8,13,0.84046,0.05876,0.0,clahe,20,23,23,12,20,11
01_13_12_04_0208.bmp,1,12,4,8,13,0.84061,0.05874,0.0,clahe,20,13,13,12,20,11
01_13_12_04_0211.bmp,0,12,4,8,13,0.74391,0.06098,0.0,clahe,40,11,11,31,40,11
01_13_12_04_0212.bmp,1,12,4,8,13,0.8402,0.05862,0.0,clahe,20,12,12,11,20,11
01_13_12_04_0213.bmp,0,12,4,8,13,0.74218,0.056,0.0,clahe,20,40,40,31,20,11
01_13_12_04_0214.bmp,1,12,4,8,13,0.84041,0.05789,0.0,clahe,25,13,13,12,25,11
01_13_12_04_0215.bmp,0,12,4,8,13,0.70063,0.06418,0.0,clahe,20,40,40,31,20,11
01_13_12_04_0217.bmp,1,12,4,8,13,0.84021,0.05799,0.0,clahe,25,23,23,12,25,11
01_13_12_04_0218.bmp,0,12,4,8,13,0.69411,0.07565,0.0,clahe,19,26,26,31,19,13
01_13_12_04_0218.bmp,1,12,4,8,13,0.84012,0.0576,0.0,clahe,25,25,25,12,25,11
01_13_12_04_0219.bmp,0,12,4,8,13,0.6919,0.07779,0.07051,clahe,20,20,20,31,20,13
01_13_12_04_0219.bmp,1,12,4,8,13,0.83974,0.05913,0.00366,clahe,20,25,25,12,20,11
01_13_12_04_0223.bmp,1,12,4,8,13,0.84038,0.05896,0.0,clahe,25,13,13,12,25,11
01_13_12_04_0224.bmp,1,12,4,8,13,0.84094,0.05992,0.0,clahe,25,40,40,12,25,11
01_13_12_04_0228.bmp,0,12,4,8,13,0.64926,0.08905,0.07365,clahe,25,40,40,13,25,13
01_13_12_04_0229.bmp,1,12,4,8,13,0.84139,0.05765,0.0,clahe,25,26,26,12,25,11
01_13_12_04_0230.bmp,0,12,4,8,13,0.63586,0.09011,0.0,clahe,25,13,13,13,25,13
01_13_12_04_0231.bmp,1,12,4,8,13,0.84516,0.06059,0.0,clahe,20,23,23,12,20,11
01_13_12_04_0232.bmp,0,12,4,8,13,0.62382,0.09583,0.07045,clahe,20,13,13,13,20,13
01_13_12_04_0232.bmp,1,12,4,8,13,0.84486,0.06123,0.0,clahe,25,14,14,12,25,11
01_13_12_04_0234.bmp,1,12,4,8,13,0.84457,0.06031,0.0,clahe,25,25,25,11,25,11
01_13_12_04_0235.bmp,0,12,4,8,13,0.6092,0.10349,0.05941,clahe,25,13,13,13,25,13
01_13_12_04_0236.bmp,0,12,4,8,13,0.60735,0.10945,0.07547,passthrough,13,13,13,13,25,13
01_13_12_04_0236.bmp,1,12,4,8,13,0.84401,0.06026,0.0,clahe,25,40,40,11,25,11
01_13_12_04_0237.bmp,1,12,4,8,13,0.8446,0.05974,0.0,clahe,25,23,23,12,25,11
01_13_12_04_0238.bmp,1,12,4,8,13,0.84424,0.06005,0.0,clahe,20,25,25,11,20,11
01_13_12_04_0239.bmp,0,12,4,8,13,0.59863,0.12032,0.08203,passthrough,13,13,13,13,13,13
01_13_12_04_0241.bmp,0,12,4,8,13,0.59238,0.13577,0.07441,passthrough,13,13,13,13,13,13
01_13_12_04_0243.bmp,0,12,4,8,13,0.57252,0.14366,0.05295,stretch,25,25,13,13,25,13
01_13_12_04_0244.bmp,0,12,4,8,13,0.56172,0.15054,0.05625,stretch,13,13,13,13,25,13
01_13_12_04_0244.bmp,1,12,4,8,13,0.84256,0.06058,0.0,clahe,25,25,25,12,25,11
01_13_12_04_0248.bmp,1,12,4,8,13,0.84243,0.05761,0.0,clahe,20,25,25,12,20,11
01_13_12_04_0249.bmp,0,12,4,8,13,0.50623,0.15406,0.05813,stretch,13,13,13,13,13,13
01_13_12_04_0250.bmp,1,12,4,8,13,0.84252,0.06056,0.0,clahe,25,13,13,12,25,11
01_13_12_04_0251.bmp,1,12,4,8,13,0.84229,0.05852,0.0,clahe,20,25,25,12,20,11
01_13_12_04_0253.bmp,0,12,4,8,13,0.51178,0.15883,0.05784,stretch,13,13,13,13,13,13
01_13_12_04_0255.bmp,1,12,4,8,13,0.84245,0.05915,0.0,clahe,25,1,1,12,25,11
01_13_12_04_0256.bmp,1,12,4,8,13,0.84307,0.05877,0.0,clahe,25,13,13,12,25,11
01_13_12_04_0258.bmp,1,12,4,8,13,0.8427,0.06114,0.0,clahe,20,25,25,11,20,11
01_13_12_04_0259.bmp,0,12,4,8,13,0.50852,0.15175,0.04978,stretch,13,13,13,13,13,13
01_13_12_04_0262.bmp,1,12,4,8,13,0.84322,0.05947,0.0,clahe,25,40,40,12,25,11
01_13_12_04_0263.bmp,0,12,4,8,13,0.50852,0.14867,0.03451,stretch,13,13,13,13,13,13
01_13_12_04_0264.bmp,0,12,4,8,13,0.50866,0.14589,0.03121,stretch,13,13,13,13,13,13
01_13_12_04_0264.bmp,1,12,4,8,13,0.843,0.05826,0.00488,clahe,25,12,12,12,25,11
01_13_12_04_0268.bmp,1,12,4,8,13,0.84254,0.05976,0.0,clahe,25,25,25,12,25,11
01_13_12_04_0269.bmp,0,12,4,8,13,0.50257,0.13011,0.02365,stretch,13,13,13,13,13,13
01_13_12_04_0269.bmp,1,12,4,8,13,0.84249,0.05988,0.0,clahe,25,40,40,12,25,11
01_13_12_04_0271.bmp,0,12,4,8,13,0.84279,0.05905,0.00977,clahe,25,25,25,12,25,11
01_13_12_04_0274.bmp,0,12,4,8,13,0.84329,0.05918,0.0,clahe,25,25,25,12,25,11
01_13_12_04_0275.bmp,0,12,4,8,13,0.84231,0.05975,0.0,clahe,25,26,26,12,25,11
01_13_12_04_0276.bmp,0,12,4,8,13,0.84325,0.05906,0.0,clahe,25,13,13,12,25,11
01_13_12_04_0277.bmp,0,12,4,8,13,0.84285,0.05843,0.0,clahe,25,40,40,12,25,11
01_13_12_04_0278.bmp,0,12,4,8,13,0.84337,0.05773,0.0,clahe,25,25,25,12,25,11
01_13_12_04_0279.bmp,0,12,4,8,13,0.84255,0.05886,0.0,clahe,25,25,25,12,25,11
01_13_12_04_0283.bmp,0,12,4,8,13,0.84249,0.05863,0.0,clahe,20,25,25,12,20,11
01_13_12_04_0284.bmp,0,12,4,8,13,0.84243,0.05844,0.0,clahe,25,40,40,12,25,11
01_13_12_04_0285.bmp,0,12,4,8,13,0.84192,0.0595,0.0,clahe,20,13,13,12,20,11
01_13_12_04_0286.bmp,0,12,4,8,13,0.84261,0.05991,0.0,clahe,20,40,40,12,20,11
01_13_12_04_0287.bmp,0,12,4,8,13,0.84247,0.05852,0.0,clahe,25,40,40,12,25,11
01_13_12_04_0289.bmp,0,12,4,8,13,0.84139,0.05763,0.0,clahe,25,40,40,12,25,11
01_13_12_04_0290.bmp,0,12,4,8,13,0.8422,0.05867,0.0,clahe,20,13,13,12,20,11
01_13_12_04_0293.bmp,0,12,4,8,13,0.84036,0.05839,0.0,clahe,20,24,24,12,20,11
01_13_12_04_0294.bmp,0,12,4,8,13,0.84042,0.0561,0.0,clahe,25,25,25,12,25,11
01_13_12_04_0296.bmp,0,12,4,8,13,0.84123,0.05817,0.0,clahe,20,40,40,12,20,11
01_13_12_04_0299.bmp,0,12,4,8,13,0.8396,0.05865,0.0,clahe,20,13,13,12,20,11
01_13_12_04_0301.bmp,0,12,4,8,13,0.83768,0.05883,0.0,clahe,20,26,26,12,20,11
01_13_12_04_0302.bmp,0,12,4,8,13,0.83665,0.05764,0.0,clahe,25,40,40,12,25,11
01_13_12_04_0304.bmp,0,12,4,8,13,0.83556,0.05612,0.0,clahe,25,40,40,12,25,11
01_13_12_04_0306.bmp,0,12,4,8,13,0.83388,0.05787,0.0,clahe,20,12,12,12,20,11
01_13_12_04_0308.bmp,0,12,4,8,13,0.83277,0.05637,0.0,clahe,25,2,2,12,25,11
01_13_12_04_0312.bmp,0,12,4,8,13,0.82974,0.05832,0.0,clahe,25,25,25,12,25,11
01_13_12_04_0315.bmp,0,12,4,8,13,0.82652,0.05661,0.0,clahe,25,13,13,12,25,11
01_13_12_04_0316.bmp,0,12,4,8,13,0.82468,0.05725,0.0,clahe,25,13,13,12,25,11
01_13_12_04_0328.bmp,0,12,4,8,13,0.8087,0.06737,0.02299,clahe,25,24,24,12,25,11
01_13_12_04_0333.bmp,0,12,4,8,13,0.79803,0.0697,0.03443,clahe,25,25,25,12,25,11
01_13_12_04_0338.bmp,0,12,4,8,13,0.78061,0.08364,0.05246,clahe,25,2,2,11,25,11
01_13_12_04_0341.bmp,0,12,4,8,13,0.77131,0.09154,0.05907,clahe,25,13,13,13,25,13
01_13_12_04_0342.bmp,0,12,4,8,13,0.76528,0.08958,0.02094,clahe,13,13,13,13,13,11
01_13_12_04_0343.bmp,0,12,4,8,13,0.75869,0.09313,0.07073,clahe,13,13,13,13,13,11
01_13_12_04_0344.bmp,0,12,4,8,13,0.75501,0.0951,0.05647,clahe,13,13,13,13,13,11
01_13_12_04_0348.bmp,0,12,4,8,13,0.72506,0.10783,0.05903,stretch,13,13,13,13,25,13
01_13_12_04_0349.bmp,0,12,4,8,13,0.71475,0.1114,0.08418,passthrough,13,13,13,13,13,13
01_13_12_04_0352.bmp,0,12,4,8,13,0.67033,0.11339,0.05678,stretch,13,13,13,13,13,13
01_13_12_04_0356.bmp,0,12,4,8,13,0.60022,0.09823,0.03362,clahe,25,25,25,31,25,12
01_13_12_04_0360.bmp,0,12,4,8,13,0.53167,0.14331,0.07,stretch,13,13,13,13,25,13
01_13_12_04_0363.bmp,0,12,4,8,13,0.52789,0.15094,0.05083,stretch,13,13,13,13,13,13
01_13_12_04_0367.bmp,0,12,4,8,13,0.52875,0.15855,0.05811,stretch,13,13,13,13,13,13
01_13_12_04_0370.bmp,0,12,4,8,13,0.52899,0.1536,0.05475,stretch,13,13,13,13,13,13
01_13_12_04_0371.bmp,0,12,4,8,13,0.51554,0.1414,0.0411,stretch,13,13,13,13,25,13
01_13_12_04_0372.bmp,0,12,4,8,13,0.50847,0.13856,0.03799,stretch,13,13,13,13,13,13
01_13_12_04_0374.bmp,0,12,4,8,13,0.51011,0.13649,0.0485,stretch,13,13,13,13,13,13
01_13_12_04_0377.bmp,0,12,4,8,13,0.51148,0.14234,0.05054,stretch,13,13,13,13,13,13
01_13_12_04_0378.bmp,0,12,4,8,13,0.52107,0.15347,0.06022,stretch,13,13,13,13,13,13
01_13_12_04_0382.bmp,0,12,4,8,13,0.53067,0.16751,0.0658,stretch,13,13,13,13,25,13
01_13_12_04_0384.bmp,0,12,4,8,13,0.53709,0.16094,0.06825,stretch,13,13,13,13,25,13
01_13_12_04_0387.bmp,0,12,4,8,13,0.85639,0.0526,0.0,clahe,1,12,12,12,1,11
01_13_12_04_0389.bmp,0,12,4,8,13,0.86064,0.04321,0.0,clahe,11,12,12,12,11,11
01_13_12_04_0390.bmp,0,12,4,8,13,0.85805,0.04717,0.0,clahe,23,40,40,13,23,12
01_13_12_04_0393.bmp,0,12,4,8,13,0.86216,0.0473,0.0,clahe,42,13,13,13,42,11
01_13_12_04_0397.bmp,0,12,4,8,13,0.85889,0.05332,0.0,clahe,42,12,12,11,42,11
01_13_12_04_0399.bmp,0,12,4,8,13,0.86064,0.04674,0.0,clahe,12,25,25,11,12,11
01_13_12_04_0400.bmp,0,12,4,8,13,0.86563,0.04537,0.0,clahe,12,13,13,12,12,11
01_13_12_04_0401.bmp,0,12,4,8,13,0.86096,0.05089,0.0,clahe,12,25,25,12,12,12
01_13_12_04_0402.bmp,0,12,4,8,13,0.86809,0.04857,0.0,clahe,12,40,40,12,12,12
01_13_12_04_0406.bmp,0,12,4,8,13,0.85963,0.05325,0.0,clahe,42,35,35,12,42,12
01_13_12_04_0407.bmp,0,12,4,8,13,0.8631,0.05636,0.0,clahe,42,12,12,11,42,11
01_13_12_04_0416.bmp,0,12,4,8,13,0.85899,0.04813,0.0,clahe,11,25,25,11,11,11
01_13_12_04_0419.bmp,0,12,4,8,13,0.85963,0.05484,0.0,clahe,1,40,40,11,1,11
01_13_12_04_0420.bmp,0,12,4,8,13,0.8574,0.05377,0.0,clahe,42,11,11,12,42,11
01_13_12_04_0424.bmp,0,12,4,8,13,0.85993,0.06471,0.0,clahe,11,13,13,31,11,11
01_13_12_04_0429.bmp,0,12,4,8,13,0.85257,0.05429,0.0,clahe,12,11,11,31,12,11
01_13_12_04_0433.bmp,0,12,4,8,13,0.85507,0.06025,0.0,clahe,12,25,25,12,12,11
01_13_12_04_0437.bmp,0,12,4,8,13,0.84818,0.06001,0.0,clahe,2,13,13,11,2,11
01_13_12_04_0444.bmp,0,12,4,8,13,0.84305,0.05545,0.0,clahe,25,25,25,11,25,11
01_13_12_04_0445.bmp,0,12,4,8,13,0.84201,0.05724,0.0,clahe,2,40,40,11,2,11
01_13_12_04_0446.bmp,0,12,4,8,13,0.84596,0.0566,0.0,clahe,2,26,26,11,2,11
01_13_12_04_0447.bmp,0,12,4,8,13,0.84668,0.05864,0.0,clahe,2,11,11,11,2,11
01_13_12_04_0453.bmp,0,12,4,8,13,0.83602,0.05769,0.0,clahe,20,23,23,31,20,11
01_13_12_04_0457.bmp,0,12,4,8,13,0.83111,0.05919,0.0,clahe,20,40,40,11,20,11
01_13_12_04_0459.bmp,0,12,4,8,13,0.83564,0.05919,0.0,clahe,20,25,25,31,20,11
01_13_12_04_0461.bmp,0,12,4,8,13,0.83848,0.06386,0.0,clahe,20,13,13,12,20,11
01_13_12_04_0464.bmp,0,12,4,8,13,0.83784,0.06867,0.0,clahe,20,13,13,13,20,13
01_13_12_04_0466.bmp,0,12,4,8,13,0.8322,0.07183,0.0,clahe,20,13,13,12,20,11
01_13_12_04_0468.bmp,0,12,4,8,13,0.82593,0.07619,0.0,clahe,40,13,13,12,40,13
01_13_12_04_0469.bmp,0,12,4,8,13,0.82042,0.07429,0.0869,clahe,20,25,25,13,20,13
01_13_12_04_0472.bmp,0,12,4,8,13,0.81374,0.07562,0.0,clahe,20,25,25,13,20,1
01_13_12_04_0473.bmp,0,12,4,8,13,0.8146,0.07349,0.0,clahe,19,40,40,13,19,1
01_13_12_04_0475.bmp,0,12,4,8,13,0.80735,0.07219,0.0395,clahe,20,13,13,13,20,13
01_13_12_04_0476.bmp,0,12,4,8,13,0.80775,0.071,0.0,clahe,20,13,13,13,20,13
01_13_12_04_0483.bmp,0,12,4,8,13,0.78855,0.07261,0.0,clahe,25,13,13,13,25,13
01_13_12_04_0484.bmp,0,12,4,8,13,0.78644,0.07006,0.0,clahe,25,40,40,13,25,13
01_13_12_04_0486.bmp,0,12,4,8,13,0.78301,0.07065,0.00682,clahe,25,13,13,31,25,13
01_13_12_04_0489.bmp,0,12,4,8,13,0.7789,0.072,0.00877,clahe,25,13,13,13,25,13
01_13_12_04_0490.bmp,0,12,4,8,13,0.77876,0.07379,0.0,clahe,25,25,25,13,25,13
01_13_12_04_0492.bmp,0,12,4,8,13,0.7746,0.07671,0.01202,clahe,25,13,13,13,25,13
01_13_12_04_0493.bmp,0,12,4,8,13,0.77017,0.07746,0.01424,clahe,25,13,13,13,25,13
01_13_12_04_0494.bmp,0,12,4,8,13,0.76469,0.0792,0.02295,clahe,25,25,25,13,25,13
01_13_12_04_0495.bmp,0,12,4,8,13,0.76032,0.07828,0.02171,clahe,25,25,25,13,25,13
01_13_12_04_0496.bmp,0,12,4,8,13,0.75491,0.07816,0.00294,clahe,25,25,25,13,25,13
01_13_12_04_0501.bmp,0,12,4,8,13,0.72931,0.08624,0.02344,clahe,11,25,25,13,11,13
01_13_12_04_0503.bmp,0,12,4,8,13,0.71437,0.09262,0.03781,clahe,25,25,25,13,25,13
01_13_12_04_0506.bmp,0,12,4,8,13,0.69648,0.09816,0.02395,clahe,25,13,13,13,25,13
01_13_12_04_0509.bmp,0,12,4,8,13,0.65857,0.105,0.02298,clahe,25,13,13,13,25,13
01_13_12_04_0512.bmp,0,12,4,8,13,0.62139,0.11267,0.02032,stretch,13,13,13,13,13,13
01_13_12_04_0513.bmp,0,12,4,8,13,0.6137,0.11358,0.02343,stretch,13,13,13,13,13,13
01_13_12_04_0518.bmp,0,12,4,8,13,0.66365,0.06943,0.0,clahe,23,40,40,31,23,31
01_13_12_04_0519.bmp,0,12,4,8,13,0.66025,0.07245,0.0,clahe,12,13,13,31,12,11
01_13_12_04_0520.bmp,0,12,4,8,13,0.6563,0.06845,0.0,clahe,42,40,40,31,42,31
01_13_12_04_0522.bmp,0,12,4,8,13,0.64873,0.06968,0.0,clahe,40,13,13,12,40,31
01_13_12_04_0525.bmp,0,12,4,8,13,0.64705,0.08392,0.05592,clahe,20,1,1,13,20,13
01_13_12_04_0527.bmp,0,12,4,8,13,0.65472,0.08345,0.0,clahe,12,23,23,31,12,13
01_13_12_04_0528.bmp,0,12,4,8,13,0.64462,0.06682,0.0,clahe,42,25,25,31,42,32
01_13_12_04_0529.bmp,0,12,4,8,13,0.66325,0.09069,0.04861,clahe,23,13,13,31,23,13
01_13_12_04_0530.bmp,0,12,4,8,13,0.64366,0.06969,0.0,clahe,23,35,35,31,23,32
01_13_12_04_0532.bmp,0,12,4,8,13,0.64064,0.0711,0.0,clahe,42,35,35,31,42,31
01_13_12_04_0533.bmp,0,12,4,8,13,0.66864,0.09073,0.06597,clahe,25,40,40,31,25,13
01_13_12_04_0535.bmp,0,12,4,8,13,0.66727,0.09228,0.25694,clahe,40,13,13,13,40,13
01_13_12_04_0539.bmp,0,12,4,8,13,0.66757,0.08928,0.05185,clahe,25,13,13,31,25,13
01_13_12_04_0540.bmp,0,12,4,8,13,0.63571,0.06809,0.1049,clahe,42,40,40,31,42,31
01_13_12_04_0546.bmp,0,12,4,8,13,0.63307,0.06569,0.0,clahe,42,34,34,31,42,31
01_13_12_04_0547.bmp,0,12,4,8,13,0.66736,0.08376,0.17014,clahe,20,13,13,31,20,13
01_13_12_04_0549.bmp,0,12,4,8,13,0.65984,0.08802,0.05229,clahe,20,25,25,31,20,13
01_13_12_04_0553.bmp,0,12,4,8,13,0.65683,0.08598,0.16667,clahe,23,40,40,31,23,13
01_13_12_04_0556.bmp,0,12,4,8,13,0.61794,0.06237,0.0,clahe,12,25,25,31,12,31
01_13_12_04_0557.bmp,0,12,4,8,13,0.65522,0.0898,0.14167,clahe,20,12,12,31,20,13
01_13_12_04_0559.bmp,0,12,4,8,13,0.65478,0.0881,0.03056,clahe,40,13,13,31,40,13
01_13_12_04_0567.bmp,0,12,4,8,13,0.64582,0.08635,0.17893,clahe,20,13,13,31,20,13
01_13_12_04_0576.bmp,0,12,4,8,13,0.56944,0.07936,0.0,clahe,25,40,40,31,25,32
01_13_12_04_0578.bmp,0,12,4,8,13,0.56588,0.07836,0.0,clahe,2,40,40,31,2,32
01_13_12_04_0584.bmp,0,12,4,8,13,0.55012,0.08376,0.19005,clahe,42,13,13,31,42,32
01_13_12_04_0585.bmp,0,12,4,8,13,0.65953,0.08086,0.02854,clahe,20,13,13,31,20,13
01_13_12_04_0587.bmp,0,12,4,8,13,0.65977,0.08305,0.0761,clahe,20,40,40,31,20,13
01_13_12_04_0591.bmp,0,12,4,8,13,0.66394,0.07971,0.0,clahe,20,13,13,31,20,13
01_13_12_04_0593.bmp,0,12,4,8,13,0.66287,0.07896,0.11082,clahe,20,40,40,31,20,13
01_13_12_04_0595.bmp,0,12,4,8,13,0.66372,0.07733,0.07532,clahe,20,23,23,31,20,13
01_13_12_04_0601.bmp,0,12,4,8,13,0.66642,0.08205,0.08709,clahe,20,13,13,31,20,13
01_13_12_04_0603.bmp,0,12,4,8,13,0.6595,0.0868,0.10893,clahe,13,13,13,13,13,13
01_13_12_04_0606.bmp,0,12,4,8,13,0.64975,0.08516,0.11033,clahe,25,13,13,13,25,13
01_13_12_04_0607.bmp,0,12,4,8,13,0.64743,0.08836,0.13517,clahe,25,13,13,13,25,13
01_13_12_04_0608.bmp,0,12,4,8,13,0.64689,0.08783,0.08489,clahe,20,13,13,13,20,13
01_13_12_04_0611.bmp,0,12,4,8,13,0.64587,0.09358,0.09123,clahe,25,13,13,13,25,13
01_13_12_04_0617.bmp,0,12,4,8,13,0.64569,0.10266,0.0607,clahe,25,13,13,13,25,13
01_13_12_04_0619.bmp,0,12,4,8,13,0.64116,0.10789,0.06897,stretch,13,13,13,13,25,13
01_13_12_04_0622.bmp,0,12,4,8,13,0.61707,0.11174,0.049,stretch,13,13,13,13,25,13
01_03_12_05_0005.bmp,0,12,5,8,9,0.69883,0.07119,0.15362,clahe,25,35,35,31,25,11
01_03_12_05_0006.bmp,0,12,5,8,9,0.69407,0.07297,0.0,clahe,23,13,13,13,23,13
01_03_12_05_0008.bmp,0,12,5,8,9,0.68472,0.07322,0.15,clahe,2,13,13,31,2,13
01_03_12_05_0009.bmp,0,12,5,8,9,0.68346,0.07381,0.0,clahe,2,12,12,16,2,13
01_03_12_05_0014.bmp,0,12,5,8,9,0.66624,0.07989,0.18519,clahe,12,13,13,13,12,13
01_03_12_05_0015.bmp,0,12,5,8,9,0.66116,0.07978,0.19547,clahe,25,13,13,16,25,16
01_03_12_05_0024.bmp,0,12,5,8,9,0.60667,0.09444,0.16842,clahe,0,25,25,13,0,13
01_03_12_05_0028.bmp,0,12,5,8,9,0.5786,0.09084,0.16619,clahe,25,40,40,13,25,13
01_03_12_05_0032.bmp,0,12,5,8,9,0.54673,0.09021,0.12802,clahe,23,40,40,13,23,13
01_03_12_05_0038.bmp,0,12,5,8,9,0.51079,0.08954,0.15077,clahe,2,4,4,13,2,13
01_03_12_05_0039.bmp,0,12,5,8,9,0.50653,0.0881,0.0,clahe,23,13,13,13,23,13
01_03_12_05_0040.bmp,0,12,5,8,9,0.50298,0.09233,0.10135,clahe,25,41,41,13,25,13
01_03_12_05_0043.bmp,0,12,5,8,9,0.50484,0.09974,0.08661,clahe,25,13,13,13,25,13
01_03_12_05_0045.bmp,0,12,5,8,9,0.50396,0.1017,0.12137,clahe,25,41,41,13,25,13
01_03_12_05_0046.bmp,0,12,5,8,9,0.50466,0.1025,0.1475,clahe,25,13,13,13,25,13
01_03_12_05_0048.bmp,0,12,5,8,9,0.51118,0.11251,0.17231,passthrough,13,13,13,13,23,13
01_03_12_05_0051.bmp,0,12,5,8,9,0.50096,0.10582,0.10465,clahe,25,14,14,13,25,13
01_03_12_05_0055.bmp,0,12,5,8,9,0.499,0.11023,0.13675,passthrough,13,13,13,13,25,13
01_03_12_05_0056.bmp,0,12,5,8,9,0.6789,0.0699,0.0,clahe,25,40,40,15,25,13
01_03_12_05_0059.bmp,0,12,5,8,9,0.6756,0.07246,0.05319,clahe,25,13,13,13,25,13
01_03_12_05_0063.bmp,0,12,5,8,9,0.65515,0.07354,0.01607,clahe,25,39,39,13,25,13
01_03_12_05_0064.bmp,0,12,5,8,9,0.64764,0.07365,0.01129,clahe,25,25,25,13,25,13
01_03_12_05_0066.bmp,0,12,5,8,9,0.64092,0.07693,0.02441,clahe,25,4,4,13,25,13
01_03_12_05_0069.bmp,0,12,5,8,9,0.64221,0.07737,0.00431,clahe,2,4,4,13,2,13
01_03_12_05_0072.bmp,0,12,5,8,9,0.63057,0.0781,0.00936,clahe,23,25,25,13,23,13
01_03_12_05_0073.bmp,0,12,5,8,9,0.62662,0.08059,0.02617,clahe,23,4,4,13,23,13
01_03_12_05_0079.bmp,0,12,5,8,9,0.58151,0.0924,0.06094,clahe,2,25,25,13,2,13
01_03_12_05_0082.bmp,0,12,5,8,9,0.5663,0.111,0.06693,stretch,13,13,14,13,25,13
01_03_12_05_0085.bmp,0,12,5,8,9,0.53659,0.10427,0.05556,clahe,23,25,25,13,23,13
01_06_12_05_0001.bmp,0,12,5,8,14,0.7156,0.07973,0.03736,clahe,20,40,40,32,20,11
01_06_12_05_0001.bmp,1,12,5,8,14,0.90348,0.04569,0.0,clahe,12,12,12,11,12,11
01_06_12_05_0002.bmp,1,12,5,8,14,0.90248,0.04574,0.0,clahe,0,12,12,11,0,11
01_06_12_05_0005.bmp,1,12,5,8,14,0.90145,0.044,0.0,clahe,12,1,1,11,12,11
01_06_12_05_0006.bmp,0,12,5,8,14,0.70304,0.08114,0.06982,clahe,20,25,25,32,20,25
01_06_12_05_0006.bmp,1,12,5,8,14,0.90538,0.04808,0.0,clahe,2,40,40,11,2,11
01_06_12_05_0007.bmp,1,12,5,8,14,0.90337,0.04498,0.0,clahe,2,40,40,11,2,11
01_06_12_05_0009.bmp,0,12,5,8,14,0.77405,0.07678,0.04293,clahe,20,14,14,1,20,25
01_06_12_05_0009.bmp,1,12,5,8,14,0.90359,0.04275,0.0,clahe,40,40,40,11,40,11
01_06_12_05_0011.bmp,0,12,5,8,14,0.78837,0.06294,0.0,clahe,25,25,25,1,25,25
01_06_12_05_0011.bmp,1,12,5,8,14,0.9003,0.04743,0.0,clahe,2,25,25,11,2,11
01_06_12_05_0012.bmp,0,12,5,8,14,0.7789,0.06618,0.01156,clahe,25,25,25,1,25,1
01_06_12_05_0012.bmp,1,12,5,8,14,0.90026,0.04688,0.0,clahe,20,12,12,11,20,11
01_06_12_05_0014.bmp,0,12,5,8,14,0.76912,0.0675,0.0068,clahe,25,25,25,25,25,25
01_06_12_05_0014.bmp,1,12,5,8,14,0.90176,0.04696,0.0,clahe,40,40,40,11,40,11
01_06_12_05_0015.bmp,1,12,5,8,14,0.90451,0.0481,0.0,clahe,20,14,14,11,20,11
01_06_12_05_0016.bmp,0,12,5,8,14,0.76318,0.06753,0.0,clahe,25,25,25,25,25,25
01_06_12_05_0017.bmp,0,12,5,8,14,0.75832,0.0661,0.01291,clahe,25,25,25,25,25,25
01_06_12_05_0017.bmp,1,12,5,8,14,0.90539,0.05013,0.0,clahe,2,11,11,11,2,11
01_06_12_05_0019.bmp,0,12,5,8,14,0.74801,0.06793,0.04391,clahe,25,25,25,25,25,25
01_06_12_05_0019.bmp,1,12,5,8,14,0.90394,0.04978,0.0,clahe,20,26,26,11,20,11
01_06_12_05_0025.bmp,1,12,5,8,14,0.89766,0.05152,0.0,clahe,20,23,23,12,20,11
01_06_12_05_0026.bmp,1,12,5,8,14,0.89905,0.05115,0.0,clahe,20,20,20,11,20,11
01_06_12_05_0029.bmp,0,12,5,8,14,0.69476,0.08049,0.0439,clahe,25,25,25,25,25,25
01_06_12_05_0030.bmp,0,12,5,8,14,0.68603,0.07896,0.0467,clahe,25,25,25,25,25,25
01_06_12_05_0033.bmp,0,12,5,8,14,0.66278,0.08014,0.06043,clahe,25,25,25,25,25,25
01_06_12_05_0033.bmp,1,12,5,8,14,0.63666,0.10465,0.09091,clahe,0,25,25,31,0,11
01_06_12_05_0034.bmp,1,12,5,8,14,0.62634,0.09414,0.05263,clahe,42,14,14,36,42,32
01_06_12_05_0037.bmp,1,12,5,8,14,0.61761,0.10186,0.075,clahe,0,1,1,36,0,32
01_06_12_05_0038.bmp,0,12,5,8,14,0.61279,0.08836,0.11417,clahe,25,14,14,25,25,25
01_06_12_05_0038.bmp,1,12,5,8,14,0.60987,0.09727,0.07083,clahe,0,40,40,36,0,11
01_06_12_05_0039.bmp,0,12,5,8,14,0.60256,0.09335,0.11273,clahe,24,14,14,25,24,25
01_06_12_05_0039.bmp,1,12,5,8,14,0.61636,0.11694,0.21131,passthrough,12,12,25,36,25,12
01_06_12_05_0043.bmp,0,12,5,8,14,0.56619,0.09891,0.07216,clahe,25,14,14,25,25,25
01_06_12_05_0046.bmp,0,12,5,8,14,0.55589,0.07677,0.02821,clahe,0,25,25,31,0,11
01_06_12_05_0048.bmp,0,12,5,8,14,0.54725,0.07006,0.02715,clahe,0,26,26,31,0,32
01_06_12_05_0050.bmp,0,12,5,8,14,0.56217,0.09872,0.08141,clahe,20,25,25,31,20,12
01_06_12_05_0057.bmp,0,12,5,8,14,0.54253,0.11414,0.10196,passthrough,25,25,14,36,25,25
01_06_12_05_0061.bmp,0,12,5,8,14,0.5106,0.08607,0.05405,clahe,25,2,2,36,25,25
01_06_12_05_0062.bmp,0,12,5,8,14,0.51939,0.1108,0.04942,stretch,25,25,14,36,25,25
01_06_12_05_0064.bmp,0,12,5,8,14,0.52851,0.13351,0.05803,stretch,25,25,41,36,23,25
01_06_12_05_0065.bmp,0,12,5,8,14,0.51588,0.12275,0.04858,stretch,25,25,14,32,25,25
01_06_12_05_0069.bmp,0,12,5,8,14,0.50995,0.12665,0.05426,stretch,25,25,14,32,23,25
01_06_12_05_0071.bmp,0,12,5,8,14,0.49177,0.10621,0.02482,stretch,25,25,40,13,25,25
01_06_12_05_0072.bmp,0,12,5,8,14,0.48777,0.10342,0.04,clahe,24,24,24,13,24,25
01_06_12_05_0073.bmp,0,12,5,8,14,0.48554,0.0922,0.06483,clahe,25,25,25,25,25,25
01_06_12_05_0076.bmp,0,12,5,8,14,0.48069,0.09042,0.07618,clahe,24,14,14,25,24,25
01_06_12_05_0077.bmp,0,12,5,8,14,0.48526,0.09792,0.12635,clahe,24,14,14,25,24,25
01_06_12_05_0078.bmp,0,12,5,8,14,0.48395,0.10431,0.14066,clahe,25,14,14,25,25,25
01_06_12_05_0080.bmp,0,12,5,8,14,0.48434,0.10332,0.12069,clahe,24,14,14,25,24,25
01_06_12_05_0082.bmp,0,12,5,8,14,0.48199,0.09822,0.14694,clahe,25,14,14,25,25,25
01_06_12_05_0083.bmp,0,12,5,8,14,0.48258,0.10008,0.14344,clahe,25,14,14,25,25,25
01_06_12_05_0084.bmp,0,12,5,8,14,0.48118,0.09986,0.12698,clahe,2,25,25,25,2,25
01_11_12_05_0001.bmp,0,12,5,8,12,0.66136,0.0793,0.17225,clahe,0,34,34,31,0,10
01_11_12_05_0005.bmp,0,12,5,8,12,0.65008,0.08278,0.22967,clahe,6,4,4,31,6,31
01_11_12_05_0009.bmp,0,12,5,8,12,0.63499,0.08453,0.14354,clahe,0,35,35,31,0,31
01_11_12_05_0015.bmp,0,12,5,8,12,0.60861,0.10069,0.28571,clahe,42,40,40,12,42,10
01_11_12_05_0017.bmp,0,12,5,8,12,0.61335,0.08819,0.11,clahe,0,1,1,32,0,11
01_11_12_05_0018.bmp,0,12,5,8,12,0.6171,0.09371,0.17,clahe,0,11,11,32,0,18
01_11_12_05_0021.bmp,0,12,5,8,12,0.61619,0.09312,0.26343,clahe,12,11,11,11,12,11
01_11_12_05_0023.bmp,0,12,5,8,12,0.63174,0.08807,0.23274,clahe,20,40,40,31,20,11
01_11_12_05_0026.bmp,0,12,5,8,12,0.64756,0.0859,0.24222,clahe,42,18,18,32,42,11
01_11_12_05_0028.bmp,0,12,5,8,12,0.65739,0.08372,0.14,clahe,42,35,35,31,42,11
01_11_12_05_0029.bmp,0,12,5,8,12,0.66283,0.08444,0.25556,clahe,11,37,37,31,11,11
01_11_12_05_0035.bmp,0,12,5,8,12,0.67679,0.08226,0.18145,clahe,13,35,35,11,13,13
01_11_12_05_0036.bmp,0,12,5,8,12,0.68143,0.07988,0.09736,clahe,25,26,26,13,25,25
01_11_12_05_0038.bmp,0,12,5,8,12,0.68953,0.07372,0.09695,clahe,11,40,40,13,11,1
01_11_12_05_0039.bmp,0,12,5,8,12,0.6932,0.07384,0.08571,clahe,11,26,26,11,11,11
01_11_12_05_0040.bmp,0,12,5,8,12,0.69938,0.07069,0.13673,clahe,20,18,18,11,20,11
01_11_12_05_0045.bmp,0,12,5,8,12,0.72322,0.06863,0.0,clahe,20,13,13,32,20,1
01_11_12_05_0048.bmp,0,12,5,8,12,0.72231,0.06941,0.0,clahe,18,40,40,32,18,1
01_11_12_05_0049.bmp,0,12,5,8,12,0.71801,0.06913,0.03321,clahe,11,1,1,11,11,11
01_11_12_05_0052.bmp,0,12,5,8,12,0.70616,0.07523,0.10447,clahe,20,40,40,11,20,1
01_11_12_05_0053.bmp,0,12,5,8,12,0.70139,0.07916,0.13285,clahe,18,13,13,13,18,13
01_11_12_05_0054.bmp,0,12,5,8,12,0.70207,0.0795,0.13406,clahe,18,1,1,13,18,13
01_11_12_05_0056.bmp,0,12,5,8,12,0.70212,0.08144,0.10688,clahe,18,13,13,13,18,13
01_11_12_05_0058.bmp,0,12,5,8,12,0.6943,0.08151,0.1192,clahe,18,13,13,13,18,13
01_11_12_05_0059.bmp,0,12,5,8,12,0.69115,0.08403,0.12143,clahe,18,13,13,13,18,1
01_11_12_05_0060.bmp,0,12,5,8,12,0.68939,0.08479,0.11473,clahe,13,1,1,13,13,11
01_11_12_05_0061.bmp,0,12,5,8,12,0.68864,0.0875,0.1,clahe,25,1,1,13,25,13
01_11_12_05_0062.bmp,0,12,5,8,12,0.68559,0.08732,0.13319,clahe,25,24,24,13,25,13
01_11_12_05_0064.bmp,0,12,5,8,12,0.67639,0.08792,0.12167,clahe,18,40,40,13,18,11
01_11_12_05_0066.bmp,0,12,5,8,12,0.66707,0.09326,0.11176,clahe,25,40,40,13,25,13
01_11_12_05_0069.bmp,0,12,5,8,12,0.6487,0.0958,0.10533,clahe,18,26,26,13,18,11
01_11_12_05_0071.bmp,0,12,5,8,12,0.63378,0.09787,0.08971,clahe,18,13,13,13,18,25
01_11_12_05_0073.bmp,0,12,5,8,12,0.61662,0.10284,0.08351,clahe,25,26,26,32,25,25
01_11_12_05_0079.bmp,0,12,5,8,12,0.55661,0.11615,0.06284,stretch,25,25,13,25,18,25
01_11_12_05_0080.bmp,0,12,5,8,12,0.54216,0.11199,0.05417,stretch,25,25,14,32,25,32
01_12_12_05_0001.bmp,0,12,5,8,17,0.6841,0.05955,0.10606,clahe,20,25,25,31,20,13
01_12_12_05_0002.bmp,0,12,5,8,17,0.68264,0.081,0.09307,clahe,20,26,26,17,20,13
01_12_12_05_0002.bmp,1,12,5,8,17,0.96144,0.0377,0.0,clahe,23,40,40,12,23,11
01_12_12_05_0003.bmp,0,12,5,8,17,0.68036,0.08773,0.09762,clahe,19,17,17,31,19,11
01_12_12_05_0005.bmp,0,12,5,8,17,0.6812,0.09511,0.14333,clahe,0,17,17,17,0,11
01_12_12_05_0006.bmp,0,12,5,8,17,0.67006,0.08913,0.0975,clahe,20,13,13,17,20,13
01_12_12_05_0007.bmp,0,12,5,8,17,0.66484,0.09341,0.09762,clahe,19,17,17,17,19,13
01_12_12_05_0009.bmp,1,12,5,8,17,0.95511,0.03953,0.0,clahe,42,25,25,12,42,11
01_12_12_05_0015.bmp,0,12,5,8,17,0.63709,0.10505,0.09524,clahe,23,26,26,17,23,25
01_12_12_05_0016.bmp,0,12,5,8,17,0.6348,0.10917,0.09938,passthrough,13,13,17,17,23,13
01_12_12_05_0017.bmp,0,12,5,8,17,0.63306,0.10883,0.09317,passthrough,13,13,17,17,23,13
01_12_12_05_0017.bmp,1,12,5,8,17,0.96159,0.03823,0.0,clahe,11,7,7,11,11,11
01_12_12_05_0019.bmp,0,12,5,8,17,0.62174,0.10547,0.08909,clahe,23,13,13,17,23,13
01_12_12_05_0019.bmp,1,12,5,8,17,0.95948,0.0384,0.0,clahe,12,40,40,11,12,11
01_12_12_05_0020.bmp,0,12,5,8,17,0.60664,0.1029,0.06769,clahe,19,40,40,17,19,13
01_12_12_05_0020.bmp,1,12,5,8,17,0.95838,0.04319,0.0,clahe,11,25,25,11,11,11
01_12_12_05_0023.bmp,1,12,5,8,17,0.9566,0.03786,0.0,clahe,42,23,23,11,42,11
01_12_12_05_0026.bmp,0,12,5,8,17,0.58529,0.10698,0.06897,stretch,17,17,14,17,23,10
01_12_12_05_0027.bmp,1,12,5,8,17,0.95318,0.03566,0.0,clahe,12,40,40,11,12,11
01_12_12_05_0030.bmp,0,12,5,8,17,0.59261,0.1013,0.05602,clahe,20,25,25,31,20,11
01_12_12_05_0031.bmp,1,12,5,8,17,0.95419,0.03757,0.0,clahe,12,12,12,11,12,11
01_12_12_05_0032.bmp,1,12,5,8,17,0.95062,0.03869,0.0,clahe,42,18,18,11,42,11
01_12_12_05_0033.bmp,0,12,5,8,17,0.57587,0.10594,0.04509,clahe,25,25,25,31,25,11
01_12_12_05_0034.bmp,0,12,5,8,17,0.56774,0.10429,0.04236,clahe,25,14,14,31,25,13
01_12_12_05_0034.bmp,1,12,5,8,17,0.9527,0.03376,0.0,clahe,1,40,40,11,1,11
01_12_12_05_0035.bmp,1,12,5,8,17,0.95401,0.03624,0.0,clahe,11,11,11,11,11,11
01_12_12_05_0036.bmp,1,12,5,8,17,0.95511,0.03753,0.0,clahe,42,40,40,11,42,11
01_12_12_05_0037.bmp,1,12,5,8,17,0.95342,0.04121,0.0,clahe,42,25,25,11,42,11
01_12_12_05_0040.bmp,0,12,5,8,17,0.53081,0.11808,0.06829,stretch,25,25,25,36,13,13
01_12_12_05_0040.bmp,1,12,5,8,17,0.95419,0.0382,0.0,clahe,12,25,25,11,12,11
01_12_12_05_0041.bmp,0,12,5,8,17,0.53368,0.14897,0.05265,stretch,25,25,14,36,23,25
01_12_12_05_0041.bmp,1,12,5,8,17,0.95576,0.0403,0.0,clahe,11,26,26,11,11,11
01_12_12_05_0042.bmp,0,12,5,8,17,0.51364,0.12863,0.04385,stretch,25,25,23,36,13,13
01_12_12_05_0043.bmp,1,12,5,8,17,0.95446,0.03733,0.0,clahe,12,25,25,11,12,11
01_12_12_05_0044.bmp,0,12,5,8,17,0.95383,0.04343,0.0,clahe,42,26,26,11,42,11
01_12_12_05_0045.bmp,0,12,5,8,17,0.95062,0.0388,0.0,clahe,42,4,4,12,42,11
01_12_12_05_0047.bmp,0,12,5,8,17,0.95131,0.03906,0.0,clahe,11,25,25,11,11,11
01_12_12_05_0052.bmp,0,12,5,8,17,0.95053,0.03844,0.0,clahe,12,12,12,11,12,11
01_12_12_05_0053.bmp,0,12,5,8,17,0.95027,0.0414,0.0,clahe,12,39,39,11,12,11
01_12_12_05_0054.bmp,0,12,5,8,17,0.94926,0.04285,0.0,clahe,11,12,12,11,11,11
01_12_12_05_0058.bmp,0,12,5,8,17,0.95168,0.03642,0.0,clahe,40,12,12,12,40,11
01_12_12_05_0067.bmp,0,12,5,8,17,0.95106,0.04042,0.0,clahe,20,40,40,11,20,11
01_12_12_05_0068.bmp,0,12,5,8,17,0.94908,0.0396,0.0,clahe,20,26,26,11,20,11
01_12_12_05_0069.bmp,0,12,5,8,17,0.94991,0.04284,0.0,clahe,0,25,25,11,0,11
01_12_12_05_0074.bmp,0,12,5,8,17,0.94809,0.04042,0.0,clahe,20,11,11,11,20,11
01_12_12_05_0076.bmp,0,12,5,8,17,0.95057,0.04323,0.0,clahe,20,40,40,11,20,11
01_12_12_05_0077.bmp,0,12,5,8,17,0.94543,0.0453,0.0,clahe,20,25,25,11,20,11
01_12_12_05_0079.bmp,0,12,5,8,17,0.94614,0.04169,0.0,clahe,0,40,40,12,0,11
01_12_12_05_0080.bmp,0,12,5,8,17,0.94465,0.0445,0.0,clahe,20,11,11,11,20,11
01_12_12_05_0083.bmp,0,12,5,8,17,0.9447,0.04323,0.0,clahe,20,2,2,11,20,11
01_12_12_05_0086.bmp,0,12,5,8,17,0.94171,0.04094,0.0,clahe,25,40,40,11,25,11
01_12_12_05_0087.bmp,0,12,5,8,17,0.94083,0.04412,0.0,clahe,20,26,26,12,20,11
01_12_12_05_0089.bmp,0,12,5,8,17,0.93782,0.04259,0.0,clahe,20,38,38,11,20,11
01_12_12_05_0090.bmp,0,12,5,8,17,0.9387,0.04251,0.0,clahe,20,12,12,11,20,11
01_12_12_05_0092.bmp,0,12,5,8,17,0.93704,0.04285,0.0,clahe,20,40,40,11,20,11
01_12_12_05_0093.bmp,0,12,5,8,17,0.93469,0.04559,0.0,clahe,20,40,40,11,20,11
01_12_12_05_0106.bmp,0,12,5,8,17,0.89161,0.04972,0.0,clahe,20,12,12,11,20,11
01_12_12_05_0111.bmp,0,12,5,8,17,0.85749,0.05853,0.0,clahe,25,25,25,11,25,11
01_12_12_05_0112.bmp,0,12,5,8,17,0.84735,0.06183,0.0,clahe,20,25,25,11,20,11
01_12_12_05_0116.bmp,0,12,5,8,17,0.78956,0.07444,0.0,clahe,20,26,26,19,20,10
01_13_12_05_0001.bmp,0,12,5,8,13,0.91161,0.04519,0.0,clahe,12,11,11,11,12,11
01_13_12_05_0001.bmp,1,12,5,8,13,0.81014,0.07422,0.0,clahe,20,40,40,11,20,11
01_13_12_05_0004.bmp,1,12,5,8,13,0.83393,0.06788,0.0,clahe,20,25,25,11,20,10
01_13_12_05_0007.bmp,0,12,5,8,13,0.90739,0.04795,0.0,clahe,25,12,12,12,25,12
01_13_12_05_0007.bmp,1,12,5,8,13,0.82412,0.07115,0.0,clahe,20,14,14,11,20,11
01_13_12_05_0009.bmp,0,12,5,8,13,0.90802,0.04228,0.0,clahe,12,26,26,12,12,11
01_13_12_05_0009.bmp,1,12,5,8,13,0.80415,0.07908,0.0,clahe,20,40,40,13,20,11
01_13_12_05_0010.bmp,0,12,5,8,13,0.9098,0.0465,0.0,clahe,12,25,25,12,12,11
01_13_12_05_0016.bmp,0,12,5,8,13,0.90666,0.04527,0.0,clahe,12,40,40,11,12,11
01_13_12_05_0017.bmp,1,12,5,8,13,0.73217,0.11065,0.19103,passthrough,11,11,13,13,2,11
01_13_12_05_0019.bmp,0,12,5,8,13,0.90251,0.04955,0.0,clahe,25,40,40,12,25,11
01_13_12_05_0019.bmp,1,12,5,8,13,0.71615,0.11146,0.19931,passthrough,13,13,13,13,20,13
01_13_12_05_0021.bmp,0,12,5,8,13,0.9053,0.04823,0.0,clahe,12,11,11,11,12,11
01_13_12_05_0022.bmp,0,12,5,8,13,0.90623,0.04826,0.0,clahe,12,40,40,11,12,11
01_13_12_05_0023.bmp,1,12,5,8,13,0.70023,0.11594,0.1802,passthrough,13,13,13,13,20,13
01_13_12_05_0024.bmp,0,12,5,8,13,0.91106,0.04361,0.0,clahe,6,25,25,12,6,11
01_13_12_05_0024.bmp,1,12,5,8,13,0.69496,0.1239,0.21317,passthrough,13,13,13,13,13,13
01_13_12_05_0025.bmp,0,12,5,8,13,0.91094,0.04559,0.0,clahe,12,25,25,12,12,11
01_13_12_05_0027.bmp,0,12,5,8,13,0.91466,0.04457,0.0,clahe,11,12,12,12,11,11
01_13_12_05_0028.bmp,1,12,5,8,13,0.67189,0.13029,0.15191,passthrough,13,13,13,13,13,13
01_13_12_05_0029.bmp,1,12,5,8,13,0.66109,0.13479,0.15335,passthrough,13,13,13,13,13,13
01_13_12_05_0030.bmp,0,12,5,8,13,0.91041,0.04523,0.0,clahe,25,12,12,11,25,11
01_13_12_05_0030.bmp,1,12,5,8,13,0.66299,0.1281,0.17419,passthrough,13,13,13,13,13,13
01_13_12_05_0031.bmp,0,12,5,8,13,0.91204,0.05256,0.0,clahe,12,11,11,11,12,11
01_13_12_05_0031.bmp,1,12,5,8,13,0.65891,0.13122,0.19908,passthrough,13,13,1,13,13,13
01_13_12_05_0032.bmp,0,12,5,8,13,0.91164,0.04922,0.0,clahe,25,18,18,11,25,11
01_13_12_05_0036.bmp,1,12,5,8,13,0.64607,0.14759,0.15397,passthrough,13,13,13,13,25,13
01_13_12_05_0037.bmp,0,12,5,8,13,0.91858,0.04924,0.0,clahe,1,12,12,11,1,11
01_13_12_05_0037.bmp,1,12,5,8,13,0.64231,0.15121,0.1463,passthrough,13,13,13,13,13,13
01_13_12_05_0038.bmp,0,12,5,8,13,0.91958,0.04963,0.0,clahe,0,40,40,12,0,11
01_13_12_05_0038.bmp,1,12,5,8,13,0.642,0.14613,0.14945,passthrough,13,13,13,13,13,13
01_13_12_05_0041.bmp,0,12,5,8,13,0.91141,0.05125,0.0,clahe,20,23,23,11,20,11
01_13_12_05_0043.bmp,1,12,5,8,13,0.63138,0.1507,0.17211,passthrough,13,13,13,13,2,13
01_13_12_05_0045.bmp,1,12,5,8,13,0.62824,0.15247,0.16199,passthrough,13,13,13,13,13,13
01_13_12_05_0049.bmp,0,12,5,8,13,0.89706,0.05433,0.0,clahe,20,25,25,12,20,11
01_13_12_05_0050.bmp,0,12,5,8,13,0.89556,0.05266,0.0,clahe,20,40,40,12,20,11
01_13_12_05_0050.bmp,1,12,5,8,13,0.62955,0.15367,0.10186,passthrough,13,13,13,13,13,13
01_13_12_05_0052.bmp,1,12,5,8,13,0.63476,0.151,0.13807,passthrough,13,13,13,13,13,13
01_13_12_05_0053.bmp,0,12,5,8,13,0.89528,0.0549,0.0,clahe,20,25,25,12,20,11
01_13_12_05_0053.bmp,1,12,5,8,13,0.63479,0.15883,0.11844,passthrough,13,13,13,13,13,13
01_13_12_05_0054.bmp,0,12,5,8,13,0.89313,0.05595,0.0,clahe,20,25,25,12,20,11
01_13_12_05_0055.bmp,1,12,5,8,13,0.62996,0.15411,0.16631,passthrough,13,13,13,13,13,13
01_13_12_05_0059.bmp,0,12,5,8,13,0.87922,0.05888,0.0,clahe,20,40,40,12,20,11
01_13_12_05_0060.bmp,1,12,5,8,13,0.60005,0.16754,0.12103,passthrough,13,13,13,13,13,13
01_13_12_05_0062.bmp,1,12,5,8,13,0.61281,0.1742,0.11716,passthrough,13,13,25,13,2,13
01_13_12_05_0066.bmp,0,12,5,8,13,0.87453,0.0623,0.0,clahe,19,25,25,11,19,11
01_13_12_05_0070.bmp,1,12,5,8,13,0.95303,0.03578,0.0,clahe,40,1,1,12,40,11
01_13_12_05_0072.bmp,1,12,5,8,13,0.95306,0.041,0.0,clahe,11,35,35,11,11,11
01_13_12_05_0075.bmp,0,12,5,8,13,0.86039,0.06728,0.09569,clahe,25,23,23,11,25,11
01_13_12_05_0075.bmp,1,12,5,8,13,0.95348,0.04228,0.0,clahe,25,11,11,11,25,11
01_13_12_05_0076.bmp,1,12,5,8,13,0.94984,0.04023,0.0,clahe,12,12,12,11,12,11
01_13_12_05_0080.bmp,0,12,5,8,13,0.85138,0.07232,0.05471,clahe,13,13,13,13,13,11
01_13_12_05_0081.bmp,1,12,5,8,13,0.94994,0.04167,0.0,clahe,2,1,1,11,2,11
01_13_12_05_0082.bmp,0,12,5,8,13,0.84211,0.07509,0.06489,clahe,20,2,2,13,20,13
01_13_12_05_0083.bmp,0,12,5,8,13,0.84016,0.07704,0.05851,clahe,25,13,13,13,25,13
01_13_12_05_0084.bmp,1,12,5,8,13,0.94882,0.04018,0.0,clahe,25,26,26,11,25,11
01_13_12_05_0086.bmp,0,12,5,8,13,0.82825,0.08147,0.05752,clahe,13,40,40,13,13,13
01_13_12_05_0088.bmp,1,12,5,8,13,0.94945,0.03961,0.0,clahe,2,11,11,12,2,11
01_13_12_05_0089.bmp,0,12,5,8,13,0.81655,0.08544,0.06667,clahe,25,13,13,13,25,13
01_13_12_05_0090.bmp,1,12,5,8,13,0.9497,0.03961,0.0,clahe,2,25,25,11,2,11
01_13_12_05_0091.bmp,0,12,5,8,13,0.80877,0.09081,0.06481,clahe,25,13,13,13,25,11
01_13_12_05_0091.bmp,1,12,5,8,13,0.94551,0.04069,0.0,clahe,23,40,40,11,23,11
01_13_12_05_0092.bmp,0,12,5,8,13,0.8058,0.09151,0.06215,clahe,25,13,13,13,25,13
01_13_12_05_0093.bmp,0,12,5,8,13,0.79908,0.09079,0.04642,clahe,25,2,2,13,25,13
01_13_12_05_0093.bmp,1,12,5,8,13,0.949,0.03948,0.0,clahe,40,40,40,11,40,11
01_13_12_05_0095.bmp,1,12,5,8,13,0.94893,0.03934,0.0,clahe,0,40,40,12,0,11
01_13_12_05_0098.bmp,0,12,5,8,13,0.76664,0.10459,0.05331,clahe,13,13,13,13,13,13
01_13_12_05_0101.bmp,0,12,5,8,13,0.74324,0.11307,0.06601,stretch,13,13,13,13,13,13
01_13_12_05_0101.bmp,1,12,5,8,13,0.94598,0.04137,0.0,clahe,0,40,40,11,0,11
01_13_12_05_0104.bmp,0,12,5,8,13,0.71398,0.13783,0.05973,stretch,13,13,13,13,13,13
01_13_12_05_0106.bmp,1,12,5,8,13,0.94173,0.04405,0.0,clahe,20,25,25,12,20,11
01_13_12_05_0108.bmp,1,12,5,8,13,0.93953,0.04268,0.0,clahe,20,12,12,11,20,11
01_13_12_05_0109.bmp,0,12,5,8,13,0.66404,0.1482,0.05457,stretch,13,13,13,13,13,13
01_13_12_05_0111.bmp,1,12,5,8,13,0.93798,0.04284,0.0,clahe,40,11,11,11,40,11
01_13_12_05_0113.bmp,0,12,5,8,13,0.61325,0.15006,0.03205,stretch,13,13,13,13,25,13
01_13_12_05_0113.bmp,1,12,5,8,13,0.93747,0.04324,0.0,clahe,20,12,12,11,20,11
01_13_12_05_0114.bmp,1,12,5,8,13,0.937,0.0434,0.0,clahe,20,25,25,12,20,11
01_13_12_05_0115.bmp,0,12,5,8,13,0.91466,0.04508,0.0,clahe,25,40,40,11,25,11
01_13_12_05_0116.bmp,1,12,5,8,13,0.93659,0.0453,0.0,clahe,20,40,40,11,20,11
01_13_12_05_0117.bmp,1,12,5,8,13,0.93564,0.04348,0.0,clahe,20,12,12,11,20,11
01_13_12_05_0119.bmp,1,12,5,8,13,0.93371,0.04263,0.0,clahe,20,1,1,11,20,11
01_13_12_05_0120.bmp,1,12,5,8,13,0.93336,0.04415,0.0,clahe,20,40,40,11,20,11
01_13_12_05_0121.bmp,1,12,5,8,13,0.93027,0.04412,0.0,clahe,20,12,12,11,20,11
01_13_12_05_0122.bmp,0,12,5,8,13,0.90238,0.0454,0.0,clahe,20,25,25,12,20,11
01_13_12_05_0125.bmp,0,12,5,8,13,0.89761,0.04631,0.0,clahe,19,40,40,11,19,11
01_13_12_05_0128.bmp,0,12,5,8,13,0.8903,0.04403,0.0,clahe,20,25,25,12,20,11
01_13_12_05_0128.bmp,1,12,5,8,13,0.92577,0.04656,0.0,clahe,20,2,2,12,20,11
01_13_12_05_0130.bmp,1,12,5,8,13,0.92464,0.0455,0.0,clahe,20,40,40,12,20,11
01_13_12_05_0131.bmp,0,12,5,8,13,0.88565,0.0453,0.0,clahe,20,40,40,12,20,11
01_13_12_05_0131.bmp,1,12,5,8,13,0.92338,0.04708,0.0,clahe,20,25,25,12,20,11
01_13_12_05_0132.bmp,0,12,5,8,13,0.88237,0.04797,0.0,clahe,20,40,40,12,20,11
01_13_12_05_0132.bmp,1,12,5,8,13,0.92263,0.04577,0.0,clahe,20,25,25,12,20,11
01_13_12_05_0134.bmp,1,12,5,8,13,0.9196,0.04566,0.0,clahe,20,2,2,12,20,11
01_13_12_05_0136.bmp,0,12,5,8,13,0.87147,0.04788,0.0,clahe,20,40,40,12,20,11
01_13_12_05_0137.bmp,0,12,5,8,13,0.86655,0.04874,0.0,clahe,20,40,40,12,20,11
01_13_12_05_0137.bmp,1,12,5,8,13,0.91928,0.04479,0.0,clahe,20,25,25,12,20,11
01_13_12_05_0138.bmp,1,12,5,8,13,0.91754,0.04636,0.0,clahe,20,40,40,12,20,11
01_13_12_05_0139.bmp,1,12,5,8,13,0.91729,0.04407,0.0,clahe,25,25,25,12,25,11
01_13_12_05_0140.bmp,1,12,5,8,13,0.91713,0.04449,0.0,clahe,25,26,26,12,25,11
01_13_12_05_0141.bmp,1,12,5,8,13,0.91688,0.04519,0.0,clahe,25,26,26,12,25,11
01_13_12_05_0146.bmp,1,12,5,8,13,0.91405,0.04436,0.0,clahe,20,26,26,12,20,11
01_13_12_05_0148.bmp,0,12,5,8,13,0.82001,0.05844,0.0,clahe,20,25,25,31,20,11
01_13_12_05_0149.bmp,1,12,5,8,13,0.91331,0.04589,0.0,clahe,20,25,25,12,20,11
01_13_12_05_0150.bmp,0,12,5,8,13,0.80722,0.06023,0.0,clahe,25,24,24,31,25,11
01_13_12_05_0151.bmp,0,12,5,8,13,0.79939,0.06097,0.0,clahe,25,13,13,31,25,11
01_13_12_05_0151.bmp,1,12,5,8,13,0.91248,0.04698,0.0,clahe,20,40,40,12,20,11
01_13_12_05_0153.bmp,0,12,5,8,13,0.78315,0.06421,0.0,clahe,25,26,26,31,25,11
01_13_12_05_0155.bmp,0,12,5,8,13,0.7668,0.06725,0.0,clahe,25,40,40,31,25,11
01_13_12_05_0155.bmp,1,12,5,8,13,0.91346,0.04684,0.0,clahe,25,40,40,12,25,11
01_13_12_05_0156.bmp,0,12,5,8,13,0.75597,0.06924,0.0,clahe,25,25,25,31,25,1
01_13_12_05_0157.bmp,0,12,5,8,13,0.74348,0.07225,0.0,clahe,25,25,25,31,25,13
01_13_12_05_0160.bmp,0,12,5,8,13,0.70384,0.08145,0.01116,clahe,25,14,14,31,25,13
01_13_12_05_0161.bmp,1,12,5,8,13,0.91071,0.04687,0.0,clahe,25,12,12,12,25,11
01_13_12_05_0164.bmp,0,12,5,8,13,0.63847,0.10172,0.02187,clahe,25,13,13,13,25,13
01_13_12_05_0165.bmp,1,12,5,8,13,0.91136,0.04658,0.0,clahe,25,2,2,12,25,11
01_13_12_05_0168.bmp,0,12,5,8,13,0.93084,0.03921,0.0,clahe,25,12,12,11,25,11
01_13_12_05_0169.bmp,0,12,5,8,13,0.93639,0.04268,0.0,clahe,42,40,40,16,42,11
01_13_12_05_0170.bmp,0,12,5,8,13,0.9399,0.03581,0.0,clahe,1,40,40,12,1,11
01_13_12_05_0170.bmp,1,12,5,8,13,0.91002,0.04828,0.0,clahe,25,40,40,12,25,11
01_13_12_05_0171.bmp,0,12,5,8,13,0.9391,0.0431,0.0,clahe,42,1,1,11,42,11
01_13_12_05_0172.bmp,1,12,5,8,13,0.91113,0.04759,0.0,clahe,25,25,25,12,25,11
01_13_12_05_0174.bmp,0,12,5,8,13,0.94186,0.04457,0.0,clahe,42,23,23,11,42,11
01_13_12_05_0174.bmp,1,12,5,8,13,0.89887,0.04824,0.0,clahe,20,40,40,12,20,11
01_13_12_05_0176.bmp,0,12,5,8,13,0.94005,0.04267,0.0,clahe,42,35,35,11,42,11
01_13_12_05_0177.bmp,0,12,5,8,13,0.93919,0.04179,0.0,clahe,11,40,40,11,11,11
01_13_12_05_0179.bmp,1,12,5,8,13,0.91007,0.04784,0.0,clahe,25,25,25,12,25,11
01_13_12_05_0181.bmp,1,12,5,8,13,0.91007,0.04845,0.0,clahe,25,25,25,12,25,11
01_13_12_05_0182.bmp,1,12,5,8,13,0.911,0.04844,0.0,clahe,20,39,39,12,20,11
01_13_12_05_0183.bmp,0,12,5,8,13,0.93645,0.04149,0.0,clahe,1,12,12,12,1,11
01_13_12_05_0185.bmp,1,12,5,8,13,0.91059,0.04918,0.0,clahe,25,23,23,12,25,11
01_13_12_05_0186.bmp,0,12,5,8,13,0.92802,0.04292,0.0,clahe,12,40,40,11,12,11
01_13_12_05_0187.bmp,0,12,5,8,13,0.9249,0.04055,0.0,clahe,1,12,12,12,1,11
01_13_12_05_0190.bmp,0,12,5,8,13,0.91578,0.04283,0.0,clahe,1,25,25,11,1,11
01_13_12_05_0194.bmp,0,12,5,8,13,0.90547,0.04039,0.0,clahe,12,25,25,11,12,11
01_13_12_05_0198.bmp,0,12,5,8,13,0.88947,0.04495,0.0,clahe,11,11,11,11,11,11
01_13_12_05_0199.bmp,1,12,5,8,13,0.91079,0.04752,0.0,clahe,25,13,13,12,25,11
01_13_12_05_0201.bmp,1,12,5,8,13,0.91181,0.04702,0.0,clahe,20,12,12,12,20,11
01_13_12_05_0202.bmp,0,12,5,8,13,0.87626,0.04596,0.0,clahe,42,40,40,11,42,11
01_13_12_05_0204.bmp,0,12,5,8,13,0.87117,0.04386,0.0,clahe,25,25,25,12,25,11
01_13_12_05_0204.bmp,1,12,5,8,13,0.91113,0.049,0.0,clahe,25,23,23,12,25,11
01_13_12_05_0205.bmp,0,12,5,8,13,0.86984,0.04539,0.0,clahe,25,40,40,11,25,11
01_13_12_05_0205.bmp,1,12,5,8,13,0.91179,0.04858,0.0,clahe,25,25,25,12,25,11
01_13_12_05_0206.bmp,1,12,5,8,13,0.91117,0.04841,0.0,clahe,25,40,40,12,25,11
01_13_12_05_0210.bmp,0,12,5,8,13,0.84447,0.04785,0.0,clahe,25,40,40,31,25,11
01_13_12_05_0211.bmp,1,12,5,8,13,0.91032,0.04609,0.0,clahe,25,23,23,12,25,11
01_13_12_05_0212.bmp,0,12,5,8,13,0.83672,0.04424,0.0,clahe,20,25,25,12,20,11
01_13_12_05_0213.bmp,0,12,5,8,13,0.83043,0.04991,0.0,clahe,20,40,40,11,20,11
01_13_12_05_0213.bmp,1,12,5,8,13,0.91051,0.04869,0.0,clahe,25,40,40,12,25,11
01_13_12_05_0216.bmp,0,12,5,8,13,0.77635,0.06009,0.0,clahe,20,40,40,31,20,11
01_13_12_05_0217.bmp,0,12,5,8,13,0.77314,0.06336,0.0,clahe,20,39,39,31,20,11
01_13_12_05_0217.bmp,1,12,5,8,13,0.91053,0.04846,0.0,clahe,20,40,40,12,20,11
01_13_12_05_0218.bmp,0,12,5,8,13,0.76683,0.06379,0.0,clahe,40,25,25,31,40,11
01_13_12_05_0220.bmp,0,12,5,8,13,0.75673,0.06784,0.0,clahe,40,40,40,31,40,13
01_13_12_05_0220.bmp,1,12,5,8,13,0.91153,0.04763,0.0,clahe,20,40,40,12,20,11
01_13_12_05_0221.bmp,0,12,5,8,13,0.7512,0.06973,0.01728,clahe,20,40,40,31,20,13
01_13_12_05_0221.bmp,1,12,5,8,13,0.91044,0.04679,0.0,clahe,20,25,25,12,20,11
01_13_12_05_0226.bmp,0,12,5,8,13,0.71892,0.0752,0.01192,clahe,40,13,13,31,40,13
01_13_12_05_0228.bmp,0,12,5,8,13,0.70219,0.08073,0.05068,clahe,25,13,13,31,25,13
01_13_12_05_0228.bmp,1,12,5,8,13,0.9116,0.047,0.0,clahe,25,40,40,12,25,11
01_13_12_05_0229.bmp,0,12,5,8,13,0.69766,0.0811,0.0757,clahe,25,25,25,31,25,13
01_13_12_05_0229.bmp,1,12,5,8,13,0.9119,0.0492,0.0,clahe,25,40,40,12,25,11
01_13_12_05_0230.bmp,1,12,5,8,13,0.91245,0.04879,0.0,clahe,25,40,40,12,25,11
01_13_12_05_0232.bmp,0,12,5,8,13,0.66584,0.08717,0.01955,clahe,25,13,13,13,25,13
01_13_12_05_0232.bmp,1,12,5,8,13,0.91267,0.04708,0.0,clahe,25,25,25,12,25,11
01_13_12_05_0233.bmp,1,12,5,8,13,0.91298,0.04777,0.0,clahe,25,40,40,12,25,11
01_13_12_05_0234.bmp,1,12,5,8,13,0.91338,0.04865,0.0,clahe,20,2,2,12,20,11
01_13_12_05_0236.bmp,1,12,5,8,13,0.91363,0.04954,0.0,clahe,20,25,25,12,20,11
01_13_12_05_0237.bmp,1,12,5,8,13,0.91311,0.04809,0.0,clahe,25,25,25,12,25,11
01_13_12_05_0238.bmp,0,12,5,8,13,0.6252,0.1108,0.08456,passthrough,13,13,13,13,13,13
01_13_12_05_0240.bmp,0,12,5,8,13,0.60814,0.12764,0.05231,stretch,13,13,13,13,13,13
01_13_12_05_0241.bmp,1,12,5,8,13,0.91204,0.04783,0.0,clahe,25,40,40,12,25,11
01_13_12_05_0242.bmp,1,12,5,8,13,0.91235,0.04733,0.0,clahe,25,12,12,12,25,11
01_13_12_05_0244.bmp,1,12,5,8,13,0.91268,0.04901,0.0,clahe,25,25,25,12,25,11
01_13_12_05_0248.bmp,0,12,5,8,13,0.50465,0.15061,0.06146,stretch,13,13,13,13,13,13
01_13_12_05_0249.bmp,0,12,5,8,13,0.50638,0.15328,0.05754,stretch,13,13,13,13,13,13
01_13_12_05_0249.bmp,1,12,5,8,13,0.91187,0.04846,0.0,clahe,25,25,25,12,25,11
01_13_12_05_0250.bmp,0,12,5,8,13,0.50896,0.15607,0.05601,stretch,13,13,13,13,13,13
01_13_12_05_0250.bmp,1,12,5,8,13,0.91273,0.04866,0.0,clahe,25,25,25,12,25,11
01_13_12_05_0252.bmp,0,12,5,8,13,0.51139,0.1561,0.05779,stretch,13,13,13,13,13,13
01_13_12_05_0252.bmp,1,12,5,8,13,0.91236,0.04823,0.0,clahe,25,40,40,12,25,11
01_13_12_05_0254.bmp,0,12,5,8,13,0.51217,0.15881,0.04883,stretch,13,13,13,13,13,13
01_13_12_05_0255.bmp,0,12,5,8,13,0.51261,0.15987,0.04538,stretch,13,13,13,13,13,13
01_13_12_05_0256.bmp,0,12,5,8,13,0.50858,0.15536,0.05121,stretch,13,13,13,13,13,13
01_13_12_05_0257.bmp,0,12,5,8,13,0.50871,0.1536,0.04811,stretch,13,13,13,13,13,13
01_13_12_05_0258.bmp,0,12,5,8,13,0.50622,0.15047,0.04796,stretch,13,13,13,13,13,13
01_13_12_05_0259.bmp,0,12,5,8,13,0.50891,0.15119,0.04881,stretch,13,13,13,13,13,13
01_13_12_05_0260.bmp,1,12,5,8,13,0.91174,0.04804,0.0,clahe,20,40,40,12,20,11
01_13_12_05_0261.bmp,0,12,5,8,13,0.50703,0.14545,0.03952,stretch,13,13,13,13,13,13
01_13_12_05_0262.bmp,1,12,5,8,13,0.91254,0.0494,0.0,clahe,20,12,12,12,20,11
01_13_12_05_0264.bmp,0,12,5,8,13,0.5087,0.14552,0.0272,stretch,13,13,13,13,23,13
01_13_12_05_0266.bmp,1,12,5,8,13,0.91292,0.04754,0.0,clahe,20,11,11,12,20,11
01_13_12_05_0267.bmp,0,12,5,8,13,0.50839,0.1348,0.03001,stretch,13,13,13,13,13,13
01_13_12_05_0267.bmp,1,12,5,8,13,0.9117,0.04731,0.0,clahe,25,13,13,12,25,11
01_13_12_05_0268.bmp,0,12,5,8,13,0.50616,0.12599,0.02743,stretch,13,13,13,13,13,13
01_13_12_05_0270.bmp,0,12,5,8,13,0.91197,0.04902,0.0,clahe,25,40,40,12,25,11
01_13_12_05_0271.bmp,0,12,5,8,13,0.91154,0.04818,0.0,clahe,25,40,40,12,25,11
01_13_12_05_0275.bmp,0,12,5,8,13,0.91173,0.04834,0.0,clahe,25,40,40,12,25,11
01_13_12_05_0276.bmp,0,12,5,8,13,0.91185,0.04924,0.0,clahe,20,39,39,12,20,11
01_13_12_05_0277.bmp,0,12,5,8,13,0.91139,0.04734,0.0,clahe,25,40,40,12,25,11
01_13_12_05_0279.bmp,0,12,5,8,13,0.91206,0.04874,0.0,clahe,25,25,25,12,25,11
01_13_12_05_0280.bmp,0,12,5,8,13,0.9124,0.0494,0.0,clahe,20,12,12,12,20,11
01_13_12_05_0282.bmp,0,12,5,8,13,0.91213,0.04719,0.0,clahe,25,25,25,12,25,11
01_13_12_05_0284.bmp,0,12,5,8,13,0.9128,0.04929,0.0,clahe,25,2,2,12,25,11
01_13_12_05_0285.bmp,0,12,5,8,13,0.91213,0.04851,0.0,clahe,25,25,25,12,25,11
01_13_12_05_0290.bmp,0,12,5,8,13,0.91179,0.04928,0.0,clahe,25,40,40,12,25,11
01_13_12_05_0292.bmp,0,12,5,8,13,0.91059,0.04941,0.0,clahe,25,40,40,12,25,11
01_13_12_05_0294.bmp,0,12,5,8,13,0.91187,0.04716,0.0,clahe,25,25,25,12,25,11
01_13_12_05_0295.bmp,0,12,5,8,13,0.9109,0.04829,0.0,clahe,25,12,12,12,25,11
01_13_12_05_0297.bmp,0,12,5,8,13,0.91061,0.0473,0.0,clahe,20,25,25,12,20,11
01_13_12_05_0298.bmp,0,12,5,8,13,0.91061,0.04691,0.0,clahe,20,25,25,12,20,11
01_13_12_05_0300.bmp,0,12,5,8,13,0.90902,0.04722,0.0,clahe,20,7,7,12,20,11
01_13_12_05_0301.bmp,0,12,5,8,13,0.90862,0.04846,0.0,clahe,25,25,25,12,25,11
01_13_12_05_0304.bmp,0,12,5,8,13,0.90698,0.04676,0.0,clahe,25,40,40,12,25,11
01_13_12_05_0307.bmp,0,12,5,8,13,0.90448,0.04889,0.0,clahe,25,40,40,12,25,11
01_13_12_05_0309.bmp,0,12,5,8,13,0.9033,0.0482,0.0,clahe,25,40,40,12,25,11
01_13_12_05_0311.bmp,0,12,5,8,13,0.9014,0.04855,0.0,clahe,25,11,11,12,25,11
01_13_12_05_0315.bmp,0,12,5,8,13,0.89644,0.04798,0.0,clahe,25,40,40,12,25,11
01_13_12_05_0316.bmp,0,12,5,8,13,0.89576,0.04806,0.0,clahe,25,25,25,12,25,11
01_13_12_05_0318.bmp,0,12,5,8,13,0.89016,0.05019,0.0,clahe,25,40,40,12,25,11
01_13_12_05_0321.bmp,0,12,5,8,13,0.88761,0.04959,0.0,clahe,25,25,25,12,25,11
01_13_12_05_0327.bmp,0,12,5,8,13,0.87498,0.05357,0.0,clahe,25,25,25,12,25,11
01_13_12_05_0328.bmp,0,12,5,8,13,0.87264,0.05338,0.0,clahe,25,25,25,12,25,11
01_13_12_05_0330.bmp,0,12,5,8,13,0.86721,0.05493,0.0,clahe,25,25,25,12,25,11
01_13_12_05_0334.bmp,0,12,5,8,13,0.85478,0.05837,0.0,clahe,25,13,13,12,25,11
01_13_12_05_0335.bmp,0,12,5,8,13,0.8507,0.05987,0.0,clahe,25,12,12,12,25,11
01_13_12_05_0337.bmp,0,12,5,8,13,0.8413,0.06552,0.02146,clahe,2,40,40,11,2,11
01_13_12_05_0340.bmp,0,12,5,8,13,0.82537,0.0755,0.0086,clahe,25,13,13,11,25,11
01_13_12_05_0345.bmp,0,12,5,8,13,0.785,0.08671,0.04469,clahe,25,13,13,11,25,11
01_13_12_05_0347.bmp,0,12,5,8,13,0.7642,0.09284,0.02905,clahe,13,13,13,13,13,11
01_13_12_05_0356.bmp,0,12,5,8,13,0.60041,0.09885,0.04266,clahe,25,25,25,31,25,12
01_13_12_05_0358.bmp,0,12,5,8,13,0.53437,0.13016,0.11128,passthrough,13,13,13,13,20,13
01_13_12_05_0359.bmp,0,12,5,8,13,0.53546,0.13809,0.08889,passthrough,13,13,13,13,25,13
01_13_12_05_0360.bmp,0,12,5,8,13,0.53448,0.14052,0.07083,stretch,13,13,13,13,25,13
01_13_12_05_0362.bmp,0,12,5,8,13,0.53705,0.14882,0.05708,stretch,13,13,13,13,13,13
01_13_12_05_0387.bmp,0,12,5,8,13,0.94636,0.0364,0.0,clahe,12,7,7,12,12,11
01_13_12_05_0390.bmp,0,12,5,8,13,0.94066,0.04212,0.0,clahe,25,12,12,12,25,11
01_13_12_05_0393.bmp,0,12,5,8,13,0.94426,0.0427,0.0,clahe,12,12,12,11,12,11
01_13_12_05_0394.bmp,0,12,5,8,13,0.94422,0.03827,0.0,clahe,12,25,25,12,12,11
01_13_12_05_0397.bmp,0,12,5,8,13,0.94714,0.0398,0.0,clahe,42,40,40,11,42,11
01_13_12_05_0400.bmp,0,12,5,8,13,0.9428,0.0467,0.0,clahe,42,25,25,11,42,11
01_13_12_05_0401.bmp,0,12,5,8,13,0.94445,0.04514,0.0,clahe,12,25,25,12,12,11
01_13_12_05_0407.bmp,0,12,5,8,13,0.94335,0.04373,0.0,clahe,42,12,12,11,42,11
01_13_12_05_0409.bmp,0,12,5,8,13,0.94711,0.03963,0.0,clahe,12,25,25,11,12,11
01_13_12_05_0411.bmp,0,12,5,8,13,0.94986,0.04278,0.0,clahe,12,40,40,12,12,11
01_13_12_05_0416.bmp,0,12,5,8,13,0.94037,0.04816,0.0,clahe,12,13,13,11,12,11
01_13_12_05_0420.bmp,0,12,5,8,13,0.94098,0.03582,0.0,clahe,11,26,26,11,11,11
01_13_12_05_0425.bmp,0,12,5,8,13,0.94017,0.03932,0.0,clahe,12,13,13,11,12,11
01_13_12_05_0430.bmp,0,12,5,8,13,0.93803,0.04752,0.0,clahe,0,11,11,11,0,11
01_13_12_05_0431.bmp,0,12,5,8,13,0.93609,0.04,0.0,clahe,12,40,40,12,12,11
01_13_12_05_0432.bmp,0,12,5,8,13,0.93993,0.04277,0.0,clahe,40,25,25,11,40,11
01_13_12_05_0437.bmp,0,12,5,8,13,0.93464,0.041,0.0,clahe,12,25,25,12,12,11
01_13_12_05_0444.bmp,0,12,5,8,13,0.93036,0.04086,0.0,clahe,12,40,40,11,12,11
01_13_12_05_0445.bmp,0,12,5,8,13,0.93143,0.04372,0.0,clahe,20,25,25,11,20,11
01_13_12_05_0448.bmp,0,12,5,8,13,0.92801,0.04649,0.0,clahe,20,25,25,11,20,11
01_13_12_05_0449.bmp,0,12,5,8,13,0.92922,0.04427,0.0,clahe,0,12,12,12,0,11
01_13_12_05_0450.bmp,0,12,5,8,13,0.92706,0.04667,0.0,clahe,20,23,23,11,20,11
01_13_12_05_0452.bmp,0,12,5,8,13,0.92505,0.04759,0.0,clahe,20,25,25,11,20,11
01_13_12_05_0457.bmp,0,12,5,8,13,0.91916,0.04632,0.0,clahe,40,25,25,12,40,11
01_13_12_05_0458.bmp,0,12,5,8,13,0.91977,0.04643,0.0,clahe,40,40,40,12,40,11
01_13_12_05_0459.bmp,0,12,5,8,13,0.92032,0.04464,0.0,clahe,20,40,40,12,20,11
01_13_12_05_0460.bmp,0,12,5,8,13,0.91837,0.04439,0.0,clahe,2,40,40,11,2,11
01_13_12_05_0462.bmp,0,12,5,8,13,0.91843,0.04901,0.0,clahe,20,25,25,11,20,11
01_13_12_05_0466.bmp,0,12,5,8,13,0.91392,0.05195,0.0,clahe,20,25,25,12,20,11
01_13_12_05_0470.bmp,0,12,5,8,13,0.90579,0.05517,0.0,clahe,20,13,13,12,20,11
01_13_12_05_0474.bmp,0,12,5,8,13,0.89747,0.05144,0.0,clahe,2,25,25,12,2,11
01_13_12_05_0477.bmp,0,12,5,8,13,0.89307,0.05515,0.0,clahe,20,25,25,12,20,11
01_13_12_05_0478.bmp,0,12,5,8,13,0.88911,0.05434,0.0,clahe,25,25,25,12,25,11
01_13_12_05_0481.bmp,0,12,5,8,13,0.87969,0.05482,0.0,clahe,25,40,40,12,25,11
01_13_12_05_0484.bmp,0,12,5,8,13,0.87092,0.05289,0.0,clahe,25,38,38,12,25,11
01_13_12_05_0486.bmp,0,12,5,8,13,0.86593,0.05456,0.0,clahe,25,24,24,12,25,11
01_13_12_05_0493.bmp,0,12,5,8,13,0.84647,0.06327,0.0,clahe,25,13,13,12,25,11
01_13_12_05_0496.bmp,0,12,5,8,13,0.82686,0.06655,0.0,clahe,25,40,40,12,25,11
01_13_12_05_0497.bmp,0,12,5,8,13,0.81936,0.06883,0.0,clahe,25,13,13,13,25,11
01_13_12_05_0499.bmp,0,12,5,8,13,0.80964,0.072,0.0,clahe,25,13,13,13,25,11
01_13_12_05_0501.bmp,0,12,5,8,13,0.79016,0.07637,0.0,clahe,11,13,13,13,11,13
01_13_12_05_0505.bmp,0,12,5,8,13,0.7488,0.09172,0.01057,clahe,25,13,13,13,25,13
01_13_12_05_0506.bmp,0,12,5,8,13,0.73866,0.09404,0.01299,clahe,25,13,13,13,25,13
01_13_12_05_0507.bmp,0,12,5,8,13,0.72104,0.09483,0.02158,clahe,25,13,13,13,25,13
01_13_12_05_0508.bmp,0,12,5,8,13,0.69853,0.10314,0.01328,clahe,13,13,13,13,13,13
01_13_12_05_0510.bmp,0,12,5,8,13,0.66831,0.11005,0.01514,stretch,13,13,13,13,13,13
01_13_12_05_0511.bmp,0,12,5,8,13,0.64786,0.12304,0.02346,stretch,13,13,13,13,25,13
01_13_12_05_0512.bmp,0,12,5,8,13,0.62996,0.11433,0.01777,stretch,13,13,13,13,13,13
01_13_12_05_0513.bmp,0,12,5,8,13,0.61771,0.11465,0.02037,stretch,13,13,13,13,25,13
01_13_12_05_0515.bmp,0,12,5,8,13,0.5828,0.10574,0.00692,clahe,25,14,14,13,25,13
01_13_12_05_0516.bmp,0,12,5,8,13,0.74463,0.06193,0.0,clahe,42,40,40,11,42,31
01_13_12_05_0517.bmp,0,12,5,8,13,0.74041,0.06166,0.0,clahe,12,23,23,31,12,31
01_13_12_05_0521.bmp,0,12,5,8,13,0.72236,0.05895,0.0,clahe,12,12,12,31,12,31
01_13_12_05_0524.bmp,0,12,5,8,13,0.71485,0.05479,0.0,clahe,42,40,40,31,42,31
01_13_12_05_0527.bmp,0,12,5,8,13,0.72158,0.07125,0.04167,clahe,25,40,40,31,25,10
01_13_12_05_0530.bmp,0,12,5,8,13,0.70627,0.05981,0.0,clahe,42,13,13,31,42,31
01_13_12_05_0535.bmp,0,12,5,8,13,0.73501,0.07678,0.05903,clahe,2,13,13,31,2,11
01_13_12_05_0537.bmp,0,12,5,8,13,0.7341,0.07659,0.0,clahe,20,14,14,13,20,13
01_13_12_05_0538.bmp,0,12,5,8,13,0.69042,0.06386,0.0,clahe,1,23,23,31,1,31
01_13_12_05_0540.bmp,0,12,5,8,13,0.68663,0.0631,0.0,clahe,25,13,13,31,25,13
01_13_12_05_0543.bmp,0,12,5,8,13,0.72659,0.07436,0.04514,clahe,12,40,40,12,12,12
01_13_12_05_0546.bmp,0,12,5,8,13,0.68263,0.05871,0.0,clahe,1,40,40,31,1,31
01_13_12_05_0550.bmp,0,12,5,8,13,0.6747,0.05735,0.0,clahe,12,11,11,31,12,31
01_13_12_05_0551.bmp,0,12,5,8,13,0.71908,0.07367,0.05229,clahe,12,12,12,31,12,12
01_13_12_05_0552.bmp,0,12,5,8,13,0.66834,0.06105,0.0,clahe,11,13,13,31,11,31
01_13_12_05_0555.bmp,0,12,5,8,13,0.71296,0.08031,0.09877,clahe,2,25,25,31,2,10
01_13_12_05_0558.bmp,0,12,5,8,13,0.65904,0.06666,0.0,clahe,25,12,12,31,25,31
01_13_12_05_0559.bmp,0,12,5,8,13,0.71065,0.07815,0.0,clahe,40,1,1,31,40,13
01_13_12_05_0563.bmp,0,12,5,8,13,0.71174,0.0749,0.03175,clahe,20,40,40,31,20,10
01_13_12_05_0566.bmp,0,12,5,8,13,0.64006,0.06929,0.17033,clahe,23,13,13,31,23,11
01_13_12_05_0568.bmp,0,12,5,8,13,0.63889,0.07228,0.0,clahe,12,13,13,12,12,31
01_13_12_05_0570.bmp,0,12,5,8,13,0.62477,0.07944,0.0,clahe,25,25,25,31,25,10
01_13_12_05_0580.bmp,0,12,5,8,13,0.57283,0.08344,0.181,clahe,42,12,12,31,42,32
01_13_12_05_0582.bmp,0,12,5,8,13,0.56252,0.07834,0.20362,clahe,12,40,40,31,12,12
01_13_12_05_0585.bmp,0,12,5,8,13,0.74824,0.06849,0.0,clahe,20,25,25,31,20,11
01_13_12_05_0587.bmp,0,12,5,8,13,0.74956,0.06629,0.0,clahe,20,25,25,31,20,11
01_13_12_05_0591.bmp,0,12,5,8,13,0.76306,0.06538,0.0,clahe,20,13,13,31,20,11
01_13_12_05_0592.bmp,0,12,5,8,13,0.52145,0.08368,0.15789,clahe,40,13,13,31,40,13
01_13_12_05_0593.bmp,0,12,5,8,13,0.76751,0.06431,0.0,clahe,20,13,13,31,20,11
01_13_12_05_0601.bmp,0,12,5,8,13,0.77392,0.0655,0.0458,clahe,20,25,25,31,20,11
01_13_12_05_0602.bmp,0,12,5,8,13,0.76591,0.06723,0.0,clahe,25,14,14,31,25,11
01_13_12_05_0604.bmp,0,12,5,8,13,0.75238,0.07181,0.0134,clahe,20,25,25,31,20,13
01_13_12_05_0606.bmp,0,12,5,8,13,0.74422,0.06713,0.0,clahe,20,13,13,31,20,13
01_13_12_05_0612.bmp,0,12,5,8,13,0.72568,0.07814,0.02021,clahe,25,13,13,13,25,13
01_13_12_05_0618.bmp,0,12,5,8,13,0.71508,0.09226,0.0369,clahe,25,13,13,13,25,13
01_13_12_05_0620.bmp,0,12,5,8,13,0.69677,0.09486,0.03267,clahe,25,13,13,13,25,13
01_13_12_05_0621.bmp,0,12,5,8,13,0.68159,0.09537,0.032,clahe,25,13,13,13,25,13
01_13_12_05_0623.bmp,0,12,5,8,13,0.6561,0.1085,0.03732,stretch,13,13,13,13,13,13
01_13_12_05_0624.bmp,0,12,5,8,13,0.64243,0.11536,0.0434,stretch,13,13,13,13,13,13
01_03_09_03_0006.bmp,0,9,3,8,9,0.50536,0.11486,0.30435,passthrough,11,11,40,16,0,11
01_03_09_03_0008.bmp,0,9,3,8,9,0.50353,0.11949,0.27778,passthrough,11,11,11,16,40,11
01_03_09_03_0009.bmp,0,9,3,8,9,0.50985,0.11487,0.21944,passthrough,13,13,40,32,0,13
01_03_09_03_0011.bmp,0,9,3,8,9,0.50428,0.11086,0.2375,passthrough,13,13,40,32,25,13
01_03_09_03_0017.bmp,0,9,3,8,9,0.49563,0.11858,0.25926,passthrough,13,13,13,32,25,13
01_03_09_03_0019.bmp,0,9,3,8,9,0.53751,0.13501,0.24951,passthrough,11,11,11,12,42,11
01_03_09_03_0020.bmp,0,9,3,8,9,0.49146,0.11469,0.22368,passthrough,13,13,11,16,0,13
01_03_09_03_0021.bmp,0,9,3,8,9,0.50363,0.11512,0.21053,passthrough,16,16,13,16,42,16
01_03_09_03_0023.bmp,0,9,3,8,9,0.49183,0.10814,0.2686,passthrough,32,32,40,32,25,32
01_03_09_03_0024.bmp,0,9,3,8,9,0.48219,0.12421,0.25789,passthrough,32,32,13,32,6,32
01_03_09_03_0028.bmp,0,9,3,8,9,0.45075,0.10654,0.16619,passthrough,13,13,13,32,40,13
01_03_09_03_0038.bmp,0,9,3,8,9,0.38844,0.08739,0.12103,clahe,40,40,40,32,40,13
01_03_09_03_0040.bmp,0,9,3,8,9,0.41054,0.09038,0.1583,clahe,40,13,13,12,40,13
01_03_09_03_0043.bmp,0,9,3,8,9,0.42366,0.08247,0.075,clahe,25,14,14,12,25,13
01_03_09_03_0054.bmp,0,9,3,8,9,0.39389,0.12385,0.21622,passthrough,13,13,26,13,40,13
01_03_09_03_0055.bmp,0,9,3,8,9,0.40165,0.13108,0.2078,passthrough,13,13,40,13,40,13
01_03_09_03_0063.bmp,0,9,3,8,9,0.41666,0.09576,0.10161,clahe,20,40,40,13,20,13
01_03_09_03_0065.bmp,0,9,3,8,9,0.41467,0.09362,0.10077,clahe,28,13,13,13,28,13
01_03_09_03_0075.bmp,0,9,3,8,9,0.4301,0.11229,0.1759,passthrough,13,13,13,13,20,13
01_03_09_03_0079.bmp,0,9,3,8,9,0.43468,0.11206,0.14679,passthrough,25,25,25,13,20,25
01_03_09_03_0080.bmp,0,9,3,8,9,0.42476,0.11559,0.111,passthrough,25,25,25,13,20,25
01_03_09_03_0081.bmp,0,9,3,8,9,0.43004,0.12431,0.11203,passthrough,13,13,24,13,25,13
01_03_09_03_0085.bmp,0,9,3,8,9,0.41945,0.1135,0.09844,passthrough,13,13,13,13,25,13
01_06_09_03_0001.bmp,0,9,3,8,14,0.55593,0.12489,0.21224,passthrough,13,13,18,13,20,13
01_06_09_03_0003.bmp,1,9,3,8,14,0.60843,0.08861,0.125,clahe,12,11,11,11,12,11
01_06_09_03_0004.bmp,0,9,3,8,14,0.51929,0.14536,0.27054,passthrough,18,18,18,18,28,18
01_06_09_03_0007.bmp,0,9,3,8,14,0.54966,0.12049,0.21697,passthrough,13,13,40,18,28,13
01_06_09_03_0007.bmp,1,9,3,8,14,0.57911,0.12635,0.19274,passthrough,13,13,18,12,40,13
01_06_09_03_0009.bmp,0,9,3,8,14,0.58985,0.11939,0.27727,passthrough,13,13,24,18,13,13
01_06_09_03_0010.bmp,1,9,3,8,14,0.60931,0.08946,0.11429,clahe,40,35,35,12,40,11
01_06_09_03_0014.bmp,1,9,3,8,14,0.60227,0.09797,0.19255,clahe,20,40,40,12,20,12
01_06_09_03_0015.bmp,0,9,3,8,14,0.54509,0.11214,0.27168,passthrough,13,13,20,18,2,13
01_06_09_03_0015.bmp,1,9,3,8,14,0.58603,0.12334,0.26812,passthrough,13,13,18,18,28,13
01_06_09_03_0016.bmp,0,9,3,8,14,0.51744,0.10386,0.24745,clahe,28,40,40,13,28,13
01_06_09_03_0017.bmp,0,9,3,8,14,0.5105,0.11028,0.2349,passthrough,13,13,20,18,28,13
01_06_09_03_0018.bmp,0,9,3,8,14,0.53372,0.10974,0.24121,passthrough,18,18,18,18,18,18
01_06_09_03_0020.bmp,1,9,3,8,14,0.59071,0.11709,0.3168,passthrough,13,13,13,18,28,13
01_06_09_03_0022.bmp,0,9,3,8,14,0.48755,0.13614,0.21311,passthrough,13,13,24,13,24,13
01_06_09_03_0025.bmp,1,9,3,8,14,0.59267,0.11324,0.22592,passthrough,11,11,26,12,28,11
01_06_09_03_0026.bmp,0,9,3,8,14,0.49466,0.11712,0.1722,passthrough,13,13,28,25,28,13
01_06_09_03_0027.bmp,0,9,3,8,14,0.47405,0.12944,0.24675,passthrough,13,13,24,13,28,13
01_06_09_03_0028.bmp,0,9,3,8,14,0.46938,0.13067,0.21893,passthrough,25,25,40,25,2,25
01_06_09_03_0028.bmp,1,9,3,8,14,0.57469,0.11453,0.28226,passthrough,11,11,40,12,13,11
01_06_09_03_0030.bmp,0,9,3,8,14,0.46098,0.12307,0.21397,passthrough,13,13,13,13,2,13
01_06_09_03_0030.bmp,1,9,3,8,14,0.54916,0.10303,0.20108,clahe,40,11,11,18,40,13
01_06_09_03_0032.bmp,1,9,3,8,14,0.59306,0.10419,0.15789,clahe,42,40,40,12,42,12
01_06_09_03_0033.bmp,0,9,3,8,14,0.44598,0.1357,0.23636,passthrough,13,13,13,13,13,13
01_06_09_03_0033.bmp,1,9,3,8,14,0.60325,0.1008,0.09091,clahe,42,11,11,12,42,12
01_06_09_03_0035.bmp,0,9,3,8,14,0.44777,0.13863,0.23559,passthrough,13,13,24,13,40,13
01_06_09_03_0035.bmp,1,9,3,8,14,0.54986,0.12738,0.12273,passthrough,12,12,26,12,42,12
01_06_09_03_0036.bmp,1,9,3,8,14,0.49602,0.17091,0.34545,passthrough,12,12,35,11,42,12
01_06_09_03_0037.bmp,0,9,3,8,14,0.42982,0.13343,0.23311,passthrough,13,13,7,13,13,13
01_06_09_03_0039.bmp,1,9,3,8,14,0.57891,0.1342,0.1875,passthrough,12,12,13,12,6,12
01_06_09_03_0040.bmp,0,9,3,8,14,0.4298,0.13159,0.23989,passthrough,13,13,24,13,13,13
01_06_09_03_0041.bmp,0,9,3,8,14,0.4273,0.13045,0.18894,passthrough,13,13,24,13,2,13
01_06_09_03_0041.bmp,1,9,3,8,14,0.52136,0.17459,0.31733,passthrough,11,11,10,12,42,11
01_06_09_03_0042.bmp,0,9,3,8,14,0.40409,0.10918,0.2032,passthrough,25,25,7,25,13,25
01_06_09_03_0043.bmp,1,9,3,8,14,0.53643,0.10633,0.03571,stretch,12,12,1,12,22,12
01_06_09_03_0044.bmp,1,9,3,8,14,0.50637,0.10318,0.26667,clahe,28,11,11,12,28,12
01_06_09_03_0054.bmp,0,9,3,8,14,0.56212,0.1279,0.24835,passthrough,11,11,40,12,28,11
01_06_09_03_0055.bmp,0,9,3,8,14,0.55806,0.12746,0.13439,passthrough,13,13,13,12,40,13
01_06_09_03_0058.bmp,0,9,3,8,14,0.57404,0.10733,0.27451,passthrough,12,12,13,12,40,12
01_06_09_03_0059.bmp,0,9,3,8,14,0.57317,0.11908,0.19949,passthrough,11,11,40,12,28,11
01_06_09_03_0061.bmp,0,9,3,8,14,0.54868,0.10499,0.2695,clahe,18,18,18,12,18,13
01_06_09_03_0063.bmp,0,9,3,8,14,0.5344,0.1436,0.23947,passthrough,13,13,1,18,28,13
01_06_09_03_0064.bmp,0,9,3,8,14,0.53893,0.14984,0.16127,passthrough,13,13,1,18,28,13
01_06_09_03_0067.bmp,0,9,3,8,14,0.53243,0.14507,0.16353,passthrough,11,11,40,12,40,11
01_06_09_03_0068.bmp,0,9,3,8,14,0.51155,0.15043,0.22702,passthrough,12,12,13,12,18,12
01_06_09_03_0073.bmp,0,9,3,8,14,0.50734,0.10882,0.22929,passthrough,13,13,40,12,28,13
01_06_09_03_0075.bmp,0,9,3,8,14,0.49032,0.10859,0.20706,passthrough,13,13,24,18,28,13
01_06_09_03_0077.bmp,0,9,3,8,14,0.46306,0.10166,0.20148,clahe,40,18,18,18,40,13
01_06_09_03_0080.bmp,0,9,3,8,14,0.44466,0.12684,0.18847,passthrough,18,18,18,18,28,18
01_06_09_03_0081.bmp,0,9,3,8,14,0.45245,0.09708,0.11192,clahe,40,7,7,12,40,13
01_06_09_03_0083.bmp,0,9,3,8,14,0.43269,0.0956,0.14908,clahe,40,13,13,12,40,13
01_06_09_03_0087.bmp,0,9,3,8,14,0.4141,0.16373,0.13233,passthrough,25,25,25,25,2,25
01_06_09_03_0089.bmp,0,9,3,8,14,0.382,0.12008,0.09928,passthrough,25,25,25,25,2,25
01_11_09_03_0002.bmp,0,9,3,8,12,0.47665,0.10482,0.29665,clahe,42,37,37,11,42,11
01_11_09_03_0006.bmp,0,9,3,8,12,0.50356,0.13247,0.311,passthrough,12,12,7,31,42,12
01_11_09_03_0007.bmp,0,9,3,8,12,0.52868,0.11266,0.27751,passthrough,12,12,40,19,42,12
01_11_09_03_0009.bmp,0,9,3,8,12,0.51624,0.11511,0.311,passthrough,11,11,13,11,42,11
01_11_09_03_0010.bmp,0,9,3,8,12,0.50438,0.12531,0.36364,passthrough,11,11,11,12,42,11
01_11_09_03_0011.bmp,0,9,3,8,12,0.5342,0.10556,0.35885,clahe,42,26,26,31,42,11
01_11_09_03_0015.bmp,0,9,3,8,12,0.51637,0.13636,0.31071,passthrough,32,32,18,12,42,32
01_11_09_03_0016.bmp,0,9,3,8,12,0.51404,0.11691,0.2,passthrough,11,11,40,11,40,11
01_11_09_03_0017.bmp,0,9,3,8,12,0.47986,0.13452,0.24333,passthrough,32,32,18,12,28,32
01_11_09_03_0018.bmp,0,9,3,8,12,0.47212,0.14125,0.35667,passthrough,11,11,11,11,42,11
01_11_09_03_0022.bmp,0,9,3,8,12,0.47037,0.12231,0.29412,passthrough,11,11,40,18,22,11
01_11_09_03_0026.bmp,0,9,3,8,12,0.48774,0.11451,0.24444,passthrough,32,32,18,12,11,32
01_11_09_03_0028.bmp,0,9,3,8,12,0.49841,0.10969,0.26889,passthrough,12,12,35,12,40,12
01_11_09_03_0029.bmp,0,9,3,8,12,0.49565,0.1273,0.24222,passthrough,12,12,35,11,42,12
01_11_09_03_0030.bmp,0,9,3,8,12,0.48064,0.13023,0.34222,passthrough,11,11,40,11,42,11
01_11_09_03_0031.bmp,0,9,3,8,12,0.49652,0.12466,0.28762,passthrough,11,11,35,32,40,11
01_11_09_03_0033.bmp,0,9,3,8,12,0.47405,0.10598,0.26808,clahe,42,18,18,32,42,12
01_11_09_03_0037.bmp,0,9,3,8,12,0.46083,0.15025,0.24242,passthrough,11,11,1,32,11,11
01_11_09_03_0038.bmp,0,9,3,8,12,0.45434,0.1459,0.24292,passthrough,13,13,11,11,42,13
01_11_09_03_0043.bmp,0,9,3,8,12,0.46953,0.1503,0.22059,passthrough,32,32,18,32,42,32
01_11_09_03_0048.bmp,0,9,3,8,12,0.43041,0.12533,0.22259,passthrough,11,11,1,32,28,11
01_11_09_03_0049.bmp,0,9,3,8,12,0.42518,0.14068,0.19686,passthrough,13,13,13,1,11,13
01_11_09_03_0050.bmp,0,9,3,8,12,0.41815,0.14285,0.19807,passthrough,18,18,18,18,28,18
01_11_09_03_0058.bmp,0,9,3,8,12,0.44782,0.1456,0.19018,passthrough,13,13,13,13,28,13
01_11_09_03_0059.bmp,0,9,3,8,12,0.44724,0.1452,0.17188,passthrough,13,13,11,13,11,13
01_11_09_03_0060.bmp,0,9,3,8,12,0.44529,0.14588,0.19196,passthrough,13,13,28,13,28,13
01_11_09_03_0061.bmp,0,9,3,8,12,0.45118,0.1409,0.20402,passthrough,13,13,28,32,28,13
01_11_09_03_0063.bmp,0,9,3,8,12,0.44404,0.16188,0.2039,passthrough,13,13,11,32,18,13
01_11_09_03_0065.bmp,0,9,3,8,12,0.44813,0.14089,0.16374,passthrough,13,13,17,13,11,13
01_11_09_03_0068.bmp,0,9,3,8,12,0.44765,0.14432,0.14968,passthrough,13,13,13,18,28,13
01_11_09_03_0076.bmp,0,9,3,8,12,0.43882,0.15289,0.14844,passthrough,13,13,13,13,13,13
01_11_09_03_0078.bmp,0,9,3,8,12,0.42851,0.16284,0.11828,passthrough,13,13,13,13,13,13
01_12_09_03_0004.bmp,0,9,3,8,17,0.46803,0.17537,0.27222,passthrough,13,13,13,13,42,13
01_12_09_03_0005.bmp,1,9,3,8,17,0.44988,0.06939,0.0,clahe,42,26,26,12,42,12
01_12_09_03_0006.bmp,1,9,3,8,17,0.45689,0.09387,0.0,clahe,11,35,35,31,11,12
01_12_09_03_0007.bmp,0,9,3,8,17,0.45448,0.18437,0.19762,passthrough,11,11,11,11,42,11
01_12_09_03_0008.bmp,0,9,3,8,17,0.48112,0.20669,0.25238,passthrough,18,18,18,17,40,18
01_12_09_03_0010.bmp,0,9,3,8,17,0.45699,0.19044,0.17381,passthrough,11,11,11,7,11,11
01_12_09_03_0010.bmp,1,9,3,8,17,0.46405,0.07107,0.0,clahe,42,40,40,12,42,32
01_12_09_03_0011.bmp,1,9,3,8,17,0.47463,0.07852,0.0,clahe,11,1,1,31,11,12
01_12_09_03_0012.bmp,1,9,3,8,17,0.482,0.06061,0.0,clahe,25,40,40,31,25,12
01_12_09_03_0013.bmp,1,9,3,8,17,0.45051,0.08158,0.0,clahe,42,18,18,12,42,12
01_12_09_03_0014.bmp,0,9,3,8,17,0.43473,0.18583,0.09731,passthrough,25,25,17,17,28,25
01_12_09_03_0016.bmp,1,9,3,8,17,0.49843,0.10901,0.17424,passthrough,32,32,7,19,42,32
01_12_09_03_0017.bmp,0,9,3,8,17,0.44677,0.20488,0.16563,passthrough,13,13,18,13,23,13
01_12_09_03_0018.bmp,0,9,3,8,17,0.41424,0.20772,0.15636,passthrough,7,7,7,7,20,7
01_12_09_03_0019.bmp,0,9,3,8,17,0.41521,0.19689,0.12727,passthrough,25,25,25,13,20,25
01_12_09_03_0019.bmp,1,9,3,8,17,0.49676,0.08049,0.0,clahe,42,40,40,12,42,12
01_12_09_03_0021.bmp,0,9,3,8,17,0.3973,0.18251,0.10217,passthrough,13,13,40,13,40,13
01_12_09_03_0022.bmp,0,9,3,8,17,0.38788,0.18498,0.05747,passthrough,25,25,17,7,40,25
01_12_09_03_0025.bmp,0,9,3,8,17,0.37212,0.20259,0.07791,passthrough,13,13,18,13,40,13
01_12_09_03_0025.bmp,1,9,3,8,17,0.47852,0.07006,0.0,clahe,42,18,18,31,42,11
01_12_09_03_0026.bmp,1,9,3,8,17,0.47932,0.08918,0.22727,clahe,12,11,11,31,12,11
01_12_09_03_0027.bmp,0,9,3,8,17,0.40562,0.16256,0.05769,passthrough,13,13,7,13,0,13
01_12_09_03_0027.bmp,1,9,3,8,17,0.4937,0.05707,0.0,clahe,42,35,35,31,42,12
01_12_09_03_0028.bmp,0,9,3,8,17,0.46347,0.17295,0.25299,passthrough,13,13,13,12,18,13
01_12_09_03_0029.bmp,1,9,3,8,17,0.49433,0.08709,0.34091,clahe,1,7,7,31,1,12
01_12_09_03_0030.bmp,1,9,3,8,17,0.48449,0.0792,0.04545,clahe,11,23,23,31,11,11
01_12_09_03_0032.bmp,0,9,3,8,17,0.48193,0.13834,0.20238,passthrough,12,12,13,12,40,12
01_12_09_03_0033.bmp,0,9,3,8,17,0.48717,0.13289,0.16935,passthrough,13,13,13,13,18,13
01_12_09_03_0037.bmp,0,9,3,8,17,0.45812,0.15855,0.26611,passthrough,13,13,13,13,28,13
01_12_09_03_0037.bmp,1,9,3,8,17,0.46774,0.09894,0.2803,clahe,42,25,25,31,42,32
01_12_09_03_0039.bmp,0,9,3,8,17,0.45976,0.18623,0.23072,passthrough,18,18,13,18,13,18
01_12_09_03_0042.bmp,0,9,3,8,17,0.40707,0.19034,0.15945,passthrough,13,13,24,13,28,13
01_12_09_03_0042.bmp,1,9,3,8,17,0.50134,0.11011,0.15909,passthrough,12,12,12,31,42,12
01_12_09_03_0043.bmp,1,9,3,8,17,0.49242,0.09597,0.20455,clahe,42,7,7,31,42,12
01_12_09_03_0044.bmp,0,9,3,8,17,0.51628,0.11808,0.20455,passthrough,11,11,24,31,25,11
01_12_09_03_0046.bmp,0,9,3,8,17,0.54103,0.07861,0.0,clahe,42,25,25,31,42,12
01_12_09_03_0047.bmp,0,9,3,8,17,0.50077,0.10828,0.14394,passthrough,11,11,18,31,25,11
01_12_09_03_0050.bmp,0,9,3,8,17,0.48021,0.09536,0.12121,clahe,11,13,13,31,11,12
01_12_09_03_0052.bmp,0,9,3,8,17,0.46687,0.13323,0.26515,passthrough,13,13,18,36,18,13
01_12_09_03_0053.bmp,0,9,3,8,17,0.49593,0.09758,0.25,clahe,11,7,7,31,11,12
01_12_09_03_0060.bmp,0,9,3,8,17,0.47733,0.12438,0.16955,passthrough,7,7,17,18,0,7
01_12_09_03_0061.bmp,0,9,3,8,17,0.49834,0.09843,0.22145,clahe,28,26,26,32,28,25
01_12_09_03_0063.bmp,0,9,3,8,17,0.47481,0.11526,0.2526,passthrough,25,25,25,13,28,25
01_12_09_03_0066.bmp,0,9,3,8,17,0.4856,0.1187,0.21107,passthrough,13,13,13,13,28,13
01_12_09_03_0072.bmp,0,9,3,8,17,0.48134,0.1303,0.23529,passthrough,13,13,13,13,11,13
01_12_09_03_0079.bmp,0,9,3,8,17,0.50463,0.14737,0.2512,passthrough,25,25,18,11,28,25
01_12_09_03_0080.bmp,0,9,3,8,17,0.49631,0.13524,0.1984,passthrough,25,25,26,11,20,25
01_12_09_03_0081.bmp,0,9,3,8,17,0.49693,0.14866,0.1904,passthrough,11,11,26,11,28,11
01_12_09_03_0085.bmp,0,9,3,8,17,0.4776,0.15046,0.1792,passthrough,11,11,18,11,20,11
01_12_09_03_0088.bmp,0,9,3,8,17,0.50458,0.13137,0.15111,passthrough,11,11,28,11,20,11
01_12_09_03_0089.bmp,0,9,3,8,17,0.47423,0.1422,0.09077,passthrough,13,13,25,32,20,13
01_12_09_03_0092.bmp,0,9,3,8,17,0.48244,0.15059,0.12857,passthrough,13,13,17,13,13,13
01_12_09_03_0094.bmp,0,9,3,8,17,0.46683,0.16079,0.12143,passthrough,25,25,18,13,20,25
01_12_09_03_0100.bmp,0,9,3,8,17,0.49949,0.13856,0.12539,passthrough,11,11,18,11,13,11
01_12_09_03_0102.bmp,0,9,3,8,17,0.49433,0.14699,0.08736,passthrough,13,13,13,17,28,13
01_12_09_03_0103.bmp,0,9,3,8,17,0.48457,0.14975,0.12069,passthrough,25,25,26,16,20,25
01_12_09_03_0107.bmp,0,9,3,8,17,0.47362,0.14947,0.07585,passthrough,11,11,11,17,20,11
01_12_09_03_0109.bmp,0,9,3,8,17,0.47027,0.16252,0.09091,passthrough,13,13,17,7,20,13
01_12_09_03_0113.bmp,0,9,3,8,17,0.47432,0.17634,0.09919,passthrough,7,7,7,7,18,7
01_12_09_03_0114.bmp,0,9,3,8,17,0.4902,0.17497,0.07018,stretch,7,7,13,7,13,7
01_12_09_03_0115.bmp,0,9,3,8,17,0.4735,0.2118,0.1074,passthrough,13,13,26,13,20,13
01_12_09_03_0116.bmp,0,9,3,8,17,0.45737,0.20202,0.05769,stretch,7,7,7,13,13,13
01_13_09_03_0003.bmp,0,9,3,8,13,0.58522,0.14609,0.21795,passthrough,12,12,13,12,40,12
01_13_09_03_0003.bmp,1,9,3,8,13,0.67425,0.16283,0.24,passthrough,13,13,13,13,2,13
01_13_09_03_0005.bmp,0,9,3,8,13,0.57252,0.14142,0.28205,passthrough,12,12,35,12,42,12
01_13_09_03_0006.bmp,1,9,3,8,13,0.64812,0.18851,0.2761,passthrough,13,13,13,13,13,13
01_13_09_03_0007.bmp,0,9,3,8,13,0.5599,0.1343,0.30769,passthrough,12,12,35,12,42,12
01_13_09_03_0009.bmp,0,9,3,8,13,0.55706,0.13163,0.32051,passthrough,12,12,40,12,42,12
01_13_09_03_0010.bmp,1,9,3,8,13,0.65274,0.17578,0.26648,passthrough,13,13,13,13,2,13
01_13_09_03_0012.bmp,0,9,3,8,13,0.54985,0.11336,0.24359,passthrough,12,12,13,12,1,12
01_13_09_03_0012.bmp,1,9,3,8,13,0.65156,0.18217,0.27747,passthrough,13,13,13,13,12,13
01_13_09_03_0013.bmp,0,9,3,8,13,0.55432,0.11207,0.24359,passthrough,12,12,40,12,40,12
01_13_09_03_0014.bmp,0,9,3,8,13,0.53904,0.1189,0.27564,passthrough,12,12,34,12,40,12
01_13_09_03_0014.bmp,1,9,3,8,13,0.64036,0.20047,0.24038,passthrough,13,13,13,13,20,13
01_13_09_03_0015.bmp,1,9,3,8,13,0.64598,0.1903,0.22665,passthrough,13,13,13,13,40,13
01_13_09_03_0016.bmp,0,9,3,8,13,0.52348,0.10442,0.1859,clahe,42,13,13,12,42,12
01_13_09_03_0017.bmp,0,9,3,8,13,0.53441,0.09149,0.33974,clahe,42,7,7,12,42,12
01_13_09_03_0018.bmp,1,9,3,8,13,0.63757,0.20011,0.26154,passthrough,13,13,13,13,40,13
01_13_09_03_0019.bmp,1,9,3,8,13,0.63269,0.2087,0.27765,passthrough,13,13,13,13,13,13
01_13_09_03_0021.bmp,0,9,3,8,13,0.55535,0.09099,0.12821,clahe,12,40,40,12,12,12
01_13_09_03_0023.bmp,1,9,3,8,13,0.62779,0.20644,0.26474,passthrough,13,13,13,13,13,13
01_13_09_03_0024.bmp,1,9,3,8,13,0.62197,0.20585,0.23406,passthrough,13,13,13,13,40,13
01_13_09_03_0025.bmp,0,9,3,8,13,0.57267,0.12212,0.29487,passthrough,12,12,13,12,40,12
01_13_09_03_0025.bmp,1,9,3,8,13,0.61889,0.20615,0.24952,passthrough,13,13,13,13,40,13
01_13_09_03_0029.bmp,0,9,3,8,13,0.58441,0.13744,0.29487,passthrough,12,12,12,13,42,12
01_13_09_03_0031.bmp,0,9,3,8,13,0.60686,0.1335,0.26282,passthrough,12,12,40,13,11,12
01_13_09_03_0031.bmp,1,9,3,8,13,0.62003,0.20651,0.22396,passthrough,13,13,13,13,13,13
01_13_09_03_0032.bmp,0,9,3,8,13,0.60659,0.13971,0.24359,passthrough,12,12,13,12,42,12
01_13_09_03_0032.bmp,1,9,3,8,13,0.61795,0.22157,0.23871,passthrough,13,13,13,13,13,13
01_13_09_03_0033.bmp,1,9,3,8,13,0.61368,0.21908,0.20803,passthrough,13,13,13,13,13,13
01_13_09_03_0034.bmp,0,9,3,8,13,0.58808,0.16817,0.19231,passthrough,13,13,13,13,11,13
01_13_09_03_0034.bmp,1,9,3,8,13,0.62318,0.21658,0.22768,passthrough,13,13,13,13,20,13
01_13_09_03_0036.bmp,0,9,3,8,13,0.61747,0.15272,0.26282,passthrough,12,12,40,12,40,12
01_13_09_03_0036.bmp,1,9,3,8,13,0.63547,0.21014,0.20311,passthrough,13,13,13,13,20,13
01_13_09_03_0037.bmp,0,9,3,8,13,0.61782,0.16873,0.26282,passthrough,13,13,13,13,40,13
01_13_09_03_0037.bmp,1,9,3,8,13,0.64088,0.1992,0.18703,passthrough,13,13,13,13,13,13
01_13_09_03_0039.bmp,1,9,3,8,13,0.63612,0.2134,0.20293,passthrough,13,13,13,13,13,13
01_13_09_03_0041.bmp,0,9,3,8,13,0.60315,0.16901,0.24211,passthrough,13,13,13,13,42,13
01_13_09_03_0041.bmp,1,9,3,8,13,0.63483,0.21488,0.21185,passthrough,13,13,13,13,13,13
01_13_09_03_0043.bmp,0,9,3,8,13,0.60593,0.16212,0.25,passthrough,13,13,40,13,40,13
01_13_09_03_0043.bmp,1,9,3,8,13,0.61365,0.23092,0.20748,passthrough,13,13,13,13,2,13
01_13_09_03_0044.bmp,0,9,3,8,13,0.61659,0.15204,0.22632,passthrough,13,13,13,13,40,13
01_13_09_03_0048.bmp,0,9,3,8,13,0.59639,0.16435,0.19444,passthrough,13,13,40,13,40,13
01_13_09_03_0048.bmp,1,9,3,8,13,0.61352,0.21661,0.19214,passthrough,13,13,13,13,13,13
01_13_09_03_0049.bmp,0,9,3,8,13,0.5988,0.16902,0.25794,passthrough,12,12,40,12,40,12
01_13_09_03_0052.bmp,0,9,3,8,13,0.60027,0.17605,0.25524,passthrough,13,13,40,13,40,13
01_13_09_03_0054.bmp,1,9,3,8,13,0.60217,0.22875,0.21081,passthrough,13,13,13,13,13,13
01_13_09_03_0055.bmp,1,9,3,8,13,0.61001,0.22507,0.23658,passthrough,13,13,13,13,13,13
01_13_09_03_0057.bmp,1,9,3,8,13,0.60934,0.21045,0.22493,passthrough,13,13,13,13,13,13
01_13_09_03_0058.bmp,0,9,3,8,13,0.59491,0.17892,0.20952,passthrough,13,13,13,13,40,13
01_13_09_03_0058.bmp,1,9,3,8,13,0.60545,0.22674,0.21455,passthrough,13,13,13,13,13,13
01_13_09_03_0061.bmp,0,9,3,8,13,0.6081,0.17282,0.2176,passthrough,13,13,13,13,40,13
01_13_09_03_0062.bmp,1,9,3,8,13,0.5807,0.26069,0.17687,passthrough,13,13,13,13,13,13
01_13_09_03_0063.bmp,1,9,3,8,13,0.4781,0.09039,0.1369,clahe,28,35,35,19,28,12
01_13_09_03_0064.bmp,1,9,3,8,13,0.47159,0.08498,0.16667,clahe,42,1,1,12,42,12
01_13_09_03_0067.bmp,1,9,3,8,13,0.47132,0.06689,0.10989,clahe,6,33,33,12,6,12
01_13_09_03_0068.bmp,1,9,3,8,13,0.46432,0.07246,0.0989,clahe,42,13,13,12,42,12
01_13_09_03_0069.bmp,1,9,3,8,13,0.43441,0.12512,0.15476,passthrough,12,12,40,12,42,12
01_13_09_03_0072.bmp,1,9,3,8,13,0.44956,0.07596,0.07143,clahe,11,13,13,12,11,12
01_13_09_03_0073.bmp,1,9,3,8,13,0.48079,0.08357,0.0,clahe,40,35,35,12,40,12
01_13_09_03_0074.bmp,1,9,3,8,13,0.44909,0.10452,0.14881,clahe,12,12,12,12,12,12
01_13_09_03_0075.bmp,0,9,3,8,13,0.62244,0.17341,0.25359,passthrough,13,13,13,13,13,13
01_13_09_03_0076.bmp,1,9,3,8,13,0.46968,0.1082,0.34615,passthrough,12,12,35,12,6,12
01_13_09_03_0077.bmp,1,9,3,8,13,0.45929,0.11119,0.25595,passthrough,12,12,11,12,11,12
01_13_09_03_0078.bmp,1,9,3,8,13,0.47647,0.09063,0.07738,clahe,42,18,18,12,42,12
01_13_09_03_0081.bmp,0,9,3,8,13,0.65482,0.14573,0.14239,passthrough,13,13,13,13,40,13
01_13_09_03_0083.bmp,0,9,3,8,13,0.64139,0.15928,0.18032,passthrough,13,13,13,13,13,13
01_13_09_03_0084.bmp,0,9,3,8,13,0.64107,0.16385,0.2016,passthrough,13,13,13,13,40,13
01_13_09_03_0085.bmp,0,9,3,8,13,0.64841,0.15263,0.1453,passthrough,13,13,13,13,13,13
01_13_09_03_0088.bmp,0,9,3,8,13,0.64769,0.15135,0.13868,passthrough,13,13,13,13,13,13
01_13_09_03_0093.bmp,0,9,3,8,13,0.63659,0.17001,0.13846,passthrough,13,13,13,13,13,13
01_13_09_03_0093.bmp,1,9,3,8,13,0.48973,0.10983,0.14706,passthrough,12,12,25,12,6,12
01_13_09_03_0095.bmp,1,9,3,8,13,0.52623,0.0908,0.04327,clahe,42,10,10,12,42,12
01_13_09_03_0097.bmp,0,9,3,8,13,0.63576,0.16571,0.17168,passthrough,13,13,13,13,13,13
01_13_09_03_0097.bmp,1,9,3,8,13,0.49502,0.10651,0.19328,passthrough,12,12,40,12,12,12
01_13_09_03_0098.bmp,1,9,3,8,13,0.52086,0.11121,0.1451,passthrough,12,12,20,31,12,12
01_13_09_03_0099.bmp,0,9,3,8,13,0.63461,0.16637,0.16348,passthrough,13,13,13,13,18,13
01_13_09_03_0100.bmp,1,9,3,8,13,0.51544,0.09558,0.13971,clahe,42,40,40,12,42,12
01_13_09_03_0101.bmp,1,9,3,8,13,0.54145,0.09097,0.13971,clahe,42,40,40,12,42,12
01_13_09_03_0102.bmp,1,9,3,8,13,0.51688,0.11909,0.16319,passthrough,12,12,40,12,42,12
01_13_09_03_0105.bmp,0,9,3,8,13,0.62685,0.17898,0.17167,passthrough,13,13,13,13,13,13
01_13_09_03_0106.bmp,0,9,3,8,13,0.62269,0.18591,0.15941,passthrough,13,13,13,13,13,13
01_13_09_03_0108.bmp,1,9,3,8,13,0.54088,0.15299,0.23188,passthrough,12,12,40,12,28,12
01_13_09_03_0109.bmp,1,9,3,8,13,0.54356,0.12491,0.19652,passthrough,12,12,11,12,42,12
01_13_09_03_0110.bmp,0,9,3,8,13,0.59114,0.1951,0.14209,passthrough,13,13,13,13,40,13
01_13_09_03_0111.bmp,0,9,3,8,13,0.57686,0.19898,0.16855,passthrough,25,25,13,13,40,25
01_13_09_03_0111.bmp,1,9,3,8,13,0.51132,0.11662,0.22727,passthrough,11,11,11,11,40,11
01_13_09_03_0114.bmp,0,9,3,8,13,0.4203,0.10635,0.24675,passthrough,12,12,7,12,42,12
01_13_09_03_0116.bmp,1,9,3,8,13,0.54204,0.14076,0.10243,passthrough,12,12,40,12,20,12
01_13_09_03_0117.bmp,1,9,3,8,13,0.55086,0.14083,0.23958,passthrough,12,12,11,12,28,12
01_13_09_03_0120.bmp,0,9,3,8,13,0.41183,0.12591,0.26667,passthrough,12,12,13,12,6,12
01_13_09_03_0122.bmp,0,9,3,8,13,0.4013,0.13991,0.21324,passthrough,40,40,40,12,40,40
01_13_09_03_0124.bmp,1,9,3,8,13,0.52914,0.16156,0.22771,passthrough,12,12,18,12,28,12
01_13_09_03_0125.bmp,1,9,3,8,13,0.52828,0.14282,0.20026,passthrough,12,12,13,12,40,12
01_13_09_03_0126.bmp,0,9,3,8,13,0.36246,0.12648,0.10124,passthrough,13,13,40,12,40,13
01_13_09_03_0128.bmp,0,9,3,8,13,0.36628,0.10657,0.13565,passthrough,13,13,13,12,40,13
01_13_09_03_0130.bmp,0,9,3,8,13,0.38084,0.1041,0.14154,clahe,28,11,11,32,28,12
01_13_09_03_0130.bmp,1,9,3,8,13,0.52692,0.14106,0.2046,passthrough,12,12,18,11,28,12
01_13_09_03_0132.bmp,1,9,3,8,13,0.52652,0.13466,0.15,passthrough,12,12,40,18,40,12
01_13_09_03_0133.bmp,1,9,3,8,13,0.51582,0.14845,0.19434,passthrough,12,12,40,12,40,12
01_13_09_03_0134.bmp,1,9,3,8,13,0.53106,0.13036,0.13206,passthrough,12,12,13,12,40,12
01_13_09_03_0136.bmp,1,9,3,8,13,0.52424,0.14829,0.28342,passthrough,11,11,18,12,28,11
01_13_09_03_0137.bmp,0,9,3,8,13,0.37918,0.11819,0.1139,passthrough,13,13,13,12,40,13
01_13_09_03_0141.bmp,1,9,3,8,13,0.5333,0.13137,0.15873,passthrough,12,12,13,12,40,12
01_13_09_03_0143.bmp,1,9,3,8,13,0.53932,0.11153,0.15557,passthrough,12,12,13,12,40,12
01_13_09_03_0144.bmp,0,9,3,8,13,0.35404,0.12592,0.06649,passthrough,13,13,13,13,40,13
01_13_09_03_0146.bmp,1,9,3,8,13,0.53481,0.12635,0.19118,passthrough,12,12,40,12,40,12
01_13_09_03_0147.bmp,0,9,3,8,13,0.36615,0.12077,0.07098,passthrough,13,13,40,13,40,13
01_13_09_03_0148.bmp,1,9,3,8,13,0.52999,0.12916,0.1308,passthrough,12,12,24,12,40,12
01_13_09_03_0149.bmp,1,9,3,8,13,0.53935,0.13009,0.22198,passthrough,12,12,33,12,40,12
01_13_09_03_0150.bmp,0,9,3,8,13,0.36471,0.13792,0.08714,passthrough,13,13,13,13,40,13
01_13_09_03_0153.bmp,0,9,3,8,13,0.35758,0.15077,0.12618,passthrough,13,13,13,13,40,13
01_13_09_03_0154.bmp,0,9,3,8,13,0.3651,0.14103,0.1159,passthrough,40,40,40,13,40,40
01_13_09_03_0156.bmp,0,9,3,8,13,0.36556,0.14329,0.10317,passthrough,13,13,13,13,13,13
01_13_09_03_0157.bmp,0,9,3,8,13,0.36013,0.15057,0.09874,passthrough,13,13,13,13,40,13
01_13_09_03_0158.bmp,0,9,3,8,13,0.36388,0.15077,0.10593,passthrough,13,13,13,13,13,13
01_13_09_03_0158.bmp,1,9,3,8,13,0.54782,0.14142,0.22967,passthrough,12,12,40,12,40,12
01_13_09_03_0160.bmp,1,9,3,8,13,0.5544,0.12691,0.18783,passthrough,12,12,18,12,40,12
01_13_09_03_0161.bmp,0,9,3,8,13,0.37399,0.17031,0.13005,passthrough,13,13,13,13,28,13
01_13_09_03_0163.bmp,0,9,3,8,13,0.38288,0.17611,0.12159,passthrough,13,13,13,13,13,13
01_13_09_03_0166.bmp,0,9,3,8,13,0.38682,0.20689,0.18214,passthrough,13,13,13,13,13,13
01_13_09_03_0170.bmp,0,9,3,8,13,0.40939,0.08478,0.0,clahe,42,40,40,12,42,12
01_13_09_03_0172.bmp,0,9,3,8,13,0.44834,0.101,0.2197,clahe,42,18,18,12,42,12
01_13_09_03_0172.bmp,1,9,3,8,13,0.56654,0.13072,0.22154,passthrough,12,12,40,18,28,12
01_13_09_03_0173.bmp,1,9,3,8,13,0.54462,0.12265,0.18882,passthrough,13,13,40,18,40,13
01_13_09_03_0174.bmp,0,9,3,8,13,0.43699,0.09051,0.16667,clahe,12,12,12,19,12,12
01_13_09_03_0174.bmp,1,9,3,8,13,0.51736,0.09937,0.09944,clahe,40,40,40,12,40,12
01_13_09_03_0175.bmp,0,9,3,8,13,0.42579,0.0828,0.09848,clahe,42,7,7,19,42,12
01_13_09_03_0175.bmp,1,9,3,8,13,0.5312,0.1322,0.207,passthrough,13,13,13,18,40,13
01_13_09_03_0176.bmp,1,9,3,8,13,0.55982,0.1296,0.23993,passthrough,12,12,13,12,25,12
01_13_09_03_0178.bmp,0,9,3,8,13,0.46078,0.07465,0.18939,clahe,1,35,35,12,1,12
01_13_09_03_0178.bmp,1,9,3,8,13,0.57366,0.11155,0.18803,passthrough,12,12,13,12,40,12
01_13_09_03_0179.bmp,0,9,3,8,13,0.42861,0.07202,0.0,clahe,1,25,25,12,1,12
01_13_09_03_0180.bmp,0,9,3,8,13,0.41705,0.08106,0.0,clahe,12,13,13,31,12,12
01_13_09_03_0181.bmp,1,9,3,8,13,0.56885,0.13766,0.24054,passthrough,12,12,13,12,40,12
01_13_09_03_0182.bmp,0,9,3,8,13,0.4139,0.07331,0.0,clahe,12,26,26,19,12,12
01_13_09_03_0185.bmp,1,9,3,8,13,0.57775,0.11781,0.14469,passthrough,12,12,13,12,40,12
01_13_09_03_0186.bmp,1,9,3,8,13,0.57724,0.12329,0.20147,passthrough,12,12,13,12,40,12
01_13_09_03_0188.bmp,1,9,3,8,13,0.58851,0.12108,0.15018,passthrough,12,12,13,12,40,12
01_13_09_03_0189.bmp,1,9,3,8,13,0.57321,0.12936,0.19902,passthrough,12,12,13,12,40,12
01_13_09_03_0191.bmp,0,9,3,8,13,0.40838,0.09371,0.12879,clahe,42,12,12,12,42,12
01_13_09_03_0192.bmp,1,9,3,8,13,0.56994,0.14113,0.19841,passthrough,12,12,13,12,40,12
01_13_09_03_0193.bmp,1,9,3,8,13,0.5684,0.14414,0.18193,passthrough,13,13,13,12,40,13
01_13_09_03_0194.bmp,0,9,3,8,13,0.47802,0.11923,0.24242,passthrough,32,32,40,31,42,32
01_13_09_03_0196.bmp,0,9,3,8,13,0.42116,0.09038,0.29861,clahe,42,12,12,12,42,12
01_13_09_03_0197.bmp,0,9,3,8,13,0.42895,0.095,0.15972,clahe,11,13,13,31,11,38
01_13_09_03_0198.bmp,0,9,3,8,13,0.40682,0.127,0.28571,passthrough,13,13,13,12,6,13
01_13_09_03_0200.bmp,1,9,3,8,13,0.58776,0.12581,0.23626,passthrough,12,12,13,12,40,12
01_13_09_03_0201.bmp,0,9,3,8,13,0.39003,0.1137,0.14881,passthrough,12,12,35,12,11,12
01_13_09_03_0202.bmp,0,9,3,8,13,0.41225,0.12028,0.21429,passthrough,12,12,13,12,11,12
01_13_09_03_0203.bmp,0,9,3,8,13,0.40577,0.10742,0.27381,passthrough,12,12,40,12,40,12
01_13_09_03_0204.bmp,0,9,3,8,13,0.39645,0.08604,0.14881,clahe,25,40,40,12,25,12
01_13_09_03_0204.bmp,1,9,3,8,13,0.577,0.12642,0.24664,passthrough,12,12,24,13,40,12
01_13_09_03_0205.bmp,1,9,3,8,13,0.57885,0.13865,0.19841,passthrough,12,12,12,12,40,12
01_13_09_03_0208.bmp,1,9,3,8,13,0.57949,0.14156,0.1801,passthrough,13,13,13,13,40,13
01_13_09_03_0210.bmp,1,9,3,8,13,0.58794,0.12051,0.16545,passthrough,12,12,13,12,40,12
01_13_09_03_0211.bmp,0,9,3,8,13,0.40708,0.10331,0.25077,clahe,40,18,18,12,40,13
01_13_09_03_0212.bmp,1,9,3,8,13,0.57922,0.12013,0.17338,passthrough,12,12,13,12,40,12
01_13_09_03_0215.bmp,0,9,3,8,13,0.39754,0.10163,0.22276,clahe,40,13,13,13,40,13
01_13_09_03_0217.bmp,0,9,3,8,13,0.40499,0.12256,0.17521,passthrough,13,13,40,12,40,13
01_13_09_03_0220.bmp,1,9,3,8,13,0.58777,0.12806,0.23626,passthrough,13,13,13,13,20,13
01_13_09_03_0222.bmp,0,9,3,8,13,0.39585,0.14755,0.14978,passthrough,13,13,40,13,40,13
01_13_09_03_0223.bmp,1,9,3,8,13,0.58589,0.11814,0.16056,passthrough,12,12,40,12,40,12
01_13_09_03_0224.bmp,0,9,3,8,13,0.40565,0.13033,0.14247,passthrough,13,13,13,13,20,13
01_13_09_03_0224.bmp,1,9,3,8,13,0.57124,0.1328,0.18132,passthrough,12,12,13,12,40,12
01_13_09_03_0228.bmp,1,9,3,8,13,0.58561,0.12792,0.20147,passthrough,12,12,13,12,40,12
01_13_09_03_0229.bmp,1,9,3,8,13,0.58932,0.12118,0.1453,passthrough,12,12,13,12,40,12
01_13_09_03_0230.bmp,0,9,3,8,13,0.40773,0.14358,0.14634,passthrough,13,13,13,13,40,13
01_13_09_03_0231.bmp,1,9,3,8,13,0.60441,0.13098,0.17766,passthrough,12,12,24,12,40,12
01_13_09_03_0232.bmp,0,9,3,8,13,0.40451,0.14058,0.155,passthrough,13,13,13,13,40,13
01_13_09_03_0232.bmp,1,9,3,8,13,0.61033,0.13592,0.17827,passthrough,12,12,24,12,40,12
01_13_09_03_0234.bmp,1,9,3,8,13,0.60503,0.15251,0.21612,passthrough,13,13,13,13,11,13
01_13_09_03_0235.bmp,1,9,3,8,13,0.60745,0.14359,0.21917,passthrough,12,12,13,12,40,12
01_13_09_03_0236.bmp,0,9,3,8,13,0.42587,0.16684,0.17664,passthrough,13,13,13,13,13,13
01_13_09_03_0237.bmp,0,9,3,8,13,0.45308,0.16752,0.18164,passthrough,13,13,13,13,28,13
01_13_09_03_0239.bmp,1,9,3,8,13,0.5938,0.1418,0.18559,passthrough,12,12,13,13,40,12
01_13_09_03_0240.bmp,0,9,3,8,13,0.46953,0.20711,0.18838,passthrough,13,13,13,13,28,13
01_13_09_03_0241.bmp,1,9,3,8,13,0.59005,0.17033,0.22405,passthrough,13,13,13,13,40,13
01_13_09_03_0245.bmp,1,9,3,8,13,0.58973,0.14021,0.19414,passthrough,13,13,13,12,40,13
01_13_09_03_0246.bmp,1,9,3,8,13,0.58891,0.13655,0.1917,passthrough,12,12,40,12,40,12
01_13_09_03_0247.bmp,0,9,3,8,13,0.47108,0.15807,0.16609,passthrough,13,13,13,13,18,13
01_13_09_03_0247.bmp,1,9,3,8,13,0.58882,0.14708,0.21856,passthrough,12,12,13,12,40,12
01_13_09_03_0248.bmp,0,9,3,8,13,0.46352,0.15884,0.17477,passthrough,13,13,13,13,40,13
01_13_09_03_0249.bmp,0,9,3,8,13,0.47595,0.14847,0.15526,passthrough,13,13,13,13,13,13
01_13_09_03_0250.bmp,0,9,3,8,13,0.47766,0.16724,0.1984,passthrough,13,13,13,13,13,13
01_13_09_03_0250.bmp,1,9,3,8,13,0.5909,0.13752,0.20085,passthrough,12,12,13,12,40,12
01_13_09_03_0252.bmp,1,9,3,8,13,0.59772,0.12391,0.18864,passthrough,12,12,40,12,40,12
01_13_09_03_0253.bmp,0,9,3,8,13,0.48711,0.17127,0.16298,passthrough,13,13,13,13,13,13
01_13_09_03_0256.bmp,0,9,3,8,13,0.47856,0.157,0.16725,passthrough,13,13,13,13,13,13
01_13_09_03_0256.bmp,1,9,3,8,13,0.59046,0.14214,0.21673,passthrough,13,13,13,13,40,13
01_13_09_03_0257.bmp,0,9,3,8,13,0.47341,0.16126,0.14409,passthrough,13,13,13,13,13,13
01_13_09_03_0257.bmp,1,9,3,8,13,0.59158,0.13792,0.23077,passthrough,12,12,13,12,40,12
01_13_09_03_0260.bmp,0,9,3,8,13,0.47783,0.14974,0.15583,passthrough,13,13,13,13,24,13
01_13_09_03_0261.bmp,0,9,3,8,13,0.46921,0.14629,0.12277,passthrough,13,13,13,13,13,13
01_13_09_03_0262.bmp,1,9,3,8,13,0.59202,0.13477,0.18864,passthrough,12,12,40,12,40,12
01_13_09_03_0263.bmp,0,9,3,8,13,0.46701,0.16128,0.15868,passthrough,13,13,13,13,13,13
01_13_09_03_0271.bmp,0,9,3,8,13,0.58495,0.13153,0.19048,passthrough,12,12,13,12,40,12
01_13_09_03_0272.bmp,0,9,3,8,13,0.58753,0.13922,0.18254,passthrough,12,12,13,12,40,12
01_13_09_03_0273.bmp,0,9,3,8,13,0.59323,0.13122,0.25336,passthrough,12,12,13,12,40,12
01_13_09_03_0274.bmp,0,9,3,8,13,0.59732,0.12936,0.23077,passthrough,12,12,40,12,40,12
01_13_09_03_0277.bmp,0,9,3,8,13,0.58455,0.14013,0.20452,passthrough,13,13,13,13,20,13
01_13_09_03_0280.bmp,0,9,3,8,13,0.58345,0.14038,0.22344,passthrough,13,13,13,13,40,13
01_13_09_03_0281.bmp,0,9,3,8,13,0.59344,0.13344,0.20391,passthrough,12,12,13,12,40,12
01_13_09_03_0282.bmp,0,9,3,8,13,0.57757,0.14316,0.17705,passthrough,13,13,13,13,40,13
01_13_09_03_0285.bmp,0,9,3,8,13,0.58632,0.14137,0.22222,passthrough,13,13,13,13,40,13
01_13_09_03_0287.bmp,0,9,3,8,13,0.5781,0.14703,0.17643,passthrough,12,12,13,12,40,12
01_13_09_03_0288.bmp,0,9,3,8,13,0.59365,0.12369,0.17216,passthrough,12,12,13,12,40,12
01_13_09_03_0289.bmp,0,9,3,8,13,0.58087,0.13745,0.18376,passthrough,12,12,13,13,40,12
01_13_09_03_0293.bmp,0,9,3,8,13,0.5838,0.13107,0.19719,passthrough,12,12,13,12,40,12
01_13_09_03_0296.bmp,0,9,3,8,13,0.57859,0.13666,0.20024,passthrough,13,13,13,12,40,13
01_13_09_03_0299.bmp,0,9,3,8,13,0.57467,0.12356,0.19902,passthrough,12,12,13,12,40,12
01_13_09_03_0300.bmp,0,9,3,8,13,0.57491,0.12006,0.19597,passthrough,12,12,13,12,40,12
01_13_09_03_0301.bmp,0,9,3,8,13,0.57366,0.11819,0.20879,passthrough,12,12,13,12,40,12
01_13_09_03_0303.bmp,0,9,3,8,13,0.56982,0.13073,0.23494,passthrough,12,12,24,12,40,12
01_13_09_03_0307.bmp,0,9,3,8,13,0.57728,0.11112,0.1777,passthrough,12,12,13,12,28,12
01_13_09_03_0311.bmp,0,9,3,8,13,0.55539,0.12692,0.25682,passthrough,12,12,13,12,40,12
01_13_09_03_0316.bmp,0,9,3,8,13,0.56416,0.11244,0.19946,passthrough,12,12,13,12,40,12
01_13_09_03_0325.bmp,0,9,3,8,13,0.58074,0.16657,0.15374,passthrough,12,12,40,12,40,12
01_13_09_03_0331.bmp,0,9,3,8,13,0.58996,0.16774,0.21236,passthrough,12,12,13,18,25,12
01_13_09_03_0333.bmp,0,9,3,8,13,0.58939,0.16792,0.20735,passthrough,25,25,13,18,20,25
01_13_09_03_0334.bmp,0,9,3,8,13,0.59704,0.16533,0.19109,passthrough,18,18,13,18,40,18
01_13_09_03_0336.bmp,0,9,3,8,13,0.5932,0.17702,0.23475,passthrough,13,13,13,18,20,13
01_13_09_03_0337.bmp,0,9,3,8,13,0.60371,0.18225,0.24173,passthrough,25,25,13,18,12,25
01_13_09_03_0338.bmp,0,9,3,8,13,0.60329,0.19607,0.27362,passthrough,13,13,13,11,28,13
01_13_09_03_0341.bmp,0,9,3,8,13,0.63124,0.17046,0.25125,passthrough,13,13,13,18,28,13
01_13_09_03_0343.bmp,0,9,3,8,13,0.62628,0.17474,0.27115,passthrough,13,13,13,13,13,13
01_13_09_03_0344.bmp,0,9,3,8,13,0.63729,0.17216,0.26627,passthrough,13,13,13,25,20,13
01_13_09_03_0348.bmp,0,9,3,8,13,0.6239,0.19091,0.21318,passthrough,13,13,13,13,20,13
01_13_09_03_0350.bmp,0,9,3,8,13,0.619,0.1889,0.2209,passthrough,13,13,13,13,25,13
01_13_09_03_0352.bmp,0,9,3,8,13,0.59537,0.1727,0.19669,passthrough,13,13,40,12,40,13
01_13_09_03_0353.bmp,0,9,3,8,13,0.57778,0.16843,0.17098,passthrough,13,13,13,13,13,13
01_13_09_03_0354.bmp,0,9,3,8,13,0.55955,0.15977,0.15508,passthrough,13,13,13,12,11,13
01_13_09_03_0357.bmp,0,9,3,8,13,0.49036,0.1558,0.26632,passthrough,13,13,13,13,28,13
01_13_09_03_0358.bmp,0,9,3,8,13,0.48631,0.17307,0.22619,passthrough,13,13,13,13,2,13
01_13_09_03_0359.bmp,0,9,3,8,13,0.47223,0.20311,0.22657,passthrough,13,13,13,13,2,13
01_13_09_03_0365.bmp,0,9,3,8,13,0.46114,0.21745,0.13725,passthrough,13,13,13,13,24,13
01_13_09_03_0371.bmp,0,9,3,8,13,0.43505,0.19818,0.15354,passthrough,13,13,13,13,24,13
01_13_09_03_0373.bmp,0,9,3,8,13,0.43195,0.1877,0.16032,passthrough,13,13,13,13,13,13
01_13_09_03_0382.bmp,0,9,3,8,13,0.48315,0.21241,0.1512,passthrough,13,13,13,13,13,13
01_13_09_03_0384.bmp,0,9,3,8,13,0.48494,0.1871,0.12946,passthrough,13,13,13,13,40,13
01_13_09_03_0385.bmp,0,9,3,8,13,0.47793,0.2079,0.16155,passthrough,13,13,13,13,13,13
01_13_09_03_0386.bmp,0,9,3,8,13,0.48394,0.14952,0.26446,passthrough,12,12,13,12,42,12
01_13_09_03_0387.bmp,0,9,3,8,13,0.48154,0.08009,0.26446,clahe,42,25,25,12,42,12
01_13_09_03_0389.bmp,0,9,3,8,13,0.45915,0.10392,0.31405,clahe,42,40,40,12,42,12
01_13_09_03_0391.bmp,0,9,3,8,13,0.504,0.12496,0.29752,passthrough,12,12,40,12,42,12
01_13_09_03_0398.bmp,0,9,3,8,13,0.49434,0.12061,0.14876,passthrough,12,12,13,12,11,12
01_13_09_03_0402.bmp,0,9,3,8,13,0.47791,0.14127,0.29752,passthrough,12,12,18,12,42,12
01_13_09_03_0404.bmp,0,9,3,8,13,0.4817,0.1312,0.31405,passthrough,12,12,13,12,42,12
01_13_09_03_0408.bmp,0,9,3,8,13,0.47947,0.11046,0.24793,passthrough,12,12,40,12,42,12
01_13_09_03_0413.bmp,0,9,3,8,13,0.47655,0.13947,0.26446,passthrough,12,12,12,12,42,12
01_13_09_03_0414.bmp,0,9,3,8,13,0.48501,0.11204,0.26446,passthrough,12,12,35,12,11,12
01_13_09_03_0415.bmp,0,9,3,8,13,0.46242,0.15016,0.28099,passthrough,12,12,13,12,42,12
01_13_09_03_0419.bmp,0,9,3,8,13,0.4749,0.1577,0.30579,passthrough,12,12,13,12,11,12
01_13_09_03_0421.bmp,0,9,3,8,13,0.46774,0.12586,0.30579,passthrough,12,12,13,12,42,12
01_13_09_03_0422.bmp,0,9,3,8,13,0.525,0.12338,0.2314,passthrough,12,12,13,12,42,12
01_13_09_03_0423.bmp,0,9,3,8,13,0.48511,0.12452,0.27273,passthrough,12,12,13,12,42,12
01_13_09_03_0424.bmp,0,9,3,8,13,0.49292,0.15982,0.33058,passthrough,12,12,7,12,12,12
01_13_09_03_0429.bmp,0,9,3,8,13,0.51202,0.15494,0.26374,passthrough,12,12,13,12,12,12
01_13_09_03_0430.bmp,0,9,3,8,13,0.50394,0.14812,0.1978,passthrough,13,13,13,12,40,13
01_13_09_03_0434.bmp,0,9,3,8,13,0.45526,0.18153,0.18095,passthrough,13,13,13,13,42,13
01_13_09_03_0435.bmp,0,9,3,8,13,0.50002,0.12184,0.22381,passthrough,13,13,13,12,40,13
01_13_09_03_0438.bmp,0,9,3,8,13,0.49184,0.12678,0.22381,passthrough,12,12,13,12,40,12
01_13_09_03_0441.bmp,0,9,3,8,13,0.47318,0.13347,0.25368,passthrough,13,13,13,12,25,13
01_13_09_03_0442.bmp,0,9,3,8,13,0.45643,0.16457,0.22569,passthrough,13,13,13,13,12,13
01_13_09_03_0443.bmp,0,9,3,8,13,0.46857,0.17717,0.28125,passthrough,13,13,13,12,40,13
01_13_09_03_0444.bmp,0,9,3,8,13,0.45856,0.15599,0.33088,passthrough,13,13,40,12,42,13
01_13_09_03_0448.bmp,0,9,3,8,13,0.46314,0.15241,0.21181,passthrough,13,13,13,12,12,13
01_13_09_03_0449.bmp,0,9,3,8,13,0.46578,0.14425,0.18266,passthrough,13,13,13,13,40,13
01_13_09_03_0456.bmp,0,9,3,8,13,0.46729,0.15054,0.19697,passthrough,13,13,40,12,6,13
01_13_09_03_0458.bmp,0,9,3,8,13,0.49882,0.14245,0.17609,passthrough,13,13,40,12,40,13
01_13_09_03_0461.bmp,0,9,3,8,13,0.50549,0.14933,0.2,passthrough,13,13,13,13,40,13
01_13_09_03_0463.bmp,0,9,3,8,13,0.50058,0.18657,0.24308,passthrough,13,13,13,13,40,13
01_13_09_03_0468.bmp,0,9,3,8,13,0.51531,0.19858,0.16621,passthrough,13,13,40,13,40,13
01_13_09_03_0471.bmp,0,9,3,8,13,0.52538,0.17672,0.13678,passthrough,13,13,40,13,40,13
01_13_09_03_0475.bmp,0,9,3,8,13,0.50355,0.15872,0.13782,passthrough,13,13,13,13,40,13
01_13_09_03_0477.bmp,0,9,3,8,13,0.49128,0.17003,0.18653,passthrough,13,13,40,13,40,13
01_13_09_03_0479.bmp,0,9,3,8,13,0.47205,0.16789,0.20633,passthrough,13,13,13,13,40,13
01_13_09_03_0481.bmp,0,9,3,8,13,0.46369,0.16491,0.16624,passthrough,13,13,13,13,40,13
01_13_09_03_0484.bmp,0,9,3,8,13,0.45413,0.13398,0.11542,passthrough,13,13,13,13,40,13
01_13_09_03_0486.bmp,0,9,3,8,13,0.44939,0.12823,0.14864,passthrough,13,13,13,13,40,13
01_13_09_03_0489.bmp,0,9,3,8,13,0.46052,0.13954,0.13018,passthrough,13,13,13,13,40,13
01_13_09_03_0491.bmp,0,9,3,8,13,0.46918,0.1403,0.17431,passthrough,13,13,13,13,40,13
01_13_09_03_0492.bmp,0,9,3,8,13,0.46238,0.15529,0.17816,passthrough,13,13,13,13,13,13
01_13_09_03_0494.bmp,0,9,3,8,13,0.45747,0.15135,0.15852,passthrough,13,13,13,13,40,13
01_13_09_03_0501.bmp,0,9,3,8,13,0.45251,0.14197,0.13888,passthrough,13,13,13,13,13,13
01_13_09_03_0504.bmp,0,9,3,8,13,0.45822,0.13114,0.15156,passthrough,13,13,13,13,13,13
01_13_09_03_0507.bmp,0,9,3,8,13,0.46479,0.13344,0.10048,passthrough,13,13,13,13,13,13
01_13_09_03_0511.bmp,0,9,3,8,13,0.46823,0.13452,0.10811,passthrough,13,13,13,13,40,13
01_13_09_03_0513.bmp,0,9,3,8,13,0.46655,0.13332,0.10732,passthrough,13,13,13,13,13,13
01_13_09_03_0515.bmp,0,9,3,8,13,0.42539,0.12848,0.09659,passthrough,13,13,13,13,24,13
01_13_09_03_0516.bmp,0,9,3,8,13,0.4781,0.09633,0.34965,clahe,42,35,35,12,42,12
01_13_09_03_0517.bmp,0,9,3,8,13,0.48104,0.08824,0.27273,clahe,42,13,13,12,42,12
01_13_09_03_0519.bmp,0,9,3,8,13,0.50797,0.10983,0.18182,passthrough,12,12,18,12,42,12
01_13_09_03_0521.bmp,0,9,3,8,13,0.51274,0.09751,0.13287,clahe,42,35,35,12,42,12
01_13_09_03_0525.bmp,0,9,3,8,13,0.49013,0.11889,0.11842,passthrough,12,12,40,12,28,12
01_13_09_03_0526.bmp,0,9,3,8,13,0.49697,0.08267,0.16084,clahe,42,40,40,12,42,12
01_13_09_03_0527.bmp,0,9,3,8,13,0.52568,0.11844,0.19792,passthrough,12,12,12,12,40,12
01_13_09_03_0530.bmp,0,9,3,8,13,0.49113,0.10907,0.23776,passthrough,12,12,35,12,42,12
01_13_09_03_0535.bmp,0,9,3,8,13,0.56437,0.1159,0.26389,passthrough,12,12,18,12,40,12
01_13_09_03_0540.bmp,0,9,3,8,13,0.46401,0.10231,0.27273,clahe,42,13,13,12,42,12
01_13_09_03_0542.bmp,0,9,3,8,13,0.48806,0.10142,0.24476,clahe,42,40,40,12,42,12
01_13_09_03_0544.bmp,0,9,3,8,13,0.4175,0.12927,0.3007,passthrough,13,13,13,12,42,13
01_13_09_03_0545.bmp,0,9,3,8,13,0.56441,0.11119,0.20833,passthrough,12,12,40,12,11,12
01_13_09_03_0549.bmp,0,9,3,8,13,0.54138,0.09145,0.19935,clahe,40,40,40,12,40,12
01_13_09_03_0550.bmp,0,9,3,8,13,0.46637,0.12316,0.06993,stretch,12,12,40,12,42,12
01_13_09_03_0557.bmp,0,9,3,8,13,0.55049,0.09905,0.10833,clahe,40,12,12,12,40,12
01_13_09_03_0558.bmp,0,9,3,8,13,0.45342,0.08816,0.17483,clahe,42,40,40,12,42,12
01_13_09_03_0559.bmp,0,9,3,8,13,0.51585,0.11737,0.23333,passthrough,12,12,40,12,40,12
01_13_09_03_0565.bmp,0,9,3,8,13,0.53946,0.10443,0.18254,clahe,40,40,40,12,40,12
01_13_09_03_0575.bmp,0,9,3,8,13,0.51426,0.10359,0.26054,clahe,40,13,13,12,40,12
01_13_09_03_0578.bmp,0,9,3,8,13,0.41622,0.09812,0.19457,clahe,12,35,35,12,12,40
01_13_09_03_0581.bmp,0,9,3,8,13,0.49407,0.10611,0.1522,passthrough,13,13,13,12,40,13
01_13_09_03_0582.bmp,0,9,3,8,13,0.41941,0.09369,0.17195,clahe,42,40,40,32,42,32
01_13_09_03_0583.bmp,0,9,3,8,13,0.50062,0.12448,0.22592,passthrough,12,12,13,12,28,12
01_13_09_03_0584.bmp,0,9,3,8,13,0.42222,0.09037,0.15837,clahe,42,40,40,19,42,13
01_13_09_03_0587.bmp,0,9,3,8,13,0.48594,0.10095,0.20095,clahe,40,13,13,12,40,13
01_13_09_03_0591.bmp,0,9,3,8,13,0.47239,0.11589,0.23201,passthrough,13,13,13,12,40,13
01_13_09_03_0592.bmp,0,9,3,8,13,0.39382,0.10707,0.24149,passthrough,13,13,13,12,12,13
01_13_09_03_0594.bmp,0,9,3,8,13,0.38111,0.10755,0.13003,passthrough,13,13,40,12,40,13
01_13_09_03_0596.bmp,0,9,3,8,13,0.41142,0.09188,0.0625,clahe,42,33,33,12,42,12
01_13_09_03_0599.bmp,0,9,3,8,13,0.49613,0.10331,0.18095,clahe,40,13,13,13,40,13
01_13_09_03_0600.bmp,0,9,3,8,13,0.49415,0.12004,0.17606,passthrough,12,12,40,12,40,12
01_13_09_03_0604.bmp,0,9,3,8,13,0.4781,0.11949,0.25175,passthrough,13,13,40,13,40,13
01_13_09_03_0605.bmp,0,9,3,8,13,0.49887,0.12032,0.18261,passthrough,12,12,12,12,28,12
01_13_09_03_0607.bmp,0,9,3,8,13,0.49187,0.11225,0.20155,passthrough,12,12,18,13,18,12
01_13_09_03_0608.bmp,0,9,3,8,13,0.4793,0.11558,0.17111,passthrough,13,13,13,12,28,13
01_13_09_03_0609.bmp,0,9,3,8,13,0.48184,0.13119,0.20186,passthrough,13,13,40,13,28,13
01_13_09_03_0611.bmp,0,9,3,8,13,0.49426,0.11501,0.20035,passthrough,13,13,13,13,28,13
01_13_09_03_0613.bmp,0,9,3,8,13,0.50633,0.11362,0.14663,passthrough,12,12,40,12,40,12
01_13_09_03_0615.bmp,0,9,3,8,13,0.50147,0.12102,0.13907,passthrough,13,13,13,12,40,13
01_13_09_03_0616.bmp,0,9,3,8,13,0.50066,0.12641,0.12609,passthrough,13,13,13,13,13,13
01_13_09_03_0626.bmp,0,9,3,8,13,0.48763,0.16924,0.14725,passthrough,13,13,13,12,13,13
01_03_09_04_0004.bmp,0,9,4,8,9,0.51732,0.10185,0.26087,clahe,40,40,40,32,40,12
01_03_09_04_0005.bmp,0,9,4,8,9,0.52363,0.09618,0.24638,clahe,11,13,13,12,11,11
01_03_09_04_0011.bmp,0,9,4,8,9,0.50818,0.10456,0.2725,clahe,25,40,40,16,25,11
01_03_09_04_0015.bmp,0,9,4,8,9,0.51753,0.09413,0.19753,clahe,11,11,11,16,11,13
01_03_09_04_0016.bmp,0,9,4,8,9,0.49216,0.10501,0.19342,clahe,36,11,11,32,36,13
01_03_09_04_0017.bmp,0,9,4,8,9,0.50473,0.1107,0.2572,passthrough,13,13,13,32,25,13
01_03_09_04_0024.bmp,0,9,4,8,9,0.49072,0.11946,0.24737,passthrough,32,32,40,32,40,32
01_03_09_04_0025.bmp,0,9,4,8,9,0.49068,0.09836,0.19839,clahe,25,40,40,32,25,13
01_03_09_04_0028.bmp,0,9,4,8,9,0.45951,0.09579,0.14489,clahe,40,13,13,12,40,25
01_03_09_04_0029.bmp,0,9,4,8,9,0.47475,0.1139,0.2562,passthrough,13,13,13,32,11,13
01_03_09_04_0030.bmp,0,9,4,8,9,0.45355,0.09646,0.12912,clahe,25,13,13,32,25,13
01_03_09_04_0032.bmp,0,9,4,8,9,0.42132,0.10838,0.21014,passthrough,12,12,25,32,25,12
01_03_09_04_0033.bmp,0,9,4,8,9,0.42381,0.09402,0.16546,clahe,25,13,13,32,25,13
01_03_09_04_0034.bmp,0,9,4,8,9,0.42649,0.09078,0.10145,clahe,25,25,25,32,25,12
01_03_09_04_0041.bmp,0,9,4,8,9,0.41703,0.08684,0.14035,clahe,40,13,13,12,40,12
01_03_09_04_0047.bmp,0,9,4,8,9,0.44037,0.09607,0.02481,clahe,40,14,14,12,40,13
01_03_09_04_0048.bmp,0,9,4,8,9,0.42628,0.12347,0.18647,passthrough,13,13,25,13,40,13
01_03_09_04_0050.bmp,0,9,4,8,9,0.41916,0.09391,0.13369,clahe,40,40,40,13,40,13
01_03_09_04_0051.bmp,0,9,4,8,9,0.41007,0.10704,0.15568,passthrough,13,13,40,13,40,13
01_03_09_04_0052.bmp,0,9,4,8,9,0.40345,0.10528,0.15663,clahe,40,40,40,13,40,13
01_03_09_04_0055.bmp,0,9,4,8,9,0.40578,0.12373,0.17147,passthrough,13,13,13,13,40,13
01_03_09_04_0057.bmp,0,9,4,8,9,0.42774,0.09478,0.09524,clahe,13,13,13,13,13,13
01_03_09_04_0058.bmp,0,9,4,8,9,0.42437,0.10422,0.13961,clahe,25,40,40,13,25,25
01_03_09_04_0059.bmp,0,9,4,8,9,0.42811,0.10966,0.08881,passthrough,13,13,13,13,40,13
01_03_09_04_0064.bmp,0,9,4,8,9,0.42602,0.099,0.11724,clahe,20,13,13,13,20,13
01_03_09_04_0071.bmp,0,9,4,8,9,0.44394,0.10091,0.11751,clahe,20,13,13,13,20,13
01_03_09_04_0072.bmp,0,9,4,8,9,0.42847,0.09522,0.10322,clahe,20,25,25,13,20,13
01_03_09_04_0074.bmp,0,9,4,8,9,0.44732,0.10381,0.14641,clahe,20,40,40,13,20,25
01_03_09_04_0075.bmp,0,9,4,8,9,0.43725,0.10669,0.16185,passthrough,13,13,13,13,20,13
01_03_09_04_0076.bmp,0,9,4,8,9,0.44754,0.12483,0.08809,passthrough,13,13,41,13,25,13
01_03_09_04_0077.bmp,0,9,4,8,9,0.44554,0.1278,0.11549,passthrough,25,25,13,13,25,25
01_03_09_04_0078.bmp,0,9,4,8,9,0.44225,0.11231,0.14487,passthrough,13,13,13,13,20,13
01_03_09_04_0083.bmp,0,9,4,8,9,0.44442,0.11916,0.1316,passthrough,25,25,13,13,20,25
01_03_09_04_0084.bmp,0,9,4,8,9,0.43974,0.11603,0.1328,passthrough,13,13,13,13,25,13
01_06_09_04_0001.bmp,1,9,4,8,14,0.57601,0.12185,0.3875,passthrough,13,13,18,13,25,13
01_06_09_04_0003.bmp,1,9,4,8,14,0.621,0.07991,0.21667,clahe,12,7,7,12,12,11
01_06_09_04_0005.bmp,0,9,4,8,14,0.53584,0.1169,0.2446,passthrough,13,13,40,12,13,13
01_06_09_04_0005.bmp,1,9,4,8,14,0.59031,0.07416,0.09583,clahe,42,40,40,31,42,13
01_06_09_04_0006.bmp,0,9,4,8,14,0.52694,0.1272,0.17492,passthrough,13,13,13,11,24,13
01_06_09_04_0006.bmp,1,9,4,8,14,0.6079,0.10627,0.26531,passthrough,13,13,11,12,42,13
01_06_09_04_0007.bmp,0,9,4,8,14,0.55891,0.11593,0.25976,passthrough,18,18,40,18,28,18
01_06_09_04_0008.bmp,1,9,4,8,14,0.60472,0.09835,0.24286,clahe,20,11,11,12,20,11
01_06_09_04_0010.bmp,0,9,4,8,14,0.57283,0.10302,0.20145,clahe,28,7,7,25,28,25
01_06_09_04_0011.bmp,0,9,4,8,14,0.56533,0.09927,0.22128,clahe,28,13,13,12,28,13
01_06_09_04_0013.bmp,0,9,4,8,14,0.55612,0.1089,0.24458,passthrough,13,13,13,13,13,13
01_06_09_04_0014.bmp,0,9,4,8,14,0.55853,0.09168,0.16709,clahe,13,24,24,11,13,11
01_06_09_04_0016.bmp,1,9,4,8,14,0.61932,0.09477,0.24819,clahe,40,18,18,12,40,11
01_06_09_04_0018.bmp,1,9,4,8,14,0.608,0.11287,0.1984,passthrough,11,11,2,11,20,11
01_06_09_04_0020.bmp,0,9,4,8,14,0.50598,0.10214,0.21833,clahe,28,24,24,13,28,13
01_06_09_04_0020.bmp,1,9,4,8,14,0.60176,0.11033,0.216,passthrough,13,13,18,18,28,13
01_06_09_04_0021.bmp,0,9,4,8,14,0.50307,0.10369,0.18882,clahe,13,24,24,13,13,13
01_06_09_04_0021.bmp,1,9,4,8,14,0.6153,0.08831,0.1056,clahe,40,40,40,12,40,12
01_06_09_04_0022.bmp,1,9,4,8,14,0.6296,0.10668,0.0976,passthrough,12,12,40,12,28,12
01_06_09_04_0023.bmp,0,9,4,8,14,0.50404,0.10872,0.25165,passthrough,13,13,24,13,24,13
01_06_09_04_0023.bmp,1,9,4,8,14,0.62398,0.12582,0.14023,passthrough,12,12,13,12,20,12
01_06_09_04_0025.bmp,0,9,4,8,14,0.4968,0.1068,0.19023,passthrough,13,13,24,13,20,13
01_06_09_04_0026.bmp,0,9,4,8,14,0.50301,0.11355,0.16835,passthrough,13,13,24,13,24,13
01_06_09_04_0027.bmp,0,9,4,8,14,0.48308,0.12445,0.19793,passthrough,13,13,13,13,28,13
01_06_09_04_0028.bmp,0,9,4,8,14,0.47995,0.12612,0.23079,passthrough,25,25,13,25,2,25
01_06_09_04_0028.bmp,1,9,4,8,14,0.58364,0.11044,0.21673,passthrough,11,11,1,18,40,11
01_06_09_04_0031.bmp,1,9,4,8,14,0.59936,0.12433,0.1244,passthrough,12,12,28,12,42,12
01_06_09_04_0032.bmp,0,9,4,8,14,0.4608,0.11593,0.21316,passthrough,13,13,24,18,24,13
01_06_09_04_0032.bmp,1,9,4,8,14,0.59981,0.10072,0.20096,clahe,42,40,40,12,42,12
01_06_09_04_0033.bmp,0,9,4,8,14,0.45288,0.13104,0.25749,passthrough,13,13,24,13,13,13
01_06_09_04_0033.bmp,1,9,4,8,14,0.61349,0.09611,0.20574,clahe,42,34,34,12,42,12
01_06_09_04_0035.bmp,0,9,4,8,14,0.45869,0.134,0.21441,passthrough,13,13,13,13,28,13
01_06_09_04_0036.bmp,1,9,4,8,14,0.51012,0.16806,0.33182,passthrough,11,11,11,12,42,11
01_06_09_04_0038.bmp,1,9,4,8,14,0.52435,0.14375,0.3,passthrough,12,12,1,12,42,12
01_06_09_04_0040.bmp,0,9,4,8,14,0.43783,0.1265,0.21205,passthrough,13,13,13,13,25,13
01_06_09_04_0044.bmp,0,9,4,8,14,0.41868,0.10352,0.11889,clahe,40,25,25,12,40,25
01_06_09_04_0044.bmp,1,9,4,8,14,0.51804,0.08674,0.11111,clahe,40,40,40,12,40,12
01_06_09_04_0047.bmp,0,9,4,8,14,0.52236,0.10011,0.07949,clahe,40,40,40,12,40,12
01_06_09_04_0048.bmp,0,9,4,8,14,0.51719,0.10807,0.19231,passthrough,12,12,13,12,40,12
01_06_09_04_0049.bmp,0,9,4,8,14,0.5285,0.08411,0.09387,clahe,6,40,40,12,6,12
01_06_09_04_0050.bmp,0,9,4,8,14,0.54021,0.09699,0.14439,clahe,40,1,1,12,40,12
01_06_09_04_0053.bmp,0,9,4,8,14,0.55866,0.10425,0.13943,clahe,40,40,40,12,40,12
01_06_09_04_0054.bmp,0,9,4,8,14,0.57201,0.11832,0.2011,passthrough,11,11,18,12,28,11
01_06_09_04_0055.bmp,0,9,4,8,14,0.56731,0.11711,0.11217,passthrough,12,12,13,12,40,12
01_06_09_04_0056.bmp,0,9,4,8,14,0.57368,0.09823,0.21639,clahe,28,24,24,12,28,12
01_06_09_04_0064.bmp,0,9,4,8,14,0.54803,0.14219,0.21255,passthrough,13,13,18,18,18,13
01_06_09_04_0065.bmp,0,9,4,8,14,0.54856,0.13277,0.22672,passthrough,13,13,40,12,40,13
01_06_09_04_0066.bmp,0,9,4,8,14,0.55338,0.12822,0.11324,passthrough,11,11,40,12,28,11
01_06_09_04_0067.bmp,0,9,4,8,14,0.53897,0.14182,0.18847,passthrough,13,13,13,12,40,13
01_06_09_04_0068.bmp,0,9,4,8,14,0.52062,0.14511,0.23256,passthrough,13,13,13,12,28,13
01_06_09_04_0076.bmp,0,9,4,8,14,0.48815,0.1043,0.21339,clahe,28,40,40,12,28,13
01_06_09_04_0079.bmp,0,9,4,8,14,0.48163,0.10745,0.19382,passthrough,13,13,24,18,28,13
01_06_09_04_0080.bmp,0,9,4,8,14,0.45154,0.12371,0.15963,passthrough,13,13,18,18,18,13
01_06_09_04_0084.bmp,0,9,4,8,14,0.44216,0.0964,0.02303,clahe,40,24,24,12,40,12
01_06_09_04_0085.bmp,0,9,4,8,14,0.44135,0.10308,0.1455,clahe,28,13,13,13,28,13
01_06_09_04_0088.bmp,0,9,4,8,14,0.38078,0.11217,0.0807,passthrough,13,13,40,13,20,13
01_11_09_04_0001.bmp,0,9,4,8,12,0.48798,0.11766,0.37799,passthrough,13,13,26,11,42,13
01_11_09_04_0006.bmp,0,9,4,8,12,0.50988,0.12598,0.30144,passthrough,38,38,13,12,42,38
01_11_09_04_0010.bmp,0,9,4,8,12,0.5108,0.11974,0.3445,passthrough,11,11,11,31,42,11
01_11_09_04_0014.bmp,0,9,4,8,12,0.49146,0.10309,0.33214,clahe,42,18,18,11,42,11
01_11_09_04_0016.bmp,0,9,4,8,12,0.52024,0.11293,0.29,passthrough,11,11,23,12,40,11
01_11_09_04_0023.bmp,0,9,4,8,12,0.51928,0.08648,0.13811,clahe,6,40,40,12,6,11
01_11_09_04_0026.bmp,0,9,4,8,12,0.49737,0.10492,0.24667,clahe,42,11,11,12,42,12
01_11_09_04_0030.bmp,0,9,4,8,12,0.48685,0.12761,0.21111,passthrough,11,11,11,11,42,11
01_11_09_04_0032.bmp,0,9,4,8,12,0.46847,0.14482,0.29806,passthrough,11,11,18,32,42,11
01_11_09_04_0034.bmp,0,9,4,8,12,0.50685,0.12042,0.27337,passthrough,13,13,20,13,28,13
01_11_09_04_0036.bmp,0,9,4,8,12,0.46693,0.1154,0.25,passthrough,12,12,40,32,28,12
01_11_09_04_0041.bmp,0,9,4,8,12,0.47877,0.11385,0.23543,passthrough,11,11,13,32,28,11
01_11_09_04_0045.bmp,0,9,4,8,12,0.46018,0.12161,0.21774,passthrough,13,13,35,32,28,13
01_11_09_04_0059.bmp,0,9,4,8,12,0.45575,0.13565,0.18482,passthrough,13,13,13,13,28,13
01_11_09_04_0067.bmp,0,9,4,8,12,0.4688,0.13595,0.16442,passthrough,13,13,13,13,20,13
01_11_09_04_0068.bmp,0,9,4,8,12,0.45349,0.137,0.17399,passthrough,13,13,28,18,28,13
01_11_09_04_0069.bmp,0,9,4,8,12,0.4532,0.13098,0.1458,passthrough,13,13,13,13,13,13
01_11_09_04_0074.bmp,0,9,4,8,12,0.45342,0.14487,0.13241,passthrough,13,13,13,13,11,13
01_12_09_04_0001.bmp,0,9,4,8,17,0.43545,0.09334,0.20202,clahe,20,11,11,12,20,13
01_12_09_04_0004.bmp,1,9,4,8,17,0.48699,0.07015,0.0,clahe,42,23,23,12,42,11
01_12_09_04_0005.bmp,0,9,4,8,17,0.4823,0.1748,0.23,passthrough,13,13,13,11,42,13
01_12_09_04_0006.bmp,1,9,4,8,17,0.47582,0.09162,0.0,clahe,11,35,35,12,11,11
01_12_09_04_0007.bmp,0,9,4,8,17,0.46296,0.17163,0.18095,passthrough,25,25,7,13,20,25
01_12_09_04_0007.bmp,1,9,4,8,17,0.45154,0.09244,0.0,clahe,42,40,40,31,42,12
01_12_09_04_0010.bmp,1,9,4,8,17,0.47454,0.06934,0.0,clahe,42,18,18,12,42,12
01_12_09_04_0012.bmp,1,9,4,8,17,0.48928,0.07163,0.06818,clahe,28,40,40,31,28,12
01_12_09_04_0013.bmp,0,9,4,8,17,0.47601,0.18019,0.27536,passthrough,13,13,17,13,42,13
01_12_09_04_0017.bmp,1,9,4,8,17,0.47849,0.06275,0.0,clahe,25,13,13,31,25,12
01_12_09_04_0018.bmp,0,9,4,8,17,0.42353,0.19586,0.19455,passthrough,7,7,7,7,40,7
01_12_09_04_0020.bmp,1,9,4,8,17,0.48108,0.0592,0.06818,clahe,11,1,1,12,11,11
01_12_09_04_0021.bmp,0,9,4,8,17,0.40732,0.17656,0.12644,passthrough,7,7,17,13,20,7
01_12_09_04_0022.bmp,0,9,4,8,17,0.39952,0.17917,0.07663,passthrough,25,25,7,7,20,25
01_12_09_04_0024.bmp,1,9,4,8,17,0.51673,0.12827,0.34848,passthrough,11,11,18,31,42,11
01_12_09_04_0025.bmp,0,9,4,8,17,0.37944,0.20125,0.07024,passthrough,25,25,11,13,40,25
01_12_09_04_0028.bmp,0,9,4,8,17,0.46995,0.17008,0.22909,passthrough,13,13,13,13,18,13
01_12_09_04_0029.bmp,0,9,4,8,17,0.50843,0.1198,0.22211,passthrough,12,12,13,12,1,12
01_12_09_04_0029.bmp,1,9,4,8,17,0.49652,0.08312,0.12879,clahe,42,35,35,31,42,11
01_12_09_04_0033.bmp,0,9,4,8,17,0.4941,0.12634,0.16935,passthrough,13,13,13,13,18,13
01_12_09_04_0033.bmp,1,9,4,8,17,0.49002,0.08857,0.31818,clahe,42,26,26,32,42,32
01_12_09_04_0034.bmp,0,9,4,8,17,0.49461,0.15127,0.19479,passthrough,13,13,24,13,13,13
01_12_09_04_0034.bmp,1,9,4,8,17,0.50045,0.0924,0.08333,clahe,1,40,40,31,1,32
01_12_09_04_0038.bmp,0,9,4,8,17,0.46678,0.15292,0.27225,passthrough,13,13,13,11,13,13
01_12_09_04_0040.bmp,0,9,4,8,17,0.44933,0.16181,0.2189,passthrough,13,13,7,13,18,13
01_12_09_04_0042.bmp,0,9,4,8,17,0.41674,0.18287,0.14158,passthrough,13,13,13,13,7,13
01_12_09_04_0045.bmp,0,9,4,8,17,0.52026,0.10893,0.14394,passthrough,11,11,18,31,42,11
01_12_09_04_0049.bmp,0,9,4,8,17,0.50499,0.09744,0.24242,clahe,12,23,23,31,12,25
01_12_09_04_0050.bmp,0,9,4,8,17,0.48387,0.08658,0.15152,clahe,25,1,1,31,25,12
01_12_09_04_0052.bmp,0,9,4,8,17,0.4801,0.11525,0.23485,passthrough,13,13,13,36,1,13
01_12_09_04_0056.bmp,0,9,4,8,17,0.49276,0.11335,0.24567,passthrough,11,11,40,32,28,11
01_12_09_04_0057.bmp,0,9,4,8,17,0.49864,0.09574,0.2526,clahe,12,28,28,32,12,13
01_12_09_04_0061.bmp,0,9,4,8,17,0.49995,0.09153,0.18339,clahe,28,13,13,32,28,13
01_12_09_04_0063.bmp,0,9,4,8,17,0.48068,0.11371,0.2699,passthrough,13,13,18,13,11,13
01_12_09_04_0071.bmp,0,9,4,8,17,0.48402,0.11142,0.15686,passthrough,13,13,36,32,40,13
01_12_09_04_0073.bmp,0,9,4,8,17,0.50342,0.12445,0.23619,passthrough,11,11,18,11,20,11
01_12_09_04_0076.bmp,0,9,4,8,17,0.49788,0.14291,0.1981,passthrough,25,25,11,13,20,25
01_12_09_04_0081.bmp,0,9,4,8,17,0.50382,0.14172,0.1808,passthrough,11,11,26,11,28,11
01_12_09_04_0082.bmp,0,9,4,8,17,0.50911,0.1442,0.2032,passthrough,11,11,11,11,11,11
01_12_09_04_0083.bmp,0,9,4,8,17,0.50578,0.1358,0.1984,passthrough,11,11,7,11,11,11
01_12_09_04_0092.bmp,0,9,4,8,17,0.48962,0.14505,0.11286,passthrough,25,25,7,13,20,25
01_12_09_04_0094.bmp,0,9,4,8,17,0.47438,0.15586,0.17,passthrough,25,25,18,13,20,25
01_12_09_04_0096.bmp,0,9,4,8,17,0.49046,0.14366,0.11,passthrough,13,13,18,32,13,13
01_12_09_04_0101.bmp,0,9,4,8,17,0.48968,0.15014,0.1069,passthrough,11,11,18,11,20,11
01_12_09_04_0102.bmp,0,9,4,8,17,0.49956,0.14336,0.13908,passthrough,13,13,13,17,20,13
01_12_09_04_0104.bmp,0,9,4,8,17,0.47157,0.1613,0.14461,passthrough,25,25,11,11,11,25
01_12_09_04_0105.bmp,0,9,4,8,17,0.47288,0.16957,0.12458,passthrough,11,11,11,11,20,11
01_12_09_04_0111.bmp,0,9,4,8,17,0.48773,0.15372,0.06682,stretch,25,25,13,11,20,25
01_13_09_04_0003.bmp,0,9,4,8,13,0.59158,0.13198,0.23718,passthrough,12,12,40,12,42,12
01_13_09_04_0003.bmp,1,9,4,8,13,0.67524,0.15735,0.24667,passthrough,13,13,13,13,12,13
01_13_09_04_0004.bmp,1,9,4,8,13,0.66669,0.16026,0.26333,passthrough,13,13,13,13,25,13
01_13_09_04_0011.bmp,1,9,4,8,13,0.65682,0.17171,0.23901,passthrough,13,13,13,13,13,13
01_13_09_04_0013.bmp,0,9,4,8,13,0.55892,0.10697,0.30128,passthrough,12,12,11,12,42,12
01_13_09_04_0014.bmp,1,9,4,8,13,0.64594,0.18939,0.24451,passthrough,13,13,13,13,12,13
01_13_09_04_0016.bmp,0,9,4,8,13,0.52114,0.1004,0.19231,clahe,42,13,13,12,42,12
01_13_09_04_0017.bmp,0,9,4,8,13,0.5325,0.0818,0.17308,clahe,40,13,13,12,40,12
01_13_09_04_0021.bmp,0,9,4,8,13,0.56589,0.0944,0.27564,clahe,11,13,13,12,11,12
01_13_09_04_0022.bmp,0,9,4,8,13,0.55342,0.11104,0.21154,passthrough,12,12,13,12,40,12
01_13_09_04_0024.bmp,0,9,4,8,13,0.56531,0.1245,0.25,passthrough,12,12,40,12,42,12
01_13_09_04_0026.bmp,0,9,4,8,13,0.57308,0.12919,0.25,passthrough,13,13,35,13,40,13
01_13_09_04_0026.bmp,1,9,4,8,13,0.62231,0.20393,0.24476,passthrough,13,13,13,13,40,13
01_13_09_04_0027.bmp,0,9,4,8,13,0.57828,0.13738,0.24359,passthrough,12,12,40,12,42,12
01_13_09_04_0028.bmp,0,9,4,8,13,0.56775,0.16498,0.23718,passthrough,13,13,25,12,42,13
01_13_09_04_0028.bmp,1,9,4,8,13,0.61879,0.19124,0.23698,passthrough,13,13,13,13,13,13
01_13_09_04_0032.bmp,1,9,4,8,13,0.62345,0.21562,0.247,passthrough,13,13,13,13,13,13
01_13_09_04_0033.bmp,1,9,4,8,13,0.61842,0.21177,0.17199,passthrough,13,13,13,13,2,13
01_13_09_04_0034.bmp,0,9,4,8,13,0.58962,0.16293,0.1859,passthrough,13,13,40,13,1,13
01_13_09_04_0035.bmp,0,9,4,8,13,0.62722,0.14296,0.28846,passthrough,12,12,13,12,12,12
01_13_09_04_0035.bmp,1,9,4,8,13,0.6257,0.21361,0.18673,passthrough,13,13,13,13,13,13
01_13_09_04_0036.bmp,1,9,4,8,13,0.63879,0.20208,0.2113,passthrough,13,13,13,13,25,13
01_13_09_04_0037.bmp,0,9,4,8,13,0.62026,0.17937,0.30769,passthrough,13,13,38,13,42,13
01_13_09_04_0040.bmp,0,9,4,8,13,0.6318,0.1615,0.23077,passthrough,13,13,13,13,42,13
01_13_09_04_0040.bmp,1,9,4,8,13,0.6344,0.21068,0.20976,passthrough,13,13,13,13,13,13
01_13_09_04_0041.bmp,0,9,4,8,13,0.60998,0.16019,0.23684,passthrough,13,13,13,12,40,13
01_13_09_04_0042.bmp,0,9,4,8,13,0.60424,0.16254,0.24474,passthrough,13,13,35,12,42,13
01_13_09_04_0042.bmp,1,9,4,8,13,0.62916,0.20802,0.17282,passthrough,13,13,13,13,13,13
01_13_09_04_0044.bmp,1,9,4,8,13,0.61431,0.22203,0.20936,passthrough,13,13,13,13,13,13
01_13_09_04_0046.bmp,0,9,4,8,13,0.60958,0.16459,0.27895,passthrough,13,13,40,13,40,13
01_13_09_04_0051.bmp,0,9,4,8,13,0.60586,0.1668,0.26389,passthrough,13,13,40,13,40,13
01_13_09_04_0052.bmp,0,9,4,8,13,0.60697,0.1631,0.19619,passthrough,13,13,13,13,40,13
01_13_09_04_0054.bmp,0,9,4,8,13,0.61911,0.14655,0.20381,passthrough,13,13,13,13,40,13
01_13_09_04_0055.bmp,0,9,4,8,13,0.60898,0.15628,0.16762,passthrough,13,13,13,13,40,13
01_13_09_04_0056.bmp,0,9,4,8,13,0.60666,0.16622,0.24571,passthrough,13,13,13,13,40,13
01_13_09_04_0057.bmp,1,9,4,8,13,0.612,0.2039,0.19384,passthrough,13,13,13,13,13,13
01_13_09_04_0058.bmp,0,9,4,8,13,0.60365,0.15903,0.2019,passthrough,13,13,13,13,40,13
01_13_09_04_0059.bmp,0,9,4,8,13,0.60395,0.15622,0.13333,passthrough,13,13,13,13,40,13
01_13_09_04_0060.bmp,0,9,4,8,13,0.59355,0.17411,0.13524,passthrough,13,13,13,13,40,13
01_13_09_04_0060.bmp,1,9,4,8,13,0.59737,0.22733,0.19202,passthrough,13,13,13,13,13,13
01_13_09_04_0061.bmp,1,9,4,8,13,0.59334,0.22113,0.20461,passthrough,13,13,13,13,13,13
01_13_09_04_0063.bmp,1,9,4,8,13,0.4894,0.08004,0.09524,clahe,42,18,18,12,42,12
01_13_09_04_0066.bmp,1,9,4,8,13,0.44678,0.07948,0.05952,clahe,42,12,12,12,42,12
01_13_09_04_0067.bmp,1,9,4,8,13,0.4849,0.07106,0.08242,clahe,42,35,35,19,42,12
01_13_09_04_0068.bmp,1,9,4,8,13,0.47727,0.07835,0.0,clahe,11,40,40,12,11,12
01_13_09_04_0069.bmp,1,9,4,8,13,0.45056,0.10827,0.0,stretch,12,12,40,12,28,12
01_13_09_04_0072.bmp,0,9,4,8,13,0.63369,0.17988,0.18435,passthrough,13,13,13,13,40,13
01_13_09_04_0072.bmp,1,9,4,8,13,0.45845,0.06948,0.0,clahe,42,40,40,19,42,12
01_13_09_04_0073.bmp,0,9,4,8,13,0.64036,0.16083,0.16603,passthrough,13,13,13,13,40,13
01_13_09_04_0073.bmp,1,9,4,8,13,0.49335,0.07843,0.0,clahe,12,40,40,12,12,12
01_13_09_04_0074.bmp,0,9,4,8,13,0.64102,0.16415,0.21023,passthrough,13,13,13,13,40,13
01_13_09_04_0076.bmp,0,9,4,8,13,0.65305,0.1383,0.16746,passthrough,13,13,40,13,40,13
01_13_09_04_0078.bmp,0,9,4,8,13,0.65453,0.14962,0.18262,passthrough,13,13,13,13,40,13
01_13_09_04_0079.bmp,0,9,4,8,13,0.65795,0.1484,0.21603,passthrough,13,13,13,13,40,13
01_13_09_04_0079.bmp,1,9,4,8,13,0.51029,0.10389,0.07738,clahe,12,12,12,12,12,12
01_13_09_04_0082.bmp,1,9,4,8,13,0.54712,0.07454,0.12083,clahe,40,33,33,12,40,12
01_13_09_04_0083.bmp,0,9,4,8,13,0.64785,0.14909,0.14787,passthrough,13,13,13,13,40,13
01_13_09_04_0084.bmp,0,9,4,8,13,0.64456,0.15701,0.18777,passthrough,13,13,13,13,40,13
01_13_09_04_0085.bmp,0,9,4,8,13,0.65423,0.14479,0.1645,passthrough,13,13,13,13,40,13
01_13_09_04_0087.bmp,0,9,4,8,13,0.6477,0.16102,0.17734,passthrough,13,13,13,13,13,13
01_13_09_04_0088.bmp,1,9,4,8,13,0.54941,0.08304,0.0,clahe,12,18,18,12,12,12
01_13_09_04_0089.bmp,1,9,4,8,13,0.5267,0.07504,0.0,clahe,42,33,33,12,42,12
01_13_09_04_0090.bmp,0,9,4,8,13,0.64522,0.15201,0.12813,passthrough,13,13,13,13,13,13
01_13_09_04_0090.bmp,1,9,4,8,13,0.5276,0.1006,0.33654,clahe,25,40,40,12,25,12
01_13_09_04_0093.bmp,0,9,4,8,13,0.64494,0.15779,0.14058,passthrough,13,13,13,13,18,13
01_13_09_04_0093.bmp,1,9,4,8,13,0.50204,0.10218,0.2395,clahe,40,13,13,12,40,12
01_13_09_04_0094.bmp,1,9,4,8,13,0.52759,0.07715,0.19196,clahe,42,37,37,12,42,12
01_13_09_04_0095.bmp,0,9,4,8,13,0.64997,0.14847,0.13596,passthrough,13,13,13,13,13,13
01_13_09_04_0098.bmp,1,9,4,8,13,0.53375,0.1134,0.11373,passthrough,12,12,13,12,6,12
01_13_09_04_0099.bmp,1,9,4,8,13,0.5407,0.09332,0.32157,clahe,11,18,18,12,11,12
01_13_09_04_0100.bmp,0,9,4,8,13,0.64582,0.15421,0.12635,passthrough,13,13,13,13,13,13
01_13_09_04_0101.bmp,0,9,4,8,13,0.64084,0.15452,0.14565,passthrough,13,13,13,13,13,13
01_13_09_04_0101.bmp,1,9,4,8,13,0.54534,0.0802,0.27574,clahe,42,40,40,12,42,12
01_13_09_04_0105.bmp,1,9,4,8,13,0.53466,0.08617,0.06176,clahe,40,40,40,19,40,12
01_13_09_04_0107.bmp,0,9,4,8,13,0.62525,0.19239,0.15364,passthrough,13,13,40,13,13,13
01_13_09_04_0108.bmp,0,9,4,8,13,0.63414,0.19016,0.16338,passthrough,13,13,40,13,11,13
01_13_09_04_0109.bmp,1,9,4,8,13,0.5506,0.11663,0.19304,passthrough,12,12,40,12,42,12
01_13_09_04_0110.bmp,0,9,4,8,13,0.59816,0.18573,0.12993,passthrough,13,13,13,13,40,13
01_13_09_04_0110.bmp,1,9,4,8,13,0.54201,0.09329,0.11265,clahe,40,11,11,12,40,12
01_13_09_04_0111.bmp,0,9,4,8,13,0.58394,0.19013,0.16211,passthrough,13,13,13,13,40,13
01_13_09_04_0112.bmp,0,9,4,8,13,0.57856,0.1915,0.13319,passthrough,13,13,13,13,40,13
01_13_09_04_0113.bmp,1,9,4,8,13,0.55524,0.12742,0.23785,passthrough,12,12,40,12,28,12
01_13_09_04_0114.bmp,1,9,4,8,13,0.55626,0.13021,0.21875,passthrough,12,12,13,12,40,12
01_13_09_04_0115.bmp,0,9,4,8,13,0.42144,0.08392,0.18333,clahe,6,40,40,12,6,12
01_13_09_04_0115.bmp,1,9,4,8,13,0.55145,0.15386,0.20312,passthrough,12,12,13,11,40,12
01_13_09_04_0116.bmp,1,9,4,8,13,0.55293,0.13481,0.1875,passthrough,12,12,40,12,20,12
01_13_09_04_0117.bmp,1,9,4,8,13,0.55645,0.13343,0.19965,passthrough,12,12,1,12,40,12
01_13_09_04_0118.bmp,0,9,4,8,13,0.40082,0.11401,0.21026,passthrough,12,12,13,12,6,12
01_13_09_04_0118.bmp,1,9,4,8,13,0.55123,0.13848,0.26389,passthrough,12,12,18,12,40,12
01_13_09_04_0119.bmp,0,9,4,8,13,0.41211,0.11267,0.22768,passthrough,12,12,13,32,42,12
01_13_09_04_0119.bmp,1,9,4,8,13,0.53771,0.14358,0.21875,passthrough,12,12,13,12,40,12
01_13_09_04_0122.bmp,1,9,4,8,13,0.53276,0.13494,0.16615,passthrough,12,12,40,12,20,12
01_13_09_04_0123.bmp,0,9,4,8,13,0.38509,0.1069,0.22222,passthrough,12,12,13,12,12,12
01_13_09_04_0124.bmp,0,9,4,8,13,0.37078,0.12202,0.2075,passthrough,13,13,40,32,40,13
01_13_09_04_0124.bmp,1,9,4,8,13,0.53715,0.15729,0.23045,passthrough,12,12,11,12,28,12
01_13_09_04_0125.bmp,0,9,4,8,13,0.3769,0.11999,0.1542,passthrough,12,12,13,12,40,12
01_13_09_04_0125.bmp,1,9,4,8,13,0.53523,0.13857,0.16709,passthrough,11,11,40,12,40,11
01_13_09_04_0126.bmp,0,9,4,8,13,0.37248,0.13072,0.21901,passthrough,12,12,13,12,40,12
01_13_09_04_0128.bmp,1,9,4,8,13,0.5285,0.14099,0.21034,passthrough,12,12,13,12,40,12
01_13_09_04_0129.bmp,0,9,4,8,13,0.3759,0.10067,0.17217,clahe,40,13,13,12,40,12
01_13_09_04_0130.bmp,0,9,4,8,13,0.39118,0.10157,0.18,clahe,28,28,28,12,28,12
01_13_09_04_0131.bmp,0,9,4,8,13,0.37759,0.0937,0.09857,clahe,40,13,13,12,40,13
01_13_09_04_0131.bmp,1,9,4,8,13,0.53305,0.141,0.28125,passthrough,11,11,18,12,28,11
01_13_09_04_0132.bmp,0,9,4,8,13,0.37434,0.09593,0.09143,clahe,40,13,13,12,40,12
01_13_09_04_0133.bmp,1,9,4,8,13,0.52362,0.1432,0.22363,passthrough,40,40,40,12,40,40
01_13_09_04_0134.bmp,1,9,4,8,13,0.53435,0.12777,0.16835,passthrough,12,12,40,12,40,12
01_13_09_04_0136.bmp,1,9,4,8,13,0.52993,0.14039,0.23708,passthrough,11,11,28,12,28,11
01_13_09_04_0137.bmp,0,9,4,8,13,0.38784,0.10995,0.13689,passthrough,40,40,40,12,40,40
01_13_09_04_0137.bmp,1,9,4,8,13,0.52436,0.13515,0.18895,passthrough,11,11,13,11,28,11
01_13_09_04_0138.bmp,0,9,4,8,13,0.37928,0.12375,0.18229,passthrough,40,40,40,12,40,40
01_13_09_04_0139.bmp,0,9,4,8,13,0.3649,0.14164,0.14798,passthrough,40,40,13,32,28,40
01_13_09_04_0139.bmp,1,9,4,8,13,0.52997,0.13475,0.14874,passthrough,12,12,40,12,40,12
01_13_09_04_0140.bmp,1,9,4,8,13,0.54389,0.10983,0.12408,passthrough,12,12,13,12,40,12
01_13_09_04_0143.bmp,1,9,4,8,13,0.54431,0.10469,0.1192,clahe,40,13,13,12,40,12
01_13_09_04_0146.bmp,0,9,4,8,13,0.36567,0.12795,0.10233,passthrough,13,13,13,13,28,13
01_13_09_04_0149.bmp,0,9,4,8,13,0.3682,0.13679,0.08511,passthrough,13,13,13,12,40,13
01_13_09_04_0149.bmp,1,9,4,8,13,0.54691,0.12449,0.18388,passthrough,12,12,11,12,28,12
01_13_09_04_0150.bmp,0,9,4,8,13,0.3738,0.12994,0.14,passthrough,13,13,13,13,40,13
01_13_09_04_0150.bmp,1,9,4,8,13,0.55088,0.12257,0.15092,passthrough,12,12,40,12,40,12
01_13_09_04_0151.bmp,0,9,4,8,13,0.35912,0.13717,0.13748,passthrough,13,13,13,13,40,13
01_13_09_04_0154.bmp,0,9,4,8,13,0.37283,0.13475,0.08543,passthrough,13,13,40,13,40,13
01_13_09_04_0154.bmp,1,9,4,8,13,0.56178,0.10972,0.08483,passthrough,12,12,13,12,40,12
01_13_09_04_0155.bmp,0,9,4,8,13,0.36385,0.1449,0.12712,passthrough,13,13,13,13,40,13
01_13_09_04_0159.bmp,0,9,4,8,13,0.37763,0.14773,0.11642,passthrough,13,13,13,13,13,13
01_13_09_04_0160.bmp,0,9,4,8,13,0.38291,0.15697,0.12676,passthrough,13,13,13,13,40,13
01_13_09_04_0160.bmp,1,9,4,8,13,0.56264,0.12639,0.18056,passthrough,12,12,18,12,18,12
01_13_09_04_0162.bmp,1,9,4,8,13,0.56219,0.12339,0.21561,passthrough,12,12,24,12,20,12
01_13_09_04_0163.bmp,0,9,4,8,13,0.3893,0.16991,0.1169,passthrough,13,13,13,13,13,13
01_13_09_04_0164.bmp,0,9,4,8,13,0.40162,0.1718,0.10601,passthrough,13,13,13,13,40,13
01_13_09_04_0164.bmp,1,9,4,8,13,0.56924,0.12626,0.1918,passthrough,12,12,40,12,40,12
01_13_09_04_0165.bmp,0,9,4,8,13,0.38803,0.18445,0.1165,passthrough,40,40,13,13,40,40
01_13_09_04_0166.bmp,1,9,4,8,13,0.57038,0.13056,0.19114,passthrough,12,12,13,12,40,12
01_13_09_04_0168.bmp,1,9,4,8,13,0.55997,0.13911,0.22751,passthrough,12,12,13,12,40,12
01_13_09_04_0170.bmp,0,9,4,8,13,0.4175,0.07771,0.0,clahe,12,13,13,12,12,12
01_13_09_04_0170.bmp,1,9,4,8,13,0.58072,0.1219,0.22619,passthrough,12,12,24,12,40,12
01_13_09_04_0171.bmp,0,9,4,8,13,0.43494,0.06014,0.0,clahe,42,40,40,12,42,12
01_13_09_04_0172.bmp,0,9,4,8,13,0.45261,0.11282,0.21212,passthrough,12,12,18,12,42,12
01_13_09_04_0172.bmp,1,9,4,8,13,0.57456,0.12364,0.19523,passthrough,12,12,40,18,40,12
01_13_09_04_0173.bmp,0,9,4,8,13,0.44296,0.08127,0.24242,clahe,11,1,1,12,11,12
01_13_09_04_0173.bmp,1,9,4,8,13,0.55066,0.11394,0.21579,passthrough,13,13,24,12,40,13
01_13_09_04_0174.bmp,0,9,4,8,13,0.44658,0.08339,0.10606,clahe,42,40,40,12,42,12
01_13_09_04_0174.bmp,1,9,4,8,13,0.52428,0.09114,0.08693,clahe,40,40,40,12,40,12
01_13_09_04_0175.bmp,1,9,4,8,13,0.53686,0.12685,0.18887,passthrough,13,13,7,18,40,13
01_13_09_04_0176.bmp,1,9,4,8,13,0.56319,0.12462,0.20757,passthrough,12,12,40,12,40,12
01_13_09_04_0177.bmp,1,9,4,8,13,0.57212,0.11403,0.17766,passthrough,12,12,13,12,40,12
01_13_09_04_0178.bmp,0,9,4,8,13,0.4768,0.07466,0.0,clahe,42,40,40,12,42,12
01_13_09_04_0178.bmp,1,9,4,8,13,0.57642,0.11038,0.20085,passthrough,12,12,13,12,40,12
01_13_09_04_0179.bmp,0,9,4,8,13,0.43381,0.07028,0.0,clahe,1,7,7,19,1,12
01_13_09_04_0179.bmp,1,9,4,8,13,0.5805,0.10536,0.11661,clahe,40,40,40,12,40,12
01_13_09_04_0180.bmp,0,9,4,8,13,0.43999,0.07614,0.29545,clahe,42,13,13,12,42,12
01_13_09_04_0182.bmp,0,9,4,8,13,0.41512,0.07743,0.0,clahe,42,40,40,19,42,12
01_13_09_04_0182.bmp,1,9,4,8,13,0.58041,0.12118,0.16178,passthrough,12,12,13,12,40,12
01_13_09_04_0185.bmp,0,9,4,8,13,0.42802,0.08199,0.11364,clahe,11,12,12,12,11,12
01_13_09_04_0193.bmp,1,9,4,8,13,0.57355,0.13825,0.20391,passthrough,12,12,13,12,40,12
01_13_09_04_0196.bmp,0,9,4,8,13,0.42413,0.08046,0.0,clahe,6,40,40,12,6,12
01_13_09_04_0197.bmp,1,9,4,8,13,0.56989,0.13613,0.18742,passthrough,12,12,40,12,40,12
01_13_09_04_0199.bmp,0,9,4,8,13,0.40544,0.08351,0.1369,clahe,12,33,33,12,12,13
01_13_09_04_0202.bmp,0,9,4,8,13,0.41788,0.11072,0.27381,passthrough,12,12,40,12,1,12
01_13_09_04_0203.bmp,0,9,4,8,13,0.41627,0.09325,0.26786,clahe,6,40,40,12,6,12
01_13_09_04_0206.bmp,0,9,4,8,13,0.40398,0.07458,0.0,clahe,0,12,12,12,0,12
01_13_09_04_0207.bmp,1,9,4,8,13,0.57719,0.13334,0.21734,passthrough,12,12,13,12,40,12
01_13_09_04_0209.bmp,0,9,4,8,13,0.41956,0.1004,0.26667,clahe,40,40,40,12,40,12
01_13_09_04_0209.bmp,1,9,4,8,13,0.58554,0.12549,0.17094,passthrough,13,13,13,12,40,13
01_13_09_04_0210.bmp,1,9,4,8,13,0.59134,0.11627,0.0873,passthrough,12,12,24,12,40,12
01_13_09_04_0212.bmp,0,9,4,8,13,0.40423,0.08497,0.0,clahe,40,40,40,12,40,12
01_13_09_04_0212.bmp,1,9,4,8,13,0.58734,0.11215,0.14957,passthrough,12,12,24,12,40,12
01_13_09_04_0214.bmp,0,9,4,8,13,0.38479,0.08948,0.16343,clahe,40,40,40,12,40,13
01_13_09_04_0214.bmp,1,9,4,8,13,0.58133,0.11969,0.16361,passthrough,12,12,40,12,40,12
01_13_09_04_0215.bmp,1,9,4,8,13,0.58217,0.12079,0.17521,passthrough,12,12,13,12,20,12
01_13_09_04_0216.bmp,0,9,4,8,13,0.40723,0.1143,0.14462,passthrough,13,13,13,13,40,13
01_13_09_04_0216.bmp,1,9,4,8,13,0.58282,0.12242,0.19292,passthrough,12,12,13,12,40,12
01_13_09_04_0217.bmp,1,9,4,8,13,0.58131,0.12585,0.19963,passthrough,12,12,24,12,40,12
01_13_09_04_0219.bmp,1,9,4,8,13,0.58798,0.13047,0.17216,passthrough,12,12,13,12,40,12
01_13_09_04_0220.bmp,0,9,4,8,13,0.40875,0.12667,0.13978,passthrough,13,13,13,12,40,13
01_13_09_04_0221.bmp,0,9,4,8,13,0.415,0.1224,0.1394,passthrough,13,13,13,13,20,13
01_13_09_04_0222.bmp,0,9,4,8,13,0.40349,0.13798,0.10345,passthrough,13,13,13,13,40,13
01_13_09_04_0223.bmp,1,9,4,8,13,0.58841,0.11471,0.14408,passthrough,12,12,40,12,40,12
01_13_09_04_0226.bmp,0,9,4,8,13,0.41146,0.12234,0.1256,passthrough,13,13,13,13,40,13
01_13_09_04_0227.bmp,0,9,4,8,13,0.41879,0.13153,0.12015,passthrough,13,13,13,12,40,13
01_13_09_04_0227.bmp,1,9,4,8,13,0.57668,0.13367,0.16606,passthrough,12,12,13,12,40,12
01_13_09_04_0231.bmp,0,9,4,8,13,0.43369,0.13762,0.21277,passthrough,13,13,13,13,40,13
01_13_09_04_0232.bmp,1,9,4,8,13,0.61219,0.13489,0.18071,passthrough,12,12,13,12,40,12
01_13_09_04_0233.bmp,0,9,4,8,13,0.42148,0.13021,0.09733,passthrough,13,13,13,13,40,13
01_13_09_04_0235.bmp,0,9,4,8,13,0.43797,0.14368,0.18613,passthrough,13,13,13,13,28,13
01_13_09_04_0236.bmp,0,9,4,8,13,0.43443,0.15946,0.18705,passthrough,13,13,13,13,13,13
01_13_09_04_0236.bmp,1,9,4,8,13,0.61047,0.13212,0.14164,passthrough,12,12,24,12,40,12
01_13_09_04_0238.bmp,1,9,4,8,13,0.62846,0.11021,0.24786,passthrough,12,12,13,12,20,12
01_13_09_04_0240.bmp,0,9,4,8,13,0.47492,0.20131,0.2271,passthrough,13,13,13,13,13,13
01_13_09_04_0240.bmp,1,9,4,8,13,0.59479,0.14169,0.20024,passthrough,13,13,13,13,40,13
01_13_09_04_0242.bmp,1,9,4,8,13,0.58879,0.14825,0.23871,passthrough,13,13,13,13,40,13
01_13_09_04_0244.bmp,1,9,4,8,13,0.59552,0.13081,0.18926,passthrough,12,12,24,12,40,12
01_13_09_04_0245.bmp,0,9,4,8,13,0.46788,0.21557,0.16663,passthrough,13,13,40,13,25,13
01_13_09_04_0246.bmp,0,9,4,8,13,0.47929,0.12011,0.12805,passthrough,12,12,13,12,40,12
01_13_09_04_0246.bmp,1,9,4,8,13,0.59628,0.12851,0.21429,passthrough,12,12,13,12,40,12
01_13_09_04_0247.bmp,1,9,4,8,13,0.59227,0.14272,0.22955,passthrough,12,12,13,13,20,12
01_13_09_04_0249.bmp,0,9,4,8,13,0.48406,0.13859,0.12512,passthrough,13,13,13,13,13,13
01_13_09_04_0250.bmp,0,9,4,8,13,0.4845,0.16052,0.1541,passthrough,13,13,13,13,13,13
01_13_09_04_0251.bmp,0,9,4,8,13,0.48498,0.15473,0.18532,passthrough,13,13,13,13,40,13
01_13_09_04_0252.bmp,0,9,4,8,13,0.49009,0.15882,0.16695,passthrough,13,13,13,13,13,13
01_13_09_04_0253.bmp,0,9,4,8,13,0.49651,0.16117,0.16691,passthrough,13,13,13,13,13,13
01_13_09_04_0258.bmp,1,9,4,8,13,0.59247,0.12439,0.18254,passthrough,12,12,13,12,40,12
01_13_09_04_0259.bmp,1,9,4,8,13,0.59207,0.13459,0.19841,passthrough,12,12,13,12,40,12
01_13_09_04_0260.bmp,0,9,4,8,13,0.48547,0.14331,0.13103,passthrough,13,13,13,13,40,13
01_13_09_04_0261.bmp,0,9,4,8,13,0.47772,0.13624,0.12923,passthrough,13,13,13,13,13,13
01_13_09_04_0262.bmp,0,9,4,8,13,0.48538,0.1432,0.14175,passthrough,13,13,13,13,40,13
01_13_09_04_0263.bmp,1,9,4,8,13,0.59308,0.12947,0.15018,passthrough,12,12,13,12,40,12
01_13_09_04_0264.bmp,0,9,4,8,13,0.49097,0.13854,0.13113,passthrough,13,13,40,13,40,13
01_13_09_04_0264.bmp,1,9,4,8,13,0.58537,0.14014,0.25519,passthrough,12,12,13,12,40,12
01_13_09_04_0265.bmp,0,9,4,8,13,0.47923,0.13547,0.1363,passthrough,13,13,13,13,40,13
01_13_09_04_0266.bmp,1,9,4,8,13,0.58972,0.12833,0.20085,passthrough,12,12,40,12,40,12
01_13_09_04_0267.bmp,0,9,4,8,13,0.46845,0.13057,0.12191,passthrough,13,13,13,13,40,13
01_13_09_04_0267.bmp,1,9,4,8,13,0.59495,0.12889,0.20085,passthrough,12,12,13,12,40,12
01_13_09_04_0269.bmp,0,9,4,8,13,0.45299,0.11632,0.09495,passthrough,13,13,13,13,13,13
01_13_09_04_0272.bmp,0,9,4,8,13,0.59372,0.13192,0.1746,passthrough,12,12,13,12,40,12
01_13_09_04_0273.bmp,0,9,4,8,13,0.59812,0.12451,0.20024,passthrough,12,12,13,12,40,12
01_13_09_04_0275.bmp,0,9,4,8,13,0.60016,0.12368,0.21917,passthrough,12,12,24,12,40,12
01_13_09_04_0278.bmp,0,9,4,8,13,0.59927,0.12527,0.17399,passthrough,12,12,13,12,40,12
01_13_09_04_0280.bmp,0,9,4,8,13,0.58679,0.13771,0.23138,passthrough,13,13,13,13,40,13
01_13_09_04_0287.bmp,0,9,4,8,13,0.58186,0.14012,0.20696,passthrough,12,12,40,12,40,12
01_13_09_04_0289.bmp,0,9,4,8,13,0.58346,0.13173,0.1801,passthrough,12,12,13,13,40,12
01_13_09_04_0291.bmp,0,9,4,8,13,0.59238,0.12249,0.24176,passthrough,12,12,13,12,40,12
01_13_09_04_0299.bmp,0,9,4,8,13,0.57986,0.11788,0.1221,passthrough,12,12,40,12,40,12
01_13_09_04_0306.bmp,0,9,4,8,13,0.56431,0.1219,0.13059,passthrough,12,12,40,12,40,12
01_13_09_04_0308.bmp,0,9,4,8,13,0.55792,0.11007,0.17233,passthrough,12,12,13,12,40,12
01_13_09_04_0311.bmp,0,9,4,8,13,0.56282,0.1204,0.19034,passthrough,12,12,40,12,13,12
01_13_09_04_0312.bmp,0,9,4,8,13,0.55806,0.11543,0.19716,passthrough,12,12,13,12,40,12
01_13_09_04_0314.bmp,0,9,4,8,13,0.56565,0.12745,0.26211,passthrough,12,12,13,12,40,12
01_13_09_04_0315.bmp,0,9,4,8,13,0.55863,0.11722,0.20333,passthrough,12,12,13,12,40,12
01_13_09_04_0316.bmp,0,9,4,8,13,0.5683,0.10881,0.19404,passthrough,12,12,13,12,40,12
01_13_09_04_0327.bmp,0,9,4,8,13,0.58137,0.16553,0.19136,passthrough,12,12,13,12,40,12
01_13_09_04_0328.bmp,0,9,4,8,13,0.58505,0.15903,0.15092,passthrough,12,12,40,12,40,12
01_13_09_04_0333.bmp,0,9,4,8,13,0.59668,0.16111,0.18607,passthrough,25,25,13,18,20,25
01_13_09_04_0334.bmp,0,9,4,8,13,0.60333,0.15863,0.17398,passthrough,12,12,40,18,40,12
01_13_09_04_0336.bmp,0,9,4,8,13,0.59778,0.17157,0.21054,passthrough,12,12,13,18,40,12
01_13_09_04_0337.bmp,0,9,4,8,13,0.61074,0.17486,0.26557,passthrough,25,25,13,25,28,25
01_13_09_04_0342.bmp,0,9,4,8,13,0.64077,0.14651,0.26675,passthrough,13,13,40,12,40,13
01_13_09_04_0351.bmp,0,9,4,8,13,0.61081,0.18211,0.23571,passthrough,13,13,13,13,25,13
01_13_09_04_0352.bmp,0,9,4,8,13,0.60411,0.1641,0.1633,passthrough,40,40,40,12,40,40
01_13_09_04_0355.bmp,0,9,4,8,13,0.54787,0.14457,0.163,passthrough,13,13,40,12,25,13
01_13_09_04_0361.bmp,0,9,4,8,13,0.4843,0.20694,0.16583,passthrough,13,13,13,13,13,13
01_13_09_04_0363.bmp,0,9,4,8,13,0.48047,0.20569,0.17922,passthrough,13,13,13,13,28,13
01_13_09_04_0366.bmp,0,9,4,8,13,0.46879,0.21135,0.08841,passthrough,13,13,13,13,13,13
01_13_09_04_0369.bmp,0,9,4,8,13,0.47091,0.19868,0.19239,passthrough,13,13,13,13,13,13
01_13_09_04_0372.bmp,0,9,4,8,13,0.44491,0.18185,0.16263,passthrough,13,13,13,13,24,13
01_13_09_04_0375.bmp,0,9,4,8,13,0.46561,0.17919,0.16718,passthrough,13,13,13,13,13,13
01_13_09_04_0376.bmp,0,9,4,8,13,0.45094,0.19266,0.12263,passthrough,13,13,7,13,13,13
01_13_09_04_0377.bmp,0,9,4,8,13,0.45688,0.17707,0.12863,passthrough,13,13,13,13,13,13
01_13_09_04_0381.bmp,0,9,4,8,13,0.50227,0.19492,0.15858,passthrough,13,13,13,13,13,13
01_13_09_04_0384.bmp,0,9,4,8,13,0.49207,0.17651,0.11237,passthrough,13,13,13,13,40,13
01_13_09_04_0389.bmp,0,9,4,8,13,0.46589,0.10122,0.32231,clahe,42,35,35,12,42,12
01_13_09_04_0392.bmp,0,9,4,8,13,0.47402,0.10674,0.20661,passthrough,12,12,40,12,42,12
01_13_09_04_0395.bmp,0,9,4,8,13,0.50481,0.10024,0.28099,clahe,42,7,7,12,42,12
01_13_09_04_0398.bmp,0,9,4,8,13,0.50209,0.12181,0.19008,passthrough,12,12,12,12,42,12
01_13_09_04_0399.bmp,0,9,4,8,13,0.48679,0.10307,0.26446,clahe,42,13,13,12,42,12
01_13_09_04_0400.bmp,0,9,4,8,13,0.47425,0.16062,0.36364,passthrough,12,12,13,12,42,12
01_13_09_04_0401.bmp,0,9,4,8,13,0.52306,0.1113,0.27273,passthrough,12,12,13,12,42,12
01_13_09_04_0405.bmp,0,9,4,8,13,0.48734,0.10126,0.19008,clahe,25,13,13,12,25,12
01_13_09_04_0409.bmp,0,9,4,8,13,0.48258,0.10583,0.26446,clahe,42,40,40,12,42,12
01_13_09_04_0413.bmp,0,9,4,8,13,0.48796,0.13912,0.33058,passthrough,12,12,35,12,11,12
01_13_09_04_0418.bmp,0,9,4,8,13,0.46414,0.10448,0.19008,clahe,42,13,13,12,42,12
01_13_09_04_0424.bmp,0,9,4,8,13,0.50105,0.15539,0.28926,passthrough,13,13,13,12,42,13
01_13_09_04_0425.bmp,0,9,4,8,13,0.50653,0.12984,0.22314,passthrough,12,12,13,12,42,12
01_13_09_04_0429.bmp,0,9,4,8,13,0.5195,0.15615,0.30769,passthrough,12,12,13,12,12,12
01_13_09_04_0430.bmp,0,9,4,8,13,0.50573,0.14586,0.28022,passthrough,13,13,40,12,40,13
01_13_09_04_0432.bmp,0,9,4,8,13,0.50962,0.12328,0.20476,passthrough,12,12,40,12,40,12
01_13_09_04_0434.bmp,0,9,4,8,13,0.46125,0.17277,0.19048,passthrough,13,13,13,12,11,13
01_13_09_04_0439.bmp,0,9,4,8,13,0.49066,0.12873,0.2,passthrough,13,13,40,12,11,13
01_13_09_04_0442.bmp,0,9,4,8,13,0.46319,0.15984,0.20486,passthrough,13,13,40,32,40,13
01_13_09_04_0443.bmp,0,9,4,8,13,0.47467,0.16914,0.23611,passthrough,12,12,13,12,40,12
01_13_09_04_0444.bmp,0,9,4,8,13,0.4658,0.14638,0.33088,passthrough,12,12,13,12,13,12
01_13_09_04_0448.bmp,0,9,4,8,13,0.4674,0.14842,0.23958,passthrough,12,12,13,12,13,12
01_13_09_04_0450.bmp,0,9,4,8,13,0.46299,0.16073,0.24854,passthrough,13,13,40,13,13,13
01_13_09_04_0452.bmp,0,9,4,8,13,0.48523,0.12951,0.20802,passthrough,12,12,40,12,40,12
01_13_09_04_0455.bmp,0,9,4,8,13,0.46201,0.14839,0.2,passthrough,13,13,40,13,40,13
01_13_09_04_0456.bmp,0,9,4,8,13,0.47779,0.14387,0.23593,passthrough,13,13,40,12,40,13
01_13_09_04_0461.bmp,0,9,4,8,13,0.51226,0.1417,0.15217,passthrough,13,13,40,12,40,13
01_13_09_04_0462.bmp,0,9,4,8,13,0.52434,0.1507,0.21542,passthrough,13,13,13,13,40,13
01_13_09_04_0463.bmp,0,9,4,8,13,0.51152,0.17545,0.26877,passthrough,13,13,13,13,40,13
01_13_09_04_0464.bmp,0,9,4,8,13,0.51937,0.1892,0.22134,passthrough,13,13,13,13,40,13
01_13_09_04_0465.bmp,0,9,4,8,13,0.53745,0.17722,0.17481,passthrough,13,13,1,13,40,13
01_13_09_04_0466.bmp,0,9,4,8,13,0.54614,0.17435,0.14963,passthrough,13,13,40,13,40,13
01_13_09_04_0471.bmp,0,9,4,8,13,0.53078,0.16873,0.18276,passthrough,13,13,13,13,40,13
01_13_09_04_0473.bmp,0,9,4,8,13,0.52408,0.16876,0.22953,passthrough,13,13,13,13,40,13
01_13_09_04_0475.bmp,0,9,4,8,13,0.51127,0.14668,0.15042,passthrough,13,13,13,13,40,13
01_13_09_04_0476.bmp,0,9,4,8,13,0.49681,0.15257,0.13196,passthrough,13,13,13,13,40,13
01_13_09_04_0480.bmp,0,9,4,8,13,0.49043,0.13507,0.16084,passthrough,13,13,13,13,40,13
01_13_09_04_0485.bmp,0,9,4,8,13,0.45898,0.13409,0.16328,passthrough,13,13,13,13,40,13
01_13_09_04_0486.bmp,0,9,4,8,13,0.4556,0.12239,0.16045,passthrough,13,13,13,13,40,13
01_13_09_04_0490.bmp,0,9,4,8,13,0.4808,0.12503,0.10032,passthrough,13,13,13,13,40,13
01_13_09_04_0492.bmp,0,9,4,8,13,0.47022,0.1443,0.14995,passthrough,13,13,13,13,13,13
01_13_09_04_0495.bmp,0,9,4,8,13,0.45005,0.1491,0.16515,passthrough,13,13,13,13,40,13
01_13_09_04_0497.bmp,0,9,4,8,13,0.4516,0.13633,0.13731,passthrough,13,13,13,13,40,13
01_13_09_04_0499.bmp,0,9,4,8,13,0.45851,0.13625,0.12793,passthrough,13,13,13,13,13,13
01_13_09_04_0500.bmp,0,9,4,8,13,0.47309,0.13175,0.10856,passthrough,13,13,13,13,40,13
01_13_09_04_0501.bmp,0,9,4,8,13,0.46124,0.13352,0.13501,passthrough,13,13,13,13,13,13
01_13_09_04_0505.bmp,0,9,4,8,13,0.47134,0.1194,0.09339,passthrough,13,13,13,13,13,13
01_13_09_04_0508.bmp,0,9,4,8,13,0.46742,0.12233,0.11902,passthrough,13,13,13,13,13,13
01_13_09_04_0510.bmp,0,9,4,8,13,0.46994,0.12615,0.10523,passthrough,13,13,13,13,24,13
01_13_09_04_0511.bmp,0,9,4,8,13,0.47536,0.12593,0.10204,passthrough,13,13,24,13,24,13
01_13_09_04_0514.bmp,0,9,4,8,13,0.4496,0.12177,0.09036,passthrough,13,13,13,13,40,13
01_13_09_04_0516.bmp,0,9,4,8,13,0.48334,0.09074,0.26573,clahe,42,40,40,12,42,32
01_13_09_04_0519.bmp,0,9,4,8,13,0.51436,0.10924,0.32867,passthrough,12,12,40,12,42,12
01_13_09_04_0521.bmp,0,9,4,8,13,0.51614,0.0891,0.26573,clahe,42,35,35,19,42,12
01_13_09_04_0523.bmp,0,9,4,8,13,0.4832,0.09214,0.18684,clahe,40,40,40,12,40,12
01_13_09_04_0525.bmp,0,9,4,8,13,0.49933,0.11743,0.16118,passthrough,12,12,12,12,40,12
01_13_09_04_0526.bmp,0,9,4,8,13,0.50106,0.07731,0.1958,clahe,42,35,35,12,42,12
01_13_09_04_0533.bmp,0,9,4,8,13,0.56379,0.12037,0.28472,passthrough,12,12,35,12,40,12
01_13_09_04_0537.bmp,0,9,4,8,13,0.5278,0.15771,0.28519,passthrough,12,12,40,12,40,12
01_13_09_04_0538.bmp,0,9,4,8,13,0.45836,0.08577,0.07692,clahe,42,40,40,12,42,12
01_13_09_04_0539.bmp,0,9,4,8,13,0.54704,0.12198,0.34074,passthrough,12,12,13,12,40,12
01_13_09_04_0542.bmp,0,9,4,8,13,0.49157,0.09415,0.27273,clahe,42,12,12,12,42,12
01_13_09_04_0544.bmp,0,9,4,8,13,0.42268,0.12819,0.23077,passthrough,13,13,13,13,11,13
01_13_09_04_0545.bmp,0,9,4,8,13,0.56737,0.10812,0.32639,passthrough,12,12,40,12,11,12
01_13_09_04_0547.bmp,0,9,4,8,13,0.54191,0.11135,0.18056,passthrough,12,12,12,12,12,12
01_13_09_04_0549.bmp,0,9,4,8,13,0.54838,0.08847,0.09804,clahe,40,40,40,12,40,12
01_13_09_04_0550.bmp,0,9,4,8,13,0.47114,0.12092,0.14685,passthrough,12,12,40,12,42,12
01_13_09_04_0554.bmp,0,9,4,8,13,0.46376,0.08338,0.0,clahe,11,18,18,12,11,12
01_13_09_04_0557.bmp,0,9,4,8,13,0.55501,0.09192,0.07222,clahe,40,13,13,12,40,12
01_13_09_04_0559.bmp,0,9,4,8,13,0.52085,0.10892,0.17778,passthrough,12,12,40,12,40,12
01_13_09_04_0561.bmp,0,9,4,8,13,0.5287,0.09918,0.08889,clahe,40,13,13,12,40,12
01_13_09_04_0564.bmp,0,9,4,8,13,0.47404,0.08616,0.24476,clahe,42,35,35,12,42,12
01_13_09_04_0565.bmp,0,9,4,8,13,0.54733,0.09897,0.17725,clahe,40,40,40,12,40,12
01_13_09_04_0566.bmp,0,9,4,8,13,0.43883,0.07735,0.15385,clahe,42,13,13,19,42,12
01_13_09_04_0567.bmp,0,9,4,8,13,0.53396,0.09595,0.13378,clahe,40,18,18,12,40,12
01_13_09_04_0570.bmp,0,9,4,8,13,0.48186,0.09262,0.02885,clahe,12,40,40,12,12,12
01_13_09_04_0571.bmp,0,9,4,8,13,0.50927,0.09685,0.199,clahe,40,13,13,12,40,12
01_13_09_04_0573.bmp,0,9,4,8,13,0.51291,0.10173,0.28352,clahe,28,13,13,12,28,12
01_13_09_04_0581.bmp,0,9,4,8,13,0.50169,0.09659,0.12247,clahe,40,24,24,12,40,12
01_13_09_04_0584.bmp,0,9,4,8,13,0.43098,0.08441,0.1629,clahe,6,12,12,12,6,13
01_13_09_04_0586.bmp,0,9,4,8,13,0.41576,0.10353,0.16742,clahe,40,13,13,12,40,13
01_13_09_04_0588.bmp,0,9,4,8,13,0.40937,0.1085,0.21267,passthrough,12,12,35,12,40,12
01_13_09_04_0589.bmp,0,9,4,8,13,0.47567,0.12313,0.22727,passthrough,13,13,40,13,28,13
01_13_09_04_0590.bmp,0,9,4,8,13,0.40479,0.08216,0.1629,clahe,40,18,18,12,40,12
01_13_09_04_0592.bmp,0,9,4,8,13,0.40118,0.09913,0.22601,clahe,40,13,13,32,40,13
01_13_09_04_0594.bmp,0,9,4,8,13,0.38875,0.1012,0.14241,clahe,6,40,40,12,6,13
01_13_09_04_0595.bmp,0,9,4,8,13,0.48418,0.09532,0.13074,clahe,40,40,40,12,40,13
01_13_09_04_0600.bmp,0,9,4,8,13,0.5001,0.11837,0.18919,passthrough,12,12,24,18,40,12
01_13_09_04_0601.bmp,0,9,4,8,13,0.47553,0.11795,0.22598,passthrough,13,13,40,12,12,13
01_13_09_04_0605.bmp,0,9,4,8,13,0.50603,0.11672,0.175,passthrough,12,12,13,12,40,12
01_13_09_04_0607.bmp,0,9,4,8,13,0.49975,0.1062,0.17345,passthrough,13,13,40,13,40,13
01_13_09_04_0609.bmp,0,9,4,8,13,0.48989,0.12298,0.15295,passthrough,13,13,13,12,40,13
01_13_09_04_0610.bmp,0,9,4,8,13,0.51177,0.10844,0.15439,passthrough,13,13,13,18,28,13
01_13_09_04_0612.bmp,0,9,4,8,13,0.49108,0.11049,0.12516,passthrough,13,13,13,13,40,13
01_13_09_04_0625.bmp,0,9,4,8,13,0.5022,0.17136,0.10983,passthrough,25,25,13,12,25,25
01_03_09_05_0001.bmp,0,9,5,8,9,0.52372,0.08401,0.08788,clahe,40,13,13,12,40,13
01_03_09_05_0006.bmp,0,9,5,8,9,0.49279,0.09009,0.18261,clahe,40,25,25,12,40,25
01_03_09_05_0012.bmp,0,9,5,8,9,0.51103,0.11161,0.155,passthrough,13,13,40,12,25,13
01_03_09_05_0015.bmp,0,9,5,8,9,0.50346,0.0884,0.2284,clahe,36,26,26,16,36,13
01_03_09_05_0018.bmp,0,9,5,8,9,0.49848,0.09837,0.09454,clahe,40,13,13,12,40,12
01_03_09_05_0021.bmp,0,9,5,8,9,0.49239,0.09916,0.22556,clahe,42,13,13,12,42,12
01_03_09_05_0024.bmp,0,9,5,8,9,0.47576,0.10204,0.14561,clahe,40,33,33,12,40,12
01_03_09_05_0036.bmp,0,9,5,8,9,0.39108,0.07384,0.12308,clahe,40,13,13,12,40,40
01_03_09_05_0042.bmp,0,9,5,8,9,0.39914,0.08087,0.02726,clahe,40,1,1,12,40,12
01_03_09_05_0043.bmp,0,9,5,8,9,0.41511,0.06397,0.0,clahe,40,25,25,12,40,13
01_03_09_05_0044.bmp,0,9,5,8,9,0.39931,0.08289,0.09249,clahe,40,40,40,12,40,13
01_03_09_05_0046.bmp,0,9,5,8,9,0.41077,0.07998,0.0175,clahe,20,24,24,12,20,12
01_03_09_05_0048.bmp,0,9,5,8,9,0.41389,0.09499,0.05114,clahe,40,40,40,12,40,13
01_03_09_05_0050.bmp,0,9,5,8,9,0.41043,0.07611,0.02206,clahe,40,40,40,13,40,13
01_03_09_05_0051.bmp,0,9,5,8,9,0.39666,0.08088,0.07106,clahe,40,13,13,13,40,13
01_03_09_05_0055.bmp,0,9,5,8,9,0.39704,0.10069,0.07585,clahe,40,13,13,12,40,13
01_03_09_05_0056.bmp,0,9,5,8,9,0.40275,0.07852,0.02176,clahe,25,40,40,13,25,13
01_03_09_05_0058.bmp,0,9,5,8,9,0.4125,0.08486,0.06908,clahe,40,40,40,13,40,13
01_03_09_05_0061.bmp,0,9,5,8,9,0.40735,0.07222,0.00782,clahe,13,13,13,13,13,13
01_03_09_05_0062.bmp,0,9,5,8,9,0.41302,0.07651,0.06209,clahe,20,24,24,13,20,13
01_03_09_05_0066.bmp,0,9,5,8,9,0.41638,0.08129,0.02881,clahe,25,13,13,13,25,13
01_03_09_05_0068.bmp,0,9,5,8,9,0.41415,0.07092,0.05842,clahe,40,24,24,13,40,13
01_03_09_05_0069.bmp,0,9,5,8,9,0.42012,0.07917,0.00314,clahe,20,40,40,13,20,13
01_03_09_05_0072.bmp,0,9,5,8,9,0.41648,0.07858,0.09825,clahe,20,24,24,13,20,13
01_03_09_05_0075.bmp,0,9,5,8,9,0.42488,0.08691,0.0687,clahe,13,13,13,13,13,13
01_03_09_05_0077.bmp,0,9,5,8,9,0.43235,0.10769,0.08407,passthrough,13,13,13,13,20,13
01_03_09_05_0078.bmp,0,9,5,8,9,0.43154,0.09599,0.08447,clahe,25,24,24,13,25,13
01_03_09_05_0082.bmp,0,9,5,8,9,0.43383,0.12001,0.07175,stretch,13,13,13,13,25,25
01_03_09_05_0083.bmp,0,9,5,8,9,0.43062,0.09782,0.05301,clahe,25,25,25,13,25,25
01_06_09_05_0002.bmp,1,9,5,8,14,0.56869,0.08264,0.2,clahe,11,35,35,12,11,11
01_06_09_05_0003.bmp,1,9,5,8,14,0.60995,0.07551,0.05417,clahe,40,18,18,12,40,12
01_06_09_05_0004.bmp,1,9,5,8,14,0.5591,0.06134,0.0,clahe,40,11,11,12,40,12
01_06_09_05_0007.bmp,0,9,5,8,14,0.54975,0.1139,0.24174,passthrough,18,18,18,18,1,18
01_06_09_05_0007.bmp,1,9,5,8,14,0.59201,0.10066,0.17007,clahe,40,40,40,12,40,12
01_06_09_05_0012.bmp,0,9,5,8,14,0.52648,0.10455,0.1901,clahe,13,24,24,18,13,13
01_06_09_05_0012.bmp,1,9,5,8,14,0.62271,0.07495,0.03313,clahe,40,14,14,12,40,12
01_06_09_05_0013.bmp,1,9,5,8,14,0.59726,0.09686,0.10973,clahe,40,40,40,18,40,11
01_06_09_05_0014.bmp,0,9,5,8,14,0.5464,0.08851,0.17347,clahe,20,40,40,18,20,13
01_06_09_05_0015.bmp,0,9,5,8,14,0.54409,0.09884,0.24915,clahe,28,13,13,18,28,13
01_06_09_05_0015.bmp,1,9,5,8,14,0.58649,0.09872,0.24638,clahe,18,11,11,18,18,12
01_06_09_05_0016.bmp,1,9,5,8,14,0.60852,0.09028,0.21196,clahe,28,18,18,18,28,18
01_06_09_05_0017.bmp,1,9,5,8,14,0.60942,0.10594,0.15556,clahe,40,13,13,18,40,11
01_06_09_05_0021.bmp,0,9,5,8,14,0.49544,0.09149,0.1493,clahe,13,13,13,13,13,13
01_06_09_05_0022.bmp,1,9,5,8,14,0.61824,0.10373,0.1312,clahe,12,18,18,12,12,12
01_06_09_05_0024.bmp,0,9,5,8,14,0.47678,0.08833,0.1662,clahe,18,24,24,18,18,13
01_06_09_05_0026.bmp,1,9,5,8,14,0.57411,0.11737,0.23424,passthrough,13,13,40,18,40,13
01_06_09_05_0029.bmp,0,9,5,8,14,0.4545,0.11911,0.22264,passthrough,13,13,13,13,13,13
01_06_09_05_0029.bmp,1,9,5,8,14,0.56027,0.08799,0.16935,clahe,40,24,24,18,40,13
01_06_09_05_0030.bmp,0,9,5,8,14,0.46281,0.10868,0.15862,passthrough,13,13,13,13,24,13
01_06_09_05_0030.bmp,1,9,5,8,14,0.55451,0.08546,0.12043,clahe,18,40,40,18,18,13
01_06_09_05_0031.bmp,0,9,5,8,14,0.47979,0.12702,0.19035,passthrough,13,13,13,18,28,13
01_06_09_05_0031.bmp,1,9,5,8,14,0.58977,0.10744,0.20096,passthrough,12,12,40,12,42,12
01_06_09_05_0035.bmp,0,9,5,8,14,0.45233,0.11797,0.12206,passthrough,13,13,13,13,18,13
01_06_09_05_0037.bmp,1,9,5,8,14,0.54585,0.12031,0.17083,passthrough,12,12,40,12,42,12
01_06_09_05_0038.bmp,0,9,5,8,14,0.43655,0.11009,0.17796,passthrough,13,13,13,13,24,13
01_06_09_05_0039.bmp,0,9,5,8,14,0.43473,0.11292,0.14119,passthrough,13,13,24,13,24,13
01_06_09_05_0039.bmp,1,9,5,8,14,0.57815,0.12799,0.125,passthrough,12,12,40,12,6,12
01_06_09_05_0040.bmp,1,9,5,8,14,0.53906,0.12411,0.04267,stretch,12,12,40,12,6,12
01_06_09_05_0041.bmp,1,9,5,8,14,0.52844,0.12827,0.16533,passthrough,12,12,35,12,42,12
01_06_09_05_0042.bmp,0,9,5,8,14,0.40352,0.08659,0.11696,clahe,13,24,24,13,13,13
01_06_09_05_0043.bmp,1,9,5,8,14,0.53238,0.09182,0.05655,clahe,40,40,40,12,40,12
01_06_09_05_0046.bmp,0,9,5,8,14,0.53999,0.08628,0.02564,clahe,40,40,40,12,40,12
01_06_09_05_0048.bmp,0,9,5,8,14,0.51256,0.0965,0.13122,clahe,40,40,40,12,40,12
01_06_09_05_0050.bmp,0,9,5,8,14,0.53775,0.07809,0.02611,clahe,40,26,26,12,40,12
01_06_09_05_0051.bmp,0,9,5,8,14,0.53225,0.1167,0.11458,passthrough,12,12,13,12,40,12
01_06_09_05_0055.bmp,0,9,5,8,14,0.55803,0.11175,0.14815,passthrough,12,12,40,12,40,12
01_06_09_05_0056.bmp,0,9,5,8,14,0.56503,0.09176,0.20168,clahe,28,13,13,12,28,12
01_06_09_05_0059.bmp,0,9,5,8,14,0.57024,0.10928,0.1229,passthrough,12,12,24,18,28,12
01_06_09_05_0064.bmp,0,9,5,8,14,0.53802,0.13539,0.11404,passthrough,11,11,24,18,28,11
01_06_09_05_0066.bmp,0,9,5,8,14,0.53895,0.11329,0.07898,passthrough,12,12,40,12,40,12
01_06_09_05_0067.bmp,0,9,5,8,14,0.53221,0.12466,0.15521,passthrough,11,11,40,12,40,11
01_06_09_05_0068.bmp,0,9,5,8,14,0.50872,0.13169,0.20377,passthrough,13,13,24,12,1,13
01_06_09_05_0070.bmp,0,9,5,8,14,0.52683,0.12719,0.1765,passthrough,13,13,1,18,18,13
01_06_09_05_0074.bmp,0,9,5,8,14,0.51134,0.10125,0.16745,clahe,40,40,40,18,40,13
01_06_09_05_0075.bmp,0,9,5,8,14,0.49767,0.09313,0.11294,clahe,28,13,13,18,28,12
01_06_09_05_0076.bmp,0,9,5,8,14,0.48212,0.09493,0.20969,clahe,28,40,40,12,28,13
01_06_09_05_0080.bmp,0,9,5,8,14,0.44525,0.11284,0.10107,passthrough,18,18,18,18,18,18
01_06_09_05_0085.bmp,0,9,5,8,14,0.43418,0.09105,0.10053,clahe,28,18,18,13,28,13
01_06_09_05_0088.bmp,0,9,5,8,14,0.37663,0.09654,0.04695,clahe,24,13,13,13,24,13
01_06_09_05_0089.bmp,0,9,5,8,14,0.38132,0.09543,0.04509,clahe,2,40,40,25,2,25
01_11_09_05_0002.bmp,0,9,5,8,12,0.47802,0.08235,0.22967,clahe,42,1,1,11,42,11
01_11_09_05_0003.bmp,0,9,5,8,12,0.50305,0.08676,0.26316,clahe,6,23,23,12,6,11
01_11_09_05_0013.bmp,0,9,5,8,12,0.53082,0.07766,0.10526,clahe,2,40,40,31,2,38
01_11_09_05_0019.bmp,0,9,5,8,12,0.50345,0.11324,0.29667,passthrough,11,11,35,12,6,11
01_11_09_05_0020.bmp,0,9,5,8,12,0.49613,0.09344,0.27333,clahe,42,40,40,11,42,11
01_11_09_05_0021.bmp,0,9,5,8,12,0.50861,0.09644,0.19693,clahe,11,18,18,18,11,11
01_11_09_05_0022.bmp,0,9,5,8,12,0.46571,0.10671,0.25831,passthrough,18,18,11,18,40,18
01_11_09_05_0024.bmp,0,9,5,8,12,0.46203,0.09677,0.28,clahe,11,13,13,12,11,12
01_11_09_05_0027.bmp,0,9,5,8,12,0.49502,0.11931,0.29111,passthrough,12,12,18,11,11,12
01_11_09_05_0028.bmp,0,9,5,8,12,0.48781,0.09219,0.22,clahe,40,26,26,12,40,12
01_11_09_05_0031.bmp,0,9,5,8,12,0.49426,0.09844,0.18667,clahe,40,18,18,12,40,13
01_11_09_05_0033.bmp,0,9,5,8,12,0.46731,0.08071,0.19753,clahe,36,35,35,12,36,12
01_11_09_05_0038.bmp,0,9,5,8,12,0.45484,0.11774,0.20153,passthrough,13,13,18,12,28,13
01_11_09_05_0039.bmp,0,9,5,8,12,0.41967,0.10039,0.23469,clahe,20,18,18,12,20,13
01_11_09_05_0041.bmp,0,9,5,8,12,0.4662,0.1024,0.2366,clahe,42,13,13,12,42,13
01_11_09_05_0045.bmp,0,9,5,8,12,0.45202,0.10596,0.13145,clahe,28,13,13,12,28,13
01_11_09_05_0047.bmp,0,9,5,8,12,0.42431,0.1218,0.17912,passthrough,18,18,28,18,28,18
01_11_09_05_0049.bmp,0,9,5,8,12,0.42796,0.10794,0.19444,passthrough,13,13,40,12,28,13
01_11_09_05_0050.bmp,0,9,5,8,12,0.41831,0.11036,0.21135,passthrough,13,13,18,18,28,13
01_11_09_05_0052.bmp,0,9,5,8,12,0.45367,0.11138,0.23188,passthrough,12,12,18,12,28,12
01_11_09_05_0060.bmp,0,9,5,8,12,0.44068,0.1186,0.18259,passthrough,13,13,13,13,40,13
01_11_09_05_0061.bmp,0,9,5,8,12,0.44491,0.1134,0.21741,passthrough,13,13,18,18,18,13
01_11_09_05_0062.bmp,0,9,5,8,12,0.45352,0.10954,0.18319,passthrough,13,13,40,11,11,13
01_11_09_05_0064.bmp,0,9,5,8,12,0.4439,0.10756,0.15778,passthrough,13,13,40,13,28,13
01_11_09_05_0065.bmp,0,9,5,8,12,0.43607,0.10784,0.15954,passthrough,12,12,40,12,28,12
01_11_09_05_0069.bmp,0,9,5,8,12,0.44175,0.11129,0.14932,passthrough,13,13,13,13,13,13
01_11_09_05_0077.bmp,0,9,5,8,12,0.42884,0.1197,0.13043,passthrough,13,13,13,13,13,13
01_11_09_05_0078.bmp,0,9,5,8,12,0.42316,0.12562,0.12688,passthrough,13,13,13,13,13,13
01_11_09_05_0080.bmp,0,9,5,8,12,0.42175,0.10869,0.08752,passthrough,13,13,24,13,13,13
01_12_09_05_0002.bmp,0,9,5,8,17,0.45597,0.12336,0.12554,passthrough,13,13,1,13,28,13
01_12_09_05_0004.bmp,0,9,5,8,17,0.46328,0.13633,0.33056,passthrough,13,13,13,13,42,13
01_12_09_05_0005.bmp,0,9,5,8,17,0.4757,0.15389,0.16667,passthrough,13,13,7,13,42,13
01_12_09_05_0006.bmp,1,9,5,8,17,0.46866,0.08377,0.0,clahe,11,12,12,12,11,12
01_12_09_05_0009.bmp,0,9,5,8,17,0.45999,0.15479,0.12619,passthrough,13,13,26,13,28,13
01_12_09_05_0009.bmp,1,9,5,8,17,0.50205,0.12313,0.08333,passthrough,12,12,40,12,11,12
01_12_09_05_0011.bmp,0,9,5,8,17,0.44809,0.1685,0.16667,passthrough,7,7,18,13,40,7
01_12_09_05_0011.bmp,1,9,5,8,17,0.48084,0.06796,0.0,clahe,42,25,25,12,42,12
01_12_09_05_0012.bmp,0,9,5,8,17,0.43223,0.15128,0.14087,passthrough,13,13,26,13,28,13
01_12_09_05_0012.bmp,1,9,5,8,17,0.48155,0.06061,0.0,clahe,42,40,40,12,42,12
01_12_09_05_0013.bmp,0,9,5,8,17,0.46637,0.17584,0.26294,passthrough,11,11,18,11,28,11
01_12_09_05_0015.bmp,0,9,5,8,17,0.44342,0.15971,0.10973,passthrough,13,13,18,18,20,13
01_12_09_05_0017.bmp,1,9,5,8,17,0.46637,0.06466,0.0,clahe,12,18,18,12,12,12
01_12_09_05_0018.bmp,1,9,5,8,17,0.4839,0.08137,0.15909,clahe,42,18,18,18,42,12
01_12_09_05_0021.bmp,1,9,5,8,17,0.4861,0.07281,0.0,clahe,42,35,35,12,42,12
01_12_09_05_0022.bmp,1,9,5,8,17,0.5128,0.07945,0.0,clahe,12,26,26,31,12,12
01_12_09_05_0024.bmp,1,9,5,8,17,0.50829,0.11673,0.08333,passthrough,12,12,18,12,42,12
01_12_09_05_0025.bmp,1,9,5,8,17,0.48259,0.06323,0.0,clahe,42,7,7,12,42,12
01_12_09_05_0028.bmp,1,9,5,8,17,0.48422,0.06073,0.0,clahe,42,25,25,12,42,11
01_12_09_05_0032.bmp,0,9,5,8,17,0.47604,0.11492,0.12644,passthrough,13,13,13,12,40,13
01_12_09_05_0032.bmp,1,9,5,8,17,0.48375,0.0826,0.0,clahe,42,40,40,31,42,32
01_12_09_05_0033.bmp,0,9,5,8,17,0.48707,0.11489,0.16019,passthrough,13,13,13,18,28,13
01_12_09_05_0033.bmp,1,9,5,8,17,0.48978,0.0808,0.31818,clahe,11,26,26,12,11,12
01_12_09_05_0034.bmp,0,9,5,8,17,0.48282,0.13306,0.17153,passthrough,13,13,24,12,28,13
01_12_09_05_0035.bmp,0,9,5,8,17,0.47186,0.12814,0.21871,passthrough,13,13,24,18,28,13
01_12_09_05_0035.bmp,1,9,5,8,17,0.49504,0.10116,0.14394,clahe,12,40,40,12,12,12
01_12_09_05_0036.bmp,1,9,5,8,17,0.44783,0.09526,0.11364,clahe,12,36,36,38,12,13
01_12_09_05_0037.bmp,0,9,5,8,17,0.46264,0.13973,0.24074,passthrough,13,13,24,13,13,13
01_12_09_05_0038.bmp,0,9,5,8,17,0.45508,0.13836,0.21693,passthrough,13,13,24,11,13,13
01_12_09_05_0040.bmp,0,9,5,8,17,0.44037,0.14334,0.23171,passthrough,13,13,24,13,24,13
01_12_09_05_0040.bmp,1,9,5,8,17,0.50671,0.06321,0.0,clahe,11,7,7,31,11,12
01_12_09_05_0041.bmp,0,9,5,8,17,0.45142,0.19318,0.20359,passthrough,13,13,13,18,18,13
01_12_09_05_0043.bmp,0,9,5,8,17,0.36992,0.10896,0.06571,passthrough,13,13,13,13,13,13
01_12_09_05_0044.bmp,0,9,5,8,17,0.51224,0.10133,0.17424,clahe,23,13,13,31,23,11
01_12_09_05_0045.bmp,0,9,5,8,17,0.51598,0.10081,0.24242,clahe,42,11,11,11,42,11
01_12_09_05_0051.bmp,0,9,5,8,17,0.47971,0.09871,0.08333,clahe,11,13,13,31,11,25
01_12_09_05_0052.bmp,0,9,5,8,17,0.47056,0.104,0.20455,clahe,42,13,13,38,42,13
01_12_09_05_0056.bmp,0,9,5,8,17,0.48938,0.10331,0.20415,clahe,11,7,7,18,11,11
01_12_09_05_0060.bmp,0,9,5,8,17,0.4668,0.09347,0.25606,clahe,28,18,18,12,28,25
01_12_09_05_0061.bmp,0,9,5,8,17,0.48549,0.0856,0.11765,clahe,28,40,40,18,28,13
01_12_09_05_0062.bmp,0,9,5,8,17,0.48233,0.10997,0.22145,passthrough,25,25,7,18,11,25
01_12_09_05_0068.bmp,0,9,5,8,17,0.48544,0.11352,0.16905,passthrough,11,11,11,11,20,11
01_12_09_05_0072.bmp,0,9,5,8,17,0.46691,0.10918,0.11485,passthrough,13,13,18,18,28,13
01_12_09_05_0075.bmp,0,9,5,8,17,0.48319,0.11759,0.20762,passthrough,13,13,40,38,20,13
01_12_09_05_0077.bmp,0,9,5,8,17,0.48858,0.12329,0.13143,passthrough,25,25,25,11,20,25
01_12_09_05_0078.bmp,0,9,5,8,17,0.47871,0.12041,0.1744,passthrough,7,7,11,7,20,7
01_12_09_05_0081.bmp,0,9,5,8,17,0.4869,0.12988,0.1248,passthrough,11,11,11,11,11,11
01_12_09_05_0082.bmp,0,9,5,8,17,0.49511,0.12959,0.2192,passthrough,11,11,11,11,42,11
01_12_09_05_0085.bmp,0,9,5,8,17,0.46824,0.12194,0.1952,passthrough,13,13,7,11,20,13
01_12_09_05_0086.bmp,0,9,5,8,17,0.49593,0.11429,0.1296,passthrough,11,11,18,18,20,11
01_12_09_05_0088.bmp,0,9,5,8,17,0.50057,0.11797,0.11852,passthrough,25,25,28,11,28,25
01_12_09_05_0092.bmp,0,9,5,8,17,0.46749,0.13082,0.15,passthrough,13,13,7,13,40,13
01_12_09_05_0093.bmp,0,9,5,8,17,0.47141,0.1229,0.10571,passthrough,13,13,18,7,20,13
01_12_09_05_0097.bmp,0,9,5,8,17,0.47143,0.12799,0.06674,stretch,13,13,11,13,28,13
01_12_09_05_0098.bmp,0,9,5,8,17,0.46666,0.11375,0.07127,stretch,25,25,13,13,20,25
01_12_09_05_0101.bmp,0,9,5,8,17,0.47577,0.14535,0.13333,passthrough,11,11,18,11,28,11
01_12_09_05_0105.bmp,0,9,5,8,17,0.45915,0.15144,0.13237,passthrough,11,11,18,7,20,11
01_12_09_05_0107.bmp,0,9,5,8,17,0.45989,0.12442,0.06277,stretch,11,11,24,11,20,13
01_12_09_05_0112.bmp,0,9,5,8,17,0.4701,0.14256,0.11045,passthrough,7,7,7,7,20,7
01_12_09_05_0113.bmp,0,9,5,8,17,0.46786,0.16173,0.04723,stretch,7,7,26,7,28,7
01_13_09_05_0002.bmp,1,9,5,8,13,0.63137,0.17224,0.225,passthrough,13,13,13,12,12,13
01_13_09_05_0003.bmp,1,9,5,8,13,0.64125,0.14018,0.195,passthrough,13,13,13,13,12,13
01_13_09_05_0005.bmp,1,9,5,8,13,0.64777,0.16155,0.29667,passthrough,13,13,13,13,40,13
01_13_09_05_0006.bmp,0,9,5,8,13,0.5687,0.09834,0.21154,clahe,11,35,35,12,11,12
01_13_09_05_0006.bmp,1,9,5,8,13,0.63406,0.17452,0.28159,passthrough,13,13,13,13,42,13
01_13_09_05_0007.bmp,1,9,5,8,13,0.63728,0.16003,0.31319,passthrough,13,13,13,13,28,13
01_13_09_05_0010.bmp,1,9,5,8,13,0.6236,0.15302,0.26923,passthrough,13,13,13,18,12,13
01_13_09_05_0013.bmp,0,9,5,8,13,0.54578,0.09568,0.17949,clahe,12,40,40,12,12,12
01_13_09_05_0014.bmp,1,9,5,8,13,0.60454,0.16263,0.24588,passthrough,13,13,13,18,13,13
01_13_09_05_0016.bmp,1,9,5,8,13,0.6131,0.17925,0.29872,passthrough,13,13,13,13,13,13
01_13_09_05_0022.bmp,0,9,5,8,13,0.5281,0.08376,0.23718,clahe,42,13,13,12,42,12
01_13_09_05_0024.bmp,0,9,5,8,13,0.54688,0.10621,0.26282,passthrough,12,12,13,12,42,12
01_13_09_05_0024.bmp,1,9,5,8,13,0.60613,0.19466,0.25392,passthrough,13,13,13,13,12,13
01_13_09_05_0025.bmp,1,9,5,8,13,0.59212,0.17189,0.29714,passthrough,13,13,13,13,13,13
01_13_09_05_0026.bmp,0,9,5,8,13,0.55365,0.11136,0.30128,passthrough,12,12,13,12,42,12
01_13_09_05_0028.bmp,1,9,5,8,13,0.59289,0.17806,0.25781,passthrough,13,13,40,13,13,13
01_13_09_05_0029.bmp,1,9,5,8,13,0.59196,0.17361,0.24793,passthrough,13,13,40,13,11,13
01_13_09_05_0030.bmp,0,9,5,8,13,0.56282,0.15942,0.27564,passthrough,12,12,13,12,25,12
01_13_09_05_0031.bmp,1,9,5,8,13,0.60612,0.1978,0.23226,passthrough,13,13,13,13,13,13
01_13_09_05_0032.bmp,1,9,5,8,13,0.60562,0.20926,0.25622,passthrough,13,13,13,13,13,13
01_13_09_05_0034.bmp,0,9,5,8,13,0.56998,0.1392,0.19231,passthrough,12,12,13,13,12,12
01_13_09_05_0035.bmp,1,9,5,8,13,0.6026,0.20855,0.24406,passthrough,13,13,13,13,13,13
01_13_09_05_0037.bmp,0,9,5,8,13,0.5911,0.15246,0.3141,passthrough,13,13,40,12,42,13
01_13_09_05_0037.bmp,1,9,5,8,13,0.61992,0.18863,0.24359,passthrough,13,13,13,13,13,13
01_13_09_05_0038.bmp,0,9,5,8,13,0.60953,0.16203,0.28846,passthrough,12,12,40,12,42,12
01_13_09_05_0040.bmp,0,9,5,8,13,0.61043,0.14748,0.28846,passthrough,13,13,13,13,11,13
01_13_09_05_0043.bmp,1,9,5,8,13,0.59123,0.20429,0.24354,passthrough,13,13,13,13,12,13
01_13_09_05_0045.bmp,1,9,5,8,13,0.60096,0.1878,0.21287,passthrough,13,13,13,13,13,13
01_13_09_05_0047.bmp,0,9,5,8,13,0.59209,0.1432,0.23947,passthrough,13,13,13,13,40,13
01_13_09_05_0047.bmp,1,9,5,8,13,0.60291,0.1987,0.2352,passthrough,13,13,13,13,13,13
01_13_09_05_0048.bmp,0,9,5,8,13,0.58382,0.14532,0.2004,passthrough,13,13,40,13,40,13
01_13_09_05_0050.bmp,0,9,5,8,13,0.58946,0.15937,0.22024,passthrough,13,13,13,13,40,13
01_13_09_05_0052.bmp,0,9,5,8,13,0.58524,0.14114,0.18857,passthrough,13,13,40,12,40,13
01_13_09_05_0053.bmp,0,9,5,8,13,0.5682,0.15968,0.23619,passthrough,13,13,13,13,12,13
01_13_09_05_0054.bmp,0,9,5,8,13,0.60255,0.14077,0.2419,passthrough,13,13,13,13,40,13
01_13_09_05_0056.bmp,1,9,5,8,13,0.59245,0.18075,0.26554,passthrough,13,13,13,13,13,13
01_13_09_05_0058.bmp,0,9,5,8,13,0.58855,0.14589,0.20952,passthrough,12,12,13,12,40,12
01_13_09_05_0058.bmp,1,9,5,8,13,0.5761,0.1831,0.26825,passthrough,13,13,13,13,24,13
01_13_09_05_0059.bmp,0,9,5,8,13,0.59174,0.15755,0.13143,passthrough,13,13,13,13,40,13
01_13_09_05_0059.bmp,1,9,5,8,13,0.58251,0.19884,0.21517,passthrough,13,13,13,13,13,13
01_13_09_05_0060.bmp,0,9,5,8,13,0.5742,0.16336,0.16571,passthrough,13,13,13,13,40,13
01_13_09_05_0061.bmp,0,9,5,8,13,0.59222,0.15196,0.1936,passthrough,13,13,13,13,40,13
01_13_09_05_0061.bmp,1,9,5,8,13,0.57181,0.20809,0.20156,passthrough,13,13,13,13,13,13
01_13_09_05_0062.bmp,0,9,5,8,13,0.59374,0.14815,0.17926,passthrough,13,13,13,13,40,13
01_13_09_05_0062.bmp,1,9,5,8,13,0.56518,0.23688,0.1751,passthrough,13,13,13,13,13,13
01_13_09_05_0065.bmp,1,9,5,8,13,0.4754,0.07189,0.0,clahe,40,35,35,12,40,12
01_13_09_05_0067.bmp,1,9,5,8,13,0.47197,0.06937,0.03846,clahe,6,40,40,12,6,12
01_13_09_05_0068.bmp,0,9,5,8,13,0.61421,0.15591,0.22812,passthrough,13,13,13,13,13,13
01_13_09_05_0068.bmp,1,9,5,8,13,0.46975,0.07024,0.0,clahe,40,40,40,19,40,12
01_13_09_05_0070.bmp,0,9,5,8,13,0.60287,0.17456,0.25597,passthrough,13,13,13,13,40,13
01_13_09_05_0071.bmp,0,9,5,8,13,0.61665,0.14752,0.23607,passthrough,13,13,40,13,40,13
01_13_09_05_0073.bmp,0,9,5,8,13,0.62468,0.15651,0.17752,passthrough,13,13,40,13,40,13
01_13_09_05_0074.bmp,0,9,5,8,13,0.62915,0.15295,0.23137,passthrough,13,13,13,13,13,13
01_13_09_05_0075.bmp,0,9,5,8,13,0.61199,0.15193,0.27113,passthrough,13,13,13,13,13,13
01_13_09_05_0078.bmp,1,9,5,8,13,0.47446,0.0784,0.1369,clahe,12,40,40,12,12,12
01_13_09_05_0079.bmp,1,9,5,8,13,0.50518,0.08622,0.08929,clahe,6,40,40,31,6,12
01_13_09_05_0080.bmp,1,9,5,8,13,0.48646,0.06199,0.0,clahe,18,40,40,12,18,12
01_13_09_05_0082.bmp,1,9,5,8,13,0.5306,0.07204,0.02083,clahe,6,11,11,12,6,12
01_13_09_05_0084.bmp,0,9,5,8,13,0.62552,0.14048,0.16489,passthrough,13,13,13,13,13,13
01_13_09_05_0084.bmp,1,9,5,8,13,0.48401,0.07689,0.0,clahe,40,13,13,12,40,12
01_13_09_05_0085.bmp,0,9,5,8,13,0.6341,0.1288,0.18889,passthrough,13,13,13,13,40,13
01_13_09_05_0085.bmp,1,9,5,8,13,0.52885,0.11322,0.0,stretch,12,12,1,12,6,12
01_13_09_05_0086.bmp,1,9,5,8,13,0.46827,0.11713,0.35238,passthrough,12,12,12,12,6,12
01_13_09_05_0088.bmp,1,9,5,8,13,0.53033,0.0789,0.0,clahe,12,13,13,12,12,12
01_13_09_05_0089.bmp,0,9,5,8,13,0.6227,0.16523,0.14776,passthrough,13,13,13,13,13,13
01_13_09_05_0090.bmp,0,9,5,8,13,0.62736,0.1366,0.12542,passthrough,13,13,40,13,13,13
01_13_09_05_0090.bmp,1,9,5,8,13,0.52394,0.08868,0.13462,clahe,6,40,40,12,6,12
01_13_09_05_0091.bmp,0,9,5,8,13,0.63758,0.14349,0.20339,passthrough,13,13,13,13,13,13
01_13_09_05_0091.bmp,1,9,5,8,13,0.50931,0.08441,0.08173,clahe,6,40,40,12,6,12
01_13_09_05_0093.bmp,1,9,5,8,13,0.49013,0.09112,0.12185,clahe,0,40,40,12,0,12
01_13_09_05_0095.bmp,1,9,5,8,13,0.52261,0.08098,0.16346,clahe,42,11,11,12,42,12
01_13_09_05_0096.bmp,1,9,5,8,13,0.51508,0.08068,0.08173,clahe,40,7,7,12,40,12
01_13_09_05_0097.bmp,1,9,5,8,13,0.49356,0.08997,0.2563,clahe,42,1,1,12,42,12
01_13_09_05_0098.bmp,1,9,5,8,13,0.51749,0.09915,0.3098,clahe,40,40,40,12,40,12
01_13_09_05_0100.bmp,0,9,5,8,13,0.62872,0.14372,0.1488,passthrough,13,13,13,13,1,13
01_13_09_05_0101.bmp,1,9,5,8,13,0.53436,0.08108,0.13235,clahe,40,40,40,12,40,12
01_13_09_05_0102.bmp,0,9,5,8,13,0.63687,0.16008,0.13938,passthrough,13,13,13,13,13,13
01_13_09_05_0104.bmp,1,9,5,8,13,0.52235,0.08963,0.02105,clahe,40,1,1,12,40,12
01_13_09_05_0105.bmp,0,9,5,8,13,0.61906,0.15373,0.18323,passthrough,13,13,13,13,13,13
01_13_09_05_0106.bmp,0,9,5,8,13,0.61965,0.16417,0.16046,passthrough,13,13,13,13,18,13
01_13_09_05_0107.bmp,0,9,5,8,13,0.6102,0.17606,0.165,passthrough,13,13,13,13,13,13
01_13_09_05_0110.bmp,1,9,5,8,13,0.5281,0.08514,0.03162,clahe,20,40,40,12,20,12
01_13_09_05_0112.bmp,0,9,5,8,13,0.56031,0.174,0.135,passthrough,13,13,13,13,40,13
01_13_09_05_0113.bmp,1,9,5,8,13,0.53809,0.11474,0.17708,passthrough,12,12,13,12,40,12
01_13_09_05_0115.bmp,1,9,5,8,13,0.53354,0.13375,0.22396,passthrough,11,11,13,11,40,11
01_13_09_05_0116.bmp,0,9,5,8,13,0.41073,0.07832,0.0,clahe,40,40,40,19,40,12
01_13_09_05_0117.bmp,0,9,5,8,13,0.37897,0.11187,0.16667,passthrough,13,13,13,12,40,13
01_13_09_05_0117.bmp,1,9,5,8,13,0.53883,0.12772,0.19792,passthrough,12,12,18,12,40,12
01_13_09_05_0119.bmp,1,9,5,8,13,0.52475,0.13781,0.22569,passthrough,18,18,18,18,28,18
01_13_09_05_0120.bmp,0,9,5,8,13,0.40754,0.10004,0.17436,clahe,6,12,12,12,6,12
01_13_09_05_0120.bmp,1,9,5,8,13,0.51924,0.12637,0.12674,passthrough,12,12,40,12,40,12
01_13_09_05_0121.bmp,0,9,5,8,13,0.4026,0.08527,0.0,clahe,22,1,1,19,22,12
01_13_09_05_0121.bmp,1,9,5,8,13,0.49933,0.11923,0.16146,passthrough,12,12,40,12,40,12
01_13_09_05_0122.bmp,1,9,5,8,13,0.51987,0.12078,0.08462,passthrough,11,11,40,12,40,11
01_13_09_05_0124.bmp,1,9,5,8,13,0.51956,0.1423,0.23182,passthrough,12,12,18,18,28,12
01_13_09_05_0128.bmp,0,9,5,8,13,0.37215,0.09234,0.09391,clahe,40,13,13,12,40,13
01_13_09_05_0129.bmp,1,9,5,8,13,0.50746,0.10939,0.11494,passthrough,12,12,40,12,40,12
01_13_09_05_0130.bmp,0,9,5,8,13,0.38773,0.08913,0.13538,clahe,28,40,40,13,28,12
01_13_09_05_0130.bmp,1,9,5,8,13,0.51086,0.12076,0.17126,passthrough,11,11,13,18,40,11
01_13_09_05_0131.bmp,0,9,5,8,13,0.3723,0.07554,0.07857,clahe,40,40,40,12,40,12
01_13_09_05_0134.bmp,0,9,5,8,13,0.3653,0.08478,0.06118,clahe,20,13,13,12,20,13
01_13_09_05_0135.bmp,1,9,5,8,13,0.522,0.09939,0.07754,clahe,28,40,40,12,28,12
01_13_09_05_0137.bmp,0,9,5,8,13,0.37937,0.08315,0.11599,clahe,40,1,1,12,40,40
01_13_09_05_0137.bmp,1,9,5,8,13,0.5017,0.12119,0.21123,passthrough,12,12,13,12,28,12
01_13_09_05_0138.bmp,0,9,5,8,13,0.3767,0.10406,0.07708,clahe,40,13,13,12,40,12
01_13_09_05_0139.bmp,0,9,5,8,13,0.36272,0.11365,0.09926,passthrough,13,13,13,13,28,13
01_13_09_05_0140.bmp,1,9,5,8,13,0.53013,0.10018,0.1102,clahe,40,40,40,12,40,12
01_13_09_05_0142.bmp,1,9,5,8,13,0.52101,0.116,0.13725,passthrough,1,1,13,18,40,1
01_13_09_05_0143.bmp,1,9,5,8,13,0.52578,0.09343,0.08824,clahe,40,13,13,12,40,12
01_13_09_05_0144.bmp,0,9,5,8,13,0.36177,0.0882,0.03511,clahe,40,24,24,13,40,13
01_13_09_05_0145.bmp,0,9,5,8,13,0.37096,0.09415,0.06508,clahe,40,40,40,12,40,13
01_13_09_05_0145.bmp,1,9,5,8,13,0.50122,0.13105,0.2322,passthrough,13,13,13,18,28,13
01_13_09_05_0147.bmp,1,9,5,8,13,0.53052,0.11472,0.10526,passthrough,12,12,13,18,40,12
01_13_09_05_0152.bmp,1,9,5,8,13,0.53278,0.09904,0.11355,clahe,28,40,40,12,28,12
01_13_09_05_0153.bmp,1,9,5,8,13,0.54469,0.11248,0.12967,passthrough,12,12,13,12,40,12
01_13_09_05_0154.bmp,0,9,5,8,13,0.36743,0.09711,0.05007,clahe,40,40,40,13,40,13
01_13_09_05_0154.bmp,1,9,5,8,13,0.54146,0.10263,0.1036,clahe,40,13,13,12,40,12
01_13_09_05_0155.bmp,0,9,5,8,13,0.36085,0.11011,0.11174,passthrough,13,13,24,13,40,13
01_13_09_05_0155.bmp,1,9,5,8,13,0.54176,0.11022,0.21937,passthrough,18,18,7,18,28,18
01_13_09_05_0156.bmp,1,9,5,8,13,0.53417,0.11351,0.12162,passthrough,12,12,13,12,40,12
01_13_09_05_0158.bmp,1,9,5,8,13,0.53186,0.12396,0.21138,passthrough,11,11,24,18,28,11
01_13_09_05_0159.bmp,1,9,5,8,13,0.54999,0.1117,0.1114,passthrough,12,12,13,12,40,12
01_13_09_05_0160.bmp,1,9,5,8,13,0.5474,0.11651,0.17262,passthrough,12,12,18,18,18,12
01_13_09_05_0161.bmp,0,9,5,8,13,0.37491,0.13031,0.11132,passthrough,13,13,13,13,13,13
01_13_09_05_0161.bmp,1,9,5,8,13,0.55302,0.09855,0.13889,clahe,40,13,13,12,40,12
01_13_09_05_0164.bmp,0,9,5,8,13,0.39301,0.1369,0.10077,passthrough,13,13,13,13,13,13
01_13_09_05_0165.bmp,1,9,5,8,13,0.54984,0.09924,0.12897,clahe,40,40,40,12,40,12
01_13_09_05_0166.bmp,0,9,5,8,13,0.38934,0.17125,0.15132,passthrough,13,13,13,13,13,13
01_13_09_05_0167.bmp,0,9,5,8,13,0.42532,0.15042,0.13178,passthrough,13,13,24,13,40,13
01_13_09_05_0167.bmp,1,9,5,8,13,0.54956,0.11418,0.16997,passthrough,12,12,40,12,28,12
01_13_09_05_0169.bmp,0,9,5,8,13,0.41777,0.06471,0.0,clahe,42,40,40,12,42,12
01_13_09_05_0173.bmp,1,9,5,8,13,0.53392,0.10112,0.14868,clahe,18,40,40,12,18,18
01_13_09_05_0175.bmp,1,9,5,8,13,0.52085,0.1106,0.24265,passthrough,13,13,13,18,28,13
01_13_09_05_0177.bmp,0,9,5,8,13,0.4131,0.07115,0.0,clahe,42,40,40,12,42,12
01_13_09_05_0177.bmp,1,9,5,8,13,0.55711,0.10456,0.12149,clahe,40,40,40,12,40,12
01_13_09_05_0180.bmp,0,9,5,8,13,0.43194,0.06935,0.0,clahe,11,40,40,12,11,12
01_13_09_05_0181.bmp,1,9,5,8,13,0.55605,0.11477,0.16789,passthrough,12,12,13,12,40,12
01_13_09_05_0186.bmp,1,9,5,8,13,0.56626,0.10968,0.21734,passthrough,12,12,13,12,40,12
01_13_09_05_0187.bmp,0,9,5,8,13,0.43232,0.10087,0.10606,clahe,12,18,18,19,12,12
01_13_09_05_0191.bmp,0,9,5,8,13,0.40371,0.07602,0.0,clahe,42,38,38,12,42,13
01_13_09_05_0192.bmp,1,9,5,8,13,0.54714,0.11933,0.14774,passthrough,12,12,13,12,40,12
01_13_09_05_0194.bmp,0,9,5,8,13,0.47454,0.10544,0.09091,clahe,42,12,12,12,42,12
01_13_09_05_0198.bmp,0,9,5,8,13,0.39911,0.09529,0.20833,clahe,12,35,35,12,12,13
01_13_09_05_0198.bmp,1,9,5,8,13,0.57925,0.10993,0.14835,passthrough,13,13,1,12,20,13
01_13_09_05_0200.bmp,0,9,5,8,13,0.40177,0.0683,0.14286,clahe,42,40,40,12,42,13
01_13_09_05_0200.bmp,1,9,5,8,13,0.57604,0.10906,0.21062,passthrough,12,12,13,12,40,12
01_13_09_05_0203.bmp,1,9,5,8,13,0.56578,0.11413,0.16789,passthrough,12,12,13,12,40,12
01_13_09_05_0204.bmp,1,9,5,8,13,0.56708,0.11547,0.12882,passthrough,12,12,24,12,40,12
01_13_09_05_0205.bmp,1,9,5,8,13,0.56327,0.13037,0.22344,passthrough,12,12,13,12,28,12
01_13_09_05_0206.bmp,0,9,5,8,13,0.39479,0.06156,0.0,clahe,40,33,33,12,40,12
01_13_09_05_0209.bmp,0,9,5,8,13,0.40758,0.07961,0.1451,clahe,40,40,40,12,40,12
01_13_09_05_0211.bmp,1,9,5,8,13,0.56554,0.1009,0.14713,clahe,40,13,13,12,40,12
01_13_09_05_0212.bmp,0,9,5,8,13,0.39493,0.07423,0.0,clahe,40,40,40,12,40,12
01_13_09_05_0213.bmp,0,9,5,8,13,0.37772,0.08078,0.0,clahe,40,33,33,12,40,12
01_13_09_05_0213.bmp,1,9,5,8,13,0.54557,0.13525,0.18742,passthrough,12,12,13,12,40,12
01_13_09_05_0215.bmp,1,9,5,8,13,0.56305,0.10929,0.18742,passthrough,25,25,24,18,40,25
01_13_09_05_0216.bmp,0,9,5,8,13,0.39858,0.08185,0.04615,clahe,40,40,40,12,40,13
01_13_09_05_0219.bmp,0,9,5,8,13,0.39775,0.09536,0.11154,clahe,12,13,13,12,12,12
01_13_09_05_0219.bmp,1,9,5,8,13,0.56567,0.12186,0.18559,passthrough,12,12,24,12,40,12
01_13_09_05_0222.bmp,0,9,5,8,13,0.39317,0.10599,0.11746,clahe,40,13,13,13,40,13
01_13_09_05_0223.bmp,0,9,5,8,13,0.3948,0.10817,0.20303,passthrough,13,13,13,13,40,13
01_13_09_05_0223.bmp,1,9,5,8,13,0.56693,0.10194,0.13675,clahe,40,24,24,12,40,12
01_13_09_05_0224.bmp,0,9,5,8,13,0.40114,0.10008,0.15412,clahe,20,13,13,13,20,13
01_13_09_05_0225.bmp,0,9,5,8,13,0.41585,0.10959,0.09635,passthrough,13,13,24,13,20,13
01_13_09_05_0227.bmp,0,9,5,8,13,0.41199,0.11287,0.10769,passthrough,13,13,13,12,40,13
01_13_09_05_0227.bmp,1,9,5,8,13,0.5605,0.12457,0.1917,passthrough,12,12,24,18,40,12
01_13_09_05_0229.bmp,0,9,5,8,13,0.40536,0.09925,0.12027,clahe,13,13,13,12,13,13
01_13_09_05_0231.bmp,1,9,5,8,13,0.59237,0.12201,0.14347,passthrough,12,12,24,12,40,12
01_13_09_05_0233.bmp,0,9,5,8,13,0.40535,0.10048,0.15333,clahe,24,13,13,13,24,13
01_13_09_05_0239.bmp,0,9,5,8,13,0.43901,0.15562,0.1747,passthrough,13,13,13,13,13,13
01_13_09_05_0239.bmp,1,9,5,8,13,0.57867,0.12583,0.22283,passthrough,12,12,18,18,40,12
01_13_09_05_0240.bmp,1,9,5,8,13,0.57518,0.13221,0.17521,passthrough,13,13,13,12,40,13
01_13_09_05_0241.bmp,0,9,5,8,13,0.46382,0.18761,0.2294,passthrough,13,13,13,13,13,13
01_13_09_05_0244.bmp,0,9,5,8,13,0.46094,0.20263,0.20051,passthrough,13,13,13,18,28,13
01_13_09_05_0244.bmp,1,9,5,8,13,0.57365,0.12953,0.18803,passthrough,12,12,13,12,40,12
01_13_09_05_0245.bmp,0,9,5,8,13,0.4514,0.18705,0.15059,passthrough,13,13,40,13,13,13
01_13_09_05_0248.bmp,0,9,5,8,13,0.45962,0.13183,0.09374,passthrough,13,13,24,13,13,13
01_13_09_05_0248.bmp,1,9,5,8,13,0.57114,0.12664,0.22833,passthrough,12,12,13,18,40,12
01_13_09_05_0249.bmp,1,9,5,8,13,0.57639,0.13134,0.13675,passthrough,13,13,13,12,40,13
01_13_09_05_0250.bmp,1,9,5,8,13,0.57816,0.12636,0.16606,passthrough,12,12,13,12,40,12
01_13_09_05_0251.bmp,1,9,5,8,13,0.56719,0.12325,0.18376,passthrough,12,12,13,12,28,12
01_13_09_05_0252.bmp,0,9,5,8,13,0.48038,0.13264,0.124,passthrough,13,13,13,13,13,13
01_13_09_05_0253.bmp,0,9,5,8,13,0.48176,0.13625,0.14873,passthrough,13,13,13,13,13,13
01_13_09_05_0255.bmp,1,9,5,8,13,0.5739,0.1233,0.21612,passthrough,18,18,18,18,28,18
01_13_09_05_0256.bmp,0,9,5,8,13,0.47346,0.12806,0.12448,passthrough,13,13,13,13,13,13
01_13_09_05_0257.bmp,0,9,5,8,13,0.46766,0.13569,0.14394,passthrough,13,13,13,13,13,13
01_13_09_05_0257.bmp,1,9,5,8,13,0.57474,0.12691,0.23871,passthrough,12,12,18,12,40,12
01_13_09_05_0260.bmp,1,9,5,8,13,0.5603,0.11474,0.1917,passthrough,13,13,13,12,40,13
01_13_09_05_0261.bmp,0,9,5,8,13,0.46543,0.12075,0.11042,passthrough,13,13,13,13,13,13
01_13_09_05_0262.bmp,1,9,5,8,13,0.56914,0.11238,0.16667,passthrough,12,12,13,12,28,12
01_13_09_05_0263.bmp,1,9,5,8,13,0.56817,0.11959,0.13858,passthrough,12,12,40,12,40,12
01_13_09_05_0266.bmp,1,9,5,8,13,0.57221,0.12166,0.15873,passthrough,12,12,40,12,40,12
01_13_09_05_0267.bmp,1,9,5,8,13,0.57909,0.12279,0.16667,passthrough,18,18,13,18,40,18
01_13_09_05_0268.bmp,0,9,5,8,13,0.43783,0.12175,0.08297,passthrough,13,13,40,13,40,13
01_13_09_05_0268.bmp,1,9,5,8,13,0.57239,0.11831,0.22039,passthrough,12,12,40,18,40,12
01_13_09_05_0269.bmp,0,9,5,8,13,0.43647,0.09946,0.06735,clahe,13,40,40,13,13,13
01_13_09_05_0272.bmp,0,9,5,8,13,0.57427,0.12306,0.1685,passthrough,12,12,13,12,40,12
01_13_09_05_0276.bmp,0,9,5,8,13,0.56358,0.13373,0.22833,passthrough,12,12,13,12,40,12
01_13_09_05_0277.bmp,0,9,5,8,13,0.57343,0.12871,0.19048,passthrough,13,13,13,18,40,13
01_13_09_05_0279.bmp,0,9,5,8,13,0.58001,0.12121,0.18132,passthrough,13,13,13,12,20,13
01_13_09_05_0281.bmp,0,9,5,8,13,0.57644,0.1189,0.18864,passthrough,12,12,28,12,40,12
01_13_09_05_0285.bmp,0,9,5,8,13,0.57458,0.13034,0.22466,passthrough,13,13,13,18,40,13
01_13_09_05_0286.bmp,0,9,5,8,13,0.57945,0.1058,0.14713,clahe,40,20,20,18,40,12
01_13_09_05_0287.bmp,0,9,5,8,13,0.56613,0.13215,0.17338,passthrough,13,13,13,12,40,13
01_13_09_05_0291.bmp,0,9,5,8,13,0.5709,0.11259,0.23871,passthrough,12,12,24,18,28,12
01_13_09_05_0293.bmp,0,9,5,8,13,0.57044,0.11076,0.16911,passthrough,12,12,13,12,40,12
01_13_09_05_0294.bmp,0,9,5,8,13,0.55481,0.12343,0.24969,passthrough,13,13,13,12,28,13
01_13_09_05_0295.bmp,0,9,5,8,13,0.56411,0.12086,0.16484,passthrough,12,12,24,18,40,12
01_13_09_05_0296.bmp,0,9,5,8,13,0.5616,0.11862,0.21734,passthrough,13,13,13,18,40,13
01_13_09_05_0297.bmp,0,9,5,8,13,0.57018,0.10643,0.10379,passthrough,12,12,13,12,40,12
01_13_09_05_0302.bmp,0,9,5,8,13,0.55373,0.11911,0.2099,passthrough,13,13,40,18,28,13
01_13_09_05_0304.bmp,0,9,5,8,13,0.54332,0.11543,0.08766,passthrough,12,12,13,12,40,12
01_13_09_05_0305.bmp,0,9,5,8,13,0.54392,0.11293,0.10495,passthrough,12,12,13,12,40,12
01_13_09_05_0306.bmp,0,9,5,8,13,0.54167,0.109,0.14132,passthrough,12,12,40,12,40,12
01_13_09_05_0310.bmp,0,9,5,8,13,0.5514,0.10703,0.12105,passthrough,12,12,18,18,28,12
01_13_09_05_0311.bmp,0,9,5,8,13,0.5455,0.11146,0.17045,passthrough,12,12,24,12,28,12
01_13_09_05_0312.bmp,0,9,5,8,13,0.53892,0.10284,0.14943,clahe,40,24,24,12,40,12
01_13_09_05_0313.bmp,0,9,5,8,13,0.54924,0.10319,0.10732,clahe,28,13,13,12,28,12
01_13_09_05_0317.bmp,0,9,5,8,13,0.53938,0.10541,0.19675,clahe,28,28,28,12,28,11
01_13_09_05_0322.bmp,0,9,5,8,13,0.5665,0.11655,0.16008,passthrough,12,12,13,12,40,12
01_13_09_05_0326.bmp,0,9,5,8,13,0.56577,0.1618,0.13867,passthrough,13,13,40,18,40,13
01_13_09_05_0328.bmp,0,9,5,8,13,0.56235,0.14266,0.16054,passthrough,12,12,13,12,40,12
01_13_09_05_0330.bmp,0,9,5,8,13,0.56818,0.16021,0.20408,passthrough,12,12,13,12,40,12
01_13_09_05_0337.bmp,0,9,5,8,13,0.59149,0.167,0.28435,passthrough,25,25,40,25,28,25
01_13_09_05_0338.bmp,0,9,5,8,13,0.59315,0.17531,0.24382,passthrough,13,13,13,11,28,13
01_13_09_05_0339.bmp,0,9,5,8,13,0.60169,0.15915,0.24673,passthrough,13,13,13,12,40,13
01_13_09_05_0343.bmp,0,9,5,8,13,0.61391,0.14486,0.2297,passthrough,13,13,13,18,28,13
01_13_09_05_0349.bmp,0,9,5,8,13,0.62269,0.16417,0.19697,passthrough,13,13,13,25,20,13
01_13_09_05_0351.bmp,0,9,5,8,13,0.59554,0.17291,0.21363,passthrough,13,13,40,13,13,13
01_13_09_05_0353.bmp,0,9,5,8,13,0.56634,0.15453,0.16602,passthrough,13,13,13,13,20,13
01_13_09_05_0355.bmp,0,9,5,8,13,0.5317,0.1365,0.14035,passthrough,13,13,13,12,25,13
01_13_09_05_0358.bmp,0,9,5,8,13,0.48141,0.14755,0.2324,passthrough,13,13,13,13,24,13
01_13_09_05_0362.bmp,0,9,5,8,13,0.47214,0.18477,0.17875,passthrough,13,13,13,13,13,13
01_13_09_05_0364.bmp,0,9,5,8,13,0.47273,0.1632,0.18217,passthrough,13,13,24,13,24,13
01_13_09_05_0367.bmp,0,9,5,8,13,0.45095,0.16313,0.18075,passthrough,13,13,13,13,13,13
01_13_09_05_0368.bmp,0,9,5,8,13,0.45958,0.18602,0.15496,passthrough,13,13,13,13,13,13
01_13_09_05_0371.bmp,0,9,5,8,13,0.43446,0.17242,0.18194,passthrough,13,13,13,13,24,13
01_13_09_05_0373.bmp,0,9,5,8,13,0.42712,0.14992,0.19324,passthrough,13,13,13,13,28,13
01_13_09_05_0376.bmp,0,9,5,8,13,0.4381,0.16161,0.12395,passthrough,13,13,13,13,24,13
01_13_09_05_0386.bmp,0,9,5,8,13,0.48093,0.12269,0.32231,passthrough,12,12,12,12,11,12
01_13_09_05_0388.bmp,0,9,5,8,13,0.44858,0.075,0.09091,clahe,42,40,40,12,42,12
01_13_09_05_0391.bmp,0,9,5,8,13,0.49376,0.111,0.09091,passthrough,12,12,12,12,1,12
01_13_09_05_0393.bmp,0,9,5,8,13,0.4807,0.08199,0.13223,clahe,6,18,18,12,6,12
01_13_09_05_0394.bmp,0,9,5,8,13,0.50776,0.09813,0.38017,clahe,42,35,35,12,42,12
01_13_09_05_0409.bmp,0,9,5,8,13,0.4678,0.075,0.0,clahe,25,12,12,12,25,12
01_13_09_05_0410.bmp,0,9,5,8,13,0.47007,0.10793,0.2314,passthrough,12,12,12,12,42,12
01_13_09_05_0412.bmp,0,9,5,8,13,0.48277,0.10009,0.34711,clahe,1,36,36,12,1,12
01_13_09_05_0415.bmp,0,9,5,8,13,0.45613,0.13047,0.24793,passthrough,12,12,18,12,12,12
01_13_09_05_0422.bmp,0,9,5,8,13,0.5286,0.10366,0.28099,clahe,40,13,13,12,40,12
01_13_09_05_0425.bmp,0,9,5,8,13,0.48611,0.08918,0.2314,clahe,42,13,13,12,42,12
01_13_09_05_0426.bmp,0,9,5,8,13,0.50478,0.1212,0.3719,passthrough,12,12,13,12,12,12
01_13_09_05_0427.bmp,0,9,5,8,13,0.50209,0.13245,0.2314,passthrough,13,13,11,12,42,13
01_13_09_05_0431.bmp,0,9,5,8,13,0.51026,0.1123,0.1978,passthrough,12,12,13,12,40,12
01_13_09_05_0434.bmp,0,9,5,8,13,0.44784,0.15796,0.21905,passthrough,13,13,12,12,12,13
01_13_09_05_0441.bmp,0,9,5,8,13,0.46939,0.11582,0.28309,passthrough,13,13,25,12,6,13
01_13_09_05_0442.bmp,0,9,5,8,13,0.44978,0.14359,0.21528,passthrough,13,13,35,18,13,13
01_13_09_05_0446.bmp,0,9,5,8,13,0.43939,0.12255,0.25,passthrough,13,13,40,12,6,13
01_13_09_05_0449.bmp,0,9,5,8,13,0.45768,0.12091,0.2291,passthrough,12,12,13,12,40,12
01_13_09_05_0452.bmp,0,9,5,8,13,0.4694,0.10134,0.17293,clahe,28,40,40,12,28,13
01_13_09_05_0454.bmp,0,9,5,8,13,0.4622,0.10007,0.23409,clahe,40,40,40,12,40,12
01_13_09_05_0455.bmp,0,9,5,8,13,0.45308,0.13506,0.16304,passthrough,13,13,13,13,40,13
01_13_09_05_0458.bmp,0,9,5,8,13,0.49233,0.11601,0.23696,passthrough,12,12,40,12,40,12
01_13_09_05_0462.bmp,0,9,5,8,13,0.50414,0.12021,0.21739,passthrough,12,12,40,12,36,12
01_13_09_05_0463.bmp,0,9,5,8,13,0.4886,0.14547,0.20158,passthrough,13,13,13,13,40,13
01_13_09_05_0465.bmp,0,9,5,8,13,0.5242,0.16103,0.19852,passthrough,13,13,40,13,40,13
01_13_09_05_0469.bmp,0,9,5,8,13,0.51935,0.17645,0.20476,passthrough,13,13,13,13,40,13
01_13_09_05_0470.bmp,0,9,5,8,13,0.51437,0.13001,0.20575,passthrough,13,13,24,12,40,13
01_13_09_05_0473.bmp,0,9,5,8,13,0.5054,0.14541,0.22198,passthrough,13,13,13,13,28,13
01_13_09_05_0474.bmp,0,9,5,8,13,0.49395,0.12973,0.17992,passthrough,13,13,13,13,40,13
01_13_09_05_0476.bmp,0,9,5,8,13,0.4787,0.12944,0.15024,passthrough,13,13,13,13,40,13
01_13_09_05_0477.bmp,0,9,5,8,13,0.482,0.13791,0.24149,passthrough,13,13,40,13,2,13
01_13_09_05_0478.bmp,0,9,5,8,13,0.48973,0.11669,0.15812,passthrough,13,13,13,13,2,13
01_13_09_05_0481.bmp,0,9,5,8,13,0.46214,0.14441,0.17137,passthrough,13,13,13,13,40,13
01_13_09_05_0483.bmp,0,9,5,8,13,0.46137,0.12278,0.17784,passthrough,13,13,13,13,40,13
01_13_09_05_0486.bmp,0,9,5,8,13,0.44251,0.10634,0.12091,passthrough,13,13,13,13,40,13
01_13_09_05_0487.bmp,0,9,5,8,13,0.44643,0.098,0.08347,clahe,40,40,40,12,40,13
01_13_09_05_0492.bmp,0,9,5,8,13,0.45491,0.12084,0.1152,passthrough,13,13,13,13,40,13
01_13_09_05_0498.bmp,0,9,5,8,13,0.44292,0.10134,0.10493,clahe,18,13,13,13,18,13
01_13_09_05_0505.bmp,0,9,5,8,13,0.45754,0.10424,0.06984,clahe,13,13,13,13,13,13
01_13_09_05_0507.bmp,0,9,5,8,13,0.45206,0.10354,0.0678,clahe,24,13,13,13,24,13
01_13_09_05_0509.bmp,0,9,5,8,13,0.44495,0.11174,0.09126,passthrough,13,13,13,13,13,13
01_13_09_05_0516.bmp,0,9,5,8,13,0.47133,0.08491,0.14685,clahe,1,18,18,12,1,12
01_13_09_05_0517.bmp,0,9,5,8,13,0.47849,0.07714,0.08392,clahe,42,40,40,12,42,12
01_13_09_05_0518.bmp,0,9,5,8,13,0.49988,0.06634,0.0,clahe,42,18,18,12,42,12
01_13_09_05_0522.bmp,0,9,5,8,13,0.48175,0.08516,0.1049,clahe,42,18,18,12,42,12
01_13_09_05_0523.bmp,0,9,5,8,13,0.47586,0.07929,0.13684,clahe,40,40,40,12,40,13
01_13_09_05_0524.bmp,0,9,5,8,13,0.47766,0.09616,0.22378,clahe,1,40,40,12,1,12
01_13_09_05_0525.bmp,0,9,5,8,13,0.48765,0.11105,0.26316,passthrough,12,12,40,12,20,12
01_13_09_05_0527.bmp,0,9,5,8,13,0.52181,0.10832,0.0,stretch,12,12,18,12,25,12
01_13_09_05_0528.bmp,0,9,5,8,13,0.47832,0.07011,0.0,clahe,42,40,40,12,42,12
01_13_09_05_0529.bmp,0,9,5,8,13,0.5154,0.10698,0.26736,passthrough,12,12,35,12,40,12
01_13_09_05_0531.bmp,0,9,5,8,13,0.52395,0.09974,0.10294,clahe,40,13,13,12,40,12
01_13_09_05_0532.bmp,0,9,5,8,13,0.45841,0.08431,0.06993,clahe,6,12,12,12,6,12
01_13_09_05_0535.bmp,0,9,5,8,13,0.55907,0.10766,0.17361,passthrough,12,12,28,12,40,12
01_13_09_05_0537.bmp,0,9,5,8,13,0.51968,0.13566,0.18148,passthrough,12,12,40,12,40,12
01_13_09_05_0539.bmp,0,9,5,8,13,0.53136,0.11075,0.04815,stretch,12,12,40,12,40,12
01_13_09_05_0540.bmp,0,9,5,8,13,0.47341,0.08222,0.0,clahe,42,18,18,12,42,12
01_13_09_05_0542.bmp,0,9,5,8,13,0.47857,0.0841,0.0,clahe,12,40,40,12,12,12
01_13_09_05_0544.bmp,0,9,5,8,13,0.41453,0.09611,0.23077,clahe,42,13,13,12,42,12
01_13_09_05_0551.bmp,0,9,5,8,13,0.53262,0.09791,0.21895,clahe,12,35,35,12,12,12
01_13_09_05_0552.bmp,0,9,5,8,13,0.45531,0.07423,0.0979,clahe,42,18,18,12,42,12
01_13_09_05_0553.bmp,0,9,5,8,13,0.5144,0.09696,0.14506,clahe,25,12,12,12,25,12
01_13_09_05_0556.bmp,0,9,5,8,13,0.45035,0.06762,0.0,clahe,6,13,13,12,6,12
01_13_09_05_0559.bmp,0,9,5,8,13,0.50668,0.1018,0.18333,clahe,40,40,40,12,40,12
01_13_09_05_0561.bmp,0,9,5,8,13,0.5187,0.08118,0.1,clahe,40,12,12,12,40,12
01_13_09_05_0562.bmp,0,9,5,8,13,0.42819,0.07595,0.21678,clahe,42,40,40,12,42,12
01_13_09_05_0563.bmp,0,9,5,8,13,0.52931,0.08179,0.0873,clahe,40,40,40,12,40,12
01_13_09_05_0569.bmp,0,9,5,8,13,0.5113,0.09295,0.15552,clahe,28,35,35,12,28,12
01_13_09_05_0571.bmp,0,9,5,8,13,0.49559,0.08399,0.19565,clahe,40,40,40,12,40,12
01_13_09_05_0572.bmp,0,9,5,8,13,0.43837,0.10574,0.08173,clahe,6,18,18,12,6,12
01_13_09_05_0574.bmp,0,9,5,8,13,0.43676,0.08366,0.0,clahe,40,40,40,12,40,12
01_13_09_05_0580.bmp,0,9,5,8,13,0.4349,0.09025,0.22624,clahe,12,40,40,12,12,13
01_13_09_05_0583.bmp,0,9,5,8,13,0.49577,0.09728,0.1415,clahe,28,18,18,18,28,12
01_13_09_05_0584.bmp,0,9,5,8,13,0.42168,0.06776,0.0,clahe,1,40,40,12,1,13
01_13_09_05_0585.bmp,0,9,5,8,13,0.5018,0.07862,0.04518,clahe,40,13,13,12,40,12
01_13_09_05_0587.bmp,0,9,5,8,13,0.48348,0.08146,0.04637,clahe,40,13,13,12,40,12
01_13_09_05_0589.bmp,0,9,5,8,13,0.46598,0.11042,0.18655,passthrough,12,12,18,18,28,12
01_13_09_05_0590.bmp,0,9,5,8,13,0.39748,0.06871,0.0,clahe,12,40,40,12,12,13
01_13_09_05_0592.bmp,0,9,5,8,13,0.39781,0.09201,0.13003,clahe,40,13,13,18,40,13
01_13_09_05_0593.bmp,0,9,5,8,13,0.46998,0.07669,0.01558,clahe,40,40,40,12,40,12
01_13_09_05_0594.bmp,0,9,5,8,13,0.38671,0.08217,0.20743,clahe,6,40,40,12,6,13
01_13_09_05_0597.bmp,0,9,5,8,13,0.47968,0.09171,0.10909,clahe,40,13,13,12,40,12
01_13_09_05_0600.bmp,0,9,5,8,13,0.48699,0.10986,0.16062,passthrough,18,18,40,18,40,18
01_13_09_05_0601.bmp,0,9,5,8,13,0.46645,0.09911,0.20871,clahe,12,13,13,12,12,13
01_13_09_05_0604.bmp,0,9,5,8,13,0.47601,0.09029,0.12354,clahe,40,24,24,12,40,13
01_13_09_05_0608.bmp,0,9,5,8,13,0.4745,0.09784,0.08356,clahe,28,40,40,12,28,13
01_13_09_05_0613.bmp,0,9,5,8,13,0.50037,0.09942,0.12815,clahe,28,13,13,12,28,13
01_13_09_05_0616.bmp,0,9,5,8,13,0.48992,0.10825,0.11719,passthrough,13,13,13,13,13,13
01_13_09_05_0617.bmp,0,9,5,8,13,0.49529,0.09419,0.07821,clahe,25,13,13,12,25,13
01_13_09_05_0618.bmp,0,9,5,8,13,0.5047,0.11416,0.07898,passthrough,12,12,7,12,28,12
01_13_09_05_0626.bmp,0,9,5,8,13,0.47668,0.1393,0.10985,passthrough,25,25,40,12,40,25
01_03_12_03_0001.bmp,0,12,3,16,9,0.53893,0.11817,0.32424,passthrough,13,13,13,17,0,13
01_03_12_03_0002.bmp,0,12,3,16,9,0.53876,0.11313,0.22727,passthrough,12,12,40,31,2,12
01_03_12_03_0003.bmp,0,12,3,16,9,0.54094,0.12513,0.35455,passthrough,25,25,40,32,0,25
01_03_12_03_0011.bmp,0,12,3,16,9,0.53552,0.12752,0.3025,passthrough,25,25,25,13,25,25
01_03_12_03_0012.bmp,0,12,3,16,9,0.54009,0.12174,0.2925,passthrough,13,13,26,32,0,13
01_03_12_03_0015.bmp,0,12,3,16,9,0.53383,0.12704,0.18107,passthrough,25,25,25,16,40,25
01_03_12_03_0018.bmp,0,12,3,16,9,0.53449,0.13281,0.33403,passthrough,25,25,41,13,2,25
01_03_12_03_0021.bmp,0,12,3,16,9,0.52616,0.12684,0.2688,passthrough,12,12,25,16,0,12
01_03_12_03_0022.bmp,0,12,3,16,9,0.5271,0.12858,0.3176,passthrough,25,25,40,13,22,25
01_03_12_03_0024.bmp,0,12,3,16,9,0.52411,0.12783,0.30526,passthrough,25,25,25,13,40,25
01_03_12_03_0026.bmp,0,12,3,16,9,0.52134,0.12413,0.31696,passthrough,25,25,19,13,2,25
01_03_12_03_0029.bmp,0,12,3,16,9,0.51712,0.11983,0.28926,passthrough,25,25,41,13,23,25
01_03_12_03_0030.bmp,0,12,3,16,9,0.51644,0.12414,0.29117,passthrough,25,25,4,32,22,25
01_03_12_03_0031.bmp,0,12,3,16,9,0.51048,0.12397,0.29952,passthrough,25,25,40,13,25,25
01_03_12_03_0037.bmp,0,12,3,16,9,0.49703,0.11083,0.25436,passthrough,25,25,40,13,2,25
01_03_12_03_0039.bmp,0,12,3,16,9,0.4971,0.1165,0.29783,passthrough,25,25,25,13,20,25
01_03_12_03_0044.bmp,0,12,3,16,9,0.50458,0.12984,0.29304,passthrough,25,25,40,13,40,25
01_03_12_03_0046.bmp,0,12,3,16,9,0.5067,0.12316,0.26,passthrough,25,25,13,13,25,25
01_03_12_03_0048.bmp,0,12,3,16,9,0.51088,0.13785,0.2974,passthrough,25,25,24,13,22,25
01_03_12_03_0049.bmp,0,12,3,16,9,0.50459,0.13003,0.26623,passthrough,25,25,25,13,2,25
01_03_12_03_0052.bmp,0,12,3,16,9,0.50477,0.12623,0.24877,passthrough,25,25,25,13,25,25
01_03_12_03_0054.bmp,0,12,3,16,9,0.49897,0.1304,0.27717,passthrough,25,25,25,13,25,25
01_03_12_03_0058.bmp,0,12,3,16,9,0.50752,0.12271,0.24976,passthrough,25,25,25,13,25,25
01_03_12_03_0061.bmp,0,12,3,16,9,0.50247,0.12075,0.16327,passthrough,25,25,14,13,23,25
01_03_12_03_0062.bmp,0,12,3,16,9,0.50418,0.11974,0.21798,passthrough,25,25,24,13,20,25
01_03_12_03_0067.bmp,0,12,3,16,9,0.50915,0.12049,0.22889,passthrough,25,25,24,13,25,25
01_03_12_03_0070.bmp,0,12,3,16,9,0.50799,0.12304,0.2244,passthrough,25,25,24,13,2,25
01_03_12_03_0078.bmp,0,12,3,16,9,0.51276,0.12543,0.23848,passthrough,25,25,24,13,25,25
01_03_12_03_0079.bmp,0,12,3,16,9,0.51032,0.12668,0.21405,passthrough,25,25,25,13,25,25
01_03_12_03_0081.bmp,0,12,3,16,9,0.51007,0.13271,0.26587,passthrough,25,25,25,13,25,25
01_03_12_03_0083.bmp,0,12,3,16,9,0.50714,0.13396,0.19954,passthrough,25,25,25,13,25,25
01_03_12_03_0084.bmp,0,12,3,16,9,0.50522,0.13506,0.19791,passthrough,25,25,25,13,25,25
01_06_12_03_0001.bmp,1,12,3,16,14,0.54678,0.11903,0.3375,passthrough,25,25,25,36,25,25
01_06_12_03_0002.bmp,0,12,3,16,14,0.52316,0.13234,0.30763,passthrough,25,25,24,25,13,25
01_06_12_03_0002.bmp,1,12,3,16,14,0.52729,0.11375,0.3375,passthrough,25,25,25,36,25,25
01_06_12_03_0004.bmp,0,12,3,16,14,0.50224,0.1297,0.31161,passthrough,25,25,24,36,20,25
01_06_12_03_0005.bmp,1,12,3,16,14,0.51962,0.11412,0.34583,passthrough,36,36,39,36,19,36
01_06_12_03_0007.bmp,0,12,3,16,14,0.51012,0.13742,0.28529,passthrough,25,25,14,25,25,25
01_06_12_03_0007.bmp,1,12,3,16,14,0.53124,0.13025,0.30612,passthrough,25,25,24,36,20,25
01_06_12_03_0008.bmp,1,12,3,16,14,0.52957,0.12129,0.33095,passthrough,25,25,25,36,2,25
01_06_12_03_0010.bmp,0,12,3,16,14,0.51397,0.14005,0.3087,passthrough,25,25,25,25,25,25
01_06_12_03_0013.bmp,1,12,3,16,14,0.52905,0.13301,0.37681,passthrough,25,25,14,36,23,25
01_06_12_03_0014.bmp,0,12,3,16,14,0.50596,0.13813,0.33078,passthrough,25,25,14,25,25,25
01_06_12_03_0016.bmp,1,12,3,16,14,0.53575,0.13772,0.36957,passthrough,25,25,13,36,19,25
01_06_12_03_0020.bmp,0,12,3,16,14,0.50004,0.1322,0.27695,passthrough,25,25,25,25,25,25
01_06_12_03_0021.bmp,0,12,3,16,14,0.49931,0.13162,0.29186,passthrough,25,25,25,25,25,25
01_06_12_03_0022.bmp,0,12,3,16,14,0.4942,0.1346,0.29738,passthrough,24,24,14,25,20,24
01_06_12_03_0022.bmp,1,12,3,16,14,0.54327,0.157,0.2832,passthrough,25,25,11,13,20,25
01_06_12_03_0023.bmp,0,12,3,16,14,0.50189,0.13872,0.28243,passthrough,25,25,14,25,25,25
01_06_12_03_0023.bmp,1,12,3,16,14,0.5589,0.16948,0.31494,passthrough,25,25,14,13,23,25
01_06_12_03_0024.bmp,0,12,3,16,14,0.49813,0.13814,0.26286,passthrough,25,25,24,25,24,25
01_06_12_03_0024.bmp,1,12,3,16,14,0.55476,0.16059,0.3023,passthrough,25,25,24,25,20,25
01_06_12_03_0025.bmp,0,12,3,16,14,0.5025,0.14142,0.29939,passthrough,25,25,25,25,25,25
01_06_12_03_0025.bmp,1,12,3,16,14,0.54059,0.1526,0.33532,passthrough,25,25,24,25,20,25
01_06_12_03_0026.bmp,0,12,3,16,14,0.49843,0.14194,0.26744,passthrough,25,25,14,25,2,25
01_06_12_03_0026.bmp,1,12,3,16,14,0.54445,0.14991,0.3044,passthrough,25,25,25,25,20,25
01_06_12_03_0027.bmp,1,12,3,16,14,0.53494,0.14748,0.34958,passthrough,25,25,13,25,20,25
01_06_12_03_0028.bmp,1,12,3,16,14,0.53865,0.14443,0.35081,passthrough,25,25,13,13,20,25
01_06_12_03_0029.bmp,1,12,3,16,14,0.53002,0.13948,0.34476,passthrough,25,25,25,25,20,25
01_06_12_03_0030.bmp,0,12,3,16,14,0.48501,0.13427,0.30133,passthrough,25,25,14,25,2,25
01_06_12_03_0031.bmp,1,12,3,16,14,0.53705,0.14851,0.31579,passthrough,12,12,25,36,0,12
01_06_12_03_0032.bmp,0,12,3,16,14,0.4841,0.13266,0.26053,passthrough,25,25,24,25,24,25
01_06_12_03_0032.bmp,1,12,3,16,14,0.53731,0.13959,0.311,passthrough,12,12,1,31,0,12
01_06_12_03_0033.bmp,1,12,3,16,14,0.52829,0.14461,0.33971,passthrough,25,25,25,31,2,25
01_06_12_03_0034.bmp,0,12,3,16,14,0.47496,0.13415,0.26439,passthrough,25,25,24,25,25,25
01_06_12_03_0034.bmp,1,12,3,16,14,0.52168,0.13698,0.28708,passthrough,25,25,40,36,2,25
01_06_12_03_0036.bmp,1,12,3,16,14,0.52004,0.1424,0.26818,passthrough,12,12,40,31,0,12
01_06_12_03_0037.bmp,0,12,3,16,14,0.47184,0.13428,0.25559,passthrough,25,25,14,25,24,25
01_06_12_03_0037.bmp,1,12,3,16,14,0.51882,0.13936,0.19583,passthrough,25,25,0,36,2,25
01_06_12_03_0044.bmp,0,12,3,16,14,0.48527,0.13805,0.22402,passthrough,25,25,25,10,23,25
01_06_12_03_0045.bmp,0,12,3,16,14,0.49153,0.11997,0.35,passthrough,25,25,25,36,2,25
01_06_12_03_0051.bmp,0,12,3,16,14,0.5036,0.13978,0.26693,passthrough,25,25,25,32,20,25
01_06_12_03_0052.bmp,0,12,3,16,14,0.48565,0.14204,0.31585,passthrough,25,25,25,32,2,25
01_06_12_03_0056.bmp,0,12,3,16,14,0.49297,0.12324,0.23319,passthrough,25,25,14,36,20,25
01_06_12_03_0057.bmp,0,12,3,16,14,0.49954,0.1417,0.26373,passthrough,25,25,25,36,23,25
01_06_12_03_0058.bmp,0,12,3,16,14,0.50113,0.14716,0.23137,passthrough,25,25,14,36,20,25
01_06_12_03_0059.bmp,0,12,3,16,14,0.4969,0.14408,0.21044,passthrough,25,25,40,31,19,25
01_06_12_03_0064.bmp,0,12,3,16,14,0.4963,0.16327,0.22942,passthrough,25,25,24,32,20,25
01_06_12_03_0067.bmp,0,12,3,16,14,0.49726,0.15504,0.25222,passthrough,25,25,25,32,23,25
01_06_12_03_0069.bmp,0,12,3,16,14,0.48513,0.14871,0.24134,passthrough,25,25,25,36,19,25
01_06_12_03_0070.bmp,0,12,3,16,14,0.48307,0.14559,0.27466,passthrough,25,25,40,32,19,25
01_06_12_03_0075.bmp,0,12,3,16,14,0.4631,0.11017,0.28078,passthrough,25,25,24,32,25,25
01_06_12_03_0085.bmp,0,12,3,16,14,0.48352,0.12738,0.27249,passthrough,25,25,25,12,23,25
01_06_12_03_0086.bmp,0,12,3,16,14,0.50308,0.12615,0.25989,passthrough,23,23,2,16,22,23
01_11_12_03_0001.bmp,0,12,3,16,12,0.53879,0.13497,0.27751,passthrough,0,0,0,31,16,0
01_11_12_03_0002.bmp,0,12,3,16,12,0.5366,0.12123,0.37321,passthrough,0,0,37,36,0,0
01_11_12_03_0003.bmp,0,12,3,16,12,0.53575,0.12218,0.29187,passthrough,12,12,40,31,0,12
01_11_12_03_0005.bmp,0,12,3,16,12,0.54238,0.12394,0.33493,passthrough,12,12,40,31,2,12
01_11_12_03_0006.bmp,0,12,3,16,12,0.54879,0.12053,0.36364,passthrough,12,12,4,31,1,12
01_11_12_03_0013.bmp,0,12,3,16,12,0.55033,0.12195,0.311,passthrough,12,12,26,31,2,12
01_11_12_03_0014.bmp,0,12,3,16,12,0.53853,0.12432,0.3,passthrough,25,25,40,31,0,25
01_11_12_03_0015.bmp,0,12,3,16,12,0.53962,0.1225,0.36071,passthrough,12,12,6,32,42,12
01_11_12_03_0016.bmp,0,12,3,16,12,0.53312,0.12762,0.37333,passthrough,12,12,40,36,0,12
01_11_12_03_0019.bmp,0,12,3,16,12,0.54033,0.12711,0.34,passthrough,25,25,18,32,23,25
01_11_12_03_0020.bmp,0,12,3,16,12,0.54142,0.13007,0.28333,passthrough,12,12,33,32,0,12
01_11_12_03_0021.bmp,0,12,3,16,12,0.53318,0.12766,0.34527,passthrough,25,25,26,32,36,25
01_11_12_03_0024.bmp,0,12,3,16,12,0.53018,0.13541,0.34667,passthrough,25,25,40,32,12,25
01_11_12_03_0026.bmp,0,12,3,16,12,0.53552,0.12888,0.34,passthrough,25,25,11,32,40,25
01_11_12_03_0027.bmp,0,12,3,16,12,0.53029,0.13558,0.37333,passthrough,25,25,25,32,2,25
01_11_12_03_0028.bmp,0,12,3,16,12,0.53271,0.13882,0.32667,passthrough,25,25,26,32,40,25
01_11_12_03_0031.bmp,0,12,3,16,12,0.52699,0.13448,0.32,passthrough,25,25,12,32,19,25
01_11_12_03_0033.bmp,0,12,3,16,12,0.53308,0.12833,0.34039,passthrough,25,25,36,32,23,25
01_11_12_03_0035.bmp,0,12,3,16,12,0.51752,0.13093,0.28763,passthrough,25,25,40,12,20,25
01_11_12_03_0036.bmp,0,12,3,16,12,0.51341,0.13056,0.28606,passthrough,25,25,40,32,20,25
01_11_12_03_0042.bmp,0,12,3,16,12,0.51751,0.12945,0.28671,passthrough,25,25,1,32,13,25
01_11_12_03_0046.bmp,0,12,3,16,12,0.50924,0.12926,0.29744,passthrough,25,25,13,25,20,25
01_11_12_03_0056.bmp,0,12,3,16,12,0.5122,0.14525,0.2651,passthrough,25,25,40,12,11,25
01_11_12_03_0061.bmp,0,12,3,16,12,0.5098,0.14479,0.25089,passthrough,25,25,24,13,20,25
01_11_12_03_0064.bmp,0,12,3,16,12,0.50799,0.14416,0.25245,passthrough,25,25,13,13,13,25
01_11_12_03_0065.bmp,0,12,3,16,12,0.51067,0.14602,0.26858,passthrough,25,25,24,13,18,25
01_11_12_03_0066.bmp,0,12,3,16,12,0.50838,0.14815,0.24679,passthrough,25,25,25,1,25,25
01_11_12_03_0067.bmp,0,12,3,16,12,0.51081,0.14656,0.24832,passthrough,25,25,25,13,20,25
01_11_12_03_0072.bmp,0,12,3,16,12,0.50465,0.14955,0.19237,passthrough,25,25,18,32,11,25
01_11_12_03_0075.bmp,0,12,3,16,12,0.50184,0.15259,0.18949,passthrough,25,25,26,25,11,25
01_12_12_03_0003.bmp,0,12,3,16,17,0.48275,0.1477,0.27143,passthrough,25,25,25,36,23,25
01_12_12_03_0004.bmp,0,12,3,16,17,0.49792,0.14845,0.22222,passthrough,25,25,25,36,25,25
01_12_12_03_0004.bmp,1,12,3,16,17,0.50318,0.08937,0.21212,clahe,12,12,12,31,12,12
01_12_12_03_0005.bmp,0,12,3,16,17,0.49153,0.16022,0.22667,passthrough,13,13,26,13,19,13
01_12_12_03_0005.bmp,1,12,3,16,17,0.49887,0.09246,0.01515,clahe,12,11,11,36,12,12
01_12_12_03_0006.bmp,1,12,3,16,17,0.50538,0.09075,0.02273,clahe,12,34,34,32,12,12
01_12_12_03_0009.bmp,1,12,3,16,17,0.50202,0.08886,0.11364,clahe,42,0,0,31,42,25
01_12_12_03_0013.bmp,0,12,3,16,17,0.48804,0.15612,0.14493,passthrough,25,25,14,36,25,25
01_12_12_03_0014.bmp,0,12,3,16,17,0.48738,0.15794,0.19876,passthrough,25,25,26,36,20,25
01_12_12_03_0017.bmp,1,12,3,16,17,0.50487,0.08524,0.04545,clahe,11,25,25,36,11,25
01_12_12_03_0020.bmp,0,12,3,16,17,0.47139,0.14695,0.19157,passthrough,25,25,11,17,20,25
01_12_12_03_0020.bmp,1,12,3,16,17,0.51376,0.09857,0.29545,clahe,12,14,14,31,12,12
01_12_12_03_0022.bmp,0,12,3,16,17,0.47369,0.1549,0.21584,passthrough,25,25,25,17,23,25
01_12_12_03_0023.bmp,1,12,3,16,17,0.5153,0.08326,0.00758,clahe,25,25,25,36,25,12
01_12_12_03_0027.bmp,0,12,3,16,17,0.47009,0.14279,0.22596,passthrough,25,25,25,17,0,25
01_12_12_03_0028.bmp,0,12,3,16,17,0.49917,0.14984,0.20156,passthrough,25,25,24,31,20,25
01_12_12_03_0029.bmp,0,12,3,16,17,0.49193,0.14094,0.18329,passthrough,25,25,13,31,19,25
01_12_12_03_0030.bmp,0,12,3,16,17,0.49118,0.14169,0.20509,passthrough,25,25,25,31,20,25
01_12_12_03_0032.bmp,1,12,3,16,17,0.51578,0.102,0.14394,clahe,11,26,26,36,11,25
01_12_12_03_0033.bmp,1,12,3,16,17,0.518,0.09594,0.26515,clahe,11,34,34,31,11,12
01_12_12_03_0034.bmp,1,12,3,16,17,0.5197,0.0978,0.16667,clahe,42,25,25,36,42,25
01_12_12_03_0035.bmp,1,12,3,16,17,0.52555,0.08975,0.26515,clahe,11,11,11,31,11,11
01_12_12_03_0036.bmp,0,12,3,16,17,0.4882,0.14291,0.24375,passthrough,25,25,14,36,25,25
01_12_12_03_0036.bmp,1,12,3,16,17,0.51655,0.09519,0.29545,clahe,11,34,34,31,11,38
01_12_12_03_0037.bmp,1,12,3,16,17,0.5232,0.09847,0.15152,clahe,1,40,40,31,1,12
01_12_12_03_0041.bmp,0,12,3,16,17,0.49283,0.17486,0.21436,passthrough,25,25,25,36,25,25
01_12_12_03_0042.bmp,0,12,3,16,17,0.47843,0.15328,0.20165,passthrough,25,25,23,36,25,25
01_12_12_03_0042.bmp,1,12,3,16,17,0.53402,0.10331,0.12121,clahe,11,12,12,31,11,25
01_12_12_03_0047.bmp,0,12,3,16,17,0.52537,0.11565,0.2197,passthrough,12,12,40,31,25,12
01_12_12_03_0048.bmp,0,12,3,16,17,0.52216,0.11341,0.22727,passthrough,11,11,14,36,23,11
01_12_12_03_0049.bmp,0,12,3,16,17,0.52338,0.11308,0.35606,passthrough,12,12,18,31,11,12
01_12_12_03_0054.bmp,0,12,3,16,17,0.52225,0.11592,0.22727,passthrough,13,13,34,36,13,13
01_12_12_03_0055.bmp,0,12,3,16,17,0.52368,0.10547,0.15152,clahe,11,40,40,36,11,11
01_12_12_03_0056.bmp,0,12,3,16,17,0.52592,0.11259,0.29758,passthrough,12,12,25,31,0,12
01_12_12_03_0066.bmp,0,12,3,16,17,0.52134,0.11965,0.26644,passthrough,25,25,12,15,19,25
01_12_12_03_0068.bmp,0,12,3,16,17,0.53458,0.12166,0.26667,passthrough,25,25,26,31,20,25
01_12_12_03_0079.bmp,0,12,3,16,17,0.54047,0.13039,0.328,passthrough,25,25,14,31,20,25
01_12_12_03_0080.bmp,0,12,3,16,17,0.5395,0.13399,0.2448,passthrough,25,25,23,17,25,25
01_12_12_03_0081.bmp,0,12,3,16,17,0.54004,0.12907,0.256,passthrough,25,25,14,17,25,25
01_12_12_03_0087.bmp,0,12,3,16,17,0.52662,0.13622,0.21185,passthrough,25,25,25,31,23,25
01_12_12_03_0089.bmp,0,12,3,16,17,0.52228,0.13474,0.23077,passthrough,25,25,12,36,20,25
01_12_12_03_0090.bmp,0,12,3,16,17,0.52445,0.13321,0.31846,passthrough,25,25,25,17,25,25
01_12_12_03_0091.bmp,0,12,3,16,17,0.53506,0.13814,0.26286,passthrough,25,25,26,36,23,25
01_12_12_03_0095.bmp,0,12,3,16,17,0.52816,0.13692,0.28714,passthrough,25,25,25,36,23,25
01_12_12_03_0096.bmp,0,12,3,16,17,0.52636,0.1421,0.24571,passthrough,25,25,4,17,23,25
01_12_12_03_0104.bmp,0,12,3,16,17,0.52474,0.15282,0.297,passthrough,25,25,25,17,23,25
01_12_12_03_0108.bmp,0,12,3,16,17,0.52869,0.15162,0.2663,passthrough,25,25,14,17,23,25
01_12_12_03_0113.bmp,0,12,3,16,17,0.52219,0.15557,0.17341,passthrough,25,25,14,17,25,25
01_13_12_03_0001.bmp,0,12,3,16,13,0.60259,0.12927,0.3141,passthrough,11,11,13,12,28,11
01_13_12_03_0003.bmp,0,12,3,16,13,0.58534,0.14327,0.38462,passthrough,12,12,13,12,12,12
01_13_12_03_0004.bmp,0,12,3,16,13,0.59022,0.13782,0.30769,passthrough,13,13,34,31,40,13
01_13_12_03_0006.bmp,0,12,3,16,13,0.58434,0.12776,0.28205,passthrough,25,25,40,31,25,25
01_13_12_03_0007.bmp,1,12,3,16,13,0.63029,0.14377,0.28571,passthrough,25,25,14,13,20,25
01_13_12_03_0008.bmp,1,12,3,16,13,0.62455,0.15317,0.28709,passthrough,25,25,25,13,20,25
01_13_12_03_0009.bmp,0,12,3,16,13,0.57974,0.13459,0.30128,passthrough,11,11,40,31,40,11
01_13_12_03_0009.bmp,1,12,3,16,13,0.62733,0.15755,0.34478,passthrough,25,25,13,13,20,25
01_13_12_03_0010.bmp,0,12,3,16,13,0.57114,0.13519,0.29487,passthrough,13,13,40,31,25,13
01_13_12_03_0010.bmp,1,12,3,16,13,0.61934,0.15677,0.27473,passthrough,25,25,1,13,2,25
01_13_12_03_0011.bmp,0,12,3,16,13,0.5673,0.13171,0.42308,passthrough,12,12,40,31,23,12
01_13_12_03_0012.bmp,0,12,3,16,13,0.56325,0.13926,0.33974,passthrough,13,13,40,31,25,13
01_13_12_03_0014.bmp,0,12,3,16,13,0.56088,0.12883,0.33333,passthrough,13,13,40,31,23,13
01_13_12_03_0014.bmp,1,12,3,16,13,0.62254,0.15786,0.29808,passthrough,13,13,13,13,20,13
01_13_12_03_0017.bmp,0,12,3,16,13,0.55754,0.13349,0.30769,passthrough,13,13,40,38,12,13
01_13_12_03_0018.bmp,1,12,3,16,13,0.61306,0.15693,0.31923,passthrough,25,25,13,13,2,25
01_13_12_03_0019.bmp,0,12,3,16,13,0.5589,0.13286,0.34615,passthrough,18,18,34,32,42,18
01_13_12_03_0020.bmp,0,12,3,16,13,0.56292,0.13211,0.23077,passthrough,13,13,40,31,25,13
01_13_12_03_0023.bmp,0,12,3,16,13,0.5769,0.13762,0.38462,passthrough,12,12,12,31,0,12
01_13_12_03_0025.bmp,0,12,3,16,13,0.57848,0.1547,0.32051,passthrough,38,38,40,38,42,38
01_13_12_03_0027.bmp,0,12,3,16,13,0.57554,0.13977,0.29487,passthrough,13,13,12,31,12,13
01_13_12_03_0027.bmp,1,12,3,16,13,0.59982,0.17069,0.25253,passthrough,13,13,13,13,13,13
01_13_12_03_0028.bmp,0,12,3,16,13,0.57707,0.14326,0.30128,passthrough,13,13,40,36,23,13
01_13_12_03_0029.bmp,0,12,3,16,13,0.57878,0.15564,0.34615,passthrough,13,13,40,31,25,13
01_13_12_03_0029.bmp,1,12,3,16,13,0.59798,0.17143,0.28558,passthrough,13,13,13,13,13,13
01_13_12_03_0031.bmp,1,12,3,16,13,0.61089,0.16469,0.26544,passthrough,13,13,1,13,13,13
01_13_12_03_0032.bmp,1,12,3,16,13,0.60913,0.16759,0.30783,passthrough,13,13,13,13,2,13
01_13_12_03_0037.bmp,1,12,3,16,13,0.61384,0.17726,0.25415,passthrough,13,13,13,13,2,13
01_13_12_03_0040.bmp,1,12,3,16,13,0.61278,0.17834,0.22997,passthrough,13,13,13,13,13,13
01_13_12_03_0042.bmp,0,12,3,16,13,0.58722,0.16007,0.33947,passthrough,13,13,13,13,40,13
01_13_12_03_0043.bmp,1,12,3,16,13,0.60768,0.17489,0.2898,passthrough,13,13,13,13,2,13
01_13_12_03_0044.bmp,1,12,3,16,13,0.60558,0.17125,0.25263,passthrough,13,13,13,13,13,13
01_13_12_03_0045.bmp,1,12,3,16,13,0.60671,0.17123,0.2462,passthrough,13,13,13,13,20,13
01_13_12_03_0046.bmp,0,12,3,16,13,0.59262,0.1661,0.31842,passthrough,13,13,13,13,40,13
01_13_12_03_0046.bmp,1,12,3,16,13,0.60129,0.17751,0.28936,passthrough,13,13,13,13,20,13
01_13_12_03_0047.bmp,0,12,3,16,13,0.59408,0.16506,0.32368,passthrough,13,13,13,13,40,13
01_13_12_03_0047.bmp,1,12,3,16,13,0.60114,0.17772,0.25306,passthrough,13,13,13,13,13,13
01_13_12_03_0048.bmp,0,12,3,16,13,0.57509,0.16948,0.29563,passthrough,13,13,13,13,23,13
01_13_12_03_0049.bmp,0,12,3,16,13,0.5793,0.16963,0.26389,passthrough,13,13,13,13,20,13
01_13_12_03_0050.bmp,1,12,3,16,13,0.60556,0.17574,0.27209,passthrough,13,13,13,13,13,13
01_13_12_03_0051.bmp,0,12,3,16,13,0.57824,0.16785,0.32341,passthrough,13,13,13,13,40,13
01_13_12_03_0051.bmp,1,12,3,16,13,0.60811,0.18328,0.26492,passthrough,13,13,13,13,13,13
01_13_12_03_0054.bmp,0,12,3,16,13,0.57289,0.16929,0.25714,passthrough,13,13,13,13,20,13
01_13_12_03_0056.bmp,0,12,3,16,13,0.56912,0.1688,0.2419,passthrough,13,13,13,13,40,13
01_13_12_03_0059.bmp,0,12,3,16,13,0.56996,0.17092,0.2819,passthrough,25,25,40,13,40,25
01_13_12_03_0061.bmp,1,12,3,16,13,0.58281,0.1826,0.28017,passthrough,13,13,13,13,13,13
01_13_12_03_0063.bmp,0,12,3,16,13,0.58021,0.17139,0.28593,passthrough,13,13,13,13,40,13
01_13_12_03_0064.bmp,0,12,3,16,13,0.5823,0.17196,0.26519,passthrough,13,13,13,13,40,13
01_13_12_03_0065.bmp,0,12,3,16,13,0.58334,0.17168,0.27493,passthrough,13,13,13,13,40,13
01_13_12_03_0065.bmp,1,12,3,16,13,0.48137,0.0921,0.17262,clahe,25,40,40,31,25,12
01_13_12_03_0066.bmp,1,12,3,16,13,0.48604,0.09827,0.13095,clahe,11,28,28,31,11,12
01_13_12_03_0068.bmp,0,12,3,16,13,0.57939,0.18099,0.30637,passthrough,13,13,13,13,20,13
01_13_12_03_0069.bmp,0,12,3,16,13,0.58481,0.17611,0.29576,passthrough,13,13,40,13,40,13
01_13_12_03_0070.bmp,0,12,3,16,13,0.58837,0.18134,0.26923,passthrough,13,13,13,13,13,13
01_13_12_03_0070.bmp,1,12,3,16,13,0.48032,0.09172,0.22619,clahe,23,25,25,31,23,12
01_13_12_03_0071.bmp,1,12,3,16,13,0.4827,0.10085,0.20833,clahe,11,35,35,31,11,12
01_13_12_03_0072.bmp,0,12,3,16,13,0.59298,0.18499,0.27321,passthrough,13,13,13,13,20,13
01_13_12_03_0073.bmp,0,12,3,16,13,0.59422,0.18036,0.2848,passthrough,13,13,2,13,40,13
01_13_12_03_0073.bmp,1,12,3,16,13,0.47974,0.09691,0.22619,clahe,25,12,12,31,25,13
01_13_12_03_0074.bmp,0,12,3,16,13,0.59732,0.17781,0.28142,passthrough,13,13,13,13,2,13
01_13_12_03_0076.bmp,1,12,3,16,13,0.48358,0.10034,0.23626,clahe,23,13,13,31,23,12
01_13_12_03_0077.bmp,1,12,3,16,13,0.48718,0.10194,0.29167,clahe,42,26,26,31,42,11
01_13_12_03_0078.bmp,1,12,3,16,13,0.48382,0.09348,0.33929,clahe,1,40,40,31,1,25
01_13_12_03_0079.bmp,1,12,3,16,13,0.49078,0.09855,0.2619,clahe,23,40,40,31,23,12
01_13_12_03_0080.bmp,0,12,3,16,13,0.59055,0.18247,0.24061,passthrough,13,13,13,13,13,13
01_13_12_03_0081.bmp,1,12,3,16,13,0.51118,0.11072,0.26562,passthrough,25,25,39,31,19,25
01_13_12_03_0085.bmp,0,12,3,16,13,0.58608,0.18292,0.25324,passthrough,13,13,13,13,13,13
01_13_12_03_0085.bmp,1,12,3,16,13,0.50481,0.10493,0.23661,clahe,25,40,40,31,25,25
01_13_12_03_0086.bmp,0,12,3,16,13,0.58671,0.18282,0.278,passthrough,13,13,13,13,13,13
01_13_12_03_0087.bmp,0,12,3,16,13,0.58541,0.18697,0.25708,passthrough,13,13,13,13,13,13
01_13_12_03_0088.bmp,0,12,3,16,13,0.58379,0.18631,0.25597,passthrough,13,13,13,13,13,13
01_13_12_03_0088.bmp,1,12,3,16,13,0.50691,0.10943,0.31429,passthrough,12,12,40,31,40,12
01_13_12_03_0090.bmp,1,12,3,16,13,0.5115,0.11073,0.27885,passthrough,25,25,23,31,23,25
01_13_12_03_0092.bmp,0,12,3,16,13,0.58601,0.18937,0.24829,passthrough,13,13,13,13,13,13
01_13_12_03_0092.bmp,1,12,3,16,13,0.52164,0.10867,0.1875,passthrough,25,25,12,31,25,25
01_13_12_03_0096.bmp,0,12,3,16,13,0.58407,0.18743,0.22107,passthrough,13,13,13,13,13,13
01_13_12_03_0096.bmp,1,12,3,16,13,0.52594,0.10088,0.34615,clahe,0,38,38,31,0,12
01_13_12_03_0098.bmp,0,12,3,16,13,0.57829,0.18896,0.22264,passthrough,13,13,13,13,13,13
01_13_12_03_0100.bmp,0,12,3,16,13,0.58273,0.18636,0.23076,passthrough,13,13,13,13,13,13
01_13_12_03_0100.bmp,1,12,3,16,13,0.52242,0.11524,0.33088,passthrough,25,25,25,31,40,25
01_13_12_03_0101.bmp,0,12,3,16,13,0.57547,0.18738,0.19923,passthrough,13,13,13,13,13,13
01_13_12_03_0103.bmp,1,12,3,16,13,0.53505,0.12384,0.34365,passthrough,12,12,40,31,40,12
01_13_12_03_0104.bmp,1,12,3,16,13,0.52834,0.12802,0.34474,passthrough,12,12,40,31,19,12
01_13_12_03_0105.bmp,1,12,3,16,13,0.52217,0.11238,0.29412,passthrough,25,25,13,31,40,25
01_13_12_03_0108.bmp,0,12,3,16,13,0.56818,0.21992,0.19012,passthrough,13,13,13,13,13,13
01_13_12_03_0109.bmp,1,12,3,16,13,0.53843,0.11594,0.29913,passthrough,25,25,13,31,20,25
01_13_12_03_0111.bmp,0,12,3,16,13,0.54853,0.19922,0.20559,passthrough,13,13,13,13,24,13
01_13_12_03_0113.bmp,0,12,3,16,13,0.5471,0.18945,0.1903,passthrough,13,13,13,13,24,13
01_13_12_03_0113.bmp,1,12,3,16,13,0.53767,0.14705,0.35417,passthrough,25,25,13,32,23,25
01_13_12_03_0114.bmp,1,12,3,16,13,0.54126,0.14426,0.34201,passthrough,25,25,1,12,20,25
01_13_12_03_0115.bmp,1,12,3,16,13,0.54839,0.14748,0.27257,passthrough,25,25,25,31,20,25
01_13_12_03_0116.bmp,1,12,3,16,13,0.54543,0.14154,0.26215,passthrough,25,25,40,31,20,25
01_13_12_03_0118.bmp,0,12,3,16,13,0.49961,0.14227,0.34872,passthrough,25,25,12,32,0,25
01_13_12_03_0118.bmp,1,12,3,16,13,0.54175,0.13082,0.27431,passthrough,25,25,23,31,20,25
01_13_12_03_0119.bmp,1,12,3,16,13,0.54327,0.14012,0.22743,passthrough,25,25,23,31,20,25
01_13_12_03_0121.bmp,0,12,3,16,13,0.4886,0.13764,0.30741,passthrough,25,25,12,32,20,25
01_13_12_03_0123.bmp,0,12,3,16,13,0.48683,0.12171,0.26543,passthrough,12,12,40,31,40,12
01_13_12_03_0125.bmp,0,12,3,16,13,0.47313,0.12803,0.19955,passthrough,12,12,13,32,19,12
01_13_12_03_0128.bmp,0,12,3,16,13,0.46987,0.12525,0.2087,passthrough,40,40,13,32,20,40
01_13_12_03_0130.bmp,0,12,3,16,13,0.46673,0.11958,0.24615,passthrough,25,25,39,32,20,25
01_13_12_03_0130.bmp,1,12,3,16,13,0.53762,0.13687,0.25172,passthrough,25,25,24,31,20,25
01_13_12_03_0131.bmp,0,12,3,16,13,0.46892,0.12203,0.22857,passthrough,25,25,40,32,20,25
01_13_12_03_0132.bmp,0,12,3,16,13,0.47104,0.12572,0.22714,passthrough,25,25,25,32,40,25
01_13_12_03_0134.bmp,0,12,3,16,13,0.46529,0.11734,0.19244,passthrough,25,25,13,32,40,25
01_13_12_03_0140.bmp,1,12,3,16,13,0.5432,0.13858,0.2449,passthrough,25,25,24,13,25,25
01_13_12_03_0141.bmp,0,12,3,16,13,0.4755,0.13213,0.25095,passthrough,25,25,13,32,40,25
01_13_12_03_0141.bmp,1,12,3,16,13,0.54523,0.13696,0.25397,passthrough,25,25,14,13,20,25
01_13_12_03_0142.bmp,1,12,3,16,13,0.54674,0.13339,0.26716,passthrough,25,25,24,12,20,25
01_13_12_03_0143.bmp,1,12,3,16,13,0.54556,0.13135,0.26084,passthrough,25,25,39,31,19,25
01_13_12_03_0144.bmp,0,12,3,16,13,0.46214,0.12369,0.16915,passthrough,25,25,40,32,20,25
01_13_12_03_0144.bmp,1,12,3,16,13,0.54684,0.13201,0.26161,passthrough,25,25,24,13,20,25
01_13_12_03_0148.bmp,0,12,3,16,13,0.46442,0.13826,0.21491,passthrough,13,13,13,32,20,13
01_13_12_03_0150.bmp,1,12,3,16,13,0.54697,0.13577,0.26886,passthrough,25,25,1,13,20,25
01_13_12_03_0151.bmp,0,12,3,16,13,0.46276,0.1352,0.19108,passthrough,25,25,13,32,20,25
01_13_12_03_0152.bmp,0,12,3,16,13,0.4636,0.13527,0.14777,passthrough,25,25,13,32,20,25
01_13_12_03_0153.bmp,1,12,3,16,13,0.55023,0.13629,0.29304,passthrough,25,25,40,13,20,25
01_13_12_03_0155.bmp,0,12,3,16,13,0.46387,0.13755,0.20559,passthrough,25,25,24,32,20,25
01_13_12_03_0155.bmp,1,12,3,16,13,0.55313,0.13642,0.27208,passthrough,25,25,23,13,20,25
01_13_12_03_0156.bmp,0,12,3,16,13,0.4631,0.14038,0.15326,passthrough,25,25,20,32,20,25
01_13_12_03_0158.bmp,0,12,3,16,13,0.46283,0.13929,0.16593,passthrough,25,25,24,32,20,25
01_13_12_03_0159.bmp,0,12,3,16,13,0.46359,0.14309,0.19158,passthrough,25,25,13,32,25,25
01_13_12_03_0160.bmp,1,12,3,16,13,0.55717,0.13443,0.29696,passthrough,25,25,40,13,20,25
01_13_12_03_0161.bmp,0,12,3,16,13,0.46551,0.14759,0.19299,passthrough,25,25,13,13,25,25
01_13_12_03_0163.bmp,1,12,3,16,13,0.55767,0.13497,0.27579,passthrough,25,25,13,13,13,25
01_13_12_03_0164.bmp,1,12,3,16,13,0.56021,0.13541,0.2672,passthrough,25,25,1,13,20,25
01_13_12_03_0168.bmp,1,12,3,16,13,0.56029,0.13472,0.29828,passthrough,25,25,40,13,20,25
01_13_12_03_0169.bmp,0,12,3,16,13,0.50291,0.11242,0.23485,passthrough,10,10,13,31,6,10
01_13_12_03_0170.bmp,1,12,3,16,13,0.56279,0.13383,0.22995,passthrough,25,25,13,13,13,25
01_13_12_03_0172.bmp,1,12,3,16,13,0.56233,0.13105,0.24847,passthrough,25,25,13,13,23,25
01_13_12_03_0173.bmp,1,12,3,16,13,0.53525,0.1422,0.29408,passthrough,25,25,13,13,20,25
01_13_12_03_0174.bmp,1,12,3,16,13,0.50674,0.13058,0.28768,passthrough,25,25,40,13,20,25
01_13_12_03_0176.bmp,1,12,3,16,13,0.56191,0.13096,0.27656,passthrough,25,25,24,13,20,25
01_13_12_03_0177.bmp,1,12,3,16,13,0.56557,0.1313,0.25397,passthrough,12,12,13,13,13,12
01_13_12_03_0178.bmp,0,12,3,16,13,0.50419,0.11418,0.27273,passthrough,38,38,12,31,1,38
01_13_12_03_0179.bmp,1,12,3,16,13,0.56436,0.13812,0.25946,passthrough,25,25,40,13,2,25
01_13_12_03_0181.bmp,0,12,3,16,13,0.50045,0.1102,0.38636,passthrough,12,12,11,31,11,12
01_13_12_03_0181.bmp,1,12,3,16,13,0.56909,0.1363,0.23871,passthrough,25,25,24,13,13,25
01_13_12_03_0182.bmp,0,12,3,16,13,0.512,0.11867,0.27273,passthrough,12,12,40,31,11,12
01_13_12_03_0184.bmp,0,12,3,16,13,0.50805,0.1165,0.34848,passthrough,12,12,12,31,25,12
01_13_12_03_0184.bmp,1,12,3,16,13,0.56664,0.13675,0.23199,passthrough,25,25,13,13,25,25
01_13_12_03_0185.bmp,1,12,3,16,13,0.56867,0.14145,0.25336,passthrough,25,25,40,13,20,25
01_13_12_03_0186.bmp,0,12,3,16,13,0.51052,0.10331,0.27273,clahe,12,39,39,31,12,25
01_13_12_03_0187.bmp,0,12,3,16,13,0.509,0.11536,0.2803,passthrough,12,12,38,31,25,12
01_13_12_03_0188.bmp,0,12,3,16,13,0.51435,0.11259,0.24242,passthrough,12,12,40,31,42,12
01_13_12_03_0189.bmp,0,12,3,16,13,0.51741,0.10212,0.11364,clahe,12,12,12,31,12,12
01_13_12_03_0190.bmp,0,12,3,16,13,0.51093,0.11523,0.24242,passthrough,12,12,12,31,42,12
01_13_12_03_0192.bmp,0,12,3,16,13,0.50829,0.11765,0.37121,passthrough,13,13,40,31,11,13
01_13_12_03_0193.bmp,1,12,3,16,13,0.56776,0.13725,0.25702,passthrough,25,25,13,13,20,25
01_13_12_03_0194.bmp,0,12,3,16,13,0.5178,0.11734,0.27273,passthrough,12,12,38,31,12,12
01_13_12_03_0196.bmp,0,12,3,16,13,0.5107,0.11905,0.28472,passthrough,12,12,40,31,23,12
01_13_12_03_0196.bmp,1,12,3,16,13,0.56971,0.14109,0.31441,passthrough,25,25,24,13,2,25
01_13_12_03_0197.bmp,0,12,3,16,13,0.5128,0.1164,0.35417,passthrough,12,12,40,31,28,12
01_13_12_03_0199.bmp,0,12,3,16,13,0.51095,0.11504,0.32143,passthrough,13,13,13,31,11,13
01_13_12_03_0199.bmp,1,12,3,16,13,0.56936,0.14072,0.28266,passthrough,13,13,13,13,13,13
01_13_12_03_0200.bmp,1,12,3,16,13,0.57001,0.14165,0.25519,passthrough,25,25,13,13,20,25
01_13_12_03_0201.bmp,1,12,3,16,13,0.56857,0.13957,0.25153,passthrough,25,25,13,13,20,25
01_13_12_03_0204.bmp,0,12,3,16,13,0.51211,0.12332,0.36905,passthrough,13,13,40,31,12,13
01_13_12_03_0204.bmp,1,12,3,16,13,0.57083,0.13715,0.279,passthrough,25,25,13,13,20,25
01_13_12_03_0205.bmp,0,12,3,16,13,0.51433,0.11654,0.25595,passthrough,12,12,40,31,11,12
01_13_12_03_0205.bmp,1,12,3,16,13,0.57156,0.1367,0.24969,passthrough,25,25,25,13,13,25
01_13_12_03_0206.bmp,1,12,3,16,13,0.57066,0.13598,0.30159,passthrough,25,25,13,13,2,25
01_13_12_03_0207.bmp,1,12,3,16,13,0.57008,0.13982,0.27167,passthrough,25,25,40,13,40,25
01_13_12_03_0208.bmp,0,12,3,16,13,0.50368,0.12012,0.28676,passthrough,25,25,40,31,40,25
01_13_12_03_0209.bmp,1,12,3,16,13,0.57145,0.13919,0.27289,passthrough,25,25,13,13,20,25
01_13_12_03_0210.bmp,0,12,3,16,13,0.50714,0.10931,0.22917,passthrough,13,13,40,31,40,13
01_13_12_03_0210.bmp,1,12,3,16,13,0.57074,0.13979,0.28816,passthrough,25,25,13,13,13,25
01_13_12_03_0211.bmp,0,12,3,16,13,0.50117,0.11838,0.26935,passthrough,25,25,40,31,40,25
01_13_12_03_0212.bmp,0,12,3,16,13,0.50463,0.10741,0.15278,passthrough,40,40,40,31,40,40
01_13_12_03_0212.bmp,1,12,3,16,13,0.56967,0.13603,0.2558,passthrough,25,25,24,13,13,25
01_13_12_03_0213.bmp,0,12,3,16,13,0.50768,0.11395,0.30556,passthrough,25,25,40,31,40,25
01_13_12_03_0214.bmp,0,12,3,16,13,0.49919,0.11867,0.31302,passthrough,13,13,23,31,23,13
01_13_12_03_0214.bmp,1,12,3,16,13,0.57117,0.13598,0.25641,passthrough,13,13,13,13,20,13
01_13_12_03_0217.bmp,1,12,3,16,13,0.56786,0.13827,0.28144,passthrough,25,25,40,13,20,25
01_13_12_03_0218.bmp,0,12,3,16,13,0.50604,0.13172,0.21088,passthrough,25,25,13,13,20,25
01_13_12_03_0218.bmp,1,12,3,16,13,0.57014,0.13562,0.26801,passthrough,25,25,40,13,20,25
01_13_12_03_0220.bmp,0,12,3,16,13,0.50465,0.13865,0.20669,passthrough,13,13,40,13,20,13
01_13_12_03_0221.bmp,1,12,3,16,13,0.57171,0.1362,0.26801,passthrough,13,13,13,13,40,13
01_13_12_03_0222.bmp,0,12,3,16,13,0.50364,0.13624,0.28017,passthrough,25,25,40,13,20,25
01_13_12_03_0222.bmp,1,12,3,16,13,0.57055,0.14008,0.27289,passthrough,13,13,13,13,40,13
01_13_12_03_0223.bmp,1,12,3,16,13,0.57009,0.13967,0.24176,passthrough,25,25,40,13,13,25
01_13_12_03_0225.bmp,1,12,3,16,13,0.57043,0.13888,0.27167,passthrough,25,25,13,13,20,25
01_13_12_03_0227.bmp,0,12,3,16,13,0.50225,0.13833,0.25128,passthrough,25,25,40,13,20,25
01_13_12_03_0230.bmp,1,12,3,16,13,0.58113,0.14304,0.25031,passthrough,25,25,13,13,20,25
01_13_12_03_0231.bmp,0,12,3,16,13,0.49242,0.14014,0.21023,passthrough,25,25,13,13,20,25
01_13_12_03_0232.bmp,1,12,3,16,13,0.58117,0.14303,0.26313,passthrough,13,13,14,13,20,13
01_13_12_03_0235.bmp,0,12,3,16,13,0.49093,0.14949,0.21085,passthrough,25,25,13,13,20,25
01_13_12_03_0236.bmp,0,12,3,16,13,0.49661,0.15251,0.17339,passthrough,13,13,25,13,20,13
01_13_12_03_0237.bmp,0,12,3,16,13,0.50309,0.15512,0.25977,passthrough,25,25,13,13,23,25
01_13_12_03_0238.bmp,0,12,3,16,13,0.50726,0.15715,0.23235,passthrough,25,25,13,13,19,25
01_13_12_03_0238.bmp,1,12,3,16,13,0.57887,0.14197,0.25763,passthrough,25,25,13,13,40,25
01_13_12_03_0239.bmp,0,12,3,16,13,0.50824,0.16347,0.2487,passthrough,13,13,13,13,20,13
01_13_12_03_0240.bmp,0,12,3,16,13,0.5116,0.16962,0.21575,passthrough,25,25,13,13,25,25
01_13_12_03_0241.bmp,0,12,3,16,13,0.51682,0.1737,0.21263,passthrough,25,25,13,13,25,25
01_13_12_03_0242.bmp,0,12,3,16,13,0.51448,0.17257,0.22173,passthrough,25,25,23,13,25,25
01_13_12_03_0242.bmp,1,12,3,16,13,0.57826,0.13974,0.25397,passthrough,25,25,25,13,20,25
01_13_12_03_0243.bmp,0,12,3,16,13,0.51084,0.1754,0.21131,passthrough,25,25,13,13,20,25
01_13_12_03_0246.bmp,0,12,3,16,13,0.49155,0.16372,0.20676,passthrough,25,25,25,13,25,25
01_13_12_03_0248.bmp,1,12,3,16,13,0.57542,0.14014,0.23565,passthrough,25,25,13,13,23,25
01_13_12_03_0249.bmp,0,12,3,16,13,0.50573,0.17041,0.20598,passthrough,13,13,13,13,13,13
01_13_12_03_0249.bmp,1,12,3,16,13,0.57644,0.14,0.25153,passthrough,25,25,13,13,40,25
01_13_12_03_0252.bmp,0,12,3,16,13,0.51067,0.17151,0.19074,passthrough,13,13,13,13,24,13
01_13_12_03_0254.bmp,1,12,3,16,13,0.57467,0.13932,0.28571,passthrough,25,25,40,13,40,25
01_13_12_03_0256.bmp,0,12,3,16,13,0.50934,0.17142,0.1878,passthrough,13,13,13,13,13,13
01_13_12_03_0257.bmp,0,12,3,16,13,0.50866,0.16986,0.20893,passthrough,13,13,13,13,13,13
01_13_12_03_0258.bmp,1,12,3,16,13,0.57613,0.13823,0.30098,passthrough,13,13,13,13,13,13
01_13_12_03_0260.bmp,1,12,3,16,13,0.57609,0.13829,0.28266,passthrough,25,25,13,13,20,25
01_13_12_03_0262.bmp,1,12,3,16,13,0.57841,0.13761,0.30464,passthrough,25,25,14,13,20,25
01_13_12_03_0267.bmp,0,12,3,16,13,0.50857,0.15355,0.16347,passthrough,13,13,13,13,13,13
01_13_12_03_0267.bmp,1,12,3,16,13,0.57412,0.14093,0.28083,passthrough,25,25,13,13,20,25
01_13_12_03_0268.bmp,1,12,3,16,13,0.57452,0.14036,0.28632,passthrough,25,25,24,13,13,25
01_13_12_03_0269.bmp,0,12,3,16,13,0.50288,0.14833,0.15753,passthrough,25,25,13,13,25,25
01_13_12_03_0275.bmp,0,12,3,16,13,0.57487,0.13897,0.25336,passthrough,25,25,13,13,20,25
01_13_12_03_0277.bmp,0,12,3,16,13,0.5748,0.13619,0.27045,passthrough,25,25,13,13,20,25
01_13_12_03_0279.bmp,0,12,3,16,13,0.57667,0.14252,0.23993,passthrough,25,25,13,13,2,25
01_13_12_03_0281.bmp,0,12,3,16,13,0.57438,0.14196,0.25153,passthrough,25,25,13,13,13,25
01_13_12_03_0285.bmp,0,12,3,16,13,0.57675,0.1401,0.2381,passthrough,13,13,13,13,20,13
01_13_12_03_0286.bmp,0,12,3,16,13,0.57505,0.13761,0.26313,passthrough,25,25,13,13,13,25
01_13_12_03_0287.bmp,0,12,3,16,13,0.57472,0.13787,0.26801,passthrough,25,25,40,13,20,25
01_13_12_03_0290.bmp,0,12,3,16,13,0.57261,0.14254,0.24725,passthrough,13,13,13,13,40,13
01_13_12_03_0291.bmp,0,12,3,16,13,0.57079,0.14007,0.24725,passthrough,13,13,13,13,20,13
01_13_12_03_0299.bmp,0,12,3,16,13,0.56715,0.13806,0.27228,passthrough,25,25,25,13,20,25
01_13_12_03_0302.bmp,0,12,3,16,13,0.56528,0.13096,0.28205,passthrough,25,25,40,13,20,25
01_13_12_03_0305.bmp,0,12,3,16,13,0.56266,0.1293,0.25283,passthrough,25,25,40,13,20,25
01_13_12_03_0306.bmp,0,12,3,16,13,0.56076,0.13051,0.2749,passthrough,25,25,13,13,20,25
01_13_12_03_0308.bmp,0,12,3,16,13,0.56084,0.1297,0.25522,passthrough,25,25,13,13,20,25
01_13_12_03_0320.bmp,0,12,3,16,13,0.55931,0.13545,0.29607,passthrough,25,25,13,13,13,25
01_13_12_03_0325.bmp,0,12,3,16,13,0.56716,0.15459,0.24717,passthrough,25,25,13,13,13,25
01_13_12_03_0328.bmp,0,12,3,16,13,0.56491,0.15097,0.24498,passthrough,25,25,40,13,13,25
01_13_12_03_0329.bmp,0,12,3,16,13,0.56341,0.15277,0.21114,passthrough,25,25,24,13,20,25
01_13_12_03_0332.bmp,0,12,3,16,13,0.56548,0.15546,0.25492,passthrough,25,25,13,13,13,25
01_13_12_03_0339.bmp,0,12,3,16,13,0.57489,0.16958,0.26009,passthrough,25,25,40,13,25,25
01_13_12_03_0340.bmp,0,12,3,16,13,0.57778,0.17197,0.26916,passthrough,13,13,13,13,13,13
01_13_12_03_0343.bmp,0,12,3,16,13,0.57496,0.16962,0.29188,passthrough,13,13,40,13,13,13
01_13_12_03_0347.bmp,0,12,3,16,13,0.5741,0.17483,0.26254,passthrough,25,25,13,13,13,25
01_13_12_03_0350.bmp,0,12,3,16,13,0.56324,0.17859,0.25056,passthrough,25,25,13,13,25,25
01_13_12_03_0352.bmp,0,12,3,16,13,0.54721,0.16252,0.22835,passthrough,25,25,13,13,25,25
01_13_12_03_0353.bmp,0,12,3,16,13,0.53981,0.15705,0.21267,passthrough,25,25,13,13,25,25
01_13_12_03_0354.bmp,0,12,3,16,13,0.52942,0.15108,0.21725,passthrough,25,25,13,13,20,25
01_13_12_03_0355.bmp,0,12,3,16,13,0.52253,0.14317,0.19785,passthrough,25,25,13,13,25,25
01_13_12_03_0357.bmp,0,12,3,16,13,0.51528,0.14637,0.26302,passthrough,25,25,25,13,23,25
01_13_12_03_0358.bmp,0,12,3,16,13,0.51194,0.15315,0.21325,passthrough,25,25,13,13,2,25
01_13_12_03_0360.bmp,0,12,3,16,13,0.51472,0.1621,0.1775,passthrough,25,25,13,13,25,25
01_13_12_03_0363.bmp,0,12,3,16,13,0.51092,0.16867,0.19221,passthrough,25,25,13,13,24,25
01_13_12_03_0367.bmp,0,12,3,16,13,0.51495,0.17851,0.14652,passthrough,13,13,13,13,20,13
01_13_12_03_0372.bmp,0,12,3,16,13,0.49305,0.16068,0.176,passthrough,13,13,13,13,13,13
01_13_12_03_0373.bmp,0,12,3,16,13,0.49239,0.15466,0.16478,passthrough,13,13,13,13,24,13
01_13_12_03_0376.bmp,0,12,3,16,13,0.49735,0.16702,0.18855,passthrough,25,25,13,13,25,25
01_13_12_03_0379.bmp,0,12,3,16,13,0.50131,0.17515,0.16728,passthrough,13,13,13,13,13,13
01_13_12_03_0381.bmp,0,12,3,16,13,0.51952,0.1844,0.18083,passthrough,13,13,13,13,25,13
01_13_12_03_0384.bmp,0,12,3,16,13,0.52846,0.17826,0.17898,passthrough,25,25,40,13,25,25
01_13_12_03_0387.bmp,0,12,3,16,13,0.51852,0.11673,0.35537,passthrough,12,12,1,31,12,12
01_13_12_03_0388.bmp,0,12,3,16,13,0.52351,0.11124,0.26446,passthrough,13,13,18,31,42,13
01_13_12_03_0390.bmp,0,12,3,16,13,0.52251,0.11545,0.30579,passthrough,13,13,12,31,12,13
01_13_12_03_0391.bmp,0,12,3,16,13,0.51911,0.11823,0.34711,passthrough,12,12,13,31,12,12
01_13_12_03_0395.bmp,0,12,3,16,13,0.52137,0.13537,0.3719,passthrough,13,13,13,31,42,13
01_13_12_03_0396.bmp,0,12,3,16,13,0.5203,0.1308,0.34711,passthrough,13,13,13,31,42,13
01_13_12_03_0402.bmp,0,12,3,16,13,0.54247,0.12277,0.32231,passthrough,12,12,13,31,42,12
01_13_12_03_0407.bmp,0,12,3,16,13,0.52536,0.12373,0.36364,passthrough,12,12,40,31,25,12
01_13_12_03_0409.bmp,0,12,3,16,13,0.54095,0.12849,0.35537,passthrough,12,12,18,31,42,12
01_13_12_03_0414.bmp,0,12,3,16,13,0.51428,0.14577,0.32231,passthrough,13,13,13,31,42,13
01_13_12_03_0423.bmp,0,12,3,16,13,0.5216,0.16011,0.33884,passthrough,13,13,40,31,13,13
01_13_12_03_0424.bmp,0,12,3,16,13,0.52918,0.1595,0.35537,passthrough,13,13,13,31,42,13
01_13_12_03_0426.bmp,0,12,3,16,13,0.5333,0.16418,0.3719,passthrough,38,38,13,36,25,38
01_13_12_03_0427.bmp,0,12,3,16,13,0.5262,0.15077,0.22314,passthrough,13,13,13,31,42,13
01_13_12_03_0428.bmp,0,12,3,16,13,0.54458,0.16593,0.2562,passthrough,13,13,13,31,1,13
01_13_12_03_0434.bmp,0,12,3,16,13,0.52121,0.14935,0.24286,passthrough,12,12,40,31,25,12
01_13_12_03_0437.bmp,0,12,3,16,13,0.53227,0.15767,0.29048,passthrough,12,12,13,12,40,12
01_13_12_03_0438.bmp,0,12,3,16,13,0.52321,0.15445,0.28095,passthrough,12,12,1,31,25,12
01_13_12_03_0443.bmp,0,12,3,16,13,0.51428,0.14361,0.28819,passthrough,12,12,13,12,25,12
01_13_12_03_0445.bmp,0,12,3,16,13,0.50855,0.15441,0.25368,passthrough,25,25,12,13,25,25
01_13_12_03_0446.bmp,0,12,3,16,13,0.51166,0.14994,0.28309,passthrough,25,25,35,13,25,25
01_13_12_03_0447.bmp,0,12,3,16,13,0.52091,0.15298,0.27734,passthrough,25,25,40,31,40,25
01_13_12_03_0449.bmp,0,12,3,16,13,0.51759,0.15155,0.25387,passthrough,13,13,40,36,19,13
01_13_12_03_0451.bmp,0,12,3,16,13,0.50787,0.15081,0.22222,passthrough,25,25,40,12,40,25
01_13_12_03_0455.bmp,0,12,3,16,13,0.5088,0.14435,0.22609,passthrough,13,13,4,13,20,13
01_13_12_03_0460.bmp,0,12,3,16,13,0.53896,0.14579,0.26739,passthrough,13,13,13,13,20,13
01_13_12_03_0463.bmp,0,12,3,16,13,0.54503,0.15944,0.26482,passthrough,13,13,40,13,40,13
01_13_12_03_0464.bmp,0,12,3,16,13,0.54571,0.17156,0.30237,passthrough,13,13,40,13,20,13
01_13_12_03_0467.bmp,0,12,3,16,13,0.53704,0.18016,0.25333,passthrough,13,13,13,13,20,13
01_13_12_03_0471.bmp,0,12,3,16,13,0.51961,0.18372,0.26437,passthrough,13,13,13,13,19,13
01_13_12_03_0474.bmp,0,12,3,16,13,0.51598,0.1749,0.19508,passthrough,13,13,13,13,20,13
01_13_12_03_0477.bmp,0,12,3,16,13,0.51862,0.16758,0.23375,passthrough,13,13,13,13,20,13
01_13_12_03_0478.bmp,0,12,3,16,13,0.51342,0.16398,0.22293,passthrough,13,13,13,13,20,13
01_13_12_03_0480.bmp,0,12,3,16,13,0.50612,0.16881,0.23599,passthrough,25,25,13,13,20,25
01_13_12_03_0488.bmp,0,12,3,16,13,0.49878,0.15434,0.22963,passthrough,13,13,13,13,20,13
01_13_12_03_0491.bmp,0,12,3,16,13,0.51343,0.16077,0.25339,passthrough,13,13,13,13,20,13
01_13_12_03_0493.bmp,0,12,3,16,13,0.51204,0.1562,0.2089,passthrough,13,13,13,13,13,13
01_13_12_03_0495.bmp,0,12,3,16,13,0.50644,0.15535,0.21419,passthrough,13,13,13,13,13,13
01_13_12_03_0502.bmp,0,12,3,16,13,0.50513,0.16137,0.20186,passthrough,13,13,13,13,13,13
01_13_12_03_0503.bmp,0,12,3,16,13,0.50513,0.15963,0.20176,passthrough,13,13,24,13,20,13
01_13_12_03_0505.bmp,0,12,3,16,13,0.50963,0.15871,0.19519,passthrough,13,13,13,13,13,13
01_13_12_03_0508.bmp,0,12,3,16,13,0.50262,0.16225,0.18293,passthrough,13,13,13,13,13,13
01_13_12_03_0509.bmp,0,12,3,16,13,0.50722,0.1603,0.19715,passthrough,13,13,13,13,24,13
01_13_12_03_0513.bmp,0,12,3,16,13,0.51648,0.15431,0.18653,passthrough,13,13,13,13,20,13
01_13_12_03_0514.bmp,0,12,3,16,13,0.50438,0.1507,0.18087,passthrough,25,25,13,13,19,25
01_13_12_03_0515.bmp,0,12,3,16,13,0.49857,0.14549,0.18443,passthrough,25,25,25,13,20,25
01_13_12_03_0517.bmp,0,12,3,16,13,0.52579,0.11526,0.25874,passthrough,11,11,26,32,40,11
01_13_12_03_0521.bmp,0,12,3,16,13,0.52151,0.11909,0.21678,passthrough,13,13,40,31,1,13
01_13_12_03_0523.bmp,0,12,3,16,13,0.4951,0.13193,0.27105,passthrough,25,25,12,31,40,25
01_13_12_03_0525.bmp,0,12,3,16,13,0.51023,0.12659,0.28618,passthrough,25,25,13,31,12,25
01_13_12_03_0526.bmp,0,12,3,16,13,0.51172,0.11418,0.28671,passthrough,12,12,13,31,25,12
01_13_12_03_0532.bmp,0,12,3,16,13,0.51682,0.10423,0.25175,clahe,12,34,34,32,12,12
01_13_12_03_0534.bmp,0,12,3,16,13,0.51822,0.11502,0.37762,passthrough,12,12,40,31,42,12
01_13_12_03_0535.bmp,0,12,3,16,13,0.54071,0.144,0.36458,passthrough,13,13,40,12,40,13
01_13_12_03_0536.bmp,0,12,3,16,13,0.52042,0.10887,0.1958,passthrough,12,12,1,31,42,12
01_13_12_03_0538.bmp,0,12,3,16,13,0.51164,0.11245,0.26573,passthrough,25,25,40,31,1,25
01_13_12_03_0539.bmp,0,12,3,16,13,0.54516,0.13411,0.35556,passthrough,25,25,40,31,40,25
01_13_12_03_0540.bmp,0,12,3,16,13,0.52264,0.11126,0.2028,passthrough,12,12,40,32,42,12
01_13_12_03_0547.bmp,0,12,3,16,13,0.54807,0.12785,0.31597,passthrough,25,25,13,31,25,25
01_13_12_03_0550.bmp,0,12,3,16,13,0.51737,0.10038,0.30769,clahe,12,12,12,31,12,12
01_13_12_03_0551.bmp,0,12,3,16,13,0.53892,0.13466,0.31699,passthrough,25,25,40,31,22,25
01_13_12_03_0554.bmp,0,12,3,16,13,0.51559,0.11229,0.33566,passthrough,12,12,40,32,42,12
01_13_12_03_0555.bmp,0,12,3,16,13,0.53782,0.12967,0.34259,passthrough,25,25,12,31,40,25
01_13_12_03_0560.bmp,0,12,3,16,13,0.52596,0.10911,0.21678,passthrough,25,25,37,31,6,25
01_13_12_03_0561.bmp,0,12,3,16,13,0.53092,0.13589,0.35833,passthrough,25,25,13,31,19,25
01_13_12_03_0562.bmp,0,12,3,16,13,0.52467,0.10309,0.33566,clahe,1,1,1,31,1,12
01_13_12_03_0563.bmp,0,12,3,16,13,0.53547,0.12999,0.31217,passthrough,25,25,40,12,20,25
01_13_12_03_0569.bmp,0,12,3,16,13,0.52573,0.13606,0.32107,passthrough,25,25,40,13,20,25
01_13_12_03_0574.bmp,0,12,3,16,13,0.49629,0.11301,0.30769,passthrough,25,25,40,32,40,25
01_13_12_03_0575.bmp,0,12,3,16,13,0.51858,0.13574,0.27969,passthrough,25,25,40,13,20,25
01_13_12_03_0576.bmp,0,12,3,16,13,0.49853,0.1208,0.33173,passthrough,11,11,11,32,25,11
01_13_12_03_0577.bmp,0,12,3,16,13,0.52216,0.12944,0.28225,passthrough,25,25,40,13,2,25
01_13_12_03_0579.bmp,0,12,3,16,13,0.52638,0.13653,0.30145,passthrough,12,12,12,12,40,12
01_13_12_03_0581.bmp,0,12,3,16,13,0.52202,0.1346,0.27705,passthrough,25,25,38,13,20,25
01_13_12_03_0583.bmp,0,12,3,16,13,0.51902,0.12668,0.23543,passthrough,25,25,1,12,40,25
01_13_12_03_0584.bmp,0,12,3,16,13,0.49064,0.11076,0.29864,passthrough,25,25,40,32,12,25
01_13_12_03_0588.bmp,0,12,3,16,13,0.48888,0.11181,0.30317,passthrough,25,25,40,36,0,25
01_13_12_03_0589.bmp,0,12,3,16,13,0.50707,0.12684,0.26705,passthrough,25,25,40,13,2,25
01_13_12_03_0591.bmp,0,12,3,16,13,0.5078,0.12612,0.30966,passthrough,25,25,24,13,20,25
01_13_12_03_0600.bmp,0,12,3,16,13,0.5028,0.13106,0.26486,passthrough,25,25,13,13,23,25
01_13_12_03_0605.bmp,0,12,3,16,13,0.50639,0.14003,0.23098,passthrough,25,25,40,13,13,25
01_13_12_03_0610.bmp,0,12,3,16,13,0.50957,0.14379,0.27195,passthrough,25,25,13,13,20,25
01_13_12_03_0613.bmp,0,12,3,16,13,0.51843,0.14898,0.24487,passthrough,25,25,40,13,25,25
01_13_12_03_0615.bmp,0,12,3,16,13,0.52729,0.15086,0.22104,passthrough,25,25,13,13,25,25
01_13_12_03_0621.bmp,0,12,3,16,13,0.52471,0.14941,0.20871,passthrough,25,25,13,13,25,25
01_13_12_03_0622.bmp,0,12,3,16,13,0.52085,0.153,0.19878,passthrough,25,25,13,13,20,25
01_13_12_03_0624.bmp,0,12,3,16,13,0.52543,0.16407,0.20133,passthrough,13,13,13,13,20,13
01_13_12_03_0626.bmp,0,12,3,16,13,0.52236,0.16746,0.20162,passthrough,13,13,13,13,13,13
01_03_12_04_0002.bmp,0,12,4,16,9,0.63872,0.1052,0.31515,clahe,20,23,23,31,20,25
01_03_12_04_0004.bmp,0,12,4,16,9,0.63965,0.10066,0.26377,clahe,22,26,26,31,22,12
01_03_12_04_0009.bmp,0,12,4,16,9,0.61318,0.11119,0.29722,passthrough,25,25,25,31,23,25
01_03_12_04_0010.bmp,0,12,4,16,9,0.61169,0.11895,0.336,passthrough,25,25,25,13,25,25
01_03_12_04_0018.bmp,0,12,4,16,9,0.59253,0.11882,0.27101,passthrough,25,25,25,16,0,25
01_03_12_04_0025.bmp,0,12,4,16,9,0.56655,0.12304,0.29677,passthrough,25,25,23,13,19,25
01_03_12_04_0028.bmp,0,12,4,16,9,0.54645,0.11787,0.27699,passthrough,25,25,25,32,20,25
01_03_12_04_0029.bmp,0,12,4,16,9,0.55132,0.11801,0.27273,passthrough,25,25,40,13,25,25
01_03_12_04_0030.bmp,0,12,4,16,9,0.54371,0.11727,0.28722,passthrough,25,25,25,13,23,25
01_03_12_04_0038.bmp,0,12,4,16,9,0.50733,0.11538,0.29949,passthrough,25,25,25,13,23,25
01_03_12_04_0042.bmp,0,12,4,16,9,0.49898,0.123,0.28289,passthrough,25,25,14,13,23,25
01_03_12_04_0044.bmp,0,12,4,16,9,0.50479,0.12476,0.26465,passthrough,25,25,25,13,19,25
01_03_12_04_0046.bmp,0,12,4,16,9,0.5048,0.12571,0.32167,passthrough,25,25,13,13,25,25
01_03_12_04_0048.bmp,0,12,4,16,9,0.50956,0.13062,0.26042,passthrough,25,25,25,13,23,25
01_03_12_04_0049.bmp,0,12,4,16,9,0.50609,0.1317,0.2583,passthrough,25,25,14,13,23,25
01_03_12_04_0055.bmp,0,12,4,16,9,0.49943,0.13019,0.24573,passthrough,25,25,25,13,25,25
01_03_12_04_0059.bmp,0,12,4,16,9,0.63965,0.10909,0.24052,passthrough,25,25,40,13,25,25
01_03_12_04_0060.bmp,0,12,4,16,9,0.63596,0.10455,0.18409,clahe,25,25,25,13,25,25
01_03_12_04_0065.bmp,0,12,4,16,9,0.61804,0.10576,0.25085,clahe,25,25,25,16,25,25
01_03_12_04_0066.bmp,0,12,4,16,9,0.61991,0.10978,0.23649,passthrough,25,25,25,13,20,25
01_03_12_04_0068.bmp,0,12,4,16,9,0.61906,0.1055,0.19688,clahe,25,25,25,13,25,25
01_03_12_04_0069.bmp,0,12,4,16,9,0.61912,0.10922,0.21216,passthrough,25,25,25,13,20,25
01_03_12_04_0071.bmp,0,12,4,16,9,0.61999,0.10967,0.24595,passthrough,25,25,25,31,25,25
01_03_12_04_0073.bmp,0,12,4,16,9,0.60811,0.11236,0.23877,passthrough,25,25,14,13,25,25
01_03_12_04_0074.bmp,0,12,4,16,9,0.60828,0.11259,0.20746,passthrough,25,25,25,13,2,25
01_03_12_04_0076.bmp,0,12,4,16,9,0.5984,0.11796,0.22079,passthrough,13,13,25,13,25,13
01_03_12_04_0077.bmp,0,12,4,16,9,0.59366,0.12226,0.21907,passthrough,25,25,14,13,25,25
01_03_12_04_0078.bmp,0,12,4,16,9,0.5873,0.1173,0.21814,passthrough,25,25,25,13,25,25
01_03_12_04_0079.bmp,0,12,4,16,9,0.58035,0.1175,0.17447,passthrough,25,25,25,13,25,25
01_03_12_04_0080.bmp,0,12,4,16,9,0.57209,0.11977,0.216,passthrough,25,25,25,13,25,25
01_03_12_04_0081.bmp,0,12,4,16,9,0.569,0.12243,0.2381,passthrough,25,25,25,13,25,25
01_03_12_04_0084.bmp,0,12,4,16,9,0.54775,0.12677,0.19737,passthrough,25,25,25,13,25,25
01_06_12_04_0002.bmp,1,12,4,16,14,0.7818,0.0872,0.19583,clahe,40,40,40,36,40,11
01_06_12_04_0003.bmp,0,12,4,16,14,0.64439,0.11581,0.28378,passthrough,25,25,25,32,20,25
01_06_12_04_0004.bmp,1,12,4,16,14,0.78253,0.08991,0.20417,clahe,20,26,26,31,20,11
01_06_12_04_0005.bmp,1,12,4,16,14,0.77985,0.09438,0.225,clahe,23,23,23,32,23,11
01_06_12_04_0006.bmp,0,12,4,16,14,0.63383,0.11475,0.27102,passthrough,25,25,40,32,20,25
01_06_12_04_0006.bmp,1,12,4,16,14,0.78687,0.0973,0.2585,clahe,20,20,20,31,20,11
01_06_12_04_0008.bmp,0,12,4,16,14,0.64763,0.12644,0.28271,passthrough,25,25,40,25,20,25
01_06_12_04_0008.bmp,1,12,4,16,14,0.78052,0.09052,0.26667,clahe,40,25,25,32,40,25
01_06_12_04_0011.bmp,0,12,4,16,14,0.689,0.10839,0.29078,passthrough,25,25,40,25,2,25
01_06_12_04_0012.bmp,1,12,4,16,14,0.78206,0.09944,0.18219,clahe,20,25,25,32,20,25
01_06_12_04_0014.bmp,1,12,4,16,14,0.78565,0.09574,0.18427,clahe,20,25,25,36,20,25
01_06_12_04_0015.bmp,0,12,4,16,14,0.67478,0.11403,0.3227,passthrough,25,25,26,25,20,25
01_06_12_04_0016.bmp,1,12,4,16,14,0.78782,0.09871,0.21014,clahe,20,40,40,11,20,25
01_06_12_04_0017.bmp,1,12,4,16,14,0.79312,0.1013,0.28889,clahe,2,40,40,11,2,25
01_06_12_04_0018.bmp,0,12,4,16,14,0.66263,0.10833,0.26896,passthrough,25,25,13,25,20,25
01_06_12_04_0018.bmp,1,12,4,16,14,0.79054,0.09508,0.1856,clahe,20,14,14,36,20,11
01_06_12_04_0020.bmp,0,12,4,16,14,0.65203,0.11157,0.25101,passthrough,25,25,26,25,25,25
01_06_12_04_0022.bmp,1,12,4,16,14,0.79302,0.10204,0.1552,clahe,20,40,40,11,20,25
01_06_12_04_0023.bmp,0,12,4,16,14,0.64386,0.11949,0.30313,passthrough,25,25,13,25,20,25
01_06_12_04_0023.bmp,1,12,4,16,14,0.7946,0.10648,0.22529,passthrough,25,25,25,31,20,25
01_06_12_04_0024.bmp,0,12,4,16,14,0.64004,0.11719,0.27077,passthrough,25,25,25,25,2,25
01_06_12_04_0024.bmp,1,12,4,16,14,0.79241,0.10931,0.29655,passthrough,25,25,23,11,20,25
01_06_12_04_0025.bmp,0,12,4,16,14,0.64017,0.11788,0.28596,passthrough,25,25,25,25,25,25
01_06_12_04_0027.bmp,0,12,4,16,14,0.63027,0.11982,0.26744,passthrough,25,25,24,25,20,25
01_06_12_04_0028.bmp,1,12,4,16,14,0.78307,0.10301,0.22984,clahe,20,23,23,31,20,25
01_06_12_04_0031.bmp,0,12,4,16,14,0.6104,0.11839,0.26368,passthrough,25,25,24,25,24,25
01_06_12_04_0032.bmp,0,12,4,16,14,0.60349,0.11321,0.26895,passthrough,25,25,25,25,25,25
01_06_12_04_0037.bmp,0,12,4,16,14,0.57002,0.11945,0.26643,passthrough,25,25,24,25,24,25
01_06_12_04_0038.bmp,0,12,4,16,14,0.56392,0.12137,0.26386,passthrough,25,25,25,25,25,25
01_06_12_04_0040.bmp,0,12,4,16,14,0.5525,0.12674,0.25309,passthrough,25,25,25,25,25,25
01_06_12_04_0042.bmp,1,12,4,16,14,0.56866,0.10804,0.14286,passthrough,25,25,40,31,22,25
01_06_12_04_0044.bmp,1,12,4,16,14,0.55953,0.11283,0.27778,passthrough,25,25,40,31,40,25
01_06_12_04_0047.bmp,0,12,4,16,14,0.54393,0.10521,0.25128,clahe,2,1,1,31,2,25
01_06_12_04_0050.bmp,0,12,4,16,14,0.55792,0.11996,0.23195,passthrough,25,25,25,32,23,25
01_06_12_04_0055.bmp,0,12,4,16,14,0.55289,0.13519,0.2455,passthrough,25,25,25,32,20,25
01_06_12_04_0058.bmp,0,12,4,16,14,0.5375,0.13682,0.27451,passthrough,25,25,25,32,20,25
01_06_12_04_0060.bmp,0,12,4,16,14,0.52789,0.12961,0.24242,passthrough,25,25,2,36,20,25
01_06_12_04_0062.bmp,0,12,4,16,14,0.51899,0.13065,0.23938,passthrough,25,25,14,32,20,25
01_06_12_04_0063.bmp,0,12,4,16,14,0.51658,0.13902,0.24079,passthrough,25,25,25,36,20,25
01_06_12_04_0064.bmp,0,12,4,16,14,0.5281,0.15181,0.24359,passthrough,25,25,14,36,20,25
01_06_12_04_0065.bmp,0,12,4,16,14,0.51629,0.14468,0.19906,passthrough,25,25,25,32,20,25
01_06_12_04_0066.bmp,0,12,4,16,14,0.52766,0.14901,0.28397,passthrough,25,25,23,32,20,25
01_06_12_04_0068.bmp,0,12,4,16,14,0.51732,0.14442,0.25692,passthrough,25,25,14,32,25,25
01_06_12_04_0070.bmp,0,12,4,16,14,0.50462,0.13838,0.23549,passthrough,25,25,25,32,2,25
01_06_12_04_0071.bmp,0,12,4,16,14,0.49073,0.12988,0.27128,passthrough,25,25,14,13,20,25
01_06_12_04_0081.bmp,0,12,4,16,14,0.48083,0.12303,0.28989,passthrough,25,25,24,25,20,25
01_06_12_04_0086.bmp,0,12,4,16,14,0.50631,0.12596,0.27495,passthrough,25,25,25,31,25,25
01_06_12_04_0087.bmp,0,12,4,16,14,0.51639,0.14215,0.20266,passthrough,25,25,25,25,25,25
01_11_12_04_0002.bmp,0,12,4,16,12,0.6164,0.11327,0.27273,passthrough,12,12,38,36,0,12
01_11_12_04_0004.bmp,0,12,4,16,12,0.61432,0.11644,0.2823,passthrough,13,13,12,31,1,13
01_11_12_04_0006.bmp,0,12,4,16,12,0.6107,0.11788,0.34928,passthrough,12,12,25,31,1,12
01_11_12_04_0007.bmp,0,12,4,16,12,0.61225,0.11233,0.37321,passthrough,12,12,40,31,12,12
01_11_12_04_0008.bmp,0,12,4,16,12,0.60452,0.11976,0.32536,passthrough,38,38,4,31,0,38
01_11_12_04_0009.bmp,0,12,4,16,12,0.60043,0.1083,0.25359,passthrough,12,12,40,31,0,12
01_11_12_04_0010.bmp,0,12,4,16,12,0.6039,0.12442,0.2823,passthrough,10,10,10,31,25,10
01_11_12_04_0012.bmp,0,12,4,16,12,0.6,0.10875,0.26316,passthrough,11,11,12,36,2,11
01_11_12_04_0015.bmp,0,12,4,16,12,0.58395,0.12628,0.37857,passthrough,12,12,40,32,2,12
01_11_12_04_0020.bmp,0,12,4,16,12,0.59975,0.12705,0.36,passthrough,11,11,12,32,6,11
01_11_12_04_0021.bmp,0,12,4,16,12,0.59337,0.11325,0.33248,passthrough,25,25,12,32,20,25
01_11_12_04_0025.bmp,0,12,4,16,12,0.61115,0.11272,0.33778,passthrough,11,11,25,36,11,11
01_11_12_04_0027.bmp,0,12,4,16,12,0.61309,0.11895,0.37333,passthrough,25,25,35,32,40,25
01_11_12_04_0028.bmp,0,12,4,16,12,0.62049,0.11724,0.35111,passthrough,12,12,1,32,40,12
01_11_12_04_0030.bmp,0,12,4,16,12,0.63065,0.11734,0.31556,passthrough,25,25,13,32,40,25
01_11_12_04_0031.bmp,0,12,4,16,12,0.62909,0.11843,0.29905,passthrough,25,25,24,32,20,25
01_11_12_04_0032.bmp,0,12,4,16,12,0.63328,0.1187,0.35802,passthrough,25,25,23,32,23,25
01_11_12_04_0033.bmp,0,12,4,16,12,0.63587,0.11148,0.28042,passthrough,25,25,25,32,19,25
01_11_12_04_0035.bmp,0,12,4,16,12,0.63473,0.1144,0.29704,passthrough,25,25,11,13,2,25
01_11_12_04_0036.bmp,0,12,4,16,12,0.63423,0.11592,0.30889,passthrough,25,25,25,32,19,25
01_11_12_04_0039.bmp,0,12,4,16,12,0.64737,0.11103,0.30816,passthrough,25,25,40,32,20,25
01_11_12_04_0040.bmp,0,12,4,16,12,0.64723,0.10973,0.24694,passthrough,25,25,40,32,19,25
01_11_12_04_0049.bmp,0,12,4,16,12,0.66549,0.10896,0.27053,passthrough,25,25,40,13,20,25
01_11_12_04_0054.bmp,0,12,4,16,12,0.65809,0.11268,0.26751,passthrough,25,25,1,13,20,25
01_11_12_04_0061.bmp,0,12,4,16,12,0.64893,0.11936,0.24286,passthrough,25,25,24,13,19,25
01_11_12_04_0062.bmp,0,12,4,16,12,0.64939,0.12097,0.24828,passthrough,25,25,40,13,25,25
01_11_12_04_0065.bmp,0,12,4,16,12,0.64058,0.12222,0.23072,passthrough,25,25,13,13,13,25
01_11_12_04_0068.bmp,0,12,4,16,12,0.63021,0.1224,0.23529,passthrough,25,25,13,13,13,25
01_11_12_04_0070.bmp,0,12,4,16,12,0.62102,0.12673,0.2424,passthrough,25,25,24,32,20,25
01_11_12_04_0073.bmp,0,12,4,16,12,0.60432,0.12933,0.20204,passthrough,25,25,24,25,24,25
01_11_12_04_0074.bmp,0,12,4,16,12,0.60022,0.13063,0.20764,passthrough,25,25,13,32,25,25
01_11_12_04_0076.bmp,0,12,4,16,12,0.58446,0.13461,0.22442,passthrough,25,25,25,32,25,25
01_11_12_04_0077.bmp,0,12,4,16,12,0.57649,0.13436,0.20713,passthrough,25,25,25,25,25,25
01_12_12_04_0002.bmp,1,12,4,16,17,0.86646,0.08538,0.03788,clahe,42,11,11,12,42,11
01_12_12_04_0004.bmp,0,12,4,16,17,0.65968,0.11473,0.21389,passthrough,25,25,40,36,25,25
01_12_12_04_0006.bmp,0,12,4,16,17,0.64428,0.1147,0.22,passthrough,25,25,40,36,19,25
01_12_12_04_0007.bmp,0,12,4,16,17,0.63978,0.12011,0.19524,passthrough,25,25,40,17,23,25
01_12_12_04_0008.bmp,1,12,4,16,17,0.86022,0.08142,0.09848,clahe,11,23,23,11,11,11
01_12_12_04_0009.bmp,0,12,4,16,17,0.64002,0.12281,0.29762,passthrough,25,25,26,17,23,25
01_12_12_04_0010.bmp,1,12,4,16,17,0.85963,0.08,0.0,clahe,11,23,23,31,11,11
01_12_12_04_0011.bmp,1,12,4,16,17,0.8574,0.09017,0.18939,clahe,42,26,26,12,42,13
01_12_12_04_0012.bmp,1,12,4,16,17,0.86661,0.07755,0.0,clahe,25,40,40,31,25,11
01_12_12_04_0013.bmp,0,12,4,16,17,0.63201,0.12949,0.24017,passthrough,25,25,26,31,19,25
01_12_12_04_0013.bmp,1,12,4,16,17,0.86441,0.07583,0.0,clahe,11,40,40,12,11,10
01_12_12_04_0014.bmp,0,12,4,16,17,0.62909,0.12946,0.22774,passthrough,25,25,12,17,19,25
01_12_12_04_0015.bmp,1,12,4,16,17,0.86067,0.08524,0.28788,clahe,12,25,25,12,12,11
01_12_12_04_0017.bmp,0,12,4,16,17,0.61763,0.13059,0.15735,passthrough,25,25,14,15,23,25
01_12_12_04_0017.bmp,1,12,4,16,17,0.85995,0.09164,0.19697,clahe,25,25,25,12,25,10
01_12_12_04_0018.bmp,0,12,4,16,17,0.60995,0.13231,0.18364,passthrough,25,25,26,17,23,25
01_12_12_04_0018.bmp,1,12,4,16,17,0.85915,0.07985,0.16667,clahe,42,12,12,11,42,11
01_12_12_04_0019.bmp,1,12,4,16,17,0.85793,0.07806,0.16667,clahe,1,12,12,11,1,11
01_12_12_04_0023.bmp,0,12,4,16,17,0.59041,0.12977,0.16347,passthrough,25,25,13,17,20,25
01_12_12_04_0023.bmp,1,12,4,16,17,0.85374,0.07654,0.0,clahe,1,40,40,12,1,11
01_12_12_04_0025.bmp,1,12,4,16,17,0.85894,0.07814,0.0,clahe,42,35,35,11,42,11
01_12_12_04_0026.bmp,0,12,4,16,17,0.58522,0.1283,0.29885,passthrough,25,25,40,17,20,25
01_12_12_04_0027.bmp,1,12,4,16,17,0.86188,0.07878,0.0303,clahe,25,25,25,12,25,11
01_12_12_04_0028.bmp,0,12,4,16,17,0.59734,0.13026,0.20156,passthrough,25,25,2,31,2,25
01_12_12_04_0029.bmp,0,12,4,16,17,0.58606,0.12441,0.18673,passthrough,25,25,25,31,25,25
01_12_12_04_0031.bmp,1,12,4,16,17,0.85431,0.08987,0.0,clahe,11,25,25,11,11,11
01_12_12_04_0032.bmp,0,12,4,16,17,0.57342,0.12348,0.21388,passthrough,25,25,25,31,20,25
01_12_12_04_0033.bmp,1,12,4,16,17,0.85772,0.07922,0.0,clahe,11,26,26,12,11,11
01_12_12_04_0034.bmp,1,12,4,16,17,0.85517,0.08261,0.31818,clahe,25,12,12,11,25,11
01_12_12_04_0035.bmp,1,12,4,16,17,0.86209,0.08353,0.0,clahe,42,26,26,11,42,11
01_12_12_04_0038.bmp,0,12,4,16,17,0.54217,0.13354,0.22126,passthrough,25,25,25,36,25,25
01_12_12_04_0038.bmp,1,12,4,16,17,0.86049,0.08665,0.12121,clahe,1,12,12,11,1,10
01_12_12_04_0040.bmp,0,12,4,16,17,0.52985,0.13904,0.19573,passthrough,25,25,25,36,25,25
01_12_12_04_0040.bmp,1,12,4,16,17,0.8549,0.07742,0.12879,clahe,25,40,40,11,25,11
01_12_12_04_0042.bmp,1,12,4,16,17,0.85463,0.07637,0.14394,clahe,42,25,25,11,42,11
01_12_12_04_0045.bmp,0,12,4,16,17,0.86099,0.08235,0.24242,clahe,42,12,12,11,42,11
01_12_12_04_0049.bmp,0,12,4,16,17,0.85865,0.08567,0.0,clahe,11,12,12,11,11,11
01_12_12_04_0052.bmp,0,12,4,16,17,0.85469,0.08222,0.05303,clahe,12,26,26,11,12,11
01_12_12_04_0053.bmp,0,12,4,16,17,0.85636,0.09176,0.03788,clahe,25,12,12,11,25,11
01_12_12_04_0056.bmp,0,12,4,16,17,0.85232,0.08645,0.32526,clahe,23,40,40,31,23,11
01_12_12_04_0058.bmp,0,12,4,16,17,0.85946,0.08134,0.15225,clahe,0,40,40,11,0,1
01_12_12_04_0061.bmp,0,12,4,16,17,0.84999,0.084,0.0,clahe,23,14,14,11,23,11
01_12_12_04_0062.bmp,0,12,4,16,17,0.84759,0.08745,0.28028,clahe,20,1,1,11,20,11
01_12_12_04_0063.bmp,0,12,4,16,17,0.85095,0.09054,0.21107,clahe,40,25,25,11,40,11
01_12_12_04_0064.bmp,0,12,4,16,17,0.85178,0.09099,0.17647,clahe,20,12,12,11,20,11
01_12_12_04_0065.bmp,0,12,4,16,17,0.85433,0.08748,0.17301,clahe,20,40,40,11,20,11
01_12_12_04_0066.bmp,0,12,4,16,17,0.84753,0.08476,0.11765,clahe,40,12,12,11,40,11
01_12_12_04_0068.bmp,0,12,4,16,17,0.8535,0.09256,0.14524,clahe,20,25,25,11,20,1
01_12_12_04_0069.bmp,0,12,4,16,17,0.85237,0.08682,0.18095,clahe,40,40,40,11,40,11
01_12_12_04_0072.bmp,0,12,4,16,17,0.84483,0.08824,0.28852,clahe,40,12,12,11,40,11
01_12_12_04_0075.bmp,0,12,4,16,17,0.8484,0.08564,0.24762,clahe,20,40,40,11,20,11
01_12_12_04_0077.bmp,0,12,4,16,17,0.8492,0.08644,0.11048,clahe,20,12,12,11,20,25
01_12_12_04_0078.bmp,0,12,4,16,17,0.84652,0.08778,0.1264,clahe,20,12,12,11,20,25
01_12_12_04_0079.bmp,0,12,4,16,17,0.84803,0.08983,0.1152,clahe,20,25,25,31,20,11
01_12_12_04_0080.bmp,0,12,4,16,17,0.84767,0.08609,0.1888,clahe,20,40,40,11,20,25
01_12_12_04_0081.bmp,0,12,4,16,17,0.85128,0.09173,0.1968,clahe,20,25,25,11,20,11
01_12_12_04_0082.bmp,0,12,4,16,17,0.84691,0.08712,0.2208,clahe,20,23,23,11,20,25
01_12_12_04_0083.bmp,0,12,4,16,17,0.84738,0.09176,0.288,clahe,2,40,40,11,2,25
01_12_12_04_0085.bmp,0,12,4,16,17,0.84397,0.0942,0.208,clahe,19,26,26,11,19,25
01_12_12_04_0089.bmp,0,12,4,16,17,0.83681,0.08407,0.13846,clahe,2,2,2,31,2,11
01_12_12_04_0090.bmp,0,12,4,16,17,0.83499,0.08559,0.14462,clahe,20,40,40,11,20,11
01_12_12_04_0091.bmp,0,12,4,16,17,0.83786,0.0902,0.16286,clahe,19,40,40,11,19,25
01_12_12_04_0093.bmp,0,12,4,16,17,0.83485,0.09567,0.22143,clahe,20,25,25,11,20,25
01_12_12_04_0096.bmp,0,12,4,16,17,0.83597,0.0932,0.14429,clahe,20,25,25,11,20,11
01_12_12_04_0100.bmp,0,12,4,16,17,0.83236,0.08908,0.14211,clahe,20,40,40,11,20,25
01_12_12_04_0101.bmp,0,12,4,16,17,0.82368,0.09533,0.22069,clahe,20,25,25,11,20,25
01_12_12_04_0112.bmp,0,12,4,16,17,0.76291,0.1058,0.21959,clahe,20,14,14,32,20,25
01_12_12_04_0114.bmp,0,12,4,16,17,0.75349,0.11401,0.22942,passthrough,25,25,40,17,20,25
01_13_12_04_0001.bmp,1,12,4,16,13,0.74323,0.12071,0.305,passthrough,25,25,25,12,20,25
01_13_12_04_0003.bmp,0,12,4,16,13,0.80995,0.10173,0.23718,clahe,12,40,40,12,12,11
01_13_12_04_0004.bmp,0,12,4,16,13,0.809,0.09451,0.11538,clahe,12,25,25,12,12,11
01_13_12_04_0005.bmp,1,12,4,16,13,0.76022,0.11032,0.28,passthrough,25,25,40,11,20,25
01_13_12_04_0007.bmp,1,12,4,16,13,0.74781,0.11654,0.26236,passthrough,11,11,14,13,20,11
01_13_12_04_0010.bmp,1,12,4,16,13,0.73207,0.12349,0.25275,passthrough,25,25,40,13,0,25
01_13_12_04_0012.bmp,0,12,4,16,13,0.79834,0.10015,0.25,clahe,25,40,40,12,25,12
01_13_12_04_0012.bmp,1,12,4,16,13,0.72444,0.12857,0.31731,passthrough,25,25,25,13,2,25
01_13_12_04_0014.bmp,0,12,4,16,13,0.79641,0.09305,0.40385,clahe,23,40,40,12,23,10
01_13_12_04_0015.bmp,0,12,4,16,13,0.7951,0.08766,0.28846,clahe,12,14,14,31,12,11
01_13_12_04_0015.bmp,1,12,4,16,13,0.70856,0.13293,0.31319,passthrough,25,25,25,13,25,25
01_13_12_04_0016.bmp,0,12,4,16,13,0.79409,0.09773,0.32051,clahe,25,25,25,31,25,11
01_13_12_04_0017.bmp,1,12,4,16,13,0.69467,0.14177,0.32949,passthrough,25,25,1,13,20,25
01_13_12_04_0018.bmp,0,12,4,16,13,0.78914,0.08829,0.10256,clahe,0,26,26,12,0,11
01_13_12_04_0020.bmp,0,12,4,16,13,0.78987,0.09614,0.08333,clahe,40,40,40,31,40,11
01_13_12_04_0021.bmp,0,12,4,16,13,0.79653,0.08314,0.17308,clahe,25,40,40,31,25,13
01_13_12_04_0021.bmp,1,12,4,16,13,0.67776,0.14503,0.31567,passthrough,25,25,40,13,20,25
01_13_12_04_0022.bmp,1,12,4,16,13,0.67574,0.14906,0.33065,passthrough,13,13,13,13,2,13
01_13_12_04_0026.bmp,0,12,4,16,13,0.81194,0.09972,0.3141,clahe,12,25,25,31,12,11
01_13_12_04_0026.bmp,1,12,4,16,13,0.66772,0.1487,0.27524,passthrough,25,25,13,13,40,25
01_13_12_04_0027.bmp,1,12,4,16,13,0.65905,0.15091,0.3064,passthrough,13,13,40,13,13,13
01_13_12_04_0028.bmp,0,12,4,16,13,0.80623,0.10341,0.33333,clahe,25,13,13,12,25,11
01_13_12_04_0029.bmp,1,12,4,16,13,0.6486,0.1558,0.31038,passthrough,25,25,2,13,20,25
01_13_12_04_0030.bmp,0,12,4,16,13,0.80407,0.11314,0.23077,passthrough,10,10,40,12,12,10
01_13_12_04_0031.bmp,0,12,4,16,13,0.80601,0.10264,0.26923,clahe,40,40,40,31,40,11
01_13_12_04_0031.bmp,1,12,4,16,13,0.6486,0.15457,0.29032,passthrough,25,25,25,13,2,25
01_13_12_04_0032.bmp,0,12,4,16,13,0.80752,0.10379,0.35897,clahe,12,13,13,12,12,13
01_13_12_04_0034.bmp,1,12,4,16,13,0.63663,0.16526,0.28256,passthrough,25,25,25,13,2,25
01_13_12_04_0035.bmp,0,12,4,16,13,0.8129,0.09885,0.26282,clahe,25,25,25,31,25,10
01_13_12_04_0036.bmp,0,12,4,16,13,0.81393,0.11246,0.30769,passthrough,10,10,40,12,40,10
01_13_12_04_0036.bmp,1,12,4,16,13,0.64181,0.1615,0.25389,passthrough,13,13,13,13,2,13
01_13_12_04_0037.bmp,1,12,4,16,13,0.63849,0.17199,0.28808,passthrough,13,13,13,13,2,13
01_13_12_04_0040.bmp,1,12,4,16,13,0.6324,0.1697,0.26829,passthrough,13,13,13,13,13,13
01_13_12_04_0041.bmp,1,12,4,16,13,0.63315,0.16491,0.26411,passthrough,13,13,13,13,20,13
01_13_12_04_0043.bmp,0,12,4,16,13,0.81041,0.10426,0.28947,clahe,0,12,12,12,0,13
01_13_12_04_0044.bmp,1,12,4,16,13,0.62764,0.16736,0.26082,passthrough,13,13,13,13,25,13
01_13_12_04_0048.bmp,1,12,4,16,13,0.62247,0.16758,0.23096,passthrough,13,13,13,13,13,13
01_13_12_04_0049.bmp,1,12,4,16,13,0.62202,0.16832,0.23743,passthrough,13,13,13,13,13,13
01_13_12_04_0050.bmp,0,12,4,16,13,0.79227,0.10784,0.30754,passthrough,11,11,40,12,40,11
01_13_12_04_0050.bmp,1,12,4,16,13,0.62482,0.16866,0.25209,passthrough,13,13,13,13,13,13
01_13_12_04_0051.bmp,0,12,4,16,13,0.7914,0.11455,0.22024,passthrough,11,11,13,13,20,11
01_13_12_04_0052.bmp,1,12,4,16,13,0.6284,0.16918,0.25776,passthrough,13,13,13,13,13,13
01_13_12_04_0053.bmp,1,12,4,16,13,0.62725,0.17544,0.26543,passthrough,13,13,13,13,13,13
01_13_12_04_0059.bmp,1,12,4,16,13,0.60532,0.17453,0.24005,passthrough,13,13,25,13,13,13
01_13_12_04_0063.bmp,1,12,4,16,13,0.86438,0.07515,0.02976,clahe,25,25,25,12,25,11
01_13_12_04_0065.bmp,1,12,4,16,13,0.86345,0.08164,0.02976,clahe,25,25,25,12,25,11
01_13_12_04_0068.bmp,0,12,4,16,13,0.76837,0.12172,0.30504,passthrough,25,25,13,13,20,25
01_13_12_04_0068.bmp,1,12,4,16,13,0.86695,0.08216,0.01648,clahe,0,26,26,11,0,11
01_13_12_04_0069.bmp,0,12,4,16,13,0.77139,0.11904,0.35544,passthrough,25,25,40,13,20,25
01_13_12_04_0069.bmp,1,12,4,16,13,0.85973,0.08774,0.02976,clahe,12,12,12,11,12,11
01_13_12_04_0074.bmp,0,12,4,16,13,0.76479,0.12543,0.29477,passthrough,25,25,12,13,2,25
01_13_12_04_0074.bmp,1,12,4,16,13,0.85495,0.08267,0.10714,clahe,23,11,11,11,23,11
01_13_12_04_0078.bmp,1,12,4,16,13,0.85882,0.09265,0.27976,clahe,25,26,26,11,25,10
01_13_12_04_0080.bmp,1,12,4,16,13,0.86155,0.07439,0.03571,clahe,12,40,40,12,12,11
01_13_12_04_0082.bmp,0,12,4,16,13,0.74441,0.12547,0.28617,passthrough,25,25,40,13,20,25
01_13_12_04_0082.bmp,1,12,4,16,13,0.86392,0.07934,0.1375,clahe,2,40,40,31,2,11
01_13_12_04_0083.bmp,1,12,4,16,13,0.86239,0.08298,0.15179,clahe,0,40,40,12,0,11
01_13_12_04_0084.bmp,0,12,4,16,13,0.73989,0.13545,0.24947,passthrough,25,25,13,13,20,25
01_13_12_04_0086.bmp,0,12,4,16,13,0.73554,0.1354,0.24401,passthrough,25,25,24,13,13,25
01_13_12_04_0090.bmp,1,12,4,16,13,0.86716,0.08727,0.24038,clahe,40,25,25,11,40,11
01_13_12_04_0092.bmp,0,12,4,16,13,0.71929,0.14396,0.27743,passthrough,25,25,13,13,13,25
01_13_12_04_0092.bmp,1,12,4,16,13,0.86256,0.07392,0.15385,clahe,23,40,40,12,23,11
01_13_12_04_0093.bmp,1,12,4,16,13,0.87031,0.08212,0.0,clahe,0,40,40,11,0,11
01_13_12_04_0094.bmp,0,12,4,16,13,0.709,0.13921,0.22191,passthrough,25,25,13,13,20,25
01_13_12_04_0094.bmp,1,12,4,16,13,0.86621,0.09024,0.15625,clahe,40,40,40,12,40,11
01_13_12_04_0097.bmp,1,12,4,16,13,0.87056,0.0816,0.17647,clahe,25,40,40,12,25,11
01_13_12_04_0101.bmp,1,12,4,16,13,0.86081,0.08697,0.1875,clahe,2,40,40,11,2,11
01_13_12_04_0102.bmp,1,12,4,16,13,0.86393,0.0898,0.29861,clahe,25,25,25,11,25,11
01_13_12_04_0104.bmp,0,12,4,16,13,0.65502,0.17479,0.19851,passthrough,13,13,13,13,25,13
01_13_12_04_0106.bmp,1,12,4,16,13,0.86294,0.08792,0.06371,clahe,40,40,40,31,40,11
01_13_12_04_0111.bmp,0,12,4,16,13,0.60481,0.17935,0.20917,passthrough,13,13,24,13,20,13
01_13_12_04_0111.bmp,1,12,4,16,13,0.86029,0.08509,0.22538,clahe,19,12,12,12,19,11
01_13_12_04_0112.bmp,0,12,4,16,13,0.59794,0.18071,0.20169,passthrough,13,13,13,13,20,13
01_13_12_04_0112.bmp,1,12,4,16,13,0.86216,0.08819,0.16783,clahe,20,11,11,11,20,11
01_13_12_04_0115.bmp,1,12,4,16,13,0.85588,0.09132,0.14757,clahe,40,40,40,11,40,11
01_13_12_04_0118.bmp,1,12,4,16,13,0.85832,0.089,0.0434,clahe,40,40,40,31,40,11
01_13_12_04_0119.bmp,0,12,4,16,13,0.81894,0.09281,0.09821,clahe,25,25,25,31,25,11
01_13_12_04_0120.bmp,1,12,4,16,13,0.85375,0.0834,0.0625,clahe,20,1,1,12,20,11
01_13_12_04_0121.bmp,0,12,4,16,13,0.81628,0.09152,0.18889,clahe,40,40,40,31,40,1
01_13_12_04_0126.bmp,1,12,4,16,13,0.84998,0.09139,0.22949,clahe,20,13,13,12,20,11
01_13_12_04_0127.bmp,1,12,4,16,13,0.84662,0.09204,0.2069,clahe,40,23,23,12,40,11
01_13_12_04_0128.bmp,0,12,4,16,13,0.79817,0.08803,0.19826,clahe,20,25,25,31,20,11
01_13_12_04_0129.bmp,0,12,4,16,13,0.79709,0.09172,0.09739,clahe,20,39,39,31,20,25
01_13_12_04_0129.bmp,1,12,4,16,13,0.84787,0.09027,0.15057,clahe,2,12,12,12,2,11
01_13_12_04_0130.bmp,1,12,4,16,13,0.847,0.0903,0.15402,clahe,20,40,40,12,20,1
01_13_12_04_0132.bmp,0,12,4,16,13,0.78895,0.09349,0.21143,clahe,40,25,25,31,40,25
01_13_12_04_0134.bmp,1,12,4,16,13,0.84308,0.08845,0.11996,clahe,2,40,40,12,2,25
01_13_12_04_0138.bmp,0,12,4,16,13,0.77487,0.09482,0.125,clahe,2,24,24,31,2,25
01_13_12_04_0140.bmp,0,12,4,16,13,0.77416,0.09847,0.27097,clahe,20,39,39,31,20,11
01_13_12_04_0142.bmp,0,12,4,16,13,0.76444,0.09248,0.13003,clahe,20,39,39,31,20,25
01_13_12_04_0142.bmp,1,12,4,16,13,0.84152,0.09108,0.24265,clahe,40,25,25,12,40,11
01_13_12_04_0144.bmp,0,12,4,16,13,0.75341,0.09615,0.18032,clahe,20,40,40,31,20,25
01_13_12_04_0145.bmp,1,12,4,16,13,0.83528,0.08832,0.17647,clahe,2,12,12,12,2,11
01_13_12_04_0146.bmp,1,12,4,16,13,0.83749,0.09258,0.11687,clahe,20,40,40,12,20,11
01_13_12_04_0148.bmp,1,12,4,16,13,0.83557,0.09177,0.0983,clahe,40,12,12,12,40,11
01_13_12_04_0151.bmp,1,12,4,16,13,0.83662,0.08884,0.1685,clahe,20,40,40,12,20,11
01_13_12_04_0152.bmp,1,12,4,16,13,0.83655,0.08823,0.14505,clahe,20,25,25,12,20,1
01_13_12_04_0155.bmp,0,12,4,16,13,0.70136,0.10434,0.19335,clahe,25,25,25,31,25,25
01_13_12_04_0157.bmp,0,12,4,16,13,0.68765,0.10913,0.21338,passthrough,25,25,13,31,25,25
01_13_12_04_0158.bmp,1,12,4,16,13,0.83755,0.09188,0.17005,clahe,20,25,25,12,20,11
01_13_12_04_0160.bmp,0,12,4,16,13,0.66193,0.11296,0.17432,passthrough,25,25,40,19,25,25
01_13_12_04_0161.bmp,0,12,4,16,13,0.65254,0.11655,0.18762,passthrough,25,25,13,13,25,25
01_13_12_04_0161.bmp,1,12,4,16,13,0.83768,0.0928,0.20966,clahe,20,25,25,12,20,25
01_13_12_04_0162.bmp,1,12,4,16,13,0.83676,0.092,0.14616,clahe,2,40,40,12,2,11
01_13_12_04_0165.bmp,1,12,4,16,13,0.83964,0.09451,0.25595,clahe,20,25,25,11,20,11
01_13_12_04_0166.bmp,1,12,4,16,13,0.83935,0.09109,0.08003,clahe,20,40,40,12,20,11
01_13_12_04_0169.bmp,0,12,4,16,13,0.83898,0.08971,0.12121,clahe,42,38,38,12,42,11
01_13_12_04_0170.bmp,0,12,4,16,13,0.84626,0.08842,0.24242,clahe,1,40,40,12,1,10
01_13_12_04_0172.bmp,1,12,4,16,13,0.83865,0.09049,0.13525,clahe,20,25,25,11,20,25
01_13_12_04_0173.bmp,0,12,4,16,13,0.85273,0.08891,0.23485,clahe,42,23,23,12,42,11
01_13_12_04_0175.bmp,0,12,4,16,13,0.85458,0.08968,0.15909,clahe,12,25,25,12,12,11
01_13_12_04_0175.bmp,1,12,4,16,13,0.83129,0.09392,0.19012,clahe,20,2,2,12,20,11
01_13_12_04_0177.bmp,1,12,4,16,13,0.83938,0.09213,0.10379,clahe,20,24,24,12,20,11
01_13_12_04_0179.bmp,0,12,4,16,13,0.84456,0.09313,0.18939,clahe,42,12,12,11,42,11
01_13_12_04_0180.bmp,0,12,4,16,13,0.84034,0.08683,0.0303,clahe,42,12,12,12,42,11
01_13_12_04_0181.bmp,0,12,4,16,13,0.85152,0.08197,0.0,clahe,1,12,12,31,1,10
01_13_12_04_0182.bmp,1,12,4,16,13,0.83899,0.09016,0.15201,clahe,20,40,40,12,20,11
01_13_12_04_0185.bmp,1,12,4,16,13,0.83918,0.0924,0.17521,clahe,20,25,25,12,20,11
01_13_12_04_0186.bmp,1,12,4,16,13,0.84138,0.09223,0.16239,clahe,25,40,40,12,25,11
01_13_12_04_0191.bmp,1,12,4,16,13,0.84043,0.09209,0.19536,clahe,20,24,24,11,20,11
01_13_12_04_0192.bmp,1,12,4,16,13,0.83915,0.09502,0.24481,clahe,20,25,25,12,20,2
01_13_12_04_0193.bmp,0,12,4,16,13,0.81096,0.08527,0.0,clahe,1,12,12,31,1,10
01_13_12_04_0195.bmp,0,12,4,16,13,0.81218,0.08485,0.23485,clahe,42,37,37,11,42,10
01_13_12_04_0196.bmp,0,12,4,16,13,0.80147,0.09587,0.16667,clahe,42,4,4,31,42,11
01_13_12_04_0196.bmp,1,12,4,16,13,0.84153,0.09388,0.20269,clahe,20,40,40,12,20,11
01_13_12_04_0197.bmp,1,12,4,16,13,0.84107,0.09071,0.16728,clahe,20,40,40,12,20,11
01_13_12_04_0198.bmp,0,12,4,16,13,0.79566,0.09008,0.20238,clahe,19,13,13,31,19,11
01_13_12_04_0200.bmp,0,12,4,16,13,0.79064,0.09159,0.29762,clahe,40,12,12,31,40,11
01_13_12_04_0200.bmp,1,12,4,16,13,0.84112,0.09336,0.17277,clahe,40,25,25,12,40,25
01_13_12_04_0201.bmp,0,12,4,16,13,0.77211,0.0883,0.04167,clahe,40,40,40,12,40,11
01_13_12_04_0202.bmp,0,12,4,16,13,0.78053,0.09033,0.15476,clahe,40,40,40,31,40,13
01_13_12_04_0202.bmp,1,12,4,16,13,0.84071,0.09235,0.20024,clahe,20,24,24,12,20,25
01_13_12_04_0204.bmp,0,12,4,16,13,0.77509,0.09198,0.20238,clahe,25,7,7,31,25,11
01_13_12_04_0206.bmp,0,12,4,16,13,0.76143,0.09064,0.0,clahe,40,40,40,31,40,11
01_13_12_04_0206.bmp,1,12,4,16,13,0.83986,0.09264,0.20208,clahe,20,25,25,12,20,11
01_13_12_04_0207.bmp,1,12,4,16,13,0.84094,0.09255,0.19597,clahe,20,13,13,12,20,11
01_13_12_04_0208.bmp,1,12,4,16,13,0.8407,0.09294,0.1514,clahe,20,25,25,12,20,25
01_13_12_04_0211.bmp,0,12,4,16,13,0.748,0.09191,0.22291,clahe,40,40,40,31,40,11
01_13_12_04_0212.bmp,1,12,4,16,13,0.8409,0.09264,0.21917,clahe,20,26,26,12,20,11
01_13_12_04_0213.bmp,0,12,4,16,13,0.73892,0.09178,0.28472,clahe,25,40,40,31,25,11
01_13_12_04_0214.bmp,1,12,4,16,13,0.83825,0.092,0.12454,clahe,20,40,40,11,20,11
01_13_12_04_0215.bmp,0,12,4,16,13,0.69737,0.09543,0.29167,clahe,20,20,20,31,20,25
01_13_12_04_0217.bmp,1,12,4,16,13,0.84002,0.09207,0.16545,clahe,20,40,40,12,20,25
01_13_12_04_0218.bmp,0,12,4,16,13,0.69675,0.1075,0.24138,passthrough,25,25,39,31,20,25
01_13_12_04_0218.bmp,1,12,4,16,13,0.83889,0.08969,0.14225,clahe,20,24,24,12,20,25
01_13_12_04_0219.bmp,0,12,4,16,13,0.69264,0.1068,0.23846,passthrough,25,25,23,31,20,25
01_13_12_04_0219.bmp,1,12,4,16,13,0.83984,0.09231,0.14652,clahe,20,13,13,12,20,11
01_13_12_04_0223.bmp,1,12,4,16,13,0.84052,0.09216,0.1569,clahe,25,25,25,12,25,25
01_13_12_04_0224.bmp,1,12,4,16,13,0.84083,0.09291,0.20452,clahe,20,25,25,11,20,11
01_13_12_04_0228.bmp,0,12,4,16,13,0.65019,0.11363,0.24257,passthrough,25,25,25,31,20,25
01_13_12_04_0229.bmp,1,12,4,16,13,0.84118,0.09227,0.20879,clahe,20,25,25,11,20,11
01_13_12_04_0230.bmp,0,12,4,16,13,0.63611,0.11876,0.21138,passthrough,25,25,24,13,20,25
01_13_12_04_0231.bmp,1,12,4,16,13,0.84461,0.09016,0.11661,clahe,20,40,40,12,20,11
01_13_12_04_0232.bmp,0,12,4,16,13,0.6236,0.11832,0.20636,passthrough,25,25,13,13,19,25
01_13_12_04_0232.bmp,1,12,4,16,13,0.84474,0.09345,0.16789,clahe,20,39,39,12,20,11
01_13_12_04_0234.bmp,1,12,4,16,13,0.84565,0.09584,0.20513,clahe,25,25,25,11,25,1
01_13_12_04_0235.bmp,0,12,4,16,13,0.6107,0.12569,0.21257,passthrough,25,25,13,13,20,25
01_13_12_04_0236.bmp,0,12,4,16,13,0.60615,0.13286,0.21535,passthrough,25,25,25,13,20,25
01_13_12_04_0236.bmp,1,12,4,16,13,0.84289,0.09425,0.19597,clahe,20,40,40,12,20,11
01_13_12_04_0237.bmp,1,12,4,16,13,0.8438,0.09157,0.19292,clahe,20,40,40,12,20,25
01_13_12_04_0238.bmp,1,12,4,16,13,0.84406,0.09428,0.19963,clahe,20,40,40,12,20,11
01_13_12_04_0239.bmp,0,12,4,16,13,0.59953,0.14159,0.24805,passthrough,25,25,40,13,13,25
01_13_12_04_0241.bmp,0,12,4,16,13,0.59255,0.15096,0.21149,passthrough,25,25,13,13,24,25
01_13_12_04_0243.bmp,0,12,4,16,13,0.57263,0.16107,0.18924,passthrough,25,25,40,13,25,25
01_13_12_04_0244.bmp,0,12,4,16,13,0.56155,0.16633,0.21106,passthrough,25,25,13,13,25,25
01_13_12_04_0244.bmp,1,12,4,16,13,0.84236,0.09376,0.1746,clahe,20,40,40,12,20,1
01_13_12_04_0248.bmp,1,12,4,16,13,0.84251,0.09085,0.17338,clahe,20,13,13,12,20,11
01_13_12_04_0249.bmp,0,12,4,16,13,0.50684,0.17028,0.21675,passthrough,13,13,13,13,13,13
01_13_12_04_0250.bmp,1,12,4,16,13,0.84149,0.09218,0.09829,clahe,20,40,40,12,20,11
01_13_12_04_0251.bmp,1,12,4,16,13,0.84282,0.09354,0.1569,clahe,20,40,40,12,20,25
01_13_12_04_0253.bmp,0,12,4,16,13,0.51202,0.17348,0.18137,passthrough,13,13,13,13,13,13
01_13_12_04_0255.bmp,1,12,4,16,13,0.8419,0.09402,0.16667,clahe,20,23,23,12,20,25
01_13_12_04_0256.bmp,1,12,4,16,13,0.84121,0.09119,0.11783,clahe,2,40,40,12,2,11
01_13_12_04_0258.bmp,1,12,4,16,13,0.8418,0.0918,0.11722,clahe,2,23,23,12,2,11
01_13_12_04_0259.bmp,0,12,4,16,13,0.50885,0.16685,0.19848,passthrough,13,13,13,13,13,13
01_13_12_04_0262.bmp,1,12,4,16,13,0.8406,0.09271,0.17277,clahe,25,40,40,12,25,1
01_13_12_04_0263.bmp,0,12,4,16,13,0.50905,0.16646,0.17583,passthrough,13,13,13,13,20,13
01_13_12_04_0264.bmp,0,12,4,16,13,0.50891,0.16249,0.16173,passthrough,13,13,40,13,20,13
01_13_12_04_0264.bmp,1,12,4,16,13,0.8413,0.09038,0.17338,clahe,20,25,25,11,20,25
01_13_12_04_0268.bmp,1,12,4,16,13,0.84417,0.09127,0.05372,clahe,20,12,12,12,20,11
01_13_12_04_0269.bmp,0,12,4,16,13,0.50265,0.14885,0.16489,passthrough,25,25,13,13,40,25
01_13_12_04_0269.bmp,1,12,4,16,13,0.84187,0.09462,0.23199,clahe,20,40,40,11,20,25
01_13_12_04_0271.bmp,0,12,4,16,13,0.84496,0.09258,0.20208,clahe,20,40,40,12,20,11
01_13_12_04_0274.bmp,0,12,4,16,13,0.84277,0.0933,0.17766,clahe,20,40,40,12,20,11
01_13_12_04_0275.bmp,0,12,4,16,13,0.84352,0.09262,0.17094,clahe,20,25,25,12,20,11
01_13_12_04_0276.bmp,0,12,4,16,13,0.84151,0.09196,0.23871,clahe,20,40,40,11,20,11
01_13_12_04_0277.bmp,0,12,4,16,13,0.84195,0.09222,0.17888,clahe,20,2,2,12,20,11
01_13_12_04_0278.bmp,0,12,4,16,13,0.84193,0.09219,0.17705,clahe,20,40,40,12,20,25
01_13_12_04_0279.bmp,0,12,4,16,13,0.84128,0.09189,0.16239,clahe,20,40,40,11,20,11
01_13_12_04_0283.bmp,0,12,4,16,13,0.84299,0.09178,0.19597,clahe,20,40,40,12,20,25
01_13_12_04_0284.bmp,0,12,4,16,13,0.84443,0.09391,0.22344,clahe,20,40,40,12,20,25
01_13_12_04_0285.bmp,0,12,4,16,13,0.84233,0.09322,0.22894,clahe,20,40,40,11,20,25
01_13_12_04_0286.bmp,0,12,4,16,13,0.84168,0.09031,0.18498,clahe,20,25,25,12,20,25
01_13_12_04_0287.bmp,0,12,4,16,13,0.84303,0.09157,0.18254,clahe,20,40,40,12,20,11
01_13_12_04_0289.bmp,0,12,4,16,13,0.84083,0.09325,0.16728,clahe,20,25,25,12,20,2
01_13_12_04_0290.bmp,0,12,4,16,13,0.84189,0.09203,0.13614,clahe,20,25,25,12,20,11
01_13_12_04_0293.bmp,0,12,4,16,13,0.84006,0.09324,0.18559,clahe,20,40,40,12,20,11
01_13_12_04_0294.bmp,0,12,4,16,13,0.84129,0.09472,0.22344,clahe,20,13,13,12,20,25
01_13_12_04_0296.bmp,0,12,4,16,13,0.8404,0.0924,0.17216,clahe,20,40,40,12,20,11
01_13_12_04_0299.bmp,0,12,4,16,13,0.83927,0.09157,0.12821,clahe,20,25,25,12,20,25
01_13_12_04_0301.bmp,0,12,4,16,13,0.83674,0.09223,0.26496,clahe,20,40,40,12,20,11
01_13_12_04_0302.bmp,0,12,4,16,13,0.83986,0.09136,0.1294,clahe,2,40,40,12,2,25
01_13_12_04_0304.bmp,0,12,4,16,13,0.83452,0.09142,0.18366,clahe,20,25,25,12,20,25
01_13_12_04_0306.bmp,0,12,4,16,13,0.83543,0.08774,0.17054,clahe,20,40,40,12,20,11
01_13_12_04_0308.bmp,0,12,4,16,13,0.83367,0.09072,0.12284,clahe,20,25,25,31,20,1
01_13_12_04_0312.bmp,0,12,4,16,13,0.82821,0.09291,0.17841,clahe,25,13,13,11,25,11
01_13_12_04_0315.bmp,0,12,4,16,13,0.82613,0.09285,0.15389,clahe,25,13,13,12,25,25
01_13_12_04_0316.bmp,0,12,4,16,13,0.82455,0.09089,0.12466,clahe,20,25,25,11,20,11
01_13_12_04_0328.bmp,0,12,4,16,13,0.80772,0.09674,0.17726,clahe,25,25,25,11,25,25
01_13_12_04_0333.bmp,0,12,4,16,13,0.79652,0.10108,0.18104,clahe,20,25,25,11,20,25
01_13_12_04_0338.bmp,0,12,4,16,13,0.78013,0.10933,0.23845,passthrough,25,25,25,11,20,25
01_13_12_04_0341.bmp,0,12,4,16,13,0.77136,0.11727,0.23056,passthrough,25,25,40,13,25,25
01_13_12_04_0342.bmp,0,12,4,16,13,0.76567,0.11402,0.26305,passthrough,25,25,13,13,13,25
01_13_12_04_0343.bmp,0,12,4,16,13,0.75914,0.11967,0.2641,passthrough,11,11,13,13,13,11
01_13_12_04_0344.bmp,0,12,4,16,13,0.75466,0.11875,0.27333,passthrough,25,25,13,13,25,25
01_13_12_04_0348.bmp,0,12,4,16,13,0.72471,0.12871,0.23077,passthrough,25,25,13,13,25,25
01_13_12_04_0349.bmp,0,12,4,16,13,0.71506,0.13168,0.23302,passthrough,25,25,25,13,25,25
01_13_12_04_0352.bmp,0,12,4,16,13,0.66943,0.13344,0.21814,passthrough,25,25,13,13,25,25
01_13_12_04_0356.bmp,0,12,4,16,13,0.60041,0.12062,0.17302,passthrough,25,25,25,31,25,25
01_13_12_04_0360.bmp,0,12,4,16,13,0.53178,0.16197,0.20167,passthrough,25,25,13,13,20,25
01_13_12_04_0363.bmp,0,12,4,16,13,0.52703,0.16674,0.13544,passthrough,13,13,13,13,20,13
01_13_12_04_0367.bmp,0,12,4,16,13,0.52937,0.17515,0.19323,passthrough,13,13,13,13,2,13
01_13_12_04_0370.bmp,0,12,4,16,13,0.52947,0.1693,0.16548,passthrough,13,13,13,13,20,13
01_13_12_04_0371.bmp,0,12,4,16,13,0.51507,0.16,0.16347,passthrough,25,25,13,13,20,25
01_13_12_04_0372.bmp,0,12,4,16,13,0.50783,0.15613,0.18124,passthrough,13,13,13,13,13,13
01_13_12_04_0374.bmp,0,12,4,16,13,0.51073,0.1544,0.20609,passthrough,13,13,13,13,24,13
01_13_12_04_0377.bmp,0,12,4,16,13,0.51228,0.15845,0.16035,passthrough,25,25,13,13,23,25
01_13_12_04_0378.bmp,0,12,4,16,13,0.52167,0.17027,0.20306,passthrough,13,13,13,13,25,13
01_13_12_04_0382.bmp,0,12,4,16,13,0.53127,0.18192,0.2072,passthrough,25,25,25,13,25,25
01_13_12_04_0384.bmp,0,12,4,16,13,0.53714,0.17495,0.17974,passthrough,25,25,25,13,25,25
01_13_12_04_0387.bmp,0,12,4,16,13,0.85853,0.08517,0.19008,clahe,42,12,12,12,42,11
01_13_12_04_0389.bmp,0,12,4,16,13,0.85847,0.07663,0.04132,clahe,42,40,40,12,42,11
01_13_12_04_0390.bmp,0,12,4,16,13,0.85516,0.08497,0.0,clahe,1,40,40,12,1,10
01_13_12_04_0393.bmp,0,12,4,16,13,0.86148,0.08278,0.07438,clahe,42,39,39,12,42,13
01_13_12_04_0397.bmp,0,12,4,16,13,0.86482,0.08399,0.20661,clahe,42,12,12,12,42,13
01_13_12_04_0399.bmp,0,12,4,16,13,0.86044,0.08313,0.02479,clahe,11,40,40,12,11,11
01_13_12_04_0400.bmp,0,12,4,16,13,0.86135,0.0845,0.10744,clahe,11,12,12,12,11,11
01_13_12_04_0401.bmp,0,12,4,16,13,0.85879,0.09234,0.28099,clahe,12,25,25,12,12,12
01_13_12_04_0402.bmp,0,12,4,16,13,0.86829,0.08159,0.0,clahe,11,40,40,12,11,11
01_13_12_04_0406.bmp,0,12,4,16,13,0.86223,0.07952,0.18182,clahe,6,1,1,12,6,11
01_13_12_04_0407.bmp,0,12,4,16,13,0.85847,0.08522,0.05785,clahe,12,12,12,12,12,11
01_13_12_04_0416.bmp,0,12,4,16,13,0.85727,0.08657,0.31405,clahe,42,40,40,12,42,11
01_13_12_04_0419.bmp,0,12,4,16,13,0.85224,0.08739,0.18182,clahe,25,26,26,31,25,10
01_13_12_04_0420.bmp,0,12,4,16,13,0.8573,0.09431,0.10744,clahe,42,12,12,12,42,11
01_13_12_04_0424.bmp,0,12,4,16,13,0.85581,0.08098,0.0,clahe,42,12,12,12,42,13
01_13_12_04_0429.bmp,0,12,4,16,13,0.85061,0.09111,0.24176,clahe,2,12,12,11,2,11
01_13_12_04_0433.bmp,0,12,4,16,13,0.85341,0.09256,0.2381,clahe,20,40,40,12,20,10
01_13_12_04_0437.bmp,0,12,4,16,13,0.85305,0.09759,0.35238,clahe,12,12,12,11,12,11
01_13_12_04_0444.bmp,0,12,4,16,13,0.84588,0.09218,0.20221,clahe,40,40,40,12,40,11
01_13_12_04_0445.bmp,0,12,4,16,13,0.84381,0.08854,0.09559,clahe,20,25,25,11,20,11
01_13_12_04_0446.bmp,0,12,4,16,13,0.84458,0.09225,0.15441,clahe,20,26,26,11,20,11
01_13_12_04_0447.bmp,0,12,4,16,13,0.84499,0.08995,0.32422,clahe,19,40,40,12,19,11
01_13_12_04_0453.bmp,0,12,4,16,13,0.83271,0.09544,0.24091,clahe,20,25,25,11,20,25
01_13_12_04_0457.bmp,0,12,4,16,13,0.8305,0.09469,0.17391,clahe,40,40,40,11,40,25
01_13_12_04_0459.bmp,0,12,4,16,13,0.83475,0.09125,0.19565,clahe,40,39,39,12,40,25
01_13_12_04_0461.bmp,0,12,4,16,13,0.83593,0.09354,0.18913,clahe,40,25,25,12,40,11
01_13_12_04_0464.bmp,0,12,4,16,13,0.83615,0.10103,0.24901,clahe,40,40,40,12,40,1
01_13_12_04_0466.bmp,0,12,4,16,13,0.82846,0.10086,0.22222,clahe,19,40,40,12,19,25
01_13_12_04_0468.bmp,0,12,4,16,13,0.82398,0.10363,0.22253,clahe,40,40,40,12,40,13
01_13_12_04_0469.bmp,0,12,4,16,13,0.82078,0.0978,0.2119,clahe,20,40,40,12,20,11
01_13_12_04_0472.bmp,0,12,4,16,13,0.81552,0.10425,0.28017,clahe,20,26,26,11,20,25
01_13_12_04_0473.bmp,0,12,4,16,13,0.81567,0.10109,0.2069,clahe,20,24,24,11,20,25
01_13_12_04_0475.bmp,0,12,4,16,13,0.80799,0.10276,0.15798,clahe,20,25,25,13,20,25
01_13_12_04_0476.bmp,0,12,4,16,13,0.80727,0.10198,0.20906,clahe,20,14,14,13,20,11
01_13_12_04_0483.bmp,0,12,4,16,13,0.78967,0.10047,0.18239,clahe,40,24,24,31,40,25
01_13_12_04_0484.bmp,0,12,4,16,13,0.78618,0.09945,0.20652,clahe,20,25,25,13,20,25
01_13_12_04_0486.bmp,0,12,4,16,13,0.78175,0.10064,0.21591,clahe,20,25,25,13,20,25
01_13_12_04_0489.bmp,0,12,4,16,13,0.7778,0.10167,0.19333,clahe,25,25,25,13,25,25
01_13_12_04_0490.bmp,0,12,4,16,13,0.77975,0.1042,0.24776,clahe,25,24,24,13,25,25
01_13_12_04_0492.bmp,0,12,4,16,13,0.77497,0.10434,0.20664,clahe,25,40,40,13,25,25
01_13_12_04_0493.bmp,0,12,4,16,13,0.76942,0.10747,0.20215,passthrough,25,25,25,13,25,25
01_13_12_04_0494.bmp,0,12,4,16,13,0.76392,0.10565,0.18919,clahe,25,25,25,13,25,13
01_13_12_04_0495.bmp,0,12,4,16,13,0.76017,0.1065,0.18802,passthrough,25,25,24,13,25,25
01_13_12_04_0496.bmp,0,12,4,16,13,0.75474,0.1057,0.20551,clahe,25,25,25,13,25,25
01_13_12_04_0501.bmp,0,12,4,16,13,0.7285,0.11271,0.20063,passthrough,25,25,24,13,25,25
01_13_12_04_0503.bmp,0,12,4,16,13,0.71489,0.11742,0.19597,passthrough,25,25,13,13,25,25
01_13_12_04_0506.bmp,0,12,4,16,13,0.6963,0.12262,0.17868,passthrough,25,25,13,13,25,25
01_13_12_04_0509.bmp,0,12,4,16,13,0.65848,0.12756,0.18758,passthrough,25,25,13,13,20,25
01_13_12_04_0512.bmp,0,12,4,16,13,0.62142,0.1336,0.1795,passthrough,13,13,13,13,25,13
01_13_12_04_0513.bmp,0,12,4,16,13,0.61376,0.13432,0.17879,passthrough,25,25,13,13,20,25
01_13_12_04_0518.bmp,0,12,4,16,13,0.66579,0.09605,0.3007,clahe,6,40,40,31,6,11
01_13_12_04_0519.bmp,0,12,4,16,13,0.6577,0.0999,0.22378,clahe,42,39,39,31,42,11
01_13_12_04_0520.bmp,0,12,4,16,13,0.66022,0.09603,0.31469,clahe,0,23,23,31,0,12
01_13_12_04_0522.bmp,0,12,4,16,13,0.65112,0.10186,0.36364,clahe,12,11,11,31,12,11
01_13_12_04_0525.bmp,0,12,4,16,13,0.64785,0.11251,0.29934,passthrough,11,11,39,31,40,11
01_13_12_04_0527.bmp,0,12,4,16,13,0.6559,0.11136,0.32292,passthrough,11,11,40,31,40,11
01_13_12_04_0528.bmp,0,12,4,16,13,0.64366,0.09585,0.16783,clahe,1,40,40,31,1,12
01_13_12_04_0529.bmp,0,12,4,16,13,0.66247,0.11697,0.30208,passthrough,13,13,25,31,40,13
01_13_12_04_0530.bmp,0,12,4,16,13,0.64401,0.09008,0.13986,clahe,25,25,25,31,25,13
01_13_12_04_0532.bmp,0,12,4,16,13,0.64116,0.10149,0.36364,clahe,16,4,4,31,16,11
01_13_12_04_0533.bmp,0,12,4,16,13,0.67056,0.11516,0.21181,passthrough,11,11,23,31,40,11
01_13_12_04_0535.bmp,0,12,4,16,13,0.66348,0.1155,0.32639,passthrough,11,11,40,31,2,11
01_13_12_04_0539.bmp,0,12,4,16,13,0.66844,0.12051,0.31481,passthrough,11,11,38,31,19,11
01_13_12_04_0540.bmp,0,12,4,16,13,0.63373,0.09388,0.1958,clahe,12,40,40,31,12,12
01_13_12_04_0546.bmp,0,12,4,16,13,0.6272,0.09334,0.25175,clahe,25,37,37,31,25,12
01_13_12_04_0547.bmp,0,12,4,16,13,0.66673,0.11156,0.375,passthrough,25,25,40,31,40,25
01_13_12_04_0549.bmp,0,12,4,16,13,0.65759,0.11335,0.36601,passthrough,25,25,40,31,19,25
01_13_12_04_0553.bmp,0,12,4,16,13,0.66047,0.10694,0.25617,passthrough,25,25,38,31,20,25
01_13_12_04_0556.bmp,0,12,4,16,13,0.62199,0.09988,0.28671,clahe,40,40,40,31,40,10
01_13_12_04_0557.bmp,0,12,4,16,13,0.65341,0.11271,0.28889,passthrough,25,25,40,31,40,25
01_13_12_04_0559.bmp,0,12,4,16,13,0.65568,0.11798,0.31389,passthrough,25,25,26,31,40,25
01_13_12_04_0567.bmp,0,12,4,16,13,0.64314,0.1118,0.31605,passthrough,25,25,25,31,20,25
01_13_12_04_0576.bmp,0,12,4,16,13,0.57236,0.11494,0.32692,passthrough,25,25,38,31,23,25
01_13_12_04_0578.bmp,0,12,4,16,13,0.56648,0.10253,0.23529,clahe,2,40,40,31,2,25
01_13_12_04_0584.bmp,0,12,4,16,13,0.54701,0.12314,0.33484,passthrough,12,12,40,31,40,12
01_13_12_04_0585.bmp,0,12,4,16,13,0.66248,0.1063,0.26159,passthrough,25,25,40,31,25,25
01_13_12_04_0587.bmp,0,12,4,16,13,0.66075,0.10491,0.26873,clahe,20,25,25,31,20,25
01_13_12_04_0591.bmp,0,12,4,16,13,0.66435,0.10739,0.21875,passthrough,25,25,7,31,2,25
01_13_12_04_0593.bmp,0,12,4,16,13,0.66222,0.10811,0.19827,passthrough,25,25,25,31,20,25
01_13_12_04_0595.bmp,0,12,4,16,13,0.66545,0.10993,0.23896,passthrough,25,25,40,13,25,25
01_13_12_04_0601.bmp,0,12,4,16,13,0.66851,0.11094,0.22222,passthrough,25,25,25,31,20,25
01_13_12_04_0603.bmp,0,12,4,16,13,0.65875,0.11183,0.21905,passthrough,25,25,40,13,40,25
01_13_12_04_0606.bmp,0,12,4,16,13,0.64928,0.11242,0.24891,passthrough,25,25,13,31,20,25
01_13_12_04_0607.bmp,0,12,4,16,13,0.64705,0.11537,0.26066,passthrough,25,25,13,13,19,25
01_13_12_04_0608.bmp,0,12,4,16,13,0.6463,0.1129,0.25378,passthrough,25,25,13,13,25,25
01_13_12_04_0611.bmp,0,12,4,16,13,0.64573,0.1173,0.25474,passthrough,25,25,24,13,20,25
01_13_12_04_0617.bmp,0,12,4,16,13,0.64505,0.12613,0.23383,passthrough,25,25,25,13,25,25
01_13_12_04_0619.bmp,0,12,4,16,13,0.64137,0.13044,0.20705,passthrough,25,25,13,13,25,25
01_13_12_04_0622.bmp,0,12,4,16,13,0.61736,0.13512,0.23244,passthrough,25,25,25,13,25,25
01_03_12_05_0005.bmp,0,12,5,16,9,0.69953,0.10733,0.35362,passthrough,11,11,25,31,40,11
01_03_12_05_0006.bmp,0,12,5,16,9,0.69302,0.09979,0.24638,clahe,2,40,40,31,2,11
01_03_12_05_0008.bmp,0,12,5,16,9,0.68297,0.1031,0.29722,clahe,2,12,12,31,2,25
01_03_12_05_0009.bmp,0,12,5,16,9,0.67849,0.10521,0.31111,clahe,25,12,12,31,25,25
01_03_12_05_0014.bmp,0,12,5,16,9,0.66597,0.10221,0.25103,clahe,23,40,40,31,23,25
01_03_12_05_0015.bmp,0,12,5,16,9,0.66075,0.10392,0.28395,clahe,40,13,13,31,40,25
01_03_12_05_0024.bmp,0,12,5,16,9,0.60688,0.11356,0.2807,passthrough,25,25,12,13,25,25
01_03_12_05_0028.bmp,0,12,5,16,9,0.57874,0.11291,0.27415,passthrough,25,25,40,32,2,25
01_03_12_05_0032.bmp,0,12,5,16,9,0.54703,0.11343,0.28019,passthrough,25,25,40,13,2,25
01_03_12_05_0038.bmp,0,12,5,16,9,0.51288,0.11505,0.1959,passthrough,25,25,40,32,20,25
01_03_12_05_0039.bmp,0,12,5,16,9,0.50592,0.11327,0.26233,passthrough,25,25,40,13,2,25
01_03_12_05_0040.bmp,0,12,5,16,9,0.50254,0.11783,0.32625,passthrough,25,25,40,13,20,25
01_03_12_05_0043.bmp,0,12,5,16,9,0.50404,0.1247,0.25357,passthrough,25,25,13,13,23,25
01_03_12_05_0045.bmp,0,12,5,16,9,0.50345,0.1251,0.26752,passthrough,25,25,4,13,20,25
01_03_12_05_0046.bmp,0,12,5,16,9,0.5038,0.12602,0.25833,passthrough,25,25,14,13,20,25
01_03_12_05_0048.bmp,0,12,5,16,9,0.51113,0.13698,0.29662,passthrough,25,25,40,13,23,25
01_03_12_05_0051.bmp,0,12,5,16,9,0.5036,0.1286,0.27519,passthrough,25,25,25,13,23,25
01_03_12_05_0055.bmp,0,12,5,16,9,0.49971,0.12688,0.30075,passthrough,25,25,24,13,25,25
01_03_12_05_0056.bmp,0,12,5,16,9,0.68038,0.10132,0.2412,clahe,25,13,13,15,25,25
01_03_12_05_0059.bmp,0,12,5,16,9,0.67501,0.10261,0.19334,clahe,25,24,24,31,25,25
01_03_12_05_0063.bmp,0,12,5,16,9,0.65535,0.10219,0.23665,clahe,20,2,2,31,20,25
01_03_12_05_0064.bmp,0,12,5,16,9,0.64662,0.101,0.22058,clahe,25,40,40,31,25,25
01_03_12_05_0066.bmp,0,12,5,16,9,0.64066,0.10735,0.20608,passthrough,25,25,13,13,23,25
01_03_12_05_0069.bmp,0,12,5,16,9,0.64208,0.10811,0.22314,passthrough,25,25,25,13,25,25
01_03_12_05_0072.bmp,0,12,5,16,9,0.62996,0.10827,0.20497,passthrough,25,25,25,13,25,25
01_03_12_05_0073.bmp,0,12,5,16,9,0.62583,0.11063,0.18733,passthrough,25,25,25,13,25,25
01_03_12_05_0079.bmp,0,12,5,16,9,0.58166,0.1166,0.19621,passthrough,25,25,25,13,25,25
01_03_12_05_0082.bmp,0,12,5,16,9,0.56632,0.13269,0.21981,passthrough,25,25,25,13,25,25
01_03_12_05_0085.bmp,0,12,5,16,9,0.53568,0.12725,0.22048,passthrough,25,25,25,13,25,25
01_06_12_05_0001.bmp,0,12,5,16,14,0.71516,0.10903,0.31002,passthrough,25,25,25,32,20,25
01_06_12_05_0001.bmp,1,12,5,16,14,0.90415,0.08366,0.0375,clahe,25,25,25,3,25,11
01_06_12_05_0002.bmp,1,12,5,16,14,0.9006,0.0781,0.09167,clahe,40,12,12,11,40,11
01_06_12_05_0005.bmp,1,12,5,16,14,0.89324,0.0881,0.075,clahe,25,40,40,11,25,11
01_06_12_05_0006.bmp,0,12,5,16,14,0.70625,0.11277,0.25601,passthrough,25,25,25,32,20,25
01_06_12_05_0006.bmp,1,12,5,16,14,0.90217,0.07983,0.04989,clahe,20,25,25,11,20,11
01_06_12_05_0007.bmp,1,12,5,16,14,0.90028,0.07832,0.05215,clahe,20,25,25,11,20,11
01_06_12_05_0009.bmp,0,12,5,16,14,0.77515,0.1057,0.27879,clahe,20,25,25,32,20,25
01_06_12_05_0009.bmp,1,12,5,16,14,0.90215,0.08295,0.08571,clahe,40,40,40,11,40,1
01_06_12_05_0011.bmp,0,12,5,16,14,0.78956,0.09693,0.22553,clahe,25,20,20,32,25,25
01_06_12_05_0011.bmp,1,12,5,16,14,0.89961,0.08011,0.03333,clahe,2,26,26,11,2,11
01_06_12_05_0012.bmp,0,12,5,16,14,0.77949,0.09429,0.23682,clahe,20,40,40,11,20,25
01_06_12_05_0012.bmp,1,12,5,16,14,0.90252,0.08388,0.12422,clahe,20,25,25,11,20,11
01_06_12_05_0014.bmp,0,12,5,16,14,0.76902,0.09826,0.28571,clahe,25,25,25,32,25,25
01_06_12_05_0014.bmp,1,12,5,16,14,0.89862,0.08272,0.1118,clahe,20,40,40,11,20,11
01_06_12_05_0015.bmp,1,12,5,16,14,0.90085,0.07954,0.0163,clahe,20,40,40,11,20,11
01_06_12_05_0016.bmp,0,12,5,16,14,0.76219,0.09942,0.23639,clahe,20,40,40,32,20,25
01_06_12_05_0017.bmp,0,12,5,16,14,0.7575,0.09873,0.26697,clahe,24,25,25,1,24,25
01_06_12_05_0017.bmp,1,12,5,16,14,0.9031,0.08243,0.16296,clahe,19,12,12,11,19,1
01_06_12_05_0019.bmp,0,12,5,16,14,0.74812,0.1007,0.2765,clahe,20,25,25,1,20,25
01_06_12_05_0019.bmp,1,12,5,16,14,0.89974,0.08572,0.12,clahe,19,25,25,12,19,1
01_06_12_05_0025.bmp,1,12,5,16,14,0.89654,0.08032,0.0547,clahe,20,25,25,12,20,1
01_06_12_05_0026.bmp,1,12,5,16,14,0.89557,0.08356,0.04875,clahe,20,25,25,11,20,1
01_06_12_05_0029.bmp,0,12,5,16,14,0.6963,0.1075,0.25772,passthrough,25,25,25,25,20,25
01_06_12_05_0030.bmp,0,12,5,16,14,0.68562,0.10623,0.25463,passthrough,25,25,25,25,20,25
01_06_12_05_0033.bmp,0,12,5,16,14,0.6631,0.1071,0.25991,passthrough,25,25,25,25,25,25
01_06_12_05_0033.bmp,1,12,5,16,14,0.63666,0.13469,0.38278,passthrough,25,25,25,31,2,25
01_06_12_05_0034.bmp,1,12,5,16,14,0.62828,0.11892,0.311,passthrough,12,12,25,31,0,12
01_06_12_05_0037.bmp,1,12,5,16,14,0.62041,0.12054,0.19167,passthrough,12,12,25,31,0,12
01_06_12_05_0038.bmp,0,12,5,16,14,0.61322,0.1132,0.26435,passthrough,25,25,25,25,25,25
01_06_12_05_0038.bmp,1,12,5,16,14,0.61034,0.11728,0.27083,passthrough,12,12,39,31,0,12
01_06_12_05_0039.bmp,0,12,5,16,14,0.60262,0.11709,0.26244,passthrough,25,25,25,25,25,25
01_06_12_05_0039.bmp,1,12,5,16,14,0.61758,0.13911,0.31845,passthrough,25,25,40,31,0,25
01_06_12_05_0043.bmp,0,12,5,16,14,0.56626,0.12355,0.23878,passthrough,25,25,25,25,25,25
01_06_12_05_0046.bmp,0,12,5,16,14,0.55878,0.10141,0.23846,clahe,0,0,0,31,0,25
01_06_12_05_0048.bmp,0,12,5,16,14,0.54456,0.1039,0.15158,clahe,20,38,38,31,20,25
01_06_12_05_0050.bmp,0,12,5,16,14,0.56033,0.12173,0.24117,passthrough,25,25,25,31,20,25
01_06_12_05_0057.bmp,0,12,5,16,14,0.5435,0.13514,0.31863,passthrough,25,25,14,36,19,25
01_06_12_05_0061.bmp,0,12,5,16,14,0.51384,0.11159,0.25792,passthrough,25,25,14,32,20,25
01_06_12_05_0062.bmp,0,12,5,16,14,0.51965,0.13177,0.2556,passthrough,25,25,14,32,20,25
01_06_12_05_0064.bmp,0,12,5,16,14,0.52932,0.1542,0.25911,passthrough,25,25,25,32,20,25
01_06_12_05_0065.bmp,0,12,5,16,14,0.51579,0.14452,0.23887,passthrough,25,25,14,36,20,25
01_06_12_05_0069.bmp,0,12,5,16,14,0.51081,0.14525,0.27132,passthrough,25,25,2,32,20,25
01_06_12_05_0071.bmp,0,12,5,16,14,0.49162,0.1277,0.24246,passthrough,25,25,25,32,20,25
01_06_12_05_0072.bmp,0,12,5,16,14,0.48838,0.12712,0.24125,passthrough,25,25,25,32,25,25
01_06_12_05_0073.bmp,0,12,5,16,14,0.48504,0.11811,0.2389,passthrough,25,25,14,32,20,25
01_06_12_05_0076.bmp,0,12,5,16,14,0.47993,0.11399,0.26072,passthrough,25,25,25,13,20,25
01_06_12_05_0077.bmp,0,12,5,16,14,0.48539,0.12007,0.2655,passthrough,25,25,13,25,2,25
01_06_12_05_0078.bmp,0,12,5,16,14,0.48423,0.12651,0.28321,passthrough,25,25,25,25,25,25
01_06_12_05_0080.bmp,0,12,5,16,14,0.48402,0.12393,0.25624,passthrough,25,25,24,25,2,25
01_06_12_05_0082.bmp,0,12,5,16,14,0.48179,0.12151,0.27889,passthrough,25,25,25,25,25,25
01_06_12_05_0083.bmp,0,12,5,16,14,0.48384,0.12469,0.31224,passthrough,25,25,14,25,25,25
01_06_12_05_0084.bmp,0,12,5,16,14,0.48147,0.12525,0.24308,passthrough,25,25,20,25,20,25
01_11_12_05_0001.bmp,0,12,5,16,12,0.66958,0.10335,0.41148,clahe,0,40,40,31,0,11
01_11_12_05_0005.bmp,0,12,5,16,12,0.65351,0.1119,0.36842,passthrough,0,0,0,31,0,0
01_11_12_05_0009.bmp,0,12,5,16,12,0.63614,0.10755,0.25837,passthrough,25,25,40,31,0,25
01_11_12_05_0015.bmp,0,12,5,16,12,0.60901,0.12128,0.34643,passthrough,25,25,40,31,0,25
01_11_12_05_0017.bmp,0,12,5,16,12,0.61239,0.12264,0.27667,passthrough,25,25,26,31,40,25
01_11_12_05_0018.bmp,0,12,5,16,12,0.618,0.11891,0.24333,passthrough,12,12,26,32,40,12
01_11_12_05_0021.bmp,0,12,5,16,12,0.61654,0.11293,0.36829,passthrough,25,25,12,31,2,25
01_11_12_05_0023.bmp,0,12,5,16,12,0.63261,0.10872,0.29412,passthrough,25,25,4,31,20,25
01_11_12_05_0026.bmp,0,12,5,16,12,0.65088,0.11518,0.37778,passthrough,25,25,40,31,20,25
01_11_12_05_0028.bmp,0,12,5,16,12,0.6601,0.11035,0.28889,passthrough,25,25,40,32,23,25
01_11_12_05_0029.bmp,0,12,5,16,12,0.66435,0.11613,0.34,passthrough,25,25,12,32,40,25
01_11_12_05_0035.bmp,0,12,5,16,12,0.67863,0.11072,0.26075,passthrough,25,25,40,32,20,25
01_11_12_05_0036.bmp,0,12,5,16,12,0.67972,0.10373,0.27284,clahe,20,25,25,32,20,25
01_11_12_05_0038.bmp,0,12,5,16,12,0.68883,0.10326,0.25708,clahe,20,13,13,13,20,25
01_11_12_05_0039.bmp,0,12,5,16,12,0.69286,0.10662,0.31837,passthrough,25,25,40,32,19,25
01_11_12_05_0040.bmp,0,12,5,16,12,0.69897,0.09819,0.22653,clahe,40,40,40,31,40,11
01_11_12_05_0045.bmp,0,12,5,16,12,0.72529,0.09745,0.22258,clahe,20,25,25,11,20,25
01_11_12_05_0048.bmp,0,12,5,16,12,0.72366,0.10051,0.2246,clahe,2,40,40,11,2,25
01_11_12_05_0049.bmp,0,12,5,16,12,0.71842,0.09704,0.18478,clahe,20,13,13,32,20,25
01_11_12_05_0052.bmp,0,12,5,16,12,0.70535,0.1046,0.26147,clahe,19,26,26,11,19,25
01_11_12_05_0053.bmp,0,12,5,16,12,0.70129,0.10651,0.23913,passthrough,25,25,12,13,13,25
01_11_12_05_0054.bmp,0,12,5,16,12,0.70279,0.10783,0.26993,passthrough,25,25,20,13,19,25
01_11_12_05_0056.bmp,0,12,5,16,12,0.70206,0.10798,0.27476,passthrough,25,25,25,13,20,25
01_11_12_05_0058.bmp,0,12,5,16,12,0.69425,0.10901,0.27589,passthrough,25,25,40,11,20,25
01_11_12_05_0059.bmp,0,12,5,16,12,0.69106,0.11204,0.24688,passthrough,25,25,40,13,25,25
01_11_12_05_0060.bmp,0,12,5,16,12,0.69001,0.11079,0.22321,passthrough,25,25,35,13,20,25
01_11_12_05_0061.bmp,0,12,5,16,12,0.68717,0.11588,0.2308,passthrough,25,25,24,13,20,25
01_11_12_05_0062.bmp,0,12,5,16,12,0.68551,0.11417,0.24655,passthrough,25,25,26,13,25,25
01_11_12_05_0064.bmp,0,12,5,16,12,0.6773,0.11407,0.23387,passthrough,25,25,35,13,13,25
01_11_12_05_0066.bmp,0,12,5,16,12,0.66776,0.11688,0.22443,passthrough,25,25,40,32,25,25
01_11_12_05_0069.bmp,0,12,5,16,12,0.6493,0.12032,0.24208,passthrough,25,25,24,32,20,25
01_11_12_05_0071.bmp,0,12,5,16,12,0.63313,0.12386,0.24766,passthrough,25,25,24,13,25,25
01_11_12_05_0073.bmp,0,12,5,16,12,0.61753,0.12704,0.22585,passthrough,25,25,24,32,25,25
01_11_12_05_0079.bmp,0,12,5,16,12,0.55605,0.13753,0.21248,passthrough,25,25,13,25,24,25
01_11_12_05_0080.bmp,0,12,5,16,12,0.54279,0.1316,0.19677,passthrough,25,25,24,32,25,25
01_12_12_05_0001.bmp,0,12,5,16,17,0.68428,0.09179,0.23485,clahe,2,14,14,36,2,25
01_12_12_05_0002.bmp,0,12,5,16,17,0.68117,0.10767,0.19697,passthrough,25,25,26,31,40,25
01_12_12_05_0002.bmp,1,12,5,16,17,0.95255,0.06672,0.01515,clahe,25,26,26,11,25,11
01_12_12_05_0003.bmp,0,12,5,16,17,0.67951,0.11055,0.14762,passthrough,25,25,25,31,20,25
01_12_12_05_0005.bmp,0,12,5,16,17,0.6759,0.11691,0.21,passthrough,11,11,23,31,40,11
01_12_12_05_0006.bmp,0,12,5,16,17,0.66925,0.1193,0.21,passthrough,25,25,40,17,23,25
01_12_12_05_0007.bmp,0,12,5,16,17,0.66442,0.12206,0.22857,passthrough,25,25,23,17,20,25
01_12_12_05_0009.bmp,1,12,5,16,17,0.95015,0.06043,0.0,clahe,12,40,40,12,12,11
01_12_12_05_0015.bmp,0,12,5,16,17,0.63715,0.12425,0.27122,passthrough,25,25,23,15,23,25
01_12_12_05_0016.bmp,0,12,5,16,17,0.63667,0.12861,0.14493,passthrough,25,25,26,31,23,25
01_12_12_05_0017.bmp,0,12,5,16,17,0.63117,0.13005,0.22981,passthrough,25,25,13,31,20,25
01_12_12_05_0017.bmp,1,12,5,16,17,0.95351,0.05934,0.0,clahe,42,12,12,12,42,11
01_12_12_05_0019.bmp,0,12,5,16,17,0.61738,0.12837,0.18909,passthrough,25,25,40,15,19,25
01_12_12_05_0019.bmp,1,12,5,16,17,0.95377,0.06027,0.0,clahe,25,25,25,11,25,11
01_12_12_05_0020.bmp,0,12,5,16,17,0.60769,0.12048,0.20434,passthrough,25,25,26,17,19,25
01_12_12_05_0020.bmp,1,12,5,16,17,0.9538,0.05683,0.0,clahe,25,34,34,12,25,11
01_12_12_05_0023.bmp,1,12,5,16,17,0.95015,0.07277,0.0,clahe,42,11,11,11,42,11
01_12_12_05_0026.bmp,0,12,5,16,17,0.5815,0.13425,0.15964,passthrough,25,25,40,17,23,25
01_12_12_05_0027.bmp,1,12,5,16,17,0.94082,0.0724,0.0,clahe,11,25,25,11,11,11
01_12_12_05_0030.bmp,0,12,5,16,17,0.59197,0.12246,0.13102,passthrough,25,25,24,31,25,25
01_12_12_05_0031.bmp,1,12,5,16,17,0.94759,0.06894,0.0,clahe,42,12,12,11,42,11
01_12_12_05_0032.bmp,1,12,5,16,17,0.94534,0.06975,0.0,clahe,12,26,26,12,12,11
01_12_12_05_0033.bmp,0,12,5,16,17,0.57582,0.1256,0.21298,passthrough,25,25,25,31,25,25
01_12_12_05_0034.bmp,0,12,5,16,17,0.56745,0.12709,0.2184,passthrough,25,25,25,17,25,25
01_12_12_05_0034.bmp,1,12,5,16,17,0.94932,0.06397,0.00758,clahe,12,13,13,11,12,11
01_12_12_05_0035.bmp,1,12,5,16,17,0.9492,0.06749,0.0,clahe,25,12,12,12,25,11
01_12_12_05_0036.bmp,1,12,5,16,17,0.9538,0.05855,0.0,clahe,42,40,40,12,42,11
01_12_12_05_0037.bmp,1,12,5,16,17,0.94881,0.06681,0.0,clahe,42,12,12,11,42,11
01_12_12_05_0040.bmp,0,12,5,16,17,0.52935,0.13893,0.19573,passthrough,25,25,25,36,23,25
01_12_12_05_0040.bmp,1,12,5,16,17,0.94602,0.06431,0.0,clahe,42,12,12,12,42,11
01_12_12_05_0041.bmp,0,12,5,16,17,0.53332,0.16435,0.17368,passthrough,25,25,25,36,23,25
01_12_12_05_0041.bmp,1,12,5,16,17,0.94201,0.06903,0.0,clahe,25,40,40,12,25,11
01_12_12_05_0042.bmp,0,12,5,16,17,0.51358,0.14803,0.17993,passthrough,25,25,25,36,25,25
01_12_12_05_0043.bmp,1,12,5,16,17,0.94843,0.06682,0.12879,clahe,12,40,40,12,12,11
01_12_12_05_0044.bmp,0,12,5,16,17,0.94358,0.06396,0.02273,clahe,25,40,40,12,25,11
01_12_12_05_0045.bmp,0,12,5,16,17,0.94914,0.07158,0.0,clahe,42,40,40,11,42,11
01_12_12_05_0047.bmp,0,12,5,16,17,0.94866,0.06907,0.03788,clahe,25,12,12,11,25,11
01_12_12_05_0052.bmp,0,12,5,16,17,0.94495,0.06463,0.0,clahe,25,25,25,11,25,11
01_12_12_05_0053.bmp,0,12,5,16,17,0.93984,0.07243,0.0,clahe,25,12,12,12,25,11
01_12_12_05_0054.bmp,0,12,5,16,17,0.93993,0.0706,0.17424,clahe,12,13,13,13,12,11
01_12_12_05_0058.bmp,0,12,5,16,17,0.94409,0.06639,0.0,clahe,0,1,1,11,0,1
01_12_12_05_0067.bmp,0,12,5,16,17,0.94223,0.07413,0.0,clahe,20,25,25,11,20,11
01_12_12_05_0068.bmp,0,12,5,16,17,0.93989,0.07127,0.0,clahe,40,25,25,12,40,11
01_12_12_05_0069.bmp,0,12,5,16,17,0.94276,0.06907,0.0,clahe,20,40,40,11,20,11
01_12_12_05_0074.bmp,0,12,5,16,17,0.94221,0.0699,0.01905,clahe,20,25,25,11,20,11
01_12_12_05_0076.bmp,0,12,5,16,17,0.9433,0.06901,0.01524,clahe,20,25,25,11,20,11
01_12_12_05_0077.bmp,0,12,5,16,17,0.94246,0.06884,0.02667,clahe,19,40,40,11,19,1
01_12_12_05_0079.bmp,0,12,5,16,17,0.93741,0.06998,0.0128,clahe,20,40,40,12,20,11
01_12_12_05_0080.bmp,0,12,5,16,17,0.94077,0.06914,0.008,clahe,20,40,40,11,20,11
01_12_12_05_0083.bmp,0,12,5,16,17,0.93684,0.07389,0.0288,clahe,20,25,25,11,20,11
01_12_12_05_0086.bmp,0,12,5,16,17,0.93385,0.07194,0.0976,clahe,20,2,2,12,20,11
01_12_12_05_0087.bmp,0,12,5,16,17,0.93323,0.07415,0.06519,clahe,20,40,40,11,20,1
01_12_12_05_0089.bmp,0,12,5,16,17,0.93262,0.07342,0.02615,clahe,20,25,25,11,20,1
01_12_12_05_0090.bmp,0,12,5,16,17,0.92951,0.0744,0.02308,clahe,20,12,12,11,20,11
01_12_12_05_0092.bmp,0,12,5,16,17,0.92931,0.07485,0.02714,clahe,20,25,25,11,20,11
01_12_12_05_0093.bmp,0,12,5,16,17,0.92968,0.07397,0.05857,clahe,2,11,11,11,2,1
01_12_12_05_0106.bmp,0,12,5,16,17,0.88818,0.0857,0.14358,clahe,2,25,25,11,2,2
01_12_12_05_0111.bmp,0,12,5,16,17,0.85765,0.09204,0.22222,clahe,20,40,40,11,20,11
01_12_12_05_0112.bmp,0,12,5,16,17,0.84785,0.09128,0.15122,clahe,20,25,25,11,20,25
01_12_12_05_0116.bmp,0,12,5,16,17,0.79027,0.10342,0.24359,clahe,20,25,25,17,20,25
01_13_12_05_0001.bmp,0,12,5,16,13,0.9052,0.08581,0.24359,clahe,23,25,25,11,23,11
01_13_12_05_0001.bmp,1,12,5,16,13,0.81097,0.1016,0.2,clahe,20,26,26,11,20,25
01_13_12_05_0004.bmp,1,12,5,16,13,0.83371,0.09741,0.17167,clahe,20,25,25,31,20,11
01_13_12_05_0007.bmp,0,12,5,16,13,0.90732,0.07882,0.04487,clahe,25,12,12,12,25,11
01_13_12_05_0007.bmp,1,12,5,16,13,0.82339,0.09994,0.25824,clahe,2,40,40,11,2,11
01_13_12_05_0009.bmp,0,12,5,16,13,0.90043,0.08993,0.25,clahe,12,40,40,11,12,11
01_13_12_05_0009.bmp,1,12,5,16,13,0.80228,0.1035,0.22253,clahe,20,25,25,11,20,11
01_13_12_05_0010.bmp,0,12,5,16,13,0.90963,0.08569,0.15385,clahe,6,12,12,11,6,11
01_13_12_05_0016.bmp,0,12,5,16,13,0.90513,0.08559,0.17308,clahe,11,25,25,11,11,11
01_13_12_05_0017.bmp,1,12,5,16,13,0.73223,0.13069,0.30769,passthrough,25,25,2,13,2,25
01_13_12_05_0019.bmp,0,12,5,16,13,0.90686,0.07584,0.0,clahe,25,23,23,11,25,11
01_13_12_05_0019.bmp,1,12,5,16,13,0.71996,0.13376,0.27074,passthrough,25,25,25,13,23,25
01_13_12_05_0021.bmp,0,12,5,16,13,0.90835,0.0753,0.01923,clahe,25,11,11,12,25,11
01_13_12_05_0022.bmp,0,12,5,16,13,0.90754,0.07385,0.0,clahe,12,40,40,12,12,11
01_13_12_05_0023.bmp,1,12,5,16,13,0.70067,0.13833,0.22914,passthrough,25,25,13,13,20,25
01_13_12_05_0024.bmp,0,12,5,16,13,0.91149,0.06764,0.0,clahe,23,40,40,12,23,11
01_13_12_05_0024.bmp,1,12,5,16,13,0.692,0.14239,0.30303,passthrough,25,25,40,13,20,25
01_13_12_05_0025.bmp,0,12,5,16,13,0.91141,0.07762,0.20513,clahe,23,40,40,12,23,11
01_13_12_05_0027.bmp,0,12,5,16,13,0.9141,0.07771,0.01923,clahe,25,40,40,12,25,11
01_13_12_05_0028.bmp,1,12,5,16,13,0.67247,0.1504,0.27604,passthrough,13,13,14,13,20,13
01_13_12_05_0029.bmp,1,12,5,16,13,0.66112,0.15468,0.32507,passthrough,13,13,40,13,13,13
01_13_12_05_0030.bmp,0,12,5,16,13,0.90955,0.08789,0.11538,clahe,12,40,40,12,12,11
01_13_12_05_0030.bmp,1,12,5,16,13,0.66258,0.14674,0.26912,passthrough,25,25,13,13,13,25
01_13_12_05_0031.bmp,0,12,5,16,13,0.90168,0.08969,0.07051,clahe,12,11,11,12,12,10
01_13_12_05_0031.bmp,1,12,5,16,13,0.66108,0.14699,0.25806,passthrough,25,25,13,13,2,25
01_13_12_05_0032.bmp,0,12,5,16,13,0.90913,0.07575,0.10897,clahe,40,12,12,11,40,11
01_13_12_05_0036.bmp,1,12,5,16,13,0.64415,0.16202,0.31613,passthrough,13,13,13,13,13,13
01_13_12_05_0037.bmp,0,12,5,16,13,0.91056,0.08827,0.05128,clahe,12,12,12,11,12,11
01_13_12_05_0037.bmp,1,12,5,16,13,0.64249,0.16631,0.26244,passthrough,13,13,13,13,2,13
01_13_12_05_0038.bmp,0,12,5,16,13,0.91684,0.08076,0.0,clahe,25,40,40,12,25,11
01_13_12_05_0038.bmp,1,12,5,16,13,0.64082,0.16528,0.25861,passthrough,13,13,13,13,13,13
01_13_12_05_0041.bmp,0,12,5,16,13,0.90685,0.08029,0.11316,clahe,22,40,40,12,22,1
01_13_12_05_0043.bmp,1,12,5,16,13,0.63255,0.17122,0.27279,passthrough,13,13,1,13,2,13
01_13_12_05_0045.bmp,1,12,5,16,13,0.62759,0.1684,0.23684,passthrough,13,13,13,13,2,13
01_13_12_05_0049.bmp,0,12,5,16,13,0.89781,0.08497,0.11111,clahe,20,12,12,12,20,11
01_13_12_05_0050.bmp,0,12,5,16,13,0.89602,0.08823,0.13294,clahe,19,12,12,11,19,11
01_13_12_05_0050.bmp,1,12,5,16,13,0.62992,0.16974,0.24605,passthrough,13,13,13,13,13,13
01_13_12_05_0052.bmp,1,12,5,16,13,0.63315,0.17085,0.25408,passthrough,13,13,13,13,13,13
01_13_12_05_0053.bmp,0,12,5,16,13,0.89617,0.08345,0.05905,clahe,20,2,2,12,20,11
01_13_12_05_0053.bmp,1,12,5,16,13,0.63551,0.17412,0.25965,passthrough,13,13,13,13,13,13
01_13_12_05_0054.bmp,0,12,5,16,13,0.88837,0.08638,0.13524,clahe,19,13,13,11,19,1
01_13_12_05_0055.bmp,1,12,5,16,13,0.63155,0.17011,0.28637,passthrough,13,13,13,13,19,13
01_13_12_05_0059.bmp,0,12,5,16,13,0.87797,0.09402,0.21333,clahe,40,11,11,12,40,11
01_13_12_05_0060.bmp,1,12,5,16,13,0.60015,0.18152,0.23523,passthrough,13,13,13,13,2,13
01_13_12_05_0062.bmp,1,12,5,16,13,0.61347,0.1878,0.23937,passthrough,13,13,13,13,13,13
01_13_12_05_0066.bmp,0,12,5,16,13,0.87364,0.09329,0.17772,clahe,20,25,25,12,20,11
01_13_12_05_0070.bmp,1,12,5,16,13,0.9462,0.06015,0.0,clahe,40,12,12,12,40,11
01_13_12_05_0072.bmp,1,12,5,16,13,0.94356,0.06978,0.0,clahe,12,12,12,12,12,11
01_13_12_05_0075.bmp,0,12,5,16,13,0.85857,0.09945,0.23126,clahe,20,25,25,11,20,1
01_13_12_05_0075.bmp,1,12,5,16,13,0.94277,0.06997,0.04396,clahe,0,4,4,12,0,11
01_13_12_05_0076.bmp,1,12,5,16,13,0.94768,0.0633,0.03846,clahe,11,11,11,11,11,11
01_13_12_05_0080.bmp,0,12,5,16,13,0.84976,0.09974,0.21556,clahe,20,25,25,13,20,11
01_13_12_05_0081.bmp,1,12,5,16,13,0.9403,0.07214,0.0,clahe,28,40,40,11,28,11
01_13_12_05_0082.bmp,0,12,5,16,13,0.84322,0.10023,0.25106,clahe,20,13,13,13,20,25
01_13_12_05_0083.bmp,0,12,5,16,13,0.83992,0.10476,0.25266,clahe,20,25,25,13,20,25
01_13_12_05_0084.bmp,1,12,5,16,13,0.94604,0.07186,0.03571,clahe,40,40,40,11,40,11
01_13_12_05_0086.bmp,0,12,5,16,13,0.82894,0.10818,0.21351,passthrough,13,13,13,13,20,13
01_13_12_05_0088.bmp,1,12,5,16,13,0.94022,0.07481,0.0,clahe,0,28,28,11,0,11
01_13_12_05_0089.bmp,0,12,5,16,13,0.81535,0.11251,0.28343,passthrough,25,25,40,13,20,25
01_13_12_05_0090.bmp,1,12,5,16,13,0.94436,0.06985,0.0,clahe,0,11,11,11,0,11
01_13_12_05_0091.bmp,0,12,5,16,13,0.80772,0.11527,0.24094,passthrough,25,25,25,13,25,25
01_13_12_05_0091.bmp,1,12,5,16,13,0.9428,0.06911,0.00962,clahe,0,1,1,11,0,11
01_13_12_05_0092.bmp,0,12,5,16,13,0.80511,0.11703,0.25007,passthrough,11,11,25,13,25,11
01_13_12_05_0093.bmp,0,12,5,16,13,0.7998,0.11543,0.24297,passthrough,25,25,24,13,20,25
01_13_12_05_0093.bmp,1,12,5,16,13,0.9438,0.07686,0.10084,clahe,0,11,11,11,0,11
01_13_12_05_0095.bmp,1,12,5,16,13,0.94135,0.07525,0.02885,clahe,40,12,12,11,40,11
01_13_12_05_0098.bmp,0,12,5,16,13,0.76625,0.12665,0.21901,passthrough,25,25,2,13,25,25
01_13_12_05_0101.bmp,0,12,5,16,13,0.74326,0.13275,0.21683,passthrough,25,25,13,13,25,25
01_13_12_05_0101.bmp,1,12,5,16,13,0.93888,0.06795,0.0,clahe,0,40,40,12,0,11
01_13_12_05_0104.bmp,0,12,5,16,13,0.71457,0.15428,0.20317,passthrough,13,13,13,13,25,13
01_13_12_05_0106.bmp,1,12,5,16,13,0.93525,0.0706,0.00554,clahe,20,40,40,12,20,11
01_13_12_05_0108.bmp,1,12,5,16,13,0.94003,0.06731,0.0352,clahe,40,25,25,12,40,11
01_13_12_05_0109.bmp,0,12,5,16,13,0.66446,0.16522,0.20313,passthrough,13,13,13,13,25,13
01_13_12_05_0111.bmp,1,12,5,16,13,0.9348,0.07132,0.05492,clahe,20,25,25,12,20,11
01_13_12_05_0113.bmp,0,12,5,16,13,0.61281,0.16587,0.19447,passthrough,13,13,13,13,24,13
01_13_12_05_0113.bmp,1,12,5,16,13,0.93693,0.07262,0.01562,clahe,20,25,25,12,20,1
01_13_12_05_0114.bmp,1,12,5,16,13,0.93405,0.07304,0.12326,clahe,20,40,40,12,20,11
01_13_12_05_0115.bmp,0,12,5,16,13,0.90996,0.07211,0.0,clahe,12,12,12,12,12,10
01_13_12_05_0116.bmp,1,12,5,16,13,0.93214,0.07452,0.01215,clahe,20,12,12,12,20,11
01_13_12_05_0117.bmp,1,12,5,16,13,0.93001,0.07341,0.00521,clahe,20,25,25,11,20,11
01_13_12_05_0119.bmp,1,12,5,16,13,0.92867,0.07355,0.0,clahe,2,25,25,12,2,1
01_13_12_05_0120.bmp,1,12,5,16,13,0.92829,0.07769,0.05382,clahe,20,40,40,11,20,11
01_13_12_05_0121.bmp,1,12,5,16,13,0.92668,0.07556,0.07465,clahe,20,25,25,11,20,1
01_13_12_05_0122.bmp,0,12,5,16,13,0.90291,0.08181,0.03309,clahe,40,25,25,12,40,11
01_13_12_05_0125.bmp,0,12,5,16,13,0.89607,0.07839,0.0,clahe,20,23,23,12,20,1
01_13_12_05_0128.bmp,0,12,5,16,13,0.88732,0.08344,0.16522,clahe,20,25,25,12,20,11
01_13_12_05_0128.bmp,1,12,5,16,13,0.92392,0.07666,0.04713,clahe,20,12,12,12,20,1
01_13_12_05_0130.bmp,1,12,5,16,13,0.9202,0.07885,0.1069,clahe,20,25,25,11,20,11
01_13_12_05_0131.bmp,0,12,5,16,13,0.8842,0.08919,0.16143,clahe,19,40,40,12,19,11
01_13_12_05_0131.bmp,1,12,5,16,13,0.91862,0.07748,0.07396,clahe,20,40,40,12,20,11
01_13_12_05_0132.bmp,0,12,5,16,13,0.88163,0.08438,0.16286,clahe,20,25,25,11,20,11
01_13_12_05_0132.bmp,1,12,5,16,13,0.91808,0.0783,0.09167,clahe,2,25,25,11,2,25
01_13_12_05_0134.bmp,1,12,5,16,13,0.9162,0.07789,0.02923,clahe,2,25,25,12,2,1
01_13_12_05_0136.bmp,0,12,5,16,13,0.87212,0.08733,0.06022,clahe,20,25,25,12,20,1
01_13_12_05_0137.bmp,0,12,5,16,13,0.8667,0.08776,0.16196,clahe,20,40,40,12,20,11
01_13_12_05_0137.bmp,1,12,5,16,13,0.9165,0.07701,0.06506,clahe,20,40,40,12,20,11
01_13_12_05_0138.bmp,1,12,5,16,13,0.91369,0.07928,0.05966,clahe,20,40,40,12,20,1
01_13_12_05_0139.bmp,1,12,5,16,13,0.91233,0.08054,0.11597,clahe,20,0,0,11,20,1
01_13_12_05_0140.bmp,1,12,5,16,13,0.91455,0.07817,0.00245,clahe,20,11,11,12,20,11
01_13_12_05_0141.bmp,1,12,5,16,13,0.91304,0.08026,0.13571,clahe,20,25,25,12,20,1
01_13_12_05_0146.bmp,1,12,5,16,13,0.91303,0.07751,0.01161,clahe,20,25,25,12,20,11
01_13_12_05_0148.bmp,0,12,5,16,13,0.81996,0.0923,0.15022,clahe,20,2,2,12,20,1
01_13_12_05_0149.bmp,1,12,5,16,13,0.91103,0.07986,0.16923,clahe,20,25,25,12,20,1
01_13_12_05_0150.bmp,0,12,5,16,13,0.80731,0.09365,0.14143,clahe,25,40,40,31,25,25
01_13_12_05_0151.bmp,0,12,5,16,13,0.79927,0.09515,0.13339,clahe,25,26,26,31,25,25
01_13_12_05_0151.bmp,1,12,5,16,13,0.90908,0.07862,0.04176,clahe,20,40,40,12,20,1
01_13_12_05_0153.bmp,0,12,5,16,13,0.78407,0.09648,0.16182,clahe,25,25,25,31,25,11
01_13_12_05_0155.bmp,0,12,5,16,13,0.76689,0.09788,0.17263,clahe,25,25,25,31,25,25
01_13_12_05_0155.bmp,1,12,5,16,13,0.91031,0.08064,0.05983,clahe,20,40,40,12,20,1
01_13_12_05_0156.bmp,0,12,5,16,13,0.756,0.09848,0.12042,clahe,25,40,40,31,25,25
01_13_12_05_0157.bmp,0,12,5,16,13,0.74335,0.10234,0.15101,clahe,25,40,40,31,25,25
01_13_12_05_0160.bmp,0,12,5,16,13,0.70349,0.10839,0.17468,passthrough,25,25,24,31,25,25
01_13_12_05_0161.bmp,1,12,5,16,13,0.90992,0.07931,0.02579,clahe,25,40,40,12,25,1
01_13_12_05_0164.bmp,0,12,5,16,13,0.63844,0.12549,0.1624,passthrough,25,25,40,13,25,25
01_13_12_05_0165.bmp,1,12,5,16,13,0.91068,0.07935,0.02646,clahe,20,25,25,12,20,1
01_13_12_05_0168.bmp,0,12,5,16,13,0.9287,0.07621,0.00758,clahe,42,40,40,11,42,11
01_13_12_05_0169.bmp,0,12,5,16,13,0.92796,0.0755,0.0303,clahe,25,13,13,11,25,10
01_13_12_05_0170.bmp,0,12,5,16,13,0.93289,0.06792,0.12879,clahe,1,12,12,12,1,11
01_13_12_05_0170.bmp,1,12,5,16,13,0.90817,0.08096,0.08584,clahe,20,40,40,12,20,1
01_13_12_05_0171.bmp,0,12,5,16,13,0.92983,0.07565,0.08333,clahe,42,12,12,12,42,11
01_13_12_05_0172.bmp,1,12,5,16,13,0.90861,0.07958,0.07222,clahe,20,40,40,12,20,1
01_13_12_05_0174.bmp,0,12,5,16,13,0.92822,0.0727,0.0,clahe,12,40,40,12,12,11
01_13_12_05_0174.bmp,1,12,5,16,13,0.89866,0.08558,0.08568,clahe,20,25,25,12,20,2
01_13_12_05_0176.bmp,0,12,5,16,13,0.93829,0.06851,0.0,clahe,42,40,40,12,42,11
01_13_12_05_0177.bmp,0,12,5,16,13,0.93301,0.07019,0.0,clahe,25,25,25,11,25,11
01_13_12_05_0179.bmp,1,12,5,16,13,0.90946,0.08094,0.09158,clahe,20,25,25,12,20,1
01_13_12_05_0181.bmp,1,12,5,16,13,0.90818,0.07853,0.06838,clahe,25,40,40,12,25,1
01_13_12_05_0182.bmp,1,12,5,16,13,0.90979,0.08173,0.06899,clahe,20,25,25,12,20,11
01_13_12_05_0183.bmp,0,12,5,16,13,0.92389,0.07888,0.12121,clahe,42,13,13,12,42,11
01_13_12_05_0185.bmp,1,12,5,16,13,0.9079,0.07982,0.07387,clahe,20,40,40,12,20,1
01_13_12_05_0186.bmp,0,12,5,16,13,0.92484,0.07366,0.0303,clahe,11,23,23,11,11,11
01_13_12_05_0187.bmp,0,12,5,16,13,0.92409,0.07771,0.20455,clahe,12,23,23,11,12,11
01_13_12_05_0190.bmp,0,12,5,16,13,0.90853,0.07951,0.06061,clahe,6,13,13,12,6,11
01_13_12_05_0194.bmp,0,12,5,16,13,0.90758,0.08452,0.12879,clahe,42,38,38,11,42,10
01_13_12_05_0198.bmp,0,12,5,16,13,0.89181,0.08026,0.0,clahe,6,26,26,11,6,11
01_13_12_05_0199.bmp,1,12,5,16,13,0.90768,0.08233,0.05922,clahe,40,23,23,11,40,1
01_13_12_05_0201.bmp,1,12,5,16,13,0.91008,0.07864,0.03602,clahe,20,25,25,12,20,1
01_13_12_05_0202.bmp,0,12,5,16,13,0.876,0.08619,0.0,clahe,20,25,25,12,20,11
01_13_12_05_0204.bmp,0,12,5,16,13,0.86709,0.08592,0.0,clahe,12,24,24,12,12,11
01_13_12_05_0204.bmp,1,12,5,16,13,0.90865,0.08143,0.09707,clahe,20,40,40,12,20,11
01_13_12_05_0205.bmp,0,12,5,16,13,0.86286,0.08618,0.15476,clahe,40,1,1,12,40,11
01_13_12_05_0205.bmp,1,12,5,16,13,0.90698,0.08202,0.058,clahe,20,25,25,12,20,2
01_13_12_05_0206.bmp,1,12,5,16,13,0.90963,0.0818,0.1569,clahe,20,25,25,11,20,1
01_13_12_05_0210.bmp,0,12,5,16,13,0.84525,0.08488,0.06597,clahe,20,12,12,31,20,11
01_13_12_05_0211.bmp,1,12,5,16,13,0.91033,0.0796,0.10684,clahe,20,40,40,12,20,1
01_13_12_05_0212.bmp,0,12,5,16,13,0.8375,0.08236,0.01736,clahe,20,25,25,12,20,11
01_13_12_05_0213.bmp,0,12,5,16,13,0.82888,0.08422,0.01736,clahe,20,23,23,12,20,11
01_13_12_05_0213.bmp,1,12,5,16,13,0.90945,0.08083,0.05006,clahe,20,40,40,11,20,1
01_13_12_05_0216.bmp,0,12,5,16,13,0.77922,0.0929,0.24,clahe,2,25,25,31,2,25
01_13_12_05_0217.bmp,0,12,5,16,13,0.77382,0.09723,0.18661,clahe,20,40,40,31,20,11
01_13_12_05_0217.bmp,1,12,5,16,13,0.90855,0.08344,0.14835,clahe,20,25,25,12,20,1
01_13_12_05_0218.bmp,0,12,5,16,13,0.76798,0.0962,0.22812,clahe,19,40,40,31,19,11
01_13_12_05_0220.bmp,0,12,5,16,13,0.7558,0.09701,0.07168,clahe,20,40,40,31,20,11
01_13_12_05_0220.bmp,1,12,5,16,13,0.9084,0.0811,0.0641,clahe,2,25,25,12,2,11
01_13_12_05_0221.bmp,0,12,5,16,13,0.75049,0.09828,0.21313,clahe,19,25,25,31,19,25
01_13_12_05_0221.bmp,1,12,5,16,13,0.91025,0.07864,0.10928,clahe,20,25,25,12,20,1
01_13_12_05_0226.bmp,0,12,5,16,13,0.72025,0.10256,0.24642,clahe,20,24,24,31,20,25
01_13_12_05_0228.bmp,0,12,5,16,13,0.70356,0.11111,0.21824,passthrough,25,25,40,31,20,25
01_13_12_05_0228.bmp,1,12,5,16,13,0.91069,0.08094,0.09463,clahe,20,40,40,12,20,1
01_13_12_05_0229.bmp,0,12,5,16,13,0.69802,0.10859,0.15934,passthrough,25,25,14,31,20,25
01_13_12_05_0229.bmp,1,12,5,16,13,0.90777,0.07997,0.10623,clahe,25,40,40,12,25,1
01_13_12_05_0230.bmp,1,12,5,16,13,0.91144,0.07976,0.06166,clahe,20,40,40,12,20,11
01_13_12_05_0232.bmp,0,12,5,16,13,0.66618,0.11415,0.20545,passthrough,25,25,40,31,20,25
01_13_12_05_0232.bmp,1,12,5,16,13,0.91104,0.07852,0.02625,clahe,25,40,40,11,25,11
01_13_12_05_0233.bmp,1,12,5,16,13,0.91031,0.08111,0.11416,clahe,20,12,12,12,20,11
01_13_12_05_0234.bmp,1,12,5,16,13,0.9117,0.08308,0.11111,clahe,40,25,25,12,40,1
01_13_12_05_0236.bmp,1,12,5,16,13,0.91187,0.08037,0.12576,clahe,25,40,40,12,25,1
01_13_12_05_0237.bmp,1,12,5,16,13,0.91201,0.07949,0.07631,clahe,20,24,24,12,20,11
01_13_12_05_0238.bmp,0,12,5,16,13,0.62579,0.13039,0.22255,passthrough,25,25,24,13,20,25
01_13_12_05_0240.bmp,0,12,5,16,13,0.60783,0.14517,0.20253,passthrough,25,25,25,13,25,25
01_13_12_05_0241.bmp,1,12,5,16,13,0.91079,0.08055,0.06899,clahe,20,25,25,12,20,11
01_13_12_05_0242.bmp,1,12,5,16,13,0.91182,0.0801,0.06288,clahe,20,25,25,12,20,11
01_13_12_05_0244.bmp,1,12,5,16,13,0.91025,0.08214,0.17643,clahe,20,25,25,11,20,1
01_13_12_05_0248.bmp,0,12,5,16,13,0.50502,0.16774,0.2099,passthrough,13,13,13,13,13,13
01_13_12_05_0249.bmp,0,12,5,16,13,0.50607,0.16879,0.19785,passthrough,13,13,13,13,13,13
01_13_12_05_0249.bmp,1,12,5,16,13,0.90989,0.08028,0.1453,clahe,20,40,40,12,20,1
01_13_12_05_0250.bmp,0,12,5,16,13,0.50896,0.17172,0.20744,passthrough,13,13,13,13,13,13
01_13_12_05_0250.bmp,1,12,5,16,13,0.9094,0.07979,0.05617,clahe,20,40,40,12,20,1
01_13_12_05_0252.bmp,0,12,5,16,13,0.51165,0.17248,0.21442,passthrough,13,13,13,13,13,13
01_13_12_05_0252.bmp,1,12,5,16,13,0.91074,0.08133,0.10256,clahe,20,25,25,12,20,1
01_13_12_05_0254.bmp,0,12,5,16,13,0.51272,0.17301,0.17437,passthrough,13,13,13,13,13,13
01_13_12_05_0255.bmp,0,12,5,16,13,0.51201,0.17603,0.19866,passthrough,13,13,13,13,20,13
01_13_12_05_0256.bmp,0,12,5,16,13,0.50864,0.16978,0.2061,passthrough,13,13,13,13,20,13
01_13_12_05_0257.bmp,0,12,5,16,13,0.50841,0.17004,0.18996,passthrough,13,13,13,13,24,13
01_13_12_05_0258.bmp,0,12,5,16,13,0.50646,0.1671,0.19169,passthrough,13,13,13,13,13,13
01_13_12_05_0259.bmp,0,12,5,16,13,0.50908,0.16747,0.19699,passthrough,13,13,13,13,13,13
01_13_12_05_0260.bmp,1,12,5,16,13,0.91076,0.07946,0.07753,clahe,20,40,40,12,20,11
01_13_12_05_0261.bmp,0,12,5,16,13,0.507,0.16297,0.17805,passthrough,13,13,13,13,25,13
01_13_12_05_0262.bmp,1,12,5,16,13,0.91182,0.08088,0.05983,clahe,20,2,2,11,20,1
01_13_12_05_0264.bmp,0,12,5,16,13,0.50849,0.16343,0.18156,passthrough,13,13,13,13,20,13
01_13_12_05_0266.bmp,1,12,5,16,13,0.9089,0.08174,0.10195,clahe,20,40,40,12,20,1
01_13_12_05_0267.bmp,0,12,5,16,13,0.50858,0.15355,0.18645,passthrough,13,13,13,13,24,13
01_13_12_05_0267.bmp,1,12,5,16,13,0.90857,0.08266,0.09768,clahe,20,2,2,11,20,11
01_13_12_05_0268.bmp,0,12,5,16,13,0.50611,0.14477,0.17152,passthrough,13,13,13,13,24,13
01_13_12_05_0270.bmp,0,12,5,16,13,0.90972,0.07892,0.05311,clahe,20,25,25,12,20,1
01_13_12_05_0271.bmp,0,12,5,16,13,0.90947,0.08088,0.12027,clahe,20,40,40,12,20,1
01_13_12_05_0275.bmp,0,12,5,16,13,0.90881,0.08147,0.13431,clahe,20,25,25,11,20,1
01_13_12_05_0276.bmp,0,12,5,16,13,0.9099,0.08179,0.06166,clahe,20,25,25,12,20,1
01_13_12_05_0277.bmp,0,12,5,16,13,0.91142,0.07752,0.05861,clahe,20,13,13,11,20,11
01_13_12_05_0279.bmp,0,12,5,16,13,0.91137,0.07952,0.12515,clahe,20,12,12,12,20,1
01_13_12_05_0280.bmp,0,12,5,16,13,0.90723,0.08107,0.03541,clahe,20,40,40,12,20,1
01_13_12_05_0282.bmp,0,12,5,16,13,0.90848,0.08026,0.09829,clahe,20,40,40,12,20,1
01_13_12_05_0284.bmp,0,12,5,16,13,0.91105,0.08344,0.12088,clahe,20,12,12,12,20,1
01_13_12_05_0285.bmp,0,12,5,16,13,0.91046,0.07967,0.11538,clahe,25,13,13,12,25,11
01_13_12_05_0290.bmp,0,12,5,16,13,0.91115,0.07975,0.10073,clahe,25,2,2,12,25,11
01_13_12_05_0292.bmp,0,12,5,16,13,0.90921,0.08037,0.05495,clahe,20,25,25,12,20,11
01_13_12_05_0294.bmp,0,12,5,16,13,0.9078,0.07969,0.05311,clahe,40,25,25,12,40,1
01_13_12_05_0295.bmp,0,12,5,16,13,0.90896,0.08275,0.08486,clahe,20,40,40,12,20,1
01_13_12_05_0297.bmp,0,12,5,16,13,0.90857,0.08043,0.06716,clahe,20,25,25,12,20,1
01_13_12_05_0298.bmp,0,12,5,16,13,0.9088,0.08227,0.07143,clahe,20,40,40,12,20,1
01_13_12_05_0300.bmp,0,12,5,16,13,0.90695,0.08069,0.0989,clahe,20,40,40,12,20,1
01_13_12_05_0301.bmp,0,12,5,16,13,0.90469,0.0802,0.06716,clahe,20,25,25,12,20,1
01_13_12_05_0304.bmp,0,12,5,16,13,0.90452,0.08144,0.11986,clahe,20,40,40,12,20,11
01_13_12_05_0307.bmp,0,12,5,16,13,0.90468,0.08238,0.05605,clahe,20,40,40,12,20,1
01_13_12_05_0309.bmp,0,12,5,16,13,0.90233,0.08328,0.0966,clahe,25,40,40,12,25,1
01_13_12_05_0311.bmp,0,12,5,16,13,0.89966,0.08384,0.13182,clahe,25,25,25,12,25,1
01_13_12_05_0315.bmp,0,12,5,16,13,0.89619,0.08192,0.16,clahe,2,40,40,12,2,1
01_13_12_05_0316.bmp,0,12,5,16,13,0.89407,0.08345,0.11978,clahe,25,25,25,12,25,1
01_13_12_05_0318.bmp,0,12,5,16,13,0.88866,0.08425,0.08378,clahe,25,40,40,12,25,1
01_13_12_05_0321.bmp,0,12,5,16,13,0.88614,0.08698,0.18034,clahe,40,40,40,12,40,1
01_13_12_05_0327.bmp,0,12,5,16,13,0.87385,0.08773,0.09909,clahe,20,25,25,12,20,11
01_13_12_05_0328.bmp,0,12,5,16,13,0.87289,0.08829,0.11915,clahe,25,40,40,12,25,11
01_13_12_05_0330.bmp,0,12,5,16,13,0.86759,0.09037,0.1617,clahe,25,2,2,12,25,11
01_13_12_05_0334.bmp,0,12,5,16,13,0.85459,0.09062,0.13512,clahe,25,25,25,12,25,1
01_13_12_05_0335.bmp,0,12,5,16,13,0.85057,0.09398,0.20458,clahe,25,40,40,11,25,1
01_13_12_05_0337.bmp,0,12,5,16,13,0.84134,0.09605,0.21162,clahe,25,25,25,11,25,25
01_13_12_05_0340.bmp,0,12,5,16,13,0.82497,0.10515,0.21806,clahe,25,25,25,12,25,25
01_13_12_05_0345.bmp,0,12,5,16,13,0.78527,0.11264,0.22685,passthrough,25,25,13,13,25,25
01_13_12_05_0347.bmp,0,12,5,16,13,0.76371,0.11663,0.25444,passthrough,25,25,13,13,25,25
01_13_12_05_0356.bmp,0,12,5,16,13,0.59997,0.12057,0.19802,passthrough,25,25,25,12,25,25
01_13_12_05_0358.bmp,0,12,5,16,13,0.53475,0.14897,0.24275,passthrough,25,25,13,13,20,25
01_13_12_05_0359.bmp,0,12,5,16,13,0.53415,0.15615,0.17971,passthrough,25,25,13,13,20,25
01_13_12_05_0360.bmp,0,12,5,16,13,0.53654,0.15986,0.17417,passthrough,13,13,13,13,25,13
01_13_12_05_0362.bmp,0,12,5,16,13,0.53709,0.1646,0.20417,passthrough,13,13,13,13,13,13
01_13_12_05_0387.bmp,0,12,5,16,13,0.93589,0.06853,0.03306,clahe,42,25,25,12,42,11
01_13_12_05_0390.bmp,0,12,5,16,13,0.9367,0.06956,0.0,clahe,42,12,12,11,42,11
01_13_12_05_0393.bmp,0,12,5,16,13,0.93696,0.06741,0.0,clahe,12,11,11,11,12,11
01_13_12_05_0394.bmp,0,12,5,16,13,0.93849,0.07119,0.0,clahe,42,1,1,11,42,11
01_13_12_05_0397.bmp,0,12,5,16,13,0.93544,0.07744,0.0,clahe,42,40,40,16,42,11
01_13_12_05_0400.bmp,0,12,5,16,13,0.94257,0.07588,0.0,clahe,42,12,12,12,42,11
01_13_12_05_0401.bmp,0,12,5,16,13,0.93839,0.07236,0.0,clahe,25,38,38,12,25,11
01_13_12_05_0407.bmp,0,12,5,16,13,0.93794,0.07525,0.0,clahe,25,25,25,12,25,11
01_13_12_05_0409.bmp,0,12,5,16,13,0.93599,0.07305,0.0,clahe,42,26,26,12,42,11
01_13_12_05_0411.bmp,0,12,5,16,13,0.93139,0.07573,0.0,clahe,12,23,23,11,12,11
01_13_12_05_0416.bmp,0,12,5,16,13,0.93725,0.07447,0.01653,clahe,42,12,12,11,42,11
01_13_12_05_0420.bmp,0,12,5,16,13,0.93784,0.06606,0.0,clahe,12,12,12,12,12,11
01_13_12_05_0425.bmp,0,12,5,16,13,0.93265,0.0708,0.10744,clahe,12,12,12,11,12,11
01_13_12_05_0430.bmp,0,12,5,16,13,0.9393,0.07254,0.02198,clahe,12,25,25,12,12,11
01_13_12_05_0431.bmp,0,12,5,16,13,0.93314,0.07386,0.08242,clahe,0,40,40,11,0,11
01_13_12_05_0432.bmp,0,12,5,16,13,0.93287,0.07682,0.00476,clahe,12,40,40,11,12,1
01_13_12_05_0437.bmp,0,12,5,16,13,0.93507,0.06893,0.0,clahe,40,11,11,11,40,11
01_13_12_05_0444.bmp,0,12,5,16,13,0.92924,0.07602,0.0,clahe,23,25,25,11,23,11
01_13_12_05_0445.bmp,0,12,5,16,13,0.92834,0.07069,0.01103,clahe,20,40,40,12,20,11
01_13_12_05_0448.bmp,0,12,5,16,13,0.92367,0.07292,0.02083,clahe,20,38,38,12,20,11
01_13_12_05_0449.bmp,0,12,5,16,13,0.92432,0.07333,0.13313,clahe,40,25,25,12,40,11
01_13_12_05_0450.bmp,0,12,5,16,13,0.92688,0.07834,0.04678,clahe,2,23,23,12,2,11
01_13_12_05_0452.bmp,0,12,5,16,13,0.92327,0.07519,0.0,clahe,20,40,40,12,20,1
01_13_12_05_0457.bmp,0,12,5,16,13,0.91735,0.0781,0.0,clahe,20,25,25,11,20,11
01_13_12_05_0458.bmp,0,12,5,16,13,0.91797,0.07869,0.0,clahe,40,25,25,12,40,1
01_13_12_05_0459.bmp,0,12,5,16,13,0.9187,0.08035,0.05435,clahe,20,40,40,11,20,1
01_13_12_05_0460.bmp,0,12,5,16,13,0.91626,0.0793,0.16304,clahe,19,13,13,11,19,11
01_13_12_05_0462.bmp,0,12,5,16,13,0.91394,0.07646,0.02767,clahe,20,40,40,12,20,11
01_13_12_05_0466.bmp,0,12,5,16,13,0.91296,0.08103,0.10222,clahe,20,40,40,11,20,1
01_13_12_05_0470.bmp,0,12,5,16,13,0.9033,0.08245,0.0,clahe,20,39,39,12,20,1
01_13_12_05_0474.bmp,0,12,5,16,13,0.89558,0.08531,0.03598,clahe,20,40,40,11,20,2
01_13_12_05_0477.bmp,0,12,5,16,13,0.8919,0.08638,0.16641,clahe,20,24,24,12,20,11
01_13_12_05_0478.bmp,0,12,5,16,13,0.8881,0.08688,0.10043,clahe,20,23,23,12,20,1
01_13_12_05_0481.bmp,0,12,5,16,13,0.8796,0.08548,0.03081,clahe,20,2,2,12,20,1
01_13_12_05_0484.bmp,0,12,5,16,13,0.87132,0.08708,0.09058,clahe,20,2,2,12,20,1
01_13_12_05_0486.bmp,0,12,5,16,13,0.86546,0.08907,0.13045,clahe,25,2,2,12,25,1
01_13_12_05_0493.bmp,0,12,5,16,13,0.8453,0.09419,0.16742,clahe,25,25,25,12,25,25
01_13_12_05_0496.bmp,0,12,5,16,13,0.82615,0.0991,0.16397,clahe,25,24,24,12,25,11
01_13_12_05_0497.bmp,0,12,5,16,13,0.8195,0.09945,0.16873,clahe,25,40,40,13,25,25
01_13_12_05_0499.bmp,0,12,5,16,13,0.80933,0.10228,0.17154,clahe,25,25,25,13,25,25
01_13_12_05_0501.bmp,0,12,5,16,13,0.79039,0.1053,0.19226,clahe,25,13,13,13,25,25
01_13_12_05_0505.bmp,0,12,5,16,13,0.74827,0.11718,0.17017,passthrough,25,25,13,13,25,25
01_13_12_05_0506.bmp,0,12,5,16,13,0.73815,0.11834,0.19267,passthrough,25,25,13,13,25,25
01_13_12_05_0507.bmp,0,12,5,16,13,0.72129,0.11917,0.18329,passthrough,25,25,13,13,25,25
01_13_12_05_0508.bmp,0,12,5,16,13,0.69848,0.12563,0.176,passthrough,25,25,40,13,25,25
01_13_12_05_0510.bmp,0,12,5,16,13,0.66832,0.13213,0.18055,passthrough,25,25,13,13,25,25
01_13_12_05_0511.bmp,0,12,5,16,13,0.64779,0.14275,0.15994,passthrough,25,25,13,13,25,25
01_13_12_05_0512.bmp,0,12,5,16,13,0.62992,0.13544,0.18101,passthrough,25,25,13,13,20,25
01_13_12_05_0513.bmp,0,12,5,16,13,0.61774,0.13513,0.17252,passthrough,25,25,13,13,25,25
01_13_12_05_0515.bmp,0,12,5,16,13,0.58299,0.12812,0.17332,passthrough,25,25,25,13,20,25
01_13_12_05_0516.bmp,0,12,5,16,13,0.73964,0.10083,0.16084,clahe,42,40,40,31,42,10
01_13_12_05_0517.bmp,0,12,5,16,13,0.74115,0.1015,0.37063,clahe,38,33,33,31,38,11
01_13_12_05_0521.bmp,0,12,5,16,13,0.72393,0.09095,0.16084,clahe,12,40,40,31,12,11
01_13_12_05_0524.bmp,0,12,5,16,13,0.71183,0.09024,0.25175,clahe,25,35,35,31,25,13
01_13_12_05_0527.bmp,0,12,5,16,13,0.72616,0.10146,0.20833,clahe,20,40,40,31,20,11
01_13_12_05_0530.bmp,0,12,5,16,13,0.70311,0.09643,0.13287,clahe,12,25,25,31,12,11
01_13_12_05_0535.bmp,0,12,5,16,13,0.73418,0.11381,0.26736,passthrough,25,25,13,31,20,25
01_13_12_05_0537.bmp,0,12,5,16,13,0.74052,0.1046,0.38519,clahe,40,40,40,31,40,25
01_13_12_05_0538.bmp,0,12,5,16,13,0.68732,0.11059,0.37063,passthrough,11,11,11,31,1,11
01_13_12_05_0540.bmp,0,12,5,16,13,0.68636,0.09695,0.3007,clahe,42,40,40,31,42,11
01_13_12_05_0543.bmp,0,12,5,16,13,0.72638,0.10419,0.34375,clahe,20,40,40,31,20,11
01_13_12_05_0546.bmp,0,12,5,16,13,0.68265,0.09661,0.27972,clahe,25,4,4,31,25,10
01_13_12_05_0550.bmp,0,12,5,16,13,0.67533,0.09895,0.34266,clahe,11,34,34,31,11,10
01_13_12_05_0551.bmp,0,12,5,16,13,0.71948,0.10807,0.30065,passthrough,25,25,38,31,40,25
01_13_12_05_0552.bmp,0,12,5,16,13,0.6685,0.09332,0.28671,clahe,1,13,13,31,1,11
01_13_12_05_0555.bmp,0,12,5,16,13,0.71393,0.10403,0.32407,clahe,40,25,25,31,40,11
01_13_12_05_0558.bmp,0,12,5,16,13,0.65959,0.09721,0.27972,clahe,12,23,23,31,12,11
01_13_12_05_0559.bmp,0,12,5,16,13,0.70889,0.11004,0.27222,passthrough,25,25,25,31,40,25
01_13_12_05_0563.bmp,0,12,5,16,13,0.70908,0.10463,0.1455,clahe,20,40,40,31,20,25
01_13_12_05_0566.bmp,0,12,5,16,13,0.63848,0.10733,0.33516,passthrough,25,25,0,31,1,25
01_13_12_05_0568.bmp,0,12,5,16,13,0.63346,0.09723,0.08791,clahe,0,26,26,31,0,11
01_13_12_05_0570.bmp,0,12,5,16,13,0.62634,0.11126,0.3125,passthrough,25,25,40,31,25,25
01_13_12_05_0580.bmp,0,12,5,16,13,0.57541,0.11642,0.30769,passthrough,25,25,26,31,23,25
01_13_12_05_0582.bmp,0,12,5,16,13,0.5619,0.10174,0.30317,clahe,25,25,25,31,25,12
01_13_12_05_0585.bmp,0,12,5,16,13,0.74792,0.09941,0.25803,clahe,19,40,40,31,19,25
01_13_12_05_0587.bmp,0,12,5,16,13,0.75286,0.09348,0.0975,clahe,2,40,40,31,2,11
01_13_12_05_0591.bmp,0,12,5,16,13,0.76154,0.0951,0.17424,clahe,20,25,25,31,20,25
01_13_12_05_0592.bmp,0,12,5,16,13,0.5252,0.1163,0.19505,passthrough,25,25,39,31,40,25
01_13_12_05_0593.bmp,0,12,5,16,13,0.76809,0.09646,0.19913,clahe,20,40,40,31,20,11
01_13_12_05_0601.bmp,0,12,5,16,13,0.77118,0.09601,0.15465,clahe,20,25,25,31,20,25
01_13_12_05_0602.bmp,0,12,5,16,13,0.7657,0.0974,0.22902,clahe,20,23,23,31,20,11
01_13_12_05_0604.bmp,0,12,5,16,13,0.75314,0.09877,0.1521,clahe,40,20,20,31,40,25
01_13_12_05_0606.bmp,0,12,5,16,13,0.74446,0.09853,0.21359,clahe,40,40,40,31,40,25
01_13_12_05_0612.bmp,0,12,5,16,13,0.72633,0.10767,0.20078,passthrough,25,25,40,13,20,25
01_13_12_05_0618.bmp,0,12,5,16,13,0.71486,0.11755,0.19415,passthrough,25,25,13,13,25,25
01_13_12_05_0620.bmp,0,12,5,16,13,0.69655,0.11973,0.20057,passthrough,25,25,7,13,25,25
01_13_12_05_0621.bmp,0,12,5,16,13,0.68187,0.1202,0.22666,passthrough,25,25,40,13,25,25
01_13_12_05_0623.bmp,0,12,5,16,13,0.65637,0.13087,0.21249,passthrough,25,25,13,13,25,25
01_13_12_05_0624.bmp,0,12,5,16,13,0.64324,0.13641,0.21226,passthrough,25,25,13,13,25,25
01_03_09_03_0006.bmp,0,9,3,16,9,0.49793,0.13503,0.24058,passthrough,40,40,40,12,40,40
01_03_09_03_0008.bmp,0,9,3,16,9,0.50548,0.14164,0.35278,passthrough,12,12,13,32,40,12
01_03_09_03_0009.bmp,0,9,3,16,9,0.50943,0.13531,0.27222,passthrough,25,25,39,32,0,25
01_03_09_03_0011.bmp,0,9,3,16,9,0.50296,0.13158,0.2825,passthrough,11,11,40,16,40,11
01_03_09_03_0017.bmp,0,9,3,16,9,0.49547,0.13815,0.27778,passthrough,40,40,40,32,40,40
01_03_09_03_0019.bmp,0,9,3,16,9,0.54192,0.14648,0.33333,passthrough,12,12,40,16,6,12
01_03_09_03_0020.bmp,0,9,3,16,9,0.49115,0.13725,0.35902,passthrough,25,25,40,16,20,25
01_03_09_03_0021.bmp,0,9,3,16,9,0.50347,0.13599,0.30639,passthrough,25,25,40,16,40,25
01_03_09_03_0023.bmp,0,9,3,16,9,0.49131,0.12763,0.35753,passthrough,40,40,40,32,40,40
01_03_09_03_0024.bmp,0,9,3,16,9,0.48186,0.13898,0.32105,passthrough,13,13,40,12,40,13
01_03_09_03_0028.bmp,0,9,3,16,9,0.44951,0.12683,0.34091,passthrough,40,40,40,32,22,40
01_03_09_03_0038.bmp,0,9,3,16,9,0.38453,0.11437,0.28615,passthrough,40,40,40,32,40,40
01_03_09_03_0040.bmp,0,9,3,16,9,0.41288,0.11779,0.2944,passthrough,40,40,40,12,40,40
01_03_09_03_0043.bmp,0,9,3,16,9,0.4235,0.10612,0.25804,passthrough,40,40,40,12,40,40
01_03_09_03_0054.bmp,0,9,3,16,9,0.39337,0.14383,0.33583,passthrough,40,40,40,13,40,40
01_03_09_03_0055.bmp,0,9,3,16,9,0.39934,0.14855,0.30876,passthrough,40,40,40,13,40,40
01_03_09_03_0063.bmp,0,9,3,16,9,0.41603,0.11925,0.31003,passthrough,25,25,24,13,40,25
01_03_09_03_0065.bmp,0,9,3,16,9,0.41401,0.11935,0.28104,passthrough,25,25,40,13,20,25
01_03_09_03_0075.bmp,0,9,3,16,9,0.43039,0.13202,0.30653,passthrough,25,25,40,13,40,25
01_03_09_03_0079.bmp,0,9,3,16,9,0.43545,0.13203,0.29822,passthrough,25,25,20,13,20,25
01_03_09_03_0080.bmp,0,9,3,16,9,0.42537,0.13679,0.26167,passthrough,25,25,24,13,20,25
01_03_09_03_0081.bmp,0,9,3,16,9,0.42924,0.14289,0.30678,passthrough,25,25,24,13,25,25
01_03_09_03_0085.bmp,0,9,3,16,9,0.41931,0.13503,0.28365,passthrough,25,25,25,13,25,25
01_06_09_03_0001.bmp,0,9,3,16,14,0.55586,0.14203,0.33784,passthrough,40,40,7,13,40,40
01_06_09_03_0003.bmp,1,9,3,16,14,0.60964,0.12445,0.3625,passthrough,11,11,40,12,40,11
01_06_09_03_0004.bmp,0,9,3,16,14,0.51594,0.16213,0.3375,passthrough,13,13,13,18,28,13
01_06_09_03_0007.bmp,0,9,3,16,14,0.54757,0.14222,0.35736,passthrough,13,13,24,18,40,13
01_06_09_03_0007.bmp,1,9,3,16,14,0.58096,0.14573,0.29252,passthrough,25,25,11,12,20,25
01_06_09_03_0009.bmp,0,9,3,16,14,0.58943,0.14309,0.35707,passthrough,13,13,24,18,40,13
01_06_09_03_0010.bmp,1,9,3,16,14,0.6055,0.1145,0.3381,passthrough,25,25,11,31,40,25
01_06_09_03_0014.bmp,1,9,3,16,14,0.60239,0.12031,0.23395,passthrough,25,25,39,12,40,25
01_06_09_03_0015.bmp,0,9,3,16,14,0.5449,0.13388,0.35714,passthrough,13,13,13,18,20,13
01_06_09_03_0015.bmp,1,9,3,16,14,0.58528,0.13695,0.39312,passthrough,13,13,13,12,20,13
01_06_09_03_0016.bmp,0,9,3,16,14,0.51503,0.125,0.35417,passthrough,13,13,13,13,20,13
01_06_09_03_0017.bmp,0,9,3,16,14,0.51042,0.13343,0.30487,passthrough,13,13,40,13,20,13
01_06_09_03_0018.bmp,0,9,3,16,14,0.53503,0.1292,0.33666,passthrough,13,13,24,18,40,13
01_06_09_03_0020.bmp,1,9,3,16,14,0.59174,0.14068,0.368,passthrough,25,25,36,12,20,25
01_06_09_03_0022.bmp,0,9,3,16,14,0.48835,0.15173,0.32844,passthrough,25,25,13,13,20,25
01_06_09_03_0025.bmp,1,9,3,16,14,0.59074,0.13403,0.36504,passthrough,11,11,13,11,20,11
01_06_09_03_0026.bmp,0,9,3,16,14,0.49455,0.13985,0.32732,passthrough,13,13,24,18,40,13
01_06_09_03_0027.bmp,0,9,3,16,14,0.47452,0.14874,0.33309,passthrough,13,13,13,13,20,13
01_06_09_03_0028.bmp,0,9,3,16,14,0.46937,0.14957,0.3307,passthrough,25,25,40,25,40,25
01_06_09_03_0028.bmp,1,9,3,16,14,0.57416,0.13875,0.33165,passthrough,25,25,7,11,40,25
01_06_09_03_0030.bmp,0,9,3,16,14,0.46009,0.14251,0.33957,passthrough,13,13,40,13,2,13
01_06_09_03_0030.bmp,1,9,3,16,14,0.54738,0.12343,0.30215,passthrough,11,11,24,18,20,11
01_06_09_03_0032.bmp,1,9,3,16,14,0.59762,0.12852,0.35407,passthrough,12,12,26,12,40,12
01_06_09_03_0033.bmp,0,9,3,16,14,0.44596,0.15282,0.35255,passthrough,13,13,13,13,40,13
01_06_09_03_0033.bmp,1,9,3,16,14,0.60582,0.12874,0.33014,passthrough,12,12,40,12,6,12
01_06_09_03_0035.bmp,0,9,3,16,14,0.44762,0.15683,0.33309,passthrough,25,25,24,13,40,25
01_06_09_03_0035.bmp,1,9,3,16,14,0.55053,0.14535,0.32273,passthrough,12,12,2,12,40,12
01_06_09_03_0036.bmp,1,9,3,16,14,0.49574,0.18354,0.35909,passthrough,13,13,40,40,42,13
01_06_09_03_0037.bmp,0,9,3,16,14,0.42949,0.14996,0.34147,passthrough,13,13,24,13,20,13
01_06_09_03_0039.bmp,1,9,3,16,14,0.58399,0.15378,0.33631,passthrough,12,12,12,12,25,12
01_06_09_03_0040.bmp,0,9,3,16,14,0.42987,0.15167,0.34045,passthrough,40,40,24,13,40,40
01_06_09_03_0041.bmp,0,9,3,16,14,0.42789,0.14839,0.32123,passthrough,13,13,13,13,40,13
01_06_09_03_0041.bmp,1,9,3,16,14,0.52007,0.18925,0.38133,passthrough,40,40,13,12,40,40
01_06_09_03_0042.bmp,0,9,3,16,14,0.40468,0.13038,0.33213,passthrough,40,40,24,25,24,40
01_06_09_03_0043.bmp,1,9,3,16,14,0.53793,0.12891,0.36905,passthrough,40,40,40,12,0,40
01_06_09_03_0044.bmp,1,9,3,16,14,0.50732,0.12807,0.35556,passthrough,12,12,40,12,40,12
01_06_09_03_0054.bmp,0,9,3,16,14,0.56214,0.14604,0.32857,passthrough,11,11,40,11,40,11
01_06_09_03_0055.bmp,0,9,3,16,14,0.55681,0.1461,0.33122,passthrough,25,25,40,12,40,25
01_06_09_03_0058.bmp,0,9,3,16,14,0.57333,0.12558,0.35588,passthrough,13,13,13,12,40,13
01_06_09_03_0059.bmp,0,9,3,16,14,0.57275,0.14081,0.35522,passthrough,13,13,40,12,40,13
01_06_09_03_0061.bmp,0,9,3,16,14,0.54761,0.12849,0.36834,passthrough,13,13,7,12,40,13
01_06_09_03_0063.bmp,0,9,3,16,14,0.53362,0.15821,0.32829,passthrough,13,13,40,18,40,13
01_06_09_03_0064.bmp,0,9,3,16,14,0.53927,0.16998,0.34413,passthrough,13,13,40,18,40,13
01_06_09_03_0067.bmp,0,9,3,16,14,0.53216,0.16376,0.31264,passthrough,40,40,40,11,40,40
01_06_09_03_0068.bmp,0,9,3,16,14,0.51097,0.16571,0.33555,passthrough,40,40,24,12,40,40
01_06_09_03_0073.bmp,0,9,3,16,14,0.50789,0.13289,0.33053,passthrough,40,40,40,12,40,40
01_06_09_03_0075.bmp,0,9,3,16,14,0.49062,0.12987,0.32941,passthrough,40,40,40,12,40,40
01_06_09_03_0077.bmp,0,9,3,16,14,0.46329,0.12565,0.28807,passthrough,13,13,40,18,40,13
01_06_09_03_0080.bmp,0,9,3,16,14,0.44341,0.14686,0.32224,passthrough,40,40,40,18,40,40
01_06_09_03_0081.bmp,0,9,3,16,14,0.45242,0.11911,0.31239,passthrough,40,40,40,12,40,40
01_06_09_03_0083.bmp,0,9,3,16,14,0.43297,0.11816,0.33658,passthrough,40,40,13,13,40,40
01_06_09_03_0087.bmp,0,9,3,16,14,0.41372,0.17916,0.30529,passthrough,25,25,40,25,20,25
01_06_09_03_0089.bmp,0,9,3,16,14,0.38227,0.14009,0.28533,passthrough,25,25,23,25,2,25
01_11_09_03_0002.bmp,0,9,3,16,12,0.47513,0.12761,0.30622,passthrough,12,12,12,12,25,12
01_11_09_03_0006.bmp,0,9,3,16,12,0.50538,0.1513,0.36364,passthrough,12,12,25,32,40,12
01_11_09_03_0007.bmp,0,9,3,16,12,0.53258,0.12909,0.38756,passthrough,12,12,40,19,1,12
01_11_09_03_0009.bmp,0,9,3,16,12,0.51297,0.13311,0.41148,passthrough,25,25,25,12,25,25
01_11_09_03_0010.bmp,0,9,3,16,12,0.50825,0.14586,0.38756,passthrough,25,25,38,12,42,25
01_11_09_03_0011.bmp,0,9,3,16,12,0.53037,0.12784,0.36364,passthrough,25,25,4,12,42,25
01_11_09_03_0015.bmp,0,9,3,16,12,0.51116,0.151,0.35357,passthrough,12,12,1,12,40,12
01_11_09_03_0016.bmp,0,9,3,16,12,0.51243,0.1321,0.32667,passthrough,11,11,40,12,40,11
01_11_09_03_0017.bmp,0,9,3,16,12,0.4803,0.15517,0.35333,passthrough,25,25,40,11,40,25
01_11_09_03_0018.bmp,0,9,3,16,12,0.47335,0.16379,0.41,passthrough,11,11,11,11,22,11
01_11_09_03_0022.bmp,0,9,3,16,12,0.46961,0.13865,0.39642,passthrough,25,25,36,32,20,25
01_11_09_03_0026.bmp,0,9,3,16,12,0.4898,0.13302,0.36444,passthrough,40,40,40,32,40,40
01_11_09_03_0028.bmp,0,9,3,16,12,0.49882,0.13154,0.34667,passthrough,40,40,6,12,6,40
01_11_09_03_0029.bmp,0,9,3,16,12,0.4937,0.13997,0.31111,passthrough,12,12,18,11,42,12
01_11_09_03_0030.bmp,0,9,3,16,12,0.48088,0.14838,0.35778,passthrough,12,12,40,12,19,12
01_11_09_03_0031.bmp,0,9,3,16,12,0.49454,0.1459,0.37524,passthrough,12,12,11,32,40,12
01_11_09_03_0033.bmp,0,9,3,16,12,0.47476,0.12938,0.34568,passthrough,40,40,13,32,19,40
01_11_09_03_0037.bmp,0,9,3,16,12,0.45724,0.16622,0.331,passthrough,11,11,40,11,40,11
01_11_09_03_0038.bmp,0,9,3,16,12,0.45553,0.16269,0.28322,passthrough,40,40,13,11,42,40
01_11_09_03_0043.bmp,0,9,3,16,12,0.47023,0.16638,0.33718,passthrough,12,12,40,12,28,12
01_11_09_03_0048.bmp,0,9,3,16,12,0.43195,0.144,0.35561,passthrough,12,12,40,32,28,12
01_11_09_03_0049.bmp,0,9,3,16,12,0.42678,0.15727,0.34964,passthrough,13,13,28,1,28,13
01_11_09_03_0050.bmp,0,9,3,16,12,0.42034,0.15883,0.33696,passthrough,13,13,40,18,28,13
01_11_09_03_0058.bmp,0,9,3,16,12,0.44569,0.16058,0.29018,passthrough,13,13,40,13,28,13
01_11_09_03_0059.bmp,0,9,3,16,12,0.44534,0.16157,0.3183,passthrough,13,13,13,32,28,13
01_11_09_03_0060.bmp,0,9,3,16,12,0.44533,0.16719,0.3192,passthrough,13,13,13,13,40,13
01_11_09_03_0061.bmp,0,9,3,16,12,0.45152,0.15798,0.30312,passthrough,13,13,13,13,40,13
01_11_09_03_0063.bmp,0,9,3,16,12,0.44365,0.17654,0.32084,passthrough,13,13,13,13,13,13
01_11_09_03_0065.bmp,0,9,3,16,12,0.44838,0.15965,0.32959,passthrough,13,13,13,13,28,13
01_11_09_03_0068.bmp,0,9,3,16,12,0.44768,0.15746,0.3013,passthrough,13,13,13,18,28,13
01_11_09_03_0076.bmp,0,9,3,16,12,0.43964,0.16863,0.2692,passthrough,25,25,13,13,28,25
01_11_09_03_0078.bmp,0,9,3,16,12,0.42853,0.17734,0.27183,passthrough,13,13,13,13,13,13
01_12_09_03_0004.bmp,0,9,3,16,17,0.4729,0.18899,0.35833,passthrough,13,13,7,13,40,13
01_12_09_03_0005.bmp,1,9,3,16,17,0.45529,0.09415,0.30303,clahe,11,40,40,12,11,12
01_12_09_03_0006.bmp,1,9,3,16,17,0.45951,0.11668,0.25,passthrough,25,25,12,31,12,25
01_12_09_03_0007.bmp,0,9,3,16,17,0.45674,0.20442,0.33571,passthrough,25,25,13,13,40,25
01_12_09_03_0008.bmp,0,9,3,16,17,0.48484,0.21641,0.33571,passthrough,13,13,18,17,25,13
01_12_09_03_0010.bmp,0,9,3,16,17,0.45359,0.20556,0.32381,passthrough,13,13,28,13,40,13
01_12_09_03_0010.bmp,1,9,3,16,17,0.46759,0.1057,0.37879,clahe,11,40,40,12,11,13
01_12_09_03_0011.bmp,1,9,3,16,17,0.47516,0.09044,0.01515,clahe,42,40,40,19,42,11
01_12_09_03_0012.bmp,1,9,3,16,17,0.48942,0.10189,0.29545,clahe,25,1,1,31,25,25
01_12_09_03_0013.bmp,1,9,3,16,17,0.45348,0.09802,0.01515,clahe,40,18,18,12,40,25
01_12_09_03_0014.bmp,0,9,3,16,17,0.43425,0.20298,0.24638,passthrough,25,25,13,17,20,25
01_12_09_03_0016.bmp,1,9,3,16,17,0.49364,0.13937,0.28788,passthrough,13,13,13,12,42,13
01_12_09_03_0017.bmp,0,9,3,16,17,0.44669,0.21659,0.22774,passthrough,25,25,28,17,40,25
01_12_09_03_0018.bmp,0,9,3,16,17,0.41457,0.2234,0.28545,passthrough,25,25,7,13,20,25
01_12_09_03_0019.bmp,0,9,3,16,17,0.41579,0.20565,0.27818,passthrough,25,25,25,7,20,25
01_12_09_03_0019.bmp,1,9,3,16,17,0.49608,0.10877,0.31818,passthrough,12,12,40,31,11,12
01_12_09_03_0021.bmp,0,9,3,16,17,0.39857,0.19335,0.21328,passthrough,25,25,25,13,40,25
01_12_09_03_0022.bmp,0,9,3,16,17,0.38735,0.19826,0.3295,passthrough,25,25,40,7,40,25
01_12_09_03_0025.bmp,0,9,3,16,17,0.37228,0.21526,0.24904,passthrough,25,25,9,13,40,25
01_12_09_03_0025.bmp,1,9,3,16,17,0.48164,0.09681,0.27273,clahe,12,13,13,31,12,11
01_12_09_03_0026.bmp,1,9,3,16,17,0.47567,0.11103,0.32576,passthrough,12,12,40,31,12,12
01_12_09_03_0027.bmp,0,9,3,16,17,0.40645,0.17908,0.24519,passthrough,25,25,25,13,25,25
01_12_09_03_0027.bmp,1,9,3,16,17,0.49774,0.10511,0.29545,clahe,11,13,13,12,11,12
01_12_09_03_0028.bmp,0,9,3,16,17,0.46339,0.18742,0.35169,passthrough,40,40,40,13,40,40
01_12_09_03_0029.bmp,1,9,3,16,17,0.49317,0.10654,0.40909,passthrough,12,12,12,31,11,12
01_12_09_03_0030.bmp,1,9,3,16,17,0.48951,0.10021,0.24242,clahe,12,13,13,31,12,11
01_12_09_03_0032.bmp,0,9,3,16,17,0.48143,0.15736,0.30583,passthrough,40,40,13,12,40,40
01_12_09_03_0033.bmp,0,9,3,16,17,0.48651,0.15226,0.32221,passthrough,40,40,13,13,40,40
01_12_09_03_0037.bmp,0,9,3,16,17,0.4588,0.17017,0.35845,passthrough,13,13,13,13,40,13
01_12_09_03_0037.bmp,1,9,3,16,17,0.47255,0.12063,0.27273,passthrough,25,25,40,31,12,25
01_12_09_03_0039.bmp,0,9,3,16,17,0.45982,0.20252,0.31483,passthrough,13,13,13,18,13,13
01_12_09_03_0042.bmp,0,9,3,16,17,0.40687,0.20531,0.28426,passthrough,13,13,24,13,24,13
01_12_09_03_0042.bmp,1,9,3,16,17,0.50517,0.1359,0.28788,passthrough,38,38,13,31,42,38
01_12_09_03_0043.bmp,1,9,3,16,17,0.49335,0.12386,0.31061,passthrough,11,11,40,12,11,11
01_12_09_03_0044.bmp,0,9,3,16,17,0.51111,0.13749,0.26515,passthrough,38,38,13,36,42,38
01_12_09_03_0046.bmp,0,9,3,16,17,0.53589,0.10967,0.37121,passthrough,25,25,26,31,11,25
01_12_09_03_0047.bmp,0,9,3,16,17,0.50487,0.12494,0.42424,passthrough,25,25,1,31,42,25
01_12_09_03_0050.bmp,0,9,3,16,17,0.47237,0.11657,0.13636,passthrough,38,38,40,38,42,38
01_12_09_03_0052.bmp,0,9,3,16,17,0.46025,0.14891,0.37879,passthrough,12,12,13,36,11,12
01_12_09_03_0053.bmp,0,9,3,16,17,0.49575,0.1219,0.42424,passthrough,11,11,26,31,25,11
01_12_09_03_0060.bmp,0,9,3,16,17,0.47927,0.13382,0.22837,passthrough,25,25,26,18,23,25
01_12_09_03_0061.bmp,0,9,3,16,17,0.4991,0.12109,0.42561,passthrough,25,25,40,32,19,25
01_12_09_03_0063.bmp,0,9,3,16,17,0.476,0.14618,0.33564,passthrough,13,13,13,17,23,13
01_12_09_03_0066.bmp,0,9,3,16,17,0.48735,0.13746,0.3218,passthrough,12,12,12,31,0,12
01_12_09_03_0072.bmp,0,9,3,16,17,0.48041,0.14624,0.22129,passthrough,12,12,25,13,40,12
01_12_09_03_0079.bmp,0,9,3,16,17,0.50788,0.15895,0.3168,passthrough,25,25,18,11,20,25
01_12_09_03_0080.bmp,0,9,3,16,17,0.49828,0.14716,0.2752,passthrough,25,25,26,32,20,25
01_12_09_03_0081.bmp,0,9,3,16,17,0.49478,0.16398,0.2944,passthrough,25,25,40,11,20,25
01_12_09_03_0085.bmp,0,9,3,16,17,0.47625,0.16759,0.2464,passthrough,25,25,18,16,20,25
01_12_09_03_0088.bmp,0,9,3,16,17,0.50347,0.14616,0.34963,passthrough,25,25,11,11,20,25
01_12_09_03_0089.bmp,0,9,3,16,17,0.47302,0.16426,0.30154,passthrough,25,25,25,32,20,25
01_12_09_03_0092.bmp,0,9,3,16,17,0.4804,0.16596,0.33429,passthrough,13,13,28,13,20,13
01_12_09_03_0094.bmp,0,9,3,16,17,0.46581,0.17759,0.26,passthrough,25,25,40,13,20,25
01_12_09_03_0100.bmp,0,9,3,16,17,0.49831,0.15659,0.25183,passthrough,25,25,40,7,20,25
01_12_09_03_0102.bmp,0,9,3,16,17,0.49158,0.16357,0.27816,passthrough,25,25,40,17,20,25
01_12_09_03_0103.bmp,0,9,3,16,17,0.48696,0.16878,0.25402,passthrough,25,25,25,16,20,25
01_12_09_03_0107.bmp,0,9,3,16,17,0.47558,0.16496,0.21099,passthrough,25,25,13,32,40,25
01_12_09_03_0109.bmp,0,9,3,16,17,0.46727,0.17994,0.27739,passthrough,25,25,13,10,20,25
01_12_09_03_0113.bmp,0,9,3,16,17,0.47257,0.19076,0.31174,passthrough,25,25,13,7,20,25
01_12_09_03_0114.bmp,0,9,3,16,17,0.48996,0.1862,0.20918,passthrough,25,25,14,7,40,25
01_12_09_03_0115.bmp,0,9,3,16,17,0.47521,0.22392,0.29374,passthrough,25,25,18,13,20,25
01_12_09_03_0116.bmp,0,9,3,16,17,0.45677,0.21647,0.21218,passthrough,25,25,13,13,20,25
01_13_09_03_0003.bmp,0,9,3,16,13,0.58492,0.15817,0.36538,passthrough,12,12,13,12,6,12
01_13_09_03_0003.bmp,1,9,3,16,13,0.67374,0.17532,0.335,passthrough,25,25,25,13,40,25
01_13_09_03_0005.bmp,0,9,3,16,13,0.5689,0.15833,0.32692,passthrough,13,13,40,12,6,13
01_13_09_03_0006.bmp,1,9,3,16,13,0.64793,0.20284,0.34066,passthrough,13,13,13,13,20,13
01_13_09_03_0007.bmp,0,9,3,16,13,0.5633,0.15248,0.32692,passthrough,13,13,13,12,40,13
01_13_09_03_0009.bmp,0,9,3,16,13,0.55905,0.14988,0.30769,passthrough,13,13,40,12,40,13
01_13_09_03_0010.bmp,1,9,3,16,13,0.65022,0.18627,0.26511,passthrough,13,13,13,13,2,13
01_13_09_03_0012.bmp,0,9,3,16,13,0.55121,0.13232,0.33974,passthrough,12,12,40,12,40,12
01_13_09_03_0012.bmp,1,9,3,16,13,0.65058,0.19608,0.32418,passthrough,13,13,13,13,40,13
01_13_09_03_0013.bmp,0,9,3,16,13,0.55538,0.12768,0.33333,passthrough,12,12,34,12,40,12
01_13_09_03_0014.bmp,0,9,3,16,13,0.54507,0.13209,0.41667,passthrough,13,13,13,12,40,13
01_13_09_03_0014.bmp,1,9,3,16,13,0.63993,0.21352,0.28434,passthrough,13,13,13,13,20,13
01_13_09_03_0015.bmp,1,9,3,16,13,0.64736,0.20668,0.25962,passthrough,13,13,13,13,40,13
01_13_09_03_0016.bmp,0,9,3,16,13,0.5177,0.13216,0.32051,passthrough,13,13,40,12,40,13
01_13_09_03_0017.bmp,0,9,3,16,13,0.52597,0.1064,0.27564,passthrough,12,12,40,12,40,12
01_13_09_03_0018.bmp,1,9,3,16,13,0.63652,0.21215,0.29231,passthrough,13,13,13,13,20,13
01_13_09_03_0019.bmp,1,9,3,16,13,0.63162,0.22098,0.35253,passthrough,13,13,13,13,40,13
01_13_09_03_0021.bmp,0,9,3,16,13,0.5591,0.11809,0.28846,passthrough,12,12,40,12,40,12
01_13_09_03_0023.bmp,1,9,3,16,13,0.62882,0.21545,0.28365,passthrough,13,13,13,13,40,13
01_13_09_03_0024.bmp,1,9,3,16,13,0.62334,0.22207,0.29049,passthrough,13,13,13,13,40,13
01_13_09_03_0025.bmp,0,9,3,16,13,0.57733,0.14608,0.37179,passthrough,12,12,35,12,25,12
01_13_09_03_0025.bmp,1,9,3,16,13,0.62002,0.21843,0.31619,passthrough,13,13,13,13,40,13
01_13_09_03_0029.bmp,0,9,3,16,13,0.58798,0.15436,0.39744,passthrough,13,13,40,12,40,13
01_13_09_03_0031.bmp,0,9,3,16,13,0.60621,0.15327,0.37179,passthrough,12,12,35,12,40,12
01_13_09_03_0031.bmp,1,9,3,16,13,0.62069,0.21951,0.30415,passthrough,13,13,13,13,13,13
01_13_09_03_0032.bmp,0,9,3,16,13,0.60666,0.1427,0.35897,passthrough,12,12,40,12,40,12
01_13_09_03_0032.bmp,1,9,3,16,13,0.61815,0.23175,0.26544,passthrough,13,13,13,13,13,13
01_13_09_03_0033.bmp,1,9,3,16,13,0.61353,0.23167,0.27846,passthrough,13,13,13,13,40,13
01_13_09_03_0034.bmp,0,9,3,16,13,0.5818,0.18743,0.26923,passthrough,13,13,13,13,40,13
01_13_09_03_0034.bmp,1,9,3,16,13,0.62402,0.22752,0.30794,passthrough,13,13,13,13,13,13
01_13_09_03_0036.bmp,0,9,3,16,13,0.61438,0.16437,0.41026,passthrough,13,13,13,12,40,13
01_13_09_03_0036.bmp,1,9,3,16,13,0.63515,0.21912,0.31859,passthrough,13,13,13,13,25,13
01_13_09_03_0037.bmp,0,9,3,16,13,0.61828,0.18966,0.39744,passthrough,12,12,12,12,40,12
01_13_09_03_0037.bmp,1,9,3,16,13,0.6416,0.21437,0.26094,passthrough,13,13,13,13,40,13
01_13_09_03_0039.bmp,1,9,3,16,13,0.6376,0.22392,0.29744,passthrough,13,13,13,13,13,13
01_13_09_03_0041.bmp,0,9,3,16,13,0.60375,0.18482,0.36316,passthrough,13,13,13,13,40,13
01_13_09_03_0041.bmp,1,9,3,16,13,0.63183,0.22282,0.30244,passthrough,13,13,13,13,40,13
01_13_09_03_0043.bmp,0,9,3,16,13,0.6023,0.17609,0.32632,passthrough,13,13,40,13,40,13
01_13_09_03_0043.bmp,1,9,3,16,13,0.61313,0.24265,0.28299,passthrough,13,13,13,13,2,13
01_13_09_03_0044.bmp,0,9,3,16,13,0.61555,0.1762,0.36579,passthrough,13,13,40,13,40,13
01_13_09_03_0048.bmp,0,9,3,16,13,0.59574,0.17694,0.24206,passthrough,13,13,40,13,40,13
01_13_09_03_0048.bmp,1,9,3,16,13,0.61257,0.22921,0.25336,passthrough,13,13,13,13,13,13
01_13_09_03_0049.bmp,0,9,3,16,13,0.59836,0.19026,0.32937,passthrough,40,40,13,12,40,40
01_13_09_03_0052.bmp,0,9,3,16,13,0.60162,0.18344,0.29143,passthrough,13,13,40,13,40,13
01_13_09_03_0054.bmp,1,9,3,16,13,0.60248,0.23952,0.30155,passthrough,13,13,13,13,13,13
01_13_09_03_0055.bmp,1,9,3,16,13,0.60877,0.23667,0.28955,passthrough,13,13,13,13,40,13
01_13_09_03_0057.bmp,1,9,3,16,13,0.60984,0.22316,0.32786,passthrough,13,13,13,13,20,13
01_13_09_03_0058.bmp,0,9,3,16,13,0.59413,0.18913,0.30286,passthrough,25,25,40,13,40,25
01_13_09_03_0058.bmp,1,9,3,16,13,0.6061,0.23547,0.30406,passthrough,13,13,13,13,40,13
01_13_09_03_0061.bmp,0,9,3,16,13,0.60937,0.19007,0.248,passthrough,13,13,13,13,40,13
01_13_09_03_0062.bmp,1,9,3,16,13,0.5803,0.27016,0.26139,passthrough,13,13,13,13,40,13
01_13_09_03_0063.bmp,1,9,3,16,13,0.47185,0.11229,0.29762,passthrough,12,12,13,19,42,12
01_13_09_03_0064.bmp,1,9,3,16,13,0.47304,0.12061,0.375,passthrough,40,40,13,12,40,40
01_13_09_03_0067.bmp,1,9,3,16,13,0.4702,0.10376,0.40659,clahe,40,40,40,19,40,40
01_13_09_03_0068.bmp,1,9,3,16,13,0.46749,0.09917,0.21978,clahe,40,40,40,12,40,12
01_13_09_03_0069.bmp,1,9,3,16,13,0.43058,0.14648,0.33929,passthrough,12,12,40,12,40,12
01_13_09_03_0072.bmp,1,9,3,16,13,0.44862,0.09696,0.23214,clahe,25,13,13,12,25,13
01_13_09_03_0073.bmp,1,9,3,16,13,0.4862,0.11104,0.26786,passthrough,12,12,40,12,40,12
01_13_09_03_0074.bmp,1,9,3,16,13,0.44944,0.12154,0.33333,passthrough,13,13,40,12,40,13
01_13_09_03_0075.bmp,0,9,3,16,13,0.6253,0.18423,0.31021,passthrough,13,13,13,13,40,13
01_13_09_03_0076.bmp,1,9,3,16,13,0.47134,0.13736,0.37363,passthrough,12,12,40,12,40,12
01_13_09_03_0077.bmp,1,9,3,16,13,0.45754,0.13195,0.3631,passthrough,12,12,13,12,40,12
01_13_09_03_0078.bmp,1,9,3,16,13,0.47593,0.11099,0.22619,passthrough,12,12,12,12,40,12
01_13_09_03_0081.bmp,0,9,3,16,13,0.65514,0.16246,0.31839,passthrough,13,13,13,13,40,13
01_13_09_03_0083.bmp,0,9,3,16,13,0.64302,0.17727,0.2883,passthrough,13,13,13,13,40,13
01_13_09_03_0084.bmp,0,9,3,16,13,0.64024,0.17879,0.26011,passthrough,13,13,13,13,40,13
01_13_09_03_0085.bmp,0,9,3,16,13,0.64684,0.17109,0.30306,passthrough,13,13,13,13,40,13
01_13_09_03_0088.bmp,0,9,3,16,13,0.64855,0.16942,0.25267,passthrough,13,13,40,13,40,13
01_13_09_03_0093.bmp,0,9,3,16,13,0.63764,0.18515,0.28196,passthrough,13,13,13,13,40,13
01_13_09_03_0093.bmp,1,9,3,16,13,0.49039,0.13452,0.45378,passthrough,12,12,12,12,6,12
01_13_09_03_0095.bmp,1,9,3,16,13,0.52954,0.11859,0.36058,passthrough,40,40,40,12,40,40
01_13_09_03_0097.bmp,0,9,3,16,13,0.63538,0.17971,0.30475,passthrough,13,13,13,13,40,13
01_13_09_03_0097.bmp,1,9,3,16,13,0.49466,0.12338,0.29412,passthrough,12,12,28,12,40,12
01_13_09_03_0098.bmp,1,9,3,16,13,0.52045,0.13591,0.31765,passthrough,40,40,12,31,40,40
01_13_09_03_0099.bmp,0,9,3,16,13,0.63474,0.18061,0.28042,passthrough,13,13,13,13,25,13
01_13_09_03_0100.bmp,1,9,3,16,13,0.51087,0.12417,0.32353,passthrough,12,12,13,12,40,12
01_13_09_03_0101.bmp,1,9,3,16,13,0.53793,0.11549,0.36029,passthrough,12,12,40,12,40,12
01_13_09_03_0102.bmp,1,9,3,16,13,0.51708,0.13847,0.35069,passthrough,40,40,28,11,40,40
01_13_09_03_0105.bmp,0,9,3,16,13,0.62605,0.19314,0.29667,passthrough,13,13,13,13,40,13
01_13_09_03_0106.bmp,0,9,3,16,13,0.62223,0.19905,0.28201,passthrough,13,13,40,13,40,13
01_13_09_03_0108.bmp,1,9,3,16,13,0.54034,0.17487,0.33126,passthrough,40,40,23,12,19,40
01_13_09_03_0109.bmp,1,9,3,16,13,0.54088,0.14972,0.33913,passthrough,40,40,40,12,40,40
01_13_09_03_0110.bmp,0,9,3,16,13,0.59123,0.20882,0.27163,passthrough,13,13,13,13,40,13
01_13_09_03_0111.bmp,0,9,3,16,13,0.57669,0.2117,0.29631,passthrough,25,25,40,13,40,25
01_13_09_03_0111.bmp,1,9,3,16,13,0.51291,0.13291,0.33712,passthrough,40,40,40,12,40,40
01_13_09_03_0114.bmp,0,9,3,16,13,0.41495,0.13133,0.44156,passthrough,40,40,34,12,40,40
01_13_09_03_0116.bmp,1,9,3,16,13,0.54002,0.15696,0.32812,passthrough,40,40,40,12,20,40
01_13_09_03_0117.bmp,1,9,3,16,13,0.54974,0.15549,0.27951,passthrough,12,12,40,12,40,12
01_13_09_03_0120.bmp,0,9,3,16,13,0.41416,0.1551,0.28718,passthrough,12,12,12,12,2,12
01_13_09_03_0122.bmp,0,9,3,16,13,0.40032,0.1531,0.29412,passthrough,40,40,40,19,25,40
01_13_09_03_0124.bmp,1,9,3,16,13,0.52673,0.1793,0.34431,passthrough,11,11,40,18,40,11
01_13_09_03_0125.bmp,1,9,3,16,13,0.52865,0.1598,0.26658,passthrough,40,40,40,12,40,40
01_13_09_03_0126.bmp,0,9,3,16,13,0.36646,0.14795,0.33264,passthrough,40,40,40,12,40,40
01_13_09_03_0128.bmp,0,9,3,16,13,0.36482,0.13372,0.37565,passthrough,40,40,40,13,40,40
01_13_09_03_0130.bmp,0,9,3,16,13,0.38214,0.13382,0.35231,passthrough,40,40,40,12,40,40
01_13_09_03_0130.bmp,1,9,3,16,13,0.52673,0.16072,0.31724,passthrough,40,40,40,11,40,40
01_13_09_03_0132.bmp,1,9,3,16,13,0.52489,0.14566,0.31146,passthrough,25,25,40,12,40,25
01_13_09_03_0133.bmp,1,9,3,16,13,0.5164,0.163,0.31055,passthrough,40,40,40,12,40,40
01_13_09_03_0134.bmp,1,9,3,16,13,0.52937,0.1496,0.31653,passthrough,40,40,11,12,40,40
01_13_09_03_0136.bmp,1,9,3,16,13,0.52673,0.16555,0.34848,passthrough,40,40,13,12,40,40
01_13_09_03_0137.bmp,0,9,3,16,13,0.38146,0.14161,0.2581,passthrough,40,40,40,12,40,40
01_13_09_03_0141.bmp,1,9,3,16,13,0.53479,0.14663,0.31825,passthrough,40,40,40,12,40,40
01_13_09_03_0143.bmp,1,9,3,16,13,0.53837,0.13426,0.32895,passthrough,40,40,40,12,40,40
01_13_09_03_0144.bmp,0,9,3,16,13,0.35508,0.14703,0.29415,passthrough,40,40,40,13,40,40
01_13_09_03_0146.bmp,1,9,3,16,13,0.53346,0.14717,0.32043,passthrough,12,12,24,12,40,12
01_13_09_03_0147.bmp,0,9,3,16,13,0.36712,0.14071,0.28083,passthrough,40,40,13,13,40,40
01_13_09_03_0148.bmp,1,9,3,16,13,0.52915,0.14893,0.30805,passthrough,40,40,24,12,40,40
01_13_09_03_0149.bmp,1,9,3,16,13,0.54027,0.14685,0.32821,passthrough,40,40,40,12,40,40
01_13_09_03_0150.bmp,0,9,3,16,13,0.36393,0.15275,0.2581,passthrough,40,40,40,13,40,40
01_13_09_03_0153.bmp,0,9,3,16,13,0.35608,0.16615,0.26945,passthrough,40,40,40,13,40,40
01_13_09_03_0154.bmp,0,9,3,16,13,0.36577,0.1566,0.28536,passthrough,40,40,40,13,40,40
01_13_09_03_0156.bmp,0,9,3,16,13,0.36443,0.16025,0.28435,passthrough,40,40,40,13,40,40
01_13_09_03_0157.bmp,0,9,3,16,13,0.35884,0.16826,0.32071,passthrough,40,40,40,13,40,40
01_13_09_03_0158.bmp,0,9,3,16,13,0.36491,0.16667,0.28308,passthrough,40,40,40,13,40,40
01_13_09_03_0158.bmp,1,9,3,16,13,0.54827,0.15919,0.35163,passthrough,40,40,40,12,40,40
01_13_09_03_0160.bmp,1,9,3,16,13,0.5545,0.14743,0.29762,passthrough,12,12,40,12,40,12
01_13_09_03_0161.bmp,0,9,3,16,13,0.37303,0.18566,0.29686,passthrough,40,40,13,13,40,40
01_13_09_03_0163.bmp,0,9,3,16,13,0.38419,0.18998,0.30582,passthrough,40,40,40,13,40,40
01_13_09_03_0166.bmp,0,9,3,16,13,0.38742,0.21979,0.31577,passthrough,13,13,13,13,13,13
01_13_09_03_0170.bmp,0,9,3,16,13,0.41087,0.11736,0.39394,passthrough,13,13,40,12,1,13
01_13_09_03_0172.bmp,0,9,3,16,13,0.45609,0.13106,0.46212,passthrough,13,13,7,12,42,13
01_13_09_03_0172.bmp,1,9,3,16,13,0.56715,0.15323,0.32436,passthrough,40,40,40,18,40,40
01_13_09_03_0173.bmp,1,9,3,16,13,0.54557,0.141,0.32105,passthrough,13,13,40,18,40,13
01_13_09_03_0174.bmp,0,9,3,16,13,0.43503,0.12492,0.38636,passthrough,13,13,34,12,1,13
01_13_09_03_0174.bmp,1,9,3,16,13,0.51495,0.12386,0.33583,passthrough,13,13,40,12,40,13
01_13_09_03_0175.bmp,0,9,3,16,13,0.42112,0.12076,0.16667,passthrough,12,12,34,19,40,12
01_13_09_03_0175.bmp,1,9,3,16,13,0.53212,0.1484,0.34834,passthrough,40,40,40,12,40,40
01_13_09_03_0176.bmp,1,9,3,16,13,0.55998,0.14466,0.3315,passthrough,40,40,40,12,40,40
01_13_09_03_0178.bmp,0,9,3,16,13,0.46343,0.09989,0.15909,clahe,1,13,13,12,1,12
01_13_09_03_0178.bmp,1,9,3,16,13,0.57288,0.13283,0.31197,passthrough,25,25,40,12,40,25
01_13_09_03_0179.bmp,0,9,3,16,13,0.43137,0.09798,0.37121,clahe,25,38,38,12,25,25
01_13_09_03_0180.bmp,0,9,3,16,13,0.41494,0.11889,0.38636,passthrough,12,12,35,12,42,12
01_13_09_03_0181.bmp,1,9,3,16,13,0.56805,0.15685,0.34432,passthrough,40,40,13,12,40,40
01_13_09_03_0182.bmp,0,9,3,16,13,0.40651,0.10741,0.38636,passthrough,12,12,1,12,1,12
01_13_09_03_0185.bmp,1,9,3,16,13,0.57782,0.13479,0.27167,passthrough,40,40,40,12,40,40
01_13_09_03_0186.bmp,1,9,3,16,13,0.57769,0.14148,0.32479,passthrough,40,40,40,12,40,40
01_13_09_03_0188.bmp,1,9,3,16,13,0.58907,0.13958,0.28816,passthrough,12,12,40,12,40,12
01_13_09_03_0189.bmp,1,9,3,16,13,0.5754,0.14728,0.32479,passthrough,40,40,13,12,40,40
01_13_09_03_0191.bmp,0,9,3,16,13,0.40368,0.12121,0.31818,passthrough,12,12,40,19,42,12
01_13_09_03_0192.bmp,1,9,3,16,13,0.57073,0.15712,0.26129,passthrough,12,12,40,12,40,12
01_13_09_03_0193.bmp,1,9,3,16,13,0.56987,0.16274,0.34737,passthrough,40,40,24,13,40,40
01_13_09_03_0194.bmp,0,9,3,16,13,0.47807,0.13628,0.31818,passthrough,40,40,40,31,42,40
01_13_09_03_0196.bmp,0,9,3,16,13,0.41525,0.12355,0.38194,passthrough,25,25,38,12,42,25
01_13_09_03_0197.bmp,0,9,3,16,13,0.42729,0.11809,0.25694,passthrough,25,25,40,12,12,25
01_13_09_03_0198.bmp,0,9,3,16,13,0.41211,0.15548,0.38095,passthrough,13,13,13,12,42,13
01_13_09_03_0200.bmp,1,9,3,16,13,0.58707,0.1479,0.31258,passthrough,40,40,24,12,40,40
01_13_09_03_0201.bmp,0,9,3,16,13,0.39489,0.13621,0.39286,passthrough,13,13,40,12,40,13
01_13_09_03_0202.bmp,0,9,3,16,13,0.41457,0.13334,0.29167,passthrough,12,12,40,12,40,12
01_13_09_03_0203.bmp,0,9,3,16,13,0.4085,0.13287,0.39286,passthrough,40,40,13,12,40,40
01_13_09_03_0204.bmp,0,9,3,16,13,0.39617,0.1119,0.30357,passthrough,40,40,40,19,40,40
01_13_09_03_0204.bmp,1,9,3,16,13,0.57817,0.14424,0.28388,passthrough,12,12,13,12,40,12
01_13_09_03_0205.bmp,1,9,3,16,13,0.57662,0.15843,0.33516,passthrough,12,12,13,12,40,12
01_13_09_03_0208.bmp,1,9,3,16,13,0.57898,0.15595,0.26618,passthrough,13,13,40,12,40,13
01_13_09_03_0210.bmp,1,9,3,16,13,0.58551,0.13862,0.30159,passthrough,40,40,40,12,40,40
01_13_09_03_0211.bmp,0,9,3,16,13,0.40603,0.12849,0.37152,passthrough,13,13,40,12,40,13
01_13_09_03_0212.bmp,1,9,3,16,13,0.57955,0.1425,0.30159,passthrough,40,40,40,12,40,40
01_13_09_03_0215.bmp,0,9,3,16,13,0.39681,0.12358,0.30769,passthrough,40,40,13,13,40,40
01_13_09_03_0217.bmp,0,9,3,16,13,0.40707,0.14457,0.25499,passthrough,40,40,40,12,40,40
01_13_09_03_0220.bmp,1,9,3,16,13,0.58648,0.15102,0.32784,passthrough,12,12,40,12,40,12
01_13_09_03_0222.bmp,0,9,3,16,13,0.39327,0.1655,0.28125,passthrough,40,40,40,13,40,40
01_13_09_03_0223.bmp,1,9,3,16,13,0.58477,0.13649,0.28205,passthrough,12,12,40,12,40,12
01_13_09_03_0224.bmp,0,9,3,16,13,0.40468,0.14989,0.28943,passthrough,13,13,13,13,20,13
01_13_09_03_0224.bmp,1,9,3,16,13,0.57351,0.15056,0.32845,passthrough,40,40,13,12,40,40
01_13_09_03_0228.bmp,1,9,3,16,13,0.58663,0.14638,0.31929,passthrough,40,40,13,12,40,40
01_13_09_03_0229.bmp,1,9,3,16,13,0.58978,0.14185,0.35531,passthrough,12,12,40,12,40,12
01_13_09_03_0230.bmp,0,9,3,16,13,0.409,0.16022,0.33062,passthrough,40,40,40,13,40,40
01_13_09_03_0231.bmp,1,9,3,16,13,0.60376,0.15309,0.33944,passthrough,40,40,40,12,40,40
01_13_09_03_0232.bmp,0,9,3,16,13,0.40318,0.15855,0.30045,passthrough,13,13,40,13,40,13
01_13_09_03_0232.bmp,1,9,3,16,13,0.60947,0.15591,0.32112,passthrough,13,13,24,12,40,13
01_13_09_03_0234.bmp,1,9,3,16,13,0.60516,0.16977,0.34799,passthrough,13,13,13,13,20,13
01_13_09_03_0235.bmp,1,9,3,16,13,0.60604,0.1558,0.29915,passthrough,12,12,13,12,40,12
01_13_09_03_0236.bmp,0,9,3,16,13,0.42631,0.18343,0.31197,passthrough,13,13,40,13,40,13
01_13_09_03_0237.bmp,0,9,3,16,13,0.45372,0.18185,0.31055,passthrough,13,13,13,13,28,13
01_13_09_03_0239.bmp,1,9,3,16,13,0.59378,0.15585,0.30586,passthrough,40,40,40,13,40,40
01_13_09_03_0240.bmp,0,9,3,16,13,0.4687,0.21657,0.32539,passthrough,13,13,13,13,40,13
01_13_09_03_0241.bmp,1,9,3,16,13,0.59035,0.18619,0.33333,passthrough,12,12,13,18,40,12
01_13_09_03_0245.bmp,1,9,3,16,13,0.58739,0.16069,0.31746,passthrough,12,12,13,13,40,12
01_13_09_03_0246.bmp,1,9,3,16,13,0.58867,0.15699,0.29426,passthrough,12,12,40,12,40,12
01_13_09_03_0247.bmp,0,9,3,16,13,0.47072,0.17369,0.31567,passthrough,13,13,13,13,40,13
01_13_09_03_0247.bmp,1,9,3,16,13,0.58855,0.1622,0.31624,passthrough,40,40,40,12,40,40
01_13_09_03_0248.bmp,0,9,3,16,13,0.46369,0.17408,0.313,passthrough,13,13,13,13,40,13
01_13_09_03_0249.bmp,0,9,3,16,13,0.47618,0.16483,0.28445,passthrough,13,13,13,13,40,13
01_13_09_03_0250.bmp,0,9,3,16,13,0.47819,0.18251,0.29,passthrough,13,13,13,13,40,13
01_13_09_03_0250.bmp,1,9,3,16,13,0.59227,0.1563,0.32112,passthrough,40,40,40,12,40,40
01_13_09_03_0252.bmp,1,9,3,16,13,0.59767,0.14605,0.3083,passthrough,40,40,40,12,40,40
01_13_09_03_0253.bmp,0,9,3,16,13,0.48696,0.18616,0.30593,passthrough,13,13,13,13,40,13
01_13_09_03_0256.bmp,0,9,3,16,13,0.47876,0.17332,0.28747,passthrough,13,13,13,13,40,13
01_13_09_03_0256.bmp,1,9,3,16,13,0.58906,0.16118,0.33639,passthrough,40,40,40,12,40,40
01_13_09_03_0257.bmp,0,9,3,16,13,0.47291,0.17725,0.30746,passthrough,13,13,13,13,40,13
01_13_09_03_0257.bmp,1,9,3,16,13,0.59175,0.15211,0.30281,passthrough,12,12,40,12,40,12
01_13_09_03_0260.bmp,0,9,3,16,13,0.47836,0.16602,0.27917,passthrough,13,13,13,13,40,13
01_13_09_03_0261.bmp,0,9,3,16,13,0.46883,0.16241,0.28826,passthrough,13,13,13,13,40,13
01_13_09_03_0262.bmp,1,9,3,16,13,0.59153,0.15152,0.32662,passthrough,12,12,13,12,40,12
01_13_09_03_0263.bmp,0,9,3,16,13,0.46669,0.17716,0.30208,passthrough,13,13,13,13,40,13
01_13_09_03_0271.bmp,0,9,3,16,13,0.58727,0.1495,0.33944,passthrough,12,12,13,12,40,12
01_13_09_03_0272.bmp,0,9,3,16,13,0.58813,0.15559,0.34493,passthrough,12,12,40,12,40,12
01_13_09_03_0273.bmp,0,9,3,16,13,0.59474,0.15192,0.32723,passthrough,40,40,40,12,40,40
01_13_09_03_0274.bmp,0,9,3,16,13,0.59899,0.14831,0.31441,passthrough,40,40,40,12,40,40
01_13_09_03_0277.bmp,0,9,3,16,13,0.58438,0.15838,0.31624,passthrough,40,40,40,13,40,40
01_13_09_03_0280.bmp,0,9,3,16,13,0.58432,0.15759,0.3138,passthrough,12,12,24,13,40,12
01_13_09_03_0281.bmp,0,9,3,16,13,0.59296,0.15029,0.3083,passthrough,12,12,40,12,40,12
01_13_09_03_0282.bmp,0,9,3,16,13,0.5779,0.16491,0.32479,passthrough,40,40,40,13,40,40
01_13_09_03_0285.bmp,0,9,3,16,13,0.58591,0.16075,0.33333,passthrough,13,13,40,13,40,13
01_13_09_03_0287.bmp,0,9,3,16,13,0.57645,0.1637,0.29304,passthrough,12,12,13,12,40,12
01_13_09_03_0288.bmp,0,9,3,16,13,0.59367,0.14304,0.27106,passthrough,40,40,40,12,40,40
01_13_09_03_0289.bmp,0,9,3,16,13,0.58205,0.15485,0.28938,passthrough,12,12,24,13,40,12
01_13_09_03_0293.bmp,0,9,3,16,13,0.58409,0.14791,0.28755,passthrough,40,40,40,12,40,40
01_13_09_03_0296.bmp,0,9,3,16,13,0.57919,0.15485,0.27534,passthrough,40,40,40,13,40,40
01_13_09_03_0299.bmp,0,9,3,16,13,0.57571,0.14299,0.32723,passthrough,40,40,13,12,40,40
01_13_09_03_0300.bmp,0,9,3,16,13,0.57643,0.13752,0.32051,passthrough,12,12,13,12,40,12
01_13_09_03_0301.bmp,0,9,3,16,13,0.5732,0.13638,0.33761,passthrough,12,12,40,12,40,12
01_13_09_03_0303.bmp,0,9,3,16,13,0.57059,0.14998,0.38104,passthrough,40,40,13,12,40,40
01_13_09_03_0307.bmp,0,9,3,16,13,0.5772,0.12884,0.31067,passthrough,40,40,40,12,40,40
01_13_09_03_0311.bmp,0,9,3,16,13,0.55398,0.14564,0.35909,passthrough,13,13,40,12,40,13
01_13_09_03_0316.bmp,0,9,3,16,13,0.5641,0.13142,0.30949,passthrough,40,40,13,12,40,40
01_13_09_03_0325.bmp,0,9,3,16,13,0.5799,0.18222,0.33061,passthrough,13,13,40,12,40,13
01_13_09_03_0331.bmp,0,9,3,16,13,0.59149,0.18365,0.32324,passthrough,13,13,13,18,40,13
01_13_09_03_0333.bmp,0,9,3,16,13,0.58942,0.18142,0.32147,passthrough,25,25,40,18,40,25
01_13_09_03_0334.bmp,0,9,3,16,13,0.59654,0.18062,0.32121,passthrough,25,25,40,18,40,25
01_13_09_03_0336.bmp,0,9,3,16,13,0.59221,0.18959,0.34151,passthrough,40,40,40,18,40,40
01_13_09_03_0337.bmp,0,9,3,16,13,0.60365,0.19692,0.33592,passthrough,12,12,13,18,28,12
01_13_09_03_0338.bmp,0,9,3,16,13,0.60183,0.20944,0.34069,passthrough,13,13,20,18,40,13
01_13_09_03_0341.bmp,0,9,3,16,13,0.63196,0.18572,0.3325,passthrough,40,40,40,18,40,40
01_13_09_03_0343.bmp,0,9,3,16,13,0.62668,0.18965,0.34979,passthrough,25,25,20,11,40,25
01_13_09_03_0344.bmp,0,9,3,16,13,0.63791,0.18945,0.33922,passthrough,40,40,40,25,40,40
01_13_09_03_0348.bmp,0,9,3,16,13,0.62362,0.20472,0.31753,passthrough,13,13,40,13,40,13
01_13_09_03_0350.bmp,0,9,3,16,13,0.61839,0.20134,0.32228,passthrough,13,13,40,13,40,13
01_13_09_03_0352.bmp,0,9,3,16,13,0.59554,0.18786,0.31301,passthrough,40,40,40,13,40,40
01_13_09_03_0353.bmp,0,9,3,16,13,0.57788,0.18196,0.32296,passthrough,13,13,40,13,40,13
01_13_09_03_0354.bmp,0,9,3,16,13,0.55952,0.17624,0.31443,passthrough,40,40,40,12,40,40
01_13_09_03_0357.bmp,0,9,3,16,13,0.49189,0.17245,0.33487,passthrough,13,13,40,13,20,13
01_13_09_03_0358.bmp,0,9,3,16,13,0.48388,0.19101,0.33592,passthrough,13,13,40,13,40,13
01_13_09_03_0359.bmp,0,9,3,16,13,0.47385,0.2141,0.32705,passthrough,13,13,13,13,40,13
01_13_09_03_0365.bmp,0,9,3,16,13,0.46183,0.22818,0.26524,passthrough,13,13,13,13,20,13
01_13_09_03_0371.bmp,0,9,3,16,13,0.43587,0.21112,0.30478,passthrough,13,13,13,13,40,13
01_13_09_03_0373.bmp,0,9,3,16,13,0.43076,0.2011,0.31962,passthrough,13,13,13,13,28,13
01_13_09_03_0382.bmp,0,9,3,16,13,0.48303,0.2235,0.28661,passthrough,13,13,13,13,40,13
01_13_09_03_0384.bmp,0,9,3,16,13,0.48464,0.1989,0.25578,passthrough,25,25,13,13,25,25
01_13_09_03_0385.bmp,0,9,3,16,13,0.47763,0.22192,0.27525,passthrough,13,13,13,13,40,13
01_13_09_03_0386.bmp,0,9,3,16,13,0.48339,0.16536,0.3719,passthrough,13,13,25,12,42,13
01_13_09_03_0387.bmp,0,9,3,16,13,0.47944,0.12183,0.39669,passthrough,12,12,14,12,42,12
01_13_09_03_0389.bmp,0,9,3,16,13,0.46443,0.12902,0.33058,passthrough,10,10,34,12,1,10
01_13_09_03_0391.bmp,0,9,3,16,13,0.49762,0.14038,0.38843,passthrough,12,12,4,12,12,12
01_13_09_03_0398.bmp,0,9,3,16,13,0.49635,0.1435,0.38843,passthrough,12,12,18,12,25,12
01_13_09_03_0402.bmp,0,9,3,16,13,0.47655,0.14323,0.23967,passthrough,13,13,40,12,42,13
01_13_09_03_0404.bmp,0,9,3,16,13,0.48057,0.15227,0.34711,passthrough,12,12,13,12,42,12
01_13_09_03_0408.bmp,0,9,3,16,13,0.48021,0.11677,0.41322,passthrough,12,12,40,12,42,12
01_13_09_03_0413.bmp,0,9,3,16,13,0.48083,0.16824,0.29752,passthrough,12,12,35,12,42,12
01_13_09_03_0414.bmp,0,9,3,16,13,0.48848,0.14914,0.38017,passthrough,40,40,13,12,42,40
01_13_09_03_0415.bmp,0,9,3,16,13,0.46099,0.15989,0.35537,passthrough,13,13,13,12,42,13
01_13_09_03_0419.bmp,0,9,3,16,13,0.47266,0.16197,0.36364,passthrough,13,13,34,12,11,13
01_13_09_03_0421.bmp,0,9,3,16,13,0.46735,0.14981,0.28926,passthrough,13,13,13,12,12,13
01_13_09_03_0422.bmp,0,9,3,16,13,0.52364,0.141,0.35537,passthrough,13,13,34,12,6,13
01_13_09_03_0423.bmp,0,9,3,16,13,0.48621,0.14554,0.3719,passthrough,13,13,13,12,42,13
01_13_09_03_0424.bmp,0,9,3,16,13,0.49046,0.17851,0.33884,passthrough,13,13,25,38,25,13
01_13_09_03_0429.bmp,0,9,3,16,13,0.51607,0.17447,0.29121,passthrough,13,13,18,12,6,13
01_13_09_03_0430.bmp,0,9,3,16,13,0.49875,0.16749,0.34615,passthrough,13,13,40,12,40,13
01_13_09_03_0434.bmp,0,9,3,16,13,0.45382,0.18817,0.35714,passthrough,13,13,25,12,0,13
01_13_09_03_0435.bmp,0,9,3,16,13,0.49302,0.13252,0.30952,passthrough,13,13,37,12,40,13
01_13_09_03_0438.bmp,0,9,3,16,13,0.49064,0.14005,0.32381,passthrough,12,12,13,12,40,12
01_13_09_03_0441.bmp,0,9,3,16,13,0.47637,0.1604,0.3125,passthrough,12,12,13,12,40,12
01_13_09_03_0442.bmp,0,9,3,16,13,0.45591,0.18282,0.29514,passthrough,13,13,13,13,40,13
01_13_09_03_0443.bmp,0,9,3,16,13,0.46461,0.19373,0.33681,passthrough,13,13,40,12,40,13
01_13_09_03_0444.bmp,0,9,3,16,13,0.46205,0.16264,0.38235,passthrough,12,12,40,12,40,12
01_13_09_03_0448.bmp,0,9,3,16,13,0.46236,0.17501,0.29861,passthrough,13,13,40,12,40,13
01_13_09_03_0449.bmp,0,9,3,16,13,0.46273,0.15842,0.3839,passthrough,13,13,13,12,40,13
01_13_09_03_0456.bmp,0,9,3,16,13,0.46663,0.16801,0.31385,passthrough,13,13,40,12,40,13
01_13_09_03_0458.bmp,0,9,3,16,13,0.49716,0.16026,0.26522,passthrough,40,40,40,12,40,40
01_13_09_03_0461.bmp,0,9,3,16,13,0.50587,0.16201,0.3413,passthrough,40,40,40,13,40,40
01_13_09_03_0463.bmp,0,9,3,16,13,0.50156,0.19724,0.32609,passthrough,13,13,40,13,40,13
01_13_09_03_0468.bmp,0,9,3,16,13,0.5171,0.21001,0.27473,passthrough,40,40,40,13,40,40
01_13_09_03_0471.bmp,0,9,3,16,13,0.52483,0.19047,0.32299,passthrough,13,13,40,13,40,13
01_13_09_03_0475.bmp,0,9,3,16,13,0.50507,0.17546,0.3084,passthrough,13,13,13,13,40,13
01_13_09_03_0477.bmp,0,9,3,16,13,0.49026,0.18189,0.35449,passthrough,13,13,40,13,40,13
01_13_09_03_0479.bmp,0,9,3,16,13,0.47102,0.18062,0.33355,passthrough,13,13,13,13,40,13
01_13_09_03_0481.bmp,0,9,3,16,13,0.46275,0.18267,0.28306,passthrough,40,40,40,13,40,40
01_13_09_03_0484.bmp,0,9,3,16,13,0.45371,0.15499,0.30331,passthrough,13,13,13,13,40,13
01_13_09_03_0486.bmp,0,9,3,16,13,0.44963,0.14497,0.29773,passthrough,13,13,13,13,40,13
01_13_09_03_0489.bmp,0,9,3,16,13,0.46019,0.15751,0.29649,passthrough,13,13,40,13,40,13
01_13_09_03_0491.bmp,0,9,3,16,13,0.46918,0.15677,0.29062,passthrough,40,40,40,13,40,40
01_13_09_03_0492.bmp,0,9,3,16,13,0.46265,0.16965,0.3046,passthrough,40,40,40,13,40,40
01_13_09_03_0494.bmp,0,9,3,16,13,0.45633,0.16688,0.30287,passthrough,13,13,13,13,40,13
01_13_09_03_0501.bmp,0,9,3,16,13,0.45294,0.15889,0.28634,passthrough,40,40,40,13,40,40
01_13_09_03_0504.bmp,0,9,3,16,13,0.45884,0.14938,0.30514,passthrough,40,40,40,13,40,40
01_13_09_03_0507.bmp,0,9,3,16,13,0.4649,0.15187,0.26928,passthrough,13,13,13,13,40,13
01_13_09_03_0511.bmp,0,9,3,16,13,0.46842,0.15242,0.27976,passthrough,13,13,13,13,40,13
01_13_09_03_0513.bmp,0,9,3,16,13,0.46612,0.15117,0.27287,passthrough,13,13,40,13,40,13
01_13_09_03_0515.bmp,0,9,3,16,13,0.42564,0.1471,0.28287,passthrough,13,13,40,13,40,13
01_13_09_03_0516.bmp,0,9,3,16,13,0.48378,0.1245,0.39161,passthrough,12,12,25,12,42,12
01_13_09_03_0517.bmp,0,9,3,16,13,0.47314,0.11343,0.34965,passthrough,12,12,40,12,42,12
01_13_09_03_0519.bmp,0,9,3,16,13,0.51071,0.13635,0.37063,passthrough,12,12,35,19,42,12
01_13_09_03_0521.bmp,0,9,3,16,13,0.51894,0.12051,0.32168,passthrough,12,12,40,31,42,12
01_13_09_03_0525.bmp,0,9,3,16,13,0.4938,0.13877,0.36513,passthrough,40,40,40,12,40,40
01_13_09_03_0526.bmp,0,9,3,16,13,0.49576,0.10824,0.29371,passthrough,12,12,40,12,42,12
01_13_09_03_0527.bmp,0,9,3,16,13,0.52297,0.13875,0.35764,passthrough,40,40,40,12,40,40
01_13_09_03_0530.bmp,0,9,3,16,13,0.48427,0.13,0.26573,passthrough,12,12,40,12,42,12
01_13_09_03_0535.bmp,0,9,3,16,13,0.56272,0.13833,0.33681,passthrough,13,13,35,12,40,13
01_13_09_03_0540.bmp,0,9,3,16,13,0.46516,0.13226,0.34266,passthrough,12,12,12,12,25,12
01_13_09_03_0542.bmp,0,9,3,16,13,0.48098,0.12538,0.33566,passthrough,12,12,12,12,25,12
01_13_09_03_0544.bmp,0,9,3,16,13,0.42386,0.13826,0.32867,passthrough,40,40,40,19,36,40
01_13_09_03_0545.bmp,0,9,3,16,13,0.56644,0.13139,0.32292,passthrough,12,12,11,12,40,12
01_13_09_03_0549.bmp,0,9,3,16,13,0.53947,0.12807,0.36601,passthrough,12,12,40,12,40,12
01_13_09_03_0550.bmp,0,9,3,16,13,0.45819,0.14865,0.26573,passthrough,12,12,13,19,25,12
01_13_09_03_0557.bmp,0,9,3,16,13,0.54698,0.1242,0.40556,passthrough,40,40,40,12,40,40
01_13_09_03_0558.bmp,0,9,3,16,13,0.46124,0.11269,0.34266,passthrough,12,12,23,12,40,12
01_13_09_03_0559.bmp,0,9,3,16,13,0.51526,0.13379,0.31389,passthrough,12,12,40,12,40,12
01_13_09_03_0565.bmp,0,9,3,16,13,0.54167,0.12826,0.3545,passthrough,12,12,40,12,40,12
01_13_09_03_0575.bmp,0,9,3,16,13,0.51624,0.12403,0.32567,passthrough,40,40,40,12,40,40
01_13_09_03_0578.bmp,0,9,3,16,13,0.41205,0.11992,0.30317,passthrough,40,40,40,32,25,40
01_13_09_03_0581.bmp,0,9,3,16,13,0.49114,0.13022,0.33769,passthrough,40,40,13,12,40,40
01_13_09_03_0582.bmp,0,9,3,16,13,0.42371,0.12149,0.21719,passthrough,25,25,40,12,12,25
01_13_09_03_0583.bmp,0,9,3,16,13,0.50114,0.13654,0.30083,passthrough,12,12,40,12,40,12
01_13_09_03_0584.bmp,0,9,3,16,13,0.41892,0.11632,0.34842,passthrough,13,13,13,12,40,13
01_13_09_03_0587.bmp,0,9,3,16,13,0.48509,0.12442,0.34721,passthrough,25,25,13,12,40,25
01_13_09_03_0591.bmp,0,9,3,16,13,0.47474,0.13805,0.29924,passthrough,13,13,13,12,40,13
01_13_09_03_0592.bmp,0,9,3,16,13,0.39182,0.12811,0.3096,passthrough,40,40,40,32,40,40
01_13_09_03_0594.bmp,0,9,3,16,13,0.38192,0.1349,0.27864,passthrough,40,40,35,12,40,40
01_13_09_03_0596.bmp,0,9,3,16,13,0.40911,0.11931,0.33882,passthrough,40,40,40,12,40,40
01_13_09_03_0599.bmp,0,9,3,16,13,0.49528,0.12012,0.26494,passthrough,13,13,13,12,40,13
01_13_09_03_0600.bmp,0,9,3,16,13,0.49196,0.14048,0.33822,passthrough,40,40,40,12,40,40
01_13_09_03_0604.bmp,0,9,3,16,13,0.47737,0.13905,0.30886,passthrough,40,40,13,12,40,40
01_13_09_03_0605.bmp,0,9,3,16,13,0.5001,0.14418,0.31087,passthrough,40,40,40,12,40,40
01_13_09_03_0607.bmp,0,9,3,16,13,0.4916,0.13198,0.33721,passthrough,40,40,40,18,40,40
01_13_09_03_0608.bmp,0,9,3,16,13,0.47919,0.13672,0.328,passthrough,40,40,40,12,40,40
01_13_09_03_0609.bmp,0,9,3,16,13,0.48125,0.14845,0.32958,passthrough,40,40,40,13,40,40
01_13_09_03_0611.bmp,0,9,3,16,13,0.49473,0.13433,0.33158,passthrough,40,40,40,12,40,40
01_13_09_03_0613.bmp,0,9,3,16,13,0.50588,0.13372,0.29941,passthrough,12,12,40,12,40,12
01_13_09_03_0615.bmp,0,9,3,16,13,0.50168,0.13976,0.30846,passthrough,13,13,40,12,40,13
01_13_09_03_0616.bmp,0,9,3,16,13,0.50015,0.14728,0.30621,passthrough,13,13,40,13,40,13
01_13_09_03_0626.bmp,0,9,3,16,13,0.48811,0.18383,0.30321,passthrough,40,40,13,13,40,40
01_03_09_04_0004.bmp,0,9,4,16,9,0.51915,0.11816,0.36812,passthrough,12,12,40,32,40,12
01_03_09_04_0005.bmp,0,9,4,16,9,0.52052,0.12017,0.28116,passthrough,25,25,25,16,40,25
01_03_09_04_0011.bmp,0,9,4,16,9,0.50509,0.13236,0.2875,passthrough,11,11,13,16,40,11
01_03_09_04_0015.bmp,0,9,4,16,9,0.51665,0.11068,0.27984,passthrough,25,25,40,12,0,25
01_03_09_04_0016.bmp,0,9,4,16,9,0.49266,0.12673,0.2716,passthrough,25,25,25,32,25,25
01_03_09_04_0017.bmp,0,9,4,16,9,0.50244,0.13384,0.29424,passthrough,40,40,25,32,40,40
01_03_09_04_0024.bmp,0,9,4,16,9,0.49082,0.13685,0.2807,passthrough,12,12,40,12,40,12
01_03_09_04_0025.bmp,0,9,4,16,9,0.49027,0.11686,0.28871,passthrough,40,40,40,32,40,40
01_03_09_04_0028.bmp,0,9,4,16,9,0.46015,0.12073,0.34801,passthrough,25,25,40,32,40,25
01_03_09_04_0029.bmp,0,9,4,16,9,0.47554,0.13282,0.30441,passthrough,13,13,13,32,40,13
01_03_09_04_0030.bmp,0,9,4,16,9,0.45291,0.11824,0.33333,passthrough,25,25,25,12,20,25
01_03_09_04_0032.bmp,0,9,4,16,9,0.42004,0.12439,0.32367,passthrough,40,40,40,32,20,40
01_03_09_04_0033.bmp,0,9,4,16,9,0.42396,0.11797,0.31884,passthrough,25,25,13,32,40,25
01_03_09_04_0034.bmp,0,9,4,16,9,0.4263,0.11409,0.29831,passthrough,25,25,40,32,40,25
01_03_09_04_0041.bmp,0,9,4,16,9,0.41775,0.11485,0.33528,passthrough,40,40,40,32,40,40
01_03_09_04_0047.bmp,0,9,4,16,9,0.44025,0.12101,0.2845,passthrough,40,40,24,12,40,40
01_03_09_04_0048.bmp,0,9,4,16,9,0.42414,0.14192,0.30763,passthrough,40,40,40,13,40,40
01_03_09_04_0050.bmp,0,9,4,16,9,0.4205,0.11613,0.26939,passthrough,40,40,40,13,40,40
01_03_09_04_0051.bmp,0,9,4,16,9,0.41104,0.12912,0.32106,passthrough,40,40,40,13,40,40
01_03_09_04_0052.bmp,0,9,4,16,9,0.40336,0.12756,0.32187,passthrough,40,40,24,13,40,40
01_03_09_04_0055.bmp,0,9,4,16,9,0.40595,0.14211,0.31784,passthrough,40,40,40,13,40,40
01_03_09_04_0057.bmp,0,9,4,16,9,0.42803,0.11958,0.27392,passthrough,40,40,40,13,2,40
01_03_09_04_0058.bmp,0,9,4,16,9,0.42587,0.1244,0.28357,passthrough,25,25,40,13,25,25
01_03_09_04_0059.bmp,0,9,4,16,9,0.42932,0.12955,0.24561,passthrough,25,25,25,13,40,25
01_03_09_04_0064.bmp,0,9,4,16,9,0.42549,0.12377,0.29614,passthrough,25,25,25,13,20,25
01_03_09_04_0071.bmp,0,9,4,16,9,0.44402,0.12387,0.29427,passthrough,25,25,40,32,40,25
01_03_09_04_0072.bmp,0,9,4,16,9,0.43004,0.11912,0.26988,passthrough,25,25,40,13,20,25
01_03_09_04_0074.bmp,0,9,4,16,9,0.44734,0.12494,0.32533,passthrough,25,25,13,13,40,25
01_03_09_04_0075.bmp,0,9,4,16,9,0.43739,0.12913,0.29508,passthrough,25,25,13,13,40,25
01_03_09_04_0076.bmp,0,9,4,16,9,0.44812,0.14174,0.25906,passthrough,25,25,40,13,40,25
01_03_09_04_0077.bmp,0,9,4,16,9,0.4463,0.14797,0.30444,passthrough,25,25,40,13,40,25
01_03_09_04_0078.bmp,0,9,4,16,9,0.44218,0.13293,0.29763,passthrough,25,25,24,13,20,25
01_03_09_04_0083.bmp,0,9,4,16,9,0.44374,0.1406,0.27882,passthrough,25,25,13,13,25,25
01_03_09_04_0084.bmp,0,9,4,16,9,0.43923,0.13647,0.29671,passthrough,25,25,13,13,25,25
01_06_09_04_0001.bmp,1,9,4,16,14,0.57534,0.13729,0.44167,passthrough,11,11,12,32,25,11
01_06_09_04_0003.bmp,1,9,4,16,14,0.62059,0.11164,0.24167,passthrough,11,11,35,12,40,11
01_06_09_04_0005.bmp,0,9,4,16,14,0.53454,0.14041,0.36806,passthrough,25,25,13,12,20,25
01_06_09_04_0005.bmp,1,9,4,16,14,0.58763,0.10324,0.28333,clahe,40,40,40,31,40,13
01_06_09_04_0006.bmp,0,9,4,16,14,0.52765,0.14534,0.33108,passthrough,13,13,20,11,20,13
01_06_09_04_0006.bmp,1,9,4,16,14,0.61059,0.12307,0.3288,passthrough,11,11,36,12,40,11
01_06_09_04_0007.bmp,0,9,4,16,14,0.56077,0.14124,0.32132,passthrough,11,11,40,18,40,11
01_06_09_04_0008.bmp,1,9,4,16,14,0.60178,0.12665,0.33571,passthrough,25,25,25,12,40,25
01_06_09_04_0010.bmp,0,9,4,16,14,0.57435,0.12687,0.34493,passthrough,25,25,40,18,20,25
01_06_09_04_0011.bmp,0,9,4,16,14,0.56606,0.12135,0.32719,passthrough,13,13,2,12,40,13
01_06_09_04_0013.bmp,0,9,4,16,14,0.55696,0.12942,0.34542,passthrough,13,13,40,13,20,13
01_06_09_04_0014.bmp,0,9,4,16,14,0.55851,0.11612,0.34099,passthrough,25,25,25,11,40,25
01_06_09_04_0016.bmp,1,9,4,16,14,0.61872,0.11698,0.34058,passthrough,11,11,40,12,20,11
01_06_09_04_0018.bmp,1,9,4,16,14,0.60684,0.13799,0.3232,passthrough,25,25,13,12,20,25
01_06_09_04_0020.bmp,0,9,4,16,14,0.50689,0.12751,0.30155,passthrough,13,13,13,18,20,13
01_06_09_04_0020.bmp,1,9,4,16,14,0.60207,0.13148,0.3472,passthrough,25,25,1,12,20,25
01_06_09_04_0021.bmp,0,9,4,16,14,0.50294,0.12755,0.33694,passthrough,13,13,13,13,20,13
01_06_09_04_0021.bmp,1,9,4,16,14,0.61886,0.11334,0.2784,passthrough,40,40,24,12,40,40
01_06_09_04_0022.bmp,1,9,4,16,14,0.62741,0.1238,0.3424,passthrough,25,25,20,12,20,25
01_06_09_04_0023.bmp,0,9,4,16,14,0.50444,0.13138,0.32758,passthrough,25,25,13,13,40,25
01_06_09_04_0023.bmp,1,9,4,16,14,0.62459,0.14387,0.35057,passthrough,25,25,39,12,40,25
01_06_09_04_0025.bmp,0,9,4,16,14,0.49622,0.12832,0.32357,passthrough,25,25,40,13,20,25
01_06_09_04_0026.bmp,0,9,4,16,14,0.50241,0.13517,0.329,passthrough,25,25,13,18,40,25
01_06_09_04_0027.bmp,0,9,4,16,14,0.48351,0.1464,0.33093,passthrough,13,13,13,18,20,13
01_06_09_04_0028.bmp,0,9,4,16,14,0.48057,0.14488,0.31181,passthrough,25,25,40,13,40,25
01_06_09_04_0028.bmp,1,9,4,16,14,0.58439,0.13211,0.35383,passthrough,25,25,40,12,20,25
01_06_09_04_0031.bmp,1,9,4,16,14,0.59805,0.14944,0.38756,passthrough,12,12,40,12,0,12
01_06_09_04_0032.bmp,0,9,4,16,14,0.46093,0.13626,0.33263,passthrough,13,13,13,18,40,13
01_06_09_04_0032.bmp,1,9,4,16,14,0.59501,0.13,0.35407,passthrough,12,12,12,12,40,12
01_06_09_04_0033.bmp,0,9,4,16,14,0.45218,0.15158,0.34805,passthrough,13,13,13,13,40,13
01_06_09_04_0033.bmp,1,9,4,16,14,0.61248,0.11503,0.23923,passthrough,12,12,40,12,42,12
01_06_09_04_0035.bmp,0,9,4,16,14,0.45919,0.15188,0.33265,passthrough,40,40,40,13,40,40
01_06_09_04_0036.bmp,1,9,4,16,14,0.5128,0.18987,0.39545,passthrough,11,11,12,12,42,11
01_06_09_04_0038.bmp,1,9,4,16,14,0.52074,0.1641,0.32917,passthrough,11,11,1,12,0,11
01_06_09_04_0040.bmp,0,9,4,16,14,0.43795,0.14729,0.33406,passthrough,13,13,24,13,13,13
01_06_09_04_0044.bmp,0,9,4,16,14,0.41764,0.12658,0.23991,passthrough,40,40,40,12,40,40
01_06_09_04_0044.bmp,1,9,4,16,14,0.51265,0.11283,0.28889,passthrough,40,40,40,12,40,40
01_06_09_04_0047.bmp,0,9,4,16,14,0.52198,0.12026,0.28974,passthrough,12,12,0,12,40,12
01_06_09_04_0048.bmp,0,9,4,16,14,0.51398,0.12667,0.31674,passthrough,40,40,40,12,40,40
01_06_09_04_0049.bmp,0,9,4,16,14,0.52869,0.11037,0.29502,passthrough,12,12,39,12,40,12
01_06_09_04_0050.bmp,0,9,4,16,14,0.54171,0.12007,0.2765,passthrough,40,40,24,12,40,40
01_06_09_04_0053.bmp,0,9,4,16,14,0.55804,0.12897,0.26629,passthrough,13,13,40,12,40,13
01_06_09_04_0054.bmp,0,9,4,16,14,0.56883,0.14083,0.33187,passthrough,40,40,11,12,40,40
01_06_09_04_0055.bmp,0,9,4,16,14,0.56983,0.13817,0.30688,passthrough,13,13,40,12,40,13
01_06_09_04_0056.bmp,0,9,4,16,14,0.57226,0.12131,0.30672,passthrough,12,12,13,12,40,12
01_06_09_04_0064.bmp,0,9,4,16,14,0.54978,0.16039,0.36505,passthrough,11,11,40,18,40,11
01_06_09_04_0065.bmp,0,9,4,16,14,0.54981,0.15262,0.31377,passthrough,13,13,40,12,40,13
01_06_09_04_0066.bmp,0,9,4,16,14,0.55407,0.1459,0.32985,passthrough,13,13,40,12,40,13
01_06_09_04_0067.bmp,0,9,4,16,14,0.53864,0.15743,0.28769,passthrough,40,40,24,12,40,40
01_06_09_04_0068.bmp,0,9,4,16,14,0.52056,0.16416,0.31395,passthrough,13,13,40,12,40,13
01_06_09_04_0076.bmp,0,9,4,16,14,0.4849,0.1255,0.32027,passthrough,40,40,13,12,40,40
01_06_09_04_0079.bmp,0,9,4,16,14,0.48171,0.12919,0.31807,passthrough,40,40,13,18,40,40
01_06_09_04_0080.bmp,0,9,4,16,14,0.45289,0.14082,0.31451,passthrough,40,40,28,18,40,40
01_06_09_04_0084.bmp,0,9,4,16,14,0.4419,0.12284,0.30065,passthrough,40,40,24,12,40,40
01_06_09_04_0085.bmp,0,9,4,16,14,0.44185,0.12725,0.32011,passthrough,25,25,40,13,40,25
01_06_09_04_0088.bmp,0,9,4,16,14,0.38057,0.13316,0.26057,passthrough,40,40,13,13,20,40
01_11_09_04_0001.bmp,0,9,4,16,12,0.49489,0.1432,0.38278,passthrough,12,12,40,11,42,12
01_11_09_04_0006.bmp,0,9,4,16,12,0.50781,0.14781,0.37799,passthrough,38,38,25,32,6,38
01_11_09_04_0010.bmp,0,9,4,16,12,0.51311,0.14593,0.38756,passthrough,25,25,25,31,25,25
01_11_09_04_0014.bmp,0,9,4,16,12,0.49437,0.12254,0.26786,passthrough,25,25,40,32,42,25
01_11_09_04_0016.bmp,0,9,4,16,12,0.51422,0.13756,0.36333,passthrough,12,12,40,12,40,12
01_11_09_04_0023.bmp,0,9,4,16,12,0.51915,0.10849,0.38619,passthrough,11,11,40,12,40,11
01_11_09_04_0026.bmp,0,9,4,16,12,0.49732,0.12323,0.31111,passthrough,25,25,40,12,40,25
01_11_09_04_0030.bmp,0,9,4,16,12,0.48755,0.14391,0.33111,passthrough,25,25,40,32,36,25
01_11_09_04_0032.bmp,0,9,4,16,12,0.46931,0.16376,0.3739,passthrough,18,18,18,11,42,18
01_11_09_04_0034.bmp,0,9,4,16,12,0.50782,0.13879,0.35626,passthrough,12,12,26,12,36,12
01_11_09_04_0036.bmp,0,9,4,16,12,0.46879,0.13507,0.34375,passthrough,40,40,40,32,40,40
01_11_09_04_0041.bmp,0,9,4,16,12,0.47804,0.1324,0.29604,passthrough,12,12,11,11,11,12
01_11_09_04_0045.bmp,0,9,4,16,12,0.46079,0.14117,0.37742,passthrough,12,12,40,12,20,12
01_11_09_04_0059.bmp,0,9,4,16,12,0.45504,0.15418,0.32188,passthrough,13,13,18,11,28,13
01_11_09_04_0067.bmp,0,9,4,16,12,0.46839,0.15614,0.28904,passthrough,13,13,36,13,0,13
01_11_09_04_0068.bmp,0,9,4,16,12,0.45403,0.15537,0.30903,passthrough,13,13,40,11,28,13
01_11_09_04_0069.bmp,0,9,4,16,12,0.45315,0.15004,0.30141,passthrough,25,25,40,13,40,25
01_11_09_04_0074.bmp,0,9,4,16,12,0.45325,0.16097,0.28044,passthrough,13,13,13,13,13,13
01_12_09_04_0001.bmp,0,9,4,16,17,0.43702,0.11618,0.34596,passthrough,12,12,40,12,19,12
01_12_09_04_0004.bmp,1,9,4,16,17,0.4904,0.09825,0.29545,clahe,42,40,40,12,42,11
01_12_09_04_0005.bmp,0,9,4,16,17,0.47935,0.19264,0.42667,passthrough,13,13,11,13,23,13
01_12_09_04_0006.bmp,1,9,4,16,17,0.47742,0.10551,0.30303,clahe,42,12,12,12,42,25
01_12_09_04_0007.bmp,0,9,4,16,17,0.46646,0.18764,0.27381,passthrough,25,25,11,7,40,25
01_12_09_04_0007.bmp,1,9,4,16,17,0.45339,0.11555,0.33333,passthrough,13,13,34,31,42,13
01_12_09_04_0010.bmp,1,9,4,16,17,0.47219,0.09298,0.23485,clahe,11,40,40,31,11,25
01_12_09_04_0012.bmp,1,9,4,16,17,0.49023,0.10727,0.40909,passthrough,13,13,13,12,25,13
01_12_09_04_0013.bmp,0,9,4,16,17,0.47537,0.19679,0.35611,passthrough,11,11,18,11,28,11
01_12_09_04_0017.bmp,1,9,4,16,17,0.48146,0.11081,0.33333,passthrough,12,12,18,31,42,12
01_12_09_04_0018.bmp,0,9,4,16,17,0.42654,0.20763,0.28909,passthrough,25,25,28,7,2,25
01_12_09_04_0020.bmp,1,9,4,16,17,0.47879,0.09451,0.25,clahe,42,25,25,12,42,25
01_12_09_04_0021.bmp,0,9,4,16,17,0.40721,0.19243,0.28225,passthrough,25,25,40,13,40,25
01_12_09_04_0022.bmp,0,9,4,16,17,0.40039,0.19115,0.23116,passthrough,25,25,17,13,40,25
01_12_09_04_0024.bmp,1,9,4,16,17,0.52154,0.14972,0.37879,passthrough,12,12,40,31,42,12
01_12_09_04_0025.bmp,0,9,4,16,17,0.38354,0.20487,0.23627,passthrough,25,25,18,13,40,25
01_12_09_04_0028.bmp,0,9,4,16,17,0.46996,0.19082,0.33247,passthrough,40,40,13,13,40,40
01_12_09_04_0029.bmp,0,9,4,16,17,0.50779,0.13944,0.32285,passthrough,12,12,40,12,40,12
01_12_09_04_0029.bmp,1,9,4,16,17,0.50033,0.10688,0.37121,passthrough,11,11,4,31,42,11
01_12_09_04_0033.bmp,0,9,4,16,17,0.49284,0.14491,0.29949,passthrough,13,13,40,12,40,13
01_12_09_04_0033.bmp,1,9,4,16,17,0.48827,0.1028,0.2197,clahe,11,23,23,31,11,11
01_12_09_04_0034.bmp,0,9,4,16,17,0.49491,0.16595,0.30799,passthrough,13,13,13,12,40,13
01_12_09_04_0034.bmp,1,9,4,16,17,0.50116,0.10417,0.10606,clahe,12,40,40,31,12,25
01_12_09_04_0038.bmp,0,9,4,16,17,0.46579,0.16901,0.35786,passthrough,13,13,24,11,40,13
01_12_09_04_0040.bmp,0,9,4,16,17,0.44869,0.17474,0.33963,passthrough,13,13,40,13,40,13
01_12_09_04_0042.bmp,0,9,4,16,17,0.41669,0.19726,0.31079,passthrough,24,24,40,13,28,24
01_12_09_04_0045.bmp,0,9,4,16,17,0.53164,0.13483,0.27273,passthrough,12,12,23,31,42,12
01_12_09_04_0049.bmp,0,9,4,16,17,0.5049,0.10576,0.27273,clahe,23,7,7,31,23,11
01_12_09_04_0050.bmp,0,9,4,16,17,0.48274,0.12621,0.24242,passthrough,38,38,34,31,25,38
01_12_09_04_0052.bmp,0,9,4,16,17,0.47781,0.1287,0.37121,passthrough,25,25,12,36,42,25
01_12_09_04_0056.bmp,0,9,4,16,17,0.49319,0.12554,0.35986,passthrough,25,25,11,32,0,25
01_12_09_04_0057.bmp,0,9,4,16,17,0.50031,0.12625,0.24913,passthrough,7,7,39,31,40,7
01_12_09_04_0061.bmp,0,9,4,16,17,0.49914,0.1163,0.28374,passthrough,25,25,11,32,40,25
01_12_09_04_0063.bmp,0,9,4,16,17,0.4795,0.13336,0.38062,passthrough,25,25,25,25,19,25
01_12_09_04_0071.bmp,0,9,4,16,17,0.48378,0.1292,0.26891,passthrough,25,25,40,32,40,25
01_12_09_04_0073.bmp,0,9,4,16,17,0.50481,0.14852,0.39048,passthrough,25,25,13,32,20,25
01_12_09_04_0076.bmp,0,9,4,16,17,0.49834,0.16139,0.30476,passthrough,25,25,40,17,20,25
01_12_09_04_0081.bmp,0,9,4,16,17,0.50451,0.16053,0.2992,passthrough,25,25,11,11,20,25
01_12_09_04_0082.bmp,0,9,4,16,17,0.50741,0.1621,0.2992,passthrough,11,11,40,11,20,11
01_12_09_04_0083.bmp,0,9,4,16,17,0.50697,0.16001,0.28,passthrough,25,25,28,11,20,25
01_12_09_04_0092.bmp,0,9,4,16,17,0.48988,0.161,0.29286,passthrough,25,25,13,32,20,25
01_12_09_04_0094.bmp,0,9,4,16,17,0.47199,0.16981,0.29429,passthrough,25,25,11,11,20,25
01_12_09_04_0096.bmp,0,9,4,16,17,0.48705,0.16086,0.30143,passthrough,25,25,25,13,20,25
01_12_09_04_0101.bmp,0,9,4,16,17,0.49121,0.16846,0.33563,passthrough,25,25,25,16,20,25
01_12_09_04_0102.bmp,0,9,4,16,17,0.49936,0.15885,0.22759,passthrough,25,25,7,17,20,25
01_12_09_04_0104.bmp,0,9,4,16,17,0.47164,0.17546,0.27475,passthrough,25,25,11,13,20,25
01_12_09_04_0105.bmp,0,9,4,16,17,0.47231,0.17973,0.32481,passthrough,25,25,11,13,20,25
01_12_09_04_0111.bmp,0,9,4,16,17,0.48698,0.16798,0.1958,passthrough,25,25,7,13,20,25
01_13_09_04_0003.bmp,0,9,4,16,13,0.58715,0.16607,0.29487,passthrough,12,12,12,12,40,12
01_13_09_04_0003.bmp,1,9,4,16,13,0.67477,0.16992,0.30167,passthrough,13,13,2,13,2,13
01_13_09_04_0004.bmp,1,9,4,16,13,0.66613,0.17134,0.32833,passthrough,13,13,13,13,2,13
01_13_09_04_0011.bmp,1,9,4,16,13,0.65907,0.18735,0.30357,passthrough,13,13,13,13,13,13
01_13_09_04_0013.bmp,0,9,4,16,13,0.55905,0.1298,0.26923,passthrough,12,12,40,12,40,12
01_13_09_04_0014.bmp,1,9,4,16,13,0.64713,0.20882,0.28709,passthrough,13,13,40,13,13,13
01_13_09_04_0016.bmp,0,9,4,16,13,0.5182,0.12216,0.37179,passthrough,13,13,40,12,42,13
01_13_09_04_0017.bmp,0,9,4,16,13,0.5281,0.11505,0.30128,passthrough,12,12,13,12,40,12
01_13_09_04_0021.bmp,0,9,4,16,13,0.56242,0.11268,0.23718,passthrough,12,12,40,12,40,12
01_13_09_04_0022.bmp,0,9,4,16,13,0.55266,0.13119,0.27564,passthrough,13,13,40,12,25,13
01_13_09_04_0024.bmp,0,9,4,16,13,0.56762,0.15373,0.30769,passthrough,12,12,40,12,40,12
01_13_09_04_0026.bmp,0,9,4,16,13,0.57484,0.14919,0.29487,passthrough,12,12,28,12,40,12
01_13_09_04_0026.bmp,1,9,4,16,13,0.62195,0.21602,0.31143,passthrough,13,13,40,13,40,13
01_13_09_04_0027.bmp,0,9,4,16,13,0.57793,0.15824,0.33333,passthrough,12,12,38,12,40,12
01_13_09_04_0028.bmp,0,9,4,16,13,0.56815,0.18349,0.39103,passthrough,13,13,40,12,42,13
01_13_09_04_0028.bmp,1,9,4,16,13,0.61917,0.20313,0.29861,passthrough,13,13,13,13,13,13
01_13_09_04_0032.bmp,1,9,4,16,13,0.62106,0.22779,0.30968,passthrough,13,13,13,13,13,13
01_13_09_04_0033.bmp,1,9,4,16,13,0.61955,0.22446,0.28092,passthrough,13,13,0,13,40,13
01_13_09_04_0034.bmp,0,9,4,16,13,0.59045,0.16255,0.25641,passthrough,12,12,13,12,40,12
01_13_09_04_0035.bmp,0,9,4,16,13,0.62567,0.15893,0.35897,passthrough,38,38,13,12,40,38
01_13_09_04_0035.bmp,1,9,4,16,13,0.62436,0.22596,0.28665,passthrough,13,13,13,13,20,13
01_13_09_04_0036.bmp,1,9,4,16,13,0.63797,0.21342,0.26044,passthrough,13,13,13,13,20,13
01_13_09_04_0037.bmp,0,9,4,16,13,0.62051,0.19718,0.36538,passthrough,13,13,13,13,40,13
01_13_09_04_0040.bmp,0,9,4,16,13,0.63057,0.1779,0.39103,passthrough,13,13,13,12,40,13
01_13_09_04_0040.bmp,1,9,4,16,13,0.63392,0.22022,0.31289,passthrough,13,13,2,13,13,13
01_13_09_04_0041.bmp,0,9,4,16,13,0.6096,0.18277,0.28421,passthrough,13,13,13,13,40,13
01_13_09_04_0042.bmp,0,9,4,16,13,0.60107,0.17928,0.30526,passthrough,13,13,13,13,40,13
01_13_09_04_0042.bmp,1,9,4,16,13,0.62866,0.21925,0.24321,passthrough,13,13,13,13,40,13
01_13_09_04_0044.bmp,1,9,4,16,13,0.61428,0.23357,0.30292,passthrough,13,13,13,13,25,13
01_13_09_04_0046.bmp,0,9,4,16,13,0.60871,0.18122,0.28947,passthrough,13,13,40,13,40,13
01_13_09_04_0051.bmp,0,9,4,16,13,0.60809,0.17921,0.28571,passthrough,13,13,13,13,40,13
01_13_09_04_0052.bmp,0,9,4,16,13,0.60696,0.18265,0.34857,passthrough,13,13,13,13,40,13
01_13_09_04_0054.bmp,0,9,4,16,13,0.61771,0.1633,0.30286,passthrough,12,12,40,13,40,12
01_13_09_04_0055.bmp,0,9,4,16,13,0.60895,0.17915,0.23429,passthrough,13,13,13,13,40,13
01_13_09_04_0056.bmp,0,9,4,16,13,0.60505,0.17538,0.22857,passthrough,13,13,13,13,40,13
01_13_09_04_0057.bmp,1,9,4,16,13,0.61238,0.21737,0.28592,passthrough,13,13,13,13,40,13
01_13_09_04_0058.bmp,0,9,4,16,13,0.6043,0.17635,0.29714,passthrough,13,13,40,13,40,13
01_13_09_04_0059.bmp,0,9,4,16,13,0.60175,0.17253,0.22857,passthrough,13,13,13,13,40,13
01_13_09_04_0060.bmp,0,9,4,16,13,0.59157,0.19087,0.2019,passthrough,13,13,13,12,40,13
01_13_09_04_0060.bmp,1,9,4,16,13,0.59834,0.23843,0.2802,passthrough,13,13,13,13,40,13
01_13_09_04_0061.bmp,1,9,4,16,13,0.59381,0.2317,0.29596,passthrough,13,13,13,13,13,13
01_13_09_04_0063.bmp,1,9,4,16,13,0.48459,0.11195,0.30952,passthrough,11,11,13,19,42,11
01_13_09_04_0066.bmp,1,9,4,16,13,0.4462,0.09996,0.18452,clahe,0,23,23,12,0,13
01_13_09_04_0067.bmp,1,9,4,16,13,0.48302,0.10782,0.33516,passthrough,12,12,40,19,40,12
01_13_09_04_0068.bmp,1,9,4,16,13,0.47492,0.11593,0.28022,passthrough,40,40,40,12,40,40
01_13_09_04_0069.bmp,1,9,4,16,13,0.45866,0.1348,0.31548,passthrough,13,13,13,19,12,13
01_13_09_04_0072.bmp,0,9,4,16,13,0.6315,0.18929,0.28249,passthrough,13,13,13,13,40,13
01_13_09_04_0072.bmp,1,9,4,16,13,0.45542,0.10402,0.45238,clahe,40,40,40,19,40,13
01_13_09_04_0073.bmp,0,9,4,16,13,0.6397,0.17513,0.26692,passthrough,13,13,40,13,40,13
01_13_09_04_0073.bmp,1,9,4,16,13,0.49622,0.10855,0.35714,passthrough,40,40,26,12,40,40
01_13_09_04_0074.bmp,0,9,4,16,13,0.64097,0.17834,0.30923,passthrough,13,13,13,13,40,13
01_13_09_04_0076.bmp,0,9,4,16,13,0.6529,0.15704,0.311,passthrough,13,13,13,13,40,13
01_13_09_04_0078.bmp,0,9,4,16,13,0.65401,0.1618,0.30064,passthrough,13,13,40,13,40,13
01_13_09_04_0079.bmp,0,9,4,16,13,0.65838,0.16572,0.28432,passthrough,13,13,13,13,40,13
01_13_09_04_0079.bmp,1,9,4,16,13,0.50866,0.1221,0.30952,passthrough,12,12,40,12,25,12
01_13_09_04_0082.bmp,1,9,4,16,13,0.54701,0.10651,0.24583,passthrough,12,12,35,12,40,12
01_13_09_04_0083.bmp,0,9,4,16,13,0.64837,0.162,0.26223,passthrough,13,13,13,13,40,13
01_13_09_04_0084.bmp,0,9,4,16,13,0.64399,0.17364,0.34947,passthrough,13,13,40,13,40,13
01_13_09_04_0085.bmp,0,9,4,16,13,0.65297,0.15921,0.31396,passthrough,13,13,13,13,40,13
01_13_09_04_0087.bmp,0,9,4,16,13,0.64706,0.1757,0.25926,passthrough,13,13,40,13,40,13
01_13_09_04_0088.bmp,1,9,4,16,13,0.54908,0.1217,0.19524,passthrough,12,12,13,12,40,12
01_13_09_04_0089.bmp,1,9,4,16,13,0.53417,0.11175,0.40952,passthrough,12,12,40,12,40,12
01_13_09_04_0090.bmp,0,9,4,16,13,0.64594,0.17027,0.27079,passthrough,13,13,13,13,40,13
01_13_09_04_0090.bmp,1,9,4,16,13,0.53183,0.12415,0.39904,passthrough,11,11,35,12,25,11
01_13_09_04_0093.bmp,0,9,4,16,13,0.64563,0.17358,0.27374,passthrough,13,13,13,13,40,13
01_13_09_04_0093.bmp,1,9,4,16,13,0.49596,0.11232,0.23109,passthrough,40,40,40,12,0,40
01_13_09_04_0094.bmp,1,9,4,16,13,0.5292,0.09614,0.21429,clahe,40,40,40,12,40,40
01_13_09_04_0095.bmp,0,9,4,16,13,0.64989,0.16669,0.28663,passthrough,13,13,13,13,13,13
01_13_09_04_0098.bmp,1,9,4,16,13,0.5305,0.13029,0.32157,passthrough,40,40,11,12,40,40
01_13_09_04_0099.bmp,1,9,4,16,13,0.53624,0.12518,0.39608,passthrough,12,12,0,12,40,12
01_13_09_04_0100.bmp,0,9,4,16,13,0.64629,0.16747,0.28343,passthrough,13,13,13,13,24,13
01_13_09_04_0101.bmp,0,9,4,16,13,0.64053,0.17079,0.29472,passthrough,13,13,40,13,40,13
01_13_09_04_0101.bmp,1,9,4,16,13,0.54899,0.10824,0.27206,passthrough,40,40,40,12,40,40
01_13_09_04_0105.bmp,1,9,4,16,13,0.53435,0.11188,0.35294,passthrough,40,40,39,19,40,40
01_13_09_04_0107.bmp,0,9,4,16,13,0.62517,0.20592,0.27405,passthrough,13,13,40,13,40,13
01_13_09_04_0108.bmp,0,9,4,16,13,0.63398,0.20371,0.27969,passthrough,25,25,40,13,40,25
01_13_09_04_0109.bmp,1,9,4,16,13,0.55111,0.13673,0.36,passthrough,12,12,40,12,40,12
01_13_09_04_0110.bmp,0,9,4,16,13,0.5981,0.19892,0.27869,passthrough,13,13,13,13,40,13
01_13_09_04_0110.bmp,1,9,4,16,13,0.54282,0.12235,0.32806,passthrough,40,40,40,12,40,40
01_13_09_04_0111.bmp,0,9,4,16,13,0.58354,0.2032,0.29012,passthrough,40,40,13,13,40,40
01_13_09_04_0112.bmp,0,9,4,16,13,0.57858,0.20404,0.27481,passthrough,40,40,40,13,40,40
01_13_09_04_0113.bmp,1,9,4,16,13,0.55705,0.14226,0.32812,passthrough,11,11,40,12,40,11
01_13_09_04_0114.bmp,1,9,4,16,13,0.55538,0.15268,0.34375,passthrough,40,40,40,12,20,40
01_13_09_04_0115.bmp,0,9,4,16,13,0.4168,0.11768,0.29444,passthrough,40,40,40,12,0,40
01_13_09_04_0115.bmp,1,9,4,16,13,0.55317,0.17275,0.28646,passthrough,40,40,24,12,40,40
01_13_09_04_0116.bmp,1,9,4,16,13,0.55158,0.15314,0.34201,passthrough,40,40,40,12,40,40
01_13_09_04_0117.bmp,1,9,4,16,13,0.55517,0.16027,0.30208,passthrough,12,12,11,12,40,12
01_13_09_04_0118.bmp,0,9,4,16,13,0.39626,0.14182,0.38462,passthrough,13,13,13,12,6,13
01_13_09_04_0118.bmp,1,9,4,16,13,0.55436,0.1587,0.38715,passthrough,25,25,40,12,40,25
01_13_09_04_0119.bmp,0,9,4,16,13,0.41103,0.13202,0.31696,passthrough,12,12,11,12,40,12
01_13_09_04_0119.bmp,1,9,4,16,13,0.5401,0.16005,0.34028,passthrough,40,40,13,12,40,40
01_13_09_04_0122.bmp,1,9,4,16,13,0.53373,0.15867,0.33692,passthrough,40,40,40,12,40,40
01_13_09_04_0123.bmp,0,9,4,16,13,0.38555,0.1205,0.32407,passthrough,40,40,40,12,40,40
01_13_09_04_0124.bmp,0,9,4,16,13,0.37545,0.14519,0.2475,passthrough,40,40,40,32,40,40
01_13_09_04_0124.bmp,1,9,4,16,13,0.53595,0.17798,0.33196,passthrough,12,12,28,18,40,12
01_13_09_04_0125.bmp,0,9,4,16,13,0.37563,0.14518,0.3356,passthrough,40,40,40,12,40,40
01_13_09_04_0125.bmp,1,9,4,16,13,0.53544,0.15163,0.3176,passthrough,40,40,40,12,40,40
01_13_09_04_0126.bmp,0,9,4,16,13,0.37182,0.14397,0.27273,passthrough,40,40,40,12,20,40
01_13_09_04_0128.bmp,1,9,4,16,13,0.52849,0.16152,0.32414,passthrough,40,40,13,12,40,40
01_13_09_04_0129.bmp,0,9,4,16,13,0.37448,0.12357,0.31478,passthrough,40,40,40,12,40,40
01_13_09_04_0130.bmp,0,9,4,16,13,0.38841,0.1266,0.25846,passthrough,40,40,40,12,40,40
01_13_09_04_0131.bmp,0,9,4,16,13,0.37825,0.1206,0.30857,passthrough,40,40,40,12,40,40
01_13_09_04_0131.bmp,1,9,4,16,13,0.53142,0.15753,0.33333,passthrough,40,40,13,12,40,40
01_13_09_04_0132.bmp,0,9,4,16,13,0.37328,0.12034,0.26429,passthrough,40,40,13,12,40,40
01_13_09_04_0133.bmp,1,9,4,16,13,0.52454,0.16183,0.29785,passthrough,40,40,40,12,40,40
01_13_09_04_0134.bmp,1,9,4,16,13,0.53686,0.14521,0.30746,passthrough,40,40,2,12,40,40
01_13_09_04_0136.bmp,1,9,4,16,13,0.52943,0.16216,0.39572,passthrough,13,13,13,12,40,13
01_13_09_04_0137.bmp,0,9,4,16,13,0.38858,0.13203,0.2999,passthrough,40,40,13,12,40,40
01_13_09_04_0137.bmp,1,9,4,16,13,0.52159,0.15437,0.34759,passthrough,25,25,13,12,40,25
01_13_09_04_0138.bmp,0,9,4,16,13,0.38045,0.14387,0.23333,passthrough,40,40,40,12,40,40
01_13_09_04_0139.bmp,0,9,4,16,13,0.36459,0.15322,0.31158,passthrough,40,40,24,12,40,40
01_13_09_04_0139.bmp,1,9,4,16,13,0.53015,0.1508,0.33445,passthrough,40,40,40,12,40,40
01_13_09_04_0140.bmp,1,9,4,16,13,0.54194,0.13033,0.34122,passthrough,40,40,24,12,40,40
01_13_09_04_0143.bmp,1,9,4,16,13,0.54475,0.12693,0.29954,passthrough,40,40,13,12,40,40
01_13_09_04_0146.bmp,0,9,4,16,13,0.36536,0.14577,0.30543,passthrough,40,40,13,12,40,40
01_13_09_04_0149.bmp,0,9,4,16,13,0.36707,0.15258,0.31033,passthrough,40,40,13,12,40,40
01_13_09_04_0149.bmp,1,9,4,16,13,0.54713,0.14525,0.33407,passthrough,40,40,13,12,40,40
01_13_09_04_0150.bmp,0,9,4,16,13,0.37321,0.14905,0.24714,passthrough,40,40,24,13,40,40
01_13_09_04_0150.bmp,1,9,4,16,13,0.55045,0.13936,0.3033,passthrough,40,40,40,12,40,40
01_13_09_04_0151.bmp,0,9,4,16,13,0.35981,0.15643,0.30565,passthrough,40,40,40,13,20,40
01_13_09_04_0154.bmp,0,9,4,16,13,0.37116,0.15196,0.20063,passthrough,40,40,13,13,40,40
01_13_09_04_0154.bmp,1,9,4,16,13,0.55868,0.13667,0.32808,passthrough,40,40,40,12,40,40
01_13_09_04_0155.bmp,0,9,4,16,13,0.36403,0.16126,0.28594,passthrough,40,40,13,13,40,40
01_13_09_04_0159.bmp,0,9,4,16,13,0.37837,0.16605,0.3123,passthrough,40,40,13,13,40,40
01_13_09_04_0160.bmp,0,9,4,16,13,0.38217,0.17092,0.3148,passthrough,40,40,40,13,40,40
01_13_09_04_0160.bmp,1,9,4,16,13,0.56112,0.14653,0.33598,passthrough,40,40,24,12,40,40
01_13_09_04_0162.bmp,1,9,4,16,13,0.56312,0.14272,0.34921,passthrough,12,12,40,12,40,12
01_13_09_04_0163.bmp,0,9,4,16,13,0.38971,0.18376,0.28196,passthrough,40,40,13,13,40,40
01_13_09_04_0164.bmp,0,9,4,16,13,0.40138,0.18827,0.30332,passthrough,40,40,13,13,40,40
01_13_09_04_0164.bmp,1,9,4,16,13,0.57181,0.14353,0.29167,passthrough,40,40,7,12,40,40
01_13_09_04_0165.bmp,0,9,4,16,13,0.38839,0.19834,0.31068,passthrough,40,40,40,13,40,40
01_13_09_04_0166.bmp,1,9,4,16,13,0.56726,0.14872,0.31349,passthrough,13,13,40,12,40,13
01_13_09_04_0168.bmp,1,9,4,16,13,0.56062,0.15549,0.29034,passthrough,40,40,40,12,40,40
01_13_09_04_0170.bmp,0,9,4,16,13,0.41566,0.10426,0.31061,clahe,42,23,23,19,42,13
01_13_09_04_0170.bmp,1,9,4,16,13,0.58147,0.14311,0.28634,passthrough,12,12,40,12,40,12
01_13_09_04_0171.bmp,0,9,4,16,13,0.42953,0.10231,0.12121,clahe,40,40,40,12,40,12
01_13_09_04_0172.bmp,0,9,4,16,13,0.45639,0.1279,0.34848,passthrough,12,12,40,12,25,12
01_13_09_04_0172.bmp,1,9,4,16,13,0.5767,0.14209,0.31273,passthrough,40,40,40,12,40,40
01_13_09_04_0173.bmp,0,9,4,16,13,0.44584,0.1033,0.27273,clahe,42,40,40,12,42,25
01_13_09_04_0173.bmp,1,9,4,16,13,0.55095,0.13348,0.30658,passthrough,40,40,24,12,40,40
01_13_09_04_0174.bmp,0,9,4,16,13,0.44638,0.11452,0.30303,passthrough,12,12,40,12,40,12
01_13_09_04_0174.bmp,1,9,4,16,13,0.52499,0.11812,0.33834,passthrough,40,40,40,12,40,40
01_13_09_04_0175.bmp,1,9,4,16,13,0.53643,0.14336,0.33208,passthrough,13,13,13,18,40,13
01_13_09_04_0176.bmp,1,9,4,16,13,0.5638,0.14853,0.31929,passthrough,40,40,24,12,40,40
01_13_09_04_0177.bmp,1,9,4,16,13,0.57074,0.13405,0.32601,passthrough,40,40,13,12,40,40
01_13_09_04_0178.bmp,0,9,4,16,13,0.47195,0.10322,0.35606,clahe,42,34,34,12,42,12
01_13_09_04_0178.bmp,1,9,4,16,13,0.57689,0.12968,0.27473,passthrough,40,40,24,12,40,40
01_13_09_04_0179.bmp,0,9,4,16,13,0.43758,0.09598,0.16667,clahe,6,40,40,12,6,12
01_13_09_04_0179.bmp,1,9,4,16,13,0.58154,0.12766,0.30952,passthrough,40,40,40,12,40,40
01_13_09_04_0180.bmp,0,9,4,16,13,0.43512,0.10439,0.25758,clahe,6,1,1,12,6,12
01_13_09_04_0182.bmp,0,9,4,16,13,0.41376,0.08622,0.23485,clahe,42,40,40,31,42,13
01_13_09_04_0182.bmp,1,9,4,16,13,0.58098,0.13966,0.27411,passthrough,12,12,40,12,40,12
01_13_09_04_0185.bmp,0,9,4,16,13,0.42709,0.09978,0.11364,clahe,25,40,40,19,25,13
01_13_09_04_0193.bmp,1,9,4,16,13,0.57267,0.15263,0.31258,passthrough,40,40,13,12,40,40
01_13_09_04_0196.bmp,0,9,4,16,13,0.42377,0.10554,0.30556,clahe,6,35,35,12,6,12
01_13_09_04_0197.bmp,1,9,4,16,13,0.56755,0.15389,0.35104,passthrough,40,40,13,12,40,40
01_13_09_04_0199.bmp,0,9,4,16,13,0.40317,0.10622,0.30952,passthrough,25,25,12,12,40,25
01_13_09_04_0202.bmp,0,9,4,16,13,0.4193,0.12141,0.25595,passthrough,40,40,40,19,40,40
01_13_09_04_0203.bmp,0,9,4,16,13,0.41571,0.11261,0.20238,passthrough,12,12,40,12,1,12
01_13_09_04_0206.bmp,0,9,4,16,13,0.4037,0.1064,0.28205,passthrough,40,40,13,12,40,40
01_13_09_04_0207.bmp,1,9,4,16,13,0.57533,0.14724,0.31258,passthrough,40,40,40,12,40,40
01_13_09_04_0209.bmp,0,9,4,16,13,0.42164,0.13909,0.32941,passthrough,25,25,40,12,40,25
01_13_09_04_0209.bmp,1,9,4,16,13,0.58635,0.14486,0.30098,passthrough,40,40,40,12,40,40
01_13_09_04_0210.bmp,1,9,4,16,13,0.59161,0.13654,0.29426,passthrough,40,40,40,12,40,40
01_13_09_04_0212.bmp,0,9,4,16,13,0.40513,0.11665,0.34028,passthrough,13,13,18,12,40,13
01_13_09_04_0212.bmp,1,9,4,16,13,0.58582,0.13743,0.30525,passthrough,40,40,40,12,40,40
01_13_09_04_0214.bmp,0,9,4,16,13,0.38039,0.11806,0.26316,passthrough,40,40,40,12,40,40
01_13_09_04_0214.bmp,1,9,4,16,13,0.58089,0.14002,0.29243,passthrough,40,40,40,12,40,40
01_13_09_04_0215.bmp,1,9,4,16,13,0.58122,0.14075,0.27411,passthrough,12,12,40,12,40,12
01_13_09_04_0216.bmp,0,9,4,16,13,0.40711,0.1376,0.34,passthrough,40,40,40,12,40,40
01_13_09_04_0216.bmp,1,9,4,16,13,0.58428,0.14056,0.31929,passthrough,12,12,40,12,40,12
01_13_09_04_0217.bmp,1,9,4,16,13,0.5814,0.14665,0.31197,passthrough,40,40,13,12,40,40
01_13_09_04_0219.bmp,1,9,4,16,13,0.58735,0.14747,0.31929,passthrough,40,40,24,12,40,40
01_13_09_04_0220.bmp,0,9,4,16,13,0.40758,0.14285,0.2736,passthrough,40,40,13,13,20,40
01_13_09_04_0221.bmp,0,9,4,16,13,0.41149,0.1441,0.25922,passthrough,40,40,13,13,40,40
01_13_09_04_0222.bmp,0,9,4,16,13,0.40288,0.15524,0.2597,passthrough,40,40,13,13,19,40
01_13_09_04_0223.bmp,1,9,4,16,13,0.58821,0.13625,0.34554,passthrough,12,12,40,12,40,12
01_13_09_04_0226.bmp,0,9,4,16,13,0.41162,0.14524,0.25278,passthrough,40,40,13,13,40,40
01_13_09_04_0227.bmp,0,9,4,16,13,0.41868,0.15244,0.24835,passthrough,13,13,24,12,40,13
01_13_09_04_0227.bmp,1,9,4,16,13,0.57801,0.1551,0.29426,passthrough,12,12,13,12,40,12
01_13_09_04_0231.bmp,0,9,4,16,13,0.43438,0.15178,0.32675,passthrough,13,13,13,13,40,13
01_13_09_04_0232.bmp,1,9,4,16,13,0.61057,0.14772,0.26984,passthrough,12,12,40,12,40,12
01_13_09_04_0233.bmp,0,9,4,16,13,0.42122,0.15163,0.264,passthrough,40,40,13,13,40,40
01_13_09_04_0235.bmp,0,9,4,16,13,0.43632,0.16239,0.30666,passthrough,13,13,13,13,40,13
01_13_09_04_0236.bmp,0,9,4,16,13,0.43417,0.17397,0.30449,passthrough,13,13,40,13,40,13
01_13_09_04_0236.bmp,1,9,4,16,13,0.61134,0.15104,0.28999,passthrough,40,40,20,12,40,40
01_13_09_04_0238.bmp,1,9,4,16,13,0.6273,0.13467,0.34005,passthrough,25,25,25,12,40,25
01_13_09_04_0240.bmp,0,9,4,16,13,0.47407,0.21281,0.35052,passthrough,13,13,13,13,13,13
01_13_09_04_0240.bmp,1,9,4,16,13,0.59663,0.15904,0.3138,passthrough,40,40,40,12,40,40
01_13_09_04_0242.bmp,1,9,4,16,13,0.58785,0.16482,0.3138,passthrough,25,25,13,12,40,25
01_13_09_04_0244.bmp,1,9,4,16,13,0.59504,0.15074,0.31929,passthrough,40,40,40,12,40,40
01_13_09_04_0245.bmp,0,9,4,16,13,0.46749,0.22657,0.29468,passthrough,25,25,40,13,25,25
01_13_09_04_0246.bmp,0,9,4,16,13,0.47903,0.14153,0.31014,passthrough,40,40,40,12,40,40
01_13_09_04_0246.bmp,1,9,4,16,13,0.59758,0.1443,0.31136,passthrough,12,12,40,12,40,12
01_13_09_04_0247.bmp,1,9,4,16,13,0.59378,0.16297,0.32418,passthrough,13,13,13,13,40,13
01_13_09_04_0249.bmp,0,9,4,16,13,0.48383,0.15486,0.29665,passthrough,13,13,13,13,40,13
01_13_09_04_0250.bmp,0,9,4,16,13,0.48488,0.17569,0.30218,passthrough,13,13,13,13,13,13
01_13_09_04_0251.bmp,0,9,4,16,13,0.48519,0.16918,0.29438,passthrough,13,13,13,13,40,13
01_13_09_04_0252.bmp,0,9,4,16,13,0.49063,0.17443,0.28905,passthrough,13,13,13,13,13,13
01_13_09_04_0253.bmp,0,9,4,16,13,0.49661,0.17732,0.30799,passthrough,13,13,13,13,40,13
01_13_09_04_0258.bmp,1,9,4,16,13,0.59329,0.14242,0.26374,passthrough,40,40,40,12,40,40
01_13_09_04_0259.bmp,1,9,4,16,13,0.59383,0.14965,0.31136,passthrough,40,40,40,12,40,40
01_13_09_04_0260.bmp,0,9,4,16,13,0.48586,0.16052,0.28084,passthrough,13,13,13,13,40,13
01_13_09_04_0261.bmp,0,9,4,16,13,0.47793,0.15405,0.28027,passthrough,13,13,13,13,40,13
01_13_09_04_0262.bmp,0,9,4,16,13,0.4853,0.16004,0.28675,passthrough,40,40,40,13,40,40
01_13_09_04_0263.bmp,1,9,4,16,13,0.59105,0.14582,0.26374,passthrough,40,40,40,12,20,40
01_13_09_04_0264.bmp,0,9,4,16,13,0.49046,0.1563,0.28418,passthrough,40,40,40,13,40,40
01_13_09_04_0264.bmp,1,9,4,16,13,0.58531,0.15546,0.34676,passthrough,13,13,13,12,40,13
01_13_09_04_0265.bmp,0,9,4,16,13,0.47895,0.1541,0.27392,passthrough,13,13,40,13,40,13
01_13_09_04_0266.bmp,1,9,4,16,13,0.58986,0.14676,0.27289,passthrough,12,12,40,12,40,12
01_13_09_04_0267.bmp,0,9,4,16,13,0.46846,0.14913,0.26772,passthrough,40,40,40,13,40,40
01_13_09_04_0267.bmp,1,9,4,16,13,0.59636,0.14773,0.32723,passthrough,40,40,40,12,40,40
01_13_09_04_0269.bmp,0,9,4,16,13,0.45292,0.13676,0.27078,passthrough,40,40,40,13,40,40
01_13_09_04_0272.bmp,0,9,4,16,13,0.59395,0.14817,0.31624,passthrough,40,40,13,12,40,40
01_13_09_04_0273.bmp,0,9,4,16,13,0.59701,0.14974,0.32418,passthrough,12,12,13,12,40,12
01_13_09_04_0275.bmp,0,9,4,16,13,0.59913,0.142,0.32295,passthrough,40,40,40,12,40,40
01_13_09_04_0278.bmp,0,9,4,16,13,0.59848,0.14738,0.30281,passthrough,12,12,24,12,40,12
01_13_09_04_0280.bmp,0,9,4,16,13,0.58884,0.15828,0.35958,passthrough,40,40,40,13,40,40
01_13_09_04_0287.bmp,0,9,4,16,13,0.5819,0.15715,0.29121,passthrough,40,40,13,12,40,40
01_13_09_04_0289.bmp,0,9,4,16,13,0.58473,0.15074,0.36142,passthrough,40,40,40,12,40,40
01_13_09_04_0291.bmp,0,9,4,16,13,0.59457,0.14168,0.29304,passthrough,25,25,40,12,40,25
01_13_09_04_0299.bmp,0,9,4,16,13,0.5793,0.13377,0.31013,passthrough,40,40,40,12,40,40
01_13_09_04_0306.bmp,0,9,4,16,13,0.56316,0.1416,0.31604,passthrough,12,12,40,12,40,12
01_13_09_04_0308.bmp,0,9,4,16,13,0.55676,0.13316,0.31425,passthrough,40,40,40,12,40,40
01_13_09_04_0311.bmp,0,9,4,16,13,0.5625,0.14201,0.33068,passthrough,12,12,40,12,40,12
01_13_09_04_0312.bmp,0,9,4,16,13,0.55898,0.13339,0.2983,passthrough,40,40,40,12,40,40
01_13_09_04_0314.bmp,0,9,4,16,13,0.56373,0.14628,0.33561,passthrough,13,13,13,12,40,13
01_13_09_04_0315.bmp,0,9,4,16,13,0.5578,0.13457,0.33,passthrough,12,12,40,12,40,12
01_13_09_04_0316.bmp,0,9,4,16,13,0.56857,0.13002,0.30894,passthrough,13,13,13,12,40,13
01_13_09_04_0327.bmp,0,9,4,16,13,0.58017,0.18003,0.30636,passthrough,13,13,40,12,40,13
01_13_09_04_0328.bmp,0,9,4,16,13,0.58626,0.17584,0.32776,passthrough,25,25,13,12,40,25
01_13_09_04_0333.bmp,0,9,4,16,13,0.59673,0.17822,0.32921,passthrough,25,25,40,18,40,25
01_13_09_04_0334.bmp,0,9,4,16,13,0.60346,0.17726,0.30053,passthrough,40,40,40,18,40,40
01_13_09_04_0336.bmp,0,9,4,16,13,0.59708,0.18525,0.31764,passthrough,40,40,40,18,40,40
01_13_09_04_0337.bmp,0,9,4,16,13,0.61101,0.18826,0.3377,passthrough,25,25,40,25,28,25
01_13_09_04_0342.bmp,0,9,4,16,13,0.64011,0.16529,0.34483,passthrough,40,40,13,12,40,40
01_13_09_04_0351.bmp,0,9,4,16,13,0.61106,0.19696,0.31264,passthrough,40,40,40,13,40,40
01_13_09_04_0352.bmp,0,9,4,16,13,0.60384,0.17846,0.30096,passthrough,40,40,40,12,40,40
01_13_09_04_0355.bmp,0,9,4,16,13,0.54745,0.16203,0.31754,passthrough,40,40,40,12,40,40
01_13_09_04_0361.bmp,0,9,4,16,13,0.4848,0.21896,0.25792,passthrough,13,13,13,13,40,13
01_13_09_04_0363.bmp,0,9,4,16,13,0.48169,0.22152,0.31058,passthrough,13,13,13,13,40,13
01_13_09_04_0366.bmp,0,9,4,16,13,0.46895,0.22292,0.22602,passthrough,13,13,13,13,40,13
01_13_09_04_0369.bmp,0,9,4,16,13,0.4708,0.20888,0.2889,passthrough,13,13,13,13,13,13
01_13_09_04_0372.bmp,0,9,4,16,13,0.44419,0.19634,0.30025,passthrough,13,13,13,13,13,13
01_13_09_04_0375.bmp,0,9,4,16,13,0.46633,0.19072,0.31254,passthrough,13,13,13,13,13,13
01_13_09_04_0376.bmp,0,9,4,16,13,0.45114,0.20585,0.28296,passthrough,13,13,13,13,40,13
01_13_09_04_0377.bmp,0,9,4,16,13,0.45648,0.19103,0.31169,passthrough,13,13,13,13,13,13
01_13_09_04_0381.bmp,0,9,4,16,13,0.50187,0.20713,0.30643,passthrough,25,25,13,13,25,25
01_13_09_04_0384.bmp,0,9,4,16,13,0.49208,0.19279,0.26119,passthrough,13,13,13,13,40,13
01_13_09_04_0389.bmp,0,9,4,16,13,0.46748,0.11445,0.38843,passthrough,25,25,23,12,42,25
01_13_09_04_0392.bmp,0,9,4,16,13,0.46796,0.12179,0.35537,passthrough,12,12,40,12,42,12
01_13_09_04_0395.bmp,0,9,4,16,13,0.50773,0.12446,0.39669,passthrough,40,40,40,12,42,40
01_13_09_04_0398.bmp,0,9,4,16,13,0.49681,0.15576,0.36364,passthrough,12,12,40,12,40,12
01_13_09_04_0399.bmp,0,9,4,16,13,0.49078,0.10902,0.30579,passthrough,12,12,40,12,42,12
01_13_09_04_0400.bmp,0,9,4,16,13,0.4726,0.17418,0.33884,passthrough,13,13,35,12,42,13
01_13_09_04_0401.bmp,0,9,4,16,13,0.51645,0.13695,0.28099,passthrough,12,12,13,12,42,12
01_13_09_04_0405.bmp,0,9,4,16,13,0.48712,0.12417,0.40496,passthrough,12,12,37,12,11,12
01_13_09_04_0409.bmp,0,9,4,16,13,0.48167,0.12104,0.39669,passthrough,12,12,35,12,40,12
01_13_09_04_0413.bmp,0,9,4,16,13,0.47636,0.16512,0.38843,passthrough,12,12,18,12,42,12
01_13_09_04_0418.bmp,0,9,4,16,13,0.45821,0.12992,0.35537,passthrough,13,13,40,12,42,13
01_13_09_04_0424.bmp,0,9,4,16,13,0.49937,0.16095,0.31405,passthrough,12,12,40,12,40,12
01_13_09_04_0425.bmp,0,9,4,16,13,0.5099,0.16057,0.3719,passthrough,12,12,35,12,41,12
01_13_09_04_0429.bmp,0,9,4,16,13,0.52471,0.17059,0.32967,passthrough,13,13,13,12,40,13
01_13_09_04_0430.bmp,0,9,4,16,13,0.51485,0.15035,0.21429,passthrough,13,13,35,12,40,13
01_13_09_04_0432.bmp,0,9,4,16,13,0.50607,0.14412,0.24286,passthrough,13,13,40,12,40,13
01_13_09_04_0434.bmp,0,9,4,16,13,0.45671,0.18984,0.31905,passthrough,13,13,13,12,40,13
01_13_09_04_0439.bmp,0,9,4,16,13,0.48734,0.14956,0.35714,passthrough,13,13,40,12,40,13
01_13_09_04_0442.bmp,0,9,4,16,13,0.46766,0.17589,0.36111,passthrough,13,13,13,12,40,13
01_13_09_04_0443.bmp,0,9,4,16,13,0.47463,0.18039,0.31597,passthrough,13,13,40,12,40,13
01_13_09_04_0444.bmp,0,9,4,16,13,0.46563,0.15317,0.41912,passthrough,12,12,40,12,40,12
01_13_09_04_0448.bmp,0,9,4,16,13,0.46872,0.16491,0.33333,passthrough,12,12,40,12,40,12
01_13_09_04_0450.bmp,0,9,4,16,13,0.46273,0.16909,0.36842,passthrough,13,13,40,12,40,13
01_13_09_04_0452.bmp,0,9,4,16,13,0.48294,0.14681,0.33584,passthrough,40,40,40,12,40,40
01_13_09_04_0455.bmp,0,9,4,16,13,0.46388,0.16135,0.35,passthrough,13,13,40,13,40,13
01_13_09_04_0456.bmp,0,9,4,16,13,0.47422,0.16371,0.32035,passthrough,40,40,40,12,40,40
01_13_09_04_0461.bmp,0,9,4,16,13,0.51126,0.15574,0.26739,passthrough,40,40,40,12,40,40
01_13_09_04_0462.bmp,0,9,4,16,13,0.52186,0.15933,0.31423,passthrough,40,40,40,13,40,40
01_13_09_04_0463.bmp,0,9,4,16,13,0.51366,0.19514,0.3004,passthrough,13,13,13,13,40,13
01_13_09_04_0464.bmp,0,9,4,16,13,0.51833,0.20363,0.29447,passthrough,40,40,40,13,40,40
01_13_09_04_0465.bmp,0,9,4,16,13,0.53493,0.19112,0.29037,passthrough,13,13,40,13,40,13
01_13_09_04_0466.bmp,0,9,4,16,13,0.54624,0.19446,0.2637,passthrough,13,13,40,13,40,13
01_13_09_04_0471.bmp,0,9,4,16,13,0.53406,0.18282,0.30115,passthrough,13,13,40,13,20,13
01_13_09_04_0473.bmp,0,9,4,16,13,0.5238,0.18426,0.32328,passthrough,13,13,40,13,40,13
01_13_09_04_0475.bmp,0,9,4,16,13,0.51401,0.16113,0.23613,passthrough,40,40,40,13,40,40
01_13_09_04_0476.bmp,0,9,4,16,13,0.4958,0.16642,0.32989,passthrough,13,13,13,13,40,13
01_13_09_04_0480.bmp,0,9,4,16,13,0.49202,0.15254,0.28279,passthrough,13,13,13,13,40,13
01_13_09_04_0485.bmp,0,9,4,16,13,0.45856,0.15314,0.29845,passthrough,40,40,24,13,40,40
01_13_09_04_0486.bmp,0,9,4,16,13,0.45663,0.14397,0.30818,passthrough,40,40,40,13,40,40
01_13_09_04_0490.bmp,0,9,4,16,13,0.4799,0.14455,0.29679,passthrough,13,13,40,13,40,13
01_13_09_04_0492.bmp,0,9,4,16,13,0.47083,0.16149,0.29258,passthrough,13,13,13,13,40,13
01_13_09_04_0495.bmp,0,9,4,16,13,0.45013,0.16937,0.31634,passthrough,13,13,13,13,40,13
01_13_09_04_0497.bmp,0,9,4,16,13,0.45254,0.15493,0.27188,passthrough,40,40,13,13,40,40
01_13_09_04_0499.bmp,0,9,4,16,13,0.45809,0.15574,0.29415,passthrough,13,13,13,13,40,13
01_13_09_04_0500.bmp,0,9,4,16,13,0.47398,0.15011,0.27528,passthrough,40,40,13,13,40,40
01_13_09_04_0501.bmp,0,9,4,16,13,0.46179,0.1526,0.27891,passthrough,40,40,13,13,40,40
01_13_09_04_0505.bmp,0,9,4,16,13,0.47078,0.14014,0.27343,passthrough,13,13,24,13,40,13
01_13_09_04_0508.bmp,0,9,4,16,13,0.46757,0.14177,0.26846,passthrough,13,13,13,13,40,13
01_13_09_04_0510.bmp,0,9,4,16,13,0.47009,0.14543,0.28055,passthrough,13,13,13,13,40,13
01_13_09_04_0511.bmp,0,9,4,16,13,0.4755,0.14568,0.27994,passthrough,13,13,13,13,40,13
01_13_09_04_0514.bmp,0,9,4,16,13,0.44945,0.14197,0.26721,passthrough,40,40,40,13,40,40
01_13_09_04_0516.bmp,0,9,4,16,13,0.48718,0.12711,0.32168,passthrough,12,12,40,32,42,12
01_13_09_04_0519.bmp,0,9,4,16,13,0.51022,0.12833,0.33566,passthrough,25,25,35,12,6,25
01_13_09_04_0521.bmp,0,9,4,16,13,0.51063,0.11301,0.36364,passthrough,12,12,12,31,1,12
01_13_09_04_0523.bmp,0,9,4,16,13,0.48542,0.12049,0.38947,passthrough,12,12,40,12,40,12
01_13_09_04_0525.bmp,0,9,4,16,13,0.49978,0.13502,0.25329,passthrough,12,12,13,12,20,12
01_13_09_04_0526.bmp,0,9,4,16,13,0.50149,0.11269,0.31469,passthrough,12,12,40,12,42,12
01_13_09_04_0533.bmp,0,9,4,16,13,0.56697,0.13689,0.36111,passthrough,12,12,11,12,40,12
01_13_09_04_0537.bmp,0,9,4,16,13,0.52659,0.17303,0.37037,passthrough,12,12,13,12,40,12
01_13_09_04_0538.bmp,0,9,4,16,13,0.45748,0.10468,0.25175,clahe,12,23,23,12,12,12
01_13_09_04_0539.bmp,0,9,4,16,13,0.54616,0.14699,0.35926,passthrough,12,12,40,12,40,12
01_13_09_04_0542.bmp,0,9,4,16,13,0.49859,0.12122,0.34965,passthrough,12,12,35,31,25,12
01_13_09_04_0544.bmp,0,9,4,16,13,0.42841,0.14057,0.34266,passthrough,12,12,13,12,42,12
01_13_09_04_0545.bmp,0,9,4,16,13,0.56633,0.12932,0.33681,passthrough,12,12,40,12,40,12
01_13_09_04_0547.bmp,0,9,4,16,13,0.5415,0.13632,0.36458,passthrough,40,40,40,12,40,40
01_13_09_04_0549.bmp,0,9,4,16,13,0.54601,0.10852,0.1634,passthrough,12,12,39,12,40,12
01_13_09_04_0550.bmp,0,9,4,16,13,0.47075,0.14745,0.3986,passthrough,12,12,40,12,11,12
01_13_09_04_0554.bmp,0,9,4,16,13,0.45874,0.12463,0.37762,passthrough,40,40,40,12,42,40
01_13_09_04_0557.bmp,0,9,4,16,13,0.55221,0.11136,0.28611,passthrough,12,12,40,12,40,12
01_13_09_04_0559.bmp,0,9,4,16,13,0.52146,0.13266,0.34722,passthrough,12,12,40,12,40,12
01_13_09_04_0561.bmp,0,9,4,16,13,0.53375,0.12629,0.39444,passthrough,12,12,13,12,40,12
01_13_09_04_0564.bmp,0,9,4,16,13,0.47451,0.11848,0.39161,passthrough,12,12,23,12,42,12
01_13_09_04_0565.bmp,0,9,4,16,13,0.54932,0.12067,0.32804,passthrough,12,12,40,12,40,12
01_13_09_04_0566.bmp,0,9,4,16,13,0.43648,0.10624,0.34615,passthrough,25,25,23,12,40,25
01_13_09_04_0567.bmp,0,9,4,16,13,0.52959,0.11733,0.35953,passthrough,25,25,13,12,40,25
01_13_09_04_0570.bmp,0,9,4,16,13,0.47679,0.11419,0.30288,passthrough,25,25,40,31,40,25
01_13_09_04_0571.bmp,0,9,4,16,13,0.51243,0.11739,0.32943,passthrough,12,12,40,12,40,12
01_13_09_04_0573.bmp,0,9,4,16,13,0.51154,0.12624,0.33716,passthrough,40,40,13,12,40,40
01_13_09_04_0581.bmp,0,9,4,16,13,0.50298,0.12211,0.35077,passthrough,12,12,40,12,40,12
01_13_09_04_0584.bmp,0,9,4,16,13,0.43405,0.09996,0.33032,clahe,40,39,39,12,40,40
01_13_09_04_0586.bmp,0,9,4,16,13,0.41395,0.1112,0.28507,passthrough,25,25,40,12,40,25
01_13_09_04_0588.bmp,0,9,4,16,13,0.41272,0.13243,0.30317,passthrough,25,25,18,12,40,25
01_13_09_04_0589.bmp,0,9,4,16,13,0.4769,0.1425,0.34091,passthrough,40,40,40,13,40,40
01_13_09_04_0590.bmp,0,9,4,16,13,0.40584,0.11368,0.27602,passthrough,12,12,40,12,40,12
01_13_09_04_0592.bmp,0,9,4,16,13,0.40085,0.12787,0.3839,passthrough,13,13,40,12,40,13
01_13_09_04_0594.bmp,0,9,4,16,13,0.39136,0.12729,0.25077,passthrough,12,12,40,12,40,12
01_13_09_04_0595.bmp,0,9,4,16,13,0.48416,0.1142,0.26494,passthrough,12,12,24,12,40,12
01_13_09_04_0600.bmp,0,9,4,16,13,0.50192,0.13966,0.3529,passthrough,40,40,40,12,40,40
01_13_09_04_0601.bmp,0,9,4,16,13,0.47355,0.1358,0.33183,passthrough,13,13,40,12,40,13
01_13_09_04_0605.bmp,0,9,4,16,13,0.50437,0.13861,0.30489,passthrough,40,40,25,12,40,40
01_13_09_04_0607.bmp,0,9,4,16,13,0.49852,0.12891,0.32122,passthrough,40,40,40,13,40,40
01_13_09_04_0609.bmp,0,9,4,16,13,0.48876,0.14348,0.32648,passthrough,40,40,40,12,40,40
01_13_09_04_0610.bmp,0,9,4,16,13,0.51092,0.1313,0.30246,passthrough,40,40,24,12,40,40
01_13_09_04_0612.bmp,0,9,4,16,13,0.49267,0.1293,0.294,passthrough,40,40,13,12,40,40
01_13_09_04_0625.bmp,0,9,4,16,13,0.50255,0.1866,0.28618,passthrough,40,40,40,13,40,40
01_03_09_05_0001.bmp,0,9,5,16,9,0.52414,0.10013,0.20303,clahe,40,11,11,12,40,25
01_03_09_05_0006.bmp,0,9,5,16,9,0.4958,0.11034,0.34203,passthrough,40,40,40,12,40,40
01_03_09_05_0012.bmp,0,9,5,16,9,0.5079,0.12763,0.23,passthrough,25,25,25,38,0,25
01_03_09_05_0015.bmp,0,9,5,16,9,0.50561,0.10969,0.32716,passthrough,25,25,25,12,40,25
01_03_09_05_0018.bmp,0,9,5,16,9,0.49677,0.12574,0.35714,passthrough,25,25,40,12,40,25
01_03_09_05_0021.bmp,0,9,5,16,9,0.4918,0.12113,0.32143,passthrough,12,12,40,12,40,12
01_03_09_05_0024.bmp,0,9,5,16,9,0.47683,0.12238,0.35614,passthrough,40,40,40,12,40,40
01_03_09_05_0036.bmp,0,9,5,16,9,0.39185,0.10274,0.27897,clahe,20,24,24,13,20,40
01_03_09_05_0042.bmp,0,9,5,16,9,0.40046,0.10734,0.29887,passthrough,40,40,40,12,40,40
01_03_09_05_0043.bmp,0,9,5,16,9,0.41647,0.09654,0.21964,clahe,40,40,40,12,40,40
01_03_09_05_0044.bmp,0,9,5,16,9,0.40041,0.11042,0.31685,passthrough,40,40,13,12,40,40
01_03_09_05_0046.bmp,0,9,5,16,9,0.41207,0.10914,0.27417,passthrough,40,40,40,12,40,40
01_03_09_05_0048.bmp,0,9,5,16,9,0.41381,0.11993,0.25413,passthrough,13,13,25,13,20,13
01_03_09_05_0050.bmp,0,9,5,16,9,0.40943,0.10674,0.23596,passthrough,40,40,40,13,40,40
01_03_09_05_0051.bmp,0,9,5,16,9,0.39778,0.11107,0.28165,passthrough,40,40,24,13,40,40
01_03_09_05_0055.bmp,0,9,5,16,9,0.39758,0.12459,0.30128,passthrough,40,40,24,13,40,40
01_03_09_05_0056.bmp,0,9,5,16,9,0.40383,0.10507,0.26713,clahe,40,40,40,13,40,25
01_03_09_05_0058.bmp,0,9,5,16,9,0.41162,0.11094,0.28164,passthrough,25,25,40,13,40,25
01_03_09_05_0061.bmp,0,9,5,16,9,0.40738,0.10238,0.21016,clahe,40,40,40,13,40,40
01_03_09_05_0062.bmp,0,9,5,16,9,0.41338,0.1072,0.26357,passthrough,25,25,24,13,40,25
01_03_09_05_0066.bmp,0,9,5,16,9,0.41517,0.10745,0.28892,passthrough,25,25,25,13,40,25
01_03_09_05_0068.bmp,0,9,5,16,9,0.41331,0.10221,0.2581,clahe,25,13,13,13,25,25
01_03_09_05_0069.bmp,0,9,5,16,9,0.42022,0.10598,0.25529,clahe,40,24,24,13,40,25
01_03_09_05_0072.bmp,0,9,5,16,9,0.41645,0.1077,0.25994,passthrough,25,25,24,13,20,25
01_03_09_05_0075.bmp,0,9,5,16,9,0.42339,0.11349,0.26177,passthrough,25,25,40,13,40,25
01_03_09_05_0077.bmp,0,9,5,16,9,0.43151,0.12936,0.27714,passthrough,40,40,40,13,40,40
01_03_09_05_0078.bmp,0,9,5,16,9,0.43087,0.12083,0.2829,passthrough,25,25,13,13,40,25
01_03_09_05_0082.bmp,0,9,5,16,9,0.43381,0.14132,0.28527,passthrough,25,25,24,13,40,25
01_03_09_05_0083.bmp,0,9,5,16,9,0.4307,0.12134,0.25972,passthrough,25,25,40,13,25,25
01_06_09_05_0002.bmp,1,9,5,16,14,0.56694,0.10707,0.27917,passthrough,25,25,14,12,40,25
01_06_09_05_0003.bmp,1,9,5,16,14,0.61193,0.10265,0.35833,clahe,40,13,13,31,40,11
01_06_09_05_0004.bmp,1,9,5,16,14,0.55292,0.09293,0.15833,clahe,40,40,40,31,40,25
01_06_09_05_0007.bmp,0,9,5,16,14,0.55279,0.13427,0.36036,passthrough,11,11,40,18,40,11
01_06_09_05_0007.bmp,1,9,5,16,14,0.59544,0.1239,0.29705,passthrough,13,13,40,12,40,13
01_06_09_05_0012.bmp,0,9,5,16,14,0.52774,0.12812,0.28677,passthrough,13,13,24,18,13,13
01_06_09_05_0012.bmp,1,9,5,16,14,0.62089,0.10924,0.26501,passthrough,25,25,40,12,20,25
01_06_09_05_0013.bmp,1,9,5,16,14,0.59504,0.12252,0.33333,passthrough,25,25,40,18,40,25
01_06_09_05_0014.bmp,0,9,5,16,14,0.5474,0.11522,0.29209,passthrough,13,13,40,18,40,13
01_06_09_05_0015.bmp,0,9,5,16,14,0.54269,0.12339,0.34694,passthrough,13,13,40,18,40,13
01_06_09_05_0015.bmp,1,9,5,16,14,0.58986,0.12608,0.38768,passthrough,11,11,1,12,20,11
01_06_09_05_0016.bmp,1,9,5,16,14,0.60548,0.1245,0.36957,passthrough,25,25,11,18,40,25
01_06_09_05_0017.bmp,1,9,5,16,14,0.61003,0.12934,0.30074,passthrough,25,25,40,18,20,25
01_06_09_05_0021.bmp,0,9,5,16,14,0.49505,0.11786,0.33665,passthrough,13,13,40,13,40,13
01_06_09_05_0022.bmp,1,9,5,16,14,0.61973,0.12619,0.3008,passthrough,25,25,11,12,20,25
01_06_09_05_0024.bmp,0,9,5,16,14,0.47682,0.11399,0.31854,passthrough,13,13,24,18,40,13
01_06_09_05_0026.bmp,1,9,5,16,14,0.57399,0.1387,0.3698,passthrough,25,25,24,18,20,25
01_06_09_05_0029.bmp,0,9,5,16,14,0.45428,0.13978,0.34825,passthrough,13,13,13,18,40,13
01_06_09_05_0029.bmp,1,9,5,16,14,0.56161,0.1096,0.30242,passthrough,25,25,24,12,40,25
01_06_09_05_0030.bmp,0,9,5,16,14,0.46274,0.12876,0.32045,passthrough,13,13,13,13,40,13
01_06_09_05_0030.bmp,1,9,5,16,14,0.55626,0.11022,0.33548,passthrough,25,25,40,12,20,25
01_06_09_05_0031.bmp,0,9,5,16,14,0.48082,0.14637,0.32842,passthrough,13,13,13,18,40,13
01_06_09_05_0031.bmp,1,9,5,16,14,0.59201,0.13591,0.38756,passthrough,12,12,40,12,40,12
01_06_09_05_0035.bmp,0,9,5,16,14,0.4524,0.13838,0.32868,passthrough,13,13,24,13,40,13
01_06_09_05_0037.bmp,1,9,5,16,14,0.53873,0.13848,0.375,passthrough,25,25,40,12,40,25
01_06_09_05_0038.bmp,0,9,5,16,14,0.43682,0.1332,0.33672,passthrough,13,13,13,13,40,13
01_06_09_05_0039.bmp,0,9,5,16,14,0.43618,0.1339,0.30424,passthrough,13,13,24,13,40,13
01_06_09_05_0039.bmp,1,9,5,16,14,0.57056,0.14707,0.26488,passthrough,12,12,26,12,40,12
01_06_09_05_0040.bmp,1,9,5,16,14,0.53678,0.142,0.26933,passthrough,12,12,40,12,40,12
01_06_09_05_0041.bmp,1,9,5,16,14,0.52741,0.14371,0.288,passthrough,40,40,40,12,20,40
01_06_09_05_0042.bmp,0,9,5,16,14,0.40363,0.11208,0.30327,passthrough,40,40,13,13,40,40
01_06_09_05_0043.bmp,1,9,5,16,14,0.53331,0.11421,0.34821,passthrough,12,12,1,12,40,12
01_06_09_05_0046.bmp,0,9,5,16,14,0.54472,0.11176,0.28718,passthrough,40,40,25,12,40,40
01_06_09_05_0048.bmp,0,9,5,16,14,0.51211,0.11874,0.24661,passthrough,25,25,25,12,40,25
01_06_09_05_0050.bmp,0,9,5,16,14,0.53674,0.10397,0.25653,clahe,40,40,40,12,40,40
01_06_09_05_0051.bmp,0,9,5,16,14,0.53345,0.1409,0.27734,passthrough,40,40,40,12,40,40
01_06_09_05_0055.bmp,0,9,5,16,14,0.56022,0.13382,0.31005,passthrough,13,13,40,12,20,13
01_06_09_05_0056.bmp,0,9,5,16,14,0.5641,0.11702,0.29307,passthrough,13,13,40,12,40,13
01_06_09_05_0059.bmp,0,9,5,16,14,0.57114,0.13006,0.29461,passthrough,11,11,24,18,40,11
01_06_09_05_0064.bmp,0,9,5,16,14,0.54092,0.15738,0.33266,passthrough,11,11,40,12,40,11
01_06_09_05_0066.bmp,0,9,5,16,14,0.54095,0.13694,0.29443,passthrough,13,13,40,12,40,13
01_06_09_05_0067.bmp,0,9,5,16,14,0.53252,0.14142,0.28991,passthrough,13,13,24,18,40,13
01_06_09_05_0068.bmp,0,9,5,16,14,0.50832,0.14882,0.32337,passthrough,13,13,40,12,40,13
01_06_09_05_0070.bmp,0,9,5,16,14,0.52722,0.14513,0.33221,passthrough,13,13,13,18,40,13
01_06_09_05_0074.bmp,0,9,5,16,14,0.51047,0.12532,0.32275,passthrough,13,13,40,18,40,13
01_06_09_05_0075.bmp,0,9,5,16,14,0.49744,0.11779,0.31098,passthrough,13,13,7,18,40,13
01_06_09_05_0076.bmp,0,9,5,16,14,0.4803,0.11971,0.32988,passthrough,13,13,13,12,40,13
01_06_09_05_0080.bmp,0,9,5,16,14,0.44706,0.13319,0.32937,passthrough,40,40,13,18,40,40
01_06_09_05_0085.bmp,0,9,5,16,14,0.43369,0.11693,0.26984,passthrough,40,40,40,13,40,40
01_06_09_05_0088.bmp,0,9,5,16,14,0.37654,0.12039,0.25618,passthrough,24,24,24,13,40,24
01_06_09_05_0089.bmp,0,9,5,16,14,0.38143,0.11969,0.24494,passthrough,25,25,40,25,40,25
01_11_09_05_0002.bmp,0,9,5,16,12,0.47528,0.11497,0.31579,passthrough,25,25,6,11,40,25
01_11_09_05_0003.bmp,0,9,5,16,12,0.49556,0.10639,0.33493,passthrough,11,11,38,31,0,11
01_11_09_05_0013.bmp,0,9,5,16,12,0.5248,0.10685,0.29665,passthrough,38,38,10,31,0,38
01_11_09_05_0019.bmp,0,9,5,16,12,0.50407,0.13581,0.34667,passthrough,25,25,40,12,0,25
01_11_09_05_0020.bmp,0,9,5,16,12,0.49319,0.11541,0.31333,passthrough,13,13,40,18,40,13
01_11_09_05_0021.bmp,0,9,5,16,12,0.50961,0.12022,0.36061,passthrough,25,25,40,11,20,25
01_11_09_05_0022.bmp,0,9,5,16,12,0.46525,0.12751,0.29668,passthrough,12,12,40,18,40,12
01_11_09_05_0024.bmp,0,9,5,16,12,0.45805,0.12331,0.37778,passthrough,12,12,28,12,40,12
01_11_09_05_0027.bmp,0,9,5,16,12,0.4946,0.13986,0.36667,passthrough,25,25,1,11,40,25
01_11_09_05_0028.bmp,0,9,5,16,12,0.48714,0.11907,0.37333,passthrough,40,40,40,12,40,40
01_11_09_05_0031.bmp,0,9,5,16,12,0.49635,0.12335,0.24571,passthrough,25,25,0,12,20,25
01_11_09_05_0033.bmp,0,9,5,16,12,0.46183,0.11334,0.2963,passthrough,40,40,40,12,20,40
01_11_09_05_0038.bmp,0,9,5,16,12,0.45316,0.13924,0.31046,passthrough,40,40,35,12,36,40
01_11_09_05_0039.bmp,0,9,5,16,12,0.41973,0.12597,0.31122,passthrough,13,13,40,12,40,13
01_11_09_05_0041.bmp,0,9,5,16,12,0.46869,0.12141,0.33916,passthrough,13,13,40,12,36,13
01_11_09_05_0045.bmp,0,9,5,16,12,0.45055,0.12482,0.34597,passthrough,13,13,13,12,20,13
01_11_09_05_0047.bmp,0,9,5,16,12,0.42331,0.14144,0.35671,passthrough,40,40,40,18,40,40
01_11_09_05_0049.bmp,0,9,5,16,12,0.42774,0.13149,0.31884,passthrough,13,13,40,1,28,13
01_11_09_05_0050.bmp,0,9,5,16,12,0.42005,0.13185,0.34481,passthrough,40,40,13,12,40,40
01_11_09_05_0052.bmp,0,9,5,16,12,0.45528,0.1314,0.31643,passthrough,25,25,40,12,20,25
01_11_09_05_0060.bmp,0,9,5,16,12,0.44165,0.13978,0.32455,passthrough,13,13,24,13,13,13
01_11_09_05_0061.bmp,0,9,5,16,12,0.44459,0.13347,0.32768,passthrough,40,40,40,18,40,40
01_11_09_05_0062.bmp,0,9,5,16,12,0.45367,0.13076,0.33491,passthrough,40,40,40,12,40,40
01_11_09_05_0064.bmp,0,9,5,16,12,0.44426,0.12883,0.31942,passthrough,13,13,13,12,28,13
01_11_09_05_0065.bmp,0,9,5,16,12,0.43545,0.13075,0.28121,passthrough,40,40,40,12,40,40
01_11_09_05_0069.bmp,0,9,5,16,12,0.4416,0.13228,0.3185,passthrough,25,25,24,13,40,25
01_11_09_05_0077.bmp,0,9,5,16,12,0.42944,0.13883,0.30299,passthrough,13,13,13,13,24,13
01_11_09_05_0078.bmp,0,9,5,16,12,0.42302,0.14469,0.29785,passthrough,13,13,13,13,13,13
01_11_09_05_0080.bmp,0,9,5,16,12,0.42149,0.13127,0.28897,passthrough,25,25,24,13,40,25
01_12_09_05_0002.bmp,0,9,5,16,17,0.45442,0.13731,0.30519,passthrough,13,13,13,18,40,13
01_12_09_05_0004.bmp,0,9,5,16,17,0.46418,0.15157,0.35278,passthrough,35,35,11,35,40,35
01_12_09_05_0005.bmp,0,9,5,16,17,0.47705,0.17397,0.37333,passthrough,11,11,7,13,40,11
01_12_09_05_0006.bmp,1,9,5,16,17,0.46803,0.10824,0.08333,passthrough,13,13,40,31,12,13
01_12_09_05_0009.bmp,0,9,5,16,17,0.45998,0.16544,0.32381,passthrough,13,13,13,13,40,13
01_12_09_05_0009.bmp,1,9,5,16,17,0.50404,0.13256,0.22727,passthrough,11,11,35,12,42,11
01_12_09_05_0011.bmp,0,9,5,16,17,0.44788,0.18176,0.25794,passthrough,13,13,13,18,40,13
01_12_09_05_0011.bmp,1,9,5,16,17,0.47605,0.10303,0.19697,clahe,42,14,14,12,42,13
01_12_09_05_0012.bmp,0,9,5,16,17,0.43256,0.16474,0.25595,passthrough,25,25,20,13,40,25
01_12_09_05_0012.bmp,1,9,5,16,17,0.47787,0.09532,0.01515,clahe,25,34,34,31,25,25
01_12_09_05_0013.bmp,0,9,5,16,17,0.46755,0.1937,0.36646,passthrough,11,11,11,18,28,11
01_12_09_05_0015.bmp,0,9,5,16,17,0.44108,0.16957,0.23602,passthrough,25,25,40,42,40,25
01_12_09_05_0017.bmp,1,9,5,16,17,0.46218,0.10371,0.39394,clahe,12,13,13,12,12,13
01_12_09_05_0018.bmp,1,9,5,16,17,0.48301,0.10647,0.08333,passthrough,13,13,34,18,42,13
01_12_09_05_0021.bmp,1,9,5,16,17,0.49073,0.0869,0.27273,clahe,11,40,40,12,11,13
01_12_09_05_0022.bmp,1,9,5,16,17,0.50903,0.10504,0.24242,clahe,40,35,35,31,40,40
01_12_09_05_0024.bmp,1,9,5,16,17,0.51108,0.14244,0.42424,passthrough,18,18,18,31,28,18
01_12_09_05_0025.bmp,1,9,5,16,17,0.47908,0.10969,0.34091,passthrough,13,13,40,12,40,13
01_12_09_05_0028.bmp,1,9,5,16,17,0.48547,0.10501,0.4697,clahe,42,40,40,12,42,12
01_12_09_05_0032.bmp,0,9,5,16,17,0.47446,0.13681,0.31938,passthrough,40,40,13,12,40,40
01_12_09_05_0032.bmp,1,9,5,16,17,0.4885,0.11258,0.34848,passthrough,12,12,35,31,11,12
01_12_09_05_0033.bmp,0,9,5,16,17,0.48621,0.13707,0.31085,passthrough,40,40,40,18,40,40
01_12_09_05_0033.bmp,1,9,5,16,17,0.49314,0.09874,0.26515,clahe,42,23,23,12,42,12
01_12_09_05_0034.bmp,0,9,5,16,17,0.48332,0.15322,0.32847,passthrough,13,13,13,13,40,13
01_12_09_05_0035.bmp,0,9,5,16,17,0.4712,0.14844,0.31258,passthrough,13,13,13,18,40,13
01_12_09_05_0035.bmp,1,9,5,16,17,0.49153,0.1188,0.36364,passthrough,11,11,40,12,11,11
01_12_09_05_0036.bmp,1,9,5,16,17,0.45276,0.11329,0.21212,passthrough,12,12,40,12,12,12
01_12_09_05_0037.bmp,0,9,5,16,17,0.46265,0.15489,0.35566,passthrough,13,13,40,13,40,13
01_12_09_05_0038.bmp,0,9,5,16,17,0.45619,0.15653,0.34945,passthrough,13,13,13,11,13,13
01_12_09_05_0040.bmp,0,9,5,16,17,0.44039,0.16029,0.31321,passthrough,13,13,24,13,40,13
01_12_09_05_0040.bmp,1,9,5,16,17,0.51153,0.0868,0.0,clahe,42,11,11,31,42,11
01_12_09_05_0041.bmp,0,9,5,16,17,0.45108,0.20689,0.31402,passthrough,13,13,24,18,40,13
01_12_09_05_0043.bmp,0,9,5,16,17,0.37067,0.12922,0.26316,passthrough,25,25,40,13,40,25
01_12_09_05_0044.bmp,0,9,5,16,17,0.51266,0.12775,0.27273,passthrough,11,11,12,31,42,11
01_12_09_05_0045.bmp,0,9,5,16,17,0.51759,0.12509,0.35606,passthrough,25,25,26,31,42,25
01_12_09_05_0051.bmp,0,9,5,16,17,0.48188,0.12161,0.35606,passthrough,25,25,18,31,42,25
01_12_09_05_0052.bmp,0,9,5,16,17,0.45924,0.12772,0.42424,passthrough,25,25,40,38,25,25
01_12_09_05_0056.bmp,0,9,5,16,17,0.4928,0.1276,0.38408,passthrough,25,25,40,32,40,25
01_12_09_05_0060.bmp,0,9,5,16,17,0.46486,0.12021,0.41869,passthrough,25,25,23,32,40,25
01_12_09_05_0061.bmp,0,9,5,16,17,0.48903,0.10868,0.30796,passthrough,12,12,39,12,40,12
01_12_09_05_0062.bmp,0,9,5,16,17,0.48071,0.13732,0.34256,passthrough,25,25,12,18,40,25
01_12_09_05_0068.bmp,0,9,5,16,17,0.48934,0.13046,0.31429,passthrough,25,25,40,12,2,25
01_12_09_05_0072.bmp,0,9,5,16,17,0.46963,0.13158,0.2493,passthrough,13,13,13,18,40,13
01_12_09_05_0075.bmp,0,9,5,16,17,0.48215,0.13682,0.30095,passthrough,25,25,37,32,40,25
01_12_09_05_0077.bmp,0,9,5,16,17,0.48866,0.14171,0.31619,passthrough,25,25,23,13,20,25
01_12_09_05_0078.bmp,0,9,5,16,17,0.48041,0.14392,0.2544,passthrough,25,25,40,7,20,25
01_12_09_05_0081.bmp,0,9,5,16,17,0.48765,0.15022,0.3504,passthrough,25,25,11,11,40,25
01_12_09_05_0082.bmp,0,9,5,16,17,0.49377,0.14814,0.3664,passthrough,25,25,20,11,20,25
01_12_09_05_0085.bmp,0,9,5,16,17,0.46917,0.14011,0.3392,passthrough,25,25,23,11,40,25
01_12_09_05_0086.bmp,0,9,5,16,17,0.49715,0.13365,0.3504,passthrough,25,25,40,11,40,25
01_12_09_05_0088.bmp,0,9,5,16,17,0.50245,0.13534,0.33333,passthrough,25,25,7,11,20,25
01_12_09_05_0092.bmp,0,9,5,16,17,0.4695,0.14924,0.31,passthrough,25,25,40,11,20,25
01_12_09_05_0093.bmp,0,9,5,16,17,0.47194,0.14113,0.25286,passthrough,25,25,13,13,20,25
01_12_09_05_0097.bmp,0,9,5,16,17,0.47109,0.14447,0.24661,passthrough,25,25,7,38,20,25
01_12_09_05_0098.bmp,0,9,5,16,17,0.46539,0.14178,0.26131,passthrough,25,25,40,32,40,25
01_12_09_05_0101.bmp,0,9,5,16,17,0.47578,0.16021,0.26897,passthrough,25,25,13,11,40,25
01_12_09_05_0105.bmp,0,9,5,16,17,0.45977,0.17177,0.33815,passthrough,25,25,40,7,20,25
01_12_09_05_0107.bmp,0,9,5,16,17,0.46158,0.14772,0.21883,passthrough,25,25,40,11,20,25
01_12_09_05_0112.bmp,0,9,5,16,17,0.4696,0.16126,0.24523,passthrough,25,25,40,7,20,25
01_12_09_05_0113.bmp,0,9,5,16,17,0.46823,0.17379,0.26383,passthrough,25,25,40,7,20,25
01_13_09_05_0002.bmp,1,9,5,16,13,0.63235,0.18622,0.30167,passthrough,25,25,25,13,40,25
01_13_09_05_0003.bmp,1,9,5,16,13,0.64131,0.16004,0.34667,passthrough,13,13,40,12,40,13
01_13_09_05_0005.bmp,1,9,5,16,13,0.64616,0.17764,0.34833,passthrough,13,13,13,13,40,13
01_13_09_05_0006.bmp,0,9,5,16,13,0.56471,0.12402,0.32692,passthrough,13,13,40,12,40,13
01_13_09_05_0006.bmp,1,9,5,16,13,0.63283,0.18885,0.36401,passthrough,13,13,13,13,40,13
01_13_09_05_0007.bmp,1,9,5,16,13,0.63587,0.18164,0.36264,passthrough,13,13,13,13,28,13
01_13_09_05_0010.bmp,1,9,5,16,13,0.62164,0.16601,0.37775,passthrough,13,13,13,18,40,13
01_13_09_05_0013.bmp,0,9,5,16,13,0.53796,0.11862,0.33974,passthrough,12,12,38,12,40,12
01_13_09_05_0014.bmp,1,9,5,16,13,0.60316,0.17993,0.33929,passthrough,13,13,13,18,20,13
01_13_09_05_0016.bmp,1,9,5,16,13,0.61362,0.19623,0.36923,passthrough,13,13,40,13,40,13
01_13_09_05_0022.bmp,0,9,5,16,13,0.53122,0.11183,0.26923,passthrough,13,13,39,12,40,13
01_13_09_05_0024.bmp,0,9,5,16,13,0.53997,0.13633,0.40385,passthrough,13,13,40,12,12,13
01_13_09_05_0024.bmp,1,9,5,16,13,0.60513,0.20745,0.37409,passthrough,13,13,13,13,40,13
01_13_09_05_0025.bmp,1,9,5,16,13,0.59275,0.18453,0.3381,passthrough,13,13,13,13,40,13
01_13_09_05_0026.bmp,0,9,5,16,13,0.55553,0.13818,0.32692,passthrough,13,13,13,12,25,13
01_13_09_05_0028.bmp,1,9,5,16,13,0.59318,0.19132,0.31424,passthrough,13,13,13,13,13,13
01_13_09_05_0029.bmp,1,9,5,16,13,0.59162,0.18965,0.32966,passthrough,13,13,13,13,13,13
01_13_09_05_0030.bmp,0,9,5,16,13,0.56576,0.17613,0.37179,passthrough,12,12,13,12,12,12
01_13_09_05_0031.bmp,1,9,5,16,13,0.60586,0.21094,0.3318,passthrough,13,13,40,13,40,13
01_13_09_05_0032.bmp,1,9,5,16,13,0.60543,0.21921,0.33641,passthrough,13,13,13,13,40,13
01_13_09_05_0034.bmp,0,9,5,16,13,0.5732,0.15487,0.28205,passthrough,12,12,40,12,40,12
01_13_09_05_0035.bmp,1,9,5,16,13,0.6004,0.22055,0.29648,passthrough,13,13,40,13,13,13
01_13_09_05_0037.bmp,0,9,5,16,13,0.595,0.17187,0.37821,passthrough,13,13,13,13,40,13
01_13_09_05_0037.bmp,1,9,5,16,13,0.61728,0.20283,0.29412,passthrough,13,13,13,13,13,13
01_13_09_05_0038.bmp,0,9,5,16,13,0.61129,0.19,0.3141,passthrough,13,13,13,12,40,13
01_13_09_05_0040.bmp,0,9,5,16,13,0.60709,0.17118,0.39103,passthrough,13,13,13,12,42,13
01_13_09_05_0043.bmp,1,9,5,16,13,0.59137,0.2191,0.33673,passthrough,13,13,13,13,13,13
01_13_09_05_0045.bmp,1,9,5,16,13,0.60108,0.20194,0.31345,passthrough,13,13,40,13,40,13
01_13_09_05_0047.bmp,0,9,5,16,13,0.59682,0.16027,0.31579,passthrough,12,12,13,13,40,12
01_13_09_05_0047.bmp,1,9,5,16,13,0.60336,0.21264,0.32602,passthrough,13,13,13,13,13,13
01_13_09_05_0048.bmp,0,9,5,16,13,0.58236,0.16167,0.28968,passthrough,13,13,13,12,40,13
01_13_09_05_0050.bmp,0,9,5,16,13,0.59173,0.18014,0.34127,passthrough,13,13,13,13,40,13
01_13_09_05_0052.bmp,0,9,5,16,13,0.58679,0.15381,0.26857,passthrough,13,13,35,12,40,13
01_13_09_05_0053.bmp,0,9,5,16,13,0.57023,0.17899,0.29143,passthrough,13,13,13,13,40,13
01_13_09_05_0054.bmp,0,9,5,16,13,0.60285,0.15493,0.29333,passthrough,13,13,13,13,40,13
01_13_09_05_0056.bmp,1,9,5,16,13,0.59289,0.19692,0.31144,passthrough,13,13,13,13,13,13
01_13_09_05_0058.bmp,0,9,5,16,13,0.58736,0.17034,0.33333,passthrough,13,13,20,12,40,13
01_13_09_05_0058.bmp,1,9,5,16,13,0.57553,0.19689,0.34154,passthrough,13,13,24,13,40,13
01_13_09_05_0059.bmp,0,9,5,16,13,0.59346,0.17633,0.27429,passthrough,13,13,40,13,20,13
01_13_09_05_0059.bmp,1,9,5,16,13,0.5831,0.21228,0.32139,passthrough,13,13,13,13,13,13
01_13_09_05_0060.bmp,0,9,5,16,13,0.57466,0.18113,0.29714,passthrough,13,13,40,13,40,13
01_13_09_05_0061.bmp,0,9,5,16,13,0.59243,0.17139,0.3072,passthrough,13,13,13,13,40,13
01_13_09_05_0061.bmp,1,9,5,16,13,0.57145,0.22049,0.33156,passthrough,13,13,40,13,40,13
01_13_09_05_0062.bmp,0,9,5,16,13,0.59323,0.16104,0.3037,passthrough,13,13,40,13,40,13
01_13_09_05_0062.bmp,1,9,5,16,13,0.56556,0.25033,0.32414,passthrough,13,13,40,13,20,13
01_13_09_05_0065.bmp,1,9,5,16,13,0.47178,0.10031,0.2381,clahe,25,7,7,12,25,12
01_13_09_05_0067.bmp,1,9,5,16,13,0.47244,0.09168,0.15934,clahe,40,7,7,12,40,13
01_13_09_05_0068.bmp,0,9,5,16,13,0.61129,0.17071,0.3687,passthrough,13,13,40,13,40,13
01_13_09_05_0068.bmp,1,9,5,16,13,0.46817,0.09602,0.09341,clahe,40,40,40,12,40,12
01_13_09_05_0070.bmp,0,9,5,16,13,0.60207,0.18875,0.37003,passthrough,13,13,13,13,40,13
01_13_09_05_0071.bmp,0,9,5,16,13,0.61642,0.16347,0.36207,passthrough,13,13,1,13,40,13
01_13_09_05_0073.bmp,0,9,5,16,13,0.62463,0.17103,0.29757,passthrough,13,13,4,13,40,13
01_13_09_05_0074.bmp,0,9,5,16,13,0.63048,0.16869,0.34149,passthrough,13,13,13,13,40,13
01_13_09_05_0075.bmp,0,9,5,16,13,0.61221,0.16872,0.34769,passthrough,13,13,40,13,40,13
01_13_09_05_0078.bmp,1,9,5,16,13,0.47323,0.11337,0.27381,passthrough,13,13,40,12,11,13
01_13_09_05_0079.bmp,1,9,5,16,13,0.50476,0.11708,0.26786,passthrough,13,13,40,12,6,13
01_13_09_05_0080.bmp,1,9,5,16,13,0.48693,0.09783,0.20238,clahe,40,40,40,12,40,40
01_13_09_05_0082.bmp,1,9,5,16,13,0.53064,0.10369,0.275,clahe,40,28,28,12,40,12
01_13_09_05_0084.bmp,0,9,5,16,13,0.62605,0.15425,0.30745,passthrough,13,13,13,13,40,13
01_13_09_05_0084.bmp,1,9,5,16,13,0.48461,0.10942,0.27041,passthrough,12,12,40,12,40,12
01_13_09_05_0085.bmp,0,9,5,16,13,0.63411,0.14585,0.29735,passthrough,13,13,24,13,40,13
01_13_09_05_0085.bmp,1,9,5,16,13,0.52507,0.13446,0.22768,passthrough,25,25,13,12,40,25
01_13_09_05_0086.bmp,1,9,5,16,13,0.47402,0.12885,0.33333,passthrough,12,12,40,12,40,12
01_13_09_05_0088.bmp,1,9,5,16,13,0.53296,0.11303,0.34762,passthrough,12,12,40,12,40,12
01_13_09_05_0089.bmp,0,9,5,16,13,0.62184,0.17984,0.35478,passthrough,13,13,13,13,40,13
01_13_09_05_0090.bmp,0,9,5,16,13,0.62763,0.15331,0.28195,passthrough,13,13,13,13,40,13
01_13_09_05_0090.bmp,1,9,5,16,13,0.52021,0.11395,0.31731,passthrough,12,12,40,12,6,12
01_13_09_05_0091.bmp,0,9,5,16,13,0.6392,0.16148,0.33034,passthrough,13,13,13,13,13,13
01_13_09_05_0091.bmp,1,9,5,16,13,0.51303,0.11411,0.26442,passthrough,12,12,7,19,40,12
01_13_09_05_0093.bmp,1,9,5,16,13,0.48998,0.12174,0.39916,passthrough,25,25,40,12,40,25
01_13_09_05_0095.bmp,1,9,5,16,13,0.52417,0.11036,0.3125,passthrough,12,12,1,12,40,12
01_13_09_05_0096.bmp,1,9,5,16,13,0.51586,0.10736,0.26923,passthrough,12,12,40,12,40,12
01_13_09_05_0097.bmp,1,9,5,16,13,0.49237,0.10796,0.2521,passthrough,12,12,40,12,40,12
01_13_09_05_0098.bmp,1,9,5,16,13,0.51359,0.12377,0.36863,passthrough,12,12,40,12,28,12
01_13_09_05_0100.bmp,0,9,5,16,13,0.62883,0.16088,0.29012,passthrough,13,13,13,18,24,13
01_13_09_05_0101.bmp,1,9,5,16,13,0.53749,0.09818,0.20956,clahe,40,11,11,12,40,12
01_13_09_05_0102.bmp,0,9,5,16,13,0.63704,0.17494,0.29326,passthrough,13,13,13,13,13,13
01_13_09_05_0104.bmp,1,9,5,16,13,0.52405,0.11247,0.32632,passthrough,25,25,40,12,40,25
01_13_09_05_0105.bmp,0,9,5,16,13,0.61872,0.17047,0.30984,passthrough,13,13,40,13,25,13
01_13_09_05_0106.bmp,0,9,5,16,13,0.6204,0.1791,0.28894,passthrough,13,13,13,13,40,13
01_13_09_05_0107.bmp,0,9,5,16,13,0.61029,0.19076,0.3063,passthrough,13,13,40,13,40,13
01_13_09_05_0110.bmp,1,9,5,16,13,0.53068,0.11932,0.27273,passthrough,12,12,20,12,40,12
01_13_09_05_0112.bmp,0,9,5,16,13,0.56022,0.1883,0.3028,passthrough,13,13,13,13,40,13
01_13_09_05_0113.bmp,1,9,5,16,13,0.53521,0.12789,0.30208,passthrough,13,13,40,12,40,13
01_13_09_05_0115.bmp,1,9,5,16,13,0.53102,0.15498,0.32292,passthrough,25,25,40,18,40,25
01_13_09_05_0116.bmp,0,9,5,16,13,0.40752,0.11314,0.24038,passthrough,40,40,4,12,40,40
01_13_09_05_0117.bmp,0,9,5,16,13,0.38084,0.1315,0.3619,passthrough,40,40,40,12,0,40
01_13_09_05_0117.bmp,1,9,5,16,13,0.53873,0.1439,0.34201,passthrough,40,40,40,12,20,40
01_13_09_05_0119.bmp,1,9,5,16,13,0.52557,0.1577,0.33854,passthrough,40,40,40,12,40,40
01_13_09_05_0120.bmp,0,9,5,16,13,0.4073,0.1308,0.29231,passthrough,40,40,39,19,40,40
01_13_09_05_0120.bmp,1,9,5,16,13,0.5191,0.14507,0.33507,passthrough,40,40,40,12,40,40
01_13_09_05_0121.bmp,0,9,5,16,13,0.40016,0.11633,0.35556,passthrough,40,40,40,12,40,40
01_13_09_05_0121.bmp,1,9,5,16,13,0.50044,0.14101,0.38021,passthrough,40,40,40,12,40,40
01_13_09_05_0122.bmp,1,9,5,16,13,0.5213,0.13859,0.33385,passthrough,40,40,40,12,40,40
01_13_09_05_0124.bmp,1,9,5,16,13,0.51931,0.1624,0.36077,passthrough,13,13,40,12,40,13
01_13_09_05_0128.bmp,0,9,5,16,13,0.37232,0.11345,0.30261,passthrough,40,40,40,12,40,40
01_13_09_05_0129.bmp,1,9,5,16,13,0.50934,0.12637,0.29655,passthrough,40,40,40,12,40,40
01_13_09_05_0130.bmp,0,9,5,16,13,0.38589,0.12146,0.33385,passthrough,40,40,1,13,40,40
01_13_09_05_0130.bmp,1,9,5,16,13,0.50969,0.13969,0.32874,passthrough,12,12,13,18,40,12
01_13_09_05_0131.bmp,0,9,5,16,13,0.36797,0.10497,0.23286,clahe,40,40,40,12,40,40
01_13_09_05_0134.bmp,0,9,5,16,13,0.36832,0.11283,0.27697,passthrough,40,40,40,12,40,40
01_13_09_05_0135.bmp,1,9,5,16,13,0.52348,0.12564,0.27273,passthrough,40,40,40,12,40,40
01_13_09_05_0137.bmp,0,9,5,16,13,0.37779,0.11255,0.2675,passthrough,40,40,40,12,40,40
01_13_09_05_0137.bmp,1,9,5,16,13,0.50263,0.1408,0.3164,passthrough,13,13,24,12,40,13
01_13_09_05_0138.bmp,0,9,5,16,13,0.37693,0.12704,0.29792,passthrough,40,40,40,12,40,40
01_13_09_05_0139.bmp,0,9,5,16,13,0.36129,0.13437,0.3171,passthrough,40,40,13,13,40,40
01_13_09_05_0140.bmp,1,9,5,16,13,0.53094,0.12421,0.26122,passthrough,40,40,40,12,40,40
01_13_09_05_0142.bmp,1,9,5,16,13,0.5197,0.13892,0.34395,passthrough,25,25,40,18,40,25
01_13_09_05_0143.bmp,1,9,5,16,13,0.52511,0.11399,0.31192,passthrough,40,40,40,12,40,40
01_13_09_05_0144.bmp,0,9,5,16,13,0.36164,0.11364,0.2516,passthrough,40,40,24,13,40,40
01_13_09_05_0145.bmp,0,9,5,16,13,0.37037,0.12037,0.24127,passthrough,40,40,40,12,40,40
01_13_09_05_0145.bmp,1,9,5,16,13,0.50148,0.14909,0.36146,passthrough,40,40,40,18,40,40
01_13_09_05_0147.bmp,1,9,5,16,13,0.53024,0.13526,0.3305,passthrough,40,40,24,18,40,40
01_13_09_05_0152.bmp,1,9,5,16,13,0.5324,0.12114,0.27912,passthrough,25,25,40,18,40,25
01_13_09_05_0153.bmp,1,9,5,16,13,0.54333,0.13408,0.27179,passthrough,25,25,40,12,40,25
01_13_09_05_0154.bmp,0,9,5,16,13,0.36664,0.11881,0.22619,passthrough,40,40,13,13,40,40
01_13_09_05_0154.bmp,1,9,5,16,13,0.54037,0.12909,0.28303,passthrough,40,40,40,12,40,40
01_13_09_05_0155.bmp,0,9,5,16,13,0.36131,0.13232,0.29724,passthrough,40,40,13,13,40,40
01_13_09_05_0155.bmp,1,9,5,16,13,0.54299,0.13456,0.3433,passthrough,40,40,40,18,40,40
01_13_09_05_0156.bmp,1,9,5,16,13,0.5357,0.13675,0.30068,passthrough,13,13,40,12,40,13
01_13_09_05_0158.bmp,1,9,5,16,13,0.53222,0.14461,0.30827,passthrough,13,13,40,18,40,13
01_13_09_05_0159.bmp,1,9,5,16,13,0.5508,0.13375,0.33421,passthrough,40,40,40,12,40,40
01_13_09_05_0160.bmp,1,9,5,16,13,0.54799,0.13826,0.33466,passthrough,12,12,13,18,40,12
01_13_09_05_0161.bmp,0,9,5,16,13,0.37504,0.1489,0.27553,passthrough,40,40,13,13,40,40
01_13_09_05_0161.bmp,1,9,5,16,13,0.55284,0.12514,0.30423,passthrough,40,40,40,12,40,40
01_13_09_05_0164.bmp,0,9,5,16,13,0.3935,0.15497,0.30396,passthrough,40,40,13,13,40,40
01_13_09_05_0165.bmp,1,9,5,16,13,0.55013,0.12241,0.29497,passthrough,40,40,40,12,40,40
01_13_09_05_0166.bmp,0,9,5,16,13,0.38972,0.18572,0.28356,passthrough,40,40,13,13,40,40
01_13_09_05_0167.bmp,0,9,5,16,13,0.42512,0.16797,0.29617,passthrough,40,40,40,13,40,40
01_13_09_05_0167.bmp,1,9,5,16,13,0.55106,0.13825,0.30754,passthrough,12,12,40,12,40,12
01_13_09_05_0169.bmp,0,9,5,16,13,0.41907,0.0884,0.0,clahe,42,1,1,12,42,40
01_13_09_05_0173.bmp,1,9,5,16,13,0.53479,0.12377,0.29276,passthrough,13,13,40,18,40,13
01_13_09_05_0175.bmp,1,9,5,16,13,0.52112,0.13398,0.34334,passthrough,40,40,24,18,40,40
01_13_09_05_0177.bmp,0,9,5,16,13,0.40746,0.10267,0.26515,clahe,12,1,1,18,12,13
01_13_09_05_0177.bmp,1,9,5,16,13,0.55592,0.12978,0.30647,passthrough,13,13,13,12,40,13
01_13_09_05_0180.bmp,0,9,5,16,13,0.42864,0.10618,0.30303,passthrough,12,12,33,12,11,12
01_13_09_05_0181.bmp,1,9,5,16,13,0.5558,0.13543,0.33211,passthrough,12,12,13,12,40,12
01_13_09_05_0186.bmp,1,9,5,16,13,0.56674,0.13052,0.33394,passthrough,40,40,24,12,40,40
01_13_09_05_0187.bmp,0,9,5,16,13,0.42166,0.12664,0.28788,passthrough,12,12,40,12,12,12
01_13_09_05_0191.bmp,0,9,5,16,13,0.40992,0.10226,0.25758,clahe,42,13,13,12,42,40
01_13_09_05_0192.bmp,1,9,5,16,13,0.54874,0.13821,0.32662,passthrough,25,25,40,12,40,25
01_13_09_05_0194.bmp,0,9,5,16,13,0.47629,0.1316,0.38636,passthrough,25,25,40,12,42,25
01_13_09_05_0198.bmp,0,9,5,16,13,0.40023,0.13247,0.3631,passthrough,13,13,13,12,12,13
01_13_09_05_0198.bmp,1,9,5,16,13,0.57956,0.12952,0.30891,passthrough,25,25,40,12,40,25
01_13_09_05_0200.bmp,0,9,5,16,13,0.40091,0.11215,0.35119,passthrough,40,40,40,12,40,40
01_13_09_05_0200.bmp,1,9,5,16,13,0.5755,0.13122,0.28388,passthrough,12,12,13,12,40,12
01_13_09_05_0203.bmp,1,9,5,16,13,0.56478,0.1374,0.28632,passthrough,12,12,40,12,40,12
01_13_09_05_0204.bmp,1,9,5,16,13,0.56487,0.13572,0.33211,passthrough,12,12,14,12,40,12
01_13_09_05_0205.bmp,1,9,5,16,13,0.56194,0.14711,0.32723,passthrough,40,40,13,12,40,40
01_13_09_05_0206.bmp,0,9,5,16,13,0.3961,0.0881,0.1641,clahe,40,40,40,12,40,40
01_13_09_05_0209.bmp,0,9,5,16,13,0.40643,0.10978,0.28627,passthrough,40,40,40,12,40,40
01_13_09_05_0211.bmp,1,9,5,16,13,0.56506,0.12427,0.31624,passthrough,40,40,40,12,40,40
01_13_09_05_0212.bmp,0,9,5,16,13,0.39477,0.10364,0.1875,clahe,40,40,40,12,40,40
01_13_09_05_0213.bmp,0,9,5,16,13,0.38058,0.10805,0.20139,passthrough,13,13,40,12,40,13
01_13_09_05_0213.bmp,1,9,5,16,13,0.54529,0.1543,0.34432,passthrough,40,40,13,12,40,40
01_13_09_05_0215.bmp,1,9,5,16,13,0.56242,0.13067,0.29853,passthrough,25,25,13,18,40,25
01_13_09_05_0216.bmp,0,9,5,16,13,0.39792,0.11109,0.25846,passthrough,40,40,13,12,40,40
01_13_09_05_0219.bmp,0,9,5,16,13,0.39763,0.1233,0.28718,passthrough,40,40,40,12,40,40
01_13_09_05_0219.bmp,1,9,5,16,13,0.56647,0.14179,0.30037,passthrough,25,25,40,18,40,25
01_13_09_05_0222.bmp,0,9,5,16,13,0.39282,0.1285,0.31142,passthrough,40,40,24,13,40,40
01_13_09_05_0223.bmp,0,9,5,16,13,0.39401,0.13227,0.31919,passthrough,40,40,13,13,40,40
01_13_09_05_0223.bmp,1,9,5,16,13,0.56534,0.12204,0.30403,passthrough,25,25,40,12,40,25
01_13_09_05_0224.bmp,0,9,5,16,13,0.40242,0.12647,0.30376,passthrough,40,40,40,13,40,40
01_13_09_05_0225.bmp,0,9,5,16,13,0.41511,0.12789,0.27257,passthrough,40,40,24,13,40,40
01_13_09_05_0227.bmp,0,9,5,16,13,0.41188,0.13776,0.3033,passthrough,40,40,40,12,40,40
01_13_09_05_0227.bmp,1,9,5,16,13,0.56033,0.1458,0.30586,passthrough,25,25,40,12,40,25
01_13_09_05_0229.bmp,0,9,5,16,13,0.40583,0.12385,0.30098,passthrough,13,13,40,12,40,13
01_13_09_05_0231.bmp,1,9,5,16,13,0.59121,0.14017,0.34554,passthrough,25,25,40,12,40,25
01_13_09_05_0233.bmp,0,9,5,16,13,0.40507,0.12538,0.28356,passthrough,13,13,24,13,40,13
01_13_09_05_0239.bmp,0,9,5,16,13,0.43957,0.17177,0.31749,passthrough,13,13,13,13,40,13
01_13_09_05_0239.bmp,1,9,5,16,13,0.57798,0.14404,0.30586,passthrough,40,40,40,12,40,40
01_13_09_05_0240.bmp,1,9,5,16,13,0.57512,0.14869,0.29976,passthrough,25,25,13,12,40,25
01_13_09_05_0241.bmp,0,9,5,16,13,0.46354,0.2003,0.3481,passthrough,13,13,13,13,40,13
01_13_09_05_0244.bmp,0,9,5,16,13,0.46105,0.21545,0.32429,passthrough,40,40,40,18,28,40
01_13_09_05_0244.bmp,1,9,5,16,13,0.57524,0.14943,0.33639,passthrough,25,25,40,12,40,25
01_13_09_05_0245.bmp,0,9,5,16,13,0.45121,0.20073,0.31532,passthrough,25,25,13,25,40,25
01_13_09_05_0248.bmp,0,9,5,16,13,0.45989,0.15094,0.2977,passthrough,13,13,13,13,40,13
01_13_09_05_0248.bmp,1,9,5,16,13,0.57084,0.14929,0.32784,passthrough,25,25,13,18,40,25
01_13_09_05_0249.bmp,1,9,5,16,13,0.57767,0.15036,0.34676,passthrough,13,13,40,12,40,13
01_13_09_05_0250.bmp,1,9,5,16,13,0.57808,0.14288,0.31624,passthrough,12,12,24,12,40,12
01_13_09_05_0251.bmp,1,9,5,16,13,0.56764,0.13805,0.33333,passthrough,12,12,13,12,40,12
01_13_09_05_0252.bmp,0,9,5,16,13,0.48087,0.14843,0.31032,passthrough,13,13,13,13,25,13
01_13_09_05_0253.bmp,0,9,5,16,13,0.48105,0.15397,0.29777,passthrough,13,13,13,13,40,13
01_13_09_05_0255.bmp,1,9,5,16,13,0.57361,0.14837,0.34371,passthrough,25,25,40,18,40,25
01_13_09_05_0256.bmp,0,9,5,16,13,0.47292,0.14895,0.31287,passthrough,13,13,13,13,40,13
01_13_09_05_0257.bmp,0,9,5,16,13,0.46801,0.1535,0.30337,passthrough,13,13,13,13,40,13
01_13_09_05_0257.bmp,1,9,5,16,13,0.57498,0.14838,0.32173,passthrough,12,12,13,18,40,12
01_13_09_05_0260.bmp,1,9,5,16,13,0.55932,0.13685,0.35531,passthrough,13,13,13,12,40,13
01_13_09_05_0261.bmp,0,9,5,16,13,0.4653,0.14039,0.28258,passthrough,13,13,13,13,40,13
01_13_09_05_0262.bmp,1,9,5,16,13,0.57049,0.13019,0.32112,passthrough,25,25,13,12,40,25
01_13_09_05_0263.bmp,1,9,5,16,13,0.56942,0.13912,0.28938,passthrough,25,25,40,12,40,25
01_13_09_05_0266.bmp,1,9,5,16,13,0.5707,0.13882,0.31013,passthrough,40,40,40,12,40,40
01_13_09_05_0267.bmp,1,9,5,16,13,0.57916,0.14335,0.31624,passthrough,13,13,40,12,40,13
01_13_09_05_0268.bmp,0,9,5,16,13,0.43758,0.14189,0.27804,passthrough,13,13,40,13,40,13
01_13_09_05_0268.bmp,1,9,5,16,13,0.57282,0.14025,0.29853,passthrough,13,13,40,18,40,13
01_13_09_05_0269.bmp,0,9,5,16,13,0.43621,0.12323,0.26884,passthrough,40,40,40,13,40,40
01_13_09_05_0272.bmp,0,9,5,16,13,0.57306,0.14284,0.33578,passthrough,40,40,40,12,40,40
01_13_09_05_0276.bmp,0,9,5,16,13,0.56499,0.15393,0.34615,passthrough,40,40,40,12,40,40
01_13_09_05_0277.bmp,0,9,5,16,13,0.57445,0.14612,0.29426,passthrough,13,13,40,12,40,13
01_13_09_05_0279.bmp,0,9,5,16,13,0.58091,0.14217,0.3547,passthrough,13,13,13,12,40,13
01_13_09_05_0281.bmp,0,9,5,16,13,0.57698,0.13609,0.31197,passthrough,11,11,40,12,40,11
01_13_09_05_0285.bmp,0,9,5,16,13,0.57445,0.15106,0.34066,passthrough,40,40,40,12,40,40
01_13_09_05_0286.bmp,0,9,5,16,13,0.58137,0.12782,0.31502,passthrough,25,25,13,18,40,25
01_13_09_05_0287.bmp,0,9,5,16,13,0.56748,0.14917,0.32967,passthrough,25,25,13,12,40,25
01_13_09_05_0291.bmp,0,9,5,16,13,0.57063,0.13629,0.34066,passthrough,12,12,40,18,40,12
01_13_09_05_0293.bmp,0,9,5,16,13,0.56797,0.13402,0.32723,passthrough,12,12,24,12,40,12
01_13_09_05_0294.bmp,0,9,5,16,13,0.55388,0.14214,0.35226,passthrough,25,25,13,12,40,25
01_13_09_05_0295.bmp,0,9,5,16,13,0.56559,0.14146,0.29548,passthrough,40,40,40,18,40,40
01_13_09_05_0296.bmp,0,9,5,16,13,0.56147,0.13585,0.35531,passthrough,13,13,40,12,40,13
01_13_09_05_0297.bmp,0,9,5,16,13,0.56904,0.12943,0.2967,passthrough,25,25,40,12,40,25
01_13_09_05_0302.bmp,0,9,5,16,13,0.55301,0.13942,0.29636,passthrough,25,25,24,18,20,25
01_13_09_05_0304.bmp,0,9,5,16,13,0.5432,0.13533,0.32499,passthrough,25,25,13,12,40,25
01_13_09_05_0305.bmp,0,9,5,16,13,0.54346,0.13417,0.34049,passthrough,40,40,13,12,40,40
01_13_09_05_0306.bmp,0,9,5,16,13,0.54389,0.13098,0.34228,passthrough,40,40,40,12,40,40
01_13_09_05_0310.bmp,0,9,5,16,13,0.55318,0.13048,0.30233,passthrough,13,13,13,18,40,13
01_13_09_05_0311.bmp,0,9,5,16,13,0.54494,0.13241,0.33977,passthrough,13,13,40,12,40,13
01_13_09_05_0312.bmp,0,9,5,16,13,0.53896,0.12708,0.32443,passthrough,40,40,13,12,40,40
01_13_09_05_0313.bmp,0,9,5,16,13,0.54723,0.12426,0.31274,passthrough,40,40,40,12,40,40
01_13_09_05_0317.bmp,0,9,5,16,13,0.53838,0.12944,0.30623,passthrough,13,13,40,18,40,13
01_13_09_05_0322.bmp,0,9,5,16,13,0.56802,0.13655,0.34486,passthrough,13,13,7,12,40,13
01_13_09_05_0326.bmp,0,9,5,16,13,0.56583,0.18039,0.31022,passthrough,40,40,40,18,40,40
01_13_09_05_0328.bmp,0,9,5,16,13,0.5638,0.15836,0.32274,passthrough,25,25,24,12,40,25
01_13_09_05_0330.bmp,0,9,5,16,13,0.56836,0.17702,0.3281,passthrough,40,40,40,12,40,40
01_13_09_05_0337.bmp,0,9,5,16,13,0.59086,0.1805,0.3544,passthrough,25,25,24,25,40,25
01_13_09_05_0338.bmp,0,9,5,16,13,0.59377,0.19041,0.33383,passthrough,25,25,40,18,40,25
01_13_09_05_0339.bmp,0,9,5,16,13,0.60268,0.17878,0.34531,passthrough,25,25,40,12,40,25
01_13_09_05_0343.bmp,0,9,5,16,13,0.61333,0.16368,0.33162,passthrough,25,25,40,18,40,25
01_13_09_05_0349.bmp,0,9,5,16,13,0.62197,0.18035,0.32548,passthrough,25,25,13,25,40,25
01_13_09_05_0351.bmp,0,9,5,16,13,0.59419,0.18882,0.32209,passthrough,13,13,40,13,40,13
01_13_09_05_0353.bmp,0,9,5,16,13,0.56654,0.16871,0.32158,passthrough,13,13,13,13,40,13
01_13_09_05_0355.bmp,0,9,5,16,13,0.53144,0.15381,0.30686,passthrough,13,13,13,12,40,13
01_13_09_05_0358.bmp,0,9,5,16,13,0.4802,0.16073,0.31884,passthrough,13,13,13,13,20,13
01_13_09_05_0362.bmp,0,9,5,16,13,0.47289,0.19682,0.30958,passthrough,13,13,13,13,13,13
01_13_09_05_0364.bmp,0,9,5,16,13,0.4747,0.17584,0.30802,passthrough,13,13,13,13,40,13
01_13_09_05_0367.bmp,0,9,5,16,13,0.4521,0.17916,0.3066,passthrough,13,13,40,13,40,13
01_13_09_05_0368.bmp,0,9,5,16,13,0.45871,0.19743,0.31612,passthrough,13,13,13,13,40,13
01_13_09_05_0371.bmp,0,9,5,16,13,0.43532,0.18653,0.3221,passthrough,13,13,13,13,24,13
01_13_09_05_0373.bmp,0,9,5,16,13,0.42728,0.16573,0.33093,passthrough,13,13,13,13,40,13
01_13_09_05_0376.bmp,0,9,5,16,13,0.4383,0.17726,0.29246,passthrough,25,25,7,13,20,25
01_13_09_05_0386.bmp,0,9,5,16,13,0.47075,0.13814,0.45455,passthrough,35,35,34,18,42,35
01_13_09_05_0388.bmp,0,9,5,16,13,0.44784,0.1064,0.21488,passthrough,25,25,40,12,42,25
01_13_09_05_0391.bmp,0,9,5,16,13,0.49862,0.12772,0.33884,passthrough,12,12,23,12,1,12
01_13_09_05_0393.bmp,0,9,5,16,13,0.47863,0.11469,0.30579,passthrough,12,12,40,12,12,12
01_13_09_05_0394.bmp,0,9,5,16,13,0.50391,0.11742,0.28926,passthrough,12,12,34,12,42,12
01_13_09_05_0409.bmp,0,9,5,16,13,0.4655,0.1083,0.33058,passthrough,12,12,40,12,25,12
01_13_09_05_0410.bmp,0,9,5,16,13,0.46936,0.11886,0.26446,passthrough,12,12,40,12,42,12
01_13_09_05_0412.bmp,0,9,5,16,13,0.48563,0.11439,0.38017,passthrough,12,12,38,12,42,12
01_13_09_05_0415.bmp,0,9,5,16,13,0.45199,0.13729,0.42149,passthrough,12,12,12,12,42,12
01_13_09_05_0422.bmp,0,9,5,16,13,0.52666,0.12669,0.27273,passthrough,13,13,13,12,11,13
01_13_09_05_0425.bmp,0,9,5,16,13,0.49065,0.10989,0.28099,passthrough,12,12,25,12,25,12
01_13_09_05_0426.bmp,0,9,5,16,13,0.50459,0.12531,0.36364,passthrough,13,13,40,12,42,13
01_13_09_05_0427.bmp,0,9,5,16,13,0.50465,0.13805,0.31405,passthrough,13,13,13,18,42,13
01_13_09_05_0431.bmp,0,9,5,16,13,0.50726,0.13377,0.33516,passthrough,13,13,40,12,40,13
01_13_09_05_0434.bmp,0,9,5,16,13,0.44874,0.17658,0.31905,passthrough,13,13,13,12,40,13
01_13_09_05_0441.bmp,0,9,5,16,13,0.46538,0.13864,0.32353,passthrough,13,13,40,12,40,13
01_13_09_05_0442.bmp,0,9,5,16,13,0.45313,0.16873,0.34028,passthrough,13,13,13,12,40,13
01_13_09_05_0446.bmp,0,9,5,16,13,0.43675,0.13387,0.29779,passthrough,13,13,13,12,40,13
01_13_09_05_0449.bmp,0,9,5,16,13,0.4604,0.14396,0.39319,passthrough,25,25,13,12,40,25
01_13_09_05_0452.bmp,0,9,5,16,13,0.47373,0.12754,0.30827,passthrough,40,40,40,12,40,40
01_13_09_05_0454.bmp,0,9,5,16,13,0.46553,0.1253,0.35227,passthrough,40,40,40,12,40,40
01_13_09_05_0455.bmp,0,9,5,16,13,0.45537,0.15748,0.36522,passthrough,13,13,40,13,40,13
01_13_09_05_0458.bmp,0,9,5,16,13,0.4932,0.14241,0.30435,passthrough,40,40,40,12,40,40
01_13_09_05_0462.bmp,0,9,5,16,13,0.50367,0.14168,0.3083,passthrough,12,12,13,12,40,12
01_13_09_05_0463.bmp,0,9,5,16,13,0.48814,0.15628,0.31818,passthrough,13,13,13,13,40,13
01_13_09_05_0465.bmp,0,9,5,16,13,0.52454,0.17481,0.25926,passthrough,13,13,40,13,40,13
01_13_09_05_0469.bmp,0,9,5,16,13,0.52168,0.18879,0.35476,passthrough,13,13,13,13,40,13
01_13_09_05_0470.bmp,0,9,5,16,13,0.51395,0.15072,0.30345,passthrough,13,13,24,12,40,13
01_13_09_05_0473.bmp,0,9,5,16,13,0.5071,0.16324,0.33082,passthrough,40,40,40,18,40,40
01_13_09_05_0474.bmp,0,9,5,16,13,0.49145,0.14845,0.31913,passthrough,40,40,40,12,40,40
01_13_09_05_0476.bmp,0,9,5,16,13,0.47798,0.14499,0.35294,passthrough,40,40,13,12,40,40
01_13_09_05_0477.bmp,0,9,5,16,13,0.48383,0.15674,0.32895,passthrough,12,12,24,12,40,12
01_13_09_05_0478.bmp,0,9,5,16,13,0.49083,0.13481,0.32479,passthrough,40,40,40,12,40,40
01_13_09_05_0481.bmp,0,9,5,16,13,0.46247,0.15813,0.3068,passthrough,40,40,40,13,40,40
01_13_09_05_0483.bmp,0,9,5,16,13,0.46139,0.14406,0.31648,passthrough,13,13,13,13,40,13
01_13_09_05_0486.bmp,0,9,5,16,13,0.44323,0.13044,0.30227,passthrough,13,13,13,13,40,13
01_13_09_05_0487.bmp,0,9,5,16,13,0.44564,0.12189,0.2811,passthrough,40,40,24,12,40,40
01_13_09_05_0492.bmp,0,9,5,16,13,0.45527,0.1418,0.28892,passthrough,40,40,40,13,40,40
01_13_09_05_0498.bmp,0,9,5,16,13,0.44328,0.12514,0.28498,passthrough,40,40,40,13,40,40
01_13_09_05_0505.bmp,0,9,5,16,13,0.45738,0.12684,0.26719,passthrough,13,13,40,13,40,13
01_13_09_05_0507.bmp,0,9,5,16,13,0.45186,0.12626,0.26743,passthrough,40,40,13,13,40,40
01_13_09_05_0509.bmp,0,9,5,16,13,0.44478,0.13259,0.28824,passthrough,13,13,13,13,40,13
01_13_09_05_0516.bmp,0,9,5,16,13,0.47388,0.10067,0.41958,clahe,1,23,23,12,1,12
01_13_09_05_0517.bmp,0,9,5,16,13,0.47533,0.09972,0.26573,clahe,25,13,13,12,25,12
01_13_09_05_0518.bmp,0,9,5,16,13,0.50232,0.09664,0.25175,clahe,42,12,12,12,42,12
01_13_09_05_0522.bmp,0,9,5,16,13,0.48079,0.12036,0.3007,passthrough,13,13,39,12,25,13
01_13_09_05_0523.bmp,0,9,5,16,13,0.48093,0.09883,0.25263,clahe,40,40,40,12,40,40
01_13_09_05_0524.bmp,0,9,5,16,13,0.47807,0.13134,0.38462,passthrough,12,12,40,12,40,12
01_13_09_05_0525.bmp,0,9,5,16,13,0.49232,0.12868,0.36842,passthrough,12,12,40,12,40,12
01_13_09_05_0527.bmp,0,9,5,16,13,0.52195,0.13036,0.35069,passthrough,12,12,40,12,40,12
01_13_09_05_0528.bmp,0,9,5,16,13,0.4769,0.0978,0.1958,clahe,40,34,34,12,40,25
01_13_09_05_0529.bmp,0,9,5,16,13,0.51545,0.1347,0.375,passthrough,12,12,7,12,40,12
01_13_09_05_0531.bmp,0,9,5,16,13,0.52454,0.1216,0.32721,passthrough,40,40,40,12,40,40
01_13_09_05_0532.bmp,0,9,5,16,13,0.46085,0.11714,0.25874,passthrough,12,12,34,12,6,12
01_13_09_05_0535.bmp,0,9,5,16,13,0.55466,0.12823,0.30556,passthrough,12,12,23,12,40,12
01_13_09_05_0537.bmp,0,9,5,16,13,0.51348,0.15056,0.33704,passthrough,12,12,40,18,40,12
01_13_09_05_0539.bmp,0,9,5,16,13,0.53179,0.136,0.36296,passthrough,40,40,40,12,40,40
01_13_09_05_0540.bmp,0,9,5,16,13,0.46826,0.10631,0.29371,passthrough,12,12,12,12,25,12
01_13_09_05_0542.bmp,0,9,5,16,13,0.48169,0.10874,0.3986,passthrough,12,12,1,12,12,12
01_13_09_05_0544.bmp,0,9,5,16,13,0.41429,0.11635,0.39161,passthrough,25,25,40,12,42,25
01_13_09_05_0551.bmp,0,9,5,16,13,0.53677,0.12087,0.34314,passthrough,25,25,40,12,40,25
01_13_09_05_0552.bmp,0,9,5,16,13,0.45572,0.08933,0.0,clahe,6,7,7,12,6,12
01_13_09_05_0553.bmp,0,9,5,16,13,0.51308,0.12487,0.2963,passthrough,40,40,40,12,40,40
01_13_09_05_0556.bmp,0,9,5,16,13,0.44933,0.11106,0.32867,passthrough,13,13,13,12,25,13
01_13_09_05_0559.bmp,0,9,5,16,13,0.50948,0.12923,0.33889,passthrough,13,13,40,12,40,13
01_13_09_05_0561.bmp,0,9,5,16,13,0.51642,0.11197,0.28889,passthrough,40,40,24,12,40,40
01_13_09_05_0562.bmp,0,9,5,16,13,0.42416,0.10021,0.21678,clahe,1,40,40,12,1,40
01_13_09_05_0563.bmp,0,9,5,16,13,0.53206,0.10765,0.26455,passthrough,12,12,40,12,40,12
01_13_09_05_0569.bmp,0,9,5,16,13,0.51401,0.11616,0.36789,passthrough,40,40,40,12,40,40
01_13_09_05_0571.bmp,0,9,5,16,13,0.49618,0.11192,0.32943,passthrough,40,40,24,12,40,40
01_13_09_05_0572.bmp,0,9,5,16,13,0.43595,0.13181,0.37019,passthrough,25,25,40,12,40,25
01_13_09_05_0574.bmp,0,9,5,16,13,0.44355,0.11087,0.23077,passthrough,12,12,25,12,6,12
01_13_09_05_0580.bmp,0,9,5,16,13,0.43513,0.1088,0.23529,passthrough,25,25,40,12,0,25
01_13_09_05_0583.bmp,0,9,5,16,13,0.49904,0.12133,0.30559,passthrough,25,25,14,12,40,25
01_13_09_05_0584.bmp,0,9,5,16,13,0.42399,0.0994,0.31674,clahe,40,40,40,12,40,40
01_13_09_05_0585.bmp,0,9,5,16,13,0.49723,0.10752,0.29845,passthrough,12,12,40,12,40,12
01_13_09_05_0587.bmp,0,9,5,16,13,0.48338,0.10659,0.27943,passthrough,13,13,2,12,40,13
01_13_09_05_0589.bmp,0,9,5,16,13,0.46402,0.12937,0.30114,passthrough,13,13,40,12,40,13
01_13_09_05_0590.bmp,0,9,5,16,13,0.39466,0.09689,0.29864,clahe,40,40,40,12,40,38
01_13_09_05_0592.bmp,0,9,5,16,13,0.39992,0.12224,0.32508,passthrough,13,13,24,12,40,13
01_13_09_05_0593.bmp,0,9,5,16,13,0.4672,0.10685,0.34372,passthrough,25,25,40,12,40,25
01_13_09_05_0594.bmp,0,9,5,16,13,0.38684,0.11154,0.33746,passthrough,40,40,40,12,40,40
01_13_09_05_0597.bmp,0,9,5,16,13,0.47771,0.11486,0.29437,passthrough,13,13,24,12,40,13
01_13_09_05_0600.bmp,0,9,5,16,13,0.48548,0.13353,0.29884,passthrough,13,13,24,18,40,13
01_13_09_05_0601.bmp,0,9,5,16,13,0.46688,0.12416,0.30631,passthrough,40,40,24,12,40,40
01_13_09_05_0604.bmp,0,9,5,16,13,0.47512,0.11614,0.31235,passthrough,40,40,40,12,40,40
01_13_09_05_0608.bmp,0,9,5,16,13,0.47631,0.11997,0.34489,passthrough,40,40,24,12,40,40
01_13_09_05_0613.bmp,0,9,5,16,13,0.49894,0.12176,0.29062,passthrough,40,40,13,12,40,40
01_13_09_05_0616.bmp,0,9,5,16,13,0.4897,0.12948,0.29253,passthrough,13,13,13,12,40,13
01_13_09_05_0617.bmp,0,9,5,16,13,0.49531,0.11804,0.29194,passthrough,13,13,13,12,40,13
01_13_09_05_0618.bmp,0,9,5,16,13,0.50342,0.13551,0.28633,passthrough,25,25,40,12,40,25
01_13_09_05_0626.bmp,0,9,5,16,13,0.47663,0.15598,0.27379,passthrough,40,40,40,12,40,40
