filename,occ,ch,sev,true,flat_raw,flat_gamma,flat_clahe,flat_stretch,flat_dcp,flat_n1,flat_n2,flat_n3,flat_n4,flat_n6,flat_n8,flat_n12,flat_n16,flat_n24,flat_n32,pred_raw,pred_gamma,pred_clahe,pred_stretch,pred_dcp,pred_n1,pred_n2,pred_n3,pred_n4,pred_n6,pred_n8,pred_n12,pred_n16,pred_n24,pred_n32
01_03_07_01_0001.bmp,0,7,1,9,3.6258,2.8997,17.4309,5.3433,9.1501,3.715,3.9181,3.829,3.2232,3.9543,4.9624,5.0139,5.8491,9.1878,9.9908,13,13,16,13,13,13,13,13,13,13,13,13,13,13,40
01_03_07_01_0003.bmp,0,7,1,9,3.4512,2.7586,18.4708,5.1165,8.8975,3.4879,3.4678,3.0645,3.8396,3.5541,4.3017,5.6713,7.0156,8.6719,11.2684,13,13,16,13,13,13,13,13,13,13,13,13,13,12,12
01_03_07_01_0011.bmp,0,7,1,9,4.7683,3.731,19.0497,7.0671,8.3581,4.5767,4.9916,4.6725,4.8067,5.3466,5.3141,6.9969,7.4416,9.5288,11.2237,16,13,16,41,25,16,16,16,16,16,16,16,41,12,25
01_03_07_01_0012.bmp,0,7,1,9,4.8346,3.9184,19.4816,7.3366,9.2476,4.87,4.8682,4.8833,4.9556,5.3487,5.6731,6.8562,7.4461,9.5354,11.2706,16,13,16,41,15,13,13,16,13,13,13,13,13,12,13
01_03_07_01_0015.bmp,0,7,1,9,5.2946,4.1659,17.4321,7.9146,10.7183,5.373,5.3962,5.0707,5.5391,5.6319,5.5619,6.5579,7.539,8.5809,11.7806,13,13,16,41,15,13,13,13,13,13,13,13,13,13,13
01_03_07_01_0018.bmp,0,7,1,9,5.8492,4.5888,16.9939,8.6952,9.9501,5.8923,5.818,5.9838,5.9819,6.3289,6.4688,7.1583,7.36,9.9024,12.4792,15,13,16,15,15,15,13,13,13,13,41,41,41,13,41
01_03_07_01_0021.bmp,0,7,1,9,6.5843,4.939,20.681,9.7966,11.6746,6.6473,6.7696,6.6863,6.77,6.7098,7.4949,8.2646,8.2275,10.0796,12.1276,13,13,41,15,15,13,13,13,13,13,13,13,41,41,25
01_03_07_01_0022.bmp,0,7,1,9,6.536,5.0499,19.2411,9.8352,12.1002,6.6193,6.8699,6.6396,6.5516,6.6829,7.2779,8.1184,7.9922,10.9867,13.6645,13,13,41,15,15,13,13,13,13,13,13,13,13,13,40
01_03_07_01_0024.bmp,0,7,1,9,7.5272,5.7218,19.2413,11.2623,12.55,7.3426,7.5307,7.3151,7.6514,7.6903,7.5464,9.3086,9.1593,10.8744,13.3562,15,13,41,15,15,15,13,13,13,13,13,13,13,41,25
01_03_07_01_0026.bmp,0,7,1,9,7.0766,5.8917,22.2171,10.613,10.5801,7.2254,7.0151,7.3167,7.3304,7.7328,8.1021,8.8029,10.6904,13.4248,15.6681,15,13,41,15,15,15,13,13,13,13,13,13,13,41,40
01_03_07_01_0029.bmp,0,7,1,9,7.4145,5.6299,21.0323,11.1934,12.0218,7.4304,7.3982,7.3708,7.3452,7.56,7.7984,7.8672,9.636,11.0134,12.9388,15,13,41,15,15,15,15,15,15,15,13,13,13,13,25
01_03_07_01_0030.bmp,0,7,1,9,7.5959,5.9928,21.8419,11.2883,9.8831,7.5213,7.495,7.3488,7.2282,7.4484,7.6373,8.5882,8.9328,10.7676,13.1974,15,13,16,15,15,15,15,15,15,15,13,13,13,41,25
01_03_07_01_0031.bmp,0,7,1,9,7.3119,6.2187,20.2321,10.723,13.2748,7.4342,7.5042,7.2469,7.4712,7.7431,8.3522,8.3448,9.051,11.9165,13.1917,15,13,41,15,15,15,15,15,15,15,15,41,41,41,25
01_03_07_01_0037.bmp,0,7,1,9,7.4087,6.5155,20.4003,10.3637,10.4072,7.434,7.5202,7.5528,7.6699,7.6345,7.7717,8.8513,9.5777,11.4407,13.577,15,13,41,15,15,15,15,15,15,41,41,41,41,41,41
01_03_07_01_0044.bmp,0,7,1,9,7.7106,6.5271,20.7018,10.0511,12.6954,7.7971,7.8211,7.8412,7.8247,7.7677,8.1386,9.0656,9.6514,11.7471,13.8099,15,13,41,15,15,15,15,15,15,15,15,13,13,13,40
01_03_07_01_0046.bmp,0,7,1,9,7.9506,6.3735,19.3246,10.7236,11.2021,8.055,8.1702,8.2649,8.2092,8.448,8.8825,8.8699,9.8156,12.6641,13.742,15,13,16,15,15,15,15,15,15,15,15,13,41,13,40
01_03_07_01_0048.bmp,0,7,1,9,8.0693,6.5542,19.6902,10.8974,9.9008,8.1229,8.137,8.0879,8.2901,8.5814,8.6727,9.3857,10.2475,12.39,13.6582,15,15,16,15,15,15,15,15,15,15,15,15,13,41,40
01_03_07_01_0049.bmp,0,7,1,9,7.9169,6.94,18.3636,10.2467,11.0317,7.9383,7.9011,7.936,8.1211,8.3862,8.5242,9.1186,10.3776,13.0304,15.0405,15,13,15,15,15,15,15,15,15,15,15,15,41,41,40
01_03_07_01_0052.bmp,0,7,1,9,7.7603,6.4995,19.5566,9.9814,9.9603,7.8208,7.8649,7.9246,8.042,8.3229,8.4017,9.0057,9.9801,11.3881,14.993,15,15,15,15,15,15,15,15,15,15,15,15,15,13,40
01_03_07_01_0054.bmp,0,7,1,9,6.7452,5.981,18.7705,8.4982,8.1805,6.653,6.9073,7.0213,6.9674,7.595,7.6794,8.3885,10.174,11.6975,14.3173,15,15,15,15,15,15,15,15,15,15,15,15,15,41,41
01_03_07_01_0058.bmp,0,7,1,9,4.5887,4.6926,16.8883,6.3676,5.8976,4.5726,4.5254,4.8096,5.1134,5.0157,5.7837,7.0379,8.6794,10.578,13.1309,15,15,9,15,15,15,15,15,15,15,15,13,9,41,41
01_03_07_01_0061.bmp,0,7,1,9,4.8449,4.879,15.1631,6.2218,6.0427,4.8428,4.9838,5.0524,5.0568,5.2972,5.9457,7.1416,8.6035,10.9281,14.0243,15,15,9,15,15,15,15,15,15,15,15,41,41,41,41
01_03_07_01_0062.bmp,0,7,1,9,4.7463,4.7182,18.7387,5.6774,5.9894,4.6765,4.6979,4.8617,5.0672,5.3497,5.3574,6.6295,8.7065,10.8274,13.6273,15,9,9,15,15,15,15,15,15,15,15,15,41,41,41
01_03_07_01_0067.bmp,0,7,1,9,5.5062,5.3947,16.9972,7.6144,7.0799,5.4925,5.4697,5.7369,5.4492,5.9305,6.3285,7.6636,8.706,11.858,13.9411,15,15,41,15,15,15,15,15,15,15,15,41,41,41,41
01_03_07_01_0070.bmp,0,7,1,9,5.3642,5.5177,17.5973,6.196,6.6831,5.3644,5.5552,5.6732,5.4898,5.8147,6.403,7.4907,8.7726,11.9088,14.705,15,15,9,15,15,15,15,15,15,15,15,41,41,41,41
01_03_07_01_0078.bmp,0,7,1,9,7.0164,6.6523,17.416,7.4579,8.752,7.1253,7.1428,7.009,7.05,7.2943,7.7779,8.7889,9.508,12.0294,14.5223,15,9,9,15,15,15,15,15,15,15,15,15,41,41,41
01_03_07_01_0081.bmp,0,7,1,9,7.9908,7.5003,18.6303,9.5314,11.5191,8.0081,7.9247,8.1053,8.3214,8.4113,8.5216,8.9745,9.9041,12.0843,14.6923,15,9,9,15,9,15,15,15,15,15,15,41,41,9,14
01_03_07_01_0083.bmp,0,7,1,9,5.6536,6.5538,15.6685,6.6474,11.8206,5.7196,5.6551,5.7587,6.1475,6.2151,6.8898,9.1291,11.1515,13.2685,16.8348,15,9,9,15,9,15,15,15,15,15,15,9,9,41,25
01_03_07_01_0084.bmp,0,7,1,9,6.7202,7.4741,18.8322,8.0874,11.5592,6.6674,6.6897,6.8114,6.7783,6.9841,7.8369,8.3202,9.7418,12.1611,14.311,15,9,9,15,41,15,15,15,15,9,15,9,9,41,14
01_06_07_01_0001.bmp,1,7,1,14,2.3548,1.7255,13.7281,3.5545,5.6717,2.4787,2.4577,2.5797,2.6125,2.6863,3.4732,4.4301,5.5149,6.6544,8.2369,36,36,13,14,14,36,36,36,36,36,12,25,25,14,25
01_06_07_01_0002.bmp,0,7,1,14,7.3453,6.0089,23.3613,9.2378,9.0569,7.3461,7.4327,7.5167,7.7614,8.1106,7.9966,9.0457,9.726,11.2673,14.2312,14,13,14,14,14,14,14,14,14,14,14,14,14,14,14
01_06_07_01_0004.bmp,0,7,1,14,6.9601,6.6382,21.1581,7.8734,8.2257,7.1207,7.0202,7.2683,7.3172,7.4081,7.7539,8.9695,9.4394,13.1035,14.9822,14,17,25,14,14,14,14,14,14,14,14,14,14,14,14
01_06_07_01_0007.bmp,0,7,1,14,7.8369,7.4505,24.8589,8.9036,9.2038,7.7844,7.9956,8.0071,8.0556,8.268,8.3759,9.6316,10.2152,12.0838,14.1726,14,25,14,14,14,14,14,14,14,14,14,14,14,14,14
01_06_07_01_0007.bmp,1,7,1,14,3.7399,2.7422,16.5803,5.6244,4.8939,3.8428,3.764,4.1199,4.0113,4.4483,4.8424,5.8578,6.2856,8.9281,10.5608,14,25,14,14,14,14,14,14,14,14,14,14,14,14,14
01_06_07_01_0008.bmp,1,7,1,14,4.2382,3.0455,18.76,6.0192,5.7833,4.2729,4.2074,4.3025,4.4133,4.6909,5.4289,5.6854,6.7736,9.5499,10.7204,14,25,14,14,14,14,14,14,14,14,14,14,14,14,14
01_06_07_01_0010.bmp,0,7,1,14,9.8609,8.3683,24.2612,12.5437,11.8291,9.7354,10.0259,9.7723,9.6862,10.2383,9.8476,10.7798,12.2523,14.2402,15.8113,14,14,14,14,14,14,14,14,14,14,14,14,14,14,14
01_06_07_01_0013.bmp,1,7,1,14,4.391,3.057,19.5535,6.4759,7.7757,4.4288,4.4258,4.5007,4.4623,4.8876,5.0478,5.7002,7.4772,9.5365,11.01,14,15,14,14,14,14,14,14,14,14,14,14,14,14,14
01_06_07_01_0014.bmp,0,7,1,14,10.9606,8.9869,17.9665,11.2246,12.8501,10.992,10.9985,11.0526,10.682,11.162,11.319,11.9768,12.3149,14.2681,14.8516,14,14,14,14,14,14,14,14,14,14,14,14,14,14,14
01_06_07_01_0016.bmp,1,7,1,14,4.7433,3.3841,19.2648,6.7614,5.7112,4.6997,4.7313,4.8319,5.0883,5.6019,5.2061,6.921,6.9649,9.8701,11.4161,14,13,25,14,14,14,14,14,14,14,14,14,14,14,25
01_06_07_01_0020.bmp,0,7,1,14,8.4739,9.1789,13.84,5.7136,9.1306,8.6128,8.4349,8.7232,8.7342,8.9953,9.8845,9.868,10.2615,12.7895,13.4773,14,14,14,14,14,14,14,14,14,14,14,14,14,14,14
01_06_07_01_0021.bmp,0,7,1,14,11.3044,11.1417,17.8052,9.7906,12.5755,11.4138,11.4209,11.642,11.3013,11.5227,11.6054,12.1745,12.5515,13.2142,14.492,14,14,14,14,14,14,14,14,14,14,14,14,14,14,14
01_06_07_01_0022.bmp,0,7,1,14,8.6516,11.0869,14.5041,5.5513,9.5855,8.7064,8.6968,8.7659,8.9247,9.4411,9.9755,9.7761,11.3429,12.7356,14.2714,14,14,14,14,14,14,14,14,14,14,14,14,14,14,14
01_06_07_01_0022.bmp,1,7,1,14,4.7571,3.2256,18.3796,6.1519,5.4703,4.7942,4.8265,4.8964,4.8592,5.0711,5.3717,6.906,7.8027,10.0391,12.6985,17,15,14,14,17,17,15,17,17,17,14,14,14,14,25
01_06_07_01_0023.bmp,0,7,1,14,8.7512,11.2081,13.711,5.5194,9.3637,8.6769,8.8893,8.8467,8.8952,9.135,9.3253,9.4456,10.2661,10.7884,13.7957,14,14,14,14,14,14,14,14,14,14,14,14,14,14,14
01_06_07_01_0023.bmp,1,7,1,14,6.637,4.4984,18.8336,8.4517,8.4488,6.5893,6.7401,6.6371,6.8685,7.0824,7.3436,8.4787,9.5531,11.3413,12.7175,15,15,14,15,15,15,15,15,15,15,14,14,14,14,14
01_06_07_01_0024.bmp,0,7,1,14,7.356,9.3983,12.786,4.2046,7.9445,7.3672,7.5205,7.4218,7.4393,7.825,8.0238,8.6642,10.0103,10.7194,13.2144,14,14,14,14,14,14,14,14,14,14,14,14,14,14,14
01_06_07_01_0025.bmp,0,7,1,14,9.2085,10.9547,15.2609,5.8201,9.9586,9.1388,9.219,9.019,9.5049,9.7087,10.0902,10.5308,11.1298,12.4361,14.3395,14,14,14,14,14,14,14,14,14,14,14,14,14,14,14
01_06_07_01_0025.bmp,1,7,1,14,6.1618,4.3925,23.2718,8.6643,7.9624,5.9831,6.1817,6.1071,6.2908,6.3158,7.0264,7.8179,8.2456,10.4921,12.3857,15,25,25,14,14,17,17,14,14,14,14,14,14,25,14
01_06_07_01_0026.bmp,0,7,1,14,7.7274,9.0206,12.6523,4.8457,8.6961,7.8139,7.6029,7.8581,8.0755,7.8487,8.3072,8.3727,9.3576,10.8906,12.1202,14,14,14,14,14,14,14,14,14,14,14,14,14,14,14
01_06_07_01_0027.bmp,1,7,1,14,7.8967,5.8213,22.0218,11.4037,9.7194,8.028,7.7612,8.0075,8.1755,8.1668,8.3497,8.8466,10.0204,10.0347,13.0962,15,25,1,15,14,15,15,15,15,15,14,14,18,13,25
01_06_07_01_0028.bmp,1,7,1,14,8.1862,5.9751,25.6839,11.811,10.4301,8.2185,8.2273,8.7809,8.3621,8.5329,8.7138,10.3156,10.3287,13.9837,16.1628,15,25,25,14,14,15,15,15,14,14,14,14,24,24,14
01_06_07_01_0029.bmp,1,7,1,14,9.6702,7.4281,25.6197,13.7116,12.2026,9.7028,9.7082,9.9095,9.9096,10.5328,10.2912,11.4384,12.0903,15.5349,16.3752,14,13,14,14,14,14,14,14,14,14,14,14,14,1,13
01_06_07_01_0030.bmp,0,7,1,14,5.9396,9.6514,8.7638,1.9381,6.1093,5.8244,5.8718,6.1308,6.0503,6.3491,6.8865,7.7287,7.9292,10.3615,11.7091,14,14,14,14,14,14,14,14,14,14,14,14,14,14,14
01_06_07_01_0031.bmp,1,7,1,14,3.8977,3.3371,10.8271,5.6869,6.0525,3.8378,3.8492,4.0573,4.0608,4.0885,4.4934,5.69,5.552,7.8771,9.501,3,12,42,3,3,3,3,3,3,3,3,3,12,12,40
01_06_07_01_0032.bmp,1,7,1,14,3.7748,3.191,11.2935,5.4679,6.403,3.8808,3.6358,4.0885,4.1012,4.0932,4.5743,5.7074,4.9803,6.2845,8.5008,13,36,12,3,13,13,13,13,13,13,13,13,12,13,12
01_06_07_01_0033.bmp,1,7,1,14,3.9233,3.3895,11.0777,5.6936,6.4438,4.0325,3.9016,4.1471,4.1869,4.5075,5.0844,5.0719,5.5224,7.9888,8.4945,3,12,16,3,3,3,3,3,3,3,12,12,12,1,13
01_06_07_01_0034.bmp,1,7,1,14,3.5102,3.19,11.8953,5.0718,5.7071,3.4499,3.6694,3.5967,3.9225,4.369,4.0554,5.0954,6.624,7.008,8.6817,15,36,12,3,3,15,15,3,3,13,13,12,12,1,12
01_06_07_01_0036.bmp,1,7,1,14,3.0767,2.5787,10.8374,4.2998,5.8419,3.037,3.0687,3.0605,3.2204,3.4048,3.5834,5.4578,6.9022,7.039,8.205,15,36,17,3,13,15,15,15,13,13,14,13,12,12,12
01_06_07_01_0037.bmp,0,7,1,14,6.6622,11.049,10.9334,2.8729,7.0265,6.6893,6.7734,6.7439,6.7306,7.0099,7.4077,7.6072,8.7838,10.8054,12.584,14,14,14,14,14,14,14,14,14,14,14,14,14,14,14
01_06_07_01_0037.bmp,1,7,1,14,3.7505,3.1497,9.9381,4.8587,4.3324,3.7266,3.8714,4.1465,4.2062,4.1091,4.4401,4.9234,5.5952,7.4131,9.1717,15,36,0,32,15,15,15,15,15,15,0,12,1,12,28
01_06_07_01_0044.bmp,0,7,1,14,4.5872,6.4981,9.0129,1.7974,4.7062,4.5332,4.7783,4.7285,4.9332,5.1171,5.9113,5.5713,6.5637,9.5754,12.0038,17,17,17,17,17,17,17,17,17,17,17,17,17,17,14
01_06_07_01_0045.bmp,0,7,1,14,2.95,2.8027,14.6035,2.7456,3.6281,2.9273,2.8932,2.9282,3.2648,3.7871,4.45,4.5055,5.3595,7.9622,8.4786,15,15,9,14,15,15,15,15,15,14,14,14,14,14,25
01_06_07_01_0051.bmp,0,7,1,14,3.8841,3.5416,15.5708,4.2211,5.6076,3.9524,4.0096,3.8875,4.5124,4.8546,5.3476,6.8841,9.1981,11.3162,14.4368,14,17,25,8,17,14,14,14,14,14,14,14,14,23,25
01_06_07_01_0052.bmp,0,7,1,14,4.0226,3.7505,16.8112,3.1652,5.1769,3.9874,4.1016,4.0723,4.2585,4.3188,4.7976,5.8597,6.42,9.545,10.4707,17,13,13,14,17,17,17,14,14,14,14,14,14,14,25
01_06_07_01_0056.bmp,0,7,1,14,4.105,3.9281,16.7252,4.3405,5.4541,4.1552,4.0283,4.1533,4.7405,4.9344,5.3234,6.421,8.3085,10.2652,12.5566,17,17,17,14,17,17,17,14,14,14,14,14,14,14,25
01_06_07_01_0057.bmp,0,7,1,14,4.6587,4.4863,15.8707,4.8096,5.7687,4.6435,4.6121,4.6899,5.0675,5.1404,5.4153,6.9334,7.8282,9.6669,12.2992,17,17,17,14,17,17,14,14,14,14,14,14,14,14,25
01_06_07_01_0059.bmp,0,7,1,14,4.6295,4.573,17.376,4.4436,6.3532,4.6171,4.7099,4.9298,5.3228,5.4163,5.5877,6.6224,7.3979,8.3805,12.1971,14,13,14,14,17,14,14,14,14,14,14,14,14,14,14
01_06_07_01_0067.bmp,0,7,1,14,5.487,6.0755,18.8036,5.1517,6.8686,5.6314,5.6373,5.8522,5.8754,6.1822,6.5345,6.9663,8.5008,11.1466,13.307,14,14,14,14,17,14,14,14,14,14,14,14,14,14,14
01_06_07_01_0069.bmp,0,7,1,14,5.7501,6.2762,19.8763,4.4723,7.2721,5.7276,5.6591,5.8135,5.905,6.3135,6.4152,7.6884,8.1664,10.1596,12.9024,14,14,14,14,17,14,14,14,14,14,14,14,14,14,14
01_06_07_01_0070.bmp,0,7,1,14,5.4896,6.062,19.0988,3.0362,7.0368,5.4603,5.4526,5.5711,5.7388,5.8517,6.5234,7.3119,7.9186,9.7731,12.7296,14,14,14,14,14,14,14,14,14,14,14,14,14,14,23
01_06_07_01_0075.bmp,0,7,1,14,6.7899,7.5566,20.1823,2.9051,8.5391,6.832,6.782,6.8881,6.8003,7.3671,6.9377,7.7556,9.1551,10.9537,12.4984,14,14,14,14,14,14,14,14,14,14,14,14,14,14,25
01_06_07_01_0085.bmp,0,7,1,14,4.7286,5.2633,13.5249,1.9694,5.0672,4.637,4.7123,4.7682,4.6086,5.0135,5.021,6.0708,7.1681,8.7894,10.6294,17,17,17,8,17,17,17,17,17,17,17,17,14,14,14
01_11_07_01_0003.bmp,0,7,1,12,2.0785,1.4649,11.4497,3.1117,1.4109,2.1162,2.0967,2.5792,2.5875,2.8685,2.6095,4.6657,5.5463,7.0918,8.3157,15,15,16,15,16,15,15,15,15,15,12,12,12,12,25
01_11_07_01_0005.bmp,0,7,1,12,1.5727,1.1198,10.7891,2.2449,2.5263,1.6492,1.6736,1.8325,1.9674,2.4341,2.6423,3.7001,4.4052,8.4325,8.2381,15,0,16,15,15,15,15,15,15,13,13,12,13,12,0
01_11_07_01_0006.bmp,0,7,1,12,1.7546,1.2359,13.2644,2.5914,2.6581,1.8195,1.9006,2.2259,1.6022,2.3112,3.1806,4.1043,5.3879,6.7261,9.2966,15,15,16,15,15,15,15,15,15,12,13,12,12,12,39
01_11_07_01_0013.bmp,0,7,1,12,1.7381,1.1664,13.631,2.5267,2.9532,1.7659,1.9222,1.7814,2.4663,2.5444,2.8992,3.5943,4.4194,6.3547,7.7914,36,36,0,36,15,36,36,36,36,36,36,12,12,12,0
01_11_07_01_0014.bmp,0,7,1,12,1.9123,1.3285,12.3373,2.7214,3.3112,1.8836,1.981,2.4395,2.3667,2.7804,3.7348,4.8537,5.5994,7.0161,9.4178,15,0,0,15,15,15,15,15,15,17,13,0,12,4,12
01_11_07_01_0015.bmp,0,7,1,12,2.0581,1.4935,12.6918,3.0864,3.2822,2.187,2.2596,2.3739,2.6203,2.7096,3.8283,4.0086,5.348,6.7081,8.9985,15,15,11,15,15,15,15,15,15,13,13,13,12,25,12
01_11_07_01_0016.bmp,0,7,1,12,2.1154,1.4804,13.9933,3.2343,5.486,2.2221,2.3817,2.3805,2.7393,3.1624,3.65,4.5204,5.4865,7.6154,9.5044,31,31,11,15,13,31,31,31,31,12,12,12,12,12,25
01_11_07_01_0019.bmp,0,7,1,12,2.378,1.6496,15.0852,3.5237,4.9391,2.3751,2.4566,2.6207,2.8668,3.0592,3.2703,4.4545,5.038,5.8438,10.1484,15,15,0,15,13,15,15,15,15,13,13,12,12,12,12
01_11_07_01_0020.bmp,0,7,1,12,2.5785,1.8004,14.6792,3.8669,3.8558,2.5729,2.6576,2.8539,2.7949,3.2902,3.2773,4.9949,5.8262,7.7945,9.5847,32,31,11,32,15,32,32,32,32,32,12,12,12,12,40
01_11_07_01_0021.bmp,0,7,1,12,3.2995,2.2978,13.1562,4.9104,7.1523,3.3647,3.3438,3.5863,3.7199,4.2653,4.2411,4.5665,5.7165,9.0892,10.1924,32,31,11,32,40,32,32,32,32,32,32,25,12,25,23
01_11_07_01_0024.bmp,0,7,1,12,3.5218,2.6026,16.184,5.245,5.1855,3.5414,3.4849,3.5578,3.966,3.9077,4.4627,5.5595,7.0519,8.5854,11.6848,15,15,13,15,15,15,15,15,15,15,12,12,12,25,12
01_11_07_01_0031.bmp,0,7,1,12,4.1047,3.319,20.1365,6.2074,5.9215,4.1667,4.4419,4.337,4.5337,5.0592,5.2109,6.8698,6.7395,9.0253,10.8184,15,13,13,15,15,15,13,15,13,13,13,13,13,13,25
01_11_07_01_0035.bmp,0,7,1,12,5.6231,4.7439,23.6312,8.4376,7.048,5.8207,5.8151,5.9573,5.9621,6.1883,6.35,6.9981,7.9684,9.9137,11.393,15,0,0,15,15,15,15,15,15,15,15,18,13,13,4
01_11_07_01_0061.bmp,0,7,1,12,3.6665,3.8068,13.6042,4.2526,4.219,3.633,3.726,3.9111,3.9099,4.1517,4.7352,6.2424,7.467,9.6547,11.6425,32,8,32,26,26,32,32,32,32,32,32,32,19,23,23
01_11_07_01_0065.bmp,0,7,1,12,4.2748,3.9934,15.0506,5.1958,5.0496,4.2808,4.3523,4.4756,4.5529,4.8385,5.2279,6.7647,7.6294,9.8052,12.3468,32,24,2,26,26,32,32,32,32,32,32,32,32,23,23
01_11_07_01_0066.bmp,0,7,1,12,4.0919,4.2466,14.7153,5.1167,5.79,4.13,4.2122,4.3116,4.7166,4.881,5.7314,6.2792,7.9936,10.1958,12.7395,32,32,2,26,26,32,32,32,32,32,32,32,23,23,23
01_11_07_01_0072.bmp,0,7,1,12,3.9262,4.44,10.9522,4.1866,4.903,3.9358,4.0492,4.018,4.265,4.5142,5.1944,6.2106,7.21,9.7757,12.0064,32,32,2,4,6,32,32,32,2,2,2,2,2,23,23
01_11_07_01_0075.bmp,0,7,1,12,2.7938,3.0765,7.5182,3.2692,5.5029,2.7164,2.7264,2.9686,3.3219,3.9522,4.2395,5.503,6.5114,8.7571,11.6307,32,32,2,23,13,32,32,32,32,2,6,2,23,23,23
01_12_07_01_0003.bmp,0,7,1,17,4.053,3.6273,11.2091,5.3819,7.6373,4.0643,4.1279,4.397,4.2537,5.0157,4.7936,6.5052,7.3295,8.8146,10.3079,15,15,1,15,15,15,15,15,15,15,15,13,12,12,25
01_12_07_01_0004.bmp,0,7,1,17,3.179,2.5215,9.9967,4.5032,4.4622,3.2109,3.4571,3.3458,3.816,4.2118,4.7797,5.707,6.0581,8.3048,9.6872,15,36,1,15,13,15,15,15,13,13,13,13,13,25,12
01_12_07_01_0004.bmp,1,7,1,17,0.9133,0.7221,9.3801,1.2962,1.4422,0.9338,0.9776,0.9748,1.3015,1.6098,2.1832,2.8585,3.422,5.0966,6.065,29,31,0,29,29,29,29,29,29,29,3,29,12,24,12
01_12_07_01_0005.bmp,0,7,1,17,5.6974,4.1604,11.3484,6.7573,6.4551,5.7802,5.5827,5.6607,5.373,6.0201,6.3018,5.9529,7.3441,9.1653,9.2113,36,36,13,17,36,36,36,36,36,36,36,36,12,12,25
01_12_07_01_0006.bmp,1,7,1,17,0.8157,0.7364,11.23,1.1755,1.6479,0.7969,1.0689,1.0581,1.273,1.5067,1.71,2.9456,3.3044,4.7969,6.3215,12,31,0,29,14,15,12,15,25,12,25,12,12,13,13
01_12_07_01_0009.bmp,1,7,1,17,0.756,0.746,12.9608,1.2301,1.7213,0.8565,0.9763,1.2804,1.1504,1.77,2.0932,2.3502,3.4291,4.7163,5.2313,29,31,0,29,14,29,29,29,12,29,29,14,12,23,28
01_12_07_01_0013.bmp,0,7,1,17,5.0943,4.1568,9.5032,5.7769,6.0677,5.0019,4.9842,4.8991,4.8528,5.3089,5.8042,6.6635,6.8618,9.6598,11.861,15,15,1,15,15,15,15,15,15,15,15,13,12,1,25
01_12_07_01_0014.bmp,0,7,1,17,5.1592,4.019,8.8457,5.8402,6.1887,5.029,4.8685,5.0286,5.3807,4.9865,6.1335,6.8608,7.4315,9.536,11.2826,15,15,9,15,15,15,15,15,15,15,15,13,25,12,25
01_12_07_01_0017.bmp,1,7,1,17,0.5651,0.5573,11.1737,0.8487,1.0821,0.6928,0.8375,1.0619,1.0924,1.7685,1.8151,2.9134,3.6526,4.9379,5.2678,29,31,0,5,14,29,29,29,1,29,12,12,1,12,14
01_12_07_01_0020.bmp,1,7,1,17,0.7321,0.6515,11.6683,1.177,1.7272,0.7972,0.8894,1.2882,1.0769,1.5933,1.9641,2.5919,3.7445,4.9926,5.7258,12,36,0,14,14,12,12,12,12,12,12,14,25,13,12
01_12_07_01_0023.bmp,1,7,1,17,0.7962,0.7315,12.4861,1.1642,1.2127,0.924,0.999,1.1495,1.4166,1.8143,2.2123,2.9912,3.4033,4.9239,7.28,1,31,0,5,14,1,1,29,1,29,1,12,1,14,23
01_12_07_01_0027.bmp,0,7,1,17,4.8701,5.7082,9.7545,2.5303,5.6669,4.8762,5.0181,4.8669,4.8894,5.5642,5.5318,5.9406,6.6415,8.7278,9.9569,15,15,16,17,15,15,15,15,15,15,15,26,26,26,41
01_12_07_01_0028.bmp,0,7,1,17,2.1155,2.3822,7.4552,1.7525,2.1873,2.1166,2.1483,2.3194,2.6846,3.1372,3.9353,5.0963,6.7084,8.759,11.6285,2,13,2,14,2,2,2,2,2,2,2,2,14,8,13
01_12_07_01_0029.bmp,0,7,1,17,2.0043,2.537,7.3988,1.1937,1.9966,2.0915,2.1312,2.3881,2.6427,3.2859,3.4383,4.7856,6.6123,9.2179,11.4214,26,13,2,14,14,26,26,26,26,26,14,14,14,13,13
01_12_07_01_0030.bmp,0,7,1,17,1.7965,2.2607,6.8032,1.0499,1.8212,1.7971,1.8994,2.0155,2.4713,3.2567,3.6273,5.1523,6.3817,8.9975,11.3989,8,13,17,8,8,17,8,8,8,8,8,8,13,14,13
01_12_07_01_0032.bmp,1,7,1,17,0.7143,0.675,9.7248,0.9972,1.6042,0.7743,0.8074,1.0199,1.1982,1.3769,2.0385,2.6081,2.8354,4.5704,6.4754,1,36,0,5,14,1,1,1,1,1,1,29,1,1,11
01_12_07_01_0033.bmp,1,7,1,17,0.6438,0.625,10.8815,0.944,1.4429,0.7754,0.8736,0.9616,1.3486,1.3625,2.0533,2.8466,3.5207,4.6805,6.9739,1,36,25,5,25,29,1,29,29,1,29,1,9,14,13
01_12_07_01_0034.bmp,1,7,1,17,0.6558,0.6389,11.7009,0.9668,1.4279,0.7069,0.7635,0.9601,1.38,1.5228,1.7884,2.6475,3.4882,5.0652,6.2606,29,36,1,5,14,29,29,1,1,1,1,1,1,28,14
01_12_07_01_0035.bmp,1,7,1,17,0.6341,0.6317,13.169,0.9773,1.6442,0.7998,0.9799,0.9386,1.2497,1.6346,2.0981,2.8173,3.5601,5.2634,5.96,29,36,0,5,25,29,29,29,29,29,29,1,14,25,23
01_12_07_01_0041.bmp,0,7,1,17,0.7024,1.2358,3.0646,0.6474,1.5461,0.796,1.1322,1.5398,1.8348,2.9257,3.4734,4.3417,5.6979,8.279,10.0518,17,17,17,17,17,17,17,17,17,17,17,17,14,14,14
01_12_07_01_0042.bmp,0,7,1,17,0.4853,1.0962,1.875,0.5657,1.2676,0.7483,1.0583,1.3592,1.9183,2.5772,3.1879,4.2696,5.7754,8.1919,9.94,17,17,17,17,17,17,17,17,17,17,17,17,14,14,14
01_12_07_01_0042.bmp,1,7,1,17,0.8796,0.7946,11.3136,1.1419,1.6339,0.8892,0.9553,1.4166,1.5061,1.7818,1.8648,2.3592,2.8283,4.7197,7.1312,1,36,0,5,17,1,1,29,1,1,1,12,17,12,13
01_12_07_01_0047.bmp,0,7,1,17,1.0937,1.0065,12.0702,1.656,2.0513,1.0986,1.1783,1.2838,1.5101,1.591,2.0993,2.786,3.7213,5.457,7.0579,1,36,11,5,17,1,1,1,1,1,1,1,1,28,13
01_12_07_01_0049.bmp,0,7,1,17,1.4165,1.1284,12.2184,2.0597,0.3774,1.4695,1.4446,1.4698,1.6061,2.0396,2.315,2.6279,3.6947,5.255,6.0229,15,0,0,5,15,15,15,15,1,15,1,12,1,14,25
01_12_07_01_0054.bmp,0,7,1,17,1.3182,1.2355,12.6137,2.025,0.0,1.3899,1.4429,1.4344,1.7713,2.4237,2.8041,2.9471,3.35,4.1199,6.4834,12,36,13,5,13,36,12,12,12,12,12,0,12,12,14
01_12_07_01_0055.bmp,0,7,1,17,1.0868,0.9333,13.5147,1.6285,0.2881,1.1411,1.2899,1.2975,1.7439,1.8375,2.3972,2.9676,4.5278,4.8666,7.4175,36,36,0,5,17,36,15,15,36,36,36,12,12,12,26
01_12_07_01_0066.bmp,0,7,1,17,3.6359,3.078,13.9418,5.4218,5.9314,3.7077,3.8204,3.8657,3.6355,3.9782,4.2391,5.1614,6.1181,8.8481,10.268,17,0,17,14,14,17,17,17,17,17,17,14,12,14,14
01_12_07_01_0068.bmp,0,7,1,17,3.5514,3.2292,15.3341,5.3686,6.0105,3.5174,3.6502,4.0707,3.4991,4.0998,4.6868,5.6639,6.6021,9.3647,11.5134,17,17,14,17,17,17,17,17,17,17,17,17,17,14,14
01_12_07_01_0079.bmp,0,7,1,17,2.5644,2.1373,16.5676,3.7219,4.028,2.4769,2.5879,2.8723,2.9652,3.5988,4.1151,5.7691,6.5365,9.1891,12.2239,17,17,17,17,17,17,17,17,17,17,17,17,14,14,14
01_12_07_01_0080.bmp,0,7,1,17,2.3372,2.0585,16.0619,3.5427,3.9288,2.3777,2.5066,2.4844,3.1556,3.1234,3.9729,5.891,6.5987,10.1343,11.9162,17,17,17,17,17,17,17,17,17,17,17,17,17,14,14
01_12_07_01_0081.bmp,0,7,1,17,2.045,1.759,16.6946,3.1317,3.8288,2.0769,2.3395,2.427,2.7104,3.0768,3.6306,5.9347,6.4959,9.5579,12.7296,17,17,17,17,17,17,17,17,17,17,17,17,17,14,14
01_12_07_01_0087.bmp,0,7,1,17,1.9527,1.6615,14.5389,2.7206,3.1148,1.9203,1.9906,2.0067,2.8303,3.131,3.7263,5.4402,6.6597,9.4625,12.4139,17,17,17,17,17,17,17,17,17,17,17,17,17,26,14
01_12_07_01_0089.bmp,0,7,1,17,3.2447,2.6691,16.2173,4.8702,4.2688,3.2134,3.3629,3.2178,3.708,3.5822,4.7917,5.9417,7.8128,9.7175,12.5631,17,17,17,17,17,17,17,17,17,17,17,17,14,14,14
01_12_07_01_0090.bmp,0,7,1,17,3.0684,2.7099,15.8469,4.5037,4.2266,3.1223,3.1063,3.4085,3.506,4.3578,4.3811,5.4357,7.6311,9.5892,11.8865,17,17,17,17,17,17,17,17,17,17,17,17,17,14,14
01_12_07_01_0091.bmp,0,7,1,17,6.2,4.9173,18.8498,7.2018,7.653,6.2476,6.2209,6.3357,6.3609,6.4729,7.0238,7.576,8.8549,10.7809,13.5132,17,17,17,17,17,17,17,17,17,17,17,14,14,14,14
01_12_07_01_0095.bmp,0,7,1,17,7.3576,5.9217,19.4945,8.0818,8.6278,7.512,7.2519,7.4093,7.3302,7.939,8.0201,8.0418,9.3491,10.8989,13.2113,17,17,17,17,17,17,17,17,17,17,17,17,14,14,14
01_12_07_01_0096.bmp,0,7,1,17,8.4407,6.7471,19.3076,8.3375,9.7525,8.3778,8.2499,8.5299,8.4656,8.8599,9.0146,9.3731,9.4592,11.5235,12.691,17,17,17,17,17,17,17,17,17,17,17,17,14,14,26
01_12_07_01_0104.bmp,0,7,1,17,8.6012,8.6442,20.7069,5.5778,9.3436,8.5466,8.7133,8.6124,9.0624,8.6789,9.0274,9.0731,9.6142,10.9015,12.3574,17,17,17,17,17,17,17,17,17,17,17,17,17,14,14
01_12_07_01_0108.bmp,0,7,1,17,8.2295,8.5252,16.9926,4.8973,8.7667,8.2529,8.3456,8.2645,8.2023,8.5798,8.5943,9.1108,9.8082,10.3076,12.0959,17,17,17,17,17,17,17,17,17,17,17,17,17,17,14
01_12_07_01_0113.bmp,0,7,1,17,3.9194,5.6178,17.0592,1.8115,4.1832,3.9542,3.9457,4.0742,4.2092,4.4621,4.7429,6.3106,7.6709,10.653,12.0579,17,17,17,17,17,17,17,17,17,17,17,17,17,17,14
01_13_07_01_0001.bmp,0,7,1,13,4.053,2.5432,13.2479,4.8859,7.6103,3.9995,4.1543,4.0974,3.9876,4.1158,4.5282,4.7432,5.6209,6.9838,7.9926,12,12,11,12,13,12,12,12,12,12,12,12,13,13,40
01_13_07_01_0003.bmp,0,7,1,13,3.8453,2.4308,12.4647,5.188,7.1792,3.9336,3.9919,3.8552,4.2636,4.1241,4.1945,5.8061,5.7284,6.3868,8.8144,12,12,11,12,13,12,12,12,12,13,12,13,13,12,11
01_13_07_01_0004.bmp,0,7,1,13,3.9825,2.503,12.785,5.4728,7.8273,4.0768,3.9693,4.1177,3.8896,4.0056,4.1722,5.0302,6.3141,6.8939,8.1018,12,12,11,12,32,12,12,12,12,12,12,13,13,12,25
01_13_07_01_0006.bmp,0,7,1,13,3.8242,2.4496,13.0903,5.3742,7.0346,3.834,3.8513,3.6625,3.7242,3.8524,4.5435,4.6294,5.3435,7.5544,9.4328,12,12,11,12,13,12,12,12,12,12,13,13,13,13,13
01_13_07_01_0007.bmp,1,7,1,13,6.5578,3.4594,16.8961,0.1875,11.6291,6.5808,6.455,6.3617,6.4045,6.7011,6.6057,6.8805,7.3974,7.7477,9.9367,13,13,13,13,15,13,13,13,13,13,13,13,13,13,13
01_13_07_01_0008.bmp,1,7,1,13,7.0573,3.6792,18.0838,0.3248,11.5118,6.9284,6.8796,6.4912,7.0764,7.051,7.0913,7.1053,7.295,8.6407,9.7576,13,13,13,13,13,13,13,13,13,13,13,13,13,13,13
01_13_07_01_0010.bmp,1,7,1,13,7.2426,3.8136,15.7355,0.4285,11.0726,7.0943,7.3044,7.0342,7.4895,7.6866,7.5252,7.7635,7.9062,9.0208,10.6292,13,13,13,13,13,13,13,13,13,13,13,13,13,13,13
01_13_07_01_0011.bmp,0,7,1,13,3.2758,2.2989,11.0522,4.8795,5.4721,3.3167,3.5273,3.4887,3.479,3.9995,4.0065,4.8599,5.6558,6.4922,7.6579,12,12,13,13,32,12,12,38,12,13,13,13,13,13,13
01_13_07_01_0012.bmp,0,7,1,13,3.6314,2.4682,11.5414,5.4706,6.3747,3.5919,3.5374,3.869,3.6671,4.0435,4.3712,4.2859,5.0284,6.6939,8.5539,13,12,12,13,13,13,13,13,13,13,13,13,13,13,12
01_13_07_01_0014.bmp,0,7,1,13,3.1178,2.1981,11.1085,4.6819,5.2196,3.1335,3.3274,3.3862,3.642,3.4911,3.5818,4.4097,5.0359,7.0291,7.2416,38,12,13,13,32,13,13,13,13,13,13,13,12,13,13
01_13_07_01_0014.bmp,1,7,1,13,6.8005,3.4691,15.7081,0.4285,1.205,6.7929,7.0204,6.7015,6.6512,6.6778,6.7047,7.5682,7.7004,9.369,11.2596,13,13,13,13,13,13,13,13,13,13,13,13,13,13,13
01_13_07_01_0017.bmp,0,7,1,13,3.0674,2.249,10.2979,4.5352,4.8129,3.1366,3.0336,3.1153,3.2407,3.4568,3.6406,4.6219,4.9857,6.4064,8.8228,13,12,12,13,32,13,13,13,13,13,13,13,13,12,40
01_13_07_01_0018.bmp,1,7,1,13,7.7597,3.9617,17.434,0.7458,9.67,7.7845,7.5277,7.5493,7.7714,7.3117,7.4263,8.4295,8.113,8.0577,10.1766,13,13,13,13,13,13,13,13,13,13,13,13,13,13,13
01_13_07_01_0020.bmp,0,7,1,13,3.1837,2.1936,10.4429,4.7677,4.9129,3.3011,3.1312,3.411,3.2295,3.5148,3.6293,4.9763,5.6475,8.048,7.7087,13,12,12,13,32,13,13,13,13,13,13,13,13,40,40
01_13_07_01_0025.bmp,0,7,1,13,3.8239,2.4643,11.3572,5.0916,6.2956,3.8596,3.9892,4.1728,3.7916,4.1946,4.6812,5.2178,4.813,7.662,7.9976,13,12,11,13,13,13,13,13,13,13,13,13,13,13,25
01_13_07_01_0027.bmp,0,7,1,13,4.0951,2.5515,10.1742,4.9029,6.9168,4.0335,4.265,4.3499,4.269,4.4322,4.6447,4.9824,4.9631,6.3917,7.6651,13,12,13,13,13,13,13,13,13,13,13,13,13,13,12
01_13_07_01_0027.bmp,1,7,1,13,9.1701,5.0136,19.6227,3.2562,8.8778,9.1572,9.1703,9.2674,8.8337,9.314,9.2118,9.2847,9.4624,10.2283,11.576,13,13,13,13,13,13,13,13,13,13,13,13,13,13,13
01_13_07_01_0029.bmp,0,7,1,13,3.4657,2.2693,11.4973,3.6693,5.8156,3.4673,3.3945,3.8413,3.6624,3.8585,4.0341,4.8334,5.9811,6.7963,8.3088,13,12,13,13,13,13,13,13,13,13,13,13,13,13,12
01_13_07_01_0029.bmp,1,7,1,13,8.0566,4.4767,17.3466,0.88,9.4736,8.2037,8.1772,7.82,8.0348,8.0779,8.2448,8.4345,8.3968,9.5952,9.9338,13,13,13,13,13,13,13,13,13,13,13,13,13,13,13
01_13_07_01_0031.bmp,1,7,1,13,5.0819,2.6368,17.5266,0.0,6.7119,5.0436,4.9314,4.8221,5.0863,4.9732,5.1193,5.5832,6.115,6.821,9.328,13,13,13,13,13,13,13,13,13,13,13,13,13,13,13
01_13_07_01_0032.bmp,1,7,1,13,4.7616,2.4293,16.2583,0.0,6.4114,4.6902,4.8051,4.4625,4.7233,4.8323,4.7233,5.411,5.1491,6.8844,7.9389,13,13,13,13,13,13,13,13,13,13,13,13,13,13,13
01_13_07_01_0037.bmp,1,7,1,13,3.6816,2.0011,14.2481,0.0,6.1019,3.8166,3.8884,3.8017,4.0061,4.1723,4.2763,5.5165,5.947,8.3104,9.7737,13,13,13,13,13,13,13,13,13,13,13,13,13,13,13
01_13_07_01_0040.bmp,1,7,1,13,3.7797,2.0934,13.5327,0.0,6.1954,3.7361,3.9116,4.0407,4.218,3.8363,4.4959,4.6084,5.3929,7.6122,9.2812,13,13,13,13,13,13,13,13,13,13,13,13,13,13,13
01_13_07_01_0042.bmp,0,7,1,13,6.2621,3.9019,15.473,5.3695,9.9549,6.2549,6.0606,6.4105,6.4172,6.6961,6.9829,7.8547,8.2214,9.2467,11.104,13,13,13,13,13,13,13,13,13,13,13,13,13,13,13
01_13_07_01_0043.bmp,1,7,1,13,4.0888,2.1928,14.0539,0.0,6.5054,4.1731,4.0884,3.9702,4.2227,4.3443,3.9993,4.4688,5.3584,7.603,10.3439,13,13,13,13,13,13,13,13,13,13,13,13,13,13,13
01_13_07_01_0044.bmp,1,7,1,13,4.7005,2.5642,16.399,0.0,8.7234,4.7053,4.6675,4.6475,4.5889,4.9133,5.079,4.9034,6.1436,8.3197,9.3836,13,13,13,13,13,13,13,13,13,13,13,13,13,13,13
01_13_07_01_0045.bmp,1,7,1,13,4.7881,2.5587,15.7027,0.0,7.8746,4.7842,4.9284,4.8033,4.7183,4.9707,4.8816,5.0379,6.1002,7.7599,9.2385,13,13,13,13,13,13,13,13,13,13,13,13,13,13,13
01_13_07_01_0047.bmp,0,7,1,13,6.25,3.651,15.3954,4.2845,9.2515,6.1125,6.3715,6.2578,6.2204,6.2388,7.1896,7.4723,7.3922,9.2857,12.2234,13,13,13,13,13,13,13,13,13,13,13,13,13,13,40
01_13_07_01_0048.bmp,0,7,1,13,4.7199,3.4793,18.4495,5.1095,6.3028,4.866,4.717,4.6619,4.892,5.2151,5.3726,6.8081,7.6509,9.1818,12.7624,13,13,13,13,13,13,13,13,13,13,13,13,13,13,40
01_13_07_01_0049.bmp,0,7,1,13,5.9313,3.8718,18.7127,5.1817,7.7438,5.7383,6.0155,6.0996,5.9664,5.9124,6.5161,7.2896,8.466,9.8182,11.8325,13,13,13,13,13,13,13,13,13,13,13,13,13,13,13
01_13_07_01_0051.bmp,0,7,1,13,5.475,3.7985,18.2674,4.0458,6.8668,5.3115,5.4127,5.026,5.5619,5.6455,5.4531,5.9393,7.6268,10.1101,12.4566,13,13,13,13,13,13,13,13,13,13,13,13,13,13,13
01_13_07_01_0051.bmp,1,7,1,13,3.868,2.0671,13.0923,0.0,7.2101,3.9243,3.8948,4.0118,3.9653,4.5854,4.5012,5.3569,5.2418,7.7205,9.6503,13,13,13,13,13,13,13,13,13,13,13,13,13,13,13
01_13_07_01_0054.bmp,0,7,1,13,4.1452,3.0769,16.9326,4.1978,4.9443,4.1845,4.1366,4.2938,4.9306,4.6981,4.8117,6.3023,6.9735,9.2792,12.8773,13,13,13,13,13,13,13,13,13,13,13,13,13,13,40
01_13_07_01_0056.bmp,0,7,1,13,5.8954,4.0424,16.024,4.5936,6.8429,5.8984,5.8989,5.719,6.2517,5.9472,6.4132,7.2667,8.099,9.979,11.6199,13,13,13,13,13,13,13,13,13,13,13,13,13,13,13
01_13_07_01_0059.bmp,0,7,1,13,5.4983,3.4867,15.6447,2.9372,3.9092,5.4876,5.6687,5.7667,5.4434,5.7003,5.8253,6.4638,7.4979,8.565,10.6697,13,13,13,13,13,13,13,13,13,13,13,13,13,13,13
01_13_07_01_0061.bmp,1,7,1,13,7.6018,4.4374,8.9826,0.0563,9.1102,7.6095,7.6629,7.3889,8.0096,7.3865,7.6866,7.4749,7.9546,10.1281,11.6409,13,13,13,13,13,13,13,13,13,13,13,13,13,13,13
01_13_07_01_0063.bmp,0,7,1,13,4.4404,2.7186,19.1856,2.8226,3.2986,4.2843,4.2535,4.3673,4.5718,4.9077,5.4098,6.296,7.1642,9.8663,10.0257,13,13,13,13,13,13,13,13,13,13,13,13,13,13,13
01_13_07_01_0064.bmp,0,7,1,13,4.1969,2.5545,16.3031,2.2937,4.3422,4.3207,4.1357,4.0644,4.2258,4.8254,4.4841,5.932,7.144,9.0605,10.2812,13,13,13,13,13,13,13,13,13,13,13,13,13,13,13
01_13_07_01_0065.bmp,0,7,1,13,4.7839,2.9206,15.9792,2.0758,0.638,4.8414,4.5801,4.8965,4.8362,5.1054,5.475,6.0239,6.5173,8.536,11.4261,13,13,13,13,13,13,13,13,13,13,13,13,13,13,13
01_13_07_01_0065.bmp,1,7,1,13,2.0686,2.1444,12.5012,2.2375,4.8627,2.048,2.1479,2.2503,2.1591,2.7801,3.0356,3.329,4.2314,5.2179,7.6078,13,31,13,19,13,13,13,13,13,13,13,13,12,13,13
01_13_07_01_0066.bmp,1,7,1,13,1.9565,2.1184,10.9882,2.4844,3.9783,2.0551,2.1646,2.4677,2.2657,2.621,3.0697,3.3306,4.0061,5.6489,7.2632,31,31,13,19,13,31,31,19,31,12,12,12,13,4,23
01_13_07_01_0068.bmp,0,7,1,13,4.8195,2.9889,15.9164,1.0069,2.995,4.7935,4.8065,5.0179,4.8478,5.0248,4.9938,6.3401,6.4738,8.5084,9.8052,13,13,13,13,13,13,13,13,13,13,13,13,13,13,13
01_13_07_01_0069.bmp,0,7,1,13,4.9609,3.1509,16.0424,0.852,2.3557,5.0371,5.1455,5.2244,5.2614,5.4089,5.1699,6.4266,6.6591,8.6503,10.8287,13,13,13,13,13,13,13,13,13,13,13,13,13,13,13
01_13_07_01_0070.bmp,0,7,1,13,4.8592,2.6375,15.665,0.4285,0.4052,4.8784,4.8983,4.8472,4.6548,4.9152,4.6709,5.5615,6.5056,8.4346,9.2973,13,13,13,13,13,13,13,13,13,13,13,13,13,13,13
01_13_07_01_0070.bmp,1,7,1,13,3.1764,3.0641,12.1706,4.1919,5.5997,3.12,3.3276,2.9907,3.2296,3.1301,3.1519,3.8288,4.8303,5.9999,6.8129,19,31,13,19,13,19,19,19,19,19,13,13,12,13,13
01_13_07_01_0071.bmp,1,7,1,13,3.4187,3.1118,11.241,4.8467,5.712,3.434,3.4318,3.3107,3.2167,3.3002,3.3225,3.9759,4.7855,5.4101,6.4065,15,31,13,19,15,15,15,15,19,12,12,12,12,13,23
01_13_07_01_0072.bmp,0,7,1,13,2.9026,1.6505,13.6831,0.2881,1.3348,2.8403,3.0509,3.0479,3.1021,3.1796,3.7558,4.6603,5.4982,7.2504,9.3987,13,13,13,13,13,13,13,13,13,13,13,13,13,13,13
01_13_07_01_0073.bmp,0,7,1,13,3.0303,1.6511,15.8899,0.0,0.552,3.0052,3.0881,3.1262,3.3292,3.2908,3.9508,4.2734,4.8136,7.5458,8.8041,13,13,13,13,13,13,13,13,13,13,13,13,13,13,13
01_13_07_01_0073.bmp,1,7,1,13,3.5788,3.1288,11.3448,4.8632,6.0502,3.5386,3.6262,3.6866,3.5223,3.5926,3.8161,4.0712,4.3748,6.3414,7.0495,19,31,7,19,19,15,19,19,19,19,19,12,2,23,13
01_13_07_01_0074.bmp,0,7,1,13,3.7412,2.0181,14.9924,0.0563,4.8755,3.7767,3.5993,3.8677,3.6791,3.562,4.5132,4.8405,6.0211,6.4883,8.3759,13,13,13,13,13,13,13,13,13,13,13,13,13,13,13
01_13_07_01_0076.bmp,1,7,1,13,3.8202,3.1974,12.0986,5.4455,6.2573,3.8237,3.7864,3.8314,3.7875,4.0761,4.0606,4.582,4.659,5.5632,7.8317,15,31,7,19,13,15,13,19,13,13,13,13,13,13,13
01_13_07_01_0077.bmp,1,7,1,13,3.7229,3.2078,12.1125,5.4238,6.4033,3.8388,3.6684,3.5094,3.7449,3.5526,3.5316,4.3082,4.9503,6.1678,7.1191,19,31,13,19,19,31,19,19,19,19,12,12,12,12,26
01_13_07_01_0078.bmp,1,7,1,13,3.5649,2.9852,11.8528,4.7145,5.4201,3.6207,3.5454,3.4962,3.5265,3.4349,3.3849,3.9129,4.783,6.1576,6.6567,31,31,13,13,13,31,31,13,12,13,12,12,12,12,26
01_13_07_01_0080.bmp,0,7,1,13,5.5175,2.9601,16.3714,0.0563,7.2713,5.5346,5.6454,5.5393,5.4197,5.8945,5.0753,6.3484,6.6084,7.5819,9.9769,13,13,13,13,13,13,13,13,13,13,13,13,13,13,13
01_13_07_01_0081.bmp,1,7,1,13,4.0228,3.4174,13.574,5.713,5.2706,4.0946,4.1967,4.0997,4.4738,4.4427,4.0463,4.988,5.5824,7.4519,8.2464,13,31,1,13,13,13,13,13,13,13,12,13,12,12,13
01_13_07_01_0085.bmp,0,7,1,13,4.063,2.2264,11.7834,0.0,5.2885,4.1139,4.0219,4.3385,4.1892,4.3486,4.5219,4.6107,6.2453,8.4962,10.5211,13,13,13,13,13,13,13,13,13,13,13,13,13,13,13
01_13_07_01_0085.bmp,1,7,1,13,3.9129,3.0788,11.6373,5.6025,5.3694,3.9729,3.9679,3.9003,4.0701,4.0036,4.3635,5.0897,5.4848,6.3623,9.6438,12,31,13,19,12,12,12,12,12,12,12,12,12,12,40
01_13_07_01_0086.bmp,0,7,1,13,5.5378,3.2433,12.8294,0.3918,7.1152,5.5277,5.3328,5.5821,5.7732,5.5991,5.8678,6.0967,6.7675,7.7564,11.1454,13,13,13,13,13,13,13,13,13,13,13,13,13,13,13
01_13_07_01_0088.bmp,1,7,1,13,3.9485,3.0917,13.2001,5.7498,5.4213,3.889,3.9784,3.8499,4.0844,4.1061,4.3858,5.0702,5.242,6.7469,9.2065,12,31,1,19,13,12,12,12,12,12,12,12,12,12,13
01_13_07_01_0090.bmp,1,7,1,13,3.7153,2.8257,11.2382,5.4647,4.9757,3.7077,3.7887,3.5074,3.699,3.704,3.6509,4.3869,5.3941,6.8753,7.0419,13,31,13,13,13,13,13,13,12,13,12,12,12,12,12
01_13_07_01_0092.bmp,1,7,1,13,3.4103,2.6295,10.9269,5.1798,5.2757,3.4671,3.3446,3.4755,3.5802,3.3203,4.342,4.5616,5.3149,6.281,7.4628,13,31,13,13,15,13,13,12,13,13,12,12,12,12,12
01_13_07_01_0098.bmp,0,7,1,13,1.9878,1.1869,2.6861,0.0,8.8682,2.1182,2.2317,2.1239,2.2901,2.8663,3.2928,4.5134,4.9887,7.9174,10.3323,13,13,13,13,13,13,13,13,13,13,13,13,13,13,13
01_13_07_01_0100.bmp,0,7,1,13,2.5539,1.4003,2.4461,0.0,11.2273,2.458,2.6604,2.8931,3.0541,3.1307,3.5089,5.0725,5.8108,8.4951,8.9653,13,13,13,13,13,13,13,13,13,13,13,13,13,13,13
01_13_07_01_0100.bmp,1,7,1,13,4.1409,3.0293,10.1728,6.0946,7.5304,4.1575,4.0736,4.2511,4.2751,4.2941,3.8894,5.2215,5.6828,6.8615,9.1606,12,31,13,13,13,12,12,12,12,12,12,13,12,12,12
01_13_07_01_0101.bmp,0,7,1,13,3.0445,1.5879,2.581,0.0,12.7298,2.8813,3.0738,2.8495,3.379,3.3349,3.9359,4.6147,6.0958,7.5071,10.3077,13,13,13,13,13,13,13,13,13,13,13,13,13,13,13
01_13_07_01_0104.bmp,1,7,1,13,4.772,3.7567,9.9984,6.9189,5.4555,4.7371,4.8361,5.078,5.0141,4.9756,5.5325,6.2534,6.4091,8.0952,10.2299,13,31,13,13,13,13,13,13,13,13,12,12,12,12,40
01_13_07_01_0105.bmp,1,7,1,13,4.0555,2.9618,11.303,6.0344,5.3832,4.0197,4.1405,4.1513,3.9085,4.285,4.7451,5.326,7.0852,7.8449,10.4409,13,31,13,15,15,13,13,13,13,13,13,12,13,13,13
01_13_07_01_0108.bmp,0,7,1,13,2.7229,1.4429,3.02,1.8235,16.3798,2.625,2.7688,2.6418,2.8526,3.0889,3.2792,4.7556,6.2394,9.164,11.8557,13,13,13,13,13,13,13,13,13,13,13,13,13,13,13
01_13_07_01_0109.bmp,1,7,1,13,5.1954,3.8822,15.9019,7.8151,9.7506,5.1362,5.1853,5.3108,5.2277,5.5403,5.7356,6.9366,7.8814,9.5026,12.1747,13,13,13,13,15,13,13,13,13,13,13,13,13,12,40
01_13_07_01_0111.bmp,0,7,1,13,3.4619,1.9113,7.126,1.812,16.2343,3.5475,3.5512,3.7838,4.0912,4.0337,4.8171,5.5654,6.9487,8.8958,13.3184,13,13,13,13,13,13,13,13,13,13,13,13,13,13,13
01_13_07_01_0113.bmp,0,7,1,13,2.9163,1.6462,5.9211,1.3062,12.5638,2.9212,3.0328,3.1097,3.3028,3.7027,4.3355,5.7142,6.5742,8.6748,10.5087,13,13,13,13,13,13,13,13,13,13,13,13,13,13,13
01_13_07_01_0114.bmp,1,7,1,13,5.5978,3.9958,16.449,8.3089,6.1849,5.5389,5.6648,5.4222,5.7733,5.5924,6.1217,7.7591,8.1989,10.6126,11.725,13,13,13,13,13,13,13,13,13,13,13,13,12,12,13
01_13_07_01_0115.bmp,1,7,1,13,5.288,4.0221,14.4461,7.5947,6.3069,5.2275,5.4121,5.4557,5.4124,5.6856,6.3521,6.8027,8.2312,9.3859,11.8548,13,13,13,13,13,13,13,13,13,13,13,13,13,12,13
01_13_07_01_0116.bmp,1,7,1,13,5.3399,3.7788,13.3753,7.7681,5.4541,5.2946,5.3278,5.2563,5.5946,6.1175,6.2164,6.9067,8.0583,9.9031,11.747,13,13,13,13,15,13,13,13,13,13,13,12,13,12,12
01_13_07_01_0118.bmp,0,7,1,13,3.4077,3.1108,12.044,4.3106,6.2975,3.4286,3.3829,3.7715,3.5341,4.0811,3.6611,4.7194,5.9986,7.1199,8.8231,12,31,32,12,13,12,12,12,12,12,12,12,12,40,4
01_13_07_01_0119.bmp,1,7,1,13,5.1532,3.7636,12.7942,7.5503,5.297,5.1766,5.1884,5.1949,5.1723,5.2403,5.9568,7.1137,8.5281,9.9121,11.6439,13,13,13,13,15,13,13,13,13,13,13,13,13,12,13
01_13_07_01_0121.bmp,0,7,1,13,3.6267,3.3888,10.343,3.5913,4.2679,3.5377,3.6335,3.457,3.4452,4.7485,4.3558,5.5177,6.3381,8.1006,10.3813,12,13,13,4,13,12,12,12,12,12,12,12,12,12,40
01_13_07_01_0123.bmp,0,7,1,13,4.0123,3.9668,8.8502,2.7596,6.6749,3.912,3.8252,3.9987,4.4365,4.299,4.8221,5.4864,6.0714,8.1776,11.1925,12,13,13,12,13,12,12,12,13,13,12,13,12,13,40
01_13_07_01_0125.bmp,0,7,1,13,3.7611,4.2579,9.5355,0.6325,4.5686,3.8655,3.8038,3.9288,4.2554,4.2948,5.0534,6.1259,6.7733,8.1566,10.4316,13,13,13,4,13,13,13,13,13,13,13,13,13,40,13
01_13_07_01_0130.bmp,0,7,1,13,2.8446,3.538,11.1841,0.0,3.0332,2.9517,2.9052,3.1427,3.2765,3.6371,4.1146,5.1237,6.235,8.426,11.5402,32,13,13,38,32,13,13,13,13,13,13,13,13,13,13
01_13_07_01_0131.bmp,0,7,1,13,1.9816,2.8642,11.256,0.0,2.2724,1.9939,1.9924,2.2473,2.6704,3.2794,3.9924,5.3005,6.3699,8.8032,10.6578,32,13,13,38,32,13,13,13,13,13,13,13,13,13,13
01_13_07_01_0132.bmp,0,7,1,13,1.8957,2.7523,11.5883,0.0,1.9792,1.8837,2.1017,2.0992,2.6564,2.8085,3.7665,5.2612,6.4046,8.6617,10.1686,13,13,13,32,13,13,13,13,13,13,13,13,13,13,13
01_13_07_01_0134.bmp,0,7,1,13,1.5211,2.2927,12.7178,0.0,1.7778,1.6246,1.7894,1.9006,2.5026,3.3606,3.7951,5.2839,6.9541,8.5781,10.6678,13,13,13,13,13,13,13,13,13,13,13,13,13,13,13
01_13_07_01_0140.bmp,1,7,1,13,4.8639,3.285,16.6327,7.2948,6.9841,4.9346,5.0034,5.0954,5.135,5.3242,5.8702,6.4575,7.9538,9.6563,12.6853,13,13,13,13,13,13,13,13,13,13,13,13,13,13,13
01_13_07_01_0141.bmp,1,7,1,13,4.9787,3.2162,15.2056,7.216,7.8749,4.9197,4.9974,5.0961,5.1625,5.398,6.0999,7.0386,8.0283,9.7131,12.401,13,13,13,13,13,13,13,13,13,13,13,13,13,13,13
01_13_07_01_0143.bmp,1,7,1,13,4.7877,3.1285,16.3604,7.1077,8.2477,4.8008,4.8964,4.9631,4.9038,5.1935,5.6029,6.7035,7.5692,9.9969,13.3478,13,13,13,13,13,13,13,13,13,13,13,13,13,13,40
01_13_07_01_0144.bmp,0,7,1,13,1.0618,1.7628,6.6413,0.0,1.1922,1.2257,1.3948,1.6681,2.0372,2.8253,3.7212,5.0812,6.2235,8.2405,10.4824,13,13,13,13,13,13,13,13,13,13,13,13,13,13,13
01_13_07_01_0144.bmp,1,7,1,13,4.7034,3.0202,15.2347,7.0251,7.3931,4.7782,4.7787,4.8438,5.047,5.3239,5.6946,6.6619,7.9478,9.7566,13.1544,13,13,13,13,13,13,13,13,13,13,13,13,13,13,13
01_13_07_01_0148.bmp,0,7,1,13,1.9692,3.3557,7.7681,0.0,1.8919,2.0073,2.0569,2.3096,2.5443,3.2316,4.0274,5.3607,6.3043,8.5403,9.8369,13,13,13,13,13,13,13,13,13,13,13,13,13,13,13
01_13_07_01_0150.bmp,1,7,1,13,4.6486,3.1108,16.5615,6.7596,7.813,4.7212,4.6174,4.6784,4.6715,5.2951,5.5926,6.9373,7.91,10.6735,12.2011,13,13,13,13,13,13,13,13,13,13,13,13,13,13,13
01_13_07_01_0151.bmp,0,7,1,13,1.3088,2.3788,5.8012,0.0,1.6317,1.3555,1.6123,1.9382,2.2357,3.1727,4.0022,4.8252,6.1123,8.4961,11.0823,13,13,13,13,13,13,13,13,13,13,13,13,13,13,13
01_13_07_01_0153.bmp,1,7,1,13,4.5879,2.9981,16.8078,6.2773,7.8212,4.5531,4.5702,4.7716,4.8073,5.3075,5.5162,6.8281,7.5178,10.8096,12.3171,13,13,13,13,13,13,13,13,13,13,13,13,13,13,40
01_13_07_01_0155.bmp,0,7,1,13,1.5203,2.725,4.4661,0.0,1.6479,1.5935,1.7935,1.8981,2.3967,3.0026,4.0432,5.4217,6.4074,8.5201,9.6943,13,13,13,13,13,13,13,13,13,13,13,13,13,13,13
01_13_07_01_0155.bmp,1,7,1,13,4.8186,3.1087,17.0656,6.6228,7.7413,4.8188,4.7599,4.9619,5.0826,5.4257,5.8101,6.8798,7.9805,10.7001,14.0062,13,13,13,13,13,13,13,13,13,13,13,13,13,13,13
01_13_07_01_0159.bmp,0,7,1,13,1.7288,3.1744,3.9505,0.0,1.9301,1.6608,1.9924,2.1959,2.3368,3.0594,3.7794,4.9942,6.3584,8.0153,10.39,13,13,13,13,13,13,13,13,13,13,13,13,13,13,13
01_13_07_01_0160.bmp,1,7,1,13,4.6699,3.1503,17.0329,6.7145,8.7946,4.7395,4.8339,4.9887,5.0852,5.2313,5.929,6.7501,8.3817,10.4145,13.1861,13,13,13,13,13,13,13,13,13,13,13,13,13,13,13
01_13_07_01_0161.bmp,0,7,1,13,1.7978,3.3955,4.4924,0.0,2.1742,1.9225,2.0104,2.2418,2.6408,3.1158,3.8291,5.0082,5.9665,7.8147,9.6021,13,13,13,13,13,13,13,13,13,13,13,13,13,13,13
01_13_07_01_0164.bmp,1,7,1,13,5.1231,3.3267,18.2684,6.6421,9.172,5.2093,5.1653,5.2217,5.3463,5.6644,5.949,7.0767,8.188,10.7581,12.4175,13,13,13,13,13,13,13,13,13,13,13,13,13,13,13
01_13_07_01_0168.bmp,1,7,1,13,5.0836,3.1855,15.7327,6.822,9.2021,5.2496,5.286,5.2526,5.4499,5.815,6.4658,7.2695,8.2118,10.7691,12.9984,13,13,13,13,13,13,13,13,13,13,13,13,13,13,13
01_13_07_01_0169.bmp,0,7,1,13,2.2367,1.9195,11.3182,3.2911,6.7534,2.2055,2.1922,1.9937,2.245,2.3266,2.4865,3.0793,3.7307,4.9203,6.3077,31,31,1,13,36,31,31,31,19,31,13,12,13,12,13
01_13_07_01_0170.bmp,1,7,1,13,5.3948,3.2496,14.3341,6.9034,9.6736,5.3313,5.5394,5.529,5.7608,5.7018,6.1118,6.8632,8.442,11.3425,13.8132,13,13,13,13,13,13,13,13,13,13,13,13,13,13,13
01_13_07_01_0172.bmp,1,7,1,13,5.2327,3.2854,16.6796,6.7603,10.2292,5.227,5.2556,5.3283,5.5011,5.5885,6.0043,7.2878,8.6366,10.3162,14.0511,13,13,13,13,13,13,13,13,13,13,13,13,13,13,13
01_13_07_01_0173.bmp,1,7,1,13,6.353,4.4736,19.4305,9.5084,8.979,6.354,6.3049,6.6156,6.6172,6.7329,7.2902,8.6189,9.5983,11.7364,15.2538,13,13,13,13,13,13,13,13,13,13,13,13,13,13,13
01_13_07_01_0174.bmp,1,7,1,13,6.4888,5.0141,19.4219,8.9257,8.9831,6.4372,6.451,6.4661,6.7652,6.8717,6.8161,8.4465,8.4499,11.9973,14.0306,13,13,13,13,13,13,13,13,13,13,13,13,13,13,13
01_13_07_01_0176.bmp,1,7,1,13,5.1327,3.1985,14.5167,7.0403,10.3698,5.1009,5.1852,5.2584,5.2774,5.7941,6.0301,7.0119,8.8358,11.2308,12.5351,13,13,13,13,13,13,13,13,13,13,13,13,13,13,13
01_13_07_01_0177.bmp,1,7,1,13,5.0679,3.0907,15.6327,6.7353,10.2262,5.0538,5.1175,5.2932,5.2613,5.3577,6.1083,7.0392,7.9101,10.0594,13.1406,13,13,13,13,13,13,13,13,13,13,13,13,13,13,13
01_13_07_01_0181.bmp,1,7,1,13,4.914,3.0076,16.66,6.174,10.167,4.9115,4.8657,5.1138,5.4015,5.4583,6.0529,6.7946,8.9488,10.6706,13.851,13,13,13,13,13,13,13,13,13,13,13,13,13,13,13
01_13_07_01_0184.bmp,0,7,1,13,2.2985,1.9091,9.4585,3.4714,7.9521,2.2808,2.0774,1.9121,2.0935,2.6192,2.7426,3.1355,3.8375,5.0844,6.6971,31,31,32,19,13,31,31,19,19,12,12,13,12,25,7
01_13_07_01_0184.bmp,1,7,1,13,5.1528,3.1966,16.8184,6.4706,10.3195,5.1628,5.5032,5.4211,5.3633,5.7766,6.1407,7.3444,8.0409,11.7332,13.6652,13,13,13,13,13,13,13,13,13,13,13,13,13,13,13
01_13_07_01_0185.bmp,1,7,1,13,5.3275,3.0899,15.2382,6.4314,10.1041,5.327,5.3346,5.4877,5.6752,6.0509,6.0012,7.2049,8.3146,11.1802,13.0398,13,13,13,13,13,13,13,13,13,13,13,13,13,13,13
01_13_07_01_0186.bmp,0,7,1,13,2.2715,1.7465,10.6077,3.3538,5.8852,2.1822,2.1937,2.1727,2.2236,2.4188,2.5538,3.0397,4.3176,5.7147,6.4566,19,31,32,12,13,19,19,19,19,12,12,12,12,13,12
01_13_07_01_0187.bmp,0,7,1,13,2.2977,1.747,11.049,3.3664,0.0,2.3174,2.266,2.4449,2.2284,2.4269,2.542,2.5045,3.4289,4.468,5.5621,19,31,1,13,13,19,19,19,19,32,12,13,12,7,25
01_13_07_01_0189.bmp,0,7,1,13,2.1578,1.7815,10.0942,3.268,0.0,2.0768,2.0531,2.3824,2.4015,2.1331,2.658,3.2128,3.5658,5.4874,6.9859,19,31,32,12,12,19,19,19,32,12,12,12,12,7,38
01_13_07_01_0190.bmp,0,7,1,13,2.0146,1.578,10.8954,3.0909,7.6209,2.0276,2.382,2.445,2.087,2.0026,2.2075,2.8291,3.3907,4.2921,5.3085,19,31,1,32,13,19,32,32,32,32,12,12,12,12,23
01_13_07_01_0192.bmp,0,7,1,13,2.3532,1.7923,9.5923,3.4168,0.0,2.2735,2.4778,2.3846,2.1605,2.2968,2.3824,2.9948,3.4309,4.9334,6.6288,19,31,32,12,12,19,19,32,19,12,32,12,12,25,13
01_13_07_01_0193.bmp,1,7,1,13,5.3176,3.2064,15.6174,6.0618,10.5215,5.3667,5.4371,5.6349,5.4689,5.9206,6.3789,7.3725,8.9389,11.5666,13.978,13,13,13,13,13,13,13,13,13,13,13,13,13,13,13
01_13_07_01_0194.bmp,0,7,1,13,2.2873,1.8427,9.3823,3.4197,6.7856,2.3632,2.4494,2.2569,2.2119,2.5616,2.9641,3.3356,3.9412,5.301,6.1983,19,31,32,12,13,19,19,19,12,12,32,12,40,12,25
01_13_07_01_0196.bmp,0,7,1,13,2.496,1.9096,8.8809,3.7505,5.8055,2.5842,2.4392,2.5139,2.4158,2.9143,2.906,3.0366,3.9388,5.9794,6.0958,19,31,13,13,13,19,19,32,12,32,12,12,13,40,40
01_13_07_01_0196.bmp,1,7,1,13,5.2424,3.1431,16.6276,6.2049,10.4059,5.3149,5.3019,5.3587,5.5561,5.7721,6.2937,7.1972,8.5285,10.8427,13.2598,13,13,13,13,13,13,13,13,13,13,13,13,13,13,13
01_13_07_01_0197.bmp,0,7,1,13,2.5286,2.0049,8.7207,3.7407,5.7509,2.6396,2.6367,2.7825,2.6462,2.6157,2.872,4.2972,3.789,4.7237,6.5984,19,31,13,12,12,19,19,32,12,32,13,13,12,12,34
01_13_07_01_0199.bmp,0,7,1,13,2.7523,2.0356,8.9672,4.1608,5.416,2.8951,2.6899,2.6535,3.0025,2.803,3.2296,3.7656,4.654,5.1549,8.4022,19,31,13,12,13,12,12,12,12,12,12,12,12,25,23
01_13_07_01_0199.bmp,1,7,1,13,5.4101,3.2173,15.3174,5.8705,10.8274,5.4688,5.4436,5.6644,5.7923,5.9857,6.2604,7.248,8.8536,11.3802,12.7935,13,13,13,13,13,13,13,13,13,13,13,13,13,13,13
01_13_07_01_0201.bmp,1,7,1,13,5.4006,3.2083,16.2245,5.7696,10.8088,5.4016,5.5118,5.5368,5.7839,5.9216,6.403,7.4512,7.8017,11.0722,12.1469,13,13,13,13,13,13,13,13,13,13,13,13,13,13,13
01_13_07_01_0204.bmp,0,7,1,13,2.6342,2.0882,9.2577,4.0099,5.5746,2.8398,2.7052,2.8356,2.9405,2.7821,3.3083,3.0943,3.8711,5.3779,7.3159,12,31,13,12,12,12,12,12,12,12,12,12,13,23,40
01_13_07_01_0205.bmp,0,7,1,13,2.6369,2.0668,8.385,4.0421,5.2212,2.7524,2.8873,2.7109,3.1472,2.9902,2.9608,4.0723,3.4861,5.3244,7.7519,12,31,13,12,12,12,12,12,12,12,12,12,12,12,13
01_13_07_01_0205.bmp,1,7,1,13,5.2932,3.2281,15.1655,6.0753,10.6892,5.368,5.2201,5.5283,5.6421,5.9888,6.2745,7.5281,8.3103,11.3003,13.1761,13,13,13,13,13,13,13,13,13,13,13,13,13,13,13
01_13_07_01_0206.bmp,1,7,1,13,5.1623,3.1821,15.3093,5.7428,10.7964,5.2031,5.4006,5.1033,5.4216,5.8932,6.0648,7.0306,8.373,10.6053,14.2909,13,13,13,13,13,13,13,13,13,13,13,13,13,13,13
01_13_07_01_0207.bmp,1,7,1,13,5.1905,3.1587,16.042,6.0469,10.3892,5.299,5.2044,5.2661,5.4653,5.7388,6.3377,7.2761,8.4472,11.1995,13.0557,13,13,13,13,13,13,13,13,13,13,13,13,13,13,13
01_13_07_01_0208.bmp,0,7,1,13,3.1365,2.5798,7.8551,4.7665,8.3847,3.0881,3.2805,3.238,3.6908,3.5569,3.9201,4.6972,4.7856,6.4652,8.1781,12,31,13,12,13,12,12,12,12,12,12,12,40,40,40
01_13_07_01_0209.bmp,1,7,1,13,5.1609,3.1381,16.1398,5.9069,10.3702,5.1824,5.2604,5.3227,5.23,5.4627,6.1415,7.1223,8.7336,10.2511,13.6191,13,13,13,13,13,13,13,13,13,13,13,13,13,13,13
01_13_07_01_0210.bmp,0,7,1,13,2.848,2.2965,8.3724,4.329,5.7546,2.8577,2.8899,3.0131,3.2339,3.3344,4.0349,4.1485,5.1411,6.3774,8.4783,12,31,13,12,12,12,12,12,12,12,12,12,12,40,40
01_13_07_01_0210.bmp,1,7,1,13,5.1694,3.2488,15.9224,6.0899,10.6748,5.239,5.3705,5.4188,5.5506,5.8996,6.2175,7.112,8.3034,10.9366,13.5697,13,13,13,13,13,13,13,13,13,13,13,13,13,13,13
01_13_07_01_0211.bmp,0,7,1,13,3.3218,2.6097,8.2127,5.0181,5.7539,3.3028,3.467,3.4268,3.3492,3.5865,4.544,4.9842,6.1463,7.0376,9.7194,12,31,13,13,12,12,12,12,12,12,12,12,12,40,40
01_13_07_01_0212.bmp,0,7,1,13,2.766,2.2374,7.7229,4.1226,4.4894,2.7617,2.9506,2.8726,3.2006,3.3091,3.3709,3.9834,4.9268,6.9695,8.7515,12,12,13,12,12,12,12,12,12,12,12,12,12,40,40
01_13_07_01_0212.bmp,1,7,1,13,5.3754,3.1991,15.0925,6.2264,10.6077,5.4192,5.5367,5.5245,5.619,5.6237,6.2795,7.6138,8.3121,10.7577,13.6544,13,13,13,13,13,13,13,13,13,13,13,13,13,13,13
01_13_07_01_0213.bmp,0,7,1,13,2.9279,2.3437,7.91,4.3534,4.7696,2.9003,2.9156,3.0463,3.1257,3.2592,3.6681,4.0297,5.4326,7.4359,8.5234,12,12,13,12,12,12,12,12,12,12,12,12,12,40,40
01_13_07_01_0214.bmp,0,7,1,13,3.6428,3.0204,8.5098,5.3172,5.5894,3.6875,3.645,3.848,4.042,4.1706,3.7535,5.0762,6.3145,7.2209,10.0287,12,12,16,13,13,12,12,12,12,12,12,12,12,40,40
01_13_07_01_0214.bmp,1,7,1,13,5.2938,3.1132,15.8886,5.9765,10.7237,5.2261,5.3827,5.4784,5.5212,5.6995,6.1617,7.1077,8.565,10.8281,13.1211,13,13,13,13,13,13,13,13,13,13,13,13,13,13,13
01_13_07_01_0218.bmp,0,7,1,13,3.5181,3.0129,9.3336,4.8716,4.8986,3.5451,3.5055,4.0676,3.89,4.4785,4.9958,5.6734,6.8957,8.8491,11.274,32,13,13,32,15,32,32,32,32,32,32,32,12,40,13
01_13_07_01_0218.bmp,1,7,1,13,5.3649,3.2151,14.8845,6.1698,10.739,5.5418,5.516,5.6119,5.6145,5.8676,6.33,7.1686,9.0749,10.9202,14.6656,13,13,13,13,13,13,13,13,13,13,13,13,13,13,40
01_13_07_01_0220.bmp,0,7,1,13,4.7031,3.9212,8.9869,6.1904,5.9927,4.7147,4.8337,4.9047,4.9394,4.9093,5.0699,6.5034,7.2803,9.6159,10.9472,32,13,13,32,15,32,32,32,32,32,32,13,13,13,40
01_13_07_01_0221.bmp,1,7,1,13,5.2273,3.1495,15.2518,6.5036,10.8271,5.2635,5.3608,5.395,5.7015,5.9065,6.228,7.5588,8.7903,10.833,13.4708,13,13,13,13,13,13,13,13,13,13,13,13,13,13,13
01_13_07_01_0222.bmp,0,7,1,13,5.0456,4.1873,11.0407,6.1615,6.317,5.0474,5.0763,5.1672,5.3207,5.6706,5.9285,7.2629,8.9113,12.5071,14.0448,32,13,13,32,15,32,32,32,32,32,32,13,40,13,40
01_13_07_01_0223.bmp,1,7,1,13,5.48,3.2232,14.8304,6.3073,10.8313,5.6282,5.6113,5.7332,5.6086,5.9037,6.514,7.2706,8.2565,10.8181,13.3798,13,13,13,13,13,13,13,13,13,13,13,13,13,13,13
01_13_07_01_0225.bmp,1,7,1,13,5.4455,3.1345,15.8636,6.2511,10.825,5.3783,5.4794,5.5841,5.7486,5.774,6.2804,7.0316,8.4911,10.3031,13.1709,13,13,13,13,13,13,13,13,13,13,13,13,13,13,13
01_13_07_01_0227.bmp,0,7,1,13,4.2202,3.7762,9.5385,5.2432,5.5923,4.2702,4.2995,4.5368,4.6595,5.0217,5.7345,7.1039,7.7339,10.5666,13.0308,15,13,13,15,15,15,15,15,13,13,13,13,13,40,40
01_13_07_01_0230.bmp,1,7,1,13,5.6012,3.2236,16.6668,5.4211,10.8746,5.6011,5.6806,5.8535,5.9674,6.3722,6.4187,7.4418,8.6487,10.5338,13.0341,13,13,13,13,13,13,13,13,13,13,13,13,13,13,13
01_13_07_01_0232.bmp,1,7,1,13,5.5404,3.1108,16.5408,4.6603,10.8665,5.4579,5.5392,5.6513,5.6906,6.4389,6.1332,7.1021,7.9307,10.3541,13.5082,13,13,13,13,13,13,13,13,13,13,13,13,13,13,13
01_13_07_01_0235.bmp,0,7,1,13,4.0702,4.4256,7.7161,1.8089,3.9581,4.1393,4.2947,4.3067,4.4624,4.8712,5.197,6.6132,7.6785,9.8666,11.8303,15,13,13,15,15,15,15,15,15,13,13,13,13,18,13
01_13_07_01_0237.bmp,0,7,1,13,4.3703,4.791,8.6348,2.8493,4.5843,4.531,4.5589,4.6195,4.6586,4.9855,5.3077,6.1877,7.3603,9.1717,11.8666,13,13,13,15,15,13,13,13,13,13,13,13,13,13,13
01_13_07_01_0238.bmp,1,7,1,13,5.5396,3.167,15.477,5.3928,10.8653,5.5081,5.5916,5.5563,5.7859,5.8,6.5617,7.0799,8.8914,10.9091,13.782,13,13,13,13,13,13,13,13,13,13,13,13,13,13,13
01_13_07_01_0239.bmp,0,7,1,13,4.6086,4.5444,10.5604,4.2415,5.0269,4.5878,4.6203,4.732,4.7665,4.9746,5.6176,6.1566,7.2473,9.3696,11.5434,13,13,13,15,15,13,13,13,13,13,13,13,13,13,13
01_13_07_01_0240.bmp,0,7,1,13,3.4868,3.1064,8.5361,4.2819,5.4101,3.4897,3.5994,3.8122,3.9546,3.9829,4.848,6.7249,7.7022,10.5932,12.8214,13,13,30,15,7,13,13,13,13,13,13,13,13,13,13
01_13_07_01_0242.bmp,1,7,1,13,5.447,3.1759,16.3372,5.4342,10.8957,5.438,5.5577,5.7046,5.8325,5.8511,6.0308,6.8235,8.9268,11.3921,13.1771,13,13,13,13,13,13,13,13,13,13,13,13,13,13,13
01_13_07_01_0243.bmp,0,7,1,13,4.5252,4.2494,10.3215,4.0028,6.3124,4.4602,4.5732,4.5914,4.7046,5.1791,6.0758,7.5647,9.1308,12.449,16.0466,15,13,13,15,7,15,15,15,15,13,13,13,13,13,13
01_13_07_01_0246.bmp,0,7,1,13,1.749,2.3236,4.912,0.0,2.0375,1.7875,1.9488,2.0894,2.3045,2.9619,3.276,4.9846,6.7229,8.5703,10.7264,13,13,13,13,15,13,13,13,13,13,13,13,13,13,13
01_13_07_01_0248.bmp,1,7,1,13,5.5899,3.1959,16.1402,5.7968,10.9064,5.6273,5.7257,5.7296,5.8808,5.8956,6.7606,7.2931,8.6507,11.3181,13.2545,13,13,13,13,13,13,13,13,13,13,13,13,13,13,13
01_13_07_01_0249.bmp,0,7,1,13,2.6047,2.2407,7.3469,2.5436,7.4819,2.6967,2.7497,2.8707,3.2435,3.8894,4.486,5.2814,7.267,10.4746,11.7276,13,13,13,13,13,13,13,13,13,13,13,13,13,13,13
01_13_07_01_0249.bmp,1,7,1,13,5.4949,3.2414,16.8719,5.8239,11.1732,5.683,5.618,5.8585,5.7773,5.8059,6.5933,7.5451,8.1602,10.8821,12.9604,13,13,13,13,13,13,13,13,13,13,13,13,13,13,13
01_13_07_01_0252.bmp,0,7,1,13,2.5289,2.5295,6.1927,2.2771,8.3112,2.4932,2.4545,2.5954,2.8442,3.4802,4.0208,5.1257,6.7065,10.4395,10.7827,13,13,13,13,13,13,13,13,13,13,13,13,13,13,13
01_13_07_01_0256.bmp,0,7,1,13,2.4431,1.6789,5.8499,2.6589,10.2525,2.5116,2.5523,2.793,3.1683,3.7328,4.4649,6.2338,8.078,10.4889,12.1914,13,13,13,13,13,13,13,13,13,13,13,13,13,13,13
01_13_07_01_0257.bmp,0,7,1,13,2.7175,1.6688,6.8609,2.8735,11.9037,2.7505,2.9947,3.131,3.3618,3.9841,4.4639,5.7871,7.1275,10.208,12.7778,13,13,13,13,13,13,13,13,13,13,13,13,13,13,13
01_13_07_01_0258.bmp,1,7,1,13,5.6207,3.267,16.7004,5.9677,11.0422,5.5848,5.5835,5.7465,5.8873,6.1536,6.4688,7.6395,8.6558,10.9011,14.7029,13,13,13,13,13,13,13,13,13,13,13,13,13,13,13
01_13_07_01_0260.bmp,1,7,1,13,5.4801,3.1968,16.4794,6.0548,10.8417,5.4126,5.6032,5.4473,5.7443,6.0421,6.3557,7.3585,8.6188,10.7581,13.1439,13,13,13,13,13,13,13,13,13,13,13,13,13,13,13
01_13_07_01_0267.bmp,0,7,1,13,2.3281,1.819,9.6892,3.3534,9.987,2.3207,2.533,2.6475,2.8965,3.4296,4.1632,5.3355,6.5646,9.1305,12.4653,13,13,13,13,13,13,13,13,13,13,13,13,13,13,13
01_13_07_01_0267.bmp,1,7,1,13,5.552,3.1314,15.4239,5.42,11.1266,5.4375,5.5822,5.7128,5.561,5.7578,6.4945,7.5104,8.6108,11.068,13.1372,13,13,13,13,13,13,13,13,13,13,13,13,13,13,13
01_13_07_01_0268.bmp,1,7,1,13,5.4418,3.0928,15.5242,5.5814,11.0217,5.4233,5.5189,5.5967,5.8455,5.7781,6.1384,7.4497,8.6557,11.1939,13.8742,13,13,13,13,13,13,13,13,13,13,13,13,13,13,13
01_13_07_01_0269.bmp,0,7,1,13,2.3127,1.7016,8.2129,3.2692,9.0314,2.3507,2.5493,2.7586,2.9529,3.6112,4.5496,5.7377,7.5489,10.7779,11.8175,13,13,13,13,13,13,13,13,13,13,13,13,13,13,13
01_13_07_01_0277.bmp,0,7,1,13,5.6595,3.2215,16.5895,5.7197,11.0268,5.5534,5.541,5.7237,5.7115,6.3587,6.349,7.3517,8.7903,10.9406,13.4337,13,13,13,13,13,13,13,13,13,13,13,13,13,13,13
01_13_07_01_0279.bmp,0,7,1,13,5.4301,3.2167,14.8891,6.1075,10.9822,5.4374,5.6674,5.5766,5.6309,5.9944,6.5464,7.754,8.2993,10.7834,13.6738,13,13,13,13,13,13,13,13,13,13,13,13,13,13,13
01_13_07_01_0281.bmp,0,7,1,13,5.4085,3.1449,14.2766,5.5007,10.9121,5.42,5.3753,5.4,5.8078,6.1756,5.9358,7.1635,7.9779,11.415,12.3783,13,13,13,13,13,13,13,13,13,13,13,13,13,13,13
01_13_07_01_0285.bmp,0,7,1,13,5.187,3.0324,15.3257,5.5894,10.8507,5.2074,5.44,5.3202,5.2978,5.4467,6.3113,7.4735,8.2947,11.2886,12.7534,13,13,13,13,13,13,13,13,13,13,13,13,13,13,13
01_13_07_01_0286.bmp,0,7,1,13,5.5079,3.2381,14.6862,5.7773,11.2536,5.4904,5.4823,5.701,5.6834,6.0081,6.0874,7.3122,8.4796,11.1456,13.8439,13,13,13,13,13,13,13,13,13,13,13,13,13,13,13
01_13_07_01_0290.bmp,0,7,1,13,5.439,3.1294,16.3483,5.7346,10.437,5.4272,5.4157,5.4503,5.491,6.0606,6.2497,7.5692,8.4841,10.5809,13.5316,13,13,13,13,13,13,13,13,13,13,13,13,13,13,13
01_13_07_01_0302.bmp,0,7,1,13,5.2735,3.3229,15.629,7.246,10.3744,5.2721,5.323,5.3696,5.5553,5.5794,6.2388,7.6654,7.8442,10.6466,13.6313,13,13,13,13,13,13,13,13,13,13,13,13,13,13,40
01_13_07_01_0306.bmp,0,7,1,13,5.5175,3.4429,19.7137,7.6666,10.8142,5.4682,5.6068,5.5299,5.8955,6.1975,6.4068,7.2326,8.8897,10.9049,14.2709,13,13,13,13,13,13,13,13,13,13,13,13,13,13,13
01_13_07_01_0308.bmp,0,7,1,13,5.4261,3.3934,19.2631,7.714,10.3697,5.4466,5.5001,5.6264,5.8046,6.0952,6.8611,7.5452,9.398,11.4818,14.3458,13,13,13,13,13,13,13,13,13,13,13,13,13,13,13
01_13_07_01_0320.bmp,0,7,1,13,5.8375,3.7617,21.3531,8.7638,10.8587,5.8668,5.8893,6.1369,6.3531,6.4614,7.0249,7.9066,9.0404,11.618,14.9678,13,13,13,13,13,13,13,13,13,13,13,13,13,13,13
01_13_07_01_0328.bmp,0,7,1,13,5.3255,3.1899,19.3667,6.7185,11.3268,5.3477,5.4339,5.4993,5.4093,5.7664,5.9553,7.0179,8.2817,11.2612,13.8486,13,13,13,13,13,13,13,13,13,13,13,13,13,13,13
01_13_07_01_0329.bmp,0,7,1,13,5.247,3.3742,16.856,6.4505,11.0245,5.2415,5.4507,5.4481,5.4119,5.7911,6.1112,7.3996,8.0692,10.5957,13.7463,13,13,13,13,13,13,13,13,13,13,13,13,13,13,13
01_13_07_01_0339.bmp,0,7,1,13,8.2327,4.7752,24.8358,7.2892,17.4998,8.2104,8.2401,8.334,8.1739,8.2689,8.9858,9.2647,9.9429,11.8016,15.1996,13,13,13,13,13,13,13,13,13,13,13,13,13,13,13
01_13_07_01_0340.bmp,0,7,1,13,8.9945,5.429,25.0583,7.3109,20.4155,9.0322,9.1138,9.0049,8.9214,9.4661,9.384,10.0034,10.9975,12.7222,15.0857,13,13,13,13,13,13,13,13,13,13,13,13,13,13,13
01_13_07_01_0343.bmp,0,7,1,13,10.0964,6.1671,24.5566,9.992,22.4451,10.1558,10.1888,10.364,10.3679,10.4961,10.7125,11.3247,12.0682,12.3536,15.5176,13,13,13,13,13,13,13,13,13,13,13,13,13,13,13
01_13_07_01_0347.bmp,0,7,1,13,12.0529,7.7641,25.6265,9.3102,23.0799,12.0763,11.993,12.0688,11.8821,11.9267,11.931,12.8083,13.4786,13.9101,17.0192,13,13,13,13,13,13,13,13,13,13,13,13,13,13,13
01_13_07_01_0350.bmp,0,7,1,13,11.5875,8.1805,25.0752,12.6833,24.2263,11.5575,11.7869,11.8174,11.7186,11.8007,12.556,12.9303,12.4028,16.2553,18.3833,13,13,13,13,2,13,13,13,13,13,13,13,13,13,13
01_13_07_01_0353.bmp,0,7,1,13,7.816,6.3079,25.4149,11.5036,10.7766,7.8209,7.9292,7.7374,7.9776,8.3049,8.6459,9.4776,10.7463,13.3165,15.8622,13,13,13,13,2,13,13,13,13,13,13,13,13,13,13
01_13_07_01_0354.bmp,0,7,1,13,7.9034,6.4244,23.3342,11.336,10.5946,7.9934,8.0392,7.9957,7.9045,7.8878,8.7699,9.634,9.8506,12.6049,15.4118,13,13,13,13,2,13,13,13,13,13,13,13,13,13,13
01_13_07_01_0355.bmp,0,7,1,13,7.2652,6.2788,21.4333,10.5915,9.4217,7.4239,7.4342,7.4646,7.4788,7.8703,7.6251,9.1332,9.8248,13.0689,14.988,13,13,13,13,2,13,13,13,13,13,13,13,13,13,13
01_13_07_01_0357.bmp,0,7,1,13,3.5106,3.6967,17.1812,4.3198,5.0633,3.5164,3.6823,4.0346,4.0669,4.5532,5.3667,6.5173,7.2398,10.6132,13.1574,15,13,13,15,15,15,15,15,15,13,13,13,13,13,13
01_13_07_01_0358.bmp,0,7,1,13,3.8171,4.0738,17.5972,5.0588,4.6281,3.9248,3.9219,4.1846,4.1477,4.4571,5.3442,6.7532,8.34,10.9865,12.6219,13,13,13,13,13,13,13,13,13,13,13,13,13,13,13
01_13_07_01_0360.bmp,0,7,1,13,3.0753,3.0946,12.3314,3.5902,4.1517,3.1339,3.2693,3.5451,3.5865,3.8893,4.5145,6.0821,6.8398,9.4266,12.4624,15,13,13,15,15,15,15,13,13,13,13,13,13,13,13
01_13_07_01_0363.bmp,0,7,1,13,2.7529,2.7681,10.4129,2.4308,3.6109,2.87,2.8801,3.0235,3.2483,3.7713,4.428,6.0111,6.9317,9.0317,11.8582,15,13,13,15,15,15,15,15,15,15,13,13,13,13,13
01_13_07_01_0367.bmp,0,7,1,13,2.4535,1.9633,10.3908,2.0805,4.1287,2.5226,2.732,2.6978,3.0332,3.6679,4.3407,5.6808,6.5081,9.3292,11.8769,15,13,13,15,15,15,15,15,13,13,13,13,13,13,13
01_13_07_01_0372.bmp,0,7,1,13,2.5665,2.4516,9.1222,2.2194,5.1978,2.4705,2.5911,2.8039,3.1411,3.6831,4.4119,5.2883,7.0955,9.1153,11.3124,15,13,13,13,15,15,15,13,13,13,13,13,13,13,13
01_13_07_01_0373.bmp,0,7,1,13,3.2752,3.8676,9.921,2.5499,5.8481,3.3031,3.3886,3.6027,3.6745,4.3752,4.6385,5.7316,7.6068,9.8346,11.7059,13,13,13,13,13,13,13,13,13,13,13,13,13,13,13
01_13_07_01_0381.bmp,0,7,1,13,2.56,2.9241,9.2962,4.0575,7.5485,2.6578,2.9039,3.0324,3.3002,4.4016,5.1553,7.3268,9.2146,12.624,15.8732,13,13,13,13,13,13,13,13,13,13,13,13,13,13,13
01_13_07_01_0384.bmp,0,7,1,13,1.3825,0.8235,7.3988,1.9807,6.2302,1.4317,1.6717,2.0589,2.275,2.9685,3.7445,5.3789,6.4495,10.1457,13.8664,15,15,7,15,15,15,15,15,15,15,15,15,8,8,8
01_13_07_01_0388.bmp,0,7,1,13,3.1911,2.2689,11.5981,4.7397,4.6741,3.1325,3.3973,3.3477,3.4912,4.3382,3.5127,3.2391,4.6285,6.1746,7.0318,13,31,42,3,15,13,12,13,12,12,13,12,12,11,13
01_13_07_01_0390.bmp,0,7,1,13,3.3824,2.5146,11.3656,5.1041,5.0118,3.3783,3.3838,3.479,3.1476,3.3253,4.0519,4.5523,5.0859,5.2292,9.0681,12,31,16,12,15,12,12,12,12,12,12,12,12,12,13
01_13_07_01_0391.bmp,0,7,1,13,3.4436,2.6319,11.4037,5.127,4.925,3.4422,3.3509,3.6531,3.3398,3.5237,3.3979,4.1166,3.899,6.1874,7.8579,12,31,16,13,15,12,12,12,12,12,12,12,13,13,13
01_13_07_01_0395.bmp,0,7,1,13,3.7395,2.735,8.0866,5.5662,5.2347,3.7405,3.7957,4.0126,3.9566,3.478,4.7121,4.2456,4.9011,6.1438,7.831,31,31,7,16,15,31,31,12,19,13,12,12,12,13,26
01_13_07_01_0396.bmp,0,7,1,13,3.5884,2.6495,8.8953,5.262,7.0885,3.5299,3.6328,3.4169,3.9147,3.9113,4.5992,3.0382,5.1393,5.4386,6.6304,13,31,13,13,13,13,13,13,13,13,13,12,12,13,13
01_13_07_01_0402.bmp,0,7,1,13,3.7447,2.6201,10.3511,5.6155,6.215,3.7189,3.7389,4.0038,3.7459,3.8974,4.0731,3.7926,5.1384,5.8423,6.4491,12,12,13,12,13,12,12,12,12,12,12,12,12,12,40
01_13_07_01_0407.bmp,0,7,1,13,3.6609,2.5998,10.922,5.443,5.4199,3.7085,3.5562,3.5829,3.9097,3.4432,4.1861,4.6951,4.926,5.8929,7.5622,12,31,42,12,15,12,12,12,12,12,13,13,13,7,13
01_13_07_01_0414.bmp,0,7,1,13,4.3109,3.2093,10.831,6.4104,6.8166,4.1152,4.3339,4.17,4.3197,4.372,4.4647,4.8347,5.9252,6.6364,7.3933,13,31,13,13,13,13,13,13,13,13,13,13,13,13,4
01_13_07_01_0423.bmp,0,7,1,13,6.0473,3.9648,11.0102,8.8999,4.4263,6.1222,6.2621,6.137,6.3106,5.8464,6.3526,6.9644,7.5459,7.529,7.302,13,31,13,13,13,13,13,13,13,13,13,13,13,13,13
01_13_07_01_0424.bmp,0,7,1,13,5.6375,3.8018,10.7728,8.2836,5.1959,5.7235,5.7592,5.6569,5.5952,5.5469,5.7599,6.0509,5.7378,7.7494,9.6038,13,31,13,13,13,13,13,13,13,13,13,13,13,13,13
01_13_07_01_0426.bmp,0,7,1,13,5.8097,3.8049,9.8595,8.2016,5.3817,5.6503,5.7398,5.8098,5.5646,6.4115,5.7896,5.4037,6.5773,7.5632,8.2128,13,31,13,13,13,13,13,13,13,13,13,13,13,13,12
01_13_07_01_0427.bmp,0,7,1,13,5.4214,3.5903,10.7896,7.57,6.6156,5.3107,5.699,5.4358,5.5962,5.7922,4.9952,5.6237,6.8317,7.4933,7.2906,13,31,13,13,13,13,13,13,13,13,13,13,13,13,13
01_13_07_01_0428.bmp,0,7,1,13,5.3667,3.4548,10.3792,7.7947,6.7446,5.3376,5.6395,5.4042,5.7006,5.0245,5.3704,5.2616,5.7187,7.4144,8.1313,13,36,13,13,13,13,13,13,13,13,13,13,13,13,13
01_13_07_01_0434.bmp,0,7,1,13,3.705,3.1322,10.5426,5.2395,5.5962,3.672,3.6619,3.7444,4.3464,3.8156,4.6298,6.5488,5.7897,7.1441,10.0568,13,13,1,4,13,13,13,13,13,13,13,13,13,13,13
01_13_07_01_0437.bmp,0,7,1,13,4.5323,3.249,10.3228,6.7229,7.101,4.4186,4.6883,4.7684,4.6114,5.0219,5.1655,6.3916,7.1453,7.5398,9.962,13,13,1,13,13,13,13,13,13,13,13,13,13,13,40
01_13_07_01_0438.bmp,0,7,1,13,4.3947,3.1712,9.8536,6.1924,6.6107,4.3367,4.5128,4.5979,4.8609,4.9714,4.3429,5.397,7.1952,7.8686,10.7895,13,13,7,13,13,13,13,13,13,13,13,13,13,12,13
01_13_07_01_0443.bmp,0,7,1,13,4.235,3.6034,9.6365,5.1302,5.7976,4.3357,4.283,4.344,4.1531,4.5461,4.9105,6.382,6.7446,8.4607,10.6185,13,13,13,13,13,13,13,13,13,13,13,13,13,13,13
01_13_07_01_0445.bmp,0,7,1,13,3.7707,3.5847,9.2885,4.0084,5.0819,3.7692,4.1141,3.8962,4.3428,4.8621,4.8584,4.9337,6.1479,8.3281,9.6349,13,13,13,13,13,13,13,13,13,13,13,13,13,13,12
01_13_07_01_0446.bmp,0,7,1,13,4.6682,3.4886,8.8201,5.5084,5.4661,4.761,5.0088,4.9133,4.6864,4.8443,5.2584,7.2617,6.767,9.0281,10.8661,13,13,13,13,13,13,13,13,13,13,13,13,13,13,13
01_13_07_01_0449.bmp,0,7,1,13,5.6327,4.1231,9.7644,7.5723,6.3042,5.6462,5.8878,5.956,6.048,5.9883,6.4732,7.2001,7.99,9.6188,11.4085,13,13,13,13,13,13,13,13,13,13,13,13,13,13,40
01_13_07_01_0451.bmp,0,7,1,13,5.1464,4.567,9.2524,5.9114,6.7476,5.0608,5.2107,5.4984,5.3103,5.959,5.9941,6.855,8.3641,8.5942,11.0505,13,13,13,13,13,13,13,13,13,13,13,13,13,13,40
01_13_07_01_0455.bmp,0,7,1,13,4.772,4.4319,11.6432,5.9481,6.4326,4.8586,4.7578,4.743,5.0435,5.4307,5.9223,6.5771,8.5569,10.0033,11.7469,13,13,13,15,13,13,13,13,13,13,13,13,13,13,13
01_13_07_01_0460.bmp,0,7,1,13,5.7264,3.9264,12.9378,8.5957,7.0442,5.6857,5.7554,6.0649,6.3536,6.42,6.7324,6.7694,7.7604,10.9535,12.5994,13,13,13,13,13,13,13,13,13,13,13,13,13,13,13
01_13_07_01_0464.bmp,0,7,1,13,6.3131,3.5089,10.5953,4.5499,2.1186,6.3188,6.4945,6.391,6.8553,6.5387,6.6578,7.4284,8.5933,10.8758,11.4553,13,13,13,13,13,13,13,13,13,13,13,13,13,13,13
01_13_07_01_0467.bmp,0,7,1,13,6.1753,4.1271,12.371,3.758,6.8881,6.1458,6.2768,6.2994,6.6297,6.6793,6.4607,7.45,8.8316,10.1237,14.0599,13,13,13,15,13,13,13,13,13,13,13,13,13,13,13
01_13_07_01_0471.bmp,0,7,1,13,3.3533,3.2077,13.4522,1.4682,3.632,3.396,3.5003,3.5447,3.6672,4.3902,5.2465,6.2751,7.3648,10.0644,12.0885,15,13,13,15,15,15,15,13,13,13,13,13,13,13,13
01_13_07_01_0474.bmp,0,7,1,13,5.0455,3.697,14.9733,4.4665,5.7009,5.25,5.2695,5.2837,5.4446,5.7551,6.5952,7.4522,9.4521,10.8531,14.4561,15,13,13,15,15,15,15,15,15,13,13,13,13,13,13
01_13_07_01_0477.bmp,0,7,1,13,4.394,3.0584,14.5358,4.4864,4.7302,4.4917,4.4593,4.4357,4.6656,4.9581,5.4533,6.5876,8.8978,10.6938,13.277,13,13,13,15,15,13,13,13,13,13,13,13,13,13,13
01_13_07_01_0491.bmp,0,7,1,13,2.4157,2.5146,11.2768,1.7525,3.0396,2.5084,2.4811,2.9197,3.1913,3.4967,4.8073,6.5695,7.9144,10.5462,13.0065,13,13,13,13,13,13,13,13,13,13,13,13,13,13,13
01_13_07_01_0493.bmp,0,7,1,13,2.613,2.1061,11.0881,1.5547,3.2376,2.5924,2.9221,3.0404,2.996,3.9632,4.7077,5.7676,6.8817,10.4956,12.9569,13,13,13,13,13,13,13,13,13,13,13,13,13,13,13
01_13_07_01_0502.bmp,0,7,1,13,2.2069,1.4464,12.1773,1.5406,5.912,2.3192,2.4173,2.5708,2.6275,3.2493,4.3307,6.0432,7.0763,10.6819,11.7433,13,13,13,13,13,13,13,13,13,13,13,13,13,13,13
01_13_07_01_0503.bmp,0,7,1,13,2.1876,1.4701,7.9393,1.3263,5.4418,2.3331,2.2332,2.3629,2.6167,3.3558,4.1808,6.2423,7.2518,10.5979,12.4827,13,13,13,13,13,13,13,13,13,13,13,13,13,13,13
01_13_07_01_0505.bmp,0,7,1,13,1.9987,1.3698,12.0636,2.0357,6.5068,2.2284,2.2581,2.3096,2.794,3.1804,4.0985,6.3868,7.5269,10.1819,12.1906,13,13,13,13,13,13,13,13,13,13,13,13,13,13,13
01_13_07_01_0508.bmp,0,7,1,13,1.6943,1.1118,5.8402,0.8462,6.1354,1.7246,1.8374,2.2352,2.6402,3.5365,4.0213,5.7939,7.0396,9.736,11.3689,13,13,13,13,13,13,13,13,13,13,13,13,13,13,13
01_13_07_01_0509.bmp,0,7,1,13,1.9366,1.7398,5.4531,2.0463,8.8396,2.0166,2.3073,2.3614,2.7524,3.6176,4.3583,5.9067,8.1603,10.8769,13.5144,13,13,13,13,13,13,13,13,13,13,13,13,13,13,13
01_13_07_01_0513.bmp,0,7,1,13,1.5985,1.1478,9.4181,2.3476,9.576,1.6244,1.8693,2.4284,2.3174,3.784,4.7028,6.1124,7.7117,10.7051,14.2438,13,13,13,13,7,13,13,13,13,13,13,13,13,13,13
01_13_07_01_0514.bmp,0,7,1,13,1.6618,1.1422,8.0496,2.3306,9.7454,1.7421,1.9241,2.1762,2.7718,3.2876,3.9605,6.0087,7.2502,10.8296,13.4352,13,13,13,13,13,13,13,13,13,13,13,13,13,13,13
01_13_07_01_0515.bmp,0,7,1,13,1.8144,1.6136,6.7235,2.1811,4.7047,1.9777,2.1529,2.3889,2.6915,3.1887,3.9092,4.8882,6.346,8.8499,10.9391,14,13,14,14,14,14,14,14,14,14,14,14,14,14,14
01_13_07_01_0521.bmp,0,7,1,13,2.4449,1.9378,11.1856,3.6492,3.748,2.6017,2.5106,2.7143,2.7181,2.8816,3.2142,3.9916,4.4052,5.0022,6.3761,12,31,42,32,13,32,12,32,12,12,12,19,12,7,40
01_13_07_01_0523.bmp,0,7,1,13,5.341,4.6946,10.4201,6.8068,9.1216,5.3632,5.2975,5.6588,5.3876,5.854,6.2421,6.5786,7.2189,9.6021,11.8156,13,13,13,32,31,13,13,13,13,13,13,13,13,13,40
01_13_07_01_0525.bmp,0,7,1,13,5.239,4.3385,9.4864,7.5586,7.3166,5.3233,5.2923,5.4739,5.3061,5.4999,5.4228,6.0382,7.2794,8.0091,9.9441,32,31,13,32,32,32,13,13,13,13,13,13,13,40,40
01_13_07_01_0532.bmp,0,7,1,13,2.1548,1.8431,9.5616,3.1617,3.6855,2.1117,2.3327,2.362,2.5219,3.1237,3.1965,4.2381,5.015,5.8293,7.4907,32,32,32,32,32,32,32,32,32,32,32,12,38,40,34
01_13_07_01_0535.bmp,0,7,1,13,5.9193,3.8346,10.479,8.9199,8.2339,6.0207,6.0185,5.7977,5.9891,5.9161,6.5202,7.2766,7.285,8.4517,9.9944,13,13,13,13,15,13,13,13,13,13,13,13,13,40,40
01_13_07_01_0538.bmp,0,7,1,13,2.1801,1.903,11.4071,3.2501,4.5185,2.1829,2.2548,2.4301,2.6617,3.0117,2.8298,3.7956,3.784,5.3887,6.5178,32,31,13,32,32,32,32,32,32,32,32,12,32,23,34
01_13_07_01_0539.bmp,0,7,1,13,5.1578,3.1888,12.0633,7.6976,7.0063,5.1392,4.9324,5.3041,5.0119,5.7674,5.0795,6.0812,6.4012,8.839,10.7509,13,13,7,13,15,13,13,13,13,13,13,12,13,40,40
01_13_07_01_0540.bmp,0,7,1,13,1.9777,1.6451,12.233,2.9604,4.6952,1.9173,1.8164,2.1581,2.1302,2.0507,3.2843,4.0648,4.9729,6.5915,7.4035,32,31,13,32,12,32,32,32,32,32,32,32,12,13,40
01_13_07_01_0547.bmp,0,7,1,13,4.2201,2.6977,10.6567,6.2927,7.0315,4.2331,4.0619,4.3682,4.4912,4.4621,4.7502,5.8101,6.6755,7.6993,9.3801,13,13,13,13,13,13,13,13,13,13,13,13,12,13,40
01_13_07_01_0550.bmp,0,7,1,13,2.8529,2.2886,9.6102,4.2258,7.2929,2.7924,2.9945,2.9435,3.3286,4.0104,3.6672,4.1564,5.1112,6.1021,6.4722,32,31,13,32,13,32,32,32,12,32,12,13,12,13,34
01_13_07_01_0551.bmp,0,7,1,13,3.9091,2.4801,9.8513,5.8375,5.5084,3.9923,4.2156,3.9418,4.304,4.6594,5.3297,5.4759,7.0898,9.1741,10.0721,13,13,13,13,15,13,13,13,13,13,13,13,13,40,40
01_13_07_01_0554.bmp,0,7,1,13,2.9189,2.3019,11.6771,4.1877,7.8698,2.892,3.0851,2.6944,2.9099,2.8547,3.6069,4.1634,4.5256,5.8193,7.3934,32,31,13,32,13,32,32,32,32,32,32,12,13,13,40
01_13_07_01_0555.bmp,0,7,1,13,4.3996,2.8243,11.0503,6.6509,5.8396,4.2886,4.4795,4.5874,4.5014,4.6817,5.6326,6.1356,7.0562,9.164,11.1074,13,13,13,13,15,13,13,13,13,13,13,13,13,40,40
01_13_07_01_0560.bmp,0,7,1,13,1.7117,1.4235,13.8279,2.471,6.6021,1.6249,1.9686,2.1075,2.6638,2.2397,3.1753,3.7972,5.217,5.3215,6.2503,32,31,16,32,35,12,32,38,32,12,32,12,13,13,13
01_13_07_01_0561.bmp,0,7,1,13,3.935,2.5459,10.2769,5.8847,5.5435,3.9121,3.7037,4.1867,4.3021,4.1147,4.4905,5.9999,6.4718,9.0523,12.414,13,13,13,13,15,13,13,13,13,13,13,13,13,40,40
01_13_07_01_0562.bmp,0,7,1,13,2.0297,1.863,13.167,2.9919,5.2392,1.9761,1.9403,2.4928,2.4025,3.0418,2.9719,3.3393,4.6666,6.602,7.2933,31,31,25,12,0,31,31,12,31,12,12,31,12,38,40
01_13_07_01_0563.bmp,0,7,1,13,3.7785,2.3573,11.9505,5.6291,5.4894,3.6803,3.9215,3.8195,3.7971,3.8554,4.3915,5.5192,7.3524,9.1254,9.9703,13,13,13,13,15,13,13,13,13,13,13,13,13,13,40
01_13_07_01_0569.bmp,0,7,1,13,5.5509,4.0442,13.7587,8.1676,9.2041,5.5375,5.626,5.7504,5.7562,5.9482,6.5202,7.3519,7.839,10.5654,12.1786,13,13,13,15,15,13,13,13,13,13,13,13,13,13,40
01_13_07_01_0575.bmp,0,7,1,13,7.3961,5.3555,16.031,10.9704,9.1504,7.334,7.4938,7.3712,7.5129,7.6507,7.9668,8.6857,9.723,12.0071,13.9136,15,13,13,15,15,15,15,13,13,13,13,13,13,13,40
01_13_07_01_0577.bmp,0,7,1,13,6.6503,4.5448,16.6532,9.6436,8.2583,6.5906,6.5147,6.608,6.4627,6.8429,7.412,7.7816,9.2411,11.6098,14.5844,13,13,13,15,15,13,13,13,13,13,13,13,13,13,40
01_13_07_01_0579.bmp,0,7,1,13,7.5348,5.1508,18.0294,11.0066,11.17,7.3438,7.4645,7.4711,7.4854,7.848,7.6733,8.7792,8.8746,11.6604,14.3027,13,13,13,13,15,13,13,13,13,13,13,13,13,13,40
01_13_07_01_0581.bmp,0,7,1,13,6.5182,4.5126,15.8908,9.5038,8.5531,6.7435,6.6749,6.7442,6.7084,6.7553,7.5929,8.2427,9.7024,12.035,13.6113,15,13,13,15,15,15,15,15,13,13,13,13,13,13,13
01_13_07_01_0583.bmp,0,7,1,13,6.1134,4.343,17.4788,8.4784,15.135,6.0046,5.9124,5.9624,6.0775,6.185,6.3792,7.5947,8.7359,10.5705,13.602,15,13,13,15,15,15,15,15,15,15,13,13,13,13,13
01_13_07_01_0584.bmp,0,7,1,13,3.7293,3.5407,9.7187,5.0346,8.7931,3.7137,3.8734,3.7584,4.2302,4.5255,4.204,4.5875,6.5457,7.5243,8.5391,13,13,13,13,13,13,13,13,13,13,13,13,13,12,2
01_13_07_01_0588.bmp,0,7,1,13,3.7285,3.5827,8.9032,3.8709,6.5157,3.6592,3.7241,3.7555,4.1122,3.8061,4.5963,4.8405,5.7638,7.9537,8.1915,13,13,13,15,13,13,13,13,13,13,13,13,13,13,40
01_13_07_01_0589.bmp,0,7,1,13,4.6048,3.9504,15.5306,5.9367,5.5658,4.5635,4.5231,4.8444,5.0299,5.4926,5.9311,7.3042,9.1153,12.4271,14.5652,15,13,13,15,15,15,15,15,15,13,13,13,13,13,13
01_13_07_01_0591.bmp,0,7,1,13,6.0382,4.4601,17.2409,8.678,14.4414,6.1536,6.2531,6.5447,6.4668,6.9683,7.422,8.1799,10.177,12.479,15.0618,15,13,13,15,15,15,15,13,13,13,13,13,13,13,40
01_13_07_01_0600.bmp,0,7,1,13,5.4238,3.7952,17.986,7.0163,5.8295,5.4089,5.2952,5.2631,5.6307,5.8658,6.206,7.1567,8.8032,10.5009,13.6901,15,13,13,15,15,15,15,15,13,13,13,13,13,13,13
01_13_07_01_0605.bmp,0,7,1,13,4.8838,3.221,12.9266,6.8741,5.7336,4.8226,5.1118,4.9435,5.4949,5.4692,6.2755,7.3146,8.4745,11.0713,14.8233,15,13,13,30,15,15,15,13,13,13,13,13,13,13,13
01_13_07_01_0610.bmp,0,7,1,13,4.635,3.6204,14.2215,6.8237,5.495,4.7057,4.8096,5.0031,4.9767,5.9269,5.9507,6.4974,7.8939,11.3162,13.7142,13,13,13,13,13,13,13,13,13,13,13,13,13,13,13
01_13_07_01_0613.bmp,0,7,1,13,3.4534,2.1446,13.5805,5.0901,9.8743,3.5006,3.4759,3.7942,3.7808,4.285,5.1006,6.0352,7.9986,10.8464,13.7047,13,13,13,15,13,13,13,13,13,13,13,13,13,13,13
01_13_07_01_0615.bmp,0,7,1,13,3.8042,2.5267,9.9699,5.6572,17.6237,3.6979,3.8166,3.8862,4.1357,4.2307,4.3599,6.8357,8.5256,12.6121,15.469,13,13,13,13,13,13,13,13,13,13,13,13,13,13,13
01_13_07_01_0621.bmp,0,7,1,13,2.5228,1.8887,15.8894,3.6255,15.403,2.4794,2.6627,2.812,3.5688,3.8726,5.1024,7.211,8.8619,13.538,16.9238,13,13,13,13,7,13,13,13,13,13,13,13,13,13,13
01_13_07_01_0622.bmp,0,7,1,13,1.9093,1.2779,9.4766,2.6572,14.0347,1.9435,2.1414,2.3918,2.7984,3.5821,3.9724,6.0238,7.2314,10.6321,12.635,13,13,13,13,7,13,13,13,13,13,13,13,13,13,13
01_13_07_01_0626.bmp,0,7,1,13,1.0534,0.7088,15.03,1.5098,13.0981,1.0929,1.5518,1.5926,2.101,3.0546,3.5116,5.4146,7.288,11.1236,12.9959,13,13,13,13,7,13,13,13,13,13,13,13,13,13,13
01_03_07_02_0002.bmp,0,7,2,9,0.9665,0.7246,14.2418,1.264,2.4683,1.1232,1.0211,1.4525,1.6706,2.3872,2.7245,4.1383,4.997,7.7215,9.3406,31,31,13,12,13,31,32,32,12,12,12,12,12,12,23
01_03_07_02_0004.bmp,0,7,2,9,1.0667,0.893,13.5687,1.6223,4.1807,1.1918,1.3428,1.6228,1.8275,2.385,2.8256,4.2145,5.4605,7.3902,8.3073,31,31,42,31,13,31,31,31,12,12,12,12,12,12,40
01_03_07_02_0009.bmp,0,7,2,9,1.9728,1.4564,11.8819,2.9885,4.8677,1.9956,1.9805,2.301,2.1936,2.8186,3.1444,4.3641,5.5062,6.9074,9.4133,31,31,13,12,13,31,31,12,32,12,12,12,12,12,40
01_03_07_02_0010.bmp,0,7,2,9,2.1268,1.5206,14.0455,3.1729,4.7744,2.1393,2.2626,2.6261,2.466,2.9185,3.4794,4.4056,5.6726,7.3492,9.8396,32,31,41,13,15,32,32,32,32,32,32,12,12,25,40
01_03_07_02_0018.bmp,0,7,2,9,2.193,1.7324,12.574,3.2764,5.5682,2.2694,2.2749,2.427,2.4667,3.2152,4.1451,4.7924,5.3857,7.9123,10.3777,31,31,16,15,15,31,13,13,13,13,12,13,12,40,40
01_03_07_02_0025.bmp,0,7,2,9,2.5162,2.085,11.7187,3.8095,8.5266,2.5393,2.8413,2.8731,3.032,3.675,4.0139,5.5438,6.4375,7.4352,10.8106,13,31,41,13,13,13,13,13,13,13,13,13,13,25,40
01_03_07_02_0028.bmp,0,7,2,9,2.3897,2.0762,14.0708,3.6658,5.5572,2.4103,2.6908,2.9871,3.1612,3.9203,4.6957,6.7097,8.0368,11.4361,13.1919,13,13,13,13,15,13,13,13,13,13,13,12,12,40,40
01_03_07_02_0029.bmp,0,7,2,9,2.4585,2.0278,15.8818,3.6279,8.0596,2.4414,2.6594,2.7717,2.8329,3.4679,4.0358,5.3414,6.7565,8.2847,11.0518,13,13,41,13,13,13,13,13,13,13,13,13,13,25,25
01_03_07_02_0030.bmp,0,7,2,9,2.305,2.0298,15.9521,3.5344,7.66,2.29,2.4703,2.5433,2.7025,3.45,4.127,5.0321,6.4823,9.278,10.5973,13,13,41,13,13,13,13,13,13,13,13,13,13,40,40
01_03_07_02_0038.bmp,0,7,2,9,2.8323,2.5712,12.835,4.2025,5.1755,2.867,3.0929,2.9964,3.4719,3.9052,4.5553,6.0737,6.687,9.1168,11.318,13,13,13,41,15,13,13,13,13,13,13,13,13,25,40
01_03_07_02_0042.bmp,0,7,2,9,5.019,4.3114,14.8762,7.3846,9.1519,5.0396,5.1045,5.2084,5.1021,5.146,5.5164,7.2298,8.0927,9.6656,12.7525,15,13,41,15,15,15,13,13,13,13,13,13,40,40,40
01_03_07_02_0044.bmp,0,7,2,9,5.2977,4.1206,15.0343,7.4837,11.43,5.2793,5.3959,5.3798,5.2046,5.362,5.9344,6.9205,7.5665,10.8982,12.123,13,13,41,15,15,13,13,13,13,13,13,13,40,40,40
01_03_07_02_0046.bmp,0,7,2,9,5.6172,4.5555,17.0607,8.1814,10.4119,5.7097,5.7381,5.7087,5.7992,6.2361,6.3825,7.3098,8.3197,10.7308,13.0828,13,13,41,15,15,13,13,13,13,13,13,13,13,40,40
01_03_07_02_0048.bmp,0,7,2,9,6.0384,4.8379,16.592,8.8494,8.9382,6.0779,6.0479,6.2481,6.2296,6.4708,6.483,7.2318,9.0861,10.998,13.1502,13,13,41,15,15,13,13,13,13,13,13,13,13,41,40
01_03_07_02_0060.bmp,0,7,2,9,5.5478,4.9805,13.2335,8.2439,8.5757,5.5956,5.7009,5.8921,5.7835,6.2007,6.6807,7.6509,8.7357,11.1142,14.5508,15,15,15,15,15,15,15,15,15,15,15,41,13,41,24
01_03_07_02_0066.bmp,0,7,2,9,4.6749,3.6913,11.1967,7.0343,6.7086,4.6901,4.6826,4.9133,4.8935,5.3149,5.334,7.388,8.5604,11.0668,13.7838,15,15,15,15,15,15,15,15,15,15,15,13,41,41,24
01_03_07_02_0068.bmp,0,7,2,9,5.2228,4.1554,13.2659,8.0002,8.0088,5.3029,5.3673,5.4456,5.5851,5.77,6.6098,7.7734,8.7526,10.0441,13.8742,15,15,15,15,15,15,15,15,15,15,15,41,41,41,25
01_03_07_02_0069.bmp,0,7,2,9,5.6907,4.3262,13.2955,8.517,7.8286,5.8086,5.7092,5.8728,5.8883,6.5402,6.3433,7.3151,9.2855,10.6682,13.9935,15,15,15,15,15,15,15,15,15,15,15,15,13,13,41
01_03_07_02_0071.bmp,0,7,2,9,5.0646,3.8836,13.1806,7.6409,7.2527,5.1204,5.2521,5.3982,5.3995,5.5479,6.289,6.7198,8.4345,11.2257,14.3884,15,15,15,15,15,15,15,15,15,15,15,13,41,41,41
01_03_07_02_0073.bmp,0,7,2,9,5.2613,4.4145,12.2247,7.7554,7.3956,5.3319,5.4013,5.3768,5.4489,5.8489,6.3037,6.9451,8.5609,11.4993,13.7144,15,15,15,15,15,15,15,15,15,15,15,41,41,41,41
01_03_07_02_0077.bmp,0,7,2,9,5.3825,4.9251,13.0446,7.7733,8.2879,5.5088,5.4218,5.6587,5.736,5.8929,6.1432,7.471,9.1826,11.1652,14.1716,15,15,15,15,15,15,15,15,15,15,15,41,41,41,41
01_03_07_02_0078.bmp,0,7,2,9,5.0461,5.2453,14.9973,6.8613,8.1226,5.0732,5.1623,5.1646,5.3589,5.9447,6.2884,7.5375,8.568,10.4252,14.3061,15,15,15,15,15,15,15,15,15,15,15,15,41,41,41
01_03_07_02_0079.bmp,0,7,2,9,5.7085,5.2657,14.7902,7.9901,8.8402,5.7076,5.8431,5.8044,5.9432,6.3138,6.7208,7.5024,9.1546,11.3723,14.3984,15,15,15,15,15,15,15,15,15,15,15,41,41,41,41
01_03_07_02_0080.bmp,0,7,2,9,6.0268,5.4955,14.2733,8.3453,9.6018,6.0011,6.1924,6.1672,6.1852,6.3867,6.8615,7.4272,8.9455,11.3931,14.3403,15,15,15,15,15,15,15,15,15,15,15,15,15,41,13
01_03_07_02_0081.bmp,0,7,2,9,6.4038,5.8446,15.5306,8.7143,9.1815,6.3251,6.3984,6.5916,6.6735,6.9335,7.4143,8.1469,9.0105,11.9758,13.6956,15,15,15,15,15,15,15,15,15,15,15,15,15,41,41
01_03_07_02_0084.bmp,0,7,2,9,7.0215,5.8992,17.9034,8.6499,10.4324,7.0252,7.0643,7.1097,7.081,7.5985,7.6766,8.3671,9.6403,10.885,13.7916,15,15,15,15,9,15,15,15,15,15,15,15,15,41,41
01_06_07_02_0004.bmp,1,7,2,14,1.1855,0.8981,11.479,1.7775,2.4716,1.2967,1.3707,1.4055,1.6333,2.0903,2.5939,3.4292,4.4959,5.5372,7.8942,36,36,14,14,5,36,36,36,36,36,36,25,25,25,14
01_06_07_02_0006.bmp,0,7,2,14,4.7663,4.0303,14.092,6.8324,6.7523,4.7318,4.768,5.0305,4.9968,5.2971,5.7407,6.2553,7.8355,10.2441,12.1132,15,15,15,17,17,15,15,15,15,15,15,14,14,14,25
01_06_07_02_0006.bmp,1,7,2,14,1.9317,1.4566,10.7584,2.8681,3.2137,1.9728,1.9832,2.1129,2.5679,2.9956,3.1103,4.2359,5.6293,8.1145,10.5169,36,36,25,14,14,36,36,36,36,36,36,0,25,14,11
01_06_07_02_0008.bmp,0,7,2,14,3.3426,2.4723,11.9388,5.1645,6.7557,3.4238,3.5862,3.5304,3.8501,3.8729,4.745,5.6363,6.9644,9.7094,12.476,17,25,14,17,17,17,17,17,17,14,14,14,14,14,14
01_06_07_02_0008.bmp,1,7,2,14,2.2725,1.7147,11.7289,3.4051,3.7118,2.2422,2.3282,2.5355,2.6757,3.1547,3.454,4.5737,5.0686,7.8065,10.3778,36,36,0,14,14,36,36,36,36,0,0,0,0,25,11
01_06_07_02_0011.bmp,0,7,2,14,4.4417,3.3148,14.3008,6.5398,7.8134,4.4265,4.4648,4.5134,4.782,5.1552,5.5358,6.8735,8.2718,10.2395,12.8317,17,13,14,14,14,17,17,17,17,14,14,14,14,14,14
01_06_07_02_0012.bmp,1,7,2,14,2.5062,1.8867,11.9794,3.7932,4.1174,2.5982,2.5826,2.5669,3.0629,3.2583,3.9231,5.0147,5.8262,8.0444,9.4846,36,36,0,0,14,0,0,0,0,0,0,0,0,0,25
01_06_07_02_0014.bmp,1,7,2,14,2.5128,1.8977,12.5351,3.7145,4.7748,2.5766,2.576,2.7878,2.7847,3.0368,3.4586,4.9689,5.8865,8.756,10.5822,0,36,0,0,14,0,0,0,0,0,0,0,0,11,14
01_06_07_02_0015.bmp,0,7,2,14,4.8926,3.7701,15.901,6.1124,8.5718,4.8629,4.9451,4.9942,5.0995,5.3264,6.1592,6.6828,8.0796,10.5692,13.0061,14,13,14,14,14,14,14,14,14,14,14,14,14,14,14
01_06_07_02_0017.bmp,1,7,2,14,3.1542,2.3323,10.8197,4.8299,5.8808,3.3093,3.2059,3.5271,3.8063,4.1837,4.6215,5.554,6.7034,9.5643,12.5016,0,36,0,0,14,0,0,0,0,0,0,25,25,25,25
01_06_07_02_0018.bmp,0,7,2,14,4.696,3.483,15.1521,5.683,8.7974,4.775,4.7591,4.9257,5.0274,5.1686,5.9161,6.916,8.0138,10.7605,13.3702,17,13,14,14,17,17,14,14,14,14,14,14,14,14,14
01_06_07_02_0018.bmp,1,7,2,14,3.4592,2.6439,9.684,5.3123,4.6272,3.4907,3.5727,3.5959,3.9121,4.4286,4.5784,5.6818,6.4215,8.9445,11.216,0,36,17,0,14,0,0,0,0,0,0,0,0,25,0
01_06_07_02_0020.bmp,0,7,2,14,5.5028,4.3535,15.4837,6.3448,8.6071,5.5085,5.6306,5.4675,5.8714,5.8102,6.1691,7.1887,8.5074,11.1315,13.2842,14,13,14,14,14,14,14,14,14,14,14,14,14,14,14
01_06_07_02_0022.bmp,1,7,2,14,3.3009,2.3622,9.4817,4.7547,4.5039,3.455,3.5605,3.5401,3.2791,4.3709,4.245,5.7312,6.3759,8.1623,11.7156,17,0,14,17,15,17,0,0,0,0,0,25,0,14,25
01_06_07_02_0023.bmp,1,7,2,14,4.1966,2.9569,10.165,5.558,5.1877,4.2682,4.2959,4.4586,4.6039,4.8892,4.7771,6.4539,7.1118,9.722,11.4512,15,0,14,17,14,15,17,15,17,0,12,12,12,25,25
01_06_07_02_0024.bmp,1,7,2,14,3.8973,2.8215,11.0463,5.0997,4.9984,3.8763,3.8854,4.1537,4.2554,4.4264,4.6446,5.8423,6.607,9.0406,11.8174,15,36,26,15,14,15,15,17,17,17,17,12,25,25,25
01_06_07_02_0025.bmp,0,7,2,14,6.188,4.9173,16.0471,6.9773,11.226,6.2287,6.1743,6.4158,6.3476,6.7277,7.2002,8.0747,9.4002,12.4116,14.2723,14,14,14,14,14,14,14,14,14,14,14,14,14,14,14
01_06_07_02_0027.bmp,0,7,2,14,6.0214,5.2846,15.1453,5.9438,10.1701,5.9986,6.05,6.1317,6.2769,6.6175,6.7813,8.3825,9.214,11.5511,12.9013,14,14,14,14,14,14,14,14,14,14,14,14,14,14,14
01_06_07_02_0028.bmp,1,7,2,14,4.2012,3.0954,14.2582,6.2456,6.8265,4.2647,4.2542,4.3358,4.5378,5.0006,5.5076,7.1314,7.2982,10.3672,14.6438,15,36,18,15,15,15,15,19,13,12,12,12,24,24,25
01_06_07_02_0031.bmp,0,7,2,14,7.8323,7.4378,18.603,8.2154,12.3825,7.7438,7.7381,7.9047,7.8467,8.2938,8.2103,9.3026,10.6064,11.8106,15.3949,14,14,14,14,14,14,14,14,14,14,14,14,14,14,14
01_06_07_02_0032.bmp,0,7,2,14,6.7692,6.4152,17.7259,7.6985,11.2772,6.7107,6.941,6.8583,7.0188,7.527,7.815,8.4272,8.987,11.8351,13.6428,14,14,14,14,14,14,14,14,14,14,14,14,14,14,14
01_06_07_02_0037.bmp,0,7,2,14,9.0626,8.946,20.0616,6.446,11.604,9.0104,9.0907,9.2151,8.9598,9.1987,9.4537,9.8549,10.8699,12.5864,13.3506,14,14,14,14,14,14,14,14,14,14,14,14,14,14,14
01_06_07_02_0038.bmp,0,7,2,14,9.389,9.3143,17.724,7.1408,11.7623,9.3381,9.4224,9.4158,9.3794,9.7917,9.6393,10.6681,10.4681,12.6731,14.3092,14,14,14,14,14,14,14,14,14,14,14,14,14,14,14
01_06_07_02_0040.bmp,0,7,2,14,10.6234,10.7425,18.0194,6.8357,12.706,10.6902,10.6066,10.6752,10.8485,11.2275,11.7858,11.3063,12.708,13.671,15.7356,14,14,14,14,14,14,14,14,14,14,14,14,14,14,14
01_06_07_02_0042.bmp,1,7,2,14,2.8515,2.6893,7.3626,4.2838,4.6698,2.8643,2.8898,2.9271,3.0751,3.4383,3.4963,4.5413,5.0556,7.5577,10.01,13,36,5,3,15,13,13,13,13,13,12,12,12,12,2
01_06_07_02_0047.bmp,0,7,2,14,2.6065,2.7184,9.0729,3.5889,3.3175,2.6314,2.7435,2.8884,3.0865,3.6415,3.7765,4.6516,5.9702,7.7851,10.4948,15,36,0,15,15,15,15,15,13,15,13,12,13,25,25
01_06_07_02_0050.bmp,0,7,2,14,3.4442,3.2008,8.6354,5.1001,4.1408,3.5007,3.5942,3.6429,3.6924,4.2868,4.3882,5.3971,6.4923,8.8878,11.2204,15,12,26,14,14,15,15,15,15,12,12,14,14,13,23
01_06_07_02_0055.bmp,0,7,2,14,4.2856,3.9318,10.8018,5.6396,3.7572,4.2795,4.2404,4.2593,4.3538,4.5972,5.1889,6.0305,6.6821,9.5773,11.6932,15,13,14,14,14,15,15,17,13,14,14,14,14,25,25
01_06_07_02_0058.bmp,0,7,2,14,4.2724,4.1363,9.7968,5.2218,4.6358,4.3137,4.2916,4.4168,4.6203,4.7441,5.2233,6.5277,7.1901,10.5451,11.9438,17,13,14,14,14,17,17,14,14,14,14,14,14,25,13
01_06_07_02_0060.bmp,0,7,2,14,3.1577,3.1344,10.8319,3.7956,4.322,3.2567,3.2225,3.6065,3.5452,3.8807,4.6423,5.4462,6.6904,9.1778,11.8124,13,13,14,14,17,13,13,13,14,14,14,14,14,23,13
01_06_07_02_0062.bmp,0,7,2,14,2.4842,2.4882,10.7161,3.1613,3.7759,2.6025,2.6952,2.7734,3.0622,3.4874,4.305,5.2623,7.0603,8.5179,11.5666,17,15,16,14,17,17,17,17,14,14,14,14,14,23,23
01_06_07_02_0063.bmp,0,7,2,14,3.1768,3.1052,12.2701,3.7858,4.8483,3.1957,3.2952,3.3979,3.5653,4.0227,4.5858,5.8564,7.2808,9.6424,12.2884,15,15,15,17,17,15,17,17,14,14,14,14,14,14,25
01_06_07_02_0064.bmp,0,7,2,14,2.9688,2.7992,10.8665,3.9999,4.5563,2.919,3.266,3.2632,3.7099,4.1549,4.769,5.954,7.8239,10.3659,12.9432,15,15,14,14,17,15,15,15,14,14,14,14,14,19,25
01_06_07_02_0065.bmp,0,7,2,14,2.7393,2.673,9.611,3.3239,4.4985,2.7968,2.8305,2.9105,3.1667,3.8802,4.3358,6.058,6.911,9.0792,12.5959,17,15,14,14,17,17,17,17,17,14,14,14,14,13,23
01_06_07_02_0066.bmp,0,7,2,14,3.004,2.7547,11.4477,3.9002,5.4633,2.9865,3.0123,3.1322,3.582,3.8655,4.5059,5.5991,7.1516,9.3353,12.6001,15,13,17,14,17,15,15,15,14,14,14,14,14,25,13
01_06_07_02_0068.bmp,0,7,2,14,3.297,3.2781,10.3776,4.0548,5.3571,3.3381,3.5502,3.5465,3.7528,4.2748,4.7451,6.2371,7.3198,9.8159,11.9789,15,15,14,14,17,15,14,14,14,14,14,14,14,14,13
01_06_07_02_0071.bmp,0,7,2,14,2.7939,2.9872,10.5476,2.281,4.6411,2.8985,3.0132,3.0706,3.174,3.7392,4.6094,5.1142,7.2124,9.3797,11.3795,15,15,17,14,17,15,15,14,14,14,14,14,14,14,23
01_06_07_02_0086.bmp,0,7,2,14,3.7602,3.2173,13.6537,5.5344,6.1828,3.7778,3.7687,3.9725,4.0398,4.3454,4.986,5.4539,6.4437,9.5314,11.5142,17,16,16,17,17,17,17,9,9,9,9,9,9,40,25
01_11_07_02_0004.bmp,0,7,2,12,1.9236,1.3516,9.7803,2.8629,4.4752,2.0738,1.8405,2.0767,2.0753,2.6415,2.7541,3.9387,4.6586,6.3976,8.2254,31,31,1,31,31,31,36,36,36,31,31,12,12,12,12
01_11_07_02_0006.bmp,0,7,2,12,1.8535,1.2167,9.5652,2.6921,4.2661,1.7152,2.0462,1.7131,2.5132,2.4166,3.2538,3.5416,5.0942,6.407,8.3448,31,31,1,31,15,31,36,31,31,36,12,12,12,0,12
01_11_07_02_0007.bmp,0,7,2,12,1.5357,1.1345,8.6233,2.3911,4.9639,1.5918,1.8767,1.7267,2.082,2.5261,2.2545,4.1925,4.1733,6.0209,7.4355,31,31,1,31,15,31,36,31,36,31,12,12,12,12,12
01_11_07_02_0009.bmp,0,7,2,12,1.5918,1.1659,8.7064,2.3648,3.5719,1.6234,1.624,1.4498,1.8419,2.8917,2.9684,3.6237,4.822,6.1398,7.2923,36,31,1,31,36,36,36,36,36,36,31,12,12,12,25
01_11_07_02_0010.bmp,0,7,2,12,1.3008,0.9733,9.5432,2.0002,3.0755,1.3696,1.5599,1.415,1.804,2.3526,2.768,3.9411,4.2315,7.1964,8.5837,31,31,1,31,17,31,31,31,36,31,12,12,12,12,0
01_11_07_02_0012.bmp,0,7,2,12,1.1552,0.8004,8.7454,1.7005,2.1443,1.0468,1.2047,1.6736,1.7552,2.2484,2.8268,3.3935,3.9863,5.7748,8.2225,36,36,0,36,36,36,36,36,36,36,36,12,12,12,12
01_11_07_02_0020.bmp,0,7,2,12,0.9427,0.7208,10.2236,1.3699,1.7669,0.9817,1.2533,1.1593,1.6925,2.2986,2.983,3.8204,5.7188,7.3779,9.937,31,31,1,31,31,31,31,31,31,31,12,12,12,12,12
01_11_07_02_0021.bmp,0,7,2,12,1.2509,0.9552,9.3137,1.8327,2.3033,1.269,1.4171,1.5449,2.1862,2.6877,3.0515,4.5118,5.8954,6.967,9.8982,36,36,1,31,36,36,36,36,36,36,12,12,12,12,12
01_11_07_02_0025.bmp,0,7,2,12,1.0733,0.7644,8.2054,1.5426,1.8322,1.1219,1.3853,1.7093,1.7914,2.5645,3.0964,4.9037,5.5093,8.1435,10.5903,31,36,1,31,36,31,36,31,36,31,12,12,12,12,25
01_11_07_02_0027.bmp,0,7,2,12,1.0915,0.7232,8.2208,1.4679,1.9876,1.1054,1.4063,1.7121,1.8055,2.6192,3.4072,3.7585,5.4578,7.8906,10.6216,31,31,1,31,15,31,31,31,36,12,12,12,12,25,23
01_11_07_02_0028.bmp,0,7,2,12,1.0704,0.7962,8.6724,1.5962,2.1332,1.2446,1.2809,1.5783,1.8714,2.3057,3.115,4.5727,5.2723,6.9913,10.7748,31,31,1,31,15,31,31,31,31,12,12,12,12,12,25
01_11_07_02_0030.bmp,0,7,2,12,0.7975,0.7126,8.0399,1.2713,1.5043,0.9385,1.1973,1.5095,1.8784,2.3096,3.0272,4.4304,5.6668,7.7677,10.5232,36,31,1,36,31,36,36,36,36,36,12,12,12,12,23
01_11_07_02_0031.bmp,0,7,2,12,1.0243,0.8019,10.0674,1.6164,2.0935,1.1493,1.4677,1.4672,1.922,2.7609,2.9178,5.3189,5.4406,7.6658,10.5079,36,36,13,36,15,36,36,36,36,36,12,12,12,24,25
01_11_07_02_0033.bmp,0,7,2,12,1.1725,0.8817,10.393,1.7354,2.2878,1.2351,1.4425,1.6755,1.8885,2.6099,3.4296,4.9481,5.5752,8.1172,10.6724,31,31,1,15,15,31,31,31,31,36,12,12,25,25,12
01_11_07_02_0036.bmp,0,7,2,12,1.3904,0.9809,10.9688,2.0223,2.5223,1.4735,1.896,2.0661,2.4988,3.1661,3.8482,5.9544,7.8653,11.9791,14.5954,15,31,1,15,15,15,15,15,12,12,12,12,12,25,25
01_11_07_02_0039.bmp,0,7,2,12,1.7838,1.2547,11.6495,2.5961,3.2326,1.7645,2.0424,2.1341,2.4175,2.6803,3.7093,4.5885,6.3016,9.2735,11.8923,15,31,1,15,15,15,15,15,15,12,12,12,12,19,24
01_11_07_02_0040.bmp,0,7,2,12,1.8329,1.3542,11.9066,2.8048,3.5464,1.9929,2.0875,2.313,2.5613,3.0475,3.4256,4.9381,6.087,9.0595,11.5834,15,36,1,15,15,15,15,15,36,12,12,12,12,24,24
01_11_07_02_0049.bmp,0,7,2,12,3.2052,2.4438,13.3101,4.6462,5.7338,3.2101,3.1702,3.3851,3.4379,3.8068,4.4183,5.6577,6.9583,10.3086,12.4303,15,31,1,15,15,15,15,15,15,15,15,12,4,24,40
01_11_07_02_0054.bmp,0,7,2,12,4.001,2.9615,18.0804,6.0966,7.8719,4.0558,4.1386,4.0995,4.515,4.5207,5.4839,6.4168,7.479,10.3097,12.3362,15,36,1,15,15,15,15,15,15,15,15,4,12,24,24
01_11_07_02_0061.bmp,0,7,2,12,6.1401,4.4067,18.8719,9.0416,11.9069,6.2193,6.1969,6.1954,6.3529,6.6904,7.0989,7.7022,8.758,11.1944,12.3018,15,15,32,15,15,15,15,15,15,15,15,13,4,12,25
01_11_07_02_0062.bmp,0,7,2,12,6.093,4.4379,19.5369,9.1913,12.1145,6.1956,6.2773,6.3655,6.3412,6.7296,7.235,7.7956,9.1657,10.9692,14.6494,15,15,16,15,15,15,15,15,15,15,15,13,12,13,24
01_11_07_02_0065.bmp,0,7,2,12,7.4256,5.3181,20.8576,10.9191,14.6263,7.4876,7.3331,7.5443,7.4654,7.8361,8.2593,9.0167,9.6199,11.8166,13.6371,15,15,11,15,15,15,15,15,15,15,15,32,13,12,13
01_11_07_02_0068.bmp,0,7,2,12,9.2293,6.8349,22.298,13.0686,15.0435,9.1468,9.2839,9.214,9.2468,9.4308,9.586,10.2939,11.1614,12.8663,15.1685,15,15,32,15,15,15,15,15,15,15,15,15,1,4,13
01_11_07_02_0070.bmp,0,7,2,12,8.604,7.0259,18.823,11.4506,11.2553,8.5097,8.5418,8.6488,8.7288,8.7116,9.0679,9.8864,10.7245,12.5193,14.4652,15,15,17,15,15,15,15,15,15,15,15,15,1,4,19
01_11_07_02_0073.bmp,0,7,2,12,6.7729,7.0426,14.5824,7.6235,8.2876,6.7624,6.7474,6.6008,7.0662,7.0008,6.9345,8.171,8.9444,10.9191,12.7664,15,15,42,15,15,15,15,15,15,32,15,15,15,12,24
01_11_07_02_0074.bmp,0,7,2,12,4.8874,6.0703,12.8567,6.2841,7.4173,4.9152,5.194,5.2593,5.4556,5.6926,5.9283,7.1268,8.0921,9.9048,12.4897,15,15,15,15,15,15,15,15,32,15,32,15,15,15,26
01_11_07_02_0076.bmp,0,7,2,12,6.3382,6.7186,13.4625,7.0645,8.8697,6.4074,6.2254,6.5345,6.5887,6.571,7.403,8.2614,9.4248,12.8529,13.7897,32,15,32,32,15,32,32,32,32,32,32,32,15,1,6
01_11_07_02_0077.bmp,0,7,2,12,5.9895,6.4833,12.8629,7.1076,7.4273,5.9812,5.8185,6.1651,6.0296,6.4881,7.1589,8.6225,8.9372,10.6196,13.9025,32,15,32,15,15,32,32,32,32,32,32,32,15,26,1
01_12_07_02_0002.bmp,1,7,2,17,0.9805,0.826,10.0325,1.3649,1.4998,0.9668,1.0176,0.9753,1.3297,1.4471,1.6369,2.8003,3.5263,4.2932,5.9785,31,31,1,29,14,31,31,15,12,12,12,12,12,12,25
01_12_07_02_0006.bmp,0,7,2,17,3.9131,4.4567,9.8245,3.5094,6.0465,3.9903,3.9841,3.9488,3.9636,3.9493,4.6699,5.3737,6.2981,8.963,9.6857,17,15,17,17,17,17,17,17,17,17,17,17,14,14,14
01_12_07_02_0007.bmp,0,7,2,17,4.0164,4.6275,9.6089,3.4751,6.3449,4.0349,4.1144,4.0564,3.9656,4.0623,4.9637,5.844,6.0638,9.0387,11.6734,17,15,17,17,13,17,17,17,17,17,17,17,26,26,14
01_12_07_02_0008.bmp,1,7,2,17,0.9624,0.8478,10.6729,1.4357,1.5332,0.9777,0.9527,0.9378,1.2421,1.6289,1.6349,2.4937,3.3779,5.0909,6.7554,15,31,0,5,29,15,15,3,31,3,12,12,12,12,7
01_12_07_02_0009.bmp,0,7,2,17,4.091,4.6097,10.1637,3.1048,6.0408,4.0235,4.1227,4.2604,4.4201,4.3146,4.9077,5.4935,6.8199,9.0733,11.3815,17,15,25,17,15,17,17,17,17,17,17,17,17,14,26
01_12_07_02_0010.bmp,1,7,2,17,0.9429,0.8454,12.3546,1.371,1.2866,0.8846,1.0209,1.0987,1.3413,1.8112,1.7785,2.7744,3.1622,4.052,6.2151,15,31,1,29,14,15,12,12,12,12,12,9,12,12,23
01_12_07_02_0011.bmp,1,7,2,17,0.9084,0.8256,11.6218,1.3017,1.6297,0.925,1.0693,1.0956,1.2449,1.4126,1.8886,2.171,3.0449,4.5375,6.8664,15,31,0,24,6,15,3,3,3,12,12,12,12,23,11
01_12_07_02_0012.bmp,1,7,2,17,0.9199,0.8173,12.2287,1.3528,1.5275,0.9441,1.0836,1.1323,1.2031,1.4747,1.4914,2.7462,3.673,5.206,5.9112,31,31,0,24,14,31,12,31,31,12,12,12,12,26,12
01_12_07_02_0013.bmp,1,7,2,17,0.9431,0.8004,11.3957,1.3354,1.7973,0.9499,1.0246,1.1087,1.1486,1.39,1.6248,2.9145,2.706,4.8029,5.1683,31,31,0,29,13,12,12,31,12,12,12,12,12,26,23
01_12_07_02_0014.bmp,0,7,2,17,4.3725,5.0275,12.6026,2.72,5.3665,4.4144,4.3936,4.6979,4.5866,5.274,5.266,6.1703,6.9956,8.9739,10.5638,17,17,17,17,17,17,17,17,17,17,17,17,17,26,14
01_12_07_02_0015.bmp,1,7,2,17,0.9095,0.8339,11.4837,1.3839,1.685,0.8809,0.9389,1.2294,0.928,1.5306,1.5002,3.3508,3.4094,4.9703,6.0288,15,31,0,5,5,5,12,12,12,12,12,12,12,12,28
01_12_07_02_0017.bmp,0,7,2,17,4.3474,5.1723,12.6288,3.2853,6.1655,4.3234,4.4677,4.5944,4.4275,4.8718,5.4321,6.0086,6.7512,8.7718,10.2697,17,17,17,17,17,17,17,17,17,17,17,17,17,26,14
01_12_07_02_0017.bmp,1,7,2,17,0.9775,0.8149,10.8527,1.3769,2.0188,0.9773,1.0593,1.0985,1.1973,1.495,1.8092,2.6119,3.1531,4.0822,6.3097,15,31,0,5,14,15,12,12,12,12,12,12,12,11,26
01_12_07_02_0018.bmp,0,7,2,17,4.5922,5.4793,12.991,3.0672,5.6596,4.6397,4.6954,4.6582,4.6447,4.905,5.1777,6.0992,7.7434,8.875,10.1469,17,15,17,17,17,17,17,17,17,17,17,17,17,14,14
01_12_07_02_0018.bmp,1,7,2,17,0.9499,0.8424,12.0047,1.4054,1.9266,0.9507,1.0836,1.1295,1.2337,1.4125,1.6282,2.8983,2.8937,4.7098,5.5975,12,31,0,5,14,12,12,12,12,12,12,12,12,25,28
01_12_07_02_0019.bmp,1,7,2,17,0.9285,0.8432,10.0046,1.3709,1.7043,0.9345,1.0593,1.0647,1.3548,1.5516,1.7736,2.8558,2.8126,5.5084,6.111,5,31,0,5,5,12,12,12,12,12,12,12,12,1,14
01_12_07_02_0023.bmp,0,7,2,17,4.9695,6.6608,15.8231,2.6196,5.2711,4.9429,4.9815,5.065,5.0846,5.3199,5.3904,6.5564,7.1421,9.3006,11.3793,17,17,17,17,17,17,17,17,17,17,17,17,17,14,14
01_12_07_02_0023.bmp,1,7,2,17,0.9702,0.8339,11.2646,1.3826,1.7168,1.0074,0.9452,0.8943,1.2861,1.8176,1.5228,2.3533,2.8734,4.2722,7.8724,12,31,0,5,14,12,12,12,12,12,12,1,12,25,11
01_12_07_02_0025.bmp,1,7,2,17,1.0,0.8481,10.8203,1.4501,1.5619,0.9993,1.1223,1.1688,1.299,1.4062,1.9294,2.1937,3.4083,4.5528,6.4917,12,31,0,5,14,12,12,12,12,12,12,3,12,12,25
01_12_07_02_0026.bmp,0,7,2,17,5.1147,7.2062,16.84,2.1665,5.9011,5.1225,5.1974,5.1027,5.2563,5.4705,5.3987,6.3068,7.5744,9.2315,10.0253,17,17,17,17,17,17,17,17,17,17,17,17,17,14,14
01_12_07_02_0028.bmp,0,7,2,17,1.6401,1.9425,5.3517,1.723,1.7177,1.638,1.9158,2.237,2.2678,2.8864,3.7491,5.2253,7.0306,8.3246,10.4428,2,13,2,2,14,2,2,2,2,2,2,2,2,13,13
01_12_07_02_0029.bmp,0,7,2,17,1.5649,1.9409,6.1511,1.4202,1.3199,1.7139,1.878,2.2081,2.3146,3.1566,3.5083,5.2619,6.7228,9.6513,11.0619,14,13,2,14,14,14,14,14,14,13,13,2,26,13,13
01_12_07_02_0031.bmp,1,7,2,17,0.9591,0.8048,10.4832,1.3689,1.9076,0.9344,1.0026,1.026,1.3891,1.6023,1.5549,2.621,3.2218,4.4849,5.3763,12,36,0,5,14,12,12,12,12,12,12,12,12,13,28
01_12_07_02_0032.bmp,0,7,2,17,1.6123,2.0755,6.2329,0.8833,1.8583,1.6733,1.8702,2.1578,2.4436,3.3476,3.581,5.4528,7.3604,9.1205,10.9341,17,17,17,17,17,17,17,17,17,17,17,17,26,26,13
01_12_07_02_0035.bmp,1,7,2,17,0.8563,0.7646,10.3656,1.289,2.0983,0.8918,0.9249,1.0344,1.0592,1.4284,1.8269,2.4168,3.1092,4.475,5.9117,12,31,0,5,14,12,12,12,12,12,1,1,29,14,11
01_12_07_02_0038.bmp,0,7,2,17,1.5809,2.5659,6.0905,0.7137,2.008,1.5638,1.6924,2.1661,2.2749,3.1005,4.1009,5.4599,5.8211,8.9599,11.3271,17,17,17,17,17,17,17,17,17,17,17,17,14,14,14
01_12_07_02_0038.bmp,1,7,2,17,0.9418,0.8056,9.7513,1.3766,2.2152,0.9344,1.0477,1.1276,1.096,1.4944,1.6512,2.6728,2.6675,4.8687,5.9539,12,31,0,5,14,12,12,12,12,12,12,12,12,12,12
01_12_07_02_0040.bmp,1,7,2,17,0.902,0.7435,9.1471,1.3251,2.0653,0.9421,0.9382,1.1634,1.3122,1.5273,1.7385,2.7224,3.5897,4.0435,6.6124,1,36,0,5,14,1,1,1,1,1,1,1,1,12,13
01_12_07_02_0042.bmp,1,7,2,17,0.8188,0.6769,10.642,1.1574,1.7382,0.8142,0.817,1.0932,1.1146,1.4432,1.7266,2.3389,3.0567,4.3488,5.8923,12,36,0,5,14,12,12,12,12,12,1,12,12,12,12
01_12_07_02_0045.bmp,0,7,2,17,0.8273,0.6922,8.8768,1.2078,1.4935,0.7959,1.0199,1.0935,1.1926,1.5313,1.4597,2.5928,3.5999,4.5211,6.3242,12,36,0,5,14,12,12,12,12,12,12,12,1,3,1
01_12_07_02_0049.bmp,0,7,2,17,0.8137,0.6875,9.7345,1.2132,1.5061,0.871,0.8244,1.0015,1.183,1.5512,2.0008,2.7025,2.9427,5.5169,6.7996,12,0,0,5,13,12,12,12,12,12,12,1,12,12,12
01_12_07_02_0052.bmp,0,7,2,17,0.7315,0.614,9.4838,1.1314,1.5009,0.8618,0.9105,1.1586,1.1695,1.4181,2.0917,2.6394,2.6645,4.8151,5.17,12,36,0,5,13,12,12,12,12,12,12,12,12,0,12
01_12_07_02_0053.bmp,0,7,2,17,0.9665,0.7189,8.7043,1.3857,1.7363,0.9863,1.0952,1.1713,1.1583,1.5955,1.9832,2.4169,4.149,4.0008,6.4879,12,0,0,5,12,12,12,12,12,12,12,12,1,28,12
01_12_07_02_0056.bmp,0,7,2,17,1.2825,0.9801,8.4085,1.9258,2.1658,1.3332,1.554,1.7785,1.9735,2.1157,2.6544,3.7798,4.4091,6.3187,9.131,36,36,0,0,18,36,36,36,0,12,12,0,0,0,25
01_12_07_02_0058.bmp,0,7,2,17,1.4399,1.0317,9.1529,2.1194,2.477,1.4718,1.5605,1.9524,2.0456,2.3499,2.9047,3.6556,5.0728,6.383,8.1578,36,36,0,0,18,36,0,0,12,12,0,0,0,0,0
01_12_07_02_0061.bmp,0,7,2,17,1.6153,1.1768,9.3079,2.3775,2.6242,1.7646,1.7176,1.8624,2.024,2.7299,3.0055,3.5268,4.7106,6.6138,8.1492,0,0,0,0,0,0,0,0,0,0,0,12,12,25,25
01_12_07_02_0063.bmp,0,7,2,17,1.8128,1.3405,8.5816,2.803,3.6384,1.8446,1.8417,2.0749,2.2912,2.6216,3.0986,3.8826,4.9432,6.723,8.5916,0,36,0,0,0,0,0,0,0,0,0,0,0,11,25
01_12_07_02_0064.bmp,0,7,2,17,1.9865,1.4322,8.6799,2.8898,3.9535,1.9189,2.1867,1.9715,2.2653,2.8804,3.3386,3.7109,4.8414,6.1854,10.0595,36,36,0,0,0,36,36,36,36,0,0,0,0,11,11
01_12_07_02_0065.bmp,0,7,2,17,2.1612,1.6003,9.8515,3.1919,4.5219,2.1343,2.3153,2.3152,2.5894,2.9403,3.0827,3.8921,4.7531,5.9037,8.8968,36,36,0,0,0,0,0,0,0,0,0,0,12,0,12
01_12_07_02_0066.bmp,0,7,2,17,2.0443,1.6035,8.8761,3.0727,4.1375,2.1177,2.302,2.2671,2.4909,2.9516,3.1707,3.6995,4.892,7.6872,9.0074,36,36,0,0,18,36,0,0,0,12,0,0,0,0,25
01_12_07_02_0068.bmp,0,7,2,17,2.1779,1.6314,11.1342,3.2539,3.764,2.2288,2.2676,2.4838,2.5616,3.0657,3.9449,4.516,5.1536,7.7989,9.8628,36,36,0,0,14,36,36,36,12,12,12,12,0,0,0
01_12_07_02_0072.bmp,0,7,2,17,1.8879,1.3771,9.5347,2.7712,3.4685,1.9859,2.0224,2.1321,2.265,2.941,2.9141,4.1731,5.3615,6.6841,8.6093,36,36,0,0,14,36,36,36,36,36,36,0,0,0,25
01_12_07_02_0075.bmp,0,7,2,17,1.9692,1.552,10.8722,3.0002,3.2853,2.0056,2.1544,2.1066,2.682,3.5133,3.7042,4.6267,5.927,7.8258,10.574,36,0,0,0,17,0,0,0,0,0,12,0,0,11,11
01_12_07_02_0077.bmp,0,7,2,17,2.5552,1.9726,10.2427,3.7979,4.9369,2.5903,2.6893,2.6013,2.7573,3.1242,3.8078,5.3907,5.8775,8.3161,9.7599,0,0,0,0,14,0,12,12,12,12,12,12,12,25,25
01_12_07_02_0078.bmp,0,7,2,17,2.487,2.0013,10.5478,3.8625,4.577,2.4996,2.6873,2.8208,3.0725,3.8096,3.9116,5.3027,5.9526,9.0042,10.5274,36,36,0,0,18,36,36,0,0,0,0,0,0,25,25
01_12_07_02_0080.bmp,0,7,2,17,2.1151,1.7143,10.4589,3.1553,3.5205,2.2189,2.3511,2.4916,2.534,3.193,3.7727,5.0465,6.452,8.6633,11.8655,36,0,0,0,14,36,36,0,0,0,0,0,0,25,0
01_12_07_02_0081.bmp,0,7,2,17,2.3416,1.9019,12.2044,3.5327,5.2394,2.5064,2.5257,2.5415,3.0267,3.5204,3.4684,4.6617,6.7774,8.299,10.4196,0,0,0,0,14,0,0,0,0,0,12,0,25,25,25
01_12_07_02_0082.bmp,0,7,2,17,2.3621,2.0085,10.7144,3.4831,4.1385,2.4125,2.4535,2.6423,2.8696,3.4269,4.1309,4.8475,6.3616,8.3047,10.9327,17,0,0,0,14,17,17,17,0,0,0,12,12,0,25
01_12_07_02_0083.bmp,0,7,2,17,2.373,2.0117,11.3653,3.5868,4.1146,2.3409,2.3805,2.7154,2.9484,3.5537,4.1122,5.4317,6.5227,8.7063,11.0016,17,0,0,0,14,17,0,0,0,0,0,0,0,12,0
01_12_07_02_0085.bmp,0,7,2,17,2.4537,2.0973,12.7138,3.6921,4.6421,2.4348,2.4918,2.5559,2.8648,3.461,3.9504,5.7154,6.2734,8.5155,11.2055,17,0,17,17,14,17,17,17,17,17,0,12,12,25,25
01_12_07_02_0089.bmp,0,7,2,17,2.399,1.9352,10.713,3.5802,5.1692,2.58,2.6095,2.8727,3.0071,3.5466,4.1071,5.6238,6.2126,8.657,11.1744,17,0,17,17,17,17,17,17,17,0,17,0,25,25,13
01_12_07_02_0091.bmp,0,7,2,17,3.2075,2.495,12.6581,4.7823,5.8446,3.2459,3.4312,3.3553,3.5149,3.9412,4.1945,5.3831,6.7149,9.2736,11.5583,36,36,17,17,14,36,36,36,36,0,25,25,25,25,25
01_12_07_02_0093.bmp,0,7,2,17,3.5278,2.7397,11.9664,5.3079,6.1577,3.6187,3.6399,3.73,3.7028,4.3229,4.3273,5.795,6.8126,8.5003,10.3682,15,36,17,17,14,15,36,36,36,36,36,25,14,25,25
01_12_07_02_0096.bmp,0,7,2,17,3.8495,2.8998,12.5673,5.8301,9.279,3.9335,4.0081,4.0394,4.3305,4.398,4.8067,5.9363,6.8847,9.4143,11.0072,17,15,17,17,9,17,17,17,17,17,17,0,0,25,25
01_12_07_02_0100.bmp,0,7,2,17,4.3783,3.0545,14.5076,6.5753,6.0889,4.3555,4.3815,4.354,4.5783,4.596,5.5244,6.3687,7.3112,8.7691,12.3977,17,15,17,17,17,17,17,17,17,17,17,17,25,14,14
01_12_07_02_0101.bmp,0,7,2,17,4.7701,3.6011,13.6947,7.1386,6.5908,4.8756,4.9727,5.0205,5.0544,5.3459,5.2061,6.9105,7.5589,10.2394,11.1328,17,15,17,17,17,17,17,17,17,17,17,14,14,14,25
01_12_07_02_0112.bmp,0,7,2,17,6.8031,5.3225,16.8304,8.3506,8.32,6.7724,6.7787,6.7912,6.8008,7.1032,7.4401,8.6902,9.4742,11.6093,14.2137,17,15,17,17,17,17,17,17,17,17,17,17,17,14,14
01_12_07_02_0114.bmp,0,7,2,17,7.8948,6.5246,16.1731,6.6507,9.871,7.8352,8.0247,7.8445,8.0117,8.6012,8.1895,8.7945,10.1256,10.8765,13.3862,17,17,17,17,17,17,17,17,17,17,17,17,14,14,14
01_13_07_02_0001.bmp,1,7,2,13,2.6814,1.466,9.6378,0.0,7.157,2.769,2.7861,2.8952,3.0302,3.4152,4.0749,4.7733,5.6968,6.7612,9.3127,13,11,13,13,13,13,13,13,13,13,13,13,25,25,25
01_13_07_02_0004.bmp,0,7,2,13,1.7351,1.0986,9.9091,2.432,3.3978,1.7104,1.7249,1.6297,1.7055,2.3348,2.1714,3.0956,3.7303,4.6533,6.3137,12,31,11,12,12,12,12,12,12,12,12,12,12,12,13
01_13_07_02_0005.bmp,1,7,2,13,3.1127,1.6336,10.2598,0.0,6.5533,2.9667,3.0532,3.4074,3.4183,3.9321,4.2932,4.9148,5.942,7.261,9.6067,13,11,13,13,13,13,13,13,13,13,13,13,0,13,25
01_13_07_02_0010.bmp,1,7,2,13,4.395,2.43,10.3278,0.213,9.0844,4.3327,4.4938,4.5736,4.6035,5.0313,5.1631,6.2706,6.6484,8.7054,10.1523,13,13,13,13,13,13,13,13,13,13,13,13,13,25,25
01_13_07_02_0012.bmp,0,7,2,13,1.5862,1.0621,11.3306,2.3315,4.6007,1.4794,1.7151,1.8797,1.8298,2.4083,2.526,3.4767,3.8893,6.032,7.241,12,12,11,12,12,12,12,12,12,12,12,12,12,13,40
01_13_07_02_0012.bmp,1,7,2,13,4.7001,2.5791,10.3576,0.1875,9.2395,4.5514,4.7072,4.691,4.7343,4.9752,5.5458,6.2533,6.3075,8.4063,9.8428,13,13,13,13,13,13,13,13,13,13,13,13,13,25,13
01_13_07_02_0014.bmp,0,7,2,13,1.7435,1.1295,9.3434,2.5411,5.5357,1.6969,1.8897,1.8791,2.2246,1.9583,2.739,2.8409,3.9523,5.8884,6.688,12,12,11,12,18,12,12,12,12,12,12,12,12,25,40
01_13_07_02_0015.bmp,0,7,2,13,1.7722,1.2655,8.8154,2.6258,5.9565,1.7497,1.9893,2.0772,1.8966,1.8406,2.3847,3.7652,3.7799,4.8681,6.7345,12,12,32,12,12,12,12,12,12,12,12,12,12,12,40
01_13_07_02_0015.bmp,1,7,2,13,4.3851,2.3747,11.5407,0.3248,8.8293,4.371,4.4353,4.2401,4.5052,4.7629,4.7184,5.9307,7.3135,8.6312,10.7,13,13,13,13,13,13,13,13,13,13,13,13,13,25,25
01_13_07_02_0016.bmp,0,7,2,13,1.721,1.222,9.8444,2.5763,3.8644,1.649,1.8808,1.9625,1.9036,2.3961,2.579,3.0633,3.9207,5.2559,6.3333,12,31,1,12,32,12,12,12,12,12,12,12,13,12,25
01_13_07_02_0017.bmp,1,7,2,13,4.5117,2.5576,11.9958,0.6367,9.5645,4.5365,4.5341,4.5412,4.8039,5.3074,5.6457,6.2461,7.4445,9.2458,10.9077,13,13,13,13,13,13,13,13,13,13,13,13,13,13,25
01_13_07_02_0020.bmp,0,7,2,13,1.6481,1.2329,9.6932,2.4806,4.0964,1.7641,1.7692,1.8453,1.7125,2.3947,2.6015,3.0451,4.2981,4.9561,7.3264,12,31,11,12,32,12,12,12,12,12,12,13,12,13,40
01_13_07_02_0021.bmp,0,7,2,13,2.2898,1.4935,9.9383,3.4015,5.9785,2.224,2.1875,2.1664,2.1235,2.3766,2.1612,3.4064,4.5071,5.7835,7.0635,12,31,11,12,32,12,12,12,12,12,12,12,12,12,40
01_13_07_02_0021.bmp,1,7,2,13,5.0262,2.6932,11.5761,1.1423,9.0993,4.9713,4.9906,5.0572,5.0958,5.4916,5.6212,6.7146,7.4791,9.117,10.2778,13,13,13,13,13,13,13,13,13,13,13,13,13,13,13
01_13_07_02_0026.bmp,1,7,2,13,6.5215,3.6436,13.8178,2.3842,11.0532,6.577,6.529,6.6852,6.7554,6.8459,6.9649,7.75,7.997,10.4379,10.67,13,13,13,13,13,13,13,13,13,13,13,13,13,13,13
01_13_07_02_0027.bmp,1,7,2,13,6.2561,3.6199,13.7528,3.6916,11.0319,6.3337,6.3225,6.5166,6.4933,6.8199,6.8977,8.2958,8.9154,9.9366,12.2432,13,13,13,13,13,13,13,13,13,13,13,13,13,13,13
01_13_07_02_0028.bmp,0,7,2,13,2.1747,1.3564,9.5693,3.1866,4.8839,2.0148,2.4075,2.1054,2.4555,2.5097,3.5366,3.2042,3.6333,6.2733,6.5141,12,12,12,12,32,12,12,12,12,12,12,12,12,12,34
01_13_07_02_0029.bmp,1,7,2,13,5.6146,3.1639,12.0247,1.8623,7.6691,5.6516,5.6756,5.815,5.5025,6.246,6.3282,7.0834,7.5957,8.9427,10.4497,13,13,13,13,13,13,13,13,13,13,13,13,13,13,13
01_13_07_02_0030.bmp,0,7,2,13,1.9174,1.1433,9.6054,2.7796,4.5461,1.9931,2.0085,2.0213,2.3785,2.347,2.77,3.3352,4.2108,6.1412,7.6793,12,31,13,12,32,12,12,12,12,12,12,12,12,12,13
01_13_07_02_0031.bmp,1,7,2,13,5.5647,3.1618,13.408,0.3953,8.9422,5.6156,5.619,5.6813,5.819,6.1506,6.5592,6.782,7.382,8.4533,10.3857,13,13,13,13,13,13,13,13,13,13,13,13,13,13,13
01_13_07_02_0034.bmp,1,7,2,13,6.2485,3.3872,12.9939,0.1875,9.2352,6.2921,6.2242,6.2817,6.2671,6.4996,7.1403,7.0567,7.6193,8.9081,10.3645,13,13,13,13,13,13,13,13,13,13,13,13,13,13,25
01_13_07_02_0035.bmp,0,7,2,13,2.1173,1.2648,12.1764,2.918,5.645,2.0574,2.1023,2.2983,2.4221,2.4804,2.5376,3.4985,4.1247,5.9215,6.7985,12,31,11,12,19,12,31,12,12,12,12,12,12,40,13
01_13_07_02_0036.bmp,0,7,2,13,2.202,1.2545,12.2033,2.6755,6.4508,2.343,2.2596,2.2503,2.266,2.5996,2.9962,3.8715,4.2763,5.5841,6.5169,12,31,13,12,19,12,12,12,12,12,12,12,12,11,40
01_13_07_02_0036.bmp,1,7,2,13,5.8921,3.1876,13.8026,0.0,9.5718,6.0195,6.1692,6.0921,6.174,6.162,6.3406,6.8613,7.219,7.5505,9.8722,13,13,13,13,13,13,13,13,13,13,13,13,13,13,13
01_13_07_02_0040.bmp,1,7,2,13,5.1255,2.8274,14.2575,0.0,11.2147,5.2753,5.1469,4.9985,5.1338,5.5084,5.6799,6.0489,7.0304,9.0934,10.0946,13,13,13,13,13,13,13,13,13,13,13,13,13,13,13
01_13_07_02_0043.bmp,0,7,2,13,3.3465,2.0073,9.3797,3.9301,6.9835,3.4241,3.4937,3.4958,3.6395,3.6628,4.478,5.2757,5.9323,7.3374,10.5056,12,12,12,12,32,12,12,12,12,12,12,13,40,40,25
01_13_07_02_0044.bmp,1,7,2,13,5.3717,2.8928,14.1954,0.3903,10.5104,5.3237,5.4787,5.5781,5.7191,5.4649,5.7048,6.3545,7.0862,9.7211,11.5049,13,13,13,13,13,13,13,13,13,13,13,13,13,13,13
01_13_07_02_0048.bmp,1,7,2,13,5.6753,3.0076,15.1925,0.6097,10.7542,5.5401,5.4838,5.6497,5.6457,5.4785,5.4901,6.2716,7.9178,9.2167,11.4088,13,13,13,13,13,13,13,13,13,13,13,13,13,13,13
01_13_07_02_0049.bmp,1,7,2,13,5.5796,3.0888,15.2972,0.3903,10.907,5.5578,5.6067,5.6591,5.6252,5.8638,6.1286,7.1329,7.5961,9.8225,10.7356,13,13,13,13,13,13,13,13,13,13,13,13,13,13,13
01_13_07_02_0050.bmp,0,7,2,13,3.874,2.5025,12.1817,4.7447,7.9807,3.7929,3.9166,3.9653,4.3194,4.2436,5.4236,6.0125,6.8801,8.7605,11.2066,12,12,13,13,32,12,12,12,12,12,13,13,12,40,40
01_13_07_02_0050.bmp,1,7,2,13,5.3927,2.8597,15.201,0.3918,10.6144,5.3224,5.2986,5.4966,5.4339,5.3323,5.3971,6.1539,7.4097,9.1573,10.8431,13,13,13,13,13,13,13,13,13,13,13,13,13,13,13
01_13_07_02_0051.bmp,0,7,2,13,4.0641,2.5121,12.6552,4.5886,8.328,4.0015,4.1177,4.1651,4.2338,4.3168,5.1492,5.6213,7.1484,8.4111,10.5446,12,12,13,12,32,12,12,12,12,13,13,13,13,40,40
01_13_07_02_0052.bmp,1,7,2,13,7.2364,3.8838,14.9706,0.2724,12.3494,7.0285,7.1827,7.2048,7.2016,7.0924,7.089,7.3147,7.9995,8.6969,11.5487,13,13,13,13,13,13,13,13,13,13,13,13,13,13,13
01_13_07_02_0053.bmp,1,7,2,13,7.2756,3.8561,15.4246,0.2724,10.9419,7.1089,7.2934,7.1177,7.0619,7.2899,7.6903,7.3033,7.7571,9.3749,11.1802,13,13,13,13,13,13,13,13,13,13,13,13,13,13,13
01_13_07_02_0059.bmp,1,7,2,13,7.4983,4.7774,13.926,1.3132,10.422,7.55,7.8112,7.4363,7.9675,7.9205,8.1666,8.9816,9.288,10.2281,12.6764,13,13,13,13,15,13,13,13,13,13,13,13,13,13,13
01_13_07_02_0063.bmp,1,7,2,13,1.2104,1.1469,12.596,1.755,2.8622,1.1376,1.4615,1.4703,1.7619,2.1157,2.2983,3.0506,3.7914,5.4828,6.7549,31,31,1,24,13,31,31,31,31,12,12,12,12,7,13
01_13_07_02_0068.bmp,0,7,2,13,4.4518,2.8408,11.769,2.7887,6.0928,4.4027,4.5243,4.4829,4.5959,4.9424,4.8816,6.1224,6.7149,8.6852,10.1407,13,13,13,13,13,13,13,13,13,13,13,13,13,13,40
01_13_07_02_0068.bmp,1,7,2,13,1.4237,1.3185,11.2238,2.118,2.6772,1.5312,1.6082,1.6095,2.0135,2.237,2.3991,3.0271,3.7372,5.1773,6.956,31,31,1,19,13,31,31,31,31,31,13,23,12,23,13
01_13_07_02_0069.bmp,0,7,2,13,4.6636,2.848,11.6531,2.623,5.9502,4.8582,4.8456,4.6947,4.8707,5.0725,5.3393,5.8814,6.7026,10.2182,11.3472,13,13,13,13,13,13,13,13,13,13,13,13,13,13,40
01_13_07_02_0069.bmp,1,7,2,13,1.3856,1.2605,11.1401,2.0085,2.6696,1.3806,1.4674,1.4708,1.6144,1.906,2.0911,2.844,4.2707,4.7228,7.2875,31,31,1,32,31,31,31,19,19,19,12,12,23,23,40
01_13_07_02_0074.bmp,1,7,2,13,1.2468,1.0701,9.5915,1.8804,2.3686,1.2823,1.2424,1.3076,1.4504,2.1724,2.0619,3.0105,3.4391,5.6993,7.4739,31,31,11,19,31,31,19,31,31,12,12,12,12,13,28
01_13_07_02_0078.bmp,1,7,2,13,1.4779,1.265,11.5213,2.1343,2.5016,1.4121,1.594,1.7531,1.9279,2.0825,2.3004,3.1233,4.0486,5.7878,6.6221,31,31,11,19,13,31,31,31,31,13,12,12,13,28,7
01_13_07_02_0080.bmp,1,7,2,13,1.5058,1.2637,11.3501,2.1533,2.7186,1.5223,1.5949,1.7958,2.0847,2.2277,2.7849,2.7037,3.8681,5.8346,6.7439,31,31,11,19,13,31,31,19,19,12,12,12,12,40,40
01_13_07_02_0082.bmp,0,7,2,13,5.031,3.3591,16.1712,2.342,8.6991,5.0935,5.4321,5.4301,5.2531,5.7586,6.2589,6.7307,7.4698,10.0073,12.1134,13,13,13,13,13,13,13,13,13,13,13,13,13,13,13
01_13_07_02_0082.bmp,1,7,2,13,1.7985,1.4195,8.6692,2.5237,3.0788,1.8162,1.8707,2.1171,1.9232,2.6946,2.5726,3.4365,4.827,6.2128,8.7296,31,31,13,19,13,31,31,31,31,12,12,12,12,12,23
01_13_07_02_0083.bmp,1,7,2,13,1.6051,1.3836,8.6525,2.4463,3.0149,1.6475,1.7445,1.9754,2.074,2.8592,2.5725,3.42,4.439,5.5505,7.7413,31,31,13,19,13,31,31,31,31,31,12,12,12,12,12
01_13_07_02_0086.bmp,0,7,2,13,5.4265,3.5077,18.1348,1.6008,7.8869,5.3831,5.4343,5.5432,5.4981,5.9069,5.805,6.44,7.8863,10.2954,10.8493,13,13,13,13,13,13,13,13,13,13,13,13,13,13,13
01_13_07_02_0090.bmp,1,7,2,13,1.4902,1.1985,9.2482,2.1362,2.9896,1.538,1.4218,1.762,2.0577,2.3579,2.8052,3.45,4.1028,5.9921,6.1868,12,31,13,13,13,12,12,12,12,12,12,12,12,13,23
01_13_07_02_0092.bmp,0,7,2,13,5.9926,3.578,14.4797,0.0563,8.0394,5.9399,6.0594,5.9278,5.8932,5.9232,6.4587,6.7957,7.3254,9.3658,10.7052,13,13,13,13,13,13,13,13,13,13,13,13,13,13,13
01_13_07_02_0092.bmp,1,7,2,13,1.3923,1.0691,8.4739,2.0822,2.4945,1.5104,1.3655,1.5316,1.4675,1.9583,2.3341,3.4871,4.3268,6.7882,7.5666,31,31,32,13,31,31,31,31,12,12,12,12,12,13,23
01_13_07_02_0093.bmp,1,7,2,13,1.6658,1.2417,9.7621,2.4502,2.9359,1.6382,2.0251,2.0618,2.196,2.8432,3.1885,4.0526,5.0015,6.876,8.533,31,31,0,19,15,31,31,12,12,12,12,12,12,12,13
01_13_07_02_0094.bmp,0,7,2,13,5.1499,3.077,11.9083,0.1875,8.2156,5.0977,5.0984,5.2187,5.3733,5.2892,5.6755,6.4012,6.4482,9.7309,11.1951,13,13,13,13,13,13,13,13,13,13,13,13,13,13,13
01_13_07_02_0094.bmp,1,7,2,13,1.307,1.0168,8.2938,1.9732,2.7842,1.5362,1.5251,1.4683,1.6975,2.613,3.3971,3.7016,4.4013,5.5818,7.4395,31,31,13,13,15,31,31,31,31,12,12,12,12,12,12
01_13_07_02_0101.bmp,1,7,2,13,1.3592,1.0174,7.5829,1.9309,3.1486,1.3458,1.4114,1.7782,2.0825,2.4481,2.9805,4.1177,4.9662,6.0893,8.4339,31,31,32,12,15,31,31,31,12,12,12,12,12,12,12
01_13_07_02_0104.bmp,0,7,2,13,5.2087,3.1213,7.217,0.4135,12.2264,5.1226,5.1823,5.1297,5.3368,5.3468,5.4455,6.4936,6.3354,9.1208,10.7783,13,13,13,13,13,13,13,13,13,13,13,13,13,13,13
01_13_07_02_0106.bmp,1,7,2,13,2.6863,1.9634,7.4689,3.9504,4.3695,2.6028,2.8435,3.0335,3.0005,3.4457,4.2408,5.1088,5.8027,8.0545,10.4362,12,31,12,12,12,12,12,12,12,12,12,12,12,12,40
01_13_07_02_0111.bmp,0,7,2,13,6.6921,3.6978,10.2895,2.17,16.51,6.5711,6.6356,6.6668,7.0328,6.8469,6.8709,7.6489,7.8917,11.0288,11.6539,13,13,13,13,13,13,13,13,13,13,13,13,13,13,13
01_13_07_02_0111.bmp,1,7,2,13,1.727,1.3268,10.448,2.5576,4.7052,1.9142,1.9095,2.1776,2.3177,2.6716,3.3505,4.3373,5.2369,7.2429,10.4335,12,31,13,12,15,12,12,12,12,12,12,12,12,40,40
01_13_07_02_0112.bmp,0,7,2,13,7.2758,3.914,9.0543,3.7339,18.0338,7.3409,7.4268,7.126,7.8502,7.5117,7.907,7.7532,8.7648,10.283,11.4459,13,13,13,13,13,13,13,13,13,13,13,13,13,13,13
01_13_07_02_0112.bmp,1,7,2,13,2.5627,1.9488,11.9116,3.8119,4.4317,2.6147,2.6262,2.5637,2.8559,3.2892,3.9023,5.1689,5.9286,8.216,10.631,12,31,13,12,13,12,12,12,12,12,12,12,12,40,12
01_13_07_02_0115.bmp,1,7,2,13,2.4653,1.7768,9.3915,3.7161,4.8406,2.6064,2.5506,2.9002,3.064,3.156,4.147,5.3369,5.7854,9.2458,10.6579,12,31,13,12,15,12,12,12,12,12,12,12,12,12,40
01_13_07_02_0118.bmp,1,7,2,13,2.6549,2.0884,10.1535,4.0801,4.2521,2.6934,2.8379,2.8854,3.2468,3.5557,4.0645,5.4684,6.5239,8.1706,10.7431,12,31,0,12,15,12,12,12,12,12,12,12,12,12,40
01_13_07_02_0119.bmp,0,7,2,13,3.9433,3.186,8.9239,5.7473,6.5243,3.9637,3.9547,3.9252,3.8841,3.7638,4.5273,4.616,5.0347,6.5911,8.5651,12,31,13,12,12,12,12,12,12,12,12,12,40,40,40
01_13_07_02_0120.bmp,1,7,2,13,2.6143,1.9168,9.2793,3.9432,4.0236,2.6901,2.9445,3.0316,3.1101,3.4779,3.9662,5.0439,6.4674,8.1447,11.3203,12,31,0,12,15,12,12,12,12,12,12,12,12,12,25
01_13_07_02_0121.bmp,0,7,2,13,4.0938,3.4129,10.1224,5.74,5.7138,4.2146,4.0029,4.1282,4.3728,4.4968,4.7864,5.2424,5.9726,6.6111,9.0209,12,31,12,12,12,12,12,12,12,12,12,12,40,12,40
01_13_07_02_0127.bmp,1,7,2,13,3.199,2.3721,9.5763,4.753,4.8417,3.2254,3.3517,3.3672,3.2665,3.9334,4.7492,5.9224,7.1389,8.4405,11.3497,13,31,13,12,15,12,12,12,12,12,12,12,12,40,40
01_13_07_02_0129.bmp,0,7,2,13,3.54,3.6549,10.0062,2.1513,4.2381,3.6355,3.6751,4.0867,3.6068,4.3157,5.4486,6.2844,7.4285,8.825,10.5239,12,32,32,12,13,12,12,12,12,12,13,13,40,13,40
01_13_07_02_0129.bmp,1,7,2,13,3.3149,2.3581,9.6112,4.8691,4.9584,3.2621,3.5154,3.532,3.6672,4.2104,4.6837,5.7131,6.5056,8.7374,11.265,13,31,13,12,15,13,12,12,12,12,12,12,12,12,40
01_13_07_02_0130.bmp,1,7,2,13,3.6345,2.581,10.1478,5.3599,5.0668,3.533,3.5451,3.774,3.8781,4.2264,4.7428,5.6785,7.3598,8.6081,10.3254,12,31,13,12,15,12,12,12,12,12,12,12,12,12,13
01_13_07_02_0132.bmp,0,7,2,13,2.6742,3.2076,9.4251,0.6203,3.2398,2.7871,2.7499,3.0309,3.2906,3.5292,4.8364,5.6033,7.0475,8.8398,10.775,32,32,13,32,32,32,32,32,32,32,12,12,12,40,40
01_13_07_02_0138.bmp,0,7,2,13,3.6685,4.0663,11.0508,0.7958,4.1208,3.6699,3.808,4.0507,4.1647,5.0067,5.619,6.773,8.1915,10.7988,13.8242,32,32,32,32,32,32,32,13,13,13,13,13,13,13,40
01_13_07_02_0140.bmp,0,7,2,13,3.695,3.9822,9.9773,1.1686,4.3046,3.6636,3.9262,3.8228,4.0345,4.4018,4.7589,5.7977,6.6522,9.7531,11.4527,13,13,13,38,32,13,13,13,13,13,13,13,13,13,13
01_13_07_02_0142.bmp,0,7,2,13,2.1673,2.8313,9.6676,0.0,2.5368,2.2131,2.3387,2.6471,2.7893,3.3514,3.8991,5.8115,6.5271,8.3602,10.9674,32,13,13,32,32,32,32,13,13,13,13,13,13,13,13
01_13_07_02_0142.bmp,1,7,2,13,4.2811,2.8277,10.461,6.3932,6.262,4.313,4.3422,4.3495,4.5798,4.8116,5.1901,5.9562,7.6897,9.2282,11.2644,13,31,13,13,13,13,13,13,13,13,13,12,12,40,40
01_13_07_02_0145.bmp,1,7,2,13,4.2246,2.8311,9.71,6.2817,6.2231,4.2665,4.3287,4.3312,4.5049,4.8842,5.2139,5.8191,7.1971,9.9449,11.7901,13,31,13,13,13,13,13,13,13,12,12,13,12,40,40
01_13_07_02_0146.bmp,1,7,2,13,4.2896,2.877,10.5546,6.4722,6.4168,4.3493,4.4165,4.4769,4.564,4.8739,5.3409,6.1731,7.5043,9.7298,12.3245,13,12,13,12,13,13,13,13,12,12,12,12,12,40,40
01_13_07_02_0148.bmp,1,7,2,13,4.3802,2.853,10.1781,6.6184,6.3977,4.3273,4.5138,4.4872,4.5424,4.895,5.1633,6.5414,7.795,9.4282,12.0306,13,31,13,13,13,13,13,13,13,12,12,12,12,40,40
01_13_07_02_0151.bmp,1,7,2,13,4.2826,2.7741,10.4707,6.3948,6.2893,4.339,4.3314,4.5953,4.5693,4.6724,5.2302,6.2963,7.5017,9.7869,12.7252,13,31,13,13,13,13,13,13,13,13,12,12,12,40,40
01_13_07_02_0152.bmp,1,7,2,13,4.2942,2.8266,10.7074,6.4915,6.3453,4.3363,4.3979,4.563,4.5607,5.093,5.3167,6.4855,6.7894,9.5553,12.0203,13,31,13,13,13,13,13,13,13,13,13,12,12,12,40
01_13_07_02_0155.bmp,0,7,2,13,1.6445,2.8596,4.711,0.0,1.5907,1.6356,1.6788,1.9759,2.4063,2.8256,3.892,5.655,5.8572,8.6416,10.0899,13,13,13,13,15,13,13,13,13,13,13,13,13,13,13
01_13_07_02_0157.bmp,0,7,2,13,1.2188,2.0026,3.7332,0.0,1.394,1.2287,1.5502,1.7644,2.1388,3.1051,3.5073,5.1829,6.4019,8.4479,10.7674,13,13,13,13,15,13,13,13,13,13,13,13,13,13,13
01_13_07_02_0158.bmp,1,7,2,13,4.3152,2.7886,10.3885,6.429,6.4723,4.2595,4.3654,4.5949,4.6094,4.8366,5.5999,6.2512,7.3366,10.2202,12.6387,13,13,13,13,13,13,13,13,13,13,13,12,12,13,40
01_13_07_02_0160.bmp,0,7,2,13,1.2515,2.3623,2.8304,0.0,1.4809,1.4335,1.6307,1.8491,2.1613,2.8977,3.8563,4.9925,6.384,8.3073,10.0892,13,13,13,13,13,13,13,13,13,13,13,13,13,13,13
01_13_07_02_0161.bmp,0,7,2,13,1.5628,2.9483,3.1238,0.0,1.5241,1.6068,1.8569,2.033,2.367,2.9476,3.8359,5.2222,6.1283,8.3079,10.7529,13,13,13,13,13,13,13,13,13,13,13,13,13,13,13
01_13_07_02_0161.bmp,1,7,2,13,4.2768,2.7991,10.5525,6.3178,6.1689,4.3427,4.4119,4.3976,4.4918,4.7485,5.5623,6.0873,7.4117,10.3801,12.4479,13,13,13,13,13,13,13,13,13,13,13,13,12,40,40
01_13_07_02_0162.bmp,1,7,2,13,3.9857,2.7096,10.285,5.9186,6.2444,4.0334,3.9505,4.1114,4.3832,4.7313,5.2192,5.8792,7.3705,9.8768,12.3211,13,13,13,13,13,13,13,13,13,13,13,12,12,40,40
01_13_07_02_0166.bmp,1,7,2,13,3.7772,2.3965,11.5492,5.4337,6.159,3.7822,3.9175,3.8599,3.9735,4.6754,5.0832,6.0309,7.4099,9.9423,12.259,13,13,13,13,15,13,13,13,13,13,12,12,12,12,40
01_13_07_02_0169.bmp,0,7,2,13,1.0477,0.8905,9.438,1.549,2.1976,0.9863,1.0198,1.1244,1.0335,1.3869,1.6386,2.3093,3.0848,4.8163,6.8869,19,31,13,32,12,19,19,19,19,32,13,13,13,25,1
01_13_07_02_0170.bmp,0,7,2,13,0.9835,0.8358,10.3735,1.4188,2.4517,0.9766,0.926,1.0496,1.2309,1.4614,1.8196,2.6761,2.9657,4.5079,5.9675,19,31,1,32,12,19,31,19,32,12,13,12,12,13,1
01_13_07_02_0172.bmp,1,7,2,13,3.2379,2.3098,10.4323,4.821,6.0122,3.3854,3.4158,3.4729,3.7301,4.2579,4.7585,5.8561,7.3368,9.9356,11.9516,13,13,13,13,13,13,13,13,13,13,13,12,12,40,40
01_13_07_02_0173.bmp,0,7,2,13,1.0644,0.9446,10.3551,1.5241,1.5499,1.166,0.8748,1.1633,1.3038,1.5491,2.0097,2.5793,3.3719,5.3375,6.2373,19,31,1,11,12,19,19,19,19,19,19,12,25,12,23
01_13_07_02_0175.bmp,0,7,2,13,1.1215,0.9756,10.2777,1.5627,2.1319,1.056,1.0056,1.0933,1.4108,1.5121,2.0041,2.2819,3.1723,4.276,6.8133,19,31,1,11,41,19,19,19,19,12,19,12,13,12,23
01_13_07_02_0175.bmp,1,7,2,13,4.6133,3.3323,13.0083,6.913,7.7028,4.6423,4.6826,4.7725,4.8489,5.1205,5.6865,6.3642,7.5956,10.3192,12.2558,13,13,13,13,15,13,13,13,13,13,13,13,13,40,13
01_13_07_02_0177.bmp,1,7,2,13,3.8816,2.4332,10.6587,5.7295,6.513,3.9165,3.9682,4.0477,4.0466,4.6424,5.3782,5.8787,7.4242,10.006,11.961,13,13,13,13,13,13,13,13,13,13,13,13,12,12,40
01_13_07_02_0179.bmp,0,7,2,13,1.0989,0.9019,9.8798,1.6431,3.8809,1.0709,1.0562,1.2962,1.3311,1.6022,1.8585,2.2082,3.1925,3.9901,6.6103,31,31,1,19,31,31,31,19,19,12,12,12,7,40,7
01_13_07_02_0181.bmp,0,7,2,13,1.0613,0.8633,9.9627,1.5344,4.3118,1.0383,0.9867,0.9383,1.4126,1.3789,2.0791,2.5412,3.4382,4.9155,6.4369,19,31,32,19,12,19,19,19,19,19,13,12,12,34,23
01_13_07_02_0182.bmp,1,7,2,13,4.0756,2.5191,10.7796,5.6077,6.8492,4.0728,4.066,4.2964,4.2616,4.5477,5.2278,6.4319,7.3536,10.6016,12.3555,13,13,13,13,13,13,13,13,13,13,13,13,13,40,25
01_13_07_02_0185.bmp,1,7,2,13,3.8161,2.4146,10.4968,5.283,6.4888,3.8333,3.9844,3.9056,4.1713,4.4842,5.0814,6.1607,7.341,9.8862,12.2415,13,13,13,13,13,13,13,13,13,13,13,12,13,12,40
01_13_07_02_0186.bmp,1,7,2,13,3.8365,2.4666,11.0701,5.2888,6.858,3.8856,3.8908,4.0914,4.2624,4.8243,5.336,6.3118,7.5783,9.7585,12.2141,13,13,13,13,13,13,13,13,13,13,13,12,12,40,40
01_13_07_02_0191.bmp,1,7,2,13,3.9346,2.5545,9.9973,5.4244,6.5859,3.9323,4.0426,4.0923,4.4765,4.5902,5.0388,6.2795,7.4746,9.506,12.2203,13,13,13,13,13,13,13,13,13,13,13,13,12,12,40
01_13_07_02_0192.bmp,1,7,2,13,3.8982,2.5572,10.8667,5.4316,6.6738,3.9608,4.0615,4.1397,4.2722,4.6595,5.0806,6.2985,7.2029,10.3706,12.8306,13,13,13,13,13,13,13,13,13,13,13,13,12,40,40
01_13_07_02_0193.bmp,0,7,2,13,1.1663,0.9085,8.5299,1.6492,6.0686,1.2,1.2366,1.2092,1.1565,1.3866,1.8235,2.3646,3.3149,5.5833,6.196,19,31,32,13,13,19,19,19,19,19,12,12,12,13,7
01_13_07_02_0195.bmp,0,7,2,13,1.2648,1.0533,8.6488,1.9022,5.5791,1.2171,1.3347,1.3233,1.0955,1.7051,1.6178,2.3745,3.3294,4.9726,5.0113,19,31,32,13,13,19,19,19,19,32,12,40,40,13,7
01_13_07_02_0196.bmp,1,7,2,13,3.8659,2.5619,10.9773,5.3716,6.8917,3.9894,4.0925,4.1538,4.2847,4.6527,4.8714,5.9421,7.1858,9.7817,12.466,13,13,13,13,13,13,13,13,13,13,13,13,12,12,40
01_13_07_02_0197.bmp,1,7,2,13,4.0292,2.5523,10.4239,5.4165,6.6448,4.052,4.1004,4.2855,4.3405,4.9496,5.1399,6.4,7.6274,10.5712,13.3914,13,13,13,13,13,13,13,13,13,13,13,13,12,40,40
01_13_07_02_0198.bmp,0,7,2,13,1.4449,1.2037,8.7801,2.2129,4.0114,1.4021,1.7565,1.3767,1.4647,2.0592,2.1291,2.8844,3.5692,5.6353,7.8839,19,31,13,12,32,19,19,19,12,32,32,40,12,40,40
01_13_07_02_0200.bmp,0,7,2,13,1.5909,1.3665,10.2592,2.3519,4.7234,1.7615,1.579,1.4471,1.7761,1.7952,2.3461,3.5138,3.6877,5.9199,6.9403,19,31,1,19,31,19,19,19,19,19,13,40,23,40,13
01_13_07_02_0200.bmp,1,7,2,13,3.8928,2.4616,10.3813,5.2397,6.9455,3.8603,3.878,3.9722,4.3017,4.8693,5.1778,6.4831,7.8572,9.9348,11.8225,13,13,13,13,13,13,13,13,13,13,13,12,12,40,40
01_13_07_02_0201.bmp,0,7,2,13,1.6915,1.3346,9.847,2.5031,4.3658,1.806,1.6891,1.5892,1.6999,1.906,2.3501,3.2004,3.7234,4.8694,6.0811,19,31,1,12,31,19,19,19,19,12,12,13,40,25,23
01_13_07_02_0202.bmp,1,7,2,13,3.95,2.4947,10.1792,5.0958,6.6609,4.0444,3.9703,4.0056,4.3962,4.7118,5.408,6.1817,7.3921,10.0589,13.284,13,13,13,13,13,13,13,13,13,13,13,13,13,40,13
01_13_07_02_0204.bmp,0,7,2,13,1.3716,1.1799,8.2724,2.0297,3.9117,1.5017,1.5517,1.379,1.5757,2.047,2.3857,2.8547,2.9036,5.9509,7.2337,19,31,1,12,19,19,19,12,12,13,12,12,40,13,40
01_13_07_02_0206.bmp,1,7,2,13,3.925,2.5597,10.8921,5.1325,6.5557,3.9556,4.0157,3.9905,4.1321,4.716,5.1511,6.5256,7.3877,10.4255,12.0916,13,13,13,13,13,13,13,13,13,13,13,13,12,12,40
01_13_07_02_0207.bmp,1,7,2,13,3.9303,2.4481,9.6049,5.1673,6.8878,3.9058,3.9552,4.1316,4.2722,4.6507,5.0938,6.5079,8.0558,10.1695,12.1442,13,13,13,13,13,13,13,13,13,13,13,13,12,12,40
01_13_07_02_0211.bmp,0,7,2,13,1.7468,1.429,7.269,2.6422,2.7948,1.8621,1.9165,2.0466,2.2819,2.4953,3.0278,4.1085,4.9338,7.02,9.1506,12,31,13,12,12,12,12,12,12,12,12,40,40,40,40
01_13_07_02_0212.bmp,1,7,2,13,3.9101,2.5187,10.8281,5.2994,6.5374,3.9627,3.9125,4.0504,4.2852,4.7259,5.232,6.269,7.6811,9.6153,12.5151,13,13,13,13,13,13,13,13,13,13,13,13,12,40,40
01_13_07_02_0214.bmp,1,7,2,13,3.9453,2.4991,10.1386,5.3494,6.6317,4.0143,4.1132,4.1292,4.3331,4.6476,5.3144,5.9877,7.594,10.4454,12.5896,13,13,13,13,13,13,13,13,13,13,13,12,12,12,40
01_13_07_02_0215.bmp,0,7,2,13,3.4351,2.6824,7.0067,4.9065,7.1583,3.5619,3.5893,3.4975,3.6306,3.8257,4.0128,5.1521,6.5355,8.2255,11.0092,12,31,32,12,24,12,12,12,12,12,12,40,40,40,40
01_13_07_02_0217.bmp,1,7,2,13,4.0572,2.5564,10.0893,5.543,6.728,4.1642,4.2647,4.1159,4.3234,4.7848,5.3996,6.2876,7.6519,10.5164,12.67,13,13,13,13,13,13,13,13,13,13,13,13,12,40,40
01_13_07_02_0218.bmp,0,7,2,13,4.3375,3.3977,7.9598,6.4242,6.6474,4.4292,4.2616,4.501,4.3219,4.7492,5.4588,5.8775,7.1863,8.1121,11.1543,32,31,32,32,15,32,32,32,32,32,32,12,12,40,40
01_13_07_02_0218.bmp,1,7,2,13,4.0271,2.4929,10.7126,5.2969,6.7587,4.0616,3.9952,4.1258,4.1123,4.7831,5.197,6.0042,7.3608,10.1423,12.2611,13,13,13,13,13,13,13,13,13,13,13,12,40,12,40
01_13_07_02_0219.bmp,0,7,2,13,4.5094,3.5337,7.8912,6.6691,7.2682,4.5163,4.5257,4.6352,4.6567,5.054,5.7791,6.4643,6.87,9.4548,11.1959,32,31,13,32,15,32,32,32,32,32,12,12,40,40,40
01_13_07_02_0219.bmp,1,7,2,13,3.9454,2.5104,10.2016,5.4171,6.6816,4.0329,3.9905,4.2658,4.2486,4.9279,4.9874,6.4546,7.6962,10.6314,13.1489,13,13,13,13,13,13,13,13,13,13,13,13,12,12,40
01_13_07_02_0223.bmp,1,7,2,13,3.8933,2.4806,11.105,5.2185,6.9475,3.8223,4.0686,4.0634,4.3212,4.5436,5.2641,6.1793,7.7472,10.0869,11.9661,13,13,13,13,13,13,13,13,13,13,13,13,13,40,40
01_13_07_02_0224.bmp,1,7,2,13,3.8401,2.4302,10.3907,5.273,6.5988,3.7985,3.8941,4.0375,4.3478,4.7265,4.7208,6.2991,7.46,9.7368,12.6019,13,13,13,13,13,13,13,13,13,13,13,13,12,40,40
01_13_07_02_0228.bmp,0,7,2,13,4.2093,3.5462,9.0022,5.2479,5.9604,4.2907,4.3168,4.2691,4.373,4.8465,5.4403,6.162,7.8287,10.6467,12.7498,32,15,32,32,15,32,32,32,32,32,32,12,40,40,40
01_13_07_02_0230.bmp,0,7,2,13,3.799,3.6611,9.1455,4.8232,5.2713,3.9414,3.9021,4.1249,4.2729,5.0503,5.1477,5.9734,7.8092,9.7999,12.8726,15,15,32,15,15,15,15,32,32,32,32,13,13,40,13
01_13_07_02_0232.bmp,0,7,2,13,4.2736,4.3025,8.7918,2.6256,5.0531,4.2645,4.3939,4.4727,4.6978,5.0261,5.4223,6.6124,8.2185,10.1469,12.4205,32,36,32,15,15,32,32,32,32,32,32,18,13,13,13
01_13_07_02_0232.bmp,1,7,2,13,4.1352,2.5067,10.6912,4.1991,7.1632,4.3122,4.2436,4.3324,4.4933,4.9963,5.3431,6.4809,7.4888,10.0726,12.7996,13,13,13,13,13,13,13,13,13,13,13,13,12,12,40
01_13_07_02_0234.bmp,1,7,2,13,4.2205,2.5125,10.7401,4.0727,7.0879,4.2316,4.2673,4.2483,4.4512,4.7775,5.6785,6.3827,7.9726,9.8422,12.0617,13,13,13,13,13,13,13,13,13,13,13,13,13,12,40
01_13_07_02_0237.bmp,1,7,2,13,4.1975,2.5722,11.3154,4.2101,6.9684,4.1767,4.3391,4.1535,4.334,4.772,5.2634,6.4201,7.062,10.3487,12.8603,13,13,13,13,13,13,13,13,13,13,13,12,13,12,40
01_13_07_02_0238.bmp,1,7,2,13,4.0301,2.5616,10.8891,4.3288,7.1819,4.0638,4.2567,4.2438,4.6055,4.9081,5.1417,6.0612,7.7946,9.9607,12.0735,13,13,13,13,13,13,13,13,13,13,13,13,12,12,40
01_13_07_02_0239.bmp,0,7,2,13,6.0247,5.29,8.534,6.6897,7.5635,6.0464,6.0104,6.01,6.3199,6.6857,6.7919,7.6095,8.1638,10.4962,12.5396,15,15,13,15,15,15,15,32,32,32,32,13,13,13,13
01_13_07_02_0243.bmp,0,7,2,13,4.6326,4.3451,9.9978,5.2231,4.8988,4.5591,4.7489,4.8831,5.0924,5.5374,6.2612,7.5656,9.2797,12.9571,14.8817,15,13,15,15,15,15,15,15,15,15,13,13,13,40,25
01_13_07_02_0244.bmp,0,7,2,13,4.3878,4.1564,11.4392,3.6297,6.8951,4.258,4.4284,4.5851,4.5882,5.1863,5.4622,6.7284,8.1087,10.1855,13.2649,15,15,13,15,7,15,15,15,15,15,13,13,13,13,13
01_13_07_02_0244.bmp,1,7,2,13,4.0308,2.5039,10.6218,4.916,6.931,4.1373,4.0521,4.2732,4.5156,4.8485,5.4515,6.4631,7.7455,9.8478,12.3097,13,13,13,13,13,13,13,13,13,13,13,13,12,12,40
01_13_07_02_0249.bmp,0,7,2,13,3.326,3.6241,10.0728,2.395,8.0397,3.2478,3.3019,3.4657,3.7856,4.188,4.9822,6.2878,7.7028,10.0034,13.0376,13,13,13,13,13,13,13,13,13,13,13,13,13,13,13
01_13_07_02_0250.bmp,1,7,2,13,4.1169,2.4628,10.7643,5.083,6.9877,4.1092,4.0838,4.41,4.3939,4.8302,5.3124,6.3369,7.5622,9.8903,12.6107,13,13,13,13,13,13,13,13,13,13,13,13,13,12,40
01_13_07_02_0251.bmp,1,7,2,13,4.0428,2.5609,10.1937,5.0213,6.8358,4.0975,4.0973,4.2427,4.4973,4.7987,4.9326,6.194,7.7426,10.5462,12.4621,13,13,13,13,13,13,13,13,13,13,13,13,13,40,13
01_13_07_02_0253.bmp,0,7,2,13,2.6167,2.9769,6.2026,2.3724,7.955,2.7442,2.7781,3.0129,3.3386,3.5138,4.2184,5.8443,7.7186,10.2387,11.9078,13,13,13,13,13,13,13,13,13,13,13,13,13,13,13
01_13_07_02_0255.bmp,1,7,2,13,4.0812,2.5235,10.5307,5.0218,7.0723,4.1376,4.1427,4.1388,4.3163,4.8943,5.575,6.5388,7.3369,9.7739,12.2365,13,13,13,13,13,13,13,13,13,13,13,13,12,12,40
01_13_07_02_0258.bmp,1,7,2,13,4.005,2.5181,9.6875,4.991,7.1333,4.0499,4.1624,4.2604,4.0262,4.6649,5.1404,6.2572,7.2334,10.2677,11.893,13,13,13,13,13,13,13,13,13,13,13,13,12,13,40
01_13_07_02_0259.bmp,0,7,2,13,3.4627,3.3051,14.3278,4.3983,13.6945,3.46,3.5033,3.7488,3.6863,4.3973,4.9082,5.8235,7.3726,9.8189,12.5532,13,13,13,13,13,13,13,13,13,13,13,13,13,13,13
01_13_07_02_0263.bmp,0,7,2,13,3.0818,2.0456,7.3777,2.8683,8.2987,3.0904,3.1307,3.2998,3.3332,4.0208,4.3877,6.0942,7.4727,10.3015,13.1775,13,13,13,13,13,13,13,13,13,13,13,13,13,13,13
01_13_07_02_0264.bmp,1,7,2,13,3.981,2.5417,10.1363,4.8696,6.8346,4.0533,4.0697,4.2519,4.3736,4.5661,5.2428,6.3687,7.6566,9.5565,12.7907,13,13,13,13,13,13,13,13,13,13,13,13,12,40,40
01_13_07_02_0268.bmp,1,7,2,13,4.0825,2.4978,9.8953,4.8806,6.7488,4.1388,4.0621,4.3155,4.2516,4.5364,5.4384,6.3626,7.6092,10.2408,13.0288,13,13,13,13,13,13,13,13,13,13,13,13,12,12,40
01_13_07_02_0269.bmp,0,7,2,13,2.6273,1.7093,11.2633,3.1249,7.6643,2.811,2.7095,2.7497,3.0109,3.5532,4.0544,6.1107,6.9594,10.0554,12.8691,13,13,13,13,13,13,13,13,13,13,13,13,13,13,13
01_13_07_02_0271.bmp,0,7,2,13,4.0922,2.4864,10.4034,4.8709,6.9012,4.0882,4.0867,4.2153,4.3577,4.7153,5.1279,5.9195,7.3526,9.8917,11.8836,13,13,13,13,13,13,13,13,13,13,13,13,12,12,40
01_13_07_02_0274.bmp,0,7,2,13,3.9649,2.4429,10.5074,4.8359,6.7845,4.0502,4.0998,4.2242,4.3095,4.7014,5.2056,6.2443,7.3829,9.8016,12.4866,13,13,13,13,13,13,13,13,13,13,13,13,12,40,40
01_13_07_02_0275.bmp,0,7,2,13,4.1266,2.5062,10.6356,4.9943,6.7191,4.183,4.2841,4.258,4.2467,4.5615,5.0618,6.317,7.6809,10.1612,12.8926,13,13,13,13,13,13,13,13,13,13,13,13,12,40,40
01_13_07_02_0276.bmp,0,7,2,13,3.9904,2.4722,11.2429,4.9568,6.9816,4.0925,4.0308,4.0463,4.4328,4.7388,5.1308,6.3118,7.5986,9.8727,12.8199,13,13,13,13,13,13,13,13,13,13,13,13,12,40,40
01_13_07_02_0277.bmp,0,7,2,13,3.996,2.4916,11.2877,5.0495,7.1488,4.0316,4.125,4.0943,4.4066,4.9171,5.3035,6.5446,7.6658,9.7897,12.8402,13,13,13,13,13,13,13,13,13,13,13,13,12,12,40
01_13_07_02_0278.bmp,0,7,2,13,3.9793,2.4092,11.8818,4.8259,6.9579,3.94,3.9782,4.1039,4.2791,4.6099,5.231,6.2935,7.7479,10.5655,12.3174,13,13,13,13,13,13,13,13,13,13,13,13,13,12,40
01_13_07_02_0279.bmp,0,7,2,13,4.0236,2.5084,11.1154,4.8782,6.995,4.0419,4.1197,4.2997,4.3744,4.7894,5.1854,6.4326,7.7017,10.1522,12.345,13,13,13,13,13,13,13,13,13,13,13,13,12,12,40
01_13_07_02_0283.bmp,0,7,2,13,3.9389,2.4835,10.1593,4.912,7.333,3.9416,4.1838,4.2463,4.177,4.8493,5.0824,6.3214,7.4724,10.5454,12.5588,13,13,13,13,13,13,13,13,13,13,13,12,12,40,40
01_13_07_02_0284.bmp,0,7,2,13,4.1071,2.5145,10.0445,4.9037,7.0724,4.2206,4.0316,4.1174,4.1679,4.4527,5.3056,6.3827,7.5143,9.5296,12.8566,13,13,13,13,13,13,13,13,13,13,13,13,13,12,12
01_13_07_02_0285.bmp,0,7,2,13,3.9506,2.4537,10.2012,4.7044,6.7443,3.9603,4.1241,4.1056,4.1459,4.5219,5.1341,6.3657,7.8548,10.3264,12.5405,13,13,13,13,13,13,13,13,13,13,13,13,13,13,40
01_13_07_02_0286.bmp,0,7,2,13,4.03,2.4751,10.4004,4.9451,6.9259,4.0523,4.1182,4.243,4.4259,4.7739,5.2055,6.3187,7.4414,10.2747,13.3877,13,13,13,13,13,13,13,13,13,13,13,13,12,12,40
01_13_07_02_0290.bmp,0,7,2,13,4.0094,2.5736,10.485,5.1447,7.1939,3.9725,4.1645,4.18,4.3209,4.4814,5.1346,6.1455,7.8086,10.5462,11.9541,13,13,13,13,13,13,13,13,13,13,13,13,12,40,40
01_13_07_02_0293.bmp,0,7,2,13,3.8795,2.4883,10.0773,5.1421,6.8155,3.7269,3.9207,4.1344,4.3478,4.5048,4.9077,6.1341,7.599,10.2867,12.4947,13,13,13,13,13,13,13,13,13,13,13,13,12,12,40
01_13_07_02_0294.bmp,0,7,2,13,3.7852,2.3647,10.0759,5.1806,6.6454,3.8416,3.8187,3.9246,4.103,4.5573,5.0937,6.16,7.5169,10.1522,12.6206,13,13,13,13,13,13,13,13,13,13,13,13,12,25,40
01_13_07_02_0296.bmp,0,7,2,13,4.1704,2.5594,10.2971,5.5107,7.1046,4.1434,4.2174,4.3701,4.4389,4.6973,5.0287,6.475,7.2657,10.198,13.3241,13,13,13,13,13,13,13,13,13,13,13,13,12,40,40
01_13_07_02_0299.bmp,0,7,2,13,3.8602,2.4919,11.2388,5.4603,7.2272,3.8531,3.8547,3.9958,4.3286,4.6286,4.8574,6.4785,7.397,10.0697,12.2741,13,13,13,13,13,13,13,13,13,13,13,12,12,40,40
01_13_07_02_0308.bmp,0,7,2,13,4.232,2.8046,11.1823,6.1885,6.4164,4.1866,4.1795,4.2328,4.3592,4.9993,5.1048,6.3753,7.6844,10.291,12.9473,13,13,13,13,13,13,13,13,13,13,13,12,12,40,40
01_13_07_02_0312.bmp,0,7,2,13,4.7696,2.9909,10.9695,7.0784,7.1506,4.7551,4.8197,4.8222,4.9451,4.9974,5.7389,6.4587,7.5416,9.8708,12.6937,13,13,13,13,13,13,13,13,13,13,13,13,12,40,40
01_13_07_02_0316.bmp,0,7,2,13,4.99,3.1017,11.6962,7.5064,7.591,4.9268,4.9979,5.1167,5.246,5.4153,5.6796,7.0788,8.0609,10.2996,13.1154,13,13,13,13,13,13,13,13,13,13,13,13,13,12,40
01_13_07_02_0328.bmp,0,7,2,13,4.1263,2.6184,11.22,5.2398,8.4574,4.1244,4.1413,4.3536,4.5122,4.779,5.4225,6.8641,7.263,10.3439,13.0684,13,13,13,13,13,13,13,13,13,13,13,13,13,13,40
01_13_07_02_0333.bmp,0,7,2,13,4.3713,2.7981,12.7419,5.4004,9.2957,4.2526,4.3998,4.3732,4.5429,5.0542,5.5205,7.0042,7.9703,10.5482,13.8699,13,13,13,13,13,13,13,13,13,13,13,13,13,13,13
01_13_07_02_0338.bmp,0,7,2,13,5.4379,3.6878,15.1285,6.2611,10.8846,5.4781,5.4309,5.6517,5.9855,5.8695,6.4241,7.4781,8.6246,11.3115,13.7249,13,13,13,13,13,13,13,13,13,13,13,13,13,13,40
01_13_07_02_0341.bmp,0,7,2,13,5.3357,3.165,15.159,6.5995,13.8788,5.3332,5.2549,5.3866,5.2135,5.8706,6.0297,7.2975,8.2562,11.4112,14.8498,13,13,13,13,13,13,13,13,13,13,13,13,13,13,13
01_13_07_02_0342.bmp,0,7,2,13,5.3982,3.3999,16.0969,6.9671,13.8456,5.4469,5.3994,5.4621,5.6636,5.9102,6.58,8.0132,8.8841,11.1944,13.3907,13,13,13,13,13,13,13,13,13,13,13,13,13,13,13
01_13_07_02_0348.bmp,0,7,2,13,7.0807,4.0897,15.7916,7.2393,19.8362,7.0483,7.1314,7.3184,7.5044,7.6073,7.1996,8.2752,9.6577,11.4313,14.3672,13,13,13,13,13,13,13,13,13,13,13,13,13,13,13
01_13_07_02_0363.bmp,0,7,2,13,3.0195,3.1158,10.2753,3.2247,3.2034,3.0919,3.255,3.3797,3.4021,4.183,4.781,6.0178,7.0616,9.7408,12.55,15,13,13,15,15,15,15,15,15,15,15,13,13,13,13
01_13_07_02_0367.bmp,0,7,2,13,3.3357,3.0616,10.1322,2.82,4.5003,3.3115,3.3758,3.5769,3.8187,4.3716,4.9941,6.0011,7.2563,9.986,12.8866,15,15,13,15,15,15,15,15,15,15,15,13,13,13,13
01_13_07_02_0370.bmp,0,7,2,13,2.8576,2.5047,9.0842,2.6764,3.6726,2.8391,2.977,3.0736,3.2906,3.8259,4.6276,6.4919,7.923,10.4143,12.9013,15,15,13,15,15,15,15,15,15,15,15,13,13,13,13
01_13_07_02_0371.bmp,0,7,2,13,2.6848,2.7885,9.0779,2.4465,3.4273,2.6849,2.7887,2.9274,3.1961,3.6554,3.9778,5.7141,7.8082,9.9885,11.4932,15,13,15,15,15,15,15,15,15,15,15,15,13,13,13
01_13_07_02_0372.bmp,0,7,2,13,2.7658,3.0329,8.0558,2.0314,3.7547,2.8601,2.9214,2.9417,3.2867,3.8034,4.3303,6.0187,7.1727,9.9784,11.6865,15,13,15,15,15,15,15,15,15,15,15,13,13,13,13
01_13_07_02_0377.bmp,0,7,2,13,3.3525,3.9138,8.3839,3.4893,5.4005,3.4449,3.5148,3.7725,3.6519,3.9784,4.6667,5.6746,6.5609,9.9832,12.3531,15,13,13,13,15,15,15,15,15,15,13,13,13,13,13
01_13_07_02_0378.bmp,0,7,2,13,4.3297,4.1102,9.9563,6.4448,8.3938,4.4627,4.2221,4.5642,4.405,4.9016,5.6971,6.0262,7.9373,10.6806,12.3442,13,13,13,15,13,13,13,13,13,13,13,13,13,13,13
01_13_07_02_0382.bmp,0,7,2,13,2.4742,2.8056,7.7033,3.8522,7.2677,2.5766,2.6915,3.0354,3.2512,4.0959,5.0525,6.4085,9.0189,12.7078,15.6385,15,13,13,13,13,15,15,15,15,13,13,13,13,13,13
01_13_07_02_0384.bmp,0,7,2,13,1.6657,1.1551,9.2091,2.4326,8.0729,1.7359,1.7941,2.2024,2.8003,3.4947,3.7021,5.2935,7.1861,9.773,13.5091,15,15,7,15,15,15,15,15,15,15,15,15,15,4,13
01_13_07_02_0387.bmp,0,7,2,13,1.0982,0.8097,11.1619,1.6009,2.3825,1.2431,1.2972,1.3941,1.5204,1.8566,2.2278,2.6566,3.2101,4.285,5.18,19,31,11,11,13,19,12,19,12,12,12,12,12,7,13
01_13_07_02_0389.bmp,0,7,2,13,1.0165,0.7503,10.0766,1.5771,1.9128,1.0593,1.1128,1.2969,1.3785,1.5982,1.8004,3.0213,3.0198,5.1776,6.5125,19,31,32,19,13,19,12,12,12,12,12,40,12,40,23
01_13_07_02_0393.bmp,0,7,2,13,1.5234,1.0562,9.9189,2.2236,2.9832,1.5979,1.4397,1.6969,1.8329,2.2873,2.0532,2.5954,3.1895,4.7337,6.5231,12,31,32,12,15,12,12,12,12,12,12,12,12,12,40
01_13_07_02_0399.bmp,0,7,2,13,1.7727,1.268,8.732,2.6609,3.467,1.725,1.7645,2.1194,1.7346,2.2301,2.4164,3.2812,3.6113,4.2854,5.9472,12,31,16,12,13,12,12,12,12,12,12,12,12,34,40
01_13_07_02_0400.bmp,0,7,2,13,1.44,1.0388,9.4002,2.0609,3.1259,1.5333,1.5172,1.6957,1.7952,1.6195,2.2872,2.6816,3.1227,4.7733,6.4502,12,31,32,12,13,12,12,12,12,12,12,12,12,40,12
01_13_07_02_0402.bmp,0,7,2,13,1.3059,0.9665,8.6572,1.9237,2.5984,1.3246,1.5548,1.446,1.5208,2.1386,2.0187,2.4509,3.58,4.1917,6.1507,12,31,13,12,13,12,12,12,12,12,12,40,12,7,12
01_13_07_02_0406.bmp,0,7,2,13,1.3181,1.0235,7.3228,2.0587,2.6278,1.4482,1.3825,1.4746,1.6944,1.6708,2.3285,3.0059,4.0035,5.1486,7.2308,12,31,32,12,13,12,12,12,12,12,12,12,13,40,12
01_13_07_02_0407.bmp,0,7,2,13,1.4695,1.018,8.1406,2.0979,2.6596,1.4969,1.6586,1.6223,1.4739,2.4001,2.5981,3.0584,3.7303,5.1316,6.1534,12,31,32,19,36,12,12,12,12,12,12,12,12,12,34
01_13_07_02_0419.bmp,0,7,2,13,2.4182,1.8115,9.7634,3.6562,6.109,2.5416,2.4337,2.5605,2.4311,2.417,2.8314,3.0594,3.9292,4.6694,6.506,31,31,13,12,13,19,12,12,12,12,12,12,12,40,12
01_13_07_02_0429.bmp,0,7,2,13,3.6014,2.6376,10.2862,5.4184,0.0,3.5874,3.6552,3.5347,3.4897,3.7519,3.5992,4.9987,4.886,7.0078,9.3188,31,31,13,31,13,31,31,31,31,12,12,12,12,13,0
01_13_07_02_0433.bmp,0,7,2,13,3.6018,2.731,10.1404,5.5314,6.6907,3.6232,3.8028,3.4728,4.2163,3.6702,4.0723,5.0664,5.3762,6.6146,8.6611,32,31,1,32,13,32,32,32,32,13,32,13,13,13,40
01_13_07_02_0437.bmp,0,7,2,13,4.0151,2.8882,10.7186,6.0148,7.6917,3.9877,4.0387,4.0833,4.0336,4.2833,4.4959,4.9173,5.7225,7.3236,8.6116,31,31,1,13,13,31,31,31,31,13,13,13,13,25,25
01_13_07_02_0444.bmp,0,7,2,13,3.9478,3.0363,7.9294,5.9615,7.3418,4.0613,4.0772,4.2841,3.8861,4.7305,4.9168,5.3784,5.6665,7.5488,10.6373,32,32,13,32,13,32,32,32,32,32,32,13,13,40,13
01_13_07_02_0445.bmp,0,7,2,13,4.1232,3.1619,8.4535,6.386,6.8561,4.2678,4.1655,4.4611,4.4833,4.8759,4.3606,5.7616,6.5938,8.121,9.5209,32,31,13,32,12,32,32,32,32,32,13,13,13,12,13
01_13_07_02_0447.bmp,0,7,2,13,4.771,3.298,8.141,7.1908,6.3126,4.7754,4.7051,4.3314,4.9061,5.0061,5.0854,4.909,5.8927,7.2219,9.5699,32,31,1,32,13,32,32,32,32,13,32,13,13,40,40
01_13_07_02_0453.bmp,0,7,2,13,5.2347,4.2108,7.9587,7.678,10.2825,5.3217,5.3635,5.4933,5.6092,6.0188,5.8063,6.7288,7.3282,10.1803,11.214,13,13,13,32,13,13,13,13,13,13,13,13,13,13,40
01_13_07_02_0459.bmp,0,7,2,13,5.9096,4.1131,9.5324,8.7703,8.0264,5.9001,5.7985,5.857,6.0151,6.3064,6.1813,6.9698,7.7118,8.7566,11.5671,13,31,13,13,13,13,13,13,13,13,13,13,13,12,40
01_13_07_02_0461.bmp,0,7,2,13,4.5688,3.2207,9.3062,6.8606,7.3292,4.567,4.6853,4.6997,4.9665,5.136,5.4298,6.7471,7.6331,9.256,11.8416,13,31,13,13,13,13,13,13,13,13,13,13,12,40,40
01_13_07_02_0464.bmp,0,7,2,13,6.0254,3.6468,10.1956,7.9094,7.9978,6.0173,5.7821,6.2857,6.0755,5.9755,6.6894,7.1949,8.0091,10.4046,12.6734,13,13,13,13,13,13,13,13,13,13,13,13,13,12,40
01_13_07_02_0466.bmp,0,7,2,13,7.8653,5.2115,10.325,8.994,9.4496,7.8891,7.8411,8.018,7.9959,8.0324,7.9918,8.8867,9.5558,10.2541,12.0628,13,13,13,13,13,13,13,13,13,13,13,13,13,13,13
01_13_07_02_0468.bmp,0,7,2,13,7.7771,5.319,9.1026,8.773,9.4206,7.7505,7.7037,7.8056,7.8218,8.0194,8.4546,8.3411,9.6808,10.8433,12.8077,13,13,13,13,15,13,13,13,13,13,13,13,13,12,13
01_13_07_02_0469.bmp,0,7,2,13,7.9925,5.6587,9.7082,8.2181,9.2765,8.0805,8.1345,8.009,8.1187,8.2266,7.9197,9.9592,10.02,12.583,13.0411,13,13,13,15,15,13,13,13,13,13,13,13,13,13,13
01_13_07_02_0472.bmp,0,7,2,13,7.1265,5.3589,11.0225,6.3681,8.1294,7.2547,7.2502,7.1133,7.588,7.1961,8.1879,8.9242,10.3718,13.0399,16.1419,15,13,13,15,15,15,15,13,13,13,13,13,13,24,24
01_13_07_02_0473.bmp,0,7,2,13,7.0685,5.2931,10.9986,7.5061,7.9561,7.1751,7.2169,7.4695,7.278,8.242,7.9311,9.6933,10.4863,13.5891,15.7341,15,13,13,15,15,15,15,13,13,13,13,13,13,13,40
01_13_07_02_0475.bmp,0,7,2,13,6.2223,4.6226,10.3929,7.5486,7.0651,6.2317,6.2625,6.1924,6.3582,6.4235,6.7374,7.2292,9.5465,10.1916,12.9243,15,13,13,15,15,15,15,13,13,13,13,13,13,13,13
01_13_07_02_0476.bmp,0,7,2,13,5.7902,4.5087,12.1063,7.7776,7.1114,5.8174,5.954,5.8341,5.9994,6.6639,7.051,7.2631,8.7077,11.0904,13.5293,13,13,13,15,15,13,13,13,13,13,13,13,13,13,13
01_13_07_02_0483.bmp,0,7,2,13,3.3295,2.7413,9.8122,2.3356,3.7577,3.3716,3.4107,3.6117,3.8156,4.2408,5.2192,6.1956,7.4407,9.9089,10.8651,13,13,13,15,15,13,13,13,13,13,13,13,13,13,13
01_13_07_02_0484.bmp,0,7,2,13,2.92,2.4986,9.4081,1.6197,3.3905,2.9326,3.0176,3.1494,3.3417,4.0773,4.1488,5.9431,7.2957,10.2441,11.6618,13,13,13,15,15,13,13,13,13,13,13,13,13,13,13
01_13_07_02_0492.bmp,0,7,2,13,4.4035,4.1871,10.165,4.1785,4.8795,4.3532,4.4827,4.5293,4.728,4.8032,6.0198,6.7072,7.5529,11.3321,14.5728,13,13,13,13,15,13,13,13,13,13,13,13,13,13,13
01_13_07_02_0493.bmp,0,7,2,13,3.9894,3.3613,10.253,3.4001,4.8423,4.0308,4.2372,4.0753,4.4259,4.7481,5.4968,6.5927,7.9493,10.9998,14.0082,13,13,13,13,13,13,13,13,13,13,13,13,13,13,13
01_13_07_02_0494.bmp,0,7,2,13,3.0431,3.2609,8.5569,2.0854,3.7911,2.9051,3.1271,2.9585,3.3787,3.7351,4.5597,6.3598,7.8404,9.7051,12.1852,13,13,13,13,15,13,13,13,13,13,13,13,13,13,13
01_13_07_02_0495.bmp,0,7,2,13,3.2107,3.4331,10.1058,2.2669,4.443,3.2645,3.4427,3.5676,3.5441,3.9058,4.8286,6.2055,8.109,10.5778,13.2798,13,13,13,15,15,13,13,13,13,13,13,13,13,13,13
01_13_07_02_0496.bmp,0,7,2,13,3.0277,3.4232,11.0229,3.3124,5.2972,3.078,3.1645,3.5082,3.5113,4.1511,4.6349,6.1279,7.4449,10.6886,12.7622,13,13,13,13,15,13,13,13,13,13,13,13,13,13,13
01_13_07_02_0501.bmp,0,7,2,13,2.285,2.6203,8.2243,1.283,5.364,2.3418,2.4549,2.6769,3.2003,3.6776,4.2343,5.5706,7.3653,10.9892,12.6633,13,13,13,13,13,13,13,13,13,13,13,13,13,13,13
01_13_07_02_0503.bmp,0,7,2,13,3.025,2.8266,8.4164,1.9662,5.5658,2.9018,3.2745,3.4573,3.3417,3.9417,4.9929,6.9238,7.8994,9.733,13.7675,13,13,13,13,13,13,13,13,13,13,13,13,13,13,13
01_13_07_02_0506.bmp,0,7,2,13,4.0526,3.1983,13.1886,5.6467,8.7528,4.163,4.1088,4.0058,4.3893,4.6646,5.3786,6.3784,9.0105,11.4146,14.3474,13,13,13,13,13,13,13,13,13,13,13,13,13,13,13
01_13_07_02_0509.bmp,0,7,2,13,3.1468,2.51,9.6163,2.0537,9.8939,3.2017,3.1005,3.349,3.518,3.9329,5.0461,6.62,7.2238,11.0671,12.6823,13,13,13,13,13,13,13,13,13,13,13,13,13,13,13
01_13_07_02_0512.bmp,0,7,2,13,2.7506,1.4847,9.2515,2.0302,9.1069,2.7476,2.9623,3.1867,3.0881,3.7345,4.4047,5.8206,7.6902,10.5006,11.9307,13,13,13,13,13,13,13,13,13,13,13,13,13,13,13
01_13_07_02_0513.bmp,0,7,2,13,1.9374,1.3636,9.6467,3.0795,10.1167,1.9174,2.2107,2.418,2.5213,4.081,4.5062,5.2068,7.8814,11.3509,15.6773,13,13,13,13,7,13,13,13,13,13,13,13,13,13,13
01_13_07_02_0518.bmp,0,7,2,13,0.8042,0.6389,9.5904,1.1855,1.5875,0.8809,0.9756,1.192,1.3788,1.6267,2.1796,3.0144,3.6138,5.0656,6.1403,31,31,7,19,12,31,31,31,12,12,12,12,12,12,23
01_13_07_02_0519.bmp,0,7,2,13,0.818,0.6746,9.3641,1.1694,1.4952,0.7899,0.8956,1.0585,1.1898,1.6311,2.1582,2.6784,4.0002,5.2077,5.9265,19,31,16,19,12,12,19,12,12,12,12,12,40,25,40
01_13_07_02_0520.bmp,0,7,2,13,1.0088,0.7747,10.3363,1.5375,1.9447,1.145,1.3481,1.2108,1.4076,1.5764,2.1264,2.8565,3.9436,4.9829,7.0529,31,31,42,12,12,12,12,12,12,12,12,12,12,40,40
01_13_07_02_0522.bmp,0,7,2,13,1.0,0.7782,8.6834,1.4833,1.9895,1.1311,1.2331,1.1719,1.5594,1.7443,1.7411,2.9133,3.2025,4.7288,5.7172,19,31,32,19,19,19,19,19,19,19,12,12,12,40,40
01_13_07_02_0525.bmp,0,7,2,13,4.3939,3.361,8.1254,6.6007,8.3474,4.421,4.3491,4.3278,4.6184,4.5334,4.6107,5.6792,6.0425,8.1015,9.0261,12,31,13,32,13,12,12,12,12,12,13,13,12,40,40
01_13_07_02_0527.bmp,0,7,2,13,3.7611,2.6833,9.1011,5.6967,6.2061,3.7553,3.7849,3.8427,3.9865,4.0441,4.1591,4.3632,5.8087,6.3096,8.8697,12,31,13,12,15,12,12,12,12,12,12,12,12,40,40
01_13_07_02_0530.bmp,0,7,2,13,1.0637,0.8977,10.1261,1.5303,2.3701,1.0925,1.2295,1.4283,1.3655,1.8246,2.0904,3.3777,3.7205,5.2463,6.1784,32,31,1,32,32,32,32,32,32,32,12,12,25,25,40
01_13_07_02_0533.bmp,0,7,2,13,2.8954,1.9296,8.7935,4.4152,4.7859,2.984,2.8709,3.0745,3.28,3.0141,4.1669,4.5322,5.3598,7.163,9.7935,12,31,13,12,15,12,12,12,12,12,12,12,12,40,40
01_13_07_02_0540.bmp,0,7,2,13,1.1007,0.8604,10.2543,1.642,3.6347,1.2678,1.2673,1.1899,1.4883,1.76,2.1155,2.9242,3.3491,5.7898,7.3626,32,31,32,19,32,32,32,32,32,32,12,32,12,7,23
01_13_07_02_0547.bmp,0,7,2,13,2.6871,1.872,9.2148,3.9606,4.6036,2.7038,2.6327,2.8958,3.045,3.1807,3.5385,4.5856,5.2076,6.0681,7.661,12,31,7,12,15,12,12,12,12,12,12,12,40,40,40
01_13_07_02_0549.bmp,0,7,2,13,3.0319,2.0647,8.6855,4.5228,4.9064,2.9124,3.0415,3.1529,3.1216,3.506,3.5433,4.4526,5.4172,7.7787,9.7491,12,31,13,12,15,12,12,12,12,12,12,40,12,40,40
01_13_07_02_0556.bmp,0,7,2,13,1.4183,1.1069,11.9315,2.0456,4.6585,1.4694,1.4675,1.5688,1.7607,1.9183,1.8566,2.5999,3.3838,5.0178,6.592,31,31,13,31,32,31,31,31,32,32,12,12,12,12,12
01_13_07_02_0557.bmp,0,7,2,13,3.3558,2.3531,9.7135,5.0987,5.1704,3.353,3.5161,3.4305,3.7965,4.0266,4.1581,5.1386,5.9209,7.0306,10.3121,12,31,32,12,15,12,12,12,12,12,12,40,40,40,40
01_13_07_02_0559.bmp,0,7,2,13,3.3551,2.2661,8.9413,4.9987,5.6235,3.4692,3.559,3.4734,3.5102,3.7979,4.312,5.2309,6.0804,7.0126,9.8677,12,31,13,12,15,12,12,12,12,12,12,12,12,40,40
01_13_07_02_0567.bmp,0,7,2,13,3.9216,2.9012,10.7929,5.9107,7.8994,4.0157,4.0131,4.0081,4.3797,4.5308,4.7324,5.3925,6.5926,8.7675,9.7876,13,31,13,13,15,13,13,13,13,13,13,13,13,40,40
01_13_07_02_0576.bmp,0,7,2,13,2.2914,1.9142,9.848,3.4324,8.0309,2.248,2.3636,2.6047,2.3941,2.9476,2.7142,3.2399,4.2988,5.8202,7.9593,13,31,4,13,13,13,13,13,13,13,12,12,25,12,40
01_13_07_02_0578.bmp,0,7,2,13,2.6435,2.1148,9.6344,3.8527,8.9029,2.5469,2.6673,2.5034,2.9541,2.4346,3.0758,4.0159,4.7179,6.5813,8.9158,19,31,13,13,13,19,13,13,19,13,12,12,13,25,40
01_13_07_02_0584.bmp,0,7,2,13,2.9271,2.4764,9.2743,4.4006,7.4447,2.9876,2.8796,3.1715,3.394,3.0558,3.7698,4.1999,5.0309,6.2874,8.2573,13,31,1,13,13,13,13,13,13,13,12,12,12,13,40
01_13_07_02_0585.bmp,0,7,2,13,3.7539,3.0258,11.764,5.6843,5.2394,3.7318,3.7767,3.8426,4.0444,4.6905,4.7768,5.8504,7.228,8.9821,11.7507,15,31,13,15,15,15,13,13,13,13,13,13,13,40,40
01_13_07_02_0587.bmp,0,7,2,13,4.1157,3.1886,11.1302,6.0391,5.6219,4.0855,4.2409,4.2552,4.1789,4.7127,4.8261,6.0329,6.8217,9.2622,11.4206,13,13,13,15,15,13,13,13,13,13,13,13,13,13,40
01_13_07_02_0591.bmp,0,7,2,13,4.0599,3.0307,11.8993,6.061,6.009,4.0842,4.131,4.1407,4.2947,4.9206,5.1809,7.1007,8.0704,11.3623,14.4383,13,13,13,15,15,13,13,13,13,13,13,13,13,40,40
01_13_07_02_0593.bmp,0,7,2,13,3.7667,3.131,11.7108,5.6443,5.367,3.8263,3.8877,4.108,4.2523,4.3265,4.7275,5.5795,7.2672,9.456,10.6588,13,13,13,32,15,13,13,13,13,13,13,13,13,40,40
01_13_07_02_0595.bmp,0,7,2,13,3.7845,3.178,10.8434,5.6957,5.3925,3.8054,3.9893,3.825,4.0997,4.5228,5.0551,5.7891,6.3544,9.5831,11.2444,32,13,13,15,15,13,13,13,13,13,13,13,13,13,40
01_13_07_02_0601.bmp,0,7,2,13,4.6268,3.6951,12.7068,7.0148,6.7937,4.6489,4.7236,4.7458,4.8927,5.2937,5.4648,6.4939,7.9783,10.0424,12.3797,13,13,13,15,15,13,13,13,13,13,13,13,13,13,40
01_13_07_02_0606.bmp,0,7,2,13,5.3658,4.0437,12.5993,8.0825,7.6094,5.4911,5.5882,5.5162,5.5215,5.7473,6.3624,6.7594,8.8315,10.7298,14.0352,13,13,13,13,15,13,13,13,13,13,13,13,13,13,40
01_13_07_02_0607.bmp,0,7,2,13,5.9461,4.5054,11.2172,8.6746,7.9318,5.844,6.0384,5.8189,5.9952,6.293,6.8075,7.717,8.3527,11.0768,14.032,13,13,13,15,15,13,13,13,13,13,13,13,13,13,40
01_13_07_02_0608.bmp,0,7,2,13,4.5603,4.0534,13.3471,6.7872,6.0173,4.5828,4.6392,4.8458,5.2311,5.3482,5.4672,7.0658,7.791,11.3285,14.4425,13,13,13,15,15,13,13,13,13,13,13,13,13,13,13
01_13_07_02_0611.bmp,0,7,2,13,5.217,3.9095,10.7127,7.8139,7.0038,5.1859,5.2382,5.3504,5.5537,5.4944,6.2575,7.3497,8.1203,11.6629,13.5705,13,13,13,15,15,13,13,13,13,13,13,13,13,13,13
01_13_07_02_0617.bmp,0,7,2,13,4.8686,3.0894,14.7966,6.7879,13.9173,4.934,4.9683,4.8507,5.2972,5.7225,5.4888,6.9001,8.1862,11.7121,13.4123,13,13,13,13,13,13,13,13,13,13,13,13,13,13,13
01_13_07_02_0619.bmp,0,7,2,13,3.8262,2.8247,9.8111,4.9564,13.6223,3.771,3.8242,3.8988,4.3415,4.6194,5.1694,6.7072,7.9311,11.9792,15.1882,13,13,13,13,13,13,13,13,13,13,13,13,13,13,13
01_13_07_02_0622.bmp,0,7,2,13,4.0147,2.8284,13.2213,5.9603,12.1334,3.9161,4.1143,4.096,4.4482,4.7848,4.8663,6.6901,7.8972,11.114,13.0111,13,13,13,13,7,13,13,13,13,13,13,13,13,13,13
01_03_02_01_0005.bmp,0,2,1,9,4.4142,3.4542,20.4296,6.6089,8.8576,4.3961,4.5639,4.5019,4.3366,4.7498,5.2619,6.3769,7.0933,8.7871,11.1418,13,13,16,41,15,13,13,13,13,13,13,13,13,41,25
01_03_02_01_0006.bmp,0,2,1,9,4.4348,3.4822,17.9322,6.7365,9.9891,4.4947,4.4939,4.8384,4.5637,5.2801,4.58,5.7136,7.3091,9.8926,11.6997,13,13,16,16,16,13,13,13,13,13,13,13,13,12,40
01_03_02_01_0008.bmp,0,2,1,9,5.4938,4.2172,19.2138,8.2626,10.671,5.4577,5.5449,5.6174,5.7632,5.6153,5.8947,7.0811,7.9151,9.9598,11.1328,13,13,13,16,13,13,13,13,13,13,13,13,13,13,40
01_03_02_01_0009.bmp,0,2,1,9,5.8707,4.5016,19.3831,8.8822,11.3479,5.8393,6.0968,5.9404,5.802,5.8804,6.651,7.0474,7.2002,9.3271,10.6794,13,13,13,13,13,13,13,13,13,13,13,13,13,13,25
01_03_02_01_0028.bmp,0,2,1,9,8.2191,6.4933,23.3364,12.2187,13.7622,8.3409,8.3451,8.3446,8.4584,8.8718,9.1528,9.302,11.5543,14.6279,15.6188,15,13,16,15,15,15,15,15,15,13,13,41,13,13,25
01_03_02_01_0032.bmp,0,2,1,9,7.6158,6.5791,21.6935,11.1457,14.0671,7.5555,7.5638,7.6717,7.8865,8.0952,7.796,9.5704,10.1257,11.5211,13.5492,15,13,16,15,15,15,15,15,15,15,15,41,41,41,13
01_03_02_01_0038.bmp,0,2,1,9,7.5242,6.6929,21.2072,10.5034,13.8555,7.4942,7.3215,7.6258,7.602,7.9352,7.8136,9.3739,9.7338,11.3115,13.761,15,13,41,15,15,15,15,15,15,15,15,41,41,41,41
01_03_02_01_0039.bmp,0,2,1,9,7.3709,6.7561,20.5034,10.3787,14.7367,7.407,7.5521,7.3341,7.5454,7.7411,8.098,8.66,9.6998,11.7627,13.7575,15,15,15,15,15,15,15,15,15,15,15,15,41,13,40
01_03_02_01_0040.bmp,0,2,1,9,7.6018,6.6837,22.0686,10.5547,10.0348,7.472,7.618,7.6336,7.6694,7.9251,8.0553,8.6939,9.7986,11.36,12.853,15,15,15,15,15,15,15,15,15,15,15,15,41,4,13
01_03_02_01_0043.bmp,0,2,1,9,7.664,7.0088,21.2649,10.1882,9.7479,7.6527,7.6856,7.7862,7.9706,7.9879,8.3696,9.8855,10.0971,11.5765,13.4816,15,13,15,15,15,15,15,15,15,15,15,15,41,41,41
01_03_02_01_0045.bmp,0,2,1,9,7.702,6.7743,20.6746,10.0721,11.8035,7.7124,7.7721,7.8947,8.1392,8.5958,8.4681,8.5873,9.7956,12.0138,14.1096,15,13,41,15,15,15,15,15,15,15,15,15,41,13,41
01_03_02_01_0046.bmp,0,2,1,9,8.0761,6.8194,19.5727,10.7158,9.9713,8.0428,8.0995,8.1302,8.0341,8.1553,8.9962,9.4353,10.5111,12.1466,14.1846,15,13,16,15,15,15,15,15,15,15,15,15,13,41,40
01_03_02_01_0048.bmp,0,2,1,9,8.192,6.5285,19.4226,10.9525,9.748,8.2333,8.3823,8.3192,8.3174,8.5584,8.6963,9.5306,10.9703,12.155,13.7469,15,13,16,15,15,15,15,15,15,15,15,15,13,41,40
01_03_02_01_0051.bmp,0,2,1,9,7.3832,6.6204,17.9584,9.2985,8.8424,7.3046,7.3608,7.6498,7.6654,8.1265,8.385,9.0546,10.3006,12.1339,14.1502,15,15,15,15,15,15,15,15,15,15,15,15,15,13,25
01_03_02_01_0056.bmp,0,2,1,9,5.1939,4.2812,14.5837,7.138,6.733,5.1826,5.1916,5.3142,5.3846,5.4692,5.9407,7.0318,8.8503,11.1427,13.4367,15,15,15,15,15,15,15,15,15,15,15,15,15,13,13
01_03_02_01_0059.bmp,0,2,1,9,5.3582,5.3458,16.3854,6.9864,6.7887,5.3928,5.4204,5.7503,5.9845,5.6928,6.3529,7.9685,8.71,11.4605,13.7051,15,15,9,15,15,15,15,15,15,15,15,9,41,41,41
01_03_02_01_0063.bmp,0,2,1,9,5.5037,5.3324,20.1925,7.1354,6.7535,5.4251,5.4676,5.5901,5.8891,6.1361,6.5385,8.018,9.0717,11.8831,13.7672,15,9,9,15,15,15,15,15,15,15,15,41,41,41,41
01_03_02_01_0064.bmp,0,2,1,9,5.2928,5.1617,19.7713,6.4759,6.6218,5.372,5.4775,5.426,5.9142,5.8674,6.3235,6.9452,8.4226,10.9261,14.4131,15,15,41,15,15,15,15,15,15,15,15,15,41,41,41
01_03_02_01_0066.bmp,0,2,1,9,5.0261,5.1521,16.7973,6.4022,6.3782,5.0649,5.0838,5.1971,5.3537,5.7923,6.2376,7.3307,8.3842,10.6298,14.1906,15,9,9,15,15,15,15,15,15,15,15,41,41,41,41
01_03_02_01_0072.bmp,0,2,1,9,5.5916,5.5114,15.7075,6.5501,6.9184,5.6883,5.6025,5.7445,5.7974,6.2084,6.4783,7.333,8.6782,11.7752,14.0995,15,9,9,15,15,15,15,15,15,15,15,41,41,41,41
01_03_02_01_0073.bmp,0,2,1,9,6.2289,5.6932,16.0064,7.1919,7.5946,6.2299,6.2436,6.1719,6.3062,6.5985,7.0181,8.0768,9.2303,11.632,13.7707,15,9,9,15,15,15,15,15,15,15,15,41,41,41,41
01_03_02_01_0085.bmp,0,2,1,9,7.1218,7.1512,18.1736,7.579,9.3083,7.076,7.152,7.2775,7.1758,7.4927,7.3963,8.3578,9.5442,12.0942,13.7545,15,9,9,9,8,15,15,15,15,9,9,41,41,41,41
01_06_02_01_0001.bmp,0,2,1,14,8.2517,6.778,22.8721,10.9343,10.1914,8.1628,8.2619,8.4323,8.3512,8.3926,8.951,9.9072,10.1304,11.2806,14.6897,14,13,14,14,14,14,14,14,14,14,14,14,14,14,14
01_06_02_01_0001.bmp,1,2,1,14,2.583,1.8974,14.6469,3.8536,5.9272,2.61,2.8785,2.6977,2.8631,3.0257,3.9476,4.4817,5.2816,6.1249,8.3136,13,36,13,14,14,13,13,13,13,13,13,13,25,28,14
01_06_02_01_0002.bmp,1,2,1,14,2.754,1.9625,15.466,4.1962,6.7191,2.8387,2.7826,3.0382,3.1219,3.5641,3.9803,4.1737,5.6896,7.1342,7.8998,36,36,13,14,24,36,36,13,13,13,13,12,14,14,14
01_06_02_01_0005.bmp,1,2,1,14,3.1293,2.2723,11.9473,4.517,4.5374,3.1213,3.0982,3.0863,3.2934,3.8833,3.3203,5.0341,5.0361,7.5583,9.2499,13,36,13,14,17,13,0,0,0,0,0,14,14,25,13
01_06_02_01_0006.bmp,0,2,1,14,6.6176,6.3232,18.0879,7.9055,8.0048,6.7152,6.6383,6.6882,6.9932,7.0543,7.8594,8.5017,9.3324,11.2871,13.5868,15,13,14,14,14,14,14,14,14,14,14,14,14,14,14
01_06_02_01_0006.bmp,1,2,1,14,3.8553,2.8992,17.767,5.5665,4.4718,3.884,4.0229,3.7883,4.2419,4.1679,4.7617,5.6101,7.0252,9.3235,11.4695,14,13,14,14,14,14,14,14,14,14,14,14,14,14,14
01_06_02_01_0007.bmp,1,2,1,14,4.1825,2.9869,18.7111,6.0654,5.1144,4.0235,4.0637,4.4107,4.5783,4.703,4.6147,6.2674,7.1957,9.3285,10.8986,14,25,14,14,14,14,14,14,14,14,14,14,14,14,14
01_06_02_01_0009.bmp,1,2,1,14,4.8025,3.5933,17.6952,6.9363,5.9346,4.7831,4.9691,4.9577,4.8921,5.5066,5.3958,6.5696,7.3826,9.3049,11.2186,17,13,14,14,14,17,14,14,14,14,14,14,14,14,14
01_06_02_01_0011.bmp,0,2,1,14,11.0085,9.2313,19.1082,12.7955,12.6362,11.1667,11.0934,11.0592,10.9606,11.6087,11.5721,11.9273,12.8143,14.3341,16.0193,14,14,14,14,14,14,14,14,14,14,14,14,14,14,14
01_06_02_01_0011.bmp,1,2,1,14,4.4635,3.2782,17.7611,6.0226,5.111,4.5167,4.3818,4.4244,4.6006,4.9254,4.8605,5.8816,7.2574,8.9821,11.4476,14,13,14,14,14,14,14,14,14,14,14,14,14,14,25
01_06_02_01_0012.bmp,0,2,1,14,10.7322,9.212,20.5744,10.1708,12.5285,10.8348,10.8645,10.8227,10.991,10.8794,10.625,11.4218,11.7587,13.6318,16.4372,14,14,14,14,14,14,14,14,14,14,14,14,14,14,14
01_06_02_01_0014.bmp,1,2,1,14,4.8281,3.4663,22.1718,6.7482,5.9927,4.822,4.7831,4.8803,4.871,5.3966,4.9821,6.6331,7.2677,9.4309,11.8486,17,15,14,14,14,17,14,14,14,14,14,14,14,14,14
01_06_02_01_0015.bmp,1,2,1,14,5.1881,3.6712,20.5143,7.4038,6.1991,5.1982,5.2923,5.3992,5.1954,5.6084,6.1492,6.8309,7.3158,9.2139,13.0759,14,15,14,14,14,14,14,14,14,14,14,14,14,14,14
01_06_02_01_0016.bmp,0,2,1,14,7.2304,8.3186,14.1144,5.3416,7.8657,7.1615,7.1901,7.4214,7.5069,8.1942,7.9637,8.3557,10.4062,11.6736,13.4422,14,14,14,14,14,14,14,14,14,14,14,14,14,14,14
01_06_02_01_0017.bmp,1,2,1,14,6.4431,4.6775,24.4476,8.5397,7.7993,6.4582,6.4605,6.5617,6.3247,6.7992,7.3584,7.5637,7.955,11.6718,11.8327,14,25,14,14,14,14,14,14,14,14,14,14,14,14,14
01_06_02_01_0019.bmp,0,2,1,14,8.174,9.7056,16.1637,6.3628,9.1231,8.0876,7.8251,8.5459,8.5721,9.0519,9.4194,9.8392,9.3979,12.2029,14.7941,14,14,14,14,14,14,14,14,14,14,14,14,14,14,14
01_06_02_01_0019.bmp,1,2,1,14,5.7474,4.3945,21.9022,7.8732,6.4575,5.7564,5.9248,5.7761,6.2451,6.1773,6.4345,7.0745,8.1695,10.7397,12.5223,14,13,14,14,14,14,14,14,14,14,14,14,14,14,14
01_06_02_01_0025.bmp,1,2,1,14,6.7753,5.1322,24.7172,9.6209,8.5324,6.7687,6.8134,6.9787,6.9187,7.1912,7.7275,8.1041,9.678,11.5003,13.0231,0,25,42,14,14,0,14,0,14,14,14,14,14,14,25
01_06_02_01_0026.bmp,1,2,1,14,7.9678,5.804,23.9112,10.1443,8.8793,7.9116,8.0303,7.7782,7.8091,8.3138,8.4711,8.684,9.5509,11.6864,12.6071,15,25,1,15,15,15,15,15,15,14,14,14,14,14,24
01_06_02_01_0030.bmp,0,2,1,14,3.9244,6.7917,7.238,1.4664,4.3197,4.014,4.0359,4.1784,4.1469,4.8677,4.8691,6.278,7.755,9.6849,11.8567,14,14,14,14,14,14,14,14,14,14,14,14,14,14,14
01_06_02_01_0033.bmp,0,2,1,14,4.4536,6.97,6.9891,1.4316,5.1884,4.4345,4.6446,4.6363,4.9688,5.1873,5.0263,6.4762,7.9172,10.0946,12.0017,14,14,14,14,14,14,14,14,14,14,14,14,14,14,14
01_06_02_01_0033.bmp,1,2,1,14,3.5394,2.9282,11.8395,5.0931,4.7753,3.5179,3.5728,3.7182,3.8043,3.8975,4.7836,4.4118,6.2041,7.0803,9.077,15,12,16,3,3,15,3,15,15,12,15,3,12,14,13
01_06_02_01_0037.bmp,1,2,1,14,3.3855,2.875,13.3644,4.2929,3.8522,3.4119,3.5084,3.5755,3.7116,3.6852,4.701,5.0651,5.6749,7.3245,9.448,15,12,3,3,3,15,15,3,15,12,3,12,14,14,28
01_06_02_01_0038.bmp,0,2,1,14,4.3859,7.8191,8.5156,1.5833,4.2611,4.3361,4.3583,4.9564,4.4754,5.2281,5.373,6.4366,7.8528,10.3777,13.6965,14,14,14,14,14,14,14,14,14,14,14,14,14,14,14
01_06_02_01_0038.bmp,1,2,1,14,1.6085,1.4973,11.7791,2.2956,2.1592,1.758,1.724,2.1353,2.3293,2.3369,3.7587,3.8104,5.9313,6.6941,8.9593,13,36,17,14,14,13,13,13,13,14,13,14,14,14,1
01_06_02_01_0039.bmp,1,2,1,14,4.4139,3.567,13.3112,4.881,5.0872,4.4453,4.3618,4.3889,4.447,4.8187,5.2756,5.7938,6.5747,7.9238,9.9466,3,15,10,3,3,3,3,3,3,3,3,12,28,12,25
01_06_02_01_0043.bmp,0,2,1,14,1.2008,2.4554,3.6714,1.1763,1.4281,1.3309,1.5012,1.8653,2.0785,2.8459,3.4071,4.4772,5.6309,8.1351,9.7557,14,14,14,14,14,14,14,14,14,14,14,14,14,14,14
01_06_02_01_0046.bmp,0,2,1,14,2.836,2.6668,15.5151,2.1937,3.4565,2.9095,2.9329,3.0976,3.1404,3.3258,3.9214,5.1314,5.7088,7.372,9.8852,15,13,17,14,14,15,14,14,14,14,14,14,14,14,25
01_06_02_01_0048.bmp,0,2,1,14,2.6325,2.4802,14.4897,2.0439,4.7106,2.6312,2.7712,2.9329,2.8447,3.2731,3.9708,5.6024,5.6397,7.3639,11.3447,14,13,9,14,17,14,14,14,14,14,14,14,14,14,14
01_06_02_01_0050.bmp,0,2,1,14,3.6339,3.239,14.6342,3.6443,4.6325,3.6292,3.6885,3.7173,3.7707,4.2701,4.838,5.7588,6.4845,9.6366,11.1567,17,17,17,14,17,17,17,17,17,14,14,14,14,14,25
01_06_02_01_0057.bmp,0,2,1,14,4.8779,4.917,17.4702,4.6791,5.555,4.9021,4.9996,4.858,5.3652,5.774,5.9653,6.5288,8.0962,10.3047,11.6218,14,17,17,14,17,14,14,14,14,14,14,14,14,14,14
01_06_02_01_0061.bmp,0,2,1,14,4.6946,4.9173,19.2598,3.2553,5.657,4.7053,4.7264,4.6494,4.878,5.6173,5.8499,6.4444,7.9251,9.3686,11.0933,14,17,14,14,17,14,14,14,14,14,14,14,14,14,25
01_06_02_01_0064.bmp,0,2,1,14,4.8435,4.7023,18.2583,4.7834,6.1416,4.7602,4.9415,4.8067,5.0162,5.4201,6.1323,6.8286,7.9941,10.4662,12.9263,14,14,14,14,17,14,14,14,14,14,14,14,14,14,25
01_06_02_01_0065.bmp,0,2,1,14,4.4658,5.1357,18.7176,4.315,5.7036,4.4919,4.5673,4.7599,4.7466,5.0645,5.8963,6.5894,7.7293,10.7315,12.39,14,13,14,14,14,14,14,14,14,14,14,14,14,14,25
01_06_02_01_0069.bmp,0,2,1,14,5.8219,6.1752,20.067,4.6624,7.378,5.867,6.0793,5.8404,6.185,6.4047,6.3291,7.3571,8.4951,10.6312,12.7809,14,14,14,14,14,14,14,14,14,14,14,14,14,14,25
01_06_02_01_0071.bmp,0,2,1,14,6.0062,6.572,20.3528,2.286,7.2109,6.006,6.0563,6.1584,6.0514,6.4783,7.0422,7.6407,8.137,9.7411,12.371,14,14,14,14,14,14,14,14,14,14,14,14,14,14,14
01_06_02_01_0072.bmp,0,2,1,14,6.2156,7.3473,17.7914,3.3661,7.6046,6.403,6.3027,6.4686,6.3324,6.8375,6.845,7.9112,8.9489,10.7945,12.0852,14,14,14,25,14,14,14,14,14,14,14,14,14,14,25
01_06_02_01_0073.bmp,0,2,1,14,6.8332,7.8462,19.9682,3.1254,8.0331,6.7776,6.76,6.7714,6.7314,7.0889,7.4709,8.375,8.4923,10.6738,12.5093,14,14,14,25,14,14,14,14,14,14,14,14,14,14,14
01_06_02_01_0076.bmp,0,2,1,14,7.402,7.9022,16.7535,3.503,8.7836,7.4938,7.4003,7.3548,7.1453,7.9103,7.4524,8.5803,9.6485,10.6614,12.4353,14,14,14,14,14,14,14,14,14,14,14,14,14,14,14
01_06_02_01_0077.bmp,0,2,1,14,8.2176,8.666,15.7967,3.7074,9.3059,8.1746,8.304,8.1443,8.2813,8.5359,8.4835,10.2522,10.0523,11.6019,13.3232,14,14,14,14,14,14,14,14,14,14,14,14,14,14,25
01_06_02_01_0078.bmp,0,2,1,14,8.622,8.5622,16.6741,4.1818,10.1717,8.7991,8.6787,8.5767,8.616,8.9271,8.9952,9.7029,10.0946,11.4438,12.819,14,14,14,14,14,14,14,14,14,14,14,14,14,14,14
01_06_02_01_0080.bmp,0,2,1,14,7.3797,9.2145,14.8618,2.8895,7.6486,7.4104,7.3598,7.6788,7.5222,7.6942,7.5987,8.0634,9.3885,11.1446,12.852,14,14,14,25,14,14,14,14,14,14,14,14,14,14,24
01_06_02_01_0082.bmp,0,2,1,14,6.8953,9.1851,12.8999,3.2112,8.0568,6.9028,7.0239,7.011,7.1115,7.6027,7.7839,8.423,9.2413,10.466,12.0285,14,14,14,14,14,14,14,14,14,14,14,14,14,14,14
01_06_02_01_0083.bmp,0,2,1,14,8.3465,10.6604,13.745,3.8053,8.6984,8.4147,8.1883,8.2287,8.3656,8.4989,8.2809,9.3721,9.0189,10.68,12.6239,14,14,14,14,14,14,14,14,14,14,14,14,14,14,14
01_11_02_01_0001.bmp,0,2,1,12,2.1956,1.5529,13.9194,3.235,3.9464,2.1739,2.2026,2.1688,2.3943,2.9141,3.6437,4.653,4.1689,7.643,8.7564,15,15,0,15,17,15,15,17,13,13,13,12,12,0,12
01_11_02_01_0005.bmp,0,2,1,12,2.0,1.4123,10.3299,2.9295,3.2955,2.0743,2.2204,2.0996,2.6325,3.2066,2.692,4.0117,6.0901,7.7183,8.4705,15,15,16,15,16,15,15,15,15,13,13,12,13,12,12
01_11_02_01_0009.bmp,0,2,1,12,2.1515,1.4123,13.3337,3.1635,3.0532,2.0332,2.1585,2.0867,2.3681,2.7524,3.1651,4.3137,5.554,7.7538,8.6687,15,15,16,15,15,15,31,31,15,31,13,12,12,12,12
01_11_02_01_0015.bmp,0,2,1,12,2.425,1.7207,13.6078,3.5902,3.7003,2.3692,2.6032,2.6081,2.8592,2.8612,3.5826,4.3933,6.0241,7.4986,9.793,15,15,16,15,13,15,15,15,15,15,13,13,12,41,12
01_11_02_01_0017.bmp,0,2,1,12,2.8296,1.9461,14.5637,4.1793,5.2541,2.7647,3.1441,3.0035,3.3296,3.2491,3.8831,4.9101,6.6276,7.6738,8.5955,15,15,16,15,13,15,15,15,15,13,12,12,12,12,12
01_11_02_01_0018.bmp,0,2,1,12,2.5847,1.8375,14.8977,3.8634,3.942,2.6083,2.5997,2.7845,2.9884,3.4283,3.6779,4.2896,6.2712,8.0098,11.3071,15,15,42,15,15,15,15,15,15,13,13,12,12,12,23
01_11_02_01_0021.bmp,0,2,1,12,3.3184,2.2827,14.9219,4.9174,6.7787,3.3713,3.3299,3.758,3.6907,4.2134,3.8142,5.4002,6.723,9.2231,10.7162,32,31,11,32,40,32,32,32,32,32,32,32,12,25,25
01_11_02_01_0026.bmp,0,2,1,12,3.3035,2.7685,17.7538,4.9797,4.9283,3.4733,3.3502,3.5433,3.6067,4.4456,4.6061,5.7424,6.4463,8.915,11.162,15,13,11,15,15,15,15,15,15,10,12,12,12,25,25
01_11_02_01_0028.bmp,0,2,1,12,4.0742,3.2891,18.6166,6.154,5.905,4.0577,4.1911,4.5406,4.336,4.8034,5.3807,6.1865,6.7336,10.1356,11.9698,15,13,16,15,15,15,15,13,13,13,13,13,13,12,12
01_11_02_01_0029.bmp,0,2,1,12,4.7861,3.3175,19.1087,7.184,6.478,4.7364,4.7562,4.8472,5.1094,4.7964,5.8913,6.2266,7.6635,9.225,10.8043,13,13,11,15,15,13,13,13,13,13,13,25,11,25,24
01_11_02_01_0035.bmp,0,2,1,12,6.3452,5.2573,25.3397,9.3967,8.0213,6.4174,6.439,6.4236,6.3402,6.8674,6.7452,7.6288,8.6727,10.1058,13.5391,15,13,0,15,15,15,15,17,17,13,17,18,18,18,13
01_11_02_01_0036.bmp,0,2,1,12,5.2429,5.1691,25.105,7.5597,6.2881,5.2201,5.2513,5.488,5.7476,5.9694,6.3546,8.103,9.1703,12.2913,16.189,15,0,0,15,15,15,15,18,18,18,18,18,1,0,13
01_11_02_01_0038.bmp,0,2,1,12,7.7388,6.6701,24.0683,11.2505,9.8259,7.7336,7.7893,7.7932,8.1609,7.9684,8.0961,8.7927,9.8704,11.3694,13.7064,1,13,1,15,15,1,1,1,1,1,1,1,1,18,1
01_11_02_01_0039.bmp,0,2,1,12,8.2536,7.1295,24.4898,11.7448,10.0754,8.2274,8.1795,8.3581,8.2918,8.522,8.4045,9.4072,9.6877,11.8839,13.0145,1,13,1,1,1,1,1,1,1,1,1,1,1,1,1
01_11_02_01_0040.bmp,0,2,1,12,8.832,7.2363,26.8522,12.8138,11.4353,8.8803,8.886,8.9124,9.1399,9.0937,9.4976,9.9813,10.3807,11.8822,14.0106,15,13,1,15,15,15,15,15,15,1,15,1,1,13,13
01_11_02_01_0045.bmp,0,2,1,12,5.2809,5.2883,20.724,6.9201,6.3247,5.3277,5.2496,5.5935,5.6691,6.1452,6.2069,7.1044,7.7974,11.4201,12.6718,15,15,42,7,7,15,15,32,32,7,7,1,1,1,1
01_11_02_01_0052.bmp,0,2,1,12,3.5781,3.4551,18.042,4.6416,5.1999,3.6024,3.6901,3.8392,3.9101,4.4413,5.0975,6.3379,7.2538,9.9421,12.272,32,8,32,15,32,32,32,32,32,32,32,32,32,19,19
01_11_02_01_0054.bmp,0,2,1,12,3.8794,3.5891,14.9644,5.3508,7.3663,3.8956,4.0645,4.1216,4.2521,4.802,5.3021,6.029,7.1881,9.9625,11.605,32,8,32,26,26,32,32,32,32,32,32,32,32,19,19
01_11_02_01_0058.bmp,0,2,1,12,3.8893,4.0893,17.2412,4.9752,4.9713,3.827,3.9733,4.0439,4.3757,4.6335,5.445,6.1403,7.4208,9.3715,12.5111,32,24,2,26,32,32,32,32,32,32,32,32,32,23,13
01_11_02_01_0059.bmp,0,2,1,12,4.2357,4.333,17.0757,5.1876,5.2988,4.212,4.2257,4.3892,4.4026,4.8422,5.2753,5.8333,7.2955,9.977,12.6353,32,8,19,26,26,32,32,32,32,32,32,32,32,23,23
01_11_02_01_0060.bmp,0,2,1,12,3.7805,4.1295,15.8654,4.7435,4.7261,3.8545,3.8828,4.1527,4.2529,4.5515,5.165,6.027,8.049,9.9516,12.3012,32,8,32,26,26,32,32,32,32,32,32,32,32,23,23
01_11_02_01_0061.bmp,0,2,1,12,3.7327,3.9453,15.7932,4.3877,4.1611,3.7479,3.9501,3.9367,4.214,4.4467,4.8159,6.3201,7.2029,10.1793,12.5015,32,8,19,26,26,32,32,32,32,32,32,32,32,19,23
01_11_02_01_0062.bmp,0,2,1,12,3.6128,3.627,14.7035,4.4145,4.5617,3.6794,3.765,3.9186,4.0159,4.2165,4.9888,5.9078,7.3524,9.6757,12.5981,32,24,32,26,26,32,32,32,32,32,32,32,32,19,23
01_11_02_01_0064.bmp,0,2,1,12,4.5748,4.442,16.6252,5.8229,6.0404,4.6607,4.76,4.6995,4.8681,5.1748,6.071,7.088,8.1328,10.1186,12.7868,32,24,19,26,32,32,32,32,32,32,32,32,13,23,23
01_11_02_01_0066.bmp,0,2,1,12,4.3854,4.6943,15.5034,5.2025,6.0975,4.5295,4.4118,4.7295,4.4811,5.1007,5.5359,6.539,8.1448,10.3264,12.4104,32,32,2,26,26,32,32,32,32,32,32,32,2,13,23
01_11_02_01_0069.bmp,0,2,1,12,4.0743,4.5251,11.3806,3.734,5.1446,4.0968,4.1692,4.2596,4.4546,4.603,4.9065,6.4306,7.4233,9.9753,12.3796,32,24,2,26,13,32,32,32,32,32,32,23,2,23,23
01_11_02_01_0071.bmp,0,2,1,12,3.9026,4.4741,11.1043,3.9669,4.3173,4.0541,4.094,4.3296,4.3077,4.8327,5.5006,6.2597,7.4359,9.601,11.5091,32,32,2,13,32,32,32,32,32,32,32,13,13,13,23
01_11_02_01_0073.bmp,0,2,1,12,4.0325,4.6488,11.5772,3.7284,5.8482,4.119,4.0884,4.2549,4.3907,4.6235,4.9703,5.8311,7.16,9.963,11.4193,32,32,2,23,8,32,32,32,32,32,2,13,23,2,23
01_12_02_01_0002.bmp,0,2,1,17,3.5614,4.3388,15.652,2.2448,4.3493,3.5975,3.6787,3.8159,3.8996,4.0461,4.7088,5.8097,7.0665,7.9098,11.4406,17,17,14,17,17,17,17,17,17,17,17,17,14,14,14
01_12_02_01_0002.bmp,1,2,1,17,0.8622,0.7751,11.8506,1.2766,1.6369,0.9395,1.1228,1.2073,1.2962,1.7968,2.4335,2.6536,4.2056,5.0845,6.9771,15,31,0,29,13,15,15,15,29,12,12,12,12,28,13
01_12_02_01_0003.bmp,0,2,1,17,3.7325,4.5915,14.1279,3.0784,5.3746,3.8271,4.0003,3.9353,4.2181,4.4506,4.6129,5.6239,6.6892,8.7633,10.2441,17,17,17,17,17,17,17,17,17,17,17,17,17,14,26
01_12_02_01_0005.bmp,0,2,1,17,3.2004,3.8846,15.0453,2.5528,3.3586,3.29,3.1938,3.313,3.5155,3.9967,4.4543,5.8692,5.7503,7.5467,10.1413,17,13,17,17,17,17,17,17,17,17,17,17,17,17,13
01_12_02_01_0006.bmp,0,2,1,17,3.291,4.0608,13.3115,2.3586,5.7696,3.2673,3.3275,3.327,3.6142,4.0537,4.6802,5.2561,5.7226,7.699,9.6042,17,13,41,17,17,17,17,17,17,17,17,17,17,14,14
01_12_02_01_0009.bmp,1,2,1,17,0.9378,0.8489,13.2245,1.3606,1.5698,1.0419,1.1661,1.096,1.4422,1.7696,2.2588,2.8043,3.437,4.4305,6.3958,29,31,0,29,14,29,29,12,29,29,12,29,12,14,23
01_12_02_01_0015.bmp,0,2,1,17,4.099,4.7357,13.9343,2.4935,5.1262,4.0497,4.0702,4.1617,4.1857,4.5237,4.74,5.859,5.8497,9.2847,11.2667,17,17,17,17,17,17,17,17,17,17,17,17,17,14,14
01_12_02_01_0016.bmp,0,2,1,17,4.1615,4.7713,15.0452,2.5381,4.7954,4.2127,4.231,4.3383,4.3641,4.5436,5.0917,5.5745,7.0817,8.2298,11.2241,17,17,17,17,17,17,17,17,17,17,17,17,17,14,14
01_12_02_01_0017.bmp,0,2,1,17,3.937,4.8518,14.4186,3.0557,4.9607,3.9803,4.1074,4.2312,4.1764,4.4721,5.2618,5.5802,7.0449,8.4681,9.7721,17,17,17,17,17,17,17,17,17,17,17,17,17,26,14
01_12_02_01_0017.bmp,1,2,1,17,0.7552,0.6736,11.1619,1.0716,1.3867,0.7781,0.8256,1.265,1.2615,1.4525,1.6872,3.1528,2.9098,3.6208,6.376,29,31,0,29,14,29,29,29,29,29,29,12,12,12,26
01_12_02_01_0019.bmp,1,2,1,17,0.8017,0.7151,13.1367,1.1777,1.8659,0.7829,1.0561,1.0857,1.4905,1.2452,2.1332,2.5983,3.2941,5.0255,6.5088,1,36,25,5,1,1,1,12,1,12,12,1,12,28,25
01_12_02_01_0020.bmp,0,2,1,17,4.1005,5.8405,14.6695,1.4258,4.9888,4.1639,4.2181,4.4506,4.5591,4.709,5.3352,6.0533,7.09,7.9386,9.9513,17,17,17,17,17,17,17,17,17,17,17,17,17,17,14
01_12_02_01_0020.bmp,1,2,1,17,0.9933,0.8653,13.4596,1.4999,1.9847,1.0758,1.0649,1.2449,1.5079,1.878,2.1991,2.8162,3.6684,4.5772,5.7894,1,36,0,14,14,1,1,1,1,1,1,12,9,1,28
01_12_02_01_0026.bmp,0,2,1,17,4.3101,6.1126,15.9177,1.9112,4.7162,4.4165,4.433,4.4201,4.4506,4.8515,5.0256,5.9656,6.7163,9.423,10.7631,17,17,17,17,17,17,17,17,17,17,17,17,17,17,14
01_12_02_01_0027.bmp,1,2,1,17,0.9345,0.7978,12.8444,1.2289,1.8182,0.9115,1.0952,1.203,1.5015,1.8221,2.1463,2.8701,3.2002,4.4461,5.8492,29,0,9,5,14,29,29,29,29,29,29,29,1,1,13
01_12_02_01_0030.bmp,0,2,1,17,1.7286,2.1867,7.1329,1.0385,1.9632,1.752,1.9215,2.1026,2.4354,3.1658,3.536,5.2161,6.5382,8.4059,11.5052,8,13,17,8,8,8,8,8,8,8,8,26,8,14,13
01_12_02_01_0031.bmp,1,2,1,17,0.9836,0.9153,10.7699,1.3549,2.1373,1.0686,1.0344,1.2109,1.5972,2.0401,2.0108,2.7991,3.9581,4.7858,6.2443,1,36,25,5,14,1,1,1,1,1,1,12,14,14,12
01_12_02_01_0032.bmp,1,2,1,17,0.6751,0.6546,9.6818,1.0033,1.5619,0.7482,1.0058,1.102,1.3821,1.8952,2.2928,2.5889,4.0179,5.8377,5.9191,1,36,13,5,14,1,1,12,1,29,1,1,14,12,28
01_12_02_01_0033.bmp,0,2,1,17,1.5835,2.3123,7.8332,0.933,2.0031,1.5772,1.8174,2.137,2.498,3.1688,3.9321,5.4208,6.5601,9.5353,11.9788,17,17,17,17,17,17,17,17,17,17,17,17,14,14,14
01_12_02_01_0034.bmp,0,2,1,17,1.1009,1.7382,5.1009,0.8145,1.054,1.2172,1.3457,1.5256,1.8666,2.7256,3.2533,4.4694,5.7257,8.1053,9.6014,17,17,17,17,17,17,17,17,17,17,17,17,17,14,14
01_12_02_01_0034.bmp,1,2,1,17,0.7362,0.6851,12.5788,1.0494,1.7834,0.856,0.8435,1.0198,1.4783,1.5812,1.8102,3.0466,3.6466,4.4395,6.1559,29,36,9,29,25,29,29,1,29,1,12,1,1,28,1
01_12_02_01_0035.bmp,1,2,1,17,0.7532,0.6613,13.9517,0.9873,1.5969,0.8955,0.8648,1.1202,1.4495,1.8329,1.9346,2.9191,2.9483,4.4164,6.6835,29,36,17,29,25,29,29,29,29,29,12,29,14,12,7
01_12_02_01_0036.bmp,1,2,1,17,0.8,0.7487,12.1156,1.1518,1.9828,0.7108,0.9807,1.1134,1.4014,1.9218,2.0374,2.9543,3.8423,5.4981,6.7096,1,36,0,5,14,12,29,1,1,29,1,9,1,23,26
01_12_02_01_0037.bmp,1,2,1,17,0.8485,0.8053,11.5539,1.2611,2.2213,0.8889,0.9867,1.2143,1.1487,1.7177,1.8708,2.6387,3.1361,4.7833,6.3623,1,36,0,5,14,1,1,12,1,1,1,1,12,12,12
01_12_02_01_0040.bmp,0,2,1,17,0.794,1.2295,2.6821,0.5571,0.9608,0.8485,1.0384,1.4294,1.841,2.569,3.2385,4.6839,5.8776,8.2628,9.7244,17,17,17,17,17,17,17,17,17,17,17,17,14,14,14
01_12_02_01_0040.bmp,1,2,1,17,0.8256,0.8418,10.8364,1.2989,1.8861,0.9814,1.1133,1.4156,1.4488,1.495,2.2823,3.4394,3.3164,4.3854,6.5748,1,36,0,5,14,1,1,1,1,1,1,1,1,1,28
01_12_02_01_0041.bmp,0,2,1,17,0.7869,1.2633,2.8969,0.6645,1.1762,0.889,1.1839,1.5011,2.0504,2.8744,3.4503,5.1276,6.3325,8.0037,10.4593,17,17,17,17,17,17,17,17,17,17,17,17,14,14,14
01_12_02_01_0041.bmp,1,2,1,17,0.8,0.7844,12.3436,1.2116,1.8364,0.8171,1.118,1.4737,1.4859,1.9985,1.9408,2.6446,3.9898,5.0913,6.5446,15,0,0,5,14,15,15,15,15,1,1,1,12,14,28
01_12_02_01_0042.bmp,0,2,1,17,0.4964,0.9071,2.2051,0.4918,1.0264,0.7572,1.04,1.4221,1.7039,2.6149,3.3133,4.282,5.3826,7.2602,9.1401,17,17,17,17,17,17,17,17,17,17,17,17,14,14,14
01_12_02_01_0043.bmp,1,2,1,17,0.9417,0.797,12.3661,1.3267,1.6135,1.0252,1.1591,1.2418,1.5835,1.697,2.2861,2.6782,2.9791,5.1101,6.7935,1,36,17,14,18,1,1,1,1,1,1,1,1,14,1
01_12_02_01_0047.bmp,0,2,1,17,1.0534,1.0124,9.9184,1.6689,2.2848,1.1061,1.1342,1.3833,1.5274,1.8973,2.2545,3.1728,3.8492,5.7992,6.887,1,36,13,5,17,1,1,1,1,1,1,1,12,1,14
01_12_02_01_0052.bmp,0,2,1,17,1.4449,1.2052,12.155,2.1097,0.0563,1.3469,1.4855,1.6754,1.651,2.0154,2.7644,3.4482,4.196,5.7448,6.772,15,36,13,15,13,15,15,15,15,15,15,13,13,14,25
01_12_02_01_0054.bmp,0,2,1,17,1.6526,1.3955,11.1625,2.4644,2.7859,1.6941,1.7108,1.9225,1.938,2.1911,2.3923,2.5307,4.516,5.2566,7.423,15,36,13,5,17,15,36,36,36,12,12,12,12,1,13
01_12_02_01_0058.bmp,0,2,1,17,3.4867,3.174,13.4197,5.1586,4.857,3.2753,3.4686,3.5581,3.7512,3.7406,4.4616,5.6304,5.9589,8.5882,10.6377,17,0,17,17,14,17,17,17,17,17,17,0,14,14,25
01_12_02_01_0068.bmp,0,2,1,17,3.6824,3.2833,16.0997,5.4171,5.5877,3.6419,3.7858,3.7637,3.9225,4.2824,4.8142,5.9018,6.399,9.2635,13.4064,17,17,17,17,17,17,17,17,17,17,17,17,14,14,14
01_12_02_01_0074.bmp,0,2,1,17,4.1149,3.4811,16.5299,5.4798,10.0384,4.1012,4.2422,4.0983,4.3294,4.6279,4.7121,6.2132,7.1286,9.5839,11.9821,17,17,17,17,17,17,17,17,17,17,17,17,17,14,14
01_12_02_01_0076.bmp,0,2,1,17,4.4397,3.7737,15.4719,6.264,9.3076,4.3938,4.2295,4.483,4.5384,5.1128,5.1152,6.5962,7.135,10.0302,11.6986,17,17,14,17,17,17,17,17,17,17,17,17,17,14,14
01_12_02_01_0077.bmp,0,2,1,17,3.962,3.7926,15.6451,5.5717,10.1306,3.9078,4.4115,4.4073,4.4366,4.5849,5.3026,6.5977,7.2909,9.1252,12.4611,17,17,14,17,17,17,17,17,17,17,17,17,14,14,14
01_12_02_01_0080.bmp,0,2,1,17,2.2061,1.8108,17.2569,3.293,3.1181,2.2262,2.3777,2.4338,2.9225,3.8698,4.1772,5.7912,7.127,10.3076,11.8418,17,17,17,17,17,17,17,17,17,17,17,17,17,14,14
01_12_02_01_0083.bmp,0,2,1,17,2.0128,1.671,16.0732,3.0036,4.1532,2.1005,2.13,2.5987,2.7171,3.4933,3.7375,5.2038,6.9078,9.6978,12.8028,17,17,17,17,17,17,17,17,17,17,17,17,17,17,14
01_12_02_01_0086.bmp,0,2,1,17,1.6468,1.4425,16.6802,2.6068,3.052,1.6979,1.869,2.2154,2.2325,2.9914,3.7694,5.3753,6.6922,9.6471,11.3821,17,17,17,17,17,17,17,17,17,17,17,17,17,26,14
01_12_02_01_0089.bmp,0,2,1,17,3.7684,3.078,18.3525,4.6579,4.9246,3.8356,3.9213,3.9412,4.2347,4.9205,5.6333,6.3885,7.4885,9.863,13.3587,17,17,17,17,17,17,17,17,17,17,17,17,17,14,14
01_12_02_01_0090.bmp,0,2,1,17,3.2214,2.853,16.2455,3.7197,4.579,3.2291,3.1886,3.2775,3.7362,4.2659,4.4294,5.911,7.5225,9.7217,12.1866,17,17,17,17,17,17,17,17,17,17,17,17,17,14,14
01_12_02_01_0092.bmp,0,2,1,17,5.9139,5.7349,19.065,7.9039,7.7383,5.8909,6.1116,6.4839,6.2798,6.2896,6.3418,7.607,8.6182,10.7132,12.9721,17,17,17,17,17,17,17,17,17,17,17,17,14,14,14
01_12_02_01_0106.bmp,0,2,1,17,6.9955,7.1881,18.4175,3.6284,7.3674,6.9398,7.0143,7.0421,7.1287,7.666,7.786,8.5268,10.3672,11.7838,15.9717,17,17,17,17,17,17,17,17,17,17,17,17,17,14,14
01_12_02_01_0111.bmp,0,2,1,17,3.035,4.7119,14.0564,1.8535,3.4367,2.9968,3.0867,3.2233,3.523,4.0821,4.6519,5.9413,6.3038,9.7709,11.6994,17,17,17,17,17,17,17,17,17,17,17,17,17,14,14
01_12_02_01_0112.bmp,0,2,1,17,3.0255,5.3785,15.939,2.3923,3.8572,3.1382,3.2266,3.7473,3.5322,3.9437,4.5874,6.1477,7.157,9.843,12.3645,17,17,17,17,17,17,17,17,17,17,17,17,17,17,17
01_13_02_01_0001.bmp,0,2,1,13,4.3873,2.6665,14.2718,5.3632,6.4684,4.2317,4.1782,4.4027,4.0598,4.5967,4.9316,6.0484,5.8668,5.6091,7.645,12,12,11,12,13,12,12,12,12,12,13,12,13,12,25
01_13_02_01_0001.bmp,1,2,1,13,4.2201,2.2111,15.949,0.0,3.3349,4.4099,4.1232,4.3733,4.298,4.4438,4.4156,4.8664,5.8682,7.3355,7.7534,13,13,13,13,13,13,13,13,13,13,13,13,13,13,13
01_13_02_01_0004.bmp,1,2,1,13,4.9649,2.5767,13.5131,0.0,4.0138,4.9042,4.9377,4.7859,4.8951,4.6902,5.255,5.5508,5.7281,6.1784,10.5637,13,13,13,13,13,13,13,13,13,13,13,13,13,13,25
01_13_02_01_0007.bmp,0,2,1,13,4.0592,2.7599,13.9471,5.7923,6.2303,4.0504,4.1835,4.0117,4.4855,4.845,4.375,5.3685,5.1013,5.9298,9.0806,12,12,11,13,32,12,32,12,13,13,12,13,13,13,40
01_13_02_01_0007.bmp,1,2,1,13,6.4408,3.3658,15.7253,0.1875,11.0385,6.3749,6.5753,6.1834,6.795,6.6853,6.8278,6.884,6.9531,8.433,10.9784,13,13,13,13,13,13,13,13,13,13,13,13,13,13,13
01_13_02_01_0009.bmp,0,2,1,13,3.8141,2.6496,12.8317,5.5259,5.7652,3.7534,3.9229,3.7916,3.8647,4.4137,4.6645,4.8527,5.828,6.4369,8.3972,12,12,11,12,32,12,12,12,12,12,13,13,13,13,34
01_13_02_01_0009.bmp,1,2,1,13,6.982,3.6877,16.3161,0.4052,11.588,6.8631,7.0798,6.8626,7.253,7.2381,7.1377,7.2094,7.1355,9.0302,10.392,13,13,13,13,13,13,13,13,13,13,13,13,13,13,13
01_13_02_01_0010.bmp,0,2,1,13,3.6225,2.4691,12.2914,5.2825,5.8042,3.5022,3.5889,3.6457,4.1114,4.1701,4.2996,4.7215,6.0263,7.1334,8.4641,12,12,11,13,13,12,12,12,13,13,13,13,13,38,34
01_13_02_01_0017.bmp,1,2,1,13,7.8048,4.187,18.1078,0.7043,9.6973,7.8701,7.6591,7.9119,8.1405,7.9919,8.2838,8.4495,8.5332,9.1502,10.0538,13,13,13,13,13,13,13,13,13,13,13,13,13,13,13
01_13_02_01_0019.bmp,1,2,1,13,8.242,4.3901,17.8839,1.5432,10.2726,8.2673,8.1632,8.1552,8.445,8.7482,8.8028,8.2164,9.0109,9.0332,9.594,13,13,13,13,13,13,13,13,13,13,13,13,13,13,13
01_13_02_01_0021.bmp,0,2,1,13,4.112,2.7444,11.6783,6.2344,6.5116,4.214,4.3813,4.1642,4.4616,4.244,4.5966,4.9872,4.8743,6.7083,8.1136,13,12,11,13,32,13,13,13,13,13,13,13,12,13,13
01_13_02_01_0023.bmp,1,2,1,13,7.5736,3.9031,18.7104,1.1978,9.5734,7.6608,7.6454,7.5655,7.4328,7.7052,7.22,7.7466,7.9952,9.293,10.8073,13,13,13,13,13,13,13,13,13,13,13,13,13,13,13
01_13_02_01_0024.bmp,0,2,1,13,3.9982,2.6539,10.4639,5.3887,5.9444,3.9659,4.2052,4.1725,3.7794,4.3294,4.5874,4.8218,5.077,8.0045,7.6461,13,12,13,13,13,13,13,13,13,13,13,13,13,13,40
01_13_02_01_0024.bmp,1,2,1,13,7.3821,3.9802,20.1912,1.6586,7.9292,7.3789,7.503,7.1005,7.7273,7.4671,7.7515,8.2035,8.6832,9.07,10.266,13,13,13,13,13,13,13,13,13,13,13,13,13,13,13
01_13_02_01_0025.bmp,0,2,1,13,4.0261,2.6565,11.1826,5.0276,6.5683,3.9608,4.0434,4.0154,4.2158,3.8484,4.9695,4.8863,5.2928,7.1566,8.5525,13,13,13,13,13,13,13,13,13,13,13,13,13,11,13
01_13_02_01_0027.bmp,0,2,1,13,4.3242,2.7774,11.2807,4.7562,6.8676,4.3184,4.5883,4.665,4.5894,4.3754,5.067,5.7192,5.659,7.8502,8.9474,13,12,11,13,13,13,13,13,13,13,13,13,13,13,13
01_13_02_01_0028.bmp,1,2,1,13,8.1803,4.3814,23.0858,1.5687,8.7568,8.0775,8.3804,8.5482,8.5024,8.2632,8.8297,9.6172,8.9291,11.0078,14.2039,13,13,13,13,13,13,13,13,13,13,13,13,13,13,13
01_13_02_01_0030.bmp,1,2,1,13,5.4371,2.9351,18.4775,0.3903,4.4297,5.4885,5.5847,5.7031,5.4287,5.2064,5.4645,6.5597,6.0062,6.9312,9.3934,13,13,13,13,13,13,13,13,13,13,13,13,13,13,13
01_13_02_01_0031.bmp,0,2,1,13,4.7781,2.8126,10.4426,3.8225,6.9261,4.7375,4.8141,4.8813,4.4038,5.2158,5.341,5.8978,6.3001,7.3805,8.4376,13,13,13,13,13,13,13,13,13,13,13,13,13,13,13
01_13_02_01_0031.bmp,1,2,1,13,5.0287,2.5462,16.5719,0.0,4.4271,4.9865,4.8358,5.0323,4.933,5.3093,4.9159,5.5399,6.5994,6.732,9.5214,13,13,13,13,13,13,13,13,13,13,13,13,13,13,13
01_13_02_01_0032.bmp,0,2,1,13,4.2236,2.618,11.9365,3.8007,6.433,4.0859,3.8613,4.0843,4.4205,4.4716,5.2489,4.7825,5.2854,7.3622,8.0939,13,13,11,13,32,13,13,13,13,13,13,13,13,13,13
01_13_02_01_0036.bmp,1,2,1,13,2.4714,1.2437,12.0147,0.0,3.8047,2.5094,2.7606,2.67,2.6062,2.9741,3.3803,4.2485,4.8646,6.686,8.137,13,13,13,13,13,13,13,13,13,13,13,13,13,13,13
01_13_02_01_0037.bmp,0,2,1,13,3.6811,2.1678,12.8903,1.3248,4.9157,3.7265,3.5608,3.5055,3.8675,3.8962,4.1956,4.4637,4.7348,5.6182,7.2408,13,31,11,13,13,13,13,13,13,13,13,13,13,13,13
01_13_02_01_0038.bmp,0,2,1,13,3.7894,2.3293,12.2031,1.6861,5.3495,3.7487,3.879,3.6138,3.6218,4.5258,4.4372,4.3188,5.353,7.0929,6.8786,13,31,13,13,12,13,13,13,13,13,13,13,13,13,13
01_13_02_01_0041.bmp,0,2,1,13,7.1016,4.4902,15.8865,5.8767,9.9995,7.0978,7.0793,7.4464,7.1246,8.084,7.0876,7.5015,8.3951,10.2092,12.4428,13,13,13,13,13,13,13,13,13,13,13,13,13,13,13
01_13_02_01_0045.bmp,1,2,1,13,4.7374,2.4784,14.2403,0.0,7.2913,4.5752,4.4704,4.3811,4.7432,4.6982,4.7834,5.6646,5.9845,7.557,10.7695,13,13,13,13,13,13,13,13,13,13,13,13,13,13,13
01_13_02_01_0050.bmp,1,2,1,13,4.7229,2.5253,13.152,0.1875,6.6764,4.8035,4.7655,4.4905,4.751,5.0758,5.1119,5.9224,6.3168,7.2673,9.0522,13,13,13,13,13,13,13,13,13,13,13,13,13,13,13
01_13_02_01_0052.bmp,1,2,1,13,3.7305,2.0857,10.0149,0.0,6.2977,3.7401,3.8081,3.8929,4.0054,4.184,4.2532,4.7414,5.6088,7.3249,9.0052,13,13,13,13,13,13,13,13,13,13,13,13,13,13,13
01_13_02_01_0053.bmp,0,2,1,13,4.9002,3.7702,18.0563,5.1514,5.9732,4.9156,4.8887,4.8304,5.1704,5.8844,5.7411,7.0201,8.658,9.3347,12.1988,13,13,13,13,13,13,13,13,13,13,13,13,13,13,13
01_13_02_01_0053.bmp,1,2,1,13,4.0549,2.156,9.6552,0.0,7.4916,4.1106,4.1207,4.1129,4.0827,4.2315,4.8517,4.9867,5.5403,7.9101,9.9127,13,13,13,13,13,13,13,13,13,13,13,13,13,13,13
01_13_02_01_0054.bmp,0,2,1,13,4.5164,3.4247,16.3852,4.5766,5.2765,4.4953,4.6271,4.5656,4.6778,5.0,5.4652,5.9632,7.2173,8.759,11.6258,13,13,13,13,13,13,13,13,13,13,13,13,13,13,13
01_13_02_01_0055.bmp,1,2,1,13,4.6967,2.5062,9.7405,0.1875,6.1394,4.7849,4.7662,4.6801,4.8409,4.6971,5.1417,5.5353,5.6456,7.0081,9.8029,13,13,13,13,13,13,13,13,13,13,13,13,13,13,13
01_13_02_01_0059.bmp,0,2,1,13,5.0955,3.2267,16.329,3.0671,4.0548,4.9394,5.2098,5.1834,5.5237,5.4982,5.761,5.957,6.7904,8.4423,10.6789,13,13,13,13,13,13,13,13,13,13,13,13,13,13,13
01_13_02_01_0060.bmp,1,2,1,13,5.0207,2.6741,8.2187,0.0,6.0775,5.1425,5.0358,4.9104,4.706,4.9316,5.4556,5.5306,6.5203,8.6423,11.0871,13,13,13,13,13,13,13,13,13,13,13,13,13,13,13
01_13_02_01_0062.bmp,1,2,1,13,0.9829,0.7071,2.6287,0.0,4.3915,1.0364,1.2371,1.5518,1.5236,2.1913,2.9576,3.808,4.5928,6.1653,7.8684,15,13,15,15,15,15,15,15,15,15,15,15,15,13,13
01_13_02_01_0066.bmp,0,2,1,13,4.8113,3.0765,17.3246,2.4609,4.0108,4.7653,4.741,4.6729,4.7569,5.2846,5.4262,5.915,7.0872,8.7341,10.92,13,13,13,13,13,13,13,13,13,13,13,13,13,13,13
01_13_02_01_0070.bmp,1,2,1,13,3.1613,3.0059,11.2044,4.1868,6.6835,3.1937,3.1797,3.2173,3.088,3.4101,3.3798,3.8686,4.6834,5.8124,8.4827,19,31,13,19,13,19,19,19,13,13,13,12,13,13,23
01_13_02_01_0075.bmp,1,2,1,13,3.6153,3.0967,11.5867,5.3025,5.6107,3.5916,3.6768,3.5627,3.6615,3.6793,3.8911,4.1736,5.4175,7.3602,6.7229,15,31,7,19,15,15,31,31,13,32,13,13,26,13,40
01_13_02_01_0076.bmp,1,2,1,13,3.6225,3.0731,12.2035,5.3067,5.7897,3.4905,3.6707,3.9728,3.75,3.5299,3.961,4.5912,4.2895,6.8488,7.5715,15,31,7,19,15,15,15,31,13,12,13,12,13,25,13
01_13_02_01_0082.bmp,0,2,1,13,6.4071,3.661,14.6677,1.2838,8.2575,6.3241,6.3663,6.452,6.6222,6.6122,6.4164,6.6589,7.1296,9.2208,11.6302,13,13,13,13,13,13,13,13,13,13,13,13,13,13,13
01_13_02_01_0084.bmp,1,2,1,13,3.9323,3.2057,12.5083,5.264,5.3199,3.749,4.0408,3.8321,4.0174,4.0721,4.2488,5.1817,5.0071,6.2884,8.9045,12,31,13,13,13,12,12,12,12,12,12,12,12,12,13
01_13_02_01_0086.bmp,0,2,1,13,5.4253,2.9978,12.1275,0.3918,6.7293,5.4336,5.6235,5.4425,5.5651,5.7353,5.9722,6.0753,6.8696,7.4993,9.6508,13,13,13,13,13,13,13,13,13,13,13,13,13,13,13
01_13_02_01_0088.bmp,1,2,1,13,4.1431,3.341,13.1626,6.0618,5.5274,4.0752,4.1234,4.1001,4.1182,3.8963,4.6451,4.9929,6.0158,6.8507,8.3807,12,31,13,18,15,12,12,12,12,12,12,12,12,12,23
01_13_02_01_0090.bmp,1,2,1,13,3.8848,3.0737,12.318,5.748,5.0848,3.9042,4.1206,3.7757,4.0489,4.2169,4.3093,5.2356,4.8432,6.7663,8.1911,13,31,13,13,13,13,12,13,13,12,12,12,12,12,12
01_13_02_01_0091.bmp,0,2,1,13,2.7358,1.3242,5.8535,0.0,3.5692,2.5723,2.762,2.7611,2.7279,2.9145,3.5066,4.2859,5.1704,7.2627,9.6719,13,13,13,13,13,13,13,13,13,13,13,13,13,13,13
01_13_02_01_0091.bmp,1,2,1,13,3.9037,2.979,11.4912,5.7428,5.236,3.8587,3.9361,4.0907,4.038,4.361,4.3269,4.2369,5.3961,7.0293,7.8933,13,31,13,13,15,13,12,13,12,13,12,12,12,12,12
01_13_02_01_0092.bmp,0,2,1,13,2.1565,1.2301,4.3387,0.0,4.1116,2.0493,2.2222,2.201,2.4365,2.961,3.1349,4.4912,5.2339,6.7474,9.3321,13,13,13,13,13,13,13,13,13,13,13,13,13,13,13
01_13_02_01_0093.bmp,0,2,1,13,2.2214,1.2721,3.9518,0.0,6.7702,2.1751,2.1497,2.3919,2.5411,3.2728,3.6654,4.9433,5.9605,7.6029,10.2567,13,13,13,13,13,13,13,13,13,13,13,13,13,13,13
01_13_02_01_0093.bmp,1,2,1,13,4.2834,3.2858,12.3526,6.2587,5.4358,4.1538,4.1775,4.2258,4.1655,4.7015,4.2329,5.526,5.3898,7.3054,9.2514,12,31,13,15,13,12,12,12,12,12,12,12,12,12,12
01_13_02_01_0098.bmp,0,2,1,13,1.9102,1.027,2.7607,0.0,6.4501,1.8652,2.1747,2.3289,2.2531,2.9075,3.6702,4.1892,5.5,7.8218,9.5144,13,13,13,13,13,13,13,13,13,13,13,13,13,13,13
01_13_02_01_0101.bmp,0,2,1,13,2.7212,1.4748,2.5185,0.0,10.7009,2.609,2.8098,2.7121,3.0902,3.1048,3.8965,4.8771,6.327,7.7569,11.4836,13,13,13,13,13,13,13,13,13,13,13,13,13,13,13
01_13_02_01_0106.bmp,1,2,1,13,4.4478,3.1569,12.9365,6.613,5.9104,4.4811,4.4196,4.3592,4.6624,4.7944,5.1542,5.7809,6.1581,9.1078,11.5954,13,12,13,13,15,13,13,13,13,13,13,13,12,13,40
01_13_02_01_0108.bmp,1,2,1,13,5.1455,3.7564,15.9801,7.3955,7.2668,5.1475,5.194,5.3464,5.3047,5.3493,6.2526,6.7751,7.8819,9.8144,11.6148,13,13,13,13,13,13,13,13,13,13,13,13,13,40,40
01_13_02_01_0113.bmp,0,2,1,13,2.9077,1.669,5.8445,1.3482,13.2748,3.062,2.9914,3.2193,3.2552,3.7575,4.2788,5.2242,6.0951,8.8373,10.0983,13,13,13,13,13,13,13,13,13,13,13,13,13,13,13
01_13_02_01_0113.bmp,1,2,1,13,6.4055,4.6621,16.7543,9.629,8.8481,6.4665,6.533,6.5006,6.3044,6.939,6.8641,7.9501,8.8684,10.5132,12.4492,13,13,13,13,13,13,13,13,13,13,13,13,13,13,40
01_13_02_01_0114.bmp,1,2,1,13,5.9479,4.3945,18.6617,8.8936,6.4479,5.9221,5.9366,5.9454,6.0869,6.3867,6.6526,7.5499,7.5955,10.5098,12.9411,13,13,13,13,13,13,13,13,13,13,13,13,12,12,13
01_13_02_01_0115.bmp,0,2,1,13,2.796,3.0109,9.7362,2.9189,4.7875,2.8074,2.7353,2.7582,3.0514,3.6443,4.1222,4.5171,5.9065,7.2842,9.6708,12,31,32,12,13,12,12,12,12,12,12,12,12,40,40
01_13_02_01_0116.bmp,1,2,1,13,5.3602,3.8822,14.8354,7.7378,5.4284,5.2634,5.3516,5.3512,5.329,5.6604,6.0194,6.9454,7.9289,10.6452,12.1728,13,13,13,13,13,13,13,13,13,13,13,13,13,13,40
01_13_02_01_0119.bmp,1,2,1,13,5.2708,3.8181,15.1096,7.5984,5.4914,5.3307,5.2034,5.3525,5.296,5.988,5.6646,7.0677,7.8423,9.8537,12.0296,13,13,13,13,15,13,13,13,13,13,13,13,13,13,12
01_13_02_01_0120.bmp,1,2,1,13,5.0095,3.6507,15.5247,7.0756,5.3171,4.9498,4.9719,5.2233,5.044,5.5882,5.8587,6.8297,7.509,9.4564,11.4826,13,13,12,13,15,13,13,13,13,13,13,13,13,12,40
01_13_02_01_0121.bmp,1,2,1,13,4.4805,3.3364,13.3922,6.779,5.1035,4.5965,4.544,4.6199,5.1827,4.9659,5.3864,6.0167,7.3315,8.9096,11.2857,13,13,13,13,13,13,13,13,13,13,13,13,12,13,40
01_13_02_01_0122.bmp,0,2,1,13,4.0478,3.7548,10.0978,3.6917,5.4809,4.0592,4.2878,4.3514,4.4709,4.3849,4.6248,5.3664,6.6488,7.9438,8.6554,12,13,32,32,32,32,12,12,12,12,12,12,13,40,13
01_13_02_01_0125.bmp,0,2,1,13,3.6568,4.0578,10.2185,0.463,6.2285,3.6871,3.7978,3.4948,3.7195,3.8347,4.7921,5.9651,6.2253,8.5824,11.269,13,13,13,38,13,13,13,13,13,13,13,13,13,13,40
01_13_02_01_0128.bmp,0,2,1,13,2.5159,3.2909,12.1797,0.0,3.0172,2.4752,2.7158,2.8733,2.8288,3.5864,4.2341,5.678,6.1623,8.4472,10.9301,13,13,32,38,13,13,13,13,13,13,13,13,13,13,40
01_13_02_01_0130.bmp,1,2,1,13,5.1697,3.6277,18.112,6.641,6.356,5.0756,5.1393,5.0692,5.2248,5.6463,5.9818,6.7911,7.7855,9.7941,11.7548,13,13,13,13,13,13,13,13,13,13,13,13,13,12,40
01_13_02_01_0131.bmp,0,2,1,13,1.7718,2.7403,11.7729,0.0,2.027,1.8692,1.9087,2.2523,2.6602,3.0244,3.6479,5.0258,5.8228,8.6611,10.3393,13,13,13,8,13,13,13,13,13,13,13,13,13,13,13
01_13_02_01_0132.bmp,0,2,1,13,1.9368,2.9273,11.7475,0.0,2.126,2.0242,2.0928,2.1923,2.3795,3.1945,4.108,5.3684,6.3549,8.5992,10.6112,32,13,13,32,32,32,13,13,13,13,13,13,13,13,13
01_13_02_01_0132.bmp,1,2,1,13,5.0827,3.6593,16.9788,6.9046,6.3761,5.0819,5.0618,5.1474,5.5652,5.897,6.6104,8.2307,9.2972,12.8598,15.7703,13,13,13,13,13,13,13,13,13,13,13,13,13,13,40
01_13_02_01_0134.bmp,1,2,1,13,4.9509,3.4621,18.5605,7.1351,6.4151,4.9967,5.0813,5.1497,5.1918,5.6668,6.0892,7.7325,9.0343,11.42,13.8126,13,13,13,13,15,13,13,13,13,13,13,13,13,12,40
01_13_02_01_0136.bmp,0,2,1,13,1.2649,1.9714,11.3087,0.0,1.4108,1.3496,1.5873,1.872,2.1968,2.9378,3.7628,5.2221,6.197,8.8282,10.669,13,13,13,13,13,13,13,13,13,13,13,13,13,13,13
01_13_02_01_0137.bmp,0,2,1,13,1.3191,2.0547,7.1265,0.0,1.7213,1.3731,1.6037,1.9549,2.3152,2.8154,3.5825,5.0288,5.8141,7.9808,9.6302,13,13,13,13,13,13,13,13,13,13,13,13,13,13,40
01_13_02_01_0137.bmp,1,2,1,13,4.8693,3.3776,16.8137,6.9562,6.6202,4.9048,4.993,5.1703,5.173,5.2351,5.938,6.3374,7.687,9.5506,11.8827,13,13,13,13,13,13,13,13,13,13,13,13,13,13,13
01_13_02_01_0138.bmp,1,2,1,13,5.0797,3.4412,17.491,7.3661,7.3713,5.0953,5.1343,5.2034,5.2972,5.4003,5.6326,6.9691,7.7216,10.3707,12.256,13,13,13,13,13,13,13,13,13,13,13,13,13,13,13
01_13_02_01_0141.bmp,1,2,1,13,4.9123,3.2628,15.7221,7.2547,7.6877,4.8722,4.9607,5.0898,5.0395,5.3298,5.9277,6.7383,8.0882,10.5371,13.0342,13,13,13,13,13,13,13,13,13,13,13,13,13,13,13
01_13_02_01_0146.bmp,1,2,1,13,4.5101,3.1436,16.9303,6.811,7.3153,4.6033,4.7246,4.6335,5.0135,5.046,5.5105,6.5991,7.5884,9.9777,12.3779,13,13,13,13,13,13,13,13,13,13,13,13,13,13,13
01_13_02_01_0148.bmp,0,2,1,13,1.8756,3.1945,8.0869,0.0,1.7731,1.8275,2.0409,2.3143,2.6385,2.9577,3.8205,5.0599,6.3348,7.5463,10.2708,13,13,13,13,13,13,13,13,13,13,13,13,13,13,13
01_13_02_01_0149.bmp,1,2,1,13,4.6596,3.2049,18.6696,6.8132,7.3542,4.6061,4.803,4.6588,5.036,5.3263,5.4784,6.5221,8.2575,10.7514,12.9626,13,13,13,13,13,13,13,13,13,13,13,13,13,13,13
01_13_02_01_0151.bmp,0,2,1,13,1.5052,2.7686,6.2914,0.0,1.6479,1.6085,1.856,1.955,2.3933,3.2,3.8571,5.0161,6.2629,8.1195,9.8153,13,13,13,13,13,13,13,13,13,13,13,13,13,13,13
01_13_02_01_0153.bmp,0,2,1,13,1.468,2.711,6.2919,0.0,2.1097,1.5727,1.6866,2.074,2.3514,3.0704,3.6408,5.0683,6.5748,8.6603,10.6327,13,13,13,13,13,13,13,13,13,13,13,13,13,13,13
01_13_02_01_0155.bmp,0,2,1,13,1.6134,2.8099,4.7928,0.0,1.5477,1.6979,1.7747,2.0269,2.468,3.1129,4.1876,5.1789,6.082,8.5226,10.1093,13,13,13,13,13,13,13,13,13,13,13,13,13,13,13
01_13_02_01_0155.bmp,1,2,1,13,4.9282,3.2556,19.0595,6.6904,7.8105,4.9839,5.2141,5.1323,5.1565,5.5394,5.8303,6.6315,8.0896,10.4602,13.5325,13,13,13,13,13,13,13,13,13,13,13,13,13,13,13
01_13_02_01_0156.bmp,0,2,1,13,1.7362,3.2267,5.4288,0.0,1.7725,1.7593,1.9226,2.1312,2.3252,2.9557,3.4346,4.9059,5.8419,7.6424,9.5331,13,13,13,13,13,13,13,13,13,13,13,13,13,13,13
01_13_02_01_0157.bmp,0,2,1,13,1.7213,3.0782,4.903,0.0,1.9788,1.7177,1.8663,2.1166,2.3196,3.3651,3.764,4.9214,5.7834,8.2238,10.5425,13,13,13,13,13,13,13,13,13,13,13,13,13,13,13
01_13_02_01_0160.bmp,0,2,1,13,1.4967,3.0348,3.61,0.0,1.6957,1.6221,1.6742,1.9231,2.5874,3.2486,3.6569,5.3117,6.0624,8.1754,10.3939,13,13,13,13,13,13,13,13,13,13,13,13,13,13,13
01_13_02_01_0161.bmp,1,2,1,13,5.0425,3.1375,16.6022,7.1219,8.9481,5.1525,5.1575,5.1037,5.4786,5.5608,5.9613,6.771,8.3633,10.966,13.9452,13,13,13,13,13,13,13,13,13,13,13,13,13,13,13
01_13_02_01_0164.bmp,0,2,1,13,2.6405,5.0373,5.3899,0.0,2.79,2.7295,2.765,3.1762,3.1714,3.8603,4.2992,5.3464,6.3394,7.6767,10.1613,13,13,13,13,13,13,13,13,13,13,13,13,13,13,13
01_13_02_01_0165.bmp,1,2,1,13,5.1404,3.5156,17.9356,6.7811,9.7566,5.3153,5.2782,5.2701,5.5612,5.9516,5.8911,7.4014,8.6327,10.0211,13.2311,13,13,13,13,13,13,13,13,13,13,13,13,13,13,13
01_13_02_01_0168.bmp,0,2,1,13,2.1154,2.037,11.2055,3.1749,2.0275,2.2183,2.1853,2.2055,2.1974,2.9681,3.4267,3.5523,4.1894,5.4014,7.04,31,31,1,13,13,31,31,13,13,13,13,13,13,12,12
01_13_02_01_0169.bmp,0,2,1,13,2.0911,2.0396,11.3544,3.1012,3.7642,2.1003,2.0692,2.4171,2.3534,3.0419,2.5926,3.66,4.2843,5.055,6.7605,31,31,1,13,13,31,31,13,13,13,13,13,12,13,12
01_13_02_01_0170.bmp,0,2,1,13,1.8492,1.7524,11.0122,2.8203,3.5693,1.8668,2.1548,2.0781,1.8213,2.3218,2.5315,3.762,4.2193,6.3881,6.0335,31,31,1,13,13,31,13,13,13,12,13,13,12,13,13
01_13_02_01_0170.bmp,1,2,1,13,5.1824,3.2674,14.9617,7.0289,10.1788,5.1985,5.4083,5.5755,5.5785,6.0126,6.3782,7.0728,8.4167,10.5619,12.9604,13,13,13,13,13,13,13,13,13,13,13,13,13,13,13
01_13_02_01_0171.bmp,0,2,1,13,1.7296,1.698,10.6492,2.6406,3.8857,1.803,1.786,1.9828,2.2033,2.438,3.2885,3.1365,3.9163,6.5159,6.8386,31,31,32,19,13,31,31,31,31,13,12,12,12,13,13
01_13_02_01_0172.bmp,1,2,1,13,5.1537,3.2877,18.5393,6.6016,10.1356,5.1217,5.1775,5.192,5.5876,5.7235,6.1869,7.3083,9.2778,10.5482,13.7945,13,13,13,13,13,13,13,13,13,13,13,13,13,13,13
01_13_02_01_0174.bmp,1,2,1,13,6.4503,5.0827,19.7824,8.576,8.856,6.5666,6.5567,6.5515,6.689,7.1774,7.0577,8.223,9.0608,11.3013,14.4925,13,13,13,13,13,13,13,13,13,13,13,13,13,13,13
01_13_02_01_0176.bmp,0,2,1,13,3.3814,3.0633,11.4065,5.0097,0.0,3.3054,3.2598,3.7118,3.402,3.6509,3.9531,4.1017,4.9575,5.4359,7.2213,31,31,1,12,13,31,31,31,31,12,13,13,13,12,12
01_13_02_01_0177.bmp,0,2,1,13,2.8996,2.7289,11.2126,4.3629,0.0,2.8662,2.9658,2.7606,3.2475,3.601,3.5033,3.104,4.9648,5.2184,7.4906,31,31,1,13,13,31,31,31,31,13,13,13,12,13,13
01_13_02_01_0179.bmp,1,2,1,13,5.4121,3.2153,15.7645,6.6505,10.4071,5.428,5.4742,5.4732,5.6293,5.8911,6.4865,7.4738,8.1863,11.027,13.0357,13,13,13,13,13,13,13,13,13,13,13,13,13,13,13
01_13_02_01_0181.bmp,1,2,1,13,4.9404,3.0202,15.9257,6.36,10.1374,4.9483,5.129,4.9579,5.3295,5.8849,5.9636,7.0341,7.857,10.8536,13.2255,13,13,13,13,13,13,13,13,13,13,13,13,13,13,13
01_13_02_01_0182.bmp,1,2,1,13,5.248,3.1716,17.733,6.8912,10.1417,5.3587,5.2865,5.5987,5.7118,6.1717,6.6476,7.6376,8.494,11.611,13.4283,13,13,13,13,13,13,13,13,13,13,13,13,13,13,13
01_13_02_01_0183.bmp,0,2,1,13,3.8435,3.0609,9.1673,5.7817,10.4613,3.8304,3.9879,4.0279,3.6504,4.2783,4.2133,4.6696,4.6791,6.3409,7.2307,13,31,1,13,13,13,13,13,13,13,12,13,12,13,13
01_13_02_01_0185.bmp,1,2,1,13,5.3887,3.2096,16.5881,6.8271,10.3737,5.3878,5.4458,5.3869,5.5868,5.9571,5.9567,7.3414,8.7369,10.4721,14.179,13,13,13,13,13,13,13,13,13,13,13,13,13,13,13
01_13_02_01_0186.bmp,0,2,1,13,3.2895,2.8328,10.5792,4.89,0.0,3.1449,3.2693,3.4602,3.511,3.5677,4.1107,4.178,4.2004,5.8334,6.5769,13,31,7,12,13,13,12,12,13,13,13,12,13,12,13
01_13_02_01_0187.bmp,0,2,1,13,3.6658,2.8141,10.7162,5.5769,8.1914,3.5471,3.8132,4.0733,3.4752,3.8099,4.1709,4.7176,5.2229,6.2047,8.107,13,31,13,13,13,13,13,13,13,13,13,12,13,12,25
01_13_02_01_0190.bmp,0,2,1,13,2.8208,2.2563,9.7094,4.1365,5.0311,2.7624,2.9006,2.8716,2.9688,3.1198,4.1037,3.9373,4.4303,5.2614,7.7709,13,31,32,13,13,13,12,12,13,12,13,12,13,12,36
01_13_02_01_0194.bmp,0,2,1,13,2.9621,2.4353,10.0792,4.3912,4.5279,2.9261,3.3501,2.9859,3.0029,3.5683,3.7822,3.8067,4.2192,6.3411,9.0509,13,31,32,12,13,13,12,13,12,32,12,12,12,12,12
01_13_02_01_0198.bmp,0,2,1,13,3.6909,2.9379,8.5101,5.1808,6.1484,3.6939,3.64,3.301,3.9288,4.1258,5.0469,5.6218,5.8421,7.1892,8.278,12,31,13,12,13,13,12,13,13,13,12,13,12,12,25
01_13_02_01_0202.bmp,0,2,1,13,3.8208,2.6704,8.763,5.3437,5.6858,3.7851,4.0705,3.406,3.3973,3.7487,4.4995,5.0618,5.4487,6.0276,8.4625,12,31,13,12,12,12,12,12,12,12,12,12,13,13,40
01_13_02_01_0204.bmp,0,2,1,13,2.8953,2.1287,8.032,4.1601,4.0245,2.9268,3.1438,2.7996,3.5044,3.2865,4.2805,5.6067,5.2529,6.7131,8.435,12,31,13,12,13,12,12,12,12,13,13,13,13,12,13
01_13_02_01_0204.bmp,1,2,1,13,5.2754,3.2221,16.9302,5.8616,11.048,5.2382,5.4295,5.4762,5.6842,5.8684,6.3759,7.4463,8.413,10.6377,13.621,13,13,13,13,13,13,13,13,13,13,13,13,13,13,13
01_13_02_01_0205.bmp,0,2,1,13,2.8217,1.9089,8.2913,4.053,3.2809,2.6799,2.6995,2.9333,3.127,3.23,3.7496,4.0005,5.5109,6.6084,7.928,12,31,13,12,13,12,12,12,12,12,12,12,12,13,13
01_13_02_01_0205.bmp,1,2,1,13,5.4097,3.3435,17.3244,6.1237,10.5562,5.2584,5.2572,5.5031,5.6219,5.8241,6.6255,6.8249,8.3898,10.4969,12.2637,13,13,13,13,13,13,13,13,13,13,13,13,13,13,13
01_13_02_01_0206.bmp,1,2,1,13,5.2411,3.1888,16.4946,6.0384,10.7677,5.2382,5.4818,5.4115,5.6087,6.3402,6.4125,7.3547,8.1321,11.0364,14.8599,13,13,13,13,13,13,13,13,13,13,13,13,13,13,13
01_13_02_01_0211.bmp,1,2,1,13,5.3092,3.1644,15.5307,6.3393,10.4568,5.314,5.3852,5.5308,5.6374,5.7596,6.4175,7.4864,8.9398,10.9297,13.8395,13,13,13,13,13,13,13,13,13,13,13,13,13,13,13
01_13_02_01_0213.bmp,0,2,1,13,3.8554,3.2979,10.7457,5.6001,7.0785,3.9031,3.8644,3.9226,4.0626,4.1625,4.8191,6.0707,6.9371,8.2703,10.0018,12,12,34,41,12,12,12,12,12,12,12,12,12,40,34
01_13_02_01_0213.bmp,1,2,1,13,5.5013,3.2596,15.8473,6.5995,10.6811,5.5282,5.63,5.6777,5.6846,5.9398,6.4085,6.9118,8.5612,11.3163,13.9919,13,13,13,13,13,13,13,13,13,13,13,13,13,13,13
01_13_02_01_0216.bmp,0,2,1,13,3.3077,3.4504,12.6408,2.9785,3.9727,3.2418,3.4534,3.4951,3.552,4.1306,4.5284,5.6793,7.3139,8.8653,11.0541,13,13,13,15,13,13,13,13,13,13,13,13,13,13,40
01_13_02_01_0217.bmp,0,2,1,13,2.754,2.7283,11.6701,2.0304,4.8257,2.7582,2.8561,3.0506,3.1045,3.6545,4.2909,5.2093,7.2925,9.4531,11.8756,13,13,13,15,13,13,13,13,13,13,13,13,13,13,13
01_13_02_01_0217.bmp,1,2,1,13,5.4723,3.3375,17.2407,6.6672,10.7727,5.4722,5.5089,5.659,5.959,6.2367,6.6326,7.1776,9.2068,10.6243,12.2866,13,13,13,13,13,13,13,13,13,13,13,13,13,13,13
01_13_02_01_0218.bmp,0,2,1,13,2.7499,2.8533,12.8689,2.5206,3.2604,2.8473,2.9659,3.1935,3.1136,3.7528,3.8929,4.8489,6.4602,9.7127,10.6317,13,13,13,15,15,13,13,13,13,13,13,13,13,13,13
01_13_02_01_0220.bmp,0,2,1,13,2.8103,2.8089,14.1869,1.7885,3.2318,2.7148,2.9821,3.019,3.4648,3.6557,4.0613,5.5825,6.9245,8.5422,11.4955,13,13,13,15,15,13,13,13,13,13,13,13,13,13,13
01_13_02_01_0221.bmp,0,2,1,13,2.4943,2.3959,13.3491,1.7571,2.7124,2.5344,2.621,2.7894,3.1017,3.3744,4.4807,5.4252,7.4347,9.3556,10.9264,13,13,13,15,15,13,13,13,13,13,13,13,13,13,13
01_13_02_01_0221.bmp,1,2,1,13,5.3033,3.2501,15.9767,6.495,10.6786,5.2892,5.246,5.3875,5.617,6.0176,6.0152,7.3155,8.7882,11.3069,13.4545,13,13,13,13,13,13,13,13,13,13,13,13,13,13,13
01_13_02_01_0226.bmp,0,2,1,13,3.1306,2.6913,13.3729,2.9436,3.4487,3.0398,3.2003,3.3649,3.6354,4.2375,4.5423,5.8679,7.577,9.8785,12.2093,13,13,13,15,15,13,13,13,13,13,13,13,13,13,13
01_13_02_01_0228.bmp,0,2,1,13,3.0105,2.9322,11.3437,1.8885,3.1454,3.0314,3.0405,3.2241,3.2105,3.8747,4.2582,5.4812,7.3212,9.3821,11.2428,13,13,13,13,13,13,13,13,13,13,13,13,13,13,13
01_13_02_01_0228.bmp,1,2,1,13,5.2798,3.2689,16.9648,6.2975,11.1683,5.391,5.4062,5.549,5.8868,6.0015,6.3746,7.2438,8.8875,10.4364,13.8981,13,13,13,13,13,13,13,13,13,13,13,13,13,13,13
01_13_02_01_0229.bmp,1,2,1,13,5.5081,3.3167,16.6442,6.0386,11.0844,5.5988,5.419,5.658,5.834,5.9523,6.2557,7.7057,9.2811,11.4704,14.2177,13,13,13,13,13,13,13,13,13,13,13,13,13,13,13
01_13_02_01_0230.bmp,1,2,1,13,5.6394,3.2621,16.8374,5.4874,11.2493,5.6307,5.7485,5.837,5.8323,6.2993,6.1793,7.6672,8.7423,11.0632,12.8051,13,13,13,13,13,13,13,13,13,13,13,13,13,13,13
01_13_02_01_0232.bmp,1,2,1,13,5.626,3.2016,17.0271,4.5491,11.2712,5.739,5.8157,5.9082,5.8019,6.287,6.566,7.5585,8.6945,11.3509,13.5827,13,13,13,13,13,13,13,13,13,13,13,13,13,13,13
01_13_02_01_0233.bmp,1,2,1,13,5.6505,3.1682,17.6496,4.3521,11.2636,5.623,5.6848,5.7529,5.9246,6.3565,6.4324,7.6665,7.8015,10.8379,12.3712,13,13,13,13,13,13,13,13,13,13,13,13,13,13,13
01_13_02_01_0237.bmp,1,2,1,13,5.5703,3.2456,17.1663,4.8479,11.0381,5.7467,5.7522,5.8162,5.8975,6.3066,6.931,7.2189,8.5953,11.238,12.0487,13,13,13,13,13,13,13,13,13,13,13,13,13,13,13
01_13_02_01_0238.bmp,0,2,1,13,3.4324,3.1244,8.0107,2.0188,3.0788,3.6034,3.628,3.59,3.8927,4.1522,4.783,6.1133,6.9642,10.4541,13.6816,13,13,13,13,13,13,13,13,13,13,13,13,13,13,13
01_13_02_01_0240.bmp,0,2,1,13,3.9257,3.4297,13.6011,3.4068,5.4955,3.8138,4.1342,4.0803,4.2915,4.3484,5.0147,6.2847,7.8686,10.7671,13.9075,13,13,13,13,13,13,13,13,13,13,13,13,13,13,13
01_13_02_01_0241.bmp,1,2,1,13,5.4956,3.2617,17.6006,5.5143,11.2585,5.6162,5.5856,5.6407,5.7596,5.8451,6.6558,7.537,8.7043,11.3974,13.8834,13,13,13,13,13,13,13,13,13,13,13,13,13,13,13
01_13_02_01_0242.bmp,1,2,1,13,5.4742,3.2149,16.3611,5.2995,10.8556,5.3631,5.6063,5.6237,5.7853,5.7545,6.4665,7.4968,8.416,11.0602,14.4951,13,13,13,13,13,13,13,13,13,13,13,13,13,13,13
01_13_02_01_0244.bmp,1,2,1,13,5.5529,3.1962,16.6618,5.9889,11.12,5.5902,5.702,5.9077,5.8792,5.7988,6.8423,7.7134,8.9513,11.1922,13.0437,13,13,13,13,13,13,13,13,13,13,13,13,13,13,13
01_13_02_01_0248.bmp,0,2,1,13,2.7292,2.3462,8.3619,2.7103,6.7409,2.7543,2.9502,3.0845,3.2363,3.9427,4.4446,5.8945,7.3981,11.0648,13.1289,13,13,13,13,13,13,13,13,13,13,13,13,13,13,13
01_13_02_01_0249.bmp,0,2,1,13,2.4997,2.0887,7.27,2.5119,9.5034,2.5957,2.5966,2.8329,2.9927,3.2672,4.4679,5.4364,6.546,9.8826,11.4655,13,13,13,13,13,13,13,13,13,13,13,13,13,13,13
01_13_02_01_0249.bmp,1,2,1,13,5.6574,3.2881,17.6182,5.8589,11.3383,5.5766,5.8236,5.8019,6.0813,6.5151,6.5864,7.4197,8.4526,10.9931,13.2911,13,13,13,13,13,13,13,13,13,13,13,13,13,13,13
01_13_02_01_0250.bmp,1,2,1,13,5.7478,3.3502,15.584,5.7376,11.1225,5.8349,5.7236,5.907,6.0576,6.2914,6.6775,7.5473,8.2633,11.5387,11.9633,13,13,13,13,13,13,13,13,13,13,13,13,13,13,13
01_13_02_01_0252.bmp,0,2,1,13,2.4265,2.348,5.8197,2.1979,8.0078,2.4509,2.6599,2.7496,2.9565,3.5062,3.9711,5.0471,6.4841,9.6085,12.5737,13,13,13,13,13,13,13,13,13,13,13,13,13,13,13
01_13_02_01_0254.bmp,0,2,1,13,2.3424,1.7914,3.9329,2.4475,8.7151,2.427,2.584,2.7457,3.0451,3.704,4.1772,5.4809,7.0669,9.3715,11.671,13,13,13,13,13,13,13,13,13,13,13,13,13,13,13
01_13_02_01_0255.bmp,0,2,1,13,2.5306,1.765,7.5987,2.4311,10.2813,2.5457,2.6953,2.8031,3.133,3.4047,4.496,5.4893,7.3715,9.1905,12.271,13,13,13,13,13,13,13,13,13,13,13,13,13,13,13
01_13_02_01_0256.bmp,0,2,1,13,2.5386,1.5947,6.9468,2.7198,10.6715,2.5825,2.7286,2.7983,3.0922,3.5675,4.1585,5.8227,7.9336,10.7913,13.1921,13,13,13,13,13,13,13,13,13,13,13,13,13,13,13
01_13_02_01_0257.bmp,0,2,1,13,2.7432,1.9452,5.574,2.6017,9.8068,2.8766,3.0225,3.1432,3.1459,3.8208,4.3298,6.4545,7.709,9.802,12.7911,13,13,13,13,13,13,13,13,13,13,13,13,13,13,13
01_13_02_01_0258.bmp,0,2,1,13,2.5587,1.6809,8.8743,3.1611,14.1516,2.5945,2.7504,2.932,3.107,3.855,4.3284,6.2529,7.688,11.2116,14.3386,13,13,13,13,13,13,13,13,13,13,13,13,13,13,13
01_13_02_01_0259.bmp,0,2,1,13,3.0056,1.8592,13.7126,4.1082,14.132,3.2077,3.1766,3.3948,3.5283,3.5429,4.489,5.7453,6.9115,9.6503,11.7416,13,13,13,13,13,13,13,13,13,13,13,13,13,13,13
01_13_02_01_0262.bmp,1,2,1,13,5.6409,3.2978,16.8515,5.1918,11.0239,5.6094,5.7898,5.7963,5.9953,6.4256,6.5122,7.3664,8.9705,11.2043,13.7554,13,13,13,13,13,13,13,13,13,13,13,13,13,13,13
01_13_02_01_0266.bmp,1,2,1,13,5.5909,3.326,16.3216,5.6015,11.1969,5.6289,5.6656,5.7305,5.8105,6.2625,6.5642,7.6669,8.7216,11.0641,13.1331,13,13,13,13,13,13,13,13,13,13,13,13,13,13,13
01_13_02_01_0267.bmp,0,2,1,13,2.3709,1.8982,9.0314,3.4388,10.0708,2.3427,2.4507,2.6275,3.1328,3.0873,3.9644,5.1155,7.1101,9.0038,11.5491,13,13,13,13,13,13,13,13,13,13,13,13,13,13,13
01_13_02_01_0267.bmp,1,2,1,13,5.523,3.1497,16.1399,5.5507,11.3385,5.4951,5.6586,5.7995,5.7219,6.162,6.7498,7.6421,8.4387,11.566,13.5919,13,13,13,13,13,13,13,13,13,13,13,13,13,13,13
01_13_02_01_0268.bmp,0,2,1,13,2.4165,1.8666,7.1736,3.6191,7.254,2.5097,2.5361,2.7037,2.9327,3.6923,4.2242,5.5297,7.274,10.6169,13.7608,13,13,13,13,13,13,13,13,13,13,13,13,13,13,13
01_13_02_01_0270.bmp,0,2,1,13,5.5556,3.2308,16.8438,5.6469,11.1155,5.4644,5.5409,5.5751,5.7143,5.8501,6.6365,7.3098,8.5416,10.7749,13.1726,13,13,13,13,13,13,13,13,13,13,13,13,13,13,13
01_13_02_01_0271.bmp,0,2,1,13,5.6482,3.3059,17.302,6.1731,11.1507,5.6574,5.6071,5.8707,5.9966,6.1096,6.4172,7.4786,8.4895,10.5205,13.743,13,13,13,13,13,13,13,13,13,13,13,13,13,13,13
01_13_02_01_0275.bmp,0,2,1,13,5.8961,3.3495,16.4965,5.7949,11.0522,5.8545,6.0945,6.0024,5.8977,6.4605,6.5879,7.6898,8.5801,10.9987,13.6709,13,13,13,13,13,13,13,13,13,13,13,13,13,13,13
01_13_02_01_0276.bmp,0,2,1,13,5.4494,3.2455,17.576,5.9511,10.7365,5.3766,5.6752,5.85,5.6072,6.0925,6.3554,7.7846,8.6967,11.4991,13.0411,13,13,13,13,13,13,13,13,13,13,13,13,13,13,13
01_13_02_01_0277.bmp,0,2,1,13,5.642,3.2463,18.0462,5.7067,11.0457,5.6735,5.6973,5.7103,5.7649,6.0195,6.7816,7.9433,8.9954,11.3878,13.8673,13,13,13,13,13,13,13,13,13,13,13,13,13,13,13
01_13_02_01_0279.bmp,0,2,1,13,5.5136,3.384,17.3172,6.4217,10.536,5.594,5.6209,5.699,5.7375,6.2461,6.5843,7.5811,8.2473,11.5373,14.375,13,13,13,13,13,13,13,13,13,13,13,13,13,13,13
01_13_02_01_0282.bmp,0,2,1,13,5.4772,3.1675,17.4864,5.9044,10.8391,5.3672,5.4829,5.7357,5.6128,5.9671,6.386,7.3284,8.4057,11.3905,13.0878,13,13,13,13,13,13,13,13,13,13,13,13,13,13,13
01_13_02_01_0285.bmp,0,2,1,13,5.1697,3.0454,16.6828,5.9539,10.9974,5.2006,5.3829,5.57,5.312,6.1031,6.4644,7.6124,7.96,11.4929,13.6555,13,13,13,13,13,13,13,13,13,13,13,13,13,13,13
01_13_02_01_0290.bmp,0,2,1,13,5.2884,3.102,16.5266,5.7992,10.9692,5.2697,5.2802,5.5632,5.907,6.0076,6.8262,7.5227,8.5352,11.1336,13.5479,13,13,13,13,13,13,13,13,13,13,13,13,13,13,13
01_13_02_01_0292.bmp,0,2,1,13,5.3844,3.1726,17.533,6.5308,10.9981,5.4607,5.4694,5.5926,5.5724,6.1636,6.4998,7.892,8.2103,10.9307,12.8071,13,13,13,13,13,13,13,13,13,13,13,13,13,13,13
01_13_02_01_0294.bmp,0,2,1,13,5.512,3.2086,17.7223,6.4102,10.8114,5.5009,5.6046,5.5823,5.5336,6.1655,6.5627,7.9343,8.808,11.617,13.8267,13,13,13,13,13,13,13,13,13,13,13,13,13,13,13
01_13_02_01_0295.bmp,0,2,1,13,4.9506,2.9274,17.9809,6.113,10.3327,5.0779,5.1594,5.227,5.3859,5.7119,6.1257,7.2626,8.5668,11.1647,12.9453,13,13,13,13,13,13,13,13,13,13,13,13,13,13,13
01_13_02_01_0297.bmp,0,2,1,13,5.0635,3.0923,18.1104,6.3595,10.7799,5.108,5.2168,5.3563,5.3558,5.8225,6.0319,7.6046,8.4117,11.103,13.4535,13,13,13,13,13,13,13,13,13,13,13,13,13,13,13
01_13_02_01_0298.bmp,0,2,1,13,5.384,3.2141,17.752,6.7386,10.6597,5.4155,5.5123,5.6463,5.8304,6.0848,6.4695,7.1417,8.6424,10.9299,13.5574,13,13,13,13,13,13,13,13,13,13,13,13,13,13,13
01_13_02_01_0300.bmp,0,2,1,13,5.1242,3.0364,19.1677,6.7428,10.5527,5.1459,5.1586,5.1782,5.2229,5.6466,6.1193,6.9175,7.9601,11.2783,13.6777,13,13,13,13,13,13,13,13,13,13,13,13,13,13,13
01_13_02_01_0301.bmp,0,2,1,13,5.0959,3.0866,17.6146,7.0231,10.3635,5.0474,5.2548,5.194,5.4075,5.5013,6.1511,7.6085,8.4249,11.4187,14.1975,13,13,13,13,13,13,13,13,13,13,13,13,13,13,13
01_13_02_01_0304.bmp,0,2,1,13,5.3567,3.4041,19.4231,7.3659,10.4123,5.4433,5.4984,5.678,5.6624,5.9162,6.4596,7.4953,8.2389,11.03,13.8895,13,13,13,13,13,13,13,13,13,13,13,13,13,13,13
01_13_02_01_0307.bmp,0,2,1,13,5.5943,3.4996,19.4509,7.6763,10.7827,5.7066,5.6661,5.9527,5.9534,6.1147,6.7586,7.5873,8.7229,10.8378,13.7856,13,13,13,13,13,13,13,13,13,13,13,13,13,13,13
01_13_02_01_0311.bmp,0,2,1,13,5.6674,3.5773,20.3815,8.1796,11.0898,5.6944,5.7442,5.7692,5.7244,5.9635,6.3266,7.5365,8.6001,11.9542,14.7346,13,13,13,13,13,13,13,13,13,13,13,13,13,13,13
01_13_02_01_0315.bmp,0,2,1,13,5.7893,3.707,19.1317,8.4952,10.8273,5.7854,5.7506,5.9684,6.2851,6.4406,6.5377,7.2772,9.2772,10.6495,15.8443,13,13,13,13,13,13,13,13,13,13,13,13,13,13,13
01_13_02_01_0316.bmp,0,2,1,13,5.8406,3.8187,20.8385,8.4669,10.6604,5.9849,5.8114,6.065,6.158,6.3497,6.4693,7.7926,8.96,11.6016,14.7162,13,13,13,13,13,13,13,13,13,13,13,13,13,13,13
01_13_02_01_0318.bmp,0,2,1,13,5.7987,3.7235,20.7073,8.7138,11.7306,5.876,5.9822,5.7943,6.026,6.3135,6.6693,7.2772,9.0814,11.4658,14.3756,13,13,13,13,13,13,13,13,13,13,13,13,13,13,13
01_13_02_01_0321.bmp,0,2,1,13,6.5208,4.2583,21.1476,9.5225,12.2896,6.6626,6.497,6.7954,6.8071,7.0776,7.5578,8.3672,9.3681,12.2926,14.6129,13,13,13,13,13,13,13,13,13,13,13,13,13,13,13
01_13_02_01_0327.bmp,0,2,1,13,5.0521,3.213,19.468,7.0946,11.147,5.2095,5.0331,5.307,5.2305,5.443,5.8757,7.3311,8.1424,11.3464,12.8994,13,13,13,13,13,13,13,13,13,13,13,13,13,13,13
01_13_02_01_0328.bmp,0,2,1,13,5.2566,3.2859,19.6485,6.8068,11.5173,5.2616,5.3953,5.4269,5.5443,5.8141,6.4008,7.2304,8.1642,10.9782,14.4993,13,13,13,13,13,13,13,13,13,13,13,13,13,13,13
01_13_02_01_0334.bmp,0,2,1,13,5.7926,3.8236,19.5724,6.2924,13.6282,5.7553,5.7473,6.0109,6.0451,5.991,6.6571,7.57,8.3365,11.1985,13.7027,13,13,13,13,13,13,13,13,13,13,13,13,13,13,13
01_13_02_01_0335.bmp,0,2,1,13,6.9429,4.6422,21.4662,7.9509,14.637,6.9634,7.0089,7.0657,7.2157,7.2351,7.6432,8.2521,9.455,12.5604,13.5216,13,13,13,13,13,13,13,13,13,13,13,13,13,13,13
01_13_02_01_0337.bmp,0,2,1,13,8.1597,5.2517,25.1257,8.6126,14.7319,8.1684,8.1058,8.3949,8.3147,8.4901,8.4523,9.1474,9.9635,11.8013,14.1354,13,13,13,13,13,13,13,13,13,13,13,13,13,13,13
01_13_02_01_0340.bmp,0,2,1,13,9.675,5.8451,25.2916,7.8225,21.0899,9.6793,9.7518,9.6688,9.9123,9.8385,10.3712,10.8373,11.1553,13.3115,15.4801,13,13,13,13,13,13,13,13,13,13,13,13,13,13,13
01_13_02_01_0347.bmp,0,2,1,13,12.2417,8.2834,25.6866,10.2745,25.3163,12.3156,12.3714,12.3084,12.3055,13.0133,12.5669,13.3267,13.7738,15.4836,17.9421,13,13,13,13,13,13,13,13,13,13,13,13,13,13,13
01_13_02_01_0356.bmp,0,2,1,13,5.4164,4.9231,14.5143,7.4774,7.4081,5.3194,5.4138,5.6387,5.6295,5.6771,6.4284,7.6198,8.5951,11.0288,13.7874,14,0,14,14,14,14,14,14,14,14,14,14,14,40,40
01_13_02_01_0359.bmp,0,2,1,13,4.2795,4.2322,16.8928,4.8525,5.0161,4.3098,4.3054,4.3967,4.524,4.7694,5.2924,6.2987,7.6755,10.4531,12.0293,15,13,13,15,15,15,15,15,13,13,13,13,13,13,13
01_13_02_01_0362.bmp,0,2,1,13,3.4671,3.5,13.5068,3.3973,4.0885,3.4772,3.5096,3.5976,3.8225,4.5235,4.8651,5.7579,7.4851,9.7965,12.0717,15,13,13,15,15,15,15,15,15,15,15,13,13,13,13
01_13_02_01_0387.bmp,0,2,1,13,3.5342,2.5652,13.4607,5.2697,5.2201,3.3967,3.5683,3.5512,3.5929,4.1573,3.7448,3.8544,4.9033,5.6603,7.9383,32,31,32,13,15,32,32,32,32,13,13,13,12,13,7
01_13_02_01_0393.bmp,0,2,1,13,4.2524,3.0156,9.4246,6.2924,5.7101,4.1893,4.2456,4.1777,4.607,5.0571,4.4393,4.8893,6.0977,6.0894,7.2644,12,31,42,13,15,12,12,12,12,13,12,12,13,4,13
01_13_02_01_0394.bmp,0,2,1,13,4.4692,3.1944,9.7177,6.6401,6.2468,4.4442,4.5171,4.6156,4.4981,5.0554,4.7506,4.7735,5.6612,6.329,7.1645,12,31,7,12,13,12,12,12,12,12,12,12,13,12,12
01_13_02_01_0397.bmp,0,2,1,13,4.0525,3.0167,10.0533,6.0249,7.3726,3.8478,3.7934,3.6934,4.2265,4.1617,4.1793,5.0568,5.5347,6.5935,6.8157,13,31,16,13,13,12,12,13,12,12,13,13,13,12,7
01_13_02_01_0400.bmp,0,2,1,13,4.0494,2.9675,9.7538,6.1729,6.462,4.1807,4.218,3.9941,4.2172,4.2945,4.4316,4.3432,5.5752,6.1108,7.2691,13,31,13,13,13,13,13,13,13,13,13,13,12,12,40
01_13_02_01_0401.bmp,0,2,1,13,4.2146,3.0071,8.3626,6.3318,6.8118,4.3077,4.2147,4.3264,4.6199,3.9194,4.8242,4.8447,4.8475,6.5621,8.3934,19,31,13,13,13,19,19,13,12,12,13,13,13,40,13
01_13_02_01_0407.bmp,0,2,1,13,3.8048,2.7327,9.4832,5.559,5.5411,3.7177,3.8276,3.6255,3.9542,3.9639,3.827,4.4855,5.7275,6.7374,7.1733,12,31,42,12,13,12,12,13,12,12,12,12,12,13,12
01_13_02_01_0409.bmp,0,2,1,13,4.4585,3.1992,11.6685,6.6969,7.8161,4.4352,4.425,4.6721,4.5698,4.5966,4.9277,4.4611,5.3833,5.3207,6.4461,12,31,13,12,13,12,12,12,12,12,12,12,12,12,12
01_13_02_01_0411.bmp,0,2,1,13,4.0714,2.9177,11.4124,5.9655,7.4998,4.0584,4.2199,4.0733,4.6863,3.4103,5.0284,4.826,6.5707,7.054,8.5351,13,19,13,13,13,13,13,13,13,13,13,13,13,13,23
01_13_02_01_0416.bmp,0,2,1,13,5.5734,4.0887,10.4385,8.3072,9.8841,5.6452,5.6947,5.6752,5.9953,6.2699,5.6714,5.8424,6.2631,6.5966,8.2329,13,13,13,13,13,13,13,13,13,13,13,13,13,4,13
01_13_02_01_0430.bmp,0,2,1,13,5.0545,3.9495,9.765,6.4778,4.0289,5.0639,5.2792,5.4667,5.135,5.37,5.3253,5.8293,7.2682,8.2598,9.7622,13,13,13,13,13,13,13,13,13,13,13,13,13,13,35
01_13_02_01_0431.bmp,0,2,1,13,4.4571,3.7391,10.2803,5.8084,1.8032,4.5818,4.612,4.5124,3.9424,5.4072,5.4863,5.6813,6.2256,7.8181,10.2714,13,36,13,13,13,13,13,13,13,13,13,13,13,13,13
01_13_02_01_0432.bmp,0,2,1,13,4.6782,3.6067,10.8473,6.7052,6.0386,4.6257,4.6723,4.9626,5.3443,4.6799,5.1453,6.2399,6.7132,8.95,10.728,13,13,13,13,13,13,13,13,13,13,13,13,13,13,13
01_13_02_01_0437.bmp,0,2,1,13,4.3741,3.2683,11.2781,6.2817,6.5634,4.4151,4.4919,4.4441,4.3902,4.2214,5.0247,6.5811,6.6512,7.4251,9.2269,13,13,11,13,13,13,13,13,13,13,13,13,13,12,12
01_13_02_01_0445.bmp,0,2,1,13,2.7044,2.8568,10.337,2.7317,3.6213,2.7038,2.7695,2.9567,3.3375,2.9512,4.123,5.543,7.4227,7.7849,9.288,13,13,13,13,13,13,13,13,13,13,13,13,13,13,12
01_13_02_01_0448.bmp,0,2,1,13,4.9992,3.7972,9.4403,6.7938,6.5192,5.0161,4.9452,4.8067,5.1436,5.6261,5.988,6.876,7.3254,9.0496,10.0742,13,13,13,13,13,13,13,13,13,13,13,13,13,13,35
01_13_02_01_0449.bmp,0,2,1,13,5.6454,4.2399,9.1156,7.6786,7.2523,5.6221,5.6716,5.8061,6.0214,6.2529,6.5759,6.9619,7.2764,9.9551,11.0608,13,13,13,13,13,13,13,13,13,13,13,13,13,13,13
01_13_02_01_0450.bmp,0,2,1,13,5.3835,4.0164,9.9324,7.2532,6.9545,5.3596,5.3812,5.656,5.558,5.672,5.9711,7.1772,7.3303,10.8243,10.9271,13,13,13,13,13,13,13,13,13,13,13,13,13,13,40
01_13_02_01_0452.bmp,0,2,1,13,4.6287,4.3081,10.2203,4.7212,5.8807,4.4809,4.6506,4.9914,4.8684,5.2625,6.0007,6.8601,8.335,10.2019,10.9321,13,13,13,15,13,13,13,13,13,13,13,13,13,13,13
01_13_02_01_0457.bmp,0,2,1,13,5.4008,4.6319,14.1732,6.3656,7.0312,5.4123,5.4312,5.7787,5.975,5.8805,6.5226,7.3562,7.7163,10.2015,12.3179,13,13,13,15,13,13,13,13,13,13,13,13,13,13,13
01_13_02_01_0458.bmp,0,2,1,13,6.2193,4.5706,14.2985,8.278,7.1701,6.1556,6.3052,6.3342,6.5582,6.8381,5.9432,6.3806,8.3244,10.3122,13.8615,13,13,13,13,13,13,13,13,13,13,13,13,13,13,40
01_13_02_01_0460.bmp,0,2,1,13,5.8509,4.0824,14.9069,8.8434,6.8489,5.8327,5.9771,5.973,6.346,5.7605,6.0389,7.2737,8.0584,8.4908,12.1444,13,13,13,13,13,13,13,13,13,13,13,13,13,13,13
01_13_02_01_0470.bmp,0,2,1,13,2.9453,2.8307,13.5378,2.0989,3.4146,3.1224,2.9238,3.3585,3.1409,3.9494,4.4794,6.2783,7.3502,9.3787,10.749,13,13,13,15,15,13,13,13,13,13,13,13,13,13,13
01_13_02_01_0474.bmp,0,2,1,13,4.7797,3.5118,14.3215,4.2965,5.2462,4.6389,4.931,5.0524,5.1394,5.6432,5.958,7.7795,9.4509,11.4947,13.4143,15,13,13,15,15,15,15,15,13,13,13,13,13,13,13
01_13_02_01_0477.bmp,0,2,1,13,3.7188,2.908,13.707,4.144,4.1942,3.7374,3.8719,3.9867,3.9941,4.7374,5.0996,6.5164,7.9011,9.8991,13.2341,13,13,13,15,15,13,13,13,13,13,13,13,13,13,13
01_13_02_01_0478.bmp,0,2,1,13,3.053,2.8509,13.9536,2.9471,3.309,3.0476,3.1926,3.3801,3.3207,3.9906,4.5628,6.4272,7.5957,10.7955,12.2359,13,13,13,15,15,13,13,13,13,13,13,13,13,13,13
01_13_02_01_0484.bmp,0,2,1,13,1.3041,1.8157,8.6962,0.8015,1.8444,1.3938,1.7224,1.8519,2.5298,3.1017,4.0484,5.0576,7.1813,8.9252,11.2569,13,13,13,13,15,13,13,13,13,13,13,13,13,13,13
01_13_02_01_0497.bmp,0,2,1,13,2.5725,1.5869,9.0686,1.8966,4.2022,2.5846,2.5357,2.9421,2.7396,3.8412,4.5163,5.9757,7.9345,9.9708,14.2904,13,13,13,13,13,13,13,13,13,13,13,13,13,13,13
01_13_02_01_0499.bmp,0,2,1,13,2.5119,1.5863,11.4158,2.3508,6.1276,2.5929,2.6878,2.7043,3.2325,3.5035,4.6918,6.2085,7.3569,9.5338,13.2192,13,13,13,13,13,13,13,13,13,13,13,13,13,13,13
01_13_02_01_0501.bmp,0,2,1,13,1.9059,1.3186,2.1199,1.5435,6.3575,1.9463,1.9479,2.2408,2.5136,3.3341,4.5274,5.8418,7.9061,9.8627,12.3222,13,13,13,13,13,13,13,13,13,13,13,13,13,13,13
01_13_02_01_0505.bmp,0,2,1,13,1.8855,1.2732,12.156,1.9425,6.4508,1.9732,2.0363,2.2732,2.8569,3.4634,4.0613,5.337,7.0233,10.4753,13.5573,13,13,13,13,13,13,13,13,13,13,13,13,13,13,13
01_13_02_01_0506.bmp,0,2,1,13,1.7159,1.1229,13.6524,2.6217,14.7645,1.7951,1.9874,2.54,2.576,3.2013,4.2178,5.9324,7.6298,10.7994,14.2239,13,13,13,13,7,13,13,13,13,13,13,13,13,13,13
01_13_02_01_0507.bmp,0,2,1,13,1.3913,0.806,9.5066,1.7535,8.9262,1.3463,1.5791,1.8334,2.085,3.2052,3.6856,6.1102,6.8375,10.5115,13.0116,13,13,13,13,13,13,13,13,13,13,13,13,13,13,13
01_13_02_01_0508.bmp,0,2,1,13,1.4137,0.9688,5.4321,1.0313,5.5309,1.5616,1.6547,2.2354,2.5964,2.9032,3.9784,5.8117,7.0193,9.1947,12.272,13,13,13,13,13,13,13,13,13,13,13,13,13,13,13
01_13_02_01_0510.bmp,0,2,1,13,1.5284,1.0621,10.6352,2.4875,13.7985,1.6298,1.8322,1.9607,2.4301,3.2449,4.0692,6.1708,7.804,9.844,12.8768,13,13,13,13,13,13,13,13,13,13,13,13,13,13,13
01_13_02_01_0511.bmp,0,2,1,13,1.2339,0.9803,10.2981,1.7202,9.0403,1.4254,1.4804,1.8114,2.215,2.9071,3.5352,5.9807,6.4212,9.6706,12.1723,13,13,13,13,13,13,13,13,13,13,13,13,13,13,13
01_13_02_01_0512.bmp,0,2,1,13,1.1834,0.8748,5.0336,1.6875,8.8917,1.3151,1.5234,1.7923,2.2131,2.9243,4.0912,5.4034,7.1295,10.1473,12.3177,13,13,13,13,13,13,13,13,13,13,13,13,13,13,13
01_13_02_01_0513.bmp,0,2,1,13,1.4445,1.0041,8.9072,2.1171,9.1388,1.4498,1.7861,1.9344,2.5735,3.2463,3.9846,5.8498,7.7868,11.2248,13.6541,13,13,13,13,7,13,13,13,13,13,13,13,13,13,13
01_13_02_01_0515.bmp,0,2,1,13,1.7329,1.5441,6.7949,2.1028,4.7121,1.8552,1.9822,2.2983,2.6078,3.2259,3.98,5.141,6.3255,8.7004,10.4098,14,13,14,14,14,14,14,14,14,14,14,14,14,14,14
01_13_02_01_0516.bmp,0,2,1,13,2.1699,1.727,10.5573,3.3249,3.7779,2.2613,2.394,2.6749,2.291,2.6954,2.703,3.9,4.3027,4.6747,7.0687,12,31,42,12,12,12,12,12,12,12,12,12,40,12,4
01_13_02_01_0521.bmp,0,2,1,13,2.55,2.0252,8.9691,3.652,4.2226,2.7011,2.7586,2.6481,2.8012,2.9753,3.5453,3.9791,5.3737,6.232,6.5948,32,31,42,32,13,32,32,32,32,32,32,13,40,12,13
01_13_02_01_0524.bmp,0,2,1,13,2.5163,1.9945,11.5376,3.6612,3.9485,2.5041,2.5443,2.4325,2.9246,3.18,3.7552,3.9488,5.0494,5.7184,6.8148,32,31,13,31,13,32,32,32,32,12,32,12,12,12,12
01_13_02_01_0527.bmp,0,2,1,13,5.7585,4.3362,9.8812,8.4986,10.0584,5.7956,5.958,5.7211,5.9371,5.9232,5.9063,6.8136,7.3016,9.5388,10.0814,13,13,13,13,13,13,13,13,13,13,13,13,13,40,40
01_13_02_01_0530.bmp,0,2,1,13,1.8866,1.573,11.71,2.8155,3.8532,1.8502,2.0637,1.9535,1.9559,2.4045,3.022,3.2471,4.8372,5.0876,7.2425,32,31,42,32,13,32,32,32,12,12,12,12,38,12,34
01_13_02_01_0535.bmp,0,2,1,13,6.1882,4.0232,10.7739,8.7879,8.0149,6.1265,6.3631,6.252,6.2995,6.4481,6.5473,7.5865,7.07,7.7484,10.5124,13,13,13,13,13,13,13,13,13,13,13,13,40,40,40
01_13_02_01_0537.bmp,0,2,1,13,5.8759,3.6609,12.5338,8.2448,7.6933,5.7542,5.7623,5.927,5.9771,6.7005,6.0953,6.9748,8.5057,9.0043,11.0855,13,13,1,13,13,13,13,13,13,13,13,12,12,40,40
01_13_02_01_0538.bmp,0,2,1,13,2.2684,1.9785,11.3594,3.4269,5.6999,2.3122,2.5373,2.4808,2.7022,2.7575,3.1738,4.5821,4.5743,4.9715,9.0857,32,32,32,32,32,32,32,32,32,32,32,32,12,12,40
01_13_02_01_0540.bmp,0,2,1,13,2.2476,1.893,11.4537,3.3086,4.3966,2.2095,2.3168,2.609,2.6628,3.0785,3.4283,4.3643,4.555,5.7224,7.6398,32,32,13,32,32,32,32,32,32,32,32,12,12,13,23
01_13_02_01_0543.bmp,0,2,1,13,5.2867,3.4196,10.8783,7.2182,7.2876,5.2392,5.3842,5.4601,5.0001,5.1997,5.7823,5.6877,7.7035,8.821,11.0626,13,13,13,13,15,13,13,13,13,13,13,13,13,40,40
01_13_02_01_0546.bmp,0,2,1,13,2.5569,2.2258,11.7479,3.6909,6.973,2.6063,2.4637,2.5403,2.8829,3.5165,3.5814,4.5895,5.0848,6.9352,6.3486,32,31,13,32,13,32,32,32,32,32,31,13,13,25,13
01_13_02_01_0550.bmp,0,2,1,13,2.7794,2.3837,10.2042,4.1202,7.8169,2.7298,2.9518,2.5302,2.8031,3.4323,3.0159,4.0948,5.2619,5.777,7.7762,13,31,13,13,13,13,32,12,13,13,13,13,13,12,13
01_13_02_01_0551.bmp,0,2,1,13,3.7076,2.2816,10.0242,5.5675,4.9011,3.5966,3.45,3.6279,4.4505,4.1167,4.705,5.9171,6.5067,9.3277,10.4064,13,13,13,13,15,13,13,13,13,13,13,13,13,40,40
01_13_02_01_0552.bmp,0,2,1,13,3.2269,2.7085,10.6173,4.8463,9.2839,3.1317,3.2779,3.559,3.3966,3.7002,3.9153,5.185,5.4868,6.0776,7.6005,32,31,13,32,13,32,32,32,32,32,32,13,32,13,13
01_13_02_01_0555.bmp,0,2,1,13,4.2707,2.6758,9.1407,6.2736,7.6165,3.9556,4.3582,4.3408,4.6621,4.6444,5.314,6.2518,6.2772,8.7997,10.3104,13,13,13,13,13,13,13,13,13,13,13,13,13,40,40
01_13_02_01_0558.bmp,0,2,1,13,2.0113,1.8444,13.3239,3.0024,6.441,2.0419,2.2268,2.3852,2.2757,2.6899,3.8202,3.4066,4.667,6.3292,6.6271,31,31,32,36,32,31,31,32,12,32,12,12,12,13,9
01_13_02_01_0559.bmp,0,2,1,13,4.1834,2.6673,10.86,6.2531,5.7853,4.1468,4.1483,4.5638,4.3904,4.2219,5.3785,5.7972,6.3603,9.7963,11.3248,13,13,13,13,15,13,13,13,13,13,13,13,13,40,40
01_13_02_01_0563.bmp,0,2,1,13,3.4205,2.2618,13.338,5.0793,4.9229,3.507,3.3044,3.6242,3.9642,3.8429,5.3256,5.4811,7.2773,10.0667,11.6814,13,13,13,13,15,13,13,13,13,13,13,13,13,13,40
01_13_02_01_0566.bmp,0,2,1,13,3.3012,2.6247,13.5822,4.8741,5.9741,3.3054,3.3063,3.3063,3.4183,3.3138,3.9002,4.3483,4.6098,6.3766,7.6873,13,31,13,13,13,13,13,12,13,13,12,13,12,40,12
01_13_02_01_0568.bmp,0,2,1,13,2.6798,2.3008,16.0122,3.9359,4.8815,2.707,2.6984,2.4834,2.6377,3.3157,4.0308,4.5303,5.1864,7.3128,7.8293,13,31,11,13,13,13,13,13,13,13,13,13,12,12,40
01_13_02_01_0570.bmp,0,2,1,13,3.6193,2.9924,11.9774,5.341,5.1166,3.5091,3.6481,3.621,3.5524,3.7915,4.6646,5.4793,5.8996,7.0736,8.7342,13,13,13,12,13,13,13,13,13,13,12,12,13,13,25
01_13_02_01_0580.bmp,0,2,1,13,2.7282,2.5911,9.7579,3.665,5.9974,2.8293,2.9633,3.1797,2.9331,3.3802,3.8214,4.3372,5.6671,7.1051,9.0611,13,32,13,13,13,13,13,13,13,13,13,13,13,25,24
01_13_02_01_0585.bmp,0,2,1,13,5.3952,3.6926,14.7798,8.1315,6.9666,5.2412,5.5777,5.5589,5.6123,5.7023,6.2651,7.3671,8.0562,11.5077,13.2955,15,13,13,15,15,15,15,15,15,15,15,13,13,13,13
01_13_02_01_0587.bmp,0,2,1,13,5.0762,3.5816,16.7527,7.0831,6.2159,4.9422,5.0964,5.2759,5.2488,5.827,5.6516,6.7794,7.9319,9.6175,13.3256,15,13,13,15,15,15,15,15,15,15,13,13,13,13,13
01_13_02_01_0591.bmp,0,2,1,13,6.3707,4.8883,17.4165,8.6761,13.0756,6.4663,6.4458,6.3222,6.497,6.8535,7.5035,9.1669,9.7535,12.6471,16.9394,15,13,13,15,15,15,15,15,15,13,13,13,13,13,40
01_13_02_01_0593.bmp,0,2,1,13,4.3604,3.4169,16.0684,6.4398,5.226,4.6022,4.4451,4.5733,4.7771,5.5195,5.1743,7.0948,8.4708,9.2746,12.7431,15,13,13,15,15,15,15,15,13,13,13,13,13,13,13
01_13_02_01_0601.bmp,0,2,1,13,4.7819,3.241,16.9871,6.5149,5.5781,4.7131,4.8502,4.8331,5.0772,5.1521,5.4712,7.1069,8.0462,11.124,14.7272,15,13,13,15,15,15,15,15,15,13,13,13,13,13,13
01_13_02_01_0602.bmp,0,2,1,13,4.0382,3.2472,12.6826,4.6694,4.6428,4.0501,4.3286,4.2723,4.668,4.7226,5.2975,6.1387,7.9333,10.8803,13.9833,15,13,13,15,15,15,15,15,15,13,13,13,13,13,40
01_13_02_01_0604.bmp,0,2,1,13,4.4166,2.9558,12.5496,6.2573,5.2125,4.492,4.5375,4.5274,4.6507,5.2056,5.4483,7.0924,8.3073,11.5045,14.2597,13,13,13,15,15,13,13,13,13,13,13,13,13,13,13
01_13_02_01_0606.bmp,0,2,1,13,3.5506,2.2527,11.6996,5.1608,4.0573,3.5765,3.572,3.733,4.2587,4.638,5.1673,5.9682,7.7057,11.3142,14.2874,13,13,13,13,15,13,13,13,13,13,13,13,13,13,13
01_13_02_01_0612.bmp,0,2,1,13,2.8874,1.8526,12.5926,4.3371,4.4447,2.9587,2.948,3.4713,3.162,4.187,4.4385,5.8941,7.4839,11.6736,14.8608,15,13,13,15,15,15,13,13,13,13,13,13,13,13,13
01_13_02_01_0618.bmp,0,2,1,13,2.5339,1.7727,12.3356,3.6339,19.7541,2.5991,2.4788,2.8743,3.0797,3.3728,4.2984,6.0394,7.9543,11.329,14.1534,13,13,13,13,13,13,13,13,13,13,13,13,13,13,13
01_13_02_01_0620.bmp,0,2,1,13,2.1911,1.5597,11.7324,3.1829,16.5203,2.0807,2.2428,2.2993,2.8126,3.6424,4.3852,5.9057,7.5807,10.5297,13.7377,13,13,13,13,7,13,13,13,13,13,13,13,13,13,13
01_13_02_01_0621.bmp,0,2,1,13,2.3686,1.9181,15.6868,3.407,15.8818,2.4867,2.6941,2.8956,3.156,4.0115,5.1126,7.2545,8.6188,12.5322,17.2483,13,13,13,13,7,13,13,13,13,13,13,13,13,13,13
01_13_02_01_0623.bmp,0,2,1,13,1.8149,1.314,14.775,2.3117,12.568,1.842,1.9412,2.1853,2.3328,3.115,3.6723,5.3943,7.3091,10.0203,12.8764,13,13,13,13,7,13,13,13,13,13,13,13,13,13,13
01_13_02_01_0624.bmp,0,2,1,13,2.2748,1.7807,12.5595,3.0396,12.5888,2.3932,2.7781,2.6248,2.7647,3.3507,4.5457,5.7641,7.8204,9.7924,15.9836,13,13,13,13,7,13,13,13,13,13,13,13,13,13,13
01_03_02_02_0006.bmp,0,2,2,9,2.0265,1.5245,12.5166,3.0656,7.9755,2.1709,2.0837,2.3115,2.4272,2.8747,3.6309,4.974,5.9976,8.1663,9.977,17,31,3,13,13,13,31,13,13,13,12,12,12,12,25
01_03_02_02_0008.bmp,0,2,2,9,2.7639,2.0783,15.2907,4.2015,7.0958,2.8306,2.9097,3.2995,3.3722,3.7257,4.0588,5.3429,6.4306,8.2411,9.714,13,31,41,13,13,13,13,13,13,13,13,12,12,25,40
01_03_02_02_0009.bmp,0,2,2,9,3.0853,2.3026,13.8284,4.5714,8.8203,2.9982,3.1663,3.308,3.3374,3.6591,4.1139,5.6833,5.8624,8.2505,9.9272,13,31,13,13,13,13,13,13,13,13,13,13,12,12,40
01_03_02_02_0011.bmp,0,2,2,9,2.4814,1.8767,13.8552,3.6778,7.7453,2.5099,2.8005,2.7182,3.0254,3.2585,3.9864,4.9623,5.1863,8.4886,9.832,13,13,16,13,13,13,13,13,13,13,13,13,12,25,25
01_03_02_02_0017.bmp,0,2,2,9,3.0559,2.4839,14.7029,4.5422,9.0468,3.1694,3.2778,3.4866,3.8725,3.7591,4.2987,5.7758,6.466,8.8128,11.0426,13,13,15,13,13,13,13,13,13,13,13,12,12,40,40
01_03_02_02_0019.bmp,0,2,2,9,3.2145,2.5241,15.3454,4.7549,9.7267,3.1972,3.3086,3.2361,3.4433,4.217,4.1398,5.4421,7.2682,8.8779,11.9818,13,13,13,13,13,13,13,13,13,13,13,13,13,25,25
01_03_02_02_0021.bmp,0,2,2,9,3.6103,2.8746,16.8575,5.3763,9.9052,3.5696,3.7374,3.7311,3.921,4.4662,5.4448,6.2741,7.1478,9.2269,11.4874,13,13,13,13,13,13,13,13,13,13,13,13,13,12,40
01_03_02_02_0023.bmp,0,2,2,9,3.9805,3.1186,14.8582,5.9625,10.7951,4.0804,4.129,4.2541,4.1598,4.8263,4.7956,5.5258,7.3256,9.6695,11.2415,13,13,13,13,13,13,13,13,13,13,13,13,13,25,40
01_03_02_02_0024.bmp,0,2,2,9,4.6396,3.7018,14.8079,6.8698,11.4986,4.5982,4.4898,4.8851,4.8455,5.1693,5.3784,6.672,7.5533,9.0186,12.0868,13,13,13,13,13,13,13,13,13,13,13,13,13,25,40
01_03_02_02_0028.bmp,0,2,2,9,4.0913,3.4988,18.2209,6.055,7.5936,4.0852,4.3153,4.226,4.6814,5.2493,5.7863,7.1834,8.9308,12.0209,15.0604,13,13,41,13,15,13,13,13,13,13,13,41,25,25,40
01_03_02_02_0038.bmp,0,2,2,9,4.3672,3.9841,15.9841,6.5422,6.9196,4.4782,4.5732,4.6496,4.6403,4.9213,5.7557,6.4658,8.1389,9.7216,12.3663,15,13,41,15,15,15,15,13,13,13,13,13,41,25,25
01_03_02_02_0040.bmp,0,2,2,9,4.7485,4.3359,17.2858,7.0346,7.9917,4.8208,4.8732,4.9567,5.148,5.1555,5.8429,5.9523,7.8658,10.3262,12.8175,15,15,22,15,15,15,15,15,15,13,13,13,41,13,40
01_03_02_02_0043.bmp,0,2,2,9,6.2784,5.3952,18.2692,8.9845,9.0442,6.2175,6.2291,6.1846,6.529,6.8059,6.8036,7.5568,8.6391,9.7624,12.9935,15,13,15,15,13,15,15,15,13,13,13,13,41,40,40
01_03_02_02_0054.bmp,0,2,2,9,6.3442,5.8544,17.7572,8.3679,7.9642,6.3416,6.443,6.5583,6.784,6.9178,7.2483,7.7792,8.8681,11.343,13.9364,15,15,41,15,15,15,15,15,15,15,15,41,41,40,40
01_03_02_02_0055.bmp,0,2,2,9,6.55,5.8137,17.7064,8.9051,8.6015,6.5947,6.6626,6.6538,6.5782,7.0559,7.2424,7.9203,9.2338,11.3716,12.581,15,15,15,15,15,15,15,15,15,15,41,41,41,41,40
01_03_02_02_0063.bmp,0,2,2,9,5.6998,4.5189,16.349,8.4943,8.1937,5.5685,5.6288,5.9499,5.91,6.204,7.1031,7.3011,8.8489,11.2375,13.7053,15,13,15,15,15,15,15,15,15,15,15,41,41,41,26
01_03_02_02_0065.bmp,0,2,2,9,5.3088,4.7228,15.0064,7.8188,8.1389,5.5259,5.186,5.4105,5.2853,5.7677,6.4368,7.5118,9.1079,11.0779,13.5562,15,15,15,15,15,15,15,15,15,15,15,15,41,41,41
01_03_02_02_0075.bmp,0,2,2,9,6.2505,5.3354,16.7238,8.7249,8.9796,6.2348,6.2322,6.3019,6.251,6.8402,7.1311,8.0774,8.7975,12.0193,13.7123,15,15,9,15,15,15,15,15,15,15,15,15,41,41,41
01_03_02_02_0079.bmp,0,2,2,9,6.3315,6.0768,15.2419,8.0874,9.671,6.4403,6.3659,6.4346,6.6705,6.9156,7.0716,8.2305,9.9142,11.9438,14.516,15,9,9,15,15,15,15,15,15,15,15,15,41,41,41
01_03_02_02_0080.bmp,0,2,2,9,6.6652,5.8373,15.7613,8.4991,9.9509,6.587,6.5757,6.758,6.7636,7.1599,7.4929,8.1689,8.8868,11.9961,13.3612,15,15,9,15,15,15,15,15,15,15,15,15,41,41,41
01_03_02_02_0081.bmp,0,2,2,9,7.3195,6.2809,17.1931,9.2562,10.681,7.4279,7.5894,7.5772,7.6727,7.9248,8.0601,8.8326,9.4291,12.5647,14.3368,15,15,9,15,15,15,15,15,15,15,15,15,41,41,41
01_03_02_02_0085.bmp,0,2,2,9,6.5116,6.2734,17.7368,6.9452,10.4593,6.4254,6.423,6.5366,6.7793,7.0036,7.2323,8.2843,9.1699,11.592,14.6111,15,9,9,15,8,15,15,15,15,15,15,15,41,41,41
01_06_02_02_0001.bmp,0,2,2,14,4.923,3.7904,15.4464,7.0243,7.004,5.0211,5.0342,5.1227,5.2543,5.215,5.9204,6.7987,7.5395,10.5392,12.0876,15,13,18,15,13,15,13,13,13,13,12,12,14,24,25
01_06_02_02_0004.bmp,0,2,2,14,5.2638,4.7191,15.2262,7.2586,6.8136,5.3042,5.2671,5.4944,5.8246,5.7526,6.5872,7.667,8.56,11.6417,14.6144,17,13,25,14,17,17,17,17,14,14,14,14,14,14,25
01_06_02_02_0007.bmp,1,2,2,14,2.6052,1.9506,12.9167,3.869,3.97,2.5933,2.6524,2.8009,2.8162,3.3227,4.1168,5.2213,5.8755,8.0046,9.8439,36,36,14,14,14,36,36,25,14,14,14,14,25,14,25
01_06_02_02_0009.bmp,0,2,2,14,6.7044,4.9046,19.6854,9.0451,10.9943,6.7574,6.5918,6.7094,6.8193,7.2487,7.4184,8.0162,9.1724,11.5877,15.3904,14,13,14,14,17,14,14,14,14,14,14,14,14,14,14
01_06_02_02_0014.bmp,1,2,2,14,3.7071,2.7056,16.302,5.56,9.9019,3.7088,3.8157,3.9653,4.2877,4.1282,4.9347,5.3765,6.7066,9.2054,11.6701,0,36,0,14,14,0,0,0,0,0,0,0,14,14,25
01_06_02_02_0015.bmp,0,2,2,14,5.86,4.6698,18.3661,7.0764,8.5329,5.8337,5.8046,5.8569,6.1759,6.3148,6.3087,7.4441,8.5325,11.4507,13.1528,14,13,14,14,14,14,14,14,14,14,14,14,14,14,14
01_06_02_02_0015.bmp,1,2,2,14,3.6446,2.6288,15.0136,5.4704,3.7403,3.6894,3.7217,3.5651,3.5785,4.1891,4.8085,5.4479,6.3446,9.2256,11.0006,0,36,0,14,14,0,0,0,0,0,0,14,14,25,14
01_06_02_02_0016.bmp,0,2,2,14,5.3593,4.5669,17.2934,6.7721,8.8571,5.3425,5.538,5.619,5.5776,5.6481,6.3162,7.2356,8.9346,10.8333,12.8522,14,13,14,14,14,14,14,14,14,14,14,14,14,14,14
01_06_02_02_0017.bmp,0,2,2,14,5.2558,4.2967,18.0158,6.4749,8.7601,5.3452,5.2088,5.3825,5.2469,5.7735,6.1727,7.3171,8.3909,11.2258,12.993,14,13,14,14,14,14,14,14,14,14,14,14,14,14,14
01_06_02_02_0018.bmp,0,2,2,14,5.6237,4.7648,18.0457,7.3049,10.3067,5.6268,5.6746,6.0168,5.7545,6.2036,6.3179,7.6571,8.259,10.589,14.4141,14,13,14,14,17,14,14,14,14,14,14,14,14,14,14
01_06_02_02_0020.bmp,1,2,2,14,4.212,3.0592,13.7303,6.3694,5.3433,4.2608,4.3551,4.2211,4.3996,5.1894,5.1117,5.9026,6.8712,8.9881,12.9037,0,36,14,0,14,0,0,0,0,0,0,0,14,14,25
01_06_02_02_0022.bmp,0,2,2,14,6.295,5.8811,17.1459,7.7526,10.2205,6.3065,6.4487,6.2031,6.5738,6.61,6.9979,7.8952,8.7224,11.1046,14.4633,14,14,14,14,14,14,14,14,14,14,14,14,14,14,14
01_06_02_02_0025.bmp,1,2,2,14,3.6665,2.6935,13.289,5.4278,5.7642,3.6381,3.5687,3.8507,3.8323,3.9535,4.5159,5.8514,7.0342,9.9667,11.0223,15,25,25,15,14,15,15,15,36,12,25,25,14,25,25
01_06_02_02_0027.bmp,0,2,2,14,6.7277,5.9126,14.4535,5.7865,9.5839,6.856,6.8975,6.9108,6.7492,6.9801,7.6103,8.7216,9.386,12.1834,13.8153,14,14,14,14,14,14,14,14,14,14,14,14,14,14,14
01_06_02_02_0028.bmp,1,2,2,14,4.4996,3.3969,13.515,6.7602,6.3642,4.5322,4.5504,4.6729,4.9815,5.3426,6.1819,7.2411,7.6879,11.9975,14.5364,15,13,28,15,15,15,15,15,19,13,19,19,24,24,24
01_06_02_02_0030.bmp,0,2,2,14,8.4757,7.5808,16.8759,5.6317,11.027,8.5006,8.572,8.5853,8.6059,8.9549,8.4021,9.3006,10.3304,12.063,14.2967,14,14,14,14,14,14,14,14,14,14,14,14,14,14,14
01_06_02_02_0030.bmp,1,2,2,14,3.8628,2.9782,14.5833,5.6402,11.9191,3.8664,3.8717,4.008,4.1172,4.7347,5.208,6.081,7.1973,9.6488,12.2909,15,31,13,15,0,15,15,15,0,0,0,13,19,19,25
01_06_02_02_0032.bmp,1,2,2,14,3.3848,2.9009,8.8104,5.0755,6.5871,3.4371,3.5268,3.5644,3.7013,3.7608,4.4775,4.7623,5.4735,6.737,8.39,13,36,18,13,13,13,36,13,13,12,31,13,12,12,1
01_06_02_02_0033.bmp,0,2,2,14,8.5852,9.0716,13.1912,5.8,10.4433,8.5112,8.558,8.5312,8.4492,8.9501,8.864,9.3804,10.5494,11.2192,13.1836,14,14,14,14,14,14,14,14,14,14,14,14,14,14,14
01_06_02_02_0033.bmp,1,2,2,14,3.2118,2.8361,9.9417,4.9049,6.3675,3.201,3.2,3.2889,3.4387,3.6279,3.9974,4.8779,5.6042,6.4203,8.7119,12,12,10,3,3,12,12,12,12,12,12,12,12,12,12
01_06_02_02_0035.bmp,0,2,2,14,9.5329,10.0617,14.7318,5.2415,10.1287,9.4045,9.5672,9.3199,9.3923,9.7084,9.2857,10.0709,10.8457,12.1,13.1708,14,14,14,14,14,14,14,14,14,14,14,14,14,14,14
01_06_02_02_0035.bmp,1,2,2,14,3.3454,2.9353,8.3663,5.0905,5.228,3.3127,3.3813,3.5286,3.7258,3.4713,4.1855,5.0281,5.3649,6.4348,10.3888,36,31,10,3,13,15,15,31,31,36,12,12,12,9,1
01_06_02_02_0036.bmp,1,2,2,14,3.3436,2.9839,10.295,5.046,5.1882,3.3307,3.4057,3.6612,3.3392,3.3918,4.1811,4.1178,4.7155,7.1689,8.1594,12,31,10,15,13,12,12,12,12,12,12,12,12,23,40
01_06_02_02_0037.bmp,0,2,2,14,10.1375,10.6315,16.8458,5.8491,10.709,10.1306,10.1473,10.3172,10.2441,10.3644,10.3834,10.2134,11.2048,11.9883,12.9788,14,14,14,14,14,14,14,14,14,14,14,14,14,14,14
01_06_02_02_0039.bmp,1,2,2,14,3.8189,3.5006,9.7321,5.6966,5.507,3.934,3.9569,3.877,3.8977,4.212,4.3504,5.4904,5.9047,7.7244,9.722,3,12,12,3,15,3,3,3,3,3,12,13,12,40,7
01_06_02_02_0040.bmp,0,2,2,14,9.4611,12.2751,14.5364,3.5698,9.3729,9.1939,9.3264,9.3958,9.3181,9.303,9.8282,9.5177,11.8085,12.6713,15.5791,14,14,14,14,14,14,14,14,14,14,14,14,14,14,14
01_06_02_02_0041.bmp,1,2,2,14,4.2611,3.8678,9.4356,6.4703,6.3874,4.2677,4.1289,4.3789,4.4825,4.405,4.7436,5.859,6.3905,8.4747,10.5519,13,36,17,3,15,15,13,3,3,3,3,13,12,40,40
01_06_02_02_0042.bmp,0,2,2,14,4.4931,7.5113,7.5358,1.3773,4.6059,4.4818,4.696,4.5688,4.9939,5.2946,5.695,5.9738,6.9271,8.8849,10.5704,14,14,14,14,14,14,14,14,14,14,14,14,14,14,14
01_06_02_02_0043.bmp,1,2,2,14,3.3202,3.1882,10.118,4.8055,4.438,3.4048,3.4019,3.4338,3.6292,3.8076,4.119,5.2003,5.9881,8.2203,9.614,15,36,17,3,15,15,15,15,3,3,12,12,24,13,23
01_06_02_02_0044.bmp,1,2,2,14,3.2874,3.0889,11.1475,4.3165,4.4278,3.3721,3.3672,3.6053,3.0751,4.0536,4.2052,4.9614,5.5915,7.7238,9.0804,15,36,17,24,15,15,15,15,15,12,12,12,12,12,25
01_06_02_02_0054.bmp,0,2,2,14,3.5041,3.2873,12.1603,4.7995,3.7756,3.5909,3.5531,3.5817,3.6798,4.2432,5.108,5.5494,6.4533,8.7391,11.8021,17,17,17,17,17,17,17,17,17,14,14,14,14,25,25
01_06_02_02_0055.bmp,0,2,2,14,4.1603,3.775,13.3557,4.6529,4.8476,4.1564,4.1956,4.3322,4.5475,4.7879,5.1341,6.2025,7.6472,10.0348,11.991,15,13,14,14,17,15,15,15,14,14,14,14,14,25,23
01_06_02_02_0058.bmp,0,2,2,14,3.634,3.4452,12.9339,4.5441,4.9925,3.6972,3.8065,4.1137,3.9823,4.5607,5.1058,7.1416,7.9096,10.4427,12.1238,15,13,9,14,17,15,14,14,14,14,14,14,14,14,14
01_06_02_02_0059.bmp,0,2,2,14,3.4163,3.3308,11.3578,3.6403,4.4122,3.3934,3.447,3.5033,3.6596,4.1729,4.6574,5.7688,6.4725,8.6693,11.0459,15,13,9,14,14,15,15,15,14,14,14,14,14,14,25
01_06_02_02_0061.bmp,0,2,2,14,2.7922,2.8018,12.9962,2.8787,4.8248,2.752,2.9738,3.0563,3.4549,3.7465,4.4124,5.4271,7.0567,9.5801,11.571,15,15,9,14,17,15,15,14,14,14,14,14,14,13,13
01_06_02_02_0063.bmp,0,2,2,14,3.3098,3.183,13.6923,3.8262,5.9741,3.3462,3.478,3.7843,3.8451,4.3483,4.3944,5.917,7.7053,10.1284,11.7124,17,13,9,14,17,17,17,14,14,14,14,14,14,25,25
01_06_02_02_0064.bmp,0,2,2,14,3.3842,3.2394,13.6052,4.3928,5.6646,3.4221,3.5119,3.5786,3.9622,4.2186,5.0015,6.1724,7.2969,10.3835,12.804,15,15,9,14,17,15,15,14,14,14,14,14,14,14,14
01_06_02_02_0067.bmp,0,2,2,14,4.1209,3.91,14.8545,5.1389,6.4021,4.114,4.1781,4.1445,4.5102,4.9911,5.1912,7.054,7.6166,10.725,12.7419,17,13,14,14,17,17,14,14,14,14,14,14,14,14,14
01_06_02_02_0068.bmp,0,2,2,14,3.8957,3.7613,13.8616,4.5136,6.2779,3.9032,3.9372,4.2696,4.3137,4.986,5.6057,6.7563,7.7061,11.001,12.5362,14,13,14,14,17,14,14,14,14,14,14,14,14,14,13
01_06_02_02_0073.bmp,0,2,2,14,4.4299,4.495,14.4773,2.9506,6.4569,4.3567,4.4366,4.4947,4.7286,5.0352,5.4255,6.3019,7.727,9.9457,11.7603,14,17,14,14,14,14,14,14,14,14,14,14,14,14,25
01_06_02_02_0075.bmp,0,2,2,14,4.3361,4.6241,15.1593,3.2052,6.8155,4.3072,4.442,4.6081,4.8511,4.9509,5.5774,6.866,7.9242,9.5485,12.6022,14,17,14,14,17,14,14,14,14,14,14,14,14,14,14
01_06_02_02_0080.bmp,0,2,2,14,4.8152,4.8536,15.5452,3.4476,8.1442,4.8503,4.9139,4.9283,5.0946,5.3061,5.8367,6.5921,8.0588,10.805,12.4849,14,17,14,14,17,14,14,14,14,14,14,14,14,14,14
01_06_02_02_0081.bmp,0,2,2,14,5.1978,5.19,16.3957,4.0761,8.449,5.2189,5.2455,5.2941,5.3507,5.8269,5.9422,6.8241,8.2928,10.3007,12.9314,14,14,14,14,17,14,14,14,14,14,14,14,14,14,14
01_06_02_02_0083.bmp,0,2,2,14,5.5469,5.7745,15.5107,5.1129,9.4893,5.5435,5.509,5.6972,5.9092,5.9342,6.5083,7.3286,7.8753,9.5508,12.2238,14,14,14,14,17,14,14,14,14,14,14,14,14,14,14
01_06_02_02_0087.bmp,0,2,2,14,9.4717,11.9928,19.7042,5.3956,9.5691,9.4074,9.4874,9.5087,9.7855,10.1014,10.4975,10.7952,11.0783,13.5816,12.8578,14,14,14,14,14,14,14,14,14,14,14,14,14,14,14
01_06_02_02_0089.bmp,0,2,2,14,4.8526,7.8324,6.6658,1.4408,5.345,4.8271,5.0723,5.3051,5.0112,5.4871,5.4351,6.9417,6.7605,9.8361,11.7793,8,17,17,8,8,8,17,8,8,8,17,8,8,8,8
01_11_02_02_0002.bmp,0,2,2,12,2.782,1.8804,10.3133,4.1789,4.8258,2.756,2.916,2.9911,2.954,3.4846,3.2104,4.2646,4.8185,6.2807,8.1202,36,36,0,36,31,36,36,36,36,36,36,12,12,12,12
01_11_02_02_0006.bmp,0,2,2,12,2.1611,1.4609,10.1608,3.2247,3.6338,2.2262,2.1546,2.6002,2.5422,3.0901,3.2157,4.2821,4.2867,6.7897,8.0497,31,31,13,31,31,31,31,31,31,31,31,12,12,12,25
01_11_02_02_0009.bmp,0,2,2,12,1.5693,1.0995,10.5485,2.3607,2.6624,1.5428,1.6435,1.8037,1.8447,1.8017,2.9542,3.7046,4.4736,6.242,7.6477,36,31,0,31,36,31,36,31,36,36,12,12,12,12,12
01_11_02_02_0016.bmp,0,2,2,12,1.3238,1.0233,11.8865,2.0573,2.6101,1.5254,1.8054,1.885,2.0661,2.6332,3.2537,4.5725,5.3086,7.5766,7.8437,36,36,13,36,31,36,36,36,36,36,12,12,12,25,25
01_11_02_02_0017.bmp,0,2,2,12,1.2969,0.8905,11.8401,1.8304,3.2024,1.3646,1.3315,1.6175,2.1693,2.2224,2.5626,4.2872,5.727,7.4837,9.5675,31,31,1,36,17,36,36,31,31,31,12,12,12,12,25
01_11_02_02_0026.bmp,0,2,2,12,2.6093,1.7906,9.6228,3.8991,4.4027,2.6145,2.6848,2.9116,2.8518,4.0291,4.1774,4.1619,6.5612,8.8241,10.1069,31,31,11,31,15,31,31,31,31,12,12,12,12,25,40
01_11_02_02_0028.bmp,0,2,2,12,2.6299,1.8554,11.981,3.9001,4.6318,2.6229,2.6197,3.0171,2.8836,3.2065,3.994,5.3987,6.081,8.3185,10.518,31,31,11,31,31,31,31,31,31,12,12,12,12,12,25
01_11_02_02_0031.bmp,0,2,2,12,2.661,1.889,11.1832,3.956,4.6267,2.6771,2.7293,2.7868,3.083,3.4069,3.7367,5.7005,6.1335,8.3286,10.6559,36,36,11,15,15,36,36,36,36,36,12,12,25,25,24
01_11_02_02_0037.bmp,0,2,2,12,3.0154,2.2635,15.5438,4.4745,5.0286,3.0594,3.1871,3.4752,3.5614,3.3777,4.3508,5.1505,6.7927,8.3781,10.298,15,31,1,15,15,15,15,15,15,12,12,12,12,12,12
01_11_02_02_0038.bmp,0,2,2,12,3.0677,2.1936,15.5277,4.5743,5.0573,3.049,3.1513,3.4149,3.7591,3.9227,4.5126,6.2521,6.9736,9.2786,11.9514,15,31,1,15,15,15,15,15,15,15,13,12,12,40,25
01_11_02_02_0043.bmp,0,2,2,12,2.8745,2.1539,14.7811,4.3668,5.4232,2.8855,2.9272,3.0373,3.2353,3.7683,4.2295,5.6981,7.0387,8.5321,11.6596,15,31,12,15,15,15,15,15,15,13,13,12,12,12,25
01_11_02_02_0048.bmp,0,2,2,12,3.6743,3.0463,16.7606,5.3762,6.3805,3.7723,3.6766,3.8071,4.1543,4.335,5.2106,5.9574,7.0664,10.3441,11.754,15,15,16,15,15,15,15,15,15,15,4,4,4,4,4
01_11_02_02_0049.bmp,0,2,2,12,3.9768,3.4078,18.8368,5.8539,6.6822,3.9392,4.1547,4.2991,4.3754,4.656,5.1018,6.5743,7.3813,9.8994,13.0664,15,15,1,15,15,15,15,15,15,15,15,4,4,4,24
01_11_02_02_0050.bmp,0,2,2,12,4.1803,3.5869,18.8169,6.164,6.6135,4.2538,4.1527,4.3255,4.5289,4.8039,5.1685,6.212,8.0571,10.1942,12.5459,15,15,1,15,15,15,15,15,15,15,15,15,4,4,24
01_11_02_02_0058.bmp,0,2,2,12,7.6346,5.9775,21.0773,10.7511,11.7835,7.5252,7.5975,7.6441,7.6733,7.8311,8.1004,9.3885,9.5725,12.4174,14.2528,15,15,1,15,15,15,15,15,15,15,15,1,1,1,24
01_11_02_02_0059.bmp,0,2,2,12,8.1127,6.1495,23.1069,11.7985,13.0445,8.2614,8.1183,8.1324,8.4016,8.4515,8.4981,9.554,10.4714,12.4053,14.2733,15,15,1,15,15,15,15,15,15,15,15,1,1,18,24
01_11_02_02_0060.bmp,0,2,2,12,8.7188,6.504,21.2606,12.8915,13.1137,8.776,8.7789,8.7394,8.8016,8.9632,9.363,9.8455,10.3046,12.8939,14.7245,15,15,1,15,15,15,15,15,15,15,15,15,1,1,13
01_11_02_02_0061.bmp,0,2,2,12,9.0352,6.6208,22.2862,13.0984,14.146,9.0662,9.1824,9.0771,9.1768,9.5419,9.5913,10.1355,10.8042,12.8114,14.7178,15,15,11,15,15,15,15,15,15,15,15,15,13,1,12
01_11_02_02_0063.bmp,0,2,2,12,9.9164,7.7046,23.4153,14.1159,14.331,9.8444,9.8672,9.8386,9.9332,9.9491,10.2483,10.699,11.7099,13.7723,15.09,15,15,1,15,15,15,15,15,15,15,15,1,1,13,13
01_11_02_02_0065.bmp,0,2,2,12,10.6145,7.8685,25.1675,15.3025,16.7086,10.6015,10.6371,10.7302,10.8084,10.7621,10.939,12.0153,12.0652,13.6943,15.9664,15,15,1,15,15,15,15,15,15,15,15,15,1,13,13
01_11_02_02_0068.bmp,0,2,2,12,11.55,9.2317,23.9525,14.689,15.4437,11.537,11.6673,11.4802,11.7701,11.6695,11.9466,12.5385,12.8643,14.1989,16.4499,15,15,32,15,15,15,15,15,15,15,15,15,32,13,24
01_11_02_02_0076.bmp,0,2,2,12,5.8461,6.824,12.5453,7.5707,7.6435,5.8907,6.0915,6.0326,5.8043,6.7624,6.9298,8.0162,9.5016,11.5778,14.1359,32,15,17,15,15,32,32,32,32,32,32,32,15,13,1
01_11_02_02_0078.bmp,0,2,2,12,5.0436,5.9023,12.5734,6.3192,6.3029,5.0351,5.0158,5.2288,5.1732,5.8118,6.7869,7.1916,9.632,12.357,12.7546,15,1,15,15,15,15,15,32,15,15,32,15,15,13,13
01_12_02_02_0004.bmp,0,2,2,17,2.0036,1.6252,10.4545,3.3375,2.6495,2.1258,2.2572,2.4967,2.4926,3.0352,3.3399,4.4956,6.1358,7.7749,10.663,15,15,1,15,15,15,15,15,15,15,13,13,14,25,25
01_12_02_02_0005.bmp,1,2,2,17,0.8496,0.7855,9.8434,1.2741,1.5158,0.9157,1.058,1.2077,1.2009,1.3564,1.6492,2.3583,3.1671,4.4705,6.1634,5,31,0,29,13,5,15,3,3,12,12,12,12,2,7
01_12_02_02_0007.bmp,0,2,2,17,2.8866,2.5871,10.2464,3.5018,5.5659,2.8123,3.0508,3.0586,3.3049,3.7572,4.4514,5.1163,6.3206,9.1528,9.9132,15,15,1,15,13,15,15,15,15,15,15,13,14,14,25
01_12_02_02_0008.bmp,0,2,2,17,2.7674,2.321,8.2617,3.378,5.7145,2.6988,2.994,3.0109,2.9965,3.3833,3.8033,5.0966,6.5443,8.8542,10.1845,15,15,1,15,13,15,15,15,15,15,17,41,12,12,12
01_12_02_02_0010.bmp,0,2,2,17,2.5394,1.9962,9.4685,3.5546,5.6913,2.6706,2.7781,2.9785,2.8898,3.8308,4.2174,5.2885,6.0583,8.83,10.5012,15,15,1,15,15,15,15,15,15,17,15,17,41,14,26
01_12_02_02_0011.bmp,1,2,2,17,0.8632,0.7435,12.1514,1.2496,1.5216,0.9333,0.9704,1.0107,1.2248,1.6001,1.9628,2.3337,2.9269,5.705,5.6198,5,31,0,29,14,5,5,5,12,12,12,12,12,26,12
01_12_02_02_0012.bmp,1,2,2,17,0.8334,0.7465,9.3829,1.2031,1.6404,0.8351,0.9807,1.104,1.1788,1.5151,1.7423,2.3809,3.3509,5.3393,6.8696,15,31,1,29,14,15,12,12,12,12,12,12,12,13,23
01_12_02_02_0013.bmp,1,2,2,17,0.8002,0.7526,12.7606,1.1513,1.4877,0.7562,1.0198,1.1891,1.2252,1.3446,1.7409,2.3654,3.3738,4.6279,7.0752,15,31,0,29,14,15,15,12,12,12,12,12,12,25,1
01_12_02_02_0014.bmp,0,2,2,17,2.4827,2.0997,10.7055,3.1887,4.2992,2.4882,2.6883,2.8344,2.8983,3.2455,4.2025,5.5441,7.0037,8.4874,10.6715,15,15,0,17,15,15,15,17,15,17,17,17,14,14,25
01_12_02_02_0017.bmp,0,2,2,17,2.185,1.9407,10.1155,3.1896,2.9884,2.1916,2.4493,2.4845,2.7398,3.0975,4.0076,5.3913,6.3032,8.9898,10.7564,15,15,0,17,17,15,15,15,15,17,17,17,14,14,14
01_12_02_02_0018.bmp,0,2,2,17,2.5058,2.4422,11.7834,3.0906,5.1083,2.5892,2.6393,2.5693,3.0244,3.5505,3.8829,5.3162,6.1217,9.5445,11.5879,15,15,1,15,15,15,15,15,15,15,15,14,14,26,14
01_12_02_02_0022.bmp,0,2,2,17,2.9464,3.332,10.586,2.334,4.2864,3.0661,3.2656,3.1532,3.4243,4.3095,4.1986,5.7019,6.1771,8.5759,10.5137,17,15,17,17,17,17,17,17,17,17,17,14,14,14,14
01_12_02_02_0025.bmp,0,2,2,17,2.977,3.5433,11.6276,2.3858,4.6683,2.9044,2.979,3.3675,3.3805,3.6304,4.3936,5.3993,6.3942,8.7362,10.1144,17,15,17,17,17,17,17,17,17,17,17,17,14,14,14
01_12_02_02_0026.bmp,1,2,2,17,0.7737,0.6567,9.9311,1.108,1.4182,0.8529,1.0924,0.9812,1.1359,1.7821,1.9566,2.768,3.476,4.9221,7.0872,12,36,0,5,14,12,12,12,12,1,1,12,1,26,12
01_12_02_02_0027.bmp,0,2,2,17,2.7744,3.38,10.1249,0.8564,3.6647,2.8554,2.8822,2.8789,3.227,3.5516,4.118,4.7189,5.7373,7.9923,8.4705,15,15,17,17,15,15,15,15,15,17,17,17,17,26,26
01_12_02_02_0027.bmp,1,2,2,17,0.7938,0.6378,10.4797,1.0744,1.558,0.8011,0.8428,1.1244,1.1312,1.345,1.7319,2.6197,3.3875,5.7889,7.6645,12,31,0,5,14,12,12,12,12,12,12,12,1,12,14
01_12_02_02_0029.bmp,1,2,2,17,0.7131,0.651,9.0522,1.0965,1.2632,0.8042,0.9358,1.0616,1.3351,1.572,2.1287,3.0617,3.3823,5.0581,6.4755,12,31,0,5,14,12,12,12,12,12,12,13,12,12,28
01_12_02_02_0030.bmp,1,2,2,17,0.7091,0.6685,10.4711,0.9929,1.0807,0.7961,0.8795,0.9538,1.2674,1.5151,1.9665,2.1626,3.3128,5.3109,6.4415,1,36,0,5,14,1,1,12,1,1,12,1,14,13,14
01_12_02_02_0032.bmp,0,2,2,17,1.4533,1.8994,6.8117,0.6375,1.5986,1.5748,1.6544,2.1046,2.2375,2.6983,3.8253,5.2042,6.5034,9.3306,11.1467,17,17,17,17,17,17,17,17,17,17,17,17,14,26,13
01_12_02_02_0033.bmp,0,2,2,17,1.5748,2.0393,6.3595,0.6928,1.7691,1.6805,1.7664,2.0967,2.3176,3.1414,3.8585,5.5433,7.3321,9.7115,11.6556,17,17,17,17,17,17,17,17,17,17,17,17,14,14,25
01_12_02_02_0037.bmp,1,2,2,17,0.7545,0.6922,10.7141,1.1214,1.6413,0.8499,0.8728,0.979,1.2998,1.575,1.9395,2.31,3.1524,4.8805,5.9186,1,31,0,5,14,1,1,12,12,12,12,12,9,14,23
01_12_02_02_0039.bmp,0,2,2,17,0.828,1.2355,4.0827,0.4919,0.8754,0.9174,1.1621,1.5734,1.91,2.5923,3.2455,4.7594,5.7316,7.9564,10.0315,17,17,17,17,17,17,17,17,17,17,17,17,14,14,14
01_12_02_02_0042.bmp,0,2,2,17,0.4899,0.938,1.8962,0.5657,0.9335,0.6997,1.0027,1.3294,1.8098,2.6965,3.0089,4.6861,5.7176,7.3662,9.5679,17,17,17,17,17,17,17,17,17,17,17,17,14,14,14
01_12_02_02_0042.bmp,1,2,2,17,0.8284,0.6936,11.1239,1.1891,2.0653,0.8621,0.938,1.042,1.2163,1.6499,2.1133,2.6082,3.6547,4.9582,6.1762,1,36,13,5,14,1,1,12,1,29,1,12,1,13,14
01_12_02_02_0044.bmp,0,2,2,17,0.8352,0.7327,10.9956,1.1757,1.9583,0.8086,0.9014,1.0551,1.1001,1.6256,1.7517,2.1646,3.9542,4.9352,5.3001,1,36,0,5,14,1,1,1,1,1,1,1,1,1,1
01_12_02_02_0046.bmp,0,2,2,17,0.8565,0.765,11.02,1.2198,1.7352,0.9437,0.9009,1.2587,1.2338,1.7025,1.9802,2.221,3.6421,4.653,5.8617,15,0,0,5,17,15,15,15,15,12,12,12,13,12,12
01_12_02_02_0047.bmp,0,2,2,17,0.8547,0.8073,11.3978,1.1674,3.373,0.9416,1.0845,1.0541,1.0986,1.7736,1.8087,2.2593,3.3901,5.5139,6.6038,36,36,0,14,18,36,1,1,1,1,1,1,14,1,12
01_12_02_02_0052.bmp,0,2,2,17,0.9928,0.8478,11.4945,1.4574,1.95,1.0495,1.0952,1.1999,1.5111,1.5133,2.2879,2.9846,3.3096,4.6447,6.2244,12,36,0,5,13,12,12,12,12,12,12,12,1,28,13
01_12_02_02_0060.bmp,0,2,2,17,2.093,1.5952,11.8775,3.1308,4.2893,1.9669,2.0882,2.2695,2.3215,2.1572,2.7145,4.2237,4.4915,6.5876,8.2035,36,36,0,0,18,36,36,36,36,0,0,0,0,0,0
01_12_02_02_0061.bmp,0,2,2,17,1.9366,1.6129,11.59,2.9405,3.626,2.0116,2.1614,1.9969,2.1946,2.6398,3.3048,4.1621,5.8951,7.1983,9.7098,0,0,0,0,14,0,0,0,0,0,0,0,12,0,25
01_12_02_02_0063.bmp,0,2,2,17,1.8653,1.5975,10.7892,2.7541,3.4988,1.9578,2.0302,2.2819,2.3328,2.8098,3.1136,4.6488,4.7097,7.8469,9.3078,0,36,0,0,18,0,0,0,0,0,0,0,0,0,11
01_12_02_02_0066.bmp,0,2,2,17,2.3309,1.8546,10.971,3.4944,4.7443,2.3743,2.4334,2.6553,2.8119,2.9586,3.7148,4.3007,4.6827,6.8696,8.8987,0,0,0,0,0,0,0,0,0,0,0,0,12,11,25
01_12_02_02_0072.bmp,0,2,2,17,2.1931,2.0205,11.2437,3.3199,3.6254,2.3136,2.1768,2.5561,2.956,2.6612,3.4205,4.6935,5.7211,7.6894,9.0069,36,36,0,0,14,36,36,36,36,0,0,0,0,25,11
01_12_02_02_0079.bmp,0,2,2,17,2.3086,1.8323,13.2922,3.478,3.8483,2.4485,2.493,2.6538,2.8708,3.0893,3.6452,5.2798,6.3605,9.2023,11.7047,17,0,14,17,14,17,17,17,17,17,17,25,25,25,25
01_12_02_02_0080.bmp,0,2,2,17,2.2993,1.7847,13.2074,3.4731,3.9141,2.3364,2.4807,2.5002,2.8317,3.6478,4.2052,5.4091,6.772,8.7879,11.6783,17,15,14,17,14,17,17,17,17,17,17,14,25,14,25
01_12_02_02_0081.bmp,0,2,2,17,2.7185,2.1045,14.4291,3.9709,4.3753,2.7101,2.5185,3.0254,3.3168,3.5113,3.8998,5.5397,6.7216,8.8506,11.1062,17,15,14,17,17,17,17,17,17,17,17,17,14,14,25
01_12_02_02_0085.bmp,0,2,2,17,2.7727,2.3032,15.3742,4.1779,5.4272,2.8221,2.7967,2.9668,3.1197,3.6725,3.8419,5.2356,6.589,9.4337,11.0811,17,15,17,17,14,17,17,17,17,17,17,14,14,12,14
01_12_02_02_0088.bmp,0,2,2,17,2.1884,1.8548,14.0004,3.2117,5.4476,2.2209,2.3914,2.4391,2.6374,3.2913,4.1262,5.4316,7.2255,9.3606,11.9538,17,15,17,17,17,17,17,17,17,17,17,14,14,14,14
01_12_02_02_0089.bmp,0,2,2,17,2.8962,2.2233,15.4945,4.3115,6.2242,2.9263,2.9956,3.2205,3.3465,3.8349,4.3355,5.5881,6.8406,9.2595,11.9413,17,15,17,17,14,17,17,17,17,17,14,14,14,14,25
01_12_02_02_0092.bmp,0,2,2,17,4.5552,3.2526,13.786,6.8183,6.9575,4.564,4.6074,4.642,4.6345,4.9448,5.3238,6.1733,7.3654,9.0144,12.434,17,15,17,17,17,17,17,17,17,17,17,14,14,14,25
01_12_02_02_0094.bmp,0,2,2,17,4.8,3.4695,12.4797,7.0761,7.9012,4.7923,4.8914,4.9205,5.0563,5.2979,5.5635,6.4483,7.701,9.2732,12.0155,17,15,14,17,14,17,17,17,17,17,17,41,14,14,26
01_12_02_02_0100.bmp,0,2,2,17,5.2376,3.7971,17.7463,7.7455,6.5453,5.2667,5.2967,5.4084,5.509,5.9323,6.2788,6.8515,8.8631,10.891,12.5586,17,17,17,17,17,17,17,17,17,17,17,14,14,14,14
01_12_02_02_0102.bmp,0,2,2,17,6.413,4.5484,17.3579,8.0548,9.1178,6.3886,6.4093,6.4904,6.6413,6.789,7.4321,7.9173,9.0184,9.8568,12.3883,17,15,17,17,17,17,17,17,17,17,17,14,14,14,14
01_12_02_02_0109.bmp,0,2,2,17,7.0837,6.3979,15.6979,7.5001,8.7011,7.1937,7.2414,7.2761,7.5231,7.6567,8.1033,8.7758,9.6501,10.962,13.528,17,17,17,17,17,17,17,17,17,17,17,17,14,14,14
01_12_02_02_0113.bmp,0,2,2,17,5.6971,5.4908,14.7833,4.0395,7.0588,5.7331,5.8115,5.7755,5.9454,5.9956,6.4507,7.5012,8.5068,10.385,12.2309,17,17,17,17,17,17,17,17,17,17,17,17,14,14,14
01_12_02_02_0114.bmp,0,2,2,17,5.7961,6.3838,14.0495,2.8521,6.4313,5.6956,5.8759,5.8044,6.1266,6.2973,6.7264,7.4587,8.1095,10.7006,12.7566,17,17,17,17,17,17,17,17,17,17,17,17,17,14,14
01_12_02_02_0115.bmp,0,2,2,17,3.7758,5.9143,12.1022,1.4422,3.9902,3.8043,3.7419,3.9504,4.3357,4.2708,5.1356,5.9688,7.4094,9.3529,11.7445,17,17,17,17,17,17,17,17,17,17,17,17,17,14,14
01_12_02_02_0116.bmp,0,2,2,17,2.8798,3.8695,9.4069,1.1314,3.811,3.0178,2.9087,2.9745,3.0396,3.7267,4.535,5.7545,6.7857,8.9862,11.1413,17,17,17,17,17,17,17,17,17,17,17,17,17,14,14
01_13_02_02_0003.bmp,1,2,2,13,3.5625,1.9458,12.1907,0.0,6.9595,3.5123,3.7589,3.6554,3.6149,4.0795,4.7924,5.4189,5.9133,6.591,10.0899,13,13,13,13,13,13,13,13,13,13,13,13,13,13,25
01_13_02_02_0006.bmp,1,2,2,13,4.0749,2.2107,12.777,0.0563,7.8695,4.1035,3.9055,4.0306,4.1363,4.6589,4.8782,6.1424,6.7814,7.946,9.272,13,13,13,13,13,13,13,13,13,13,13,13,13,25,25
01_13_02_02_0009.bmp,0,2,2,13,2.0794,1.3263,11.9043,3.1325,4.8443,2.2147,2.3127,2.235,2.7761,2.6836,3.0827,3.8612,4.0054,5.968,7.2528,12,12,1,12,32,12,12,12,12,12,12,12,13,12,13
01_13_02_02_0010.bmp,1,2,2,13,4.8483,2.7623,13.2895,0.559,8.9112,4.8591,5.0137,5.0172,5.0465,5.3374,5.4624,6.4752,6.8786,8.1667,10.6075,13,13,13,13,13,13,13,13,13,13,13,13,13,25,25
01_13_02_02_0012.bmp,1,2,2,13,4.8687,2.7412,13.2798,0.4402,9.3213,4.8891,5.0144,5.1915,4.9224,5.3126,5.4797,6.6339,7.2112,8.9055,10.0363,13,13,13,13,13,13,13,13,13,13,13,13,13,13,25
01_13_02_02_0013.bmp,0,2,2,13,2.2935,1.5736,12.3458,3.2959,4.3032,2.2767,2.2097,2.2486,2.7072,2.9303,2.4946,3.678,4.2158,6.3519,6.6313,12,31,12,12,32,12,12,12,12,12,12,12,12,25,11
01_13_02_02_0014.bmp,0,2,2,13,2.3343,1.5644,10.3347,3.5418,4.5454,2.4048,2.2385,2.2487,2.6983,2.8431,3.0251,4.205,4.306,5.6762,7.472,12,31,32,12,32,12,12,12,12,12,13,13,13,12,12
01_13_02_02_0014.bmp,1,2,2,13,5.0093,2.7978,12.9236,0.654,9.1,5.0278,5.0131,4.9749,5.1481,5.1408,5.4797,6.4374,6.8266,8.6091,10.6054,13,13,13,13,13,13,13,13,13,13,13,13,13,13,25
01_13_02_02_0016.bmp,0,2,2,13,2.2033,1.4558,14.1883,3.3288,4.2423,2.2319,2.1988,2.4477,2.7917,2.8277,3.156,3.663,4.1437,5.3615,7.4418,12,31,11,12,32,12,12,12,12,12,12,12,13,40,13
01_13_02_02_0017.bmp,0,2,2,13,2.2183,1.4562,13.3029,3.2159,4.4122,2.2632,2.2763,2.2759,2.5652,2.6555,3.1189,3.316,4.1008,5.9893,6.626,12,12,11,12,32,12,12,12,12,12,12,12,12,12,40
01_13_02_02_0018.bmp,1,2,2,13,5.886,3.2984,13.9162,1.4783,11.2077,5.9637,5.7369,5.8463,6.1468,6.2725,6.3649,6.5549,7.7881,9.8548,11.1968,13,13,13,13,13,13,13,13,13,13,13,13,13,13,25
01_13_02_02_0023.bmp,1,2,2,13,6.5824,3.822,12.6664,2.0823,11.2809,6.6659,6.6457,6.6705,6.863,6.9382,6.9619,7.5951,7.9499,9.2558,11.5892,13,13,13,13,13,13,13,13,13,13,13,13,13,13,13
01_13_02_02_0024.bmp,1,2,2,13,7.0307,4.036,13.7344,2.206,11.4204,7.1423,6.964,6.9411,7.2618,7.078,7.6544,7.5878,8.1561,9.8485,10.1119,13,13,13,13,13,13,13,13,13,13,13,13,13,13,13
01_13_02_02_0025.bmp,0,2,2,13,2.4013,1.4424,13.2174,3.5187,4.8652,2.5022,2.4103,2.6848,2.6164,2.4998,3.1749,3.5885,4.1859,6.1401,7.611,12,31,12,12,32,12,12,12,12,12,12,12,12,40,40
01_13_02_02_0025.bmp,1,2,2,13,7.7252,4.4527,14.0727,2.9562,6.1258,7.6733,7.7158,7.8152,8.0103,7.9216,8.3028,8.6563,9.1331,10.0603,12.3828,13,13,13,13,13,13,13,13,13,13,13,13,13,13,13
01_13_02_02_0031.bmp,0,2,2,13,2.2613,1.2965,10.6321,2.8685,5.0022,2.1018,2.2653,2.5,2.3563,3.1671,3.0008,3.2434,4.6922,5.52,6.9846,12,31,12,12,32,12,12,12,12,12,12,12,13,13,40
01_13_02_02_0031.bmp,1,2,2,13,6.1496,3.4727,14.6148,0.4285,8.7043,6.1851,5.972,6.1145,6.2096,6.4702,6.8428,7.0058,7.8663,8.9442,11.3342,13,13,13,13,13,13,13,13,13,13,13,13,13,13,13
01_13_02_02_0032.bmp,0,2,2,13,2.2555,1.3295,10.8799,3.0646,5.5448,2.3094,2.3242,2.3619,2.826,2.8915,3.7049,3.8393,4.4024,5.9687,7.1877,31,31,11,13,32,31,12,12,12,12,38,13,13,12,40
01_13_02_02_0033.bmp,1,2,2,13,6.9029,3.8174,15.0055,0.3903,9.7096,6.8929,6.7961,6.7181,6.9053,7.1968,6.8412,7.5228,8.2715,9.8562,10.8533,13,13,13,13,13,13,13,13,13,13,13,13,13,13,13
01_13_02_02_0034.bmp,1,2,2,13,6.4049,3.561,14.7989,0.1875,9.8069,6.4248,6.2612,6.6189,6.3152,6.6687,6.5992,6.9899,7.5728,8.4149,9.5097,13,13,13,13,13,13,13,13,13,13,13,13,13,13,13
01_13_02_02_0036.bmp,0,2,2,13,2.2732,1.2854,12.9315,2.3239,5.4839,2.4719,2.4097,2.7021,2.5667,2.9438,3.1878,2.944,5.5738,5.6546,6.7194,31,31,18,12,19,31,31,12,12,13,13,13,12,13,18
01_13_02_02_0036.bmp,1,2,2,13,5.2128,2.9126,14.7751,0.0,8.7045,5.3451,5.3715,5.5105,5.6066,6.0706,5.4966,5.7378,6.3423,7.9871,9.8703,13,13,13,13,13,13,13,13,13,13,13,13,13,13,13
01_13_02_02_0037.bmp,0,2,2,13,2.1574,1.2487,14.6869,1.9408,5.5193,2.2075,2.2213,2.2856,2.1102,2.0234,2.3701,3.8674,4.6429,5.8367,7.1948,12,31,11,12,32,12,12,12,12,12,12,12,12,11,13
01_13_02_02_0037.bmp,1,2,2,13,5.6782,3.2718,15.019,0.1875,10.215,5.6933,5.8041,5.8116,5.9567,6.2112,6.2773,6.9718,7.7355,8.6859,10.5318,13,13,13,13,13,13,13,13,13,13,13,13,13,13,13
01_13_02_02_0039.bmp,1,2,2,13,5.8022,3.1634,15.8662,0.0,9.4843,5.7514,5.7799,5.578,5.755,5.6442,5.8471,6.2417,6.817,8.477,9.9739,13,13,13,13,13,13,13,13,13,13,13,13,13,13,13
01_13_02_02_0041.bmp,0,2,2,13,3.565,2.2261,11.011,4.3016,7.3044,3.6281,3.7976,3.8272,3.9895,3.9755,4.6947,5.1527,6.2509,8.6421,10.4027,12,12,11,12,32,12,32,32,12,32,12,13,11,25,40
01_13_02_02_0041.bmp,1,2,2,13,5.411,3.0317,15.1128,0.0,10.4636,5.4872,5.1998,5.6106,5.4572,5.5353,5.6784,6.2457,6.7703,8.4183,10.5723,13,13,13,13,13,13,13,13,13,13,13,13,13,13,13
01_13_02_02_0044.bmp,0,2,2,13,3.4915,2.1335,9.8819,3.7338,6.4052,3.4898,3.5032,3.7583,3.7304,3.8344,4.0991,5.571,6.4741,8.2453,9.7277,12,12,12,12,32,12,12,12,12,12,13,12,12,40,40
01_13_02_02_0048.bmp,1,2,2,13,6.3466,3.5969,15.4994,0.5863,11.3254,6.3007,6.3426,6.192,6.5294,6.4459,6.697,6.9177,7.3528,9.1173,11.1498,13,13,13,13,13,13,13,13,13,13,13,13,13,13,13
01_13_02_02_0054.bmp,1,2,2,13,8.5234,4.4286,16.236,0.4402,12.3713,8.6127,8.551,8.4231,8.2477,8.524,8.5093,7.8674,8.5529,9.6909,10.5661,13,13,13,13,13,13,13,13,13,13,13,13,13,13,13
01_13_02_02_0055.bmp,1,2,2,13,8.0729,4.3566,17.4029,0.4758,12.8713,8.2073,8.2839,8.0831,8.2874,8.0696,7.9688,7.6737,8.2148,9.216,10.3433,13,13,13,13,15,13,13,13,13,13,13,13,13,13,13
01_13_02_02_0058.bmp,0,2,2,13,5.79,3.562,12.1113,5.0881,7.4469,5.731,5.675,6.0463,5.5202,6.0737,5.9861,6.9491,7.3716,9.4597,11.1214,13,13,13,13,13,13,13,13,13,13,13,13,13,13,13
01_13_02_02_0058.bmp,1,2,2,13,7.4032,4.5738,14.5498,0.8434,9.6063,7.4197,7.4678,7.3144,7.5291,7.6514,7.5585,8.1222,9.4044,10.5948,11.3167,13,13,13,13,15,13,13,13,13,13,13,13,13,13,13
01_13_02_02_0061.bmp,0,2,2,13,4.9796,3.2027,13.4249,5.0233,8.2584,5.0041,5.0057,5.005,5.1875,5.7079,5.5757,6.7359,7.5954,9.1593,11.6792,13,13,13,13,13,13,13,13,13,13,13,13,13,13,13
01_13_02_02_0062.bmp,1,2,2,13,1.77,1.013,4.3138,0.0,3.3624,1.8327,1.9934,1.8636,1.9642,2.4246,2.627,4.6546,4.9505,7.0761,9.7014,15,13,15,15,15,15,15,15,15,15,15,15,15,13,13
01_13_02_02_0063.bmp,1,2,2,13,1.4005,1.2,11.7301,1.9774,2.6431,1.4775,1.4303,1.559,1.7644,2.1355,2.2385,3.1674,3.8566,5.6081,7.4734,31,31,12,13,13,31,31,19,13,12,12,12,23,13,23
01_13_02_02_0064.bmp,1,2,2,13,1.2328,1.2224,12.2771,1.8818,2.6359,1.289,1.3051,1.4149,1.7411,1.7786,2.2794,3.1585,3.1439,5.3891,7.4225,31,31,25,32,13,31,31,31,31,32,19,12,12,28,40
01_13_02_02_0068.bmp,1,2,2,13,1.3957,1.3564,11.3545,1.9799,2.5797,1.3938,1.4125,1.5291,1.6816,2.2529,2.4751,3.2406,3.6576,5.6338,6.8188,31,31,11,19,13,31,31,31,31,31,31,12,2,13,40
01_13_02_02_0069.bmp,1,2,2,13,1.6283,1.4137,11.1144,2.3819,2.5922,1.5924,1.9159,1.811,1.9557,2.1771,2.5582,3.7048,4.1612,5.1563,8.3802,19,31,7,19,19,19,19,19,19,31,13,12,23,23,40
01_13_02_02_0072.bmp,1,2,2,13,1.7415,1.4429,12.0548,2.506,2.8367,1.7052,1.791,1.9656,2.0592,2.0869,2.5969,3.156,3.9766,5.0592,6.625,31,31,7,19,31,19,19,19,19,19,13,12,13,13,23
01_13_02_02_0073.bmp,1,2,2,13,1.4788,1.2831,10.1767,2.2382,2.4389,1.4433,1.5888,1.6171,1.9817,2.529,2.9013,3.1506,3.8504,5.1906,7.4477,31,31,11,19,31,31,31,19,31,19,12,12,12,12,23
01_13_02_02_0074.bmp,1,2,2,13,1.5239,1.2749,10.4121,2.199,2.7413,1.5101,1.5041,2.0881,1.7422,2.3354,2.6398,3.2717,3.7614,5.6314,7.4565,31,31,13,19,15,31,31,31,31,31,12,12,13,13,13
01_13_02_02_0075.bmp,0,2,2,13,6.3636,4.116,18.2545,3.3852,7.5136,6.3182,6.4292,6.5117,6.7528,7.3245,7.2301,7.1956,8.675,9.5823,12.3456,13,13,13,13,13,13,13,13,13,13,13,13,13,13,13
01_13_02_02_0077.bmp,1,2,2,13,1.7582,1.41,9.5147,2.6,2.78,1.7227,1.8438,2.0395,2.2573,2.2944,2.499,3.5806,3.2913,5.8942,7.4685,31,31,13,19,19,31,31,31,31,19,12,12,12,13,28
01_13_02_02_0078.bmp,1,2,2,13,2.2329,1.8649,12.138,3.2717,3.6852,2.1929,2.4022,2.3422,2.5455,2.6127,2.9394,3.5255,3.6045,5.4409,7.1294,31,31,11,19,13,31,31,31,31,13,12,12,12,13,13
01_13_02_02_0081.bmp,0,2,2,13,5.2287,3.0872,18.4624,0.3953,8.6946,5.3209,5.4299,5.2585,5.5689,5.7108,6.4952,7.0047,8.1492,9.9152,10.6054,13,13,13,13,13,13,13,13,13,13,13,13,13,13,13
01_13_02_02_0083.bmp,0,2,2,13,5.3643,3.6506,18.635,1.1581,7.4829,5.4918,5.4737,5.4106,5.5224,5.9929,6.2637,7.0107,8.3158,9.5033,9.9149,13,13,13,13,13,13,13,13,13,13,13,13,13,13,13
01_13_02_02_0084.bmp,0,2,2,13,5.0632,3.1465,16.6847,0.3903,7.4356,5.0063,5.0686,4.9829,4.974,5.313,5.7283,6.1821,7.2802,9.097,10.7475,13,13,13,13,13,13,13,13,13,13,13,13,13,13,13
01_13_02_02_0085.bmp,0,2,2,13,4.6007,3.0907,17.9208,0.3953,7.1179,4.7636,4.7037,4.9081,4.7845,5.0546,5.5526,6.2048,6.8196,9.214,11.013,13,13,13,13,13,13,13,13,13,13,13,13,13,13,13
01_13_02_02_0088.bmp,0,2,2,13,5.027,2.8331,15.2592,0.1875,6.2047,4.8424,4.9138,5.0833,4.9224,5.7477,5.2157,6.463,6.7667,9.2079,10.6935,13,13,13,13,13,13,13,13,13,13,13,13,13,13,13
01_13_02_02_0093.bmp,0,2,2,13,5.2422,2.9402,9.0903,0.1875,7.0709,5.3169,5.2547,5.2188,5.1716,5.5871,6.1316,6.5151,7.5312,8.8926,11.3981,13,13,13,13,13,13,13,13,13,13,13,13,13,13,13
01_13_02_02_0093.bmp,1,2,2,13,2.4001,1.8437,10.3564,3.6667,4.1489,2.4622,2.6941,2.528,2.4902,3.1283,2.9774,3.5435,4.2636,6.6923,7.8805,31,31,13,19,15,31,31,31,31,12,12,12,12,12,40
01_13_02_02_0095.bmp,1,2,2,13,2.2503,1.7056,10.2871,3.4404,3.7745,2.3118,2.3796,2.4662,2.8627,2.3321,3.1359,3.3378,4.504,6.5623,7.4086,31,31,13,13,15,31,31,31,31,12,12,12,12,12,12
01_13_02_02_0097.bmp,0,2,2,13,3.5095,2.0478,7.6545,0.3903,7.9564,3.4956,3.5987,3.4518,3.8106,4.001,4.5842,5.6387,5.9368,8.7776,9.9174,13,13,13,13,13,13,13,13,13,13,13,13,13,13,13
01_13_02_02_0097.bmp,1,2,2,13,2.2554,1.6969,10.4525,3.3064,3.8615,2.2954,2.2096,2.6137,2.4806,2.5501,3.0359,3.7829,5.3073,7.1134,7.4822,31,31,12,13,13,12,12,12,12,12,12,12,12,23,40
01_13_02_02_0098.bmp,1,2,2,13,2.599,1.9075,10.7968,3.9182,3.9116,2.5373,2.5329,2.7116,3.0504,2.9071,3.5612,4.6466,5.3002,6.7205,9.0099,12,31,13,12,13,12,12,12,12,12,12,12,12,12,23
01_13_02_02_0100.bmp,1,2,2,13,2.7131,2.0824,8.5324,4.1321,4.5254,2.8013,2.9141,2.7707,3.2387,3.157,3.3942,3.9378,5.0441,6.5499,7.2092,12,31,32,12,15,12,12,12,12,12,12,12,12,12,23
01_13_02_02_0101.bmp,1,2,2,13,2.5305,1.9135,7.4291,3.7947,4.3492,2.5454,2.6151,2.6388,3.0514,2.9796,3.4685,4.4638,4.394,6.3788,7.6766,31,31,32,12,15,31,31,12,12,12,12,12,12,12,40
01_13_02_02_0102.bmp,1,2,2,13,2.7717,2.0821,8.2911,4.1222,4.4656,2.8156,2.857,2.9675,2.7463,3.5665,3.398,4.3365,4.6324,6.6891,8.3185,31,31,32,12,13,31,31,12,12,12,12,12,12,12,12
01_13_02_02_0105.bmp,0,2,2,13,7.0399,3.9169,7.0891,1.5989,14.1287,7.0231,6.9357,7.0622,6.818,7.3426,6.9217,6.9437,7.8232,9.9644,11.1882,13,13,13,13,13,13,13,13,13,13,13,13,13,13,13
01_13_02_02_0106.bmp,0,2,2,13,2.8569,1.5218,4.1665,1.3544,13.958,2.8728,2.8817,2.8642,3.312,3.2795,3.4253,4.3758,5.8895,8.6333,10.2027,13,13,13,13,13,13,13,13,13,13,13,13,13,13,13
01_13_02_02_0108.bmp,1,2,2,13,3.7968,2.8496,13.908,5.6889,5.0279,3.8139,3.8605,4.0521,4.0464,4.0015,5.1213,5.3618,6.5003,8.493,11.1889,32,32,42,32,32,32,32,32,32,32,12,12,13,13,20
01_13_02_02_0109.bmp,1,2,2,13,2.4991,1.8711,13.4071,3.7201,6.5087,2.5849,2.4956,2.6347,3.0217,3.177,3.5845,4.6342,6.6462,7.4048,10.6377,13,12,13,13,17,13,13,13,13,13,12,12,12,40,40
01_13_02_02_0110.bmp,0,2,2,13,2.8013,1.6891,4.0286,1.7214,9.159,2.7135,2.8245,3.0485,2.9529,3.2067,3.3854,4.9676,5.121,8.4499,11.1897,13,13,13,13,13,13,13,13,13,13,13,13,13,13,13
01_13_02_02_0114.bmp,0,2,2,13,3.6397,3.0213,9.7566,5.2758,6.2043,3.5943,3.5466,3.1599,3.8164,3.6588,3.8033,4.6413,5.1077,6.1737,8.2428,12,31,7,12,12,12,12,12,12,12,12,12,13,12,40
01_13_02_02_0116.bmp,1,2,2,13,4.4472,3.1873,10.1088,6.568,5.447,4.4127,4.4574,4.3499,4.7544,4.4563,4.7426,6.0159,6.9291,9.9774,11.3494,13,31,13,13,15,13,13,13,13,12,12,12,12,25,13
01_13_02_02_0120.bmp,0,2,2,13,5.1281,3.8467,10.5995,7.4494,7.1551,5.0639,5.2441,4.875,5.1791,5.1099,5.1415,5.1983,5.3715,6.1739,8.8409,12,31,7,12,12,12,12,12,12,12,12,12,12,40,25
01_13_02_02_0122.bmp,0,2,2,13,5.4905,4.3649,8.1352,6.7908,7.8441,5.5801,5.3231,5.4637,5.387,5.3515,5.3487,5.6056,6.144,8.4222,9.368,12,31,32,12,12,12,12,12,12,12,12,12,12,40,40
01_13_02_02_0124.bmp,1,2,2,13,4.7103,3.4805,11.1186,6.6782,5.8391,4.6842,4.6537,4.7983,5.0274,5.2716,5.4381,6.2703,7.47,9.5877,11.7155,13,31,0,13,15,13,12,13,12,12,12,12,12,12,25
01_13_02_02_0125.bmp,1,2,2,13,4.7173,3.5293,10.4957,6.8552,5.7563,4.7604,4.8082,4.7009,5.0774,5.0773,5.5271,5.9821,7.4727,10.0225,11.6945,13,31,12,13,15,13,13,13,13,12,12,12,12,12,12
01_13_02_02_0126.bmp,0,2,2,13,3.4064,3.7829,8.7902,1.2451,3.9274,3.5359,3.502,3.65,3.7082,4.2498,4.5767,5.7869,6.5303,9.1575,11.5873,32,32,13,4,32,32,32,32,12,13,13,13,13,40,40
01_13_02_02_0128.bmp,0,2,2,13,2.2665,3.0942,11.0518,0.196,2.6337,2.3867,2.6637,2.4945,2.7556,3.4954,4.2762,5.5849,7.027,8.9066,11.2291,13,32,13,32,13,13,13,13,13,13,13,13,13,13,40
01_13_02_02_0130.bmp,0,2,2,13,2.7454,3.5843,11.1574,0.196,3.079,2.7943,2.991,2.8983,3.1219,3.5026,4.6922,5.2358,6.2801,8.6288,10.5807,32,32,13,32,32,32,32,32,13,13,13,13,13,13,40
01_13_02_02_0130.bmp,1,2,2,13,4.6422,3.4434,11.0978,6.7677,6.0492,4.6505,4.8144,4.835,4.9526,5.0444,5.7303,6.0618,7.0023,9.8678,10.5317,13,31,13,13,15,13,13,13,12,12,12,12,12,12,13
01_13_02_02_0133.bmp,1,2,2,13,5.1732,3.6638,15.3575,7.4502,6.6035,5.1081,5.2456,5.3947,5.5277,6.3445,7.0059,8.7537,10.4415,14.3443,18.7057,13,13,13,13,13,13,13,13,12,12,12,12,13,13,40
01_13_02_02_0134.bmp,1,2,2,13,4.7812,3.5708,13.2865,6.9986,6.1013,4.7969,4.9094,4.9897,5.2,5.2328,6.0827,7.2368,8.2364,10.7686,14.2003,13,31,13,13,15,13,13,13,13,13,12,12,12,25,40
01_13_02_02_0136.bmp,1,2,2,13,5.0212,3.5476,11.9934,7.4247,6.4532,5.0894,5.1357,5.0329,4.9963,5.3831,5.4927,6.445,7.5842,8.6716,12.2278,13,13,13,13,13,13,13,13,13,13,12,13,12,12,40
01_13_02_02_0137.bmp,0,2,2,13,1.7742,2.375,9.3807,0.0,1.9037,1.7877,1.9799,2.4652,2.9297,3.2978,3.804,5.5447,7.2761,9.0109,10.7243,32,13,13,32,32,32,32,13,13,13,13,13,13,13,13
01_13_02_02_0141.bmp,1,2,2,13,4.8739,3.2388,13.0407,7.3407,7.43,4.9314,5.0228,5.2077,5.1183,5.4418,5.9102,6.7548,8.0695,10.0797,12.2236,13,13,13,13,13,13,13,13,13,13,13,13,13,12,40
01_13_02_02_0143.bmp,1,2,2,13,4.6641,3.0456,13.1675,7.0159,7.0685,4.7768,4.776,4.8995,5.0544,5.1971,5.8185,6.4901,7.8071,10.3764,12.4835,13,13,13,13,13,13,13,13,13,13,13,13,13,13,40
01_13_02_02_0144.bmp,0,2,2,13,1.0998,1.7775,5.9328,0.0,1.2661,1.1579,1.3665,1.7158,2.1509,2.7243,3.5656,4.7753,6.2821,8.4289,10.4106,13,13,13,13,13,13,13,13,13,13,13,13,13,13,13
01_13_02_02_0146.bmp,1,2,2,13,4.4177,3.0009,13.2788,6.6299,7.0769,4.5172,4.481,4.5474,4.8859,4.8375,5.2658,6.5116,7.4879,9.9283,12.3735,13,13,13,13,13,13,13,13,13,13,13,12,12,13,40
01_13_02_02_0147.bmp,0,2,2,13,1.6429,2.6728,5.6788,0.0,1.7048,1.685,1.9183,2.1359,2.4741,3.0188,4.0404,5.1565,6.5308,8.2897,10.4213,32,13,13,13,13,13,13,13,13,13,13,13,13,13,13
01_13_02_02_0148.bmp,1,2,2,13,4.6172,3.0926,13.5098,6.9705,7.2531,4.6164,4.7656,4.7821,4.8722,5.2265,5.6943,6.8149,7.7897,10.304,12.8314,13,13,13,13,13,13,13,13,13,13,13,13,13,13,40
01_13_02_02_0150.bmp,0,2,2,13,1.4039,2.4293,5.7487,0.0,1.5501,1.4904,1.6144,1.9892,2.3847,3.1106,3.7968,5.6734,6.4995,8.5718,10.6176,13,13,13,13,13,13,13,13,13,13,13,13,13,13,13
01_13_02_02_0153.bmp,0,2,2,13,1.2265,2.2229,4.9169,0.0,1.4892,1.285,1.5362,1.9263,2.1595,3.0624,3.6177,5.6174,6.7106,8.398,10.1402,13,13,13,13,13,13,13,13,13,13,13,13,13,13,13
01_13_02_02_0154.bmp,0,2,2,13,1.4805,2.7214,3.9828,0.0,1.6841,1.6038,1.8116,2.0375,2.3815,2.9352,3.6935,5.3662,6.4196,8.9048,10.7442,13,13,13,13,13,13,13,13,13,13,13,13,13,13,13
01_13_02_02_0156.bmp,0,2,2,13,1.6269,2.9734,5.0398,0.0,1.984,1.6039,1.9308,1.9888,2.3617,2.8661,3.4618,4.6795,5.6057,7.2752,9.6011,13,13,13,13,13,13,13,13,13,13,13,13,13,13,13
01_13_02_02_0157.bmp,0,2,2,13,1.3013,2.2632,3.8375,0.0,1.6957,1.3199,1.6009,1.718,2.0965,3.0858,3.8829,5.5511,6.3368,8.4935,10.1836,13,13,13,13,13,13,13,13,13,13,13,13,13,13,13
01_13_02_02_0158.bmp,1,2,2,13,4.6827,3.079,12.9613,6.9577,7.7705,4.7052,4.7472,4.7889,4.9956,5.1391,5.7028,6.5119,7.0414,11.1028,12.8248,13,13,13,13,13,13,13,13,13,13,13,13,13,13,40
01_13_02_02_0160.bmp,1,2,2,13,4.7434,3.0572,13.5528,6.9953,7.9607,4.679,4.7097,4.9066,5.1313,5.2881,5.4537,6.3541,7.7247,10.1901,12.8806,13,13,13,13,13,13,13,13,13,13,13,13,13,13,40
01_13_02_02_0161.bmp,0,2,2,13,1.7293,3.3319,4.0466,0.0,1.8318,1.8605,2.0294,2.1032,2.3098,3.165,3.6722,5.2215,6.2315,7.9747,10.1676,13,13,13,13,13,13,13,13,13,13,13,13,13,13,13
01_13_02_02_0163.bmp,0,2,2,13,1.7238,3.2309,3.6725,0.0,1.7394,1.7416,1.9387,2.1217,2.3779,3.2176,3.6017,5.239,5.7154,7.6772,9.1267,13,13,13,13,13,13,13,13,13,13,13,13,13,13,13
01_13_02_02_0170.bmp,0,2,2,13,2.1124,1.7887,10.0506,3.1546,4.2465,2.0764,1.9449,2.1885,2.1943,2.6935,2.5063,3.501,3.7181,5.2348,6.5237,31,31,11,13,31,31,31,31,31,12,12,12,13,13,13
01_13_02_02_0172.bmp,0,2,2,13,2.8819,2.328,10.1511,4.2022,6.5788,2.8643,2.7785,2.9084,2.8003,3.0654,2.6578,2.98,3.364,5.0618,6.3524,31,31,32,12,13,31,31,31,12,12,12,12,12,13,40
01_13_02_02_0172.bmp,1,2,2,13,3.9383,2.786,11.6751,5.5564,7.3931,3.9716,4.068,4.1658,4.3199,4.9275,5.3826,6.2997,7.9129,10.051,11.9679,13,13,13,13,13,13,13,13,13,13,13,13,13,40,40
01_13_02_02_0173.bmp,1,2,2,13,6.2642,4.3704,14.8133,9.3715,9.1804,6.2346,6.1861,6.4705,6.3531,6.5874,7.254,8.4188,9.1405,11.0307,13.9024,13,13,13,13,13,13,13,13,13,13,13,13,13,40,13
01_13_02_02_0174.bmp,1,2,2,13,5.6433,4.3743,13.5066,7.8044,8.6707,5.591,5.5533,5.5512,5.7167,5.7446,6.2345,7.1514,8.3048,10.5332,13.2181,13,13,13,13,15,13,13,13,13,13,13,13,13,13,40
01_13_02_02_0175.bmp,0,2,2,13,2.2977,2.0168,11.0787,3.5272,5.5689,2.3036,2.1926,2.6613,2.7456,2.5792,2.8189,2.9406,3.8071,5.5787,7.4251,31,31,1,19,17,31,31,31,12,12,13,12,12,12,23
01_13_02_02_0175.bmp,1,2,2,13,5.5184,3.8413,14.8342,8.0424,9.0,5.4773,5.5601,5.7247,5.8048,6.1039,6.1038,7.6232,8.7223,11.1167,13.4997,13,13,13,13,15,13,13,13,13,13,13,13,13,13,13
01_13_02_02_0178.bmp,0,2,2,13,2.7149,2.2853,10.0827,4.06,6.7199,2.7462,2.5486,2.7795,2.6575,2.9594,2.7799,3.4411,4.1281,5.6757,5.9125,31,31,1,13,31,31,31,31,31,13,13,12,12,25,34
01_13_02_02_0178.bmp,1,2,2,13,4.3748,2.7818,12.6567,6.382,7.9576,4.4162,4.4094,4.6407,4.7274,4.8683,5.4352,6.4897,7.429,10.0319,13.0293,13,13,13,13,13,13,13,13,13,13,13,13,13,12,13
01_13_02_02_0179.bmp,0,2,2,13,2.9644,2.3279,10.4603,4.3776,0.0,3.079,2.7925,2.8156,2.6915,2.8724,3.2752,3.2005,4.0346,4.6754,6.3066,31,31,13,31,0,31,19,31,31,12,13,12,12,12,23
01_13_02_02_0180.bmp,0,2,2,13,2.8995,2.2266,11.298,4.3957,4.9138,2.9413,3.2264,2.5175,3.0348,3.0462,3.1857,3.5127,4.0067,5.0432,6.723,31,31,32,13,13,31,31,31,31,12,19,12,12,13,40
01_13_02_02_0186.bmp,1,2,2,13,4.5383,2.8468,13.0345,5.8422,7.8451,4.4345,4.5484,4.6954,4.693,5.2642,5.7665,6.2718,7.6153,10.0563,13.0203,13,13,13,13,13,13,13,13,13,13,13,13,13,13,13
01_13_02_02_0189.bmp,1,2,2,13,4.4041,2.8915,12.905,5.9119,8.0173,4.4545,4.4588,4.6553,4.7957,5.2048,5.622,6.7635,7.6591,10.7219,12.8464,13,13,13,13,13,13,13,13,13,13,13,13,13,13,40
01_13_02_02_0191.bmp,0,2,2,13,3.3227,2.481,9.5794,5.0326,9.0733,3.2619,3.2736,3.2701,3.3131,3.3323,3.0335,3.2815,4.317,5.4991,7.0179,19,31,32,12,13,32,32,12,12,32,32,12,12,13,40
01_13_02_02_0192.bmp,1,2,2,13,4.4924,2.9028,12.7016,5.7839,7.9352,4.4982,4.7145,4.4909,4.7208,4.9727,5.4309,6.827,7.757,10.8754,12.492,13,13,13,13,13,13,13,13,13,13,13,13,13,13,40
01_13_02_02_0193.bmp,1,2,2,13,4.2553,2.9662,12.5911,5.6598,7.7934,4.3492,4.4343,4.5721,4.708,4.9834,5.4305,6.2754,7.6112,11.4967,11.9843,13,13,13,13,13,13,13,13,13,13,13,13,13,40,40
01_13_02_02_0196.bmp,0,2,2,13,3.2368,2.5422,8.6648,4.8163,6.0483,3.2388,3.1762,3.5451,3.2253,3.1612,3.3816,3.9146,4.2346,5.3423,7.336,32,31,13,12,13,32,12,12,12,12,32,12,13,13,12
01_13_02_02_0197.bmp,0,2,2,13,3.2345,2.421,8.8607,4.8464,5.8974,3.2599,3.1461,3.1783,3.1802,3.2732,3.1534,4.1372,4.5952,5.3437,7.2715,12,31,13,12,12,12,12,12,12,32,32,13,12,12,12
01_13_02_02_0198.bmp,0,2,2,13,3.6682,2.7931,9.0222,5.4374,7.0695,3.6094,3.6362,3.2896,4.1347,3.7393,3.8466,4.0733,4.707,6.2657,6.9493,12,31,13,12,12,12,12,12,32,12,12,12,12,12,13
01_13_02_02_0200.bmp,1,2,2,13,4.3765,2.8023,12.7882,5.6582,8.1725,4.4127,4.4251,4.4594,4.7372,5.1034,5.596,6.7227,7.4959,10.4311,12.504,13,13,13,13,13,13,13,13,13,13,13,13,13,13,40
01_13_02_02_0201.bmp,0,2,2,13,3.9173,2.857,9.1075,5.8037,5.5186,3.81,3.6397,3.9578,3.7767,3.5602,4.2474,4.1094,4.5802,5.6751,7.2239,12,31,13,12,12,12,12,12,12,12,12,12,12,12,40
01_13_02_02_0202.bmp,0,2,2,13,3.8284,2.7415,8.775,5.679,5.1712,3.7407,3.9567,4.007,3.7789,3.8146,3.9559,4.2806,4.9547,6.3574,6.4781,12,31,13,12,12,12,12,12,12,12,12,12,12,12,40
01_13_02_02_0203.bmp,0,2,2,13,4.0339,2.9492,8.5274,6.0531,8.1064,4.1482,4.0298,4.0945,4.0465,4.0409,4.0489,3.8481,5.2114,6.0976,8.0264,12,31,7,12,12,12,12,12,12,12,12,12,12,13,40
01_13_02_02_0204.bmp,0,2,2,13,3.8773,2.7988,8.0742,5.7499,5.6916,3.9757,3.9653,4.0115,3.8292,3.7406,4.6695,4.244,4.4751,5.8021,7.526,12,31,13,12,12,12,12,12,12,12,12,12,13,12,12
01_13_02_02_0204.bmp,1,2,2,13,4.4075,2.907,13.1063,5.6516,8.2597,4.5811,4.4552,4.5367,4.7279,5.0371,5.687,6.8513,8.0036,10.4995,12.5474,13,13,13,13,13,13,13,13,13,13,13,13,13,40,40
01_13_02_02_0208.bmp,1,2,2,13,4.419,2.8795,12.9138,5.6763,8.162,4.4567,4.5875,4.6045,4.8352,4.9415,5.7643,6.624,7.8697,10.2547,13.3377,13,13,13,13,13,13,13,13,13,13,13,13,13,12,40
01_13_02_02_0210.bmp,1,2,2,13,4.5152,2.9638,13.2364,5.7433,8.1114,4.622,4.5717,4.6972,4.7251,5.1111,5.7235,6.7191,7.5549,10.2852,12.5197,13,13,13,13,13,13,13,13,13,13,13,13,13,40,13
01_13_02_02_0215.bmp,0,2,2,13,3.4811,3.333,9.1692,4.3593,6.1479,3.4664,3.4032,3.5815,3.6321,4.2953,4.3074,5.7864,7.055,7.91,10.7249,32,13,13,13,18,32,32,13,32,13,13,13,13,13,40
01_13_02_02_0217.bmp,0,2,2,13,3.0847,2.965,10.0533,3.651,4.1223,3.1403,3.3056,3.3338,3.3774,3.8848,4.9311,5.4762,7.2038,9.4889,11.8059,32,13,13,32,15,32,32,32,32,32,13,13,13,40,40
01_13_02_02_0220.bmp,1,2,2,13,4.3225,2.8271,13.0248,5.7252,8.1076,4.4067,4.5887,4.5314,4.7024,4.9278,5.5849,6.5284,7.5178,10.0633,13.1629,13,13,13,13,13,13,13,13,13,13,13,13,13,13,40
01_13_02_02_0222.bmp,0,2,2,13,4.1905,3.9756,12.2937,4.7028,5.0048,4.1601,4.1718,4.27,4.6741,5.1394,6.1461,6.8761,9.2839,12.6487,15.0307,15,13,13,15,15,32,32,13,32,13,13,13,13,40,40
01_13_02_02_0223.bmp,1,2,2,13,4.5129,2.8658,13.6183,5.7555,8.2521,4.5256,4.5002,4.6518,4.8411,4.9499,5.705,6.8126,8.0454,10.0706,12.8185,13,13,13,13,13,13,13,13,13,13,13,13,13,13,13
01_13_02_02_0224.bmp,0,2,2,13,3.428,3.2901,9.6994,3.3581,4.0209,3.4989,3.551,3.5773,3.7413,4.3335,4.2858,5.5616,6.3992,9.4593,11.4644,32,13,13,15,15,32,32,32,32,32,13,13,13,13,13
01_13_02_02_0224.bmp,1,2,2,13,4.3442,2.893,13.0527,5.7213,7.8746,4.3374,4.3697,4.5364,4.7141,4.957,5.3776,6.6012,7.8124,11.0548,13.0307,13,13,13,13,13,13,13,13,13,13,13,13,13,13,40
01_13_02_02_0228.bmp,1,2,2,13,4.4801,2.9721,12.692,5.6716,8.2977,4.4877,4.6552,4.6379,4.8226,5.184,5.7275,6.6761,7.7472,11.3366,13.2112,13,13,13,13,13,13,13,13,13,13,13,13,13,40,13
01_13_02_02_0229.bmp,1,2,2,13,4.4852,2.877,13.3644,5.7216,8.3035,4.5391,4.57,4.8038,4.9313,5.37,5.4889,6.809,7.7327,10.9738,12.8632,13,13,13,13,13,13,13,13,13,13,13,13,13,13,40
01_13_02_02_0230.bmp,0,2,2,13,3.0044,3.2745,9.5324,2.2497,3.1769,2.9956,3.2517,3.2204,3.5576,3.9105,4.8086,5.3302,7.3869,9.5969,12.7555,15,13,13,15,15,13,13,13,13,13,13,13,13,13,13
01_13_02_02_0231.bmp,1,2,2,13,4.6328,2.8733,13.5805,5.0823,8.3628,4.654,4.7068,4.852,4.8484,5.0505,5.8671,6.519,7.8097,10.542,13.2948,13,13,13,13,13,13,13,13,13,13,13,13,13,40,40
01_13_02_02_0232.bmp,0,2,2,13,3.0336,3.4371,8.7696,1.4101,2.962,3.0176,3.0615,3.2335,3.3615,3.6697,4.6716,5.6944,7.0221,9.1029,11.2784,13,13,13,15,15,13,13,13,13,13,13,13,13,13,13
01_13_02_02_0232.bmp,1,2,2,13,4.7525,2.8785,13.7706,5.0855,8.7132,4.8163,4.9372,4.8688,4.9231,5.3421,5.7582,6.8852,7.8207,10.5068,12.5542,13,13,13,13,13,13,13,13,13,13,13,13,13,12,40
01_13_02_02_0235.bmp,1,2,2,13,4.8404,2.827,13.6337,5.0905,8.8036,4.8407,4.7937,4.9762,5.1661,5.3753,5.7765,7.2554,8.1915,10.8507,13.3746,13,13,13,13,13,13,13,13,13,13,13,13,13,13,13
01_13_02_02_0236.bmp,0,2,2,13,3.5668,3.7637,9.5181,1.7696,3.5953,3.4897,3.6535,3.8079,3.7739,4.1404,4.878,6.1092,7.4646,11.0313,11.8328,13,13,13,15,13,13,13,13,13,13,13,13,13,13,13
01_13_02_02_0237.bmp,0,2,2,13,3.8335,3.9672,9.8426,2.4666,4.0628,3.7964,3.795,3.8702,4.2712,4.3695,4.8747,5.4425,6.5824,8.9967,11.2495,13,13,13,13,13,13,13,13,13,13,13,13,13,13,13
01_13_02_02_0240.bmp,0,2,2,13,3.9878,4.2608,12.8316,4.7312,7.1945,4.0379,4.0211,4.1917,4.1612,4.7647,5.405,5.8966,7.3986,10.2155,12.6445,13,13,13,15,7,13,13,13,13,13,13,13,13,13,13
01_13_02_02_0241.bmp,1,2,2,13,4.4902,2.8531,13.7263,5.0563,8.6621,4.5636,4.624,4.751,4.8548,5.0632,5.843,6.7884,7.9254,10.6685,12.9985,13,13,13,13,13,13,13,13,13,13,13,13,13,13,13
01_13_02_02_0245.bmp,1,2,2,13,4.6788,2.915,12.3677,5.1949,8.3886,4.6372,4.7022,4.6939,4.9286,5.3027,5.5839,7.0041,8.4212,10.3634,12.6085,13,13,13,13,13,13,13,13,13,13,13,13,13,13,40
01_13_02_02_0246.bmp,1,2,2,13,4.5272,2.9074,12.5658,5.5748,8.6031,4.6338,4.7571,4.7135,5.0445,5.3625,5.7024,6.8627,8.1558,10.6659,13.2974,13,13,13,13,13,13,13,13,13,13,13,13,13,13,40
01_13_02_02_0247.bmp,0,2,2,13,2.2837,2.1805,12.0382,2.3658,5.839,2.3456,2.47,2.6401,2.9892,3.8425,4.4477,5.2836,7.1256,10.8939,13.1661,13,13,13,13,13,13,13,13,13,13,13,13,13,13,13
01_13_02_02_0247.bmp,1,2,2,13,4.6745,2.9412,12.2389,5.4822,8.3727,4.6407,4.833,4.8113,5.0005,5.4357,5.6617,6.8015,7.7931,10.7777,13.7363,13,13,13,13,13,13,13,13,13,13,13,13,13,13,13
01_13_02_02_0248.bmp,0,2,2,13,3.1344,3.3555,9.5148,2.94,8.88,3.1483,3.2767,3.5017,3.8085,4.3524,4.8995,6.6576,8.1224,11.4915,13.9454,13,13,13,13,13,13,13,13,13,13,13,13,13,13,13
01_13_02_02_0249.bmp,0,2,2,13,2.957,3.2136,8.7296,2.5205,8.2504,2.9364,2.9584,3.3159,3.3352,3.8042,4.9027,5.939,7.1494,9.8777,12.8619,13,13,13,13,13,13,13,13,13,13,13,13,13,13,13
01_13_02_02_0250.bmp,0,2,2,13,2.6002,2.9288,7.871,2.2878,6.4055,2.6726,2.8089,2.9024,3.1727,3.6985,4.4698,6.3883,7.2755,10.2132,12.2926,13,13,13,13,13,13,13,13,13,13,13,13,13,13,13
01_13_02_02_0250.bmp,1,2,2,13,4.6767,2.9726,12.5152,5.5101,8.3982,4.7549,4.8541,4.9277,4.7594,5.402,5.8276,6.7171,7.6269,10.2126,13.0025,13,13,13,13,13,13,13,13,13,13,13,13,13,13,40
01_13_02_02_0252.bmp,1,2,2,13,4.6039,2.8744,13.185,5.3948,8.2806,4.519,4.702,4.868,4.9185,5.1872,5.749,6.7523,8.1317,11.0928,13.7695,13,13,13,13,13,13,13,13,13,13,13,13,13,13,13
01_13_02_02_0256.bmp,0,2,2,13,2.8936,2.6129,7.2923,2.8159,10.1242,2.9484,3.0394,3.0314,3.2732,4.0552,4.4451,6.3293,7.3906,10.4618,12.5899,13,13,13,13,13,13,13,13,13,13,13,13,13,13,13
01_13_02_02_0256.bmp,1,2,2,13,4.5912,2.9679,13.2906,5.5145,8.5914,4.6555,4.6309,4.6124,4.815,5.0109,5.4514,6.7716,8.1793,10.6602,13.2366,13,13,13,13,13,13,13,13,13,13,13,13,13,13,13
01_13_02_02_0257.bmp,0,2,2,13,2.9025,2.3498,8.0625,3.0171,10.4401,2.8752,3.0359,3.1258,3.5859,4.1949,4.7378,5.7912,7.6318,10.8529,13.4525,13,13,13,13,13,13,13,13,13,13,13,13,13,13,13
01_13_02_02_0257.bmp,1,2,2,13,4.5256,2.8554,12.6404,5.2749,8.5248,4.5977,4.5301,4.6519,4.8854,5.4039,5.3538,6.9601,7.644,10.5732,13.0349,13,13,13,13,13,13,13,13,13,13,13,13,13,13,40
01_13_02_02_0260.bmp,0,2,2,13,2.8582,2.935,11.4738,3.779,9.1644,2.9119,2.9135,3.1187,3.4234,3.9592,4.6085,6.6199,8.1264,10.8247,13.0638,13,13,13,13,13,13,13,13,13,13,13,13,13,13,13
01_13_02_02_0261.bmp,0,2,2,13,3.1006,2.3241,11.839,3.1006,8.4368,3.1857,3.0918,3.4474,3.6172,3.8727,4.5573,5.9499,7.6703,10.4748,12.5595,13,13,13,13,13,13,13,13,13,13,13,13,13,13,13
01_13_02_02_0262.bmp,1,2,2,13,4.5514,2.9623,13.0998,5.2461,8.4339,4.6399,4.757,4.7151,5.064,5.3494,6.0043,6.265,7.5773,10.3658,12.7801,13,13,13,13,13,13,13,13,13,13,13,13,13,12,40
01_13_02_02_0263.bmp,0,2,2,13,2.8967,1.9378,7.7324,2.6354,7.546,2.977,3.0733,3.1607,3.2612,3.877,4.4553,5.6716,7.1021,10.4631,12.8521,13,13,13,13,13,13,13,13,13,13,13,13,13,13,13
01_13_02_02_0271.bmp,0,2,2,13,4.5448,2.8875,13.1049,5.4128,8.4593,4.5828,4.7586,4.6885,4.861,5.1251,5.5433,7.0031,8.2809,10.1061,12.6628,13,13,13,13,13,13,13,13,13,13,13,13,13,13,40
01_13_02_02_0272.bmp,0,2,2,13,4.5957,2.8262,14.1284,5.4511,8.1941,4.6374,4.7582,4.7216,4.7835,4.9922,5.5799,6.5613,7.8858,10.164,13.4116,13,13,13,13,13,13,13,13,13,13,13,13,13,13,13
01_13_02_02_0274.bmp,0,2,2,13,4.6636,2.8489,12.9249,5.363,8.3254,4.6551,4.8274,4.8043,4.977,5.1577,5.8324,6.9346,8.055,10.1889,13.0142,13,13,13,13,13,13,13,13,13,13,13,13,13,12,13
01_13_02_02_0277.bmp,0,2,2,13,4.6813,2.9574,13.1037,5.5961,8.5001,4.6562,4.6295,4.8246,4.885,5.4235,5.7464,6.8092,8.3223,10.2878,12.9801,13,13,13,13,13,13,13,13,13,13,13,13,13,13,13
01_13_02_02_0281.bmp,0,2,2,13,4.5143,2.8506,13.3702,5.4879,8.3125,4.4768,4.5766,4.657,4.7566,5.1364,5.4107,6.3578,7.9199,10.695,12.4317,13,13,13,13,13,13,13,13,13,13,13,13,13,13,12
01_13_02_02_0282.bmp,0,2,2,13,4.7183,2.822,12.5431,5.3837,8.2602,4.7144,4.7883,4.932,4.7283,5.2818,5.5972,6.6572,7.9134,10.5608,12.9178,13,13,13,13,13,13,13,13,13,13,13,13,13,13,40
01_13_02_02_0285.bmp,0,2,2,13,4.3696,2.7983,12.1158,5.2875,8.2333,4.4312,4.5816,4.5917,4.8072,5.2216,5.5855,6.4883,8.0348,10.6564,12.8782,13,13,13,13,13,13,13,13,13,13,13,13,13,13,40
01_13_02_02_0287.bmp,0,2,2,13,4.572,2.8764,13.0297,5.4649,8.295,4.5953,4.7565,4.638,4.926,5.3682,5.6757,6.697,8.1553,10.5368,12.8009,13,13,13,13,13,13,13,13,13,13,13,13,13,40,40
01_13_02_02_0293.bmp,0,2,2,13,4.4255,2.9125,13.0303,5.7758,8.3056,4.4308,4.4447,4.7637,4.8853,4.9589,5.9056,6.2705,8.1928,10.1797,13.619,13,13,13,13,13,13,13,13,13,13,13,13,13,12,40
01_13_02_02_0296.bmp,0,2,2,13,4.6762,2.8873,13.1351,5.9528,8.934,4.6276,4.8179,4.7608,5.0689,5.3615,5.8747,6.715,8.1921,10.3616,12.6378,13,13,13,13,13,13,13,13,13,13,13,13,13,13,13
01_13_02_02_0299.bmp,0,2,2,13,4.2695,2.6959,12.2989,5.9162,8.0544,4.3564,4.2971,4.4991,4.6842,4.9586,5.5673,6.488,7.5915,10.8654,12.2679,13,13,13,13,13,13,13,13,13,13,13,13,13,40,40
01_13_02_02_0300.bmp,0,2,2,13,4.5517,2.907,12.5123,6.146,8.0815,4.5688,4.6968,4.7983,4.7692,5.1205,5.8125,6.3212,8.625,10.5694,13.6626,13,13,13,13,13,13,13,13,13,13,13,13,13,13,40
01_13_02_02_0301.bmp,0,2,2,13,4.5801,2.8848,12.2826,6.4244,8.481,4.6013,4.4915,4.7389,4.8278,5.2422,5.6411,6.6101,7.897,10.2915,12.9148,13,13,13,13,13,13,13,13,13,13,13,13,13,13,40
01_13_02_02_0303.bmp,0,2,2,13,4.4429,2.9932,12.4675,6.4573,7.8166,4.5438,4.5687,4.6322,4.604,5.1,5.4538,6.4856,8.0247,10.4922,13.7445,13,13,13,13,13,13,13,13,13,13,13,13,13,40,40
01_13_02_02_0311.bmp,0,2,2,13,5.0932,3.1906,13.4477,7.517,9.8645,5.1188,5.0672,5.219,5.3,5.6946,5.9281,6.9093,8.3395,10.7349,12.7624,13,13,13,13,13,13,13,13,13,13,13,13,13,13,13
01_13_02_02_0316.bmp,0,2,2,13,5.44,3.3944,13.6596,8.0386,10.5652,5.4998,5.5443,5.6257,5.7512,6.082,6.379,7.2264,8.7767,11.4,13.323,13,13,13,13,13,13,13,13,13,13,13,13,13,13,40
01_13_02_02_0331.bmp,0,2,2,13,4.524,2.6777,14.4749,5.5019,10.315,4.508,4.6416,4.6849,4.7524,5.2388,6.1408,6.8664,8.4091,10.2462,13.7787,13,13,13,13,13,13,13,13,13,13,13,13,13,13,13
01_13_02_02_0333.bmp,0,2,2,13,4.4398,2.8318,14.9237,5.3896,11.4086,4.4763,4.6331,4.5201,4.8616,5.1417,5.5873,6.8651,8.5021,11.0274,13.1416,13,13,13,13,13,13,13,13,13,13,13,13,13,13,13
01_13_02_02_0334.bmp,0,2,2,13,5.0609,3.2223,15.6226,6.4021,11.4601,5.1367,5.1301,5.1724,5.2591,5.3855,5.6618,6.9376,8.2279,11.3899,13.3518,13,13,13,13,13,13,13,13,13,13,13,13,13,13,13
01_13_02_02_0336.bmp,0,2,2,13,6.2066,4.0576,18.0456,7.9269,12.6068,6.184,6.2801,6.1949,6.4547,6.6184,6.9759,7.933,9.2418,11.409,13.3854,13,13,13,13,13,13,13,13,13,13,13,13,13,13,13
01_13_02_02_0337.bmp,0,2,2,13,6.2252,4.2737,18.809,7.3834,12.8234,6.289,6.2443,6.2658,6.5033,6.7296,6.8716,8.0841,8.8439,12.4798,13.7083,13,13,13,13,13,13,13,13,13,13,13,13,13,13,13
01_13_02_02_0343.bmp,0,2,2,13,6.4709,4.0926,17.3243,8.5894,18.9876,6.4853,6.528,6.5412,6.6834,6.9054,7.3376,8.0272,9.7106,11.7833,14.646,13,13,13,13,13,13,13,13,13,13,13,13,13,13,13
01_13_02_02_0344.bmp,0,2,2,13,6.8928,4.3864,18.1995,9.17,18.9921,6.9124,6.9979,7.173,7.014,7.5469,7.9781,8.4643,9.2824,10.8233,14.0226,13,13,13,13,13,13,13,13,13,13,13,13,13,13,13
01_13_02_02_0348.bmp,0,2,2,13,9.3259,5.4067,20.3484,7.0352,22.8252,9.304,9.2706,9.3548,9.3141,9.5651,9.8613,9.6942,10.7454,12.4336,14.667,13,13,13,13,13,13,13,13,13,13,13,13,13,13,13
01_13_02_02_0352.bmp,0,2,2,13,7.3219,5.254,16.011,9.4302,10.1844,7.2896,7.1889,7.3139,7.4468,7.7821,7.9742,9.2848,11.0572,13.7674,17.8549,13,13,13,13,7,13,13,13,13,13,13,13,13,13,13
01_13_02_02_0353.bmp,0,2,2,13,6.7109,5.1225,21.8211,9.9881,9.3891,6.7924,6.6634,6.885,7.1093,7.5883,7.5925,8.3169,9.5356,11.8901,15.3142,13,13,13,13,7,13,13,13,13,13,13,13,13,13,13
01_13_02_02_0357.bmp,0,2,2,13,2.8861,3.3528,12.5866,4.042,3.834,2.9195,3.0463,3.2223,3.3407,4.0643,4.3894,6.0918,7.4197,9.2649,13.5017,15,13,15,15,15,15,15,15,15,15,15,13,13,13,13
01_13_02_02_0358.bmp,0,2,2,13,3.0984,3.3378,12.9627,4.0001,3.8375,3.0933,3.0735,3.2168,3.3393,3.8155,4.9892,5.9826,7.3633,11.2085,13.6695,15,13,13,15,15,15,15,15,15,13,13,13,13,13,13
01_13_02_02_0365.bmp,0,2,2,13,2.4522,2.445,9.3284,2.0162,3.2609,2.5581,2.6885,2.833,3.1267,3.5921,4.4663,5.4846,6.9915,9.411,12.9747,15,13,13,15,15,15,15,15,15,15,13,13,13,13,13
01_13_02_02_0373.bmp,0,2,2,13,3.2052,3.678,9.1738,2.5062,4.8397,3.2623,3.3849,3.4563,3.4837,4.011,4.6608,5.2933,7.3924,9.2675,11.8884,13,13,13,15,13,13,13,13,13,13,13,13,13,13,13
01_13_02_02_0384.bmp,0,2,2,13,1.4684,0.965,7.2604,2.0441,7.1683,1.5354,1.7861,2.1577,2.3991,3.0351,3.9703,5.437,7.2524,10.8479,13.2718,15,15,7,15,15,15,15,15,15,15,15,15,8,13,13
01_13_02_02_0385.bmp,0,2,2,13,2.0575,3.4315,6.8323,4.4192,8.1315,2.0254,2.1041,2.329,2.6369,2.9831,3.378,5.2669,6.7191,8.9312,11.192,8,15,8,8,8,8,8,8,8,8,8,8,8,8,8
01_13_02_02_0386.bmp,0,2,2,13,1.8895,1.4074,10.038,2.7719,3.9107,1.8794,1.9127,2.0745,1.8034,2.3481,2.451,2.7554,3.83,4.6104,7.0841,31,31,11,12,18,31,31,31,12,12,12,12,12,25,13
01_13_02_02_0387.bmp,0,2,2,13,1.7874,1.3242,10.5258,2.6998,3.4316,1.8142,1.7696,1.8413,1.6849,2.3468,2.1795,3.0456,3.7382,4.8495,6.1098,19,31,11,12,36,19,12,12,19,12,12,12,40,12,13
01_13_02_02_0389.bmp,0,2,2,13,1.5906,1.2535,11.3119,2.3415,2.7827,1.767,1.719,1.6052,1.7154,2.2113,2.2282,3.1569,3.5723,5.1018,4.8891,12,31,16,12,13,12,12,12,12,12,12,12,12,12,34
01_13_02_02_0391.bmp,0,2,2,13,1.9674,1.4202,11.478,2.8132,3.2958,1.8793,1.6545,2.04,2.0698,2.1092,2.0514,3.1068,3.1823,4.5122,5.3881,12,31,32,12,13,12,12,12,12,12,12,12,12,25,4
01_13_02_02_0402.bmp,0,2,2,13,1.9708,1.4425,8.3177,3.0065,3.4139,1.9841,2.0457,2.0117,2.3095,2.4251,2.3879,3.0295,3.7979,5.3072,7.1995,12,31,16,12,12,12,12,12,12,12,12,12,12,12,40
01_13_02_02_0404.bmp,0,2,2,13,1.9669,1.3707,8.523,2.9027,3.5022,1.9354,2.0998,2.0204,2.1274,2.0914,2.2327,3.0736,3.4751,3.8087,6.1249,12,31,16,12,13,12,12,12,12,12,12,12,12,12,12
01_13_02_02_0408.bmp,0,2,2,13,1.8792,1.3044,8.2863,2.8071,2.9148,1.938,1.9946,1.8926,2.1456,2.2331,2.5637,3.0994,3.9949,4.71,7.3675,12,31,42,12,13,12,12,12,12,12,12,12,13,25,25
01_13_02_02_0413.bmp,0,2,2,13,1.3677,0.9883,10.856,2.0136,2.7844,1.4238,1.5131,1.4531,1.6167,1.9206,2.1522,3.5814,3.0101,4.9618,6.1029,19,31,32,12,13,19,19,19,12,12,12,12,40,4,34
01_13_02_02_0414.bmp,0,2,2,13,1.8065,1.3559,11.1062,2.6217,3.4306,1.8503,1.9715,1.8256,2.2353,2.4871,3.2661,3.4243,4.0144,5.3185,6.0306,31,31,13,13,13,31,19,19,19,13,13,12,13,25,40
01_13_02_02_0415.bmp,0,2,2,13,2.263,1.6243,11.0242,3.3965,4.2487,2.3067,2.0556,2.1744,2.668,2.883,2.759,3.6106,3.7031,4.9659,6.9642,12,31,32,12,13,12,12,12,12,12,12,12,12,13,40
01_13_02_02_0419.bmp,0,2,2,13,3.681,2.7554,11.0032,5.5739,9.119,3.59,3.6837,3.4419,3.5738,3.8605,3.7687,4.3547,4.4711,5.3069,7.5756,31,31,7,13,13,31,31,31,31,12,12,13,12,13,34
01_13_02_02_0421.bmp,0,2,2,13,3.8328,2.7812,11.5544,5.6852,0.0,3.945,3.8936,3.7616,4.1008,4.1525,4.2843,4.3255,4.1365,5.5922,8.3935,31,31,13,31,13,31,31,31,31,31,13,12,13,12,12
01_13_02_02_0422.bmp,0,2,2,13,4.2245,2.9776,11.222,6.3249,4.8623,4.1943,4.0871,4.0227,4.017,4.0367,3.8556,4.3494,5.0733,5.0427,7.2777,31,31,11,13,13,31,31,31,31,31,31,12,13,12,34
01_13_02_02_0423.bmp,0,2,2,13,4.0867,2.9404,12.6491,6.0385,6.3462,4.1149,4.0642,3.9905,4.199,3.7774,3.7005,4.2219,3.7137,5.7357,6.1317,31,31,13,31,31,31,31,31,31,31,31,13,13,13,13
01_13_02_02_0424.bmp,0,2,2,13,4.2207,3.1352,11.7715,6.3264,7.5715,4.2075,4.1477,4.0624,4.4151,4.4209,4.6063,4.4671,4.2177,5.4936,6.8536,31,31,13,31,13,31,31,31,31,13,13,13,13,12,13
01_13_02_02_0429.bmp,0,2,2,13,4.9727,3.5906,11.1165,7.4901,0.2881,4.9604,5.0142,5.1806,5.4149,6.0253,5.387,5.5181,5.3031,6.797,8.1105,31,31,13,13,13,31,31,31,13,13,13,13,12,12,12
01_13_02_02_0430.bmp,0,2,2,13,5.1479,3.7265,11.2727,7.7836,1.299,5.3313,5.1871,5.1744,4.9604,5.196,5.1256,5.6531,5.8337,7.3237,7.5722,31,31,13,13,13,31,31,13,13,13,13,13,13,13,13
01_13_02_02_0435.bmp,0,2,2,13,5.5665,3.7412,11.7503,8.4225,8.2723,5.5024,5.6696,5.5123,5.376,5.8706,5.8771,6.0206,6.017,6.894,9.743,13,31,1,13,13,13,13,13,13,13,13,13,12,12,40
01_13_02_02_0438.bmp,0,2,2,13,5.8869,3.9341,10.9672,8.8752,7.4473,5.9253,5.956,5.6295,5.7119,5.682,5.7593,5.7186,7.0129,8.4399,9.0951,32,31,1,13,13,32,32,32,13,32,32,13,12,34,40
01_13_02_02_0441.bmp,0,2,2,13,5.3425,3.8805,8.292,7.8397,7.9504,5.3756,5.0049,5.3695,5.0314,4.9532,6.2206,6.5941,7.3795,8.9306,9.5833,38,31,13,13,13,38,38,13,32,13,13,13,13,38,12
01_13_02_02_0442.bmp,0,2,2,13,5.75,4.0989,8.1191,8.5281,9.7298,5.6569,5.6318,5.7647,5.9435,5.5444,5.5045,6.9967,7.3712,7.9221,10.2447,32,31,13,32,32,32,32,32,32,32,13,13,13,13,13
01_13_02_02_0443.bmp,0,2,2,13,5.4152,3.9439,8.9304,7.9095,8.8948,5.2361,5.6382,5.255,5.6615,5.837,5.6629,6.7131,6.634,8.0897,10.3379,32,31,13,32,32,32,32,32,32,32,13,13,13,12,40
01_13_02_02_0444.bmp,0,2,2,13,5.2005,3.921,8.4212,7.6145,7.6739,5.2219,5.3756,5.4693,4.9942,6.1175,5.2512,6.725,7.5333,8.7921,10.4077,32,32,13,32,32,32,32,32,32,32,32,32,12,12,13
01_13_02_02_0448.bmp,0,2,2,13,5.5944,4.1713,7.8977,8.0672,7.2904,5.5854,5.778,5.944,5.8828,5.6577,5.9564,6.877,6.8087,8.4085,10.964,32,32,13,32,32,32,32,32,13,13,13,13,12,13,40
01_13_02_02_0449.bmp,0,2,2,13,6.3632,4.747,8.9154,9.3168,5.0283,6.357,6.3988,6.0485,6.8281,6.5939,7.0005,7.9243,7.3219,9.4753,11.5651,13,31,13,13,12,13,13,32,13,13,13,13,13,13,24
01_13_02_02_0456.bmp,0,2,2,13,4.9806,4.3139,9.5975,6.9228,6.4305,5.0344,5.2924,5.1509,5.0035,5.6832,5.9232,7.0977,8.2698,10.5167,12.5648,13,13,13,15,13,13,13,13,13,13,13,13,13,13,13
01_13_02_02_0458.bmp,0,2,2,13,6.4317,4.5052,9.9909,9.3458,8.0968,6.3357,6.4367,6.5738,6.5924,6.3788,6.7038,8.3138,8.4265,9.9508,11.8634,13,13,13,13,15,13,13,13,13,13,13,13,13,13,38
01_13_02_02_0461.bmp,0,2,2,13,4.657,3.2915,10.1787,6.9818,6.7733,4.7116,4.7604,4.8705,4.8484,4.8781,5.6548,6.604,8.2544,9.922,11.7955,13,13,13,13,13,13,13,13,13,13,13,13,13,12,40
01_13_02_02_0468.bmp,0,2,2,13,7.9662,5.372,10.7339,7.2332,8.9699,7.9748,7.8739,8.0763,7.9888,7.9786,8.5957,9.8147,9.7904,11.4198,13.4448,13,13,13,15,15,13,13,13,13,13,13,13,13,13,13
01_13_02_02_0471.bmp,0,2,2,13,6.401,5.1852,10.6384,3.9822,7.2062,6.3728,6.7152,6.4144,6.4158,7.0596,6.9391,8.3263,8.681,10.8609,13.6503,15,13,1,15,15,15,15,15,15,15,13,13,13,13,13
01_13_02_02_0475.bmp,0,2,2,13,5.628,4.2638,12.6353,5.9569,6.5058,5.5602,5.5403,5.7562,5.7642,6.231,6.1078,7.4388,8.0632,10.3556,12.1014,15,13,13,15,15,15,13,13,13,13,13,13,13,13,13
01_13_02_02_0477.bmp,0,2,2,13,5.8255,4.3668,14.4453,7.4718,7.3907,5.9083,5.7119,5.8834,6.2289,6.3132,6.7039,7.3766,8.441,10.4145,13.5436,13,13,13,15,15,13,13,13,13,13,13,13,13,13,13
01_13_02_02_0479.bmp,0,2,2,13,5.2295,4.346,11.8339,4.8876,6.1961,5.0735,5.2455,5.3859,5.7104,5.9482,6.164,7.562,8.3256,10.5428,13.3006,13,13,13,15,15,13,13,13,13,13,13,13,13,13,13
01_13_02_02_0481.bmp,0,2,2,13,2.8577,2.7142,9.1777,1.4344,3.1385,2.8832,2.9548,3.2166,3.1603,3.9254,4.0232,5.5256,6.7503,9.8257,11.9903,13,13,13,15,15,13,13,13,13,13,13,13,13,13,13
01_13_02_02_0486.bmp,0,2,2,13,2.2522,2.3718,7.3717,1.1269,2.8603,2.2395,2.4192,2.6359,2.7428,3.3767,4.3048,5.8704,7.1995,10.2437,11.6956,13,13,13,15,15,13,13,13,13,13,13,13,13,13,13
01_13_02_02_0489.bmp,0,2,2,13,2.9119,2.8478,8.8516,2.5806,3.4191,3.0281,2.924,2.962,3.2125,3.8587,4.781,5.977,7.3306,11.3267,13.5098,13,13,13,15,15,13,13,13,13,13,13,13,13,13,13
01_13_02_02_0491.bmp,0,2,2,13,3.595,3.2068,10.5333,3.0108,3.7041,3.6831,3.6342,3.5468,3.607,4.6583,5.0555,6.8229,8.6151,11.2689,14.8403,13,13,13,13,13,13,13,13,13,13,13,13,13,13,13
01_13_02_02_0492.bmp,0,2,2,13,4.0743,3.5621,9.9583,2.7427,4.0064,4.0789,3.8865,3.9894,4.2624,4.9817,5.0571,6.2978,7.1781,10.6581,14.879,13,13,13,13,13,13,13,13,13,13,13,13,13,13,13
01_13_02_02_0494.bmp,0,2,2,13,3.1299,3.004,8.2114,1.0315,3.6577,3.1586,3.1228,3.5326,3.5433,3.9267,4.8256,6.4786,8.0737,11.1619,13.5092,13,13,13,13,13,13,13,13,13,13,13,13,13,13,13
01_13_02_02_0501.bmp,0,2,2,13,2.3059,2.3208,6.6546,1.2038,5.0784,2.2295,2.3855,2.602,2.6689,3.4519,3.9648,5.5234,7.5724,10.6181,13.642,13,13,13,13,13,13,13,13,13,13,13,13,13,13,13
01_13_02_02_0504.bmp,0,2,2,13,2.0311,3.1215,11.5747,1.2195,4.7447,2.1227,2.2304,2.483,2.8862,3.5443,4.4304,6.1409,8.0884,10.9286,13.0467,13,13,13,13,13,13,13,13,13,13,13,13,13,13,13
01_13_02_02_0507.bmp,0,2,2,13,3.4133,2.6608,10.4269,2.6703,7.5422,3.4333,3.3519,3.5616,3.8719,4.2082,4.7386,6.0791,8.3815,10.6155,13.7585,13,13,13,13,13,13,13,13,13,13,13,13,13,13,13
01_13_02_02_0511.bmp,0,2,2,13,1.5738,1.1148,10.1053,1.9347,9.3391,1.6531,1.8653,2.0697,2.1572,3.1194,4.0843,4.7016,6.374,9.2203,12.5096,13,13,13,13,13,13,13,13,13,13,13,13,13,13,13
01_13_02_02_0513.bmp,0,2,2,13,1.6805,1.2218,7.4498,2.3893,10.3384,1.6248,1.716,2.3363,2.4081,3.3171,4.4445,6.647,8.2752,11.437,15.1974,13,13,13,13,7,13,13,13,13,13,13,13,13,13,13
01_13_02_02_0517.bmp,0,2,2,13,1.332,0.9758,10.776,1.9554,2.3606,1.3466,1.5868,1.4915,1.7618,1.867,2.5781,3.3576,3.3915,5.793,6.4737,12,31,7,12,12,12,12,12,12,12,12,12,12,40,1
01_13_02_02_0521.bmp,0,2,2,13,1.166,0.8812,9.7579,1.6511,1.7316,1.1763,1.1852,1.442,1.5202,1.8329,2.4883,3.0297,3.7331,5.4428,6.1716,31,31,1,12,12,31,12,12,12,12,12,12,40,40,40
01_13_02_02_0526.bmp,0,2,2,13,1.5151,1.1859,9.5709,2.2227,2.1042,1.474,1.5256,1.6987,1.8069,2.0297,2.3755,3.0268,4.0787,6.5711,6.2862,19,31,32,19,32,19,19,32,19,32,32,12,12,13,28
01_13_02_02_0527.bmp,0,2,2,13,5.1131,3.7975,8.8033,7.6195,10.9224,5.1347,4.9237,5.2313,5.3091,5.3113,5.3386,6.2753,6.0684,7.8093,9.0264,12,31,13,13,13,12,12,12,13,12,13,13,13,40,40
01_13_02_02_0530.bmp,0,2,2,13,1.2105,0.9271,11.5215,1.7223,2.8834,1.248,1.3832,1.4486,1.5778,2.1286,2.5916,2.7427,3.8532,4.9054,7.6355,31,31,25,32,32,19,31,32,32,32,12,12,12,12,40
01_13_02_02_0540.bmp,0,2,2,13,1.6385,1.2717,10.791,2.3914,4.8007,1.6479,1.9239,1.7963,2.0798,2.4191,2.5403,3.2241,4.3392,5.5164,5.6577,32,31,18,32,12,32,32,32,32,12,12,12,13,23,25
01_13_02_02_0544.bmp,0,2,2,13,1.5727,1.2298,11.17,2.4224,4.9461,1.5279,1.5711,1.555,2.1171,2.2007,2.3693,3.0383,4.4788,4.3986,6.5048,31,31,18,31,32,31,31,31,31,12,31,12,12,12,23
01_13_02_02_0545.bmp,0,2,2,13,3.5724,2.4842,9.1195,5.3363,5.8594,3.6043,3.6894,3.803,3.9432,4.3792,4.138,4.7891,5.5149,7.4171,8.7212,12,31,32,12,15,12,12,12,12,12,12,12,12,40,40
01_13_02_02_0549.bmp,0,2,2,13,4.1867,2.8723,9.7043,6.2537,6.6206,4.2044,4.0444,4.4447,4.2291,4.0959,4.1461,5.1859,6.2442,7.46,9.5695,12,31,32,12,15,12,12,12,12,12,12,12,40,40,40
01_13_02_02_0550.bmp,0,2,2,13,1.8826,1.4126,12.5969,2.7437,4.8333,1.8902,1.7594,2.0255,2.0767,1.9655,2.0596,3.1609,3.591,4.0275,6.8248,31,31,1,32,12,31,31,12,31,32,12,13,12,23,25
01_13_02_02_0558.bmp,0,2,2,13,1.4497,1.1642,12.34,2.2004,4.4072,1.5181,1.418,1.6204,1.6526,2.2608,2.665,3.1362,3.9099,5.1606,6.8043,31,31,13,31,13,31,31,31,31,31,12,12,38,12,23
01_13_02_02_0565.bmp,0,2,2,13,3.9886,2.8246,10.3419,5.9788,8.8716,3.9642,4.0085,4.1947,4.4318,4.8075,4.8133,5.3817,6.2941,9.4861,10.0388,13,31,13,13,13,13,13,13,13,13,13,13,13,40,40
01_13_02_02_0575.bmp,0,2,2,13,6.4999,4.9691,12.8019,9.6736,9.6363,6.4815,6.4602,6.4179,6.422,6.7574,7.0282,7.9342,9.016,10.604,12.8208,13,13,13,13,15,13,13,13,13,13,13,13,13,40,40
01_13_02_02_0578.bmp,0,2,2,13,2.9509,2.5448,10.1731,4.4362,9.2413,2.9364,3.1272,2.8355,3.2803,3.2083,3.5994,4.5692,4.841,7.484,7.3568,13,31,13,13,13,13,13,13,13,13,13,13,13,25,25
01_13_02_02_0581.bmp,0,2,2,13,6.4875,4.4935,13.2962,9.7037,10.1043,6.6912,6.6373,6.6253,6.8134,7.3324,7.5128,7.7597,9.1146,11.2185,12.8477,13,13,13,15,15,13,13,13,13,13,13,13,13,40,13
01_13_02_02_0582.bmp,0,2,2,13,3.7402,3.1872,10.152,5.3198,8.0756,3.7255,3.7133,3.8832,3.5764,4.133,4.2318,4.7206,5.4737,6.4671,8.7813,13,31,18,13,13,13,13,13,13,13,13,12,13,13,40
01_13_02_02_0583.bmp,0,2,2,13,5.7561,4.0528,13.3845,8.7059,10.8148,5.7088,5.7823,5.7004,6.0619,6.1788,6.2259,6.8495,8.2618,9.9773,12.4644,13,13,13,15,15,13,13,13,13,13,13,13,13,40,40
01_13_02_02_0592.bmp,0,2,2,13,4.8097,4.5222,8.8905,6.2983,3.329,4.6461,4.8634,4.9973,4.828,4.4554,5.1571,6.1055,6.2232,7.1665,8.4087,13,31,13,13,13,13,13,13,13,13,13,13,13,40,40
01_13_02_02_0594.bmp,0,2,2,13,4.3886,4.2079,9.1686,5.1346,6.6572,4.3813,4.452,4.5114,4.9959,4.6669,5.3743,5.5915,6.2397,7.3372,10.7849,32,32,13,32,32,32,32,32,32,32,13,13,13,12,40
01_13_02_02_0596.bmp,0,2,2,13,4.862,4.0524,8.1195,6.0235,7.133,4.8717,5.0201,4.8163,4.9827,4.4296,5.2168,5.513,6.2826,8.1669,9.3137,13,31,13,15,13,13,32,13,13,13,32,13,13,40,40
01_13_02_02_0599.bmp,0,2,2,13,5.5687,4.1693,12.4788,8.313,6.7806,5.5815,5.6186,5.6201,5.4612,5.778,6.5086,7.0031,8.0326,9.3879,11.5328,13,13,13,15,15,13,13,13,13,13,13,13,13,13,40
01_13_02_02_0600.bmp,0,2,2,13,5.0252,4.0378,14.1439,7.5144,6.6906,5.1548,5.1159,5.1793,5.3771,5.8378,6.1831,7.1922,7.8626,10.5005,13.7178,13,13,13,15,15,13,13,13,13,13,13,13,13,13,40
01_13_02_02_0604.bmp,0,2,2,13,6.452,4.5754,15.2319,9.5871,8.1666,6.4839,6.4924,6.4554,6.6153,6.5558,6.9557,7.8267,8.7634,11.4199,13.3546,13,13,13,13,15,13,13,13,13,13,13,13,13,13,13
01_13_02_02_0605.bmp,0,2,2,13,6.7801,4.6047,16.4083,10.1474,8.4271,6.8525,6.716,6.9605,6.8585,6.9163,7.089,7.8092,9.2987,11.6833,14.3341,13,13,13,15,15,13,13,13,13,13,13,13,13,13,13
01_13_02_02_0608.bmp,0,2,2,13,4.269,3.9801,12.3731,5.9773,5.1655,4.2715,4.2063,4.3678,4.6877,4.9325,5.3838,6.6156,8.5469,10.4125,12.8317,13,13,13,15,15,13,13,13,13,13,13,13,13,13,13
01_13_02_02_0609.bmp,0,2,2,13,5.2489,4.7334,13.6547,7.4906,6.5842,5.2312,5.3194,5.3183,5.5469,5.7452,5.8038,7.5221,8.6378,11.4867,12.9931,13,13,13,15,15,13,13,13,13,13,13,13,13,13,13
01_13_02_02_0611.bmp,0,2,2,13,5.3784,4.375,12.7028,7.8776,6.6932,5.3855,5.3981,5.2671,5.6587,6.0946,6.0092,7.3594,8.8127,11.9719,15.5576,13,13,13,15,15,13,13,13,13,13,13,13,13,13,13
01_13_02_02_0613.bmp,0,2,2,13,4.5272,3.0485,14.8116,6.7038,11.9537,4.5537,4.6146,4.6838,4.5986,4.7904,5.5059,6.7204,8.354,11.1322,13.4315,13,13,13,13,13,13,13,13,13,13,13,13,13,13,13
01_13_02_02_0616.bmp,0,2,2,13,4.2703,2.8478,11.9307,6.3283,9.5921,4.3571,4.3659,4.3893,4.7282,4.8787,5.4111,6.3552,7.2613,9.7444,12.556,13,13,13,15,13,13,13,13,13,13,13,13,13,13,13
01_13_02_02_0626.bmp,0,2,2,13,1.0612,0.7788,16.0683,1.5745,13.052,1.2412,1.4969,1.7091,2.1221,3.13,3.5548,5.8514,6.9714,9.9479,13.5692,13,13,13,13,7,13,13,13,13,13,13,13,13,13,13
01_03_12_01_0004.bmp,0,12,1,9,4.9122,3.9566,20.9735,7.3179,11.6314,4.7661,4.9213,4.9822,4.9843,4.7862,5.4843,6.5232,6.795,9.6124,11.0152,16,13,41,15,15,13,13,16,13,13,13,16,13,41,13
01_03_12_01_0005.bmp,0,12,1,9,4.7802,3.5292,20.7815,7.1512,7.8613,4.8888,4.8879,5.075,4.9262,5.3441,5.1862,6.163,7.272,9.071,11.4179,13,13,16,41,15,13,13,13,13,13,13,13,13,12,25
01_03_12_01_0011.bmp,0,12,1,9,5.6516,4.3369,21.2482,8.2913,11.9507,5.6528,5.5958,5.7745,6.0034,5.9468,6.3686,7.2952,7.913,9.7837,11.7115,13,13,16,41,15,13,13,13,13,13,16,13,41,41,13
01_03_12_01_0015.bmp,0,12,1,9,6.2125,4.6844,23.0272,9.2753,11.7501,6.1749,6.1467,6.234,6.4579,6.4515,6.8812,7.9475,8.66,11.175,12.7246,13,13,16,15,15,13,13,13,13,13,13,13,41,13,13
01_03_12_01_0017.bmp,0,12,1,9,6.3853,4.9891,22.6964,9.5999,13.5439,6.417,6.3092,6.449,6.7449,6.766,6.7725,8.0187,8.8712,10.0907,12.0722,13,13,41,15,15,13,13,13,13,13,13,13,13,41,40
01_03_12_01_0024.bmp,0,12,1,9,6.1504,4.8006,21.6047,9.2048,12.1205,6.1471,6.0712,6.1273,6.3501,6.578,6.9105,7.6166,8.8352,10.9255,12.0991,13,13,41,15,15,13,13,13,13,13,13,13,13,25,13
01_03_12_01_0028.bmp,0,12,1,9,5.6422,4.2816,24.5138,8.4926,10.0598,5.6535,5.7658,5.8567,5.8429,6.3748,7.0848,8.5307,9.6144,13.1372,15.4235,15,13,41,15,15,15,15,13,13,13,13,13,41,41,40
01_03_12_01_0029.bmp,0,12,1,9,5.1262,4.0093,23.5825,7.6418,10.7455,5.118,5.2986,5.3394,5.3666,5.7976,6.2434,7.3555,7.8049,10.205,12.5549,15,13,16,15,15,15,15,15,13,13,13,13,41,41,13
01_03_12_01_0030.bmp,0,12,1,9,5.3708,4.2483,22.2954,8.1074,12.9389,5.4362,5.3847,5.6901,5.6932,6.2446,6.5402,7.1138,8.228,9.9982,13.5757,13,13,16,15,15,13,13,13,13,13,13,13,13,13,25
01_03_12_01_0032.bmp,0,12,1,9,5.1978,4.2985,21.407,7.7921,13.1041,5.3671,5.3739,5.2673,5.5458,5.7145,6.3656,7.6455,8.9143,10.9485,12.6456,15,13,41,15,15,15,15,15,15,13,13,41,41,41,41
01_03_12_01_0041.bmp,0,12,1,9,4.0577,3.346,18.7011,6.1994,7.3004,4.0562,4.0678,4.238,4.4402,4.614,5.3589,6.2297,7.2178,9.8125,12.7626,15,13,41,15,15,15,15,15,13,13,13,13,13,25,13
01_03_12_01_0047.bmp,0,12,1,9,4.6046,3.8561,17.5504,6.9831,7.2536,4.7499,4.7074,4.9207,4.7135,5.3109,6.2212,7.2048,8.7286,11.1643,14.2246,15,13,16,15,15,15,15,15,15,15,13,13,13,41,25
01_03_12_01_0048.bmp,0,12,1,9,4.3213,3.1781,18.5271,6.5522,6.8965,4.3196,4.367,4.4856,4.6082,4.7981,5.3924,6.7659,7.7311,10.196,13.183,15,13,16,15,15,15,15,15,13,13,13,13,13,13,13
01_03_12_01_0051.bmp,0,12,1,9,4.4728,3.5146,15.5461,6.6459,6.5687,4.5408,4.5484,4.5935,4.6491,4.7541,5.4373,6.6593,8.0921,10.3317,12.5728,15,13,41,15,15,15,15,13,15,13,13,13,13,41,40
01_03_12_01_0052.bmp,0,12,1,9,4.6027,3.5774,16.5915,6.791,7.8219,4.6783,4.6992,4.6533,4.7774,5.3861,5.4656,6.9084,8.3301,10.4058,14.0049,15,13,41,15,15,15,15,15,15,15,15,13,13,4,40
01_03_12_01_0055.bmp,0,12,1,9,4.236,3.311,16.7411,6.2969,6.4174,4.2294,4.3,4.3375,4.5805,4.8118,5.3345,6.1542,7.859,10.2516,12.4727,15,13,16,15,15,15,15,15,15,15,13,13,13,41,25
01_03_12_01_0058.bmp,0,12,1,9,2.9059,2.6558,14.4192,4.3479,9.494,2.9498,3.127,3.2366,3.3598,3.8287,4.3821,5.8525,7.4454,11.0133,13.4008,9,13,9,9,9,9,9,9,9,9,41,41,41,25,25
01_03_12_01_0059.bmp,0,12,1,9,3.4218,2.9518,12.9809,5.1855,5.48,3.3911,3.5506,3.5735,3.7558,4.1593,5.0446,5.9553,7.5682,9.877,12.9273,15,13,9,15,15,15,15,15,15,13,13,41,41,41,25
01_03_12_01_0064.bmp,0,12,1,9,3.2119,2.9974,14.6503,4.8756,5.5549,3.2405,3.315,3.5007,3.7899,4.1966,4.8188,6.1164,7.9928,10.838,13.613,15,13,9,15,15,15,15,15,15,9,41,41,41,41,41
01_03_12_01_0072.bmp,0,12,1,9,3.2573,3.0553,10.8369,4.9201,5.461,3.3365,3.4521,3.6025,3.5989,4.0323,4.6504,6.0232,7.4977,9.789,13.3564,9,13,9,15,15,9,9,9,41,41,41,9,41,41,41
01_03_12_01_0074.bmp,0,12,1,9,4.128,3.5681,13.0747,6.1473,6.8461,4.1863,4.2616,4.4633,4.518,4.6434,5.1571,6.7362,7.6819,10.9698,13.3436,41,9,9,15,15,41,41,41,41,41,41,41,41,41,25
01_03_12_01_0076.bmp,0,12,1,9,4.6917,4.0524,12.4889,6.9451,7.0095,4.649,4.6431,4.783,4.9218,5.1807,5.462,6.2304,7.2465,9.722,12.131,9,13,9,9,15,9,9,9,9,9,9,41,41,41,41
01_03_12_01_0077.bmp,0,12,1,9,3.9129,3.6899,12.7316,5.8785,6.8618,3.8956,3.9984,4.0053,4.4967,4.7184,4.9511,6.6633,7.8289,10.7568,13.2396,9,13,9,9,9,9,9,9,9,9,41,41,26,24,25
01_03_12_01_0078.bmp,0,12,1,9,4.1579,3.926,14.0627,6.3649,7.468,4.3099,4.2897,4.2755,4.7121,4.8692,5.193,6.2245,7.3427,10.7487,13.1901,9,9,9,9,9,9,9,9,9,9,9,41,41,25,24
01_03_12_01_0084.bmp,0,12,1,9,3.6373,3.5953,18.4644,5.5453,9.4707,3.7504,3.8083,3.7683,4.0456,4.8117,5.297,6.4509,8.3905,11.1641,14.0634,9,9,9,9,41,9,9,9,9,9,41,41,41,41,25
01_06_12_01_0001.bmp,1,12,1,14,4.8559,3.7743,21.7879,7.1574,6.8672,4.8035,4.9976,4.8996,4.8994,5.3817,5.4554,6.03,6.4884,9.2414,10.4694,25,25,25,14,14,25,25,25,25,25,25,25,25,14,26
01_06_12_01_0003.bmp,1,12,1,14,4.2976,3.3882,21.3163,6.4765,10.7857,4.2458,4.2345,4.4799,4.3068,4.4199,4.9127,5.1366,5.8549,6.9532,8.6591,13,13,13,14,13,13,13,13,13,13,12,25,12,25,25
01_06_12_01_0005.bmp,0,12,1,14,3.7709,3.647,20.6454,5.8102,13.4271,3.8296,3.8498,3.9448,4.2644,4.4582,4.78,6.0562,7.7756,11.1069,13.1232,25,25,25,14,14,25,25,25,25,25,25,25,25,25,25
01_06_12_01_0005.bmp,1,12,1,14,3.4338,2.7718,20.0014,5.1787,6.2703,3.5401,3.4169,3.7509,3.6655,3.8073,4.0266,5.1722,6.3834,7.0088,8.8355,13,25,25,14,14,13,13,13,13,13,13,13,26,26,13
01_06_12_01_0006.bmp,0,12,1,14,3.8836,3.6736,21.3698,5.8789,6.5411,4.0108,4.1669,4.1481,4.3945,4.5707,5.5355,6.4613,8.1396,10.2784,12.8856,14,25,14,14,14,14,14,14,14,14,14,14,14,14,25
01_06_12_01_0006.bmp,1,12,1,14,4.1412,3.1834,23.924,6.1938,6.5964,4.1235,4.1876,4.2997,4.4665,4.5402,5.5719,6.0024,7.4564,8.2235,11.2868,14,25,25,14,14,14,14,14,14,14,14,14,25,25,24
01_06_12_01_0007.bmp,0,12,1,14,4.7934,4.5207,20.815,7.022,6.4366,4.7994,4.7746,4.8606,5.0293,5.0604,5.9196,7.3625,9.0193,10.9206,14.1529,14,25,25,14,14,25,14,25,14,25,25,14,25,25,24
01_06_12_01_0008.bmp,1,12,1,14,4.5877,3.8868,24.3363,6.9147,7.5736,4.593,4.8014,4.6726,4.9931,5.5687,5.3138,7.0059,7.1116,9.1099,11.4156,14,25,25,14,14,14,14,14,14,14,14,14,25,25,14
01_06_12_01_0010.bmp,0,12,1,14,4.2159,3.8897,12.3719,6.2934,6.1136,4.1012,4.2959,4.3303,4.1459,4.9037,5.5821,6.6448,8.1414,10.6147,13.7411,14,25,14,14,14,14,14,14,14,14,14,14,14,14,14
01_06_12_01_0011.bmp,0,12,1,14,4.6477,4.3723,14.2397,6.8692,6.8598,4.5428,4.5906,4.801,5.037,5.3416,5.6853,6.1423,8.4021,10.5673,15.4807,14,14,14,14,14,14,14,14,14,14,14,14,14,14,14
01_06_12_01_0013.bmp,0,12,1,14,3.314,3.174,11.7651,4.924,5.1888,3.5258,3.352,3.5234,3.7187,4.4916,5.1274,6.5856,7.5248,11.472,14.5635,14,14,14,14,14,14,14,14,14,14,14,14,14,14,14
01_06_12_01_0014.bmp,0,12,1,14,2.5327,2.5755,9.486,3.8518,4.4096,2.4898,2.8023,2.897,3.218,3.686,4.214,6.5688,8.0976,11.1546,13.2827,14,25,14,14,14,14,14,14,14,14,14,14,14,14,14
01_06_12_01_0018.bmp,1,12,1,14,4.2244,3.8153,22.3577,6.3526,6.4945,4.3337,4.3966,4.4413,4.6343,4.9802,5.5057,6.9209,8.2219,10.0688,12.139,14,25,14,14,14,14,14,14,14,14,14,14,25,25,25
01_06_12_01_0020.bmp,0,12,1,14,1.7582,1.7908,8.1613,2.5604,2.365,1.8237,2.0426,2.2234,2.6354,3.3755,4.0829,6.1566,7.3983,10.6822,14.1631,14,25,25,14,14,14,14,14,14,14,14,14,14,14,25
01_06_12_01_0020.bmp,1,12,1,14,3.556,3.3033,20.4762,5.3293,6.4779,3.5141,3.909,3.6235,4.0055,4.6495,4.6096,6.7999,8.2215,10.209,14.4444,14,25,14,14,14,14,14,14,14,14,14,14,25,25,14
01_06_12_01_0021.bmp,0,12,1,14,1.9412,1.9576,8.6019,2.8253,3.3393,1.9664,2.0535,2.2365,2.6755,3.7475,4.1013,5.4149,8.1771,10.2345,15.0865,14,25,14,14,14,14,14,14,14,14,14,14,14,14,25
01_06_12_01_0021.bmp,1,12,1,14,2.9055,2.5882,23.038,4.3616,3.9015,2.9345,3.0644,3.2094,3.5639,3.6366,4.4646,5.8805,7.7531,9.3156,12.3949,14,25,42,14,14,14,25,14,14,14,14,14,25,25,25
01_06_12_01_0022.bmp,1,12,1,14,2.7858,2.5692,20.3533,4.0675,3.6895,2.8091,2.9522,2.9834,3.3373,3.6851,4.5223,5.8896,7.2348,10.8089,13.2147,13,25,11,14,14,13,13,3,25,25,14,14,14,24,25
01_06_12_01_0023.bmp,0,12,1,14,1.6024,1.686,7.5704,2.4644,2.4186,1.6874,1.9867,2.0859,2.5519,3.3748,4.1505,6.3143,7.5862,11.0965,13.4352,14,25,14,14,14,14,14,14,14,14,14,14,14,14,14
01_06_12_01_0023.bmp,1,12,1,14,5.0732,4.1651,21.5057,7.462,7.0051,5.0661,5.1275,5.3275,5.5657,5.7287,6.4148,6.8411,8.3361,10.2441,12.6317,14,25,25,14,14,14,14,14,14,14,14,25,14,25,25
01_06_12_01_0025.bmp,0,12,1,14,1.7986,1.8467,9.2448,2.7268,2.6228,1.8395,1.9861,2.1751,2.7484,3.3797,4.2929,6.3421,7.6542,11.5699,14.144,14,25,14,14,14,14,14,14,14,14,14,14,14,24,25
01_06_12_01_0026.bmp,0,12,1,14,1.4789,1.5222,8.9844,2.067,2.3246,1.5727,1.6781,1.9006,2.1662,3.0377,3.5325,5.4716,6.8379,9.4812,12.0745,14,14,14,14,14,14,14,14,14,14,14,14,14,14,14
01_06_12_01_0027.bmp,0,12,1,14,1.3577,1.3998,8.3836,1.9441,3.1173,1.4005,1.5689,1.8408,1.9985,2.7784,3.6605,4.7868,6.3898,9.1411,11.9413,14,25,14,14,14,14,14,14,14,14,14,14,14,14,25
01_06_12_01_0028.bmp,0,12,1,14,1.2783,1.4086,5.9494,1.9096,2.4922,1.3792,1.5734,1.7964,2.2425,3.0367,3.7116,5.1473,7.4558,10.9731,13.5715,14,25,14,14,14,14,14,14,14,14,14,14,14,14,25
01_06_12_01_0031.bmp,1,12,1,14,2.5046,2.049,18.2728,3.8045,3.8321,2.5998,2.7811,2.5297,2.8021,3.0287,4.019,4.5506,5.8349,7.2933,8.6603,12,31,42,17,14,12,12,12,12,12,12,12,9,1,12
01_06_12_01_0032.bmp,0,12,1,14,1.2126,1.361,7.6365,1.822,3.1936,1.2695,1.5593,1.8974,2.2439,3.0876,3.9911,5.8257,7.5828,10.2684,13.6994,14,25,14,14,14,14,14,14,14,14,14,14,14,24,25
01_06_12_01_0033.bmp,1,12,1,14,2.871,2.2996,18.3772,4.3164,4.081,2.9362,2.9473,3.0189,3.2567,3.4177,3.8366,4.1249,5.1934,7.5454,8.1439,12,31,16,3,14,12,12,12,12,12,12,12,12,9,12
01_06_12_01_0036.bmp,1,12,1,14,2.2396,1.9827,18.503,3.3291,4.0578,2.2887,2.465,2.5019,2.4659,2.6235,3.5142,4.0826,5.6823,6.5726,9.7155,13,36,16,14,14,13,17,13,17,3,16,9,14,9,25
01_06_12_01_0044.bmp,0,12,1,14,0.9443,1.1141,5.5984,1.2322,1.9119,1.0538,1.2578,1.7704,1.937,2.7967,3.3731,5.8681,7.432,9.3475,12.9535,17,0,17,17,17,17,17,17,17,17,17,17,17,10,0
01_06_12_01_0044.bmp,1,12,1,14,1.9897,1.865,22.0269,3.0061,2.9173,2.0161,2.3081,2.5692,2.6622,2.8922,3.5947,4.898,5.8024,8.0299,9.3915,17,36,12,17,17,17,17,17,12,17,17,9,9,25,25
01_06_12_01_0047.bmp,0,12,1,14,1.7921,1.6871,19.4562,2.6306,3.6258,1.8684,1.9546,1.9697,2.3968,2.7493,3.3818,3.8987,5.5518,7.3524,9.3874,15,36,16,17,14,15,15,13,17,17,13,25,14,25,25
01_06_12_01_0048.bmp,0,12,1,14,2.3029,2.1901,18.3086,3.4002,3.4696,2.3837,2.357,2.5542,2.6696,2.9692,3.613,4.6193,5.7093,8.0436,10.084,13,36,41,14,14,13,13,13,13,13,25,13,25,25,25
01_06_12_01_0049.bmp,0,12,1,14,2.5618,2.3371,16.4312,3.735,3.5299,2.62,2.6504,2.7528,2.8314,3.1912,3.4223,5.0568,6.0812,7.9553,10.4116,15,13,42,14,17,13,15,13,13,13,14,14,25,25,25
01_06_12_01_0050.bmp,0,12,1,14,2.2639,1.9561,19.0699,3.407,3.3652,2.2275,2.4347,2.4342,2.7333,2.9318,3.3439,5.1547,5.5969,7.8758,9.458,15,15,16,17,14,15,15,15,17,15,14,14,12,23,25
01_06_12_01_0053.bmp,0,12,1,14,3.246,3.0237,14.5701,4.9356,5.9799,3.2882,3.4724,3.5836,3.5262,3.944,4.6101,5.6224,6.2576,8.2084,11.8122,17,13,25,14,14,17,17,14,14,14,14,9,25,25,25
01_06_12_01_0054.bmp,0,12,1,14,3.0809,2.7502,14.1941,4.6194,5.184,3.0956,3.3065,3.25,3.8128,3.8799,4.5583,5.6441,6.8522,9.009,11.4989,14,13,25,14,14,14,14,14,14,14,14,25,14,25,25
01_06_12_01_0055.bmp,0,12,1,14,4.0683,3.4007,13.3118,6.0219,5.4148,4.1352,4.0596,4.2289,4.2523,4.3094,4.6467,5.7595,6.7668,9.1232,11.9384,14,25,25,14,14,14,14,14,14,25,14,14,14,25,25
01_06_12_01_0056.bmp,0,12,1,14,3.0519,2.5652,15.488,4.5352,4.4582,3.0593,3.1363,3.1769,3.4542,3.8676,4.566,5.6953,6.6954,8.776,10.9621,17,25,25,14,14,17,14,14,14,14,14,14,14,2,25
01_06_12_01_0064.bmp,0,12,1,14,3.4118,2.9408,14.0884,4.9766,4.9763,3.3942,3.4363,3.4834,3.6643,4.3354,4.6792,5.9101,6.9378,10.1191,12.2359,14,25,25,14,14,14,14,14,14,14,14,14,25,25,23
01_06_12_01_0065.bmp,0,12,1,14,2.9889,2.6156,14.866,4.4245,4.3609,2.981,3.0047,3.2895,3.7159,3.8557,4.4145,5.9776,7.589,10.4076,11.8301,14,25,25,14,14,14,14,14,14,14,14,14,25,24,25
01_06_12_01_0066.bmp,0,12,1,14,4.6933,4.1083,12.7563,7.0289,7.4263,4.6904,4.8824,4.6751,4.918,5.5179,5.5594,6.3218,7.4561,10.7867,13.0476,14,25,25,14,14,14,14,14,14,14,14,14,25,25,23
01_06_12_01_0079.bmp,0,12,1,14,3.446,3.6384,8.885,5.075,5.0767,3.4635,3.7015,3.6751,3.7653,4.163,4.7007,6.6432,7.964,11.3474,13.3219,14,25,2,14,14,14,14,14,14,14,14,14,25,25,24
01_06_12_01_0080.bmp,0,12,1,14,1.82,2.0018,6.2762,2.7166,4.022,2.0594,2.0881,2.2703,2.7686,3.4106,4.0058,5.8961,7.5001,11.6962,12.7941,14,25,2,14,14,14,14,14,14,25,25,25,25,24,13
01_06_12_01_0084.bmp,0,12,1,14,1.1717,1.2805,6.5431,1.7286,2.7182,1.276,1.6021,1.7754,2.038,2.4681,3.6879,5.3132,6.9568,10.1575,12.2316,25,25,8,14,14,14,25,25,14,14,14,25,25,25,25
01_06_12_01_0085.bmp,0,12,1,14,0.9833,1.0496,7.287,1.5255,2.1197,1.1166,1.2622,1.6676,2.0614,2.6292,3.4781,5.2562,6.3717,9.3513,11.6105,17,1,8,8,8,17,8,17,17,17,17,4,25,25,13
01_06_12_01_0088.bmp,0,12,1,14,4.0667,4.19,9.0487,6.092,6.3784,3.9669,4.4163,4.1622,4.6335,4.3219,5.2845,7.0741,7.6351,11.4252,14.185,25,25,25,14,14,25,25,25,25,25,25,25,25,25,20
01_11_12_01_0001.bmp,0,12,1,12,3.2172,2.5621,20.1904,4.8987,5.881,3.2413,3.1896,3.102,3.8289,4.0159,3.9041,5.4123,6.2707,8.8772,10.0496,13,13,1,13,18,13,13,13,13,13,13,13,13,19,25
01_11_12_01_0006.bmp,0,12,1,12,4.5519,3.3469,20.4558,6.9047,7.3461,4.6411,4.6468,4.6579,4.8934,4.9608,4.8799,5.571,6.7142,7.2768,9.0292,31,31,11,17,7,31,31,31,31,31,31,12,12,12,23
01_11_12_01_0014.bmp,0,12,1,12,4.5127,3.4306,21.6069,6.8358,8.7199,4.5857,4.6487,4.8632,4.6594,4.8965,4.9657,5.4912,7.4465,8.9887,10.6904,17,13,11,17,1,17,17,17,17,12,0,13,13,26,12
01_11_12_01_0016.bmp,0,12,1,12,2.9287,2.5783,23.7389,4.4471,6.0696,2.8445,2.853,2.8904,2.8444,3.9104,4.5529,5.7712,6.3963,9.2084,11.6696,17,11,11,0,0,17,17,17,17,13,18,18,13,11,11
01_11_12_01_0030.bmp,0,12,1,12,7.2055,5.185,25.2112,10.8159,12.3121,7.216,7.2124,7.5075,7.4695,7.566,8.1097,8.2352,9.2893,10.9646,12.5378,11,13,11,11,32,11,11,11,11,11,11,11,11,18,13
01_11_12_01_0034.bmp,0,12,1,12,4.4644,3.9528,26.0229,6.7466,6.9022,4.4823,4.592,4.684,4.8562,5.1936,5.4117,7.1758,8.5736,10.9045,12.597,17,13,11,1,15,17,17,17,13,17,17,13,18,18,13
01_11_12_01_0036.bmp,0,12,1,12,4.4499,4.1409,26.2154,6.7127,6.9671,4.4428,4.4841,4.8716,4.8809,5.4482,5.8846,8.1676,9.6861,13.3334,15.5448,1,1,42,1,1,1,1,1,1,1,1,1,1,18,28
01_11_12_01_0045.bmp,0,12,1,12,5.0212,4.6987,19.8065,7.65,11.7965,5.0727,5.2169,4.9913,5.4681,5.6961,6.0961,7.6372,8.7231,11.739,14.4899,1,1,1,1,15,1,1,1,1,1,1,1,1,18,13
01_11_12_01_0059.bmp,0,12,1,12,5.5071,4.6468,19.2126,8.0914,10.7811,5.3739,5.5951,5.3891,5.4463,6.0754,6.0861,7.6555,8.8864,11.4392,13.4579,1,1,11,15,37,1,1,1,1,1,1,1,1,13,1
01_11_12_01_0067.bmp,0,12,1,12,4.9251,4.3098,13.3955,7.2323,9.3418,4.8606,4.9373,5.1599,5.0982,5.6587,5.9236,7.1545,8.3929,11.2488,14.0838,26,25,26,15,15,26,26,26,26,26,26,1,26,24,13
01_11_12_01_0068.bmp,0,12,1,12,5.1308,4.7315,13.7941,7.7794,9.6969,5.257,5.2177,5.3713,5.7361,5.5891,6.1172,7.8049,8.8525,12.0042,14.176,13,13,26,15,15,13,13,13,13,1,26,13,13,26,13
01_11_12_01_0069.bmp,0,12,1,12,3.8953,3.698,13.0111,5.9109,8.3373,3.9716,4.1894,4.1958,4.298,4.8644,5.401,6.7461,8.2675,11.4005,14.2348,26,1,26,15,1,26,26,26,26,26,26,26,26,13,11
01_11_12_01_0074.bmp,0,12,1,12,3.1379,2.9632,8.9595,4.6344,5.8387,3.2013,3.2033,3.5673,3.2,3.8125,4.4517,5.4332,6.8155,10.0444,12.0868,26,25,26,15,15,26,26,26,26,26,26,26,26,26,26
01_12_12_01_0001.bmp,0,12,1,17,1.6978,1.6217,18.6011,2.5224,5.9424,1.7473,1.8716,2.0462,2.0681,2.7276,3.1172,4.3648,5.7794,7.9968,10.1233,17,17,9,17,17,17,17,17,17,17,17,17,17,23,23
01_12_12_01_0004.bmp,1,12,1,17,0.9598,0.7967,17.8954,1.4076,2.4164,1.0955,0.9793,1.2013,1.5388,1.9379,2.2098,2.7865,3.4225,5.8368,6.467,19,31,42,29,25,19,19,19,12,36,12,25,25,28,23
01_12_12_01_0005.bmp,0,12,1,17,1.9999,1.9707,17.6345,2.9926,5.6937,1.9858,2.1857,2.5627,2.3827,2.8233,3.3888,4.859,5.3224,7.1726,8.0421,17,17,17,17,26,17,17,17,17,17,17,17,17,17,14
01_12_12_01_0007.bmp,0,12,1,17,2.2873,2.1868,17.529,3.4456,7.7076,2.3157,2.3864,2.5412,2.8437,3.4179,3.7624,4.7779,6.3974,9.2321,9.5501,17,17,17,17,17,17,17,17,17,17,17,17,17,14,17
01_12_12_01_0007.bmp,1,12,1,17,0.8,0.6978,15.2834,1.1935,2.4449,0.8838,1.0911,1.0541,1.3481,1.4432,2.0764,2.0156,2.7723,4.597,6.9752,36,36,11,29,25,36,36,36,36,31,31,12,25,23,13
01_12_12_01_0010.bmp,1,12,1,17,0.7892,0.651,16.763,1.0986,2.208,0.802,1.1443,1.1676,1.3493,1.7467,1.8994,2.8059,3.6005,4.039,5.9339,31,31,1,29,25,31,31,31,31,12,12,12,9,12,12
01_12_12_01_0012.bmp,1,12,1,17,0.7788,0.6932,15.3064,1.0911,2.1907,0.7998,0.8532,1.1495,1.422,1.6704,2.0188,2.4017,3.2816,4.7925,6.1528,31,31,9,15,13,31,31,31,15,36,36,13,9,12,28
01_12_12_01_0013.bmp,0,12,1,17,2.1161,2.0451,20.73,3.2244,3.5665,2.2475,2.3081,2.5231,2.7092,3.0325,3.8006,4.5956,6.0729,7.9672,11.1765,17,17,17,17,17,17,17,17,17,17,17,17,17,17,14
01_12_12_01_0017.bmp,1,12,1,17,0.5918,0.5909,16.7097,0.8665,1.6106,0.6644,0.7856,0.8939,1.0327,1.6,2.0813,3.0484,3.7715,5.283,6.3843,36,36,12,29,14,36,36,36,36,36,36,12,13,25,1
01_12_12_01_0018.bmp,0,12,1,17,1.9344,1.9932,18.0972,2.9473,4.7605,2.1306,2.1946,2.577,2.4237,3.4951,3.9887,5.4894,6.7187,8.8111,11.8491,17,17,17,17,26,17,17,17,17,17,17,17,17,17,14
01_12_12_01_0020.bmp,1,12,1,17,0.6971,0.6769,14.1837,1.0031,2.0157,0.8166,0.9377,1.1665,1.242,1.6905,1.8371,2.3283,3.4734,4.9519,5.4912,36,36,11,29,14,36,36,36,36,36,12,12,12,14,13
01_12_12_01_0021.bmp,0,12,1,17,1.892,2.0451,15.0044,2.8681,5.4363,1.9226,2.0212,2.2251,2.4271,3.1038,3.97,5.3758,6.1102,8.6934,10.6847,17,17,17,17,17,17,17,17,17,17,17,17,17,17,14
01_12_12_01_0022.bmp,0,12,1,17,2.173,2.2149,14.34,3.2688,4.5802,2.2466,2.3626,2.3796,2.6639,3.1185,4.0221,5.0348,5.6927,8.6557,10.4673,17,17,17,17,17,17,17,17,17,17,17,17,17,17,17
01_12_12_01_0029.bmp,0,12,1,17,1.1348,1.1768,5.5792,1.6095,1.6773,1.2013,1.3766,1.6667,1.9555,2.6885,3.2149,4.8071,6.3387,8.6255,12.0025,13,12,13,26,14,13,13,13,13,13,13,13,25,40,2
01_12_12_01_0029.bmp,1,12,1,17,0.8535,0.7456,16.3101,1.2512,2.2196,0.8339,1.0415,1.3295,1.6266,2.0087,2.2065,2.4941,4.1294,5.1817,6.4518,36,36,26,29,14,36,36,36,36,36,12,9,13,25,28
01_12_12_01_0033.bmp,0,12,1,17,0.7579,0.8539,5.3685,1.1346,1.4579,0.9748,1.2678,1.632,2.0598,2.7214,3.2941,4.6802,6.6242,9.6494,11.8932,17,17,9,17,17,17,17,17,17,17,14,17,25,25,25
01_12_12_01_0033.bmp,1,12,1,17,0.926,0.6922,18.1111,1.3274,2.441,0.9704,1.1215,1.0963,1.2394,1.7664,1.811,2.9761,3.0084,4.687,6.667,36,31,25,15,13,36,36,36,36,36,12,9,36,23,12
01_12_12_01_0034.bmp,0,12,1,17,0.6764,0.7543,4.1349,1.0537,1.1042,0.8188,1.0584,1.2056,1.6436,2.3862,2.8404,4.1869,5.6975,8.2797,10.4691,17,17,14,17,17,17,17,17,17,17,17,25,25,25,25
01_12_12_01_0038.bmp,0,12,1,17,0.5426,0.6629,3.6899,0.8529,1.2337,0.7438,0.9831,1.3667,1.727,2.4331,3.3147,4.7998,6.0078,9.6963,11.5873,17,36,9,17,17,17,17,17,17,17,14,14,14,25,25
01_12_12_01_0042.bmp,0,12,1,17,0.6644,0.7573,1.8352,0.8754,1.1204,0.8,1.0703,1.379,1.7205,2.3949,2.983,4.4878,6.1753,8.7659,12.5866,17,36,13,17,17,17,17,17,17,14,14,14,25,25,25
01_12_12_01_0045.bmp,0,12,1,17,0.9895,0.8323,14.3497,1.4718,3.9523,1.1274,1.1998,1.3853,1.5792,1.9489,2.2133,2.5928,4.3838,4.3437,6.8205,17,17,25,17,26,17,17,17,17,17,17,17,26,12,26
01_12_12_01_0052.bmp,0,12,1,17,1.3612,1.0628,14.8799,2.0363,3.1698,1.4718,1.4202,1.6363,1.6449,1.95,2.7189,3.4872,4.0037,5.3675,8.1732,17,17,13,15,13,17,17,17,17,17,13,13,17,12,13
01_12_12_01_0061.bmp,0,12,1,17,1.6623,1.324,16.8438,2.5346,5.1742,1.7585,1.5164,2.3752,2.3177,3.0872,3.6348,5.0725,5.0584,8.3707,9.4141,17,17,14,17,26,17,17,17,17,17,17,26,14,26,26
01_12_12_01_0063.bmp,0,12,1,17,2.0687,1.7368,16.6781,3.0548,4.196,2.1172,2.1659,2.56,2.4328,2.9171,3.453,4.208,5.9076,8.4144,11.0582,17,15,17,17,17,17,17,17,17,17,17,17,26,26,14
01_12_12_01_0071.bmp,0,12,1,17,1.8102,1.5491,18.6301,2.6919,5.0408,1.8095,2.2176,2.0274,2.4766,3.0104,3.7211,4.6959,5.7472,7.484,9.1453,17,17,26,17,18,17,17,17,17,17,17,17,9,26,26
01_12_12_01_0076.bmp,0,12,1,17,2.0565,1.7457,16.9786,3.0972,8.5899,2.0993,2.1043,2.1745,2.5311,3.2969,3.8475,5.2161,6.9179,8.9927,11.9282,17,17,26,17,17,17,17,17,17,17,17,17,17,25,25
01_12_12_01_0082.bmp,0,12,1,17,1.4967,1.1552,16.2291,2.1824,3.3525,1.5475,1.8061,1.8286,2.2338,2.6538,3.6301,5.0,6.0635,9.8509,11.3647,17,17,17,17,17,17,17,17,17,17,17,17,17,14,14
01_12_12_01_0083.bmp,0,12,1,17,1.1708,0.9772,14.1663,1.6851,2.7428,1.3594,1.4088,1.7675,2.208,2.7793,3.4254,5.1485,6.197,9.5079,10.9374,17,17,17,17,17,17,17,17,17,17,17,17,17,17,17
01_12_12_01_0092.bmp,0,12,1,17,2.0646,2.1371,17.6102,3.14,3.8086,2.1574,2.351,2.551,2.9292,3.254,4.1077,5.6613,6.4559,9.2333,12.3159,17,9,17,17,17,17,17,17,17,17,17,14,9,14,14
01_12_12_01_0094.bmp,0,12,1,17,2.0341,1.9202,14.4462,3.0637,3.8398,2.1612,2.1423,2.4352,2.5653,3.3168,4.3599,4.878,6.7644,9.1655,11.6954,17,9,26,17,17,17,17,17,17,17,17,17,26,26,14
01_12_12_01_0096.bmp,0,12,1,17,1.8927,1.9074,17.5608,2.8338,3.5235,1.9828,2.0007,2.3262,2.6824,3.2242,3.7087,5.6797,6.7075,9.176,11.6984,17,9,17,17,17,17,17,17,17,17,17,17,17,14,25
01_12_12_01_0101.bmp,0,12,1,17,1.8256,2.0564,17.872,2.6997,3.3632,1.8653,1.8963,2.225,2.4788,3.3349,3.8578,5.7404,6.9745,9.2987,12.2209,17,17,17,17,17,17,17,17,17,17,17,17,17,17,14
01_12_12_01_0102.bmp,0,12,1,17,1.5147,1.5955,12.087,2.2747,2.821,1.6108,1.833,1.9023,2.3804,3.0798,4.1405,5.1018,6.5489,9.097,12.0283,17,17,17,17,17,17,17,17,17,17,17,17,17,14,14
01_12_12_01_0104.bmp,0,12,1,17,1.2301,1.2155,14.7895,1.8979,2.1053,1.2265,1.5493,1.5232,1.8962,2.7747,3.7803,5.0212,6.3768,8.5546,11.0803,17,17,17,17,17,17,17,17,17,17,17,17,17,17,14
01_12_12_01_0105.bmp,0,12,1,17,1.2981,1.2385,14.8912,1.7991,1.9263,1.2704,1.4245,1.7417,1.9183,2.1973,3.1171,4.9215,6.072,8.275,11.0153,17,17,17,17,17,17,17,17,17,17,17,17,17,14,14
01_12_12_01_0111.bmp,0,12,1,17,1.3046,1.4181,10.8795,2.0227,2.0042,1.4795,1.5722,1.9817,2.3351,2.7541,3.8134,5.1148,6.5609,9.6596,11.7593,17,17,17,17,17,17,17,17,17,17,17,17,17,14,14
01_13_12_01_0003.bmp,0,12,1,13,3.5773,2.502,18.6956,5.2044,6.888,3.5666,3.2384,3.7747,3.53,3.4469,4.0428,4.8719,5.1411,7.6685,9.3116,13,13,42,13,13,13,13,13,13,13,13,13,13,13,13
01_13_12_01_0003.bmp,1,12,1,13,1.2497,0.7816,15.0982,1.875,3.5467,1.2935,1.3437,1.8098,2.0825,2.7594,3.5955,5.16,6.9994,9.1747,12.0369,13,13,13,13,13,13,13,13,13,13,13,13,13,25,25
01_13_12_01_0004.bmp,1,12,1,13,1.4901,0.8905,16.0969,2.1867,3.1446,1.597,1.5304,1.7219,2.1244,2.7291,3.9553,5.2118,7.3288,9.708,12.218,13,13,13,13,13,13,13,13,13,13,13,13,13,13,13
01_13_12_01_0011.bmp,1,12,1,13,1.9258,1.2737,16.1968,2.8032,0.5696,2.1745,2.157,2.1215,2.3912,3.4878,4.3981,5.0404,7.4641,10.3854,12.5789,13,13,13,13,13,13,13,13,13,13,13,13,13,13,13
01_13_12_01_0013.bmp,0,12,1,13,2.7878,2.1062,16.9966,4.1635,4.7028,2.845,3.0864,2.805,2.9705,3.1357,3.4896,3.6838,5.5461,7.2769,10.5972,13,13,42,13,32,13,13,13,13,13,13,13,13,13,40
01_13_12_01_0014.bmp,1,12,1,13,2.2335,1.2278,19.7068,3.3213,3.3414,2.2823,2.1713,2.5961,2.6125,3.4212,4.1587,5.9483,6.6376,9.8907,13.7027,13,13,13,13,13,13,13,13,13,13,13,13,13,13,13
01_13_12_01_0016.bmp,0,12,1,13,2.6376,2.1178,16.7348,4.0343,4.603,2.7363,2.7477,2.9212,2.9214,3.1766,3.5026,4.1426,5.0447,7.3734,7.5699,13,13,42,13,13,13,13,13,13,13,13,13,13,13,13
01_13_12_01_0017.bmp,0,12,1,13,2.4379,1.8008,17.0127,3.7007,4.2504,2.4904,2.4049,2.7098,2.7458,2.9277,3.3993,4.6136,4.5138,6.2194,8.147,13,13,42,13,13,13,13,13,13,13,13,13,13,13,34
01_13_12_01_0021.bmp,0,12,1,13,2.4881,1.815,17.6346,3.7413,4.212,2.618,2.6314,2.6507,2.8698,3.1556,3.1407,4.6216,5.4314,6.4665,7.8132,13,13,42,13,13,13,13,13,13,13,13,13,13,13,34
01_13_12_01_0022.bmp,0,12,1,13,2.8708,2.0386,18.3908,4.2059,5.173,2.8878,2.9436,3.2204,3.3352,3.39,3.656,4.3237,4.3533,7.7383,6.8433,13,13,42,13,13,13,13,13,13,13,13,13,13,13,40
01_13_12_01_0026.bmp,0,12,1,13,2.4068,1.6776,15.3403,3.635,4.1922,2.5354,2.5285,2.4604,2.59,2.8549,3.8942,4.4549,5.155,7.454,9.1169,13,13,11,13,13,13,13,13,13,13,13,13,13,13,13
01_13_12_01_0026.bmp,1,12,1,13,3.6437,2.1605,15.1473,5.4926,6.068,3.6928,3.6701,4.0444,4.0275,4.0582,5.0658,5.9085,7.1788,10.1463,13.7783,13,13,13,13,13,13,13,13,13,13,13,13,13,13,13
01_13_12_01_0027.bmp,0,12,1,13,2.5801,1.789,19.0264,3.7415,4.7389,2.7558,2.5947,2.2373,2.8293,2.8571,3.7466,3.8695,4.8449,7.5378,7.4363,13,13,42,13,13,13,13,13,13,13,13,13,13,13,35
01_13_12_01_0034.bmp,0,12,1,13,2.107,1.3079,18.5357,3.2,3.4259,2.1114,2.3006,2.4435,2.5905,2.8892,3.4645,3.8653,5.1258,6.3277,7.8405,13,13,42,13,13,13,13,13,13,13,13,13,13,13,13
01_13_12_01_0035.bmp,0,12,1,13,1.9855,1.2469,17.5903,2.9794,3.4416,2.1557,2.1395,2.3729,2.5933,3.2393,3.2952,4.4835,4.8458,6.3577,9.38,13,13,12,13,13,13,13,13,13,13,13,13,13,13,13
01_13_12_01_0035.bmp,1,12,1,13,1.3039,0.7756,9.1961,1.9579,1.8834,1.3187,1.4251,1.8011,2.0662,2.6862,3.2621,4.8087,6.8312,9.146,11.5003,13,13,13,13,13,13,13,13,13,13,13,13,13,13,13
01_13_12_01_0037.bmp,0,12,1,13,1.3113,0.8716,17.0059,1.9505,2.1981,1.4383,1.5971,1.5126,1.5522,2.5907,3.0519,3.7117,6.1025,6.1917,10.7601,13,13,25,13,13,13,13,13,13,13,13,13,13,13,18
01_13_12_01_0040.bmp,0,12,1,13,1.4725,0.8933,16.5024,2.0944,1.9755,1.4945,1.5415,2.0024,2.0593,2.5655,2.5199,3.9165,4.1423,7.4574,8.7576,13,13,13,13,13,13,13,13,13,13,13,13,13,13,13
01_13_12_01_0040.bmp,1,12,1,13,1.5159,0.9319,10.0089,2.1974,2.3535,1.553,1.6812,1.8338,2.4781,2.8616,3.5982,5.4149,6.9426,9.8908,12.0236,13,13,13,13,13,13,13,13,13,13,13,13,13,13,13
01_13_12_01_0041.bmp,0,12,1,13,3.8058,2.5311,22.6871,5.673,4.8683,3.8731,4.0468,3.9162,4.0047,4.8128,5.1843,6.8617,7.2031,8.5083,13.5429,13,13,13,13,13,13,13,13,13,13,13,13,13,13,13
01_13_12_01_0042.bmp,0,12,1,13,3.7495,2.4724,24.3733,5.5587,3.9621,3.6541,4.0964,3.9343,4.1232,4.4468,4.7912,7.1096,7.1195,9.5965,12.3792,13,13,13,13,13,13,13,13,13,13,13,13,13,13,13
01_13_12_01_0042.bmp,1,12,1,13,1.4433,0.9387,8.918,2.1602,2.2804,1.5344,1.848,2.0324,2.37,2.9098,3.8249,5.3576,6.6378,10.3423,12.4968,13,13,13,13,13,13,13,13,13,13,13,13,13,13,13
01_13_12_01_0044.bmp,1,12,1,13,1.7075,1.0555,9.7317,2.5584,2.911,1.7944,2.0118,2.0659,2.6058,3.0731,4.1599,5.8617,7.2992,9.1319,12.5004,13,13,13,13,13,13,13,13,13,13,13,13,13,13,13
01_13_12_01_0046.bmp,0,12,1,13,3.6319,2.2538,22.4489,5.5034,5.5848,3.7012,3.5771,3.9655,3.7808,4.4793,4.5725,5.9395,6.7684,10.0809,13.1581,13,13,13,13,13,13,13,13,13,13,13,13,13,13,13
01_13_12_01_0052.bmp,0,12,1,13,3.2935,2.2872,21.4775,4.87,5.1388,3.3822,3.5107,3.3948,3.7658,4.2721,4.5473,5.9586,7.4576,10.6397,11.3483,13,13,13,13,13,13,13,13,13,13,13,13,13,13,13
01_13_12_01_0054.bmp,0,12,1,13,2.604,1.9144,18.6969,3.8409,4.3152,2.5875,2.7736,2.8666,2.8647,3.6304,4.605,5.8907,6.4944,10.3941,12.1015,13,13,13,13,13,13,13,13,13,13,13,13,13,13,13
01_13_12_01_0058.bmp,0,12,1,13,1.9343,1.0836,17.9244,2.8602,3.4938,1.7995,1.8234,2.1442,2.2183,3.2396,3.793,5.5664,7.6456,9.2844,11.6709,13,13,13,13,13,13,13,13,13,13,13,13,13,13,13
01_13_12_01_0059.bmp,0,12,1,13,1.9964,1.424,20.9743,2.9946,2.7521,2.0841,2.2426,2.3819,2.3096,3.007,3.9134,4.98,6.9257,9.5711,10.5421,13,13,13,13,13,13,13,13,13,13,13,13,13,13,13
01_13_12_01_0060.bmp,0,12,1,13,1.4709,0.8841,19.2094,2.1204,1.4501,1.5083,1.5536,2.0087,2.5887,2.7405,3.8766,5.0798,6.306,10.0051,11.1678,13,13,13,13,13,13,13,13,13,13,13,13,13,13,13
01_13_12_01_0060.bmp,1,12,1,13,1.6801,1.0264,6.5172,2.3757,3.9796,1.7072,1.7579,2.0606,2.7582,3.6725,4.6207,6.7039,8.3771,10.3414,14.2884,13,13,13,13,13,13,13,13,13,13,13,13,13,13,13
01_13_12_01_0061.bmp,1,12,1,13,1.8058,1.1321,10.9404,2.7042,4.9471,1.7877,2.0099,2.3588,2.5555,3.5379,4.5369,7.014,7.5333,10.239,14.4923,13,13,13,13,13,13,13,13,13,13,13,13,13,13,13
01_13_12_01_0063.bmp,1,12,1,13,1.7794,1.5286,13.6091,2.549,4.8745,1.7593,1.9896,1.7915,2.066,2.0424,2.5313,3.4352,4.3973,5.7675,7.1681,13,31,13,13,13,31,13,13,13,13,12,13,13,13,40
01_13_12_01_0066.bmp,1,12,1,13,1.1581,1.1017,14.1044,1.7807,3.0831,1.1548,1.2159,1.5372,1.8219,1.7715,2.1338,3.254,4.3378,4.7391,6.382,31,31,13,13,13,31,13,13,13,13,12,12,12,12,13
01_13_12_01_0067.bmp,1,12,1,13,1.6298,1.4269,13.4464,2.4016,3.6962,1.6038,1.6528,1.9594,2.079,2.2712,2.4928,2.9597,4.2238,4.4668,7.9104,15,31,7,15,13,31,13,13,13,13,12,12,12,24,13
01_13_12_01_0068.bmp,1,12,1,13,1.6872,1.4433,15.4431,2.4172,5.1881,1.6257,1.7113,1.6247,1.9656,2.6092,2.6715,3.3462,4.48,5.7078,7.4874,13,31,1,13,13,13,13,13,13,13,13,12,12,12,13
01_13_12_01_0069.bmp,1,12,1,13,2.0993,1.8405,14.8097,3.1252,6.0698,2.0376,2.0964,2.2765,2.4682,2.482,2.8799,3.6872,4.1068,5.8631,7.2922,13,31,1,13,13,13,13,31,13,13,13,13,13,13,7
01_13_12_01_0072.bmp,1,12,1,13,1.9036,1.6816,15.7868,2.8378,5.1956,1.9008,1.841,2.0755,2.0431,2.4918,2.7095,3.4003,3.5149,6.2223,7.1019,31,31,13,15,13,31,31,31,31,12,12,12,13,23,23
01_13_12_01_0073.bmp,0,12,1,13,1.1024,0.7738,18.1621,1.7321,2.7109,1.3321,1.3178,1.8912,2.2883,2.993,3.9629,5.3737,6.0045,10.2349,11.3868,13,13,13,13,13,13,13,13,13,13,13,13,13,13,13
01_13_12_01_0073.bmp,1,12,1,13,1.8408,1.5883,16.188,2.7468,5.4376,1.8315,1.9003,1.8541,2.1559,2.4292,2.3891,3.4186,4.2365,5.5491,6.7534,13,31,42,15,13,13,13,13,12,13,12,13,12,12,23
01_13_12_01_0074.bmp,0,12,1,13,0.9803,0.7979,11.951,1.497,3.0158,1.25,1.3712,1.7934,1.8555,2.8023,3.3485,5.6624,6.1741,9.4122,11.7384,13,13,13,13,13,13,13,13,13,13,13,13,13,13,13
01_13_12_01_0076.bmp,0,12,1,13,1.4588,0.9532,12.7997,2.1522,3.2285,1.5619,1.5806,1.9645,2.39,2.8762,3.8224,4.9576,7.6347,11.0628,12.6253,13,13,13,13,13,13,13,13,13,13,13,13,13,13,13
01_13_12_01_0078.bmp,0,12,1,13,1.332,0.8638,10.2654,1.9587,1.8348,1.3617,1.6538,1.8213,2.1821,2.9213,3.7308,5.3199,6.3059,8.9485,11.5265,13,13,13,13,13,13,13,13,13,13,13,13,13,13,13
01_13_12_01_0079.bmp,1,12,1,13,1.8993,1.4993,13.8983,2.8671,7.3201,1.8579,1.8823,1.9332,2.2585,2.5622,2.9447,3.9364,4.3969,4.7065,7.971,31,31,7,13,13,31,31,31,31,12,12,12,13,12,13
01_13_12_01_0082.bmp,1,12,1,13,2.3117,1.9632,16.2531,3.4237,4.3203,2.3284,2.3453,2.6237,2.399,2.8464,3.3523,4.1255,4.804,6.1592,7.4058,12,31,25,12,13,12,12,12,13,12,12,12,12,23,13
01_13_12_01_0083.bmp,0,12,1,13,1.2863,0.8469,9.4152,1.8601,1.8249,1.3394,1.7059,1.748,2.2326,3.2451,4.0162,6.1213,7.3648,10.513,13.7702,13,13,13,13,13,13,13,13,13,13,13,13,13,13,13
01_13_12_01_0085.bmp,0,12,1,13,1.0549,0.7272,8.2535,1.5581,2.5362,1.2196,1.441,1.8223,2.1402,2.9763,3.5811,5.4255,6.9043,10.9079,13.0843,13,13,13,13,13,13,13,13,13,13,13,13,13,13,13
01_13_12_01_0089.bmp,1,12,1,13,2.5121,1.9395,16.7689,3.7948,4.5198,2.5011,2.597,2.8021,2.6126,3.2629,3.2795,4.1333,4.6101,6.5862,7.6443,13,31,1,13,13,13,13,13,13,13,12,12,13,25,12
01_13_12_01_0090.bmp,0,12,1,13,1.0685,0.676,8.51,1.5775,2.9744,1.1659,1.433,1.8551,2.2231,3.0104,4.1374,5.5549,7.4984,10.5694,13.9927,13,13,13,13,13,13,13,13,13,13,13,13,13,13,13
01_13_12_01_0090.bmp,1,12,1,13,2.2176,1.6769,15.7174,3.3181,3.5516,2.3076,2.3891,2.4403,2.4738,2.8911,3.7979,4.4454,5.02,5.5725,8.2508,13,31,10,13,15,13,13,13,13,13,12,12,13,12,12
01_13_12_01_0093.bmp,1,12,1,13,2.3539,1.8478,14.9201,3.5213,3.5593,2.3964,2.3847,2.4327,2.5054,3.2885,3.2802,4.2563,5.4308,7.5428,8.8405,13,31,42,13,15,13,13,13,12,13,12,12,12,23,40
01_13_12_01_0095.bmp,0,12,1,13,0.9587,0.6174,9.175,1.3273,4.2865,1.0967,1.474,1.8562,2.2185,3.3753,3.8448,5.5036,7.3215,10.7046,13.6715,13,13,13,13,13,13,13,13,13,13,13,13,13,13,13
01_13_12_01_0098.bmp,1,12,1,13,2.282,1.7226,17.5331,3.3931,3.8507,2.254,2.3975,2.8437,2.5407,3.6279,3.7458,4.0719,5.4309,7.8303,9.0703,13,31,12,13,13,13,13,13,13,12,13,12,12,12,25
01_13_12_01_0099.bmp,1,12,1,13,2.1595,1.6486,16.8224,3.1742,3.3599,2.0357,2.373,2.4614,2.4244,2.8636,3.9263,5.0018,5.5578,6.9525,9.4284,13,31,12,13,15,13,13,13,13,13,13,12,13,12,25
01_13_12_01_0100.bmp,0,12,1,13,1.057,0.7107,9.2908,1.5009,5.8533,1.1878,1.4731,1.9787,2.0866,3.1836,4.3105,5.7974,7.4246,9.9807,13.3729,13,13,13,13,13,13,13,13,13,13,13,13,13,13,13
01_13_12_01_0101.bmp,0,12,1,13,1.2137,0.7945,4.7387,1.8292,7.2215,1.3693,1.6944,1.949,2.2206,3.1068,3.8538,6.2884,7.7787,9.74,13.1604,13,13,13,13,13,13,13,13,13,13,13,13,13,13,13
01_13_12_01_0101.bmp,1,12,1,13,1.9586,1.4325,13.4155,3.0456,3.2856,1.9934,2.058,2.2985,2.5542,2.5298,3.2897,4.6681,5.8044,7.5208,10.4485,13,31,13,13,15,13,13,13,13,13,13,13,13,12,40
01_13_12_01_0105.bmp,1,12,1,13,2.9028,2.261,18.8989,4.3458,8.0892,2.9295,3.0335,3.0219,3.154,3.3014,4.2906,5.1346,6.2424,8.3896,10.5768,13,13,13,13,13,13,13,13,13,13,13,13,13,40,40
01_13_12_01_0107.bmp,0,12,1,13,1.1669,0.8154,8.3146,1.7871,6.9308,1.4001,1.5625,1.8673,2.2102,2.9699,4.4288,5.5884,5.9596,11.6143,14.7128,13,13,13,13,13,13,13,13,13,13,13,13,13,13,13
01_13_12_01_0108.bmp,0,12,1,13,1.0742,0.724,4.0521,1.4506,9.5505,1.1646,1.4014,1.7527,2.3391,3.2717,3.9353,6.4952,8.4736,12.1832,13.5988,13,13,13,13,13,13,13,13,13,13,13,13,13,13,13
01_13_12_01_0109.bmp,1,12,1,13,3.2876,2.5403,17.955,4.9608,6.8135,3.2956,3.4781,3.6623,3.5686,4.1948,4.8055,5.7392,7.0346,9.3422,11.2566,13,13,13,13,13,13,13,13,13,13,13,13,25,25,25
01_13_12_01_0110.bmp,0,12,1,13,1.5697,1.0678,4.8914,2.3712,9.9195,1.5839,1.7768,1.9096,2.4724,3.1597,4.7679,6.0929,7.1686,10.2788,14.0807,13,13,13,13,13,13,13,13,13,13,13,13,13,13,13
01_13_12_01_0110.bmp,1,12,1,13,2.6743,2.1416,21.9485,3.973,4.7682,2.7451,2.8757,2.874,3.0761,3.6978,3.941,5.1276,6.3792,8.9503,10.4455,13,13,13,13,13,13,13,13,13,13,13,13,13,25,13
01_13_12_01_0111.bmp,0,12,1,13,2.1011,1.415,9.7893,3.2273,17.0339,2.2622,2.6575,2.8054,2.7434,3.6728,4.5438,6.2364,7.8369,11.559,15.6572,13,13,13,13,13,13,13,13,13,13,13,13,13,13,13
01_13_12_01_0112.bmp,0,12,1,13,2.7162,1.6216,4.8723,4.1018,16.7954,2.7719,2.8583,2.9074,3.0244,3.5194,4.2687,5.8331,6.7353,9.6567,12.859,13,13,13,13,13,13,13,13,13,13,13,13,13,13,13
01_13_12_01_0113.bmp,1,12,1,13,4.9662,3.6496,25.1053,7.388,6.5778,4.972,4.8981,5.2732,5.4084,5.7224,6.1413,6.3481,8.8252,9.5618,13.2164,13,13,23,13,13,13,13,13,13,13,13,13,13,13,23
01_13_12_01_0114.bmp,1,12,1,13,3.9464,3.1111,23.6836,5.9815,5.4976,3.9815,3.8921,4.248,4.4859,4.8043,5.0611,6.1711,7.1392,9.9158,12.0363,13,13,13,13,13,13,13,13,13,13,13,13,13,13,13
01_13_12_01_0115.bmp,1,12,1,13,3.3422,2.4246,18.2963,4.987,4.8505,3.3471,3.4187,3.3161,3.5644,3.9036,4.5774,5.892,6.1512,9.1477,11.8717,13,13,1,13,13,13,13,13,13,13,13,13,13,12,13
01_13_12_01_0116.bmp,1,12,1,13,3.0702,2.2707,18.5522,4.6043,4.0573,3.071,3.1305,3.1777,3.3778,4.0243,4.6151,5.8398,6.8667,8.838,11.2759,13,13,13,13,15,13,13,13,13,13,13,13,12,13,13
01_13_12_01_0117.bmp,1,12,1,13,3.0589,2.2792,18.7798,4.6268,4.352,3.1581,3.3162,3.3949,3.5291,4.1782,4.3064,5.5808,6.6989,9.3607,12.3561,13,13,11,13,13,13,13,13,13,13,13,13,12,12,13
01_13_12_01_0118.bmp,0,12,1,13,1.4833,1.2846,17.1831,2.2046,0.0,1.5808,1.7337,2.2545,2.2554,2.9518,3.1817,3.998,5.5894,7.2087,8.6953,32,31,42,13,13,32,32,32,32,13,13,12,13,13,40
01_13_12_01_0119.bmp,0,12,1,13,1.5553,1.402,15.26,2.3261,0.0,1.4693,1.7017,1.9637,2.007,3.0654,2.7379,3.7432,4.9431,6.4336,8.6036,13,31,13,13,13,13,13,13,13,13,13,13,13,12,34
01_13_12_01_0119.bmp,1,12,1,13,3.0942,2.1938,19.8506,4.5902,4.1494,3.1006,3.0737,3.3026,3.6108,3.6333,4.4465,5.463,6.7064,8.3654,11.3098,13,13,1,13,15,13,13,13,13,13,13,13,13,12,25
01_13_12_01_0123.bmp,0,12,1,13,1.863,1.7277,13.363,2.7319,2.8063,1.8902,1.8961,2.2177,2.4317,2.9904,3.405,4.8773,5.8229,7.0554,9.6542,13,13,42,13,13,13,13,13,13,13,13,13,13,13,23
01_13_12_01_0124.bmp,0,12,1,13,1.7926,1.7563,13.3499,2.5363,3.5811,1.8158,1.8979,2.1611,2.6047,2.6865,3.0144,4.4199,5.452,7.7059,10.4338,13,13,12,13,13,13,13,13,13,13,13,13,13,40,40
01_13_12_01_0124.bmp,1,12,1,13,3.1892,2.4875,19.0648,4.8576,4.6603,3.2197,3.3351,3.5166,3.5017,4.0528,4.6987,5.7811,7.3475,8.3442,11.554,13,13,13,13,15,13,13,13,13,13,13,13,13,13,12
01_13_12_01_0125.bmp,0,12,1,13,1.8478,1.8109,15.8274,2.8119,0.838,1.8762,1.9637,2.0987,2.4087,2.7549,3.0374,4.616,5.3377,8.3599,10.8598,13,13,13,13,13,13,13,13,13,13,13,13,13,12,40
01_13_12_01_0126.bmp,0,12,1,13,1.1643,1.1716,13.9318,1.7247,1.9374,1.2757,1.4956,1.7219,1.9143,2.4443,3.2404,4.5898,5.8975,8.0673,11.1423,32,13,13,13,32,13,13,13,13,13,13,13,13,13,40
01_13_12_01_0129.bmp,0,12,1,13,1.238,1.2292,11.249,1.7936,1.9562,1.2152,1.4723,1.6719,1.9647,2.8013,3.5144,4.7163,5.5993,8.1814,10.616,13,32,13,13,13,13,13,13,13,13,13,13,13,13,40
01_13_12_01_0130.bmp,0,12,1,13,1.2383,1.2432,8.4496,1.7696,2.3687,1.3017,1.4738,1.6976,2.0548,2.7206,3.1696,4.9029,6.33,8.4894,11.3736,13,13,13,13,13,13,13,13,13,13,13,13,13,13,13
01_13_12_01_0133.bmp,1,12,1,13,3.14,2.3474,22.2216,4.6893,5.0467,3.2509,3.4016,3.7216,4.1899,4.9509,5.9775,7.5736,9.9969,14.1721,20.2083,13,13,13,13,13,13,13,13,13,13,13,13,13,25,13
01_13_12_01_0134.bmp,1,12,1,13,3.0242,2.3768,19.8982,4.4899,4.8507,3.1453,3.2851,3.3755,3.6882,3.8497,4.9052,6.3794,7.5934,11.6719,14.1986,13,13,13,13,13,13,13,13,13,13,13,13,13,25,13
01_13_12_01_0136.bmp,1,12,1,13,2.6544,1.9092,15.6139,3.9459,4.6182,2.6556,2.8304,2.8581,2.9866,3.4828,4.3734,4.9119,7.0588,9.8919,12.0518,13,13,13,13,13,13,13,13,13,13,13,13,13,13,13
01_13_12_01_0138.bmp,0,12,1,13,1.1081,1.1339,9.1871,1.4565,1.4287,1.1355,1.1778,1.8791,2.0493,2.8774,3.7709,5.6632,7.4367,9.982,12.6623,13,13,13,13,13,13,13,13,13,13,13,13,13,13,40
01_13_12_01_0139.bmp,1,12,1,13,2.9749,2.2483,17.1876,4.4337,5.0213,2.983,3.1349,3.0742,3.5039,3.8601,4.1283,5.3827,6.908,9.1135,11.8073,13,13,13,13,13,13,13,13,13,13,13,13,13,13,13
01_13_12_01_0140.bmp,1,12,1,13,3.1198,2.2862,18.1188,4.6686,5.9161,3.1517,3.1282,3.347,3.5926,3.846,4.0656,5.1008,6.5851,9.5977,10.5929,13,13,13,13,13,13,13,13,13,13,13,13,13,13,40
01_13_12_01_0143.bmp,1,12,1,13,3.0349,2.1457,16.7159,4.5713,5.9587,3.0103,3.0433,3.1875,3.3237,3.6656,4.286,5.5012,7.0801,9.8213,11.7786,13,13,13,13,13,13,13,13,13,13,13,13,13,13,13
01_13_12_01_0146.bmp,0,12,1,13,0.8736,0.8489,5.2054,1.4637,1.6316,1.1326,1.32,1.7057,2.0701,2.5903,3.4808,4.8492,6.1898,9.4502,12.0751,13,13,13,13,13,13,13,13,13,13,13,13,13,13,13
01_13_12_01_0150.bmp,0,12,1,13,1.0714,1.0792,4.7505,1.4989,1.5951,1.1131,1.2812,1.6284,2.141,2.7829,3.4932,5.2846,6.3333,9.295,12.1441,13,13,13,13,13,13,13,13,13,13,13,13,13,13,13
01_13_12_01_0150.bmp,1,12,1,13,3.1102,2.2507,16.7427,4.7144,6.1842,3.1637,3.2407,3.4098,3.467,3.8083,4.8466,5.5809,6.9936,9.3609,12.8605,13,13,13,13,13,13,13,13,13,13,13,13,13,13,13
01_13_12_01_0154.bmp,0,12,1,13,1.1284,1.1861,4.4652,1.6199,2.0324,1.1662,1.4126,1.697,2.1973,2.8589,3.51,5.1446,5.9383,9.3182,12.603,13,13,13,13,13,13,13,13,13,13,13,13,13,13,13
01_13_12_01_0159.bmp,0,12,1,13,1.0151,1.0924,4.439,1.4626,2.0768,1.1734,1.2551,1.8568,2.0218,2.7701,3.5419,5.0048,6.4135,9.3804,12.3377,13,13,13,13,13,13,13,13,13,13,13,13,13,13,13
01_13_12_01_0160.bmp,0,12,1,13,1.0076,1.0,5.0056,1.4053,1.8155,1.0711,1.3291,1.6756,2.0785,2.8405,3.4986,5.0154,6.5037,9.1413,12.1164,13,13,13,13,13,13,13,13,13,13,13,13,13,13,13
01_13_12_01_0160.bmp,1,12,1,13,3.4993,2.403,17.407,5.2625,7.4063,3.5398,3.5835,3.6206,3.6626,4.312,4.6439,5.7499,7.4416,9.5957,13.0945,13,13,13,13,13,13,13,13,13,13,13,13,13,13,13
01_13_12_01_0162.bmp,1,12,1,13,3.3331,2.2187,16.5428,4.9842,6.9691,3.4027,3.4796,3.5682,3.8067,4.2061,5.0877,5.8888,7.1038,9.4539,12.3682,13,13,13,13,13,13,13,13,13,13,13,13,13,13,13
01_13_12_01_0163.bmp,0,12,1,13,1.3267,1.3408,3.5491,1.7672,1.8906,1.2615,1.3454,1.7224,1.9829,2.8593,3.3118,5.0958,6.6051,9.1716,11.3827,13,13,13,13,13,13,13,13,13,13,13,13,13,13,13
01_13_12_01_0164.bmp,0,12,1,13,1.6924,1.7387,3.4941,2.352,1.9579,1.6383,1.7053,2.004,2.3833,3.2044,3.4728,5.5787,6.7458,9.59,11.4783,13,13,13,13,13,13,13,13,13,13,13,13,13,13,13
01_13_12_01_0164.bmp,1,12,1,13,3.4659,2.371,17.7719,5.2237,7.308,3.5092,3.6715,3.7083,3.7927,4.2756,4.778,6.2502,7.9489,10.6097,13.2404,13,13,13,13,13,13,13,13,13,13,13,13,13,13,13
01_13_12_01_0166.bmp,1,12,1,13,3.3327,2.3083,17.4999,4.9111,7.3552,3.2513,3.203,3.5951,3.5851,3.9553,4.6986,6.1159,7.2576,9.9204,12.6703,13,13,13,13,13,13,13,13,13,13,13,13,13,13,13
01_13_12_01_0168.bmp,1,12,1,13,3.4611,2.2632,15.8523,5.2143,7.3844,3.5211,3.5325,3.6689,3.8249,4.1789,4.9416,6.4764,6.892,10.6874,12.7656,13,13,13,13,13,13,13,13,13,13,13,13,13,13,13
01_13_12_01_0170.bmp,0,12,1,13,1.1285,1.0273,13.3649,1.8246,1.6949,1.1367,1.3378,1.4854,1.6166,1.6813,2.1014,2.5937,3.4141,5.3503,6.5552,31,31,1,13,13,31,13,32,32,13,12,13,12,4,25
01_13_12_01_0170.bmp,1,12,1,13,3.2789,2.117,14.6831,4.8317,7.3153,3.3025,3.2939,3.5216,3.6282,4.2877,5.0716,6.2826,7.2147,10.6741,13.2614,13,13,13,13,13,13,13,13,13,13,13,13,13,13,13
01_13_12_01_0171.bmp,0,12,1,13,1.223,1.1817,12.9371,1.8795,2.8308,1.2545,1.4891,1.6153,1.256,1.7714,2.038,3.1561,4.0057,5.6983,6.8862,32,31,1,32,13,32,32,32,13,13,13,12,25,40,12
01_13_12_01_0172.bmp,0,12,1,13,1.5635,1.2671,13.166,2.2518,6.4161,1.5325,1.4951,1.8627,1.6558,2.2506,2.0723,3.7066,3.6674,5.8848,6.2568,13,31,1,13,13,13,13,13,13,13,13,13,13,12,13
01_13_12_01_0172.bmp,1,12,1,13,3.4468,2.276,16.0471,5.0576,7.5148,3.3692,3.4136,3.6569,3.7935,4.0558,4.583,6.0977,7.3204,11.2411,13.2685,13,13,13,13,13,13,13,13,13,13,13,13,13,13,13
01_13_12_01_0173.bmp,1,12,1,13,3.8981,2.8589,18.5356,5.9207,7.2849,4.0721,4.0496,4.3363,4.3475,4.8895,5.3534,6.1958,7.716,10.7549,13.6366,13,13,13,13,13,13,13,13,13,13,13,13,13,13,13
01_13_12_01_0174.bmp,0,12,1,13,1.233,1.0869,12.0279,1.7685,3.9296,1.3857,1.3948,1.3292,1.5842,1.7668,1.8523,2.9348,4.4163,5.0195,6.2726,31,31,12,13,13,13,13,13,13,13,13,12,13,12,12
01_13_12_01_0174.bmp,1,12,1,13,4.207,3.3478,16.6941,6.312,7.2326,4.2881,4.291,4.3501,4.4727,4.9368,5.1364,6.7851,7.6042,10.785,12.8227,13,13,13,13,13,13,13,13,13,13,13,13,13,13,13
01_13_12_01_0175.bmp,1,12,1,13,5.0323,3.5965,15.9193,7.527,9.1026,4.9945,4.9702,5.0549,5.2504,5.4009,6.0625,7.3161,8.0175,10.7434,13.2553,13,13,13,13,13,13,13,13,13,13,13,13,13,13,13
01_13_12_01_0176.bmp,1,12,1,13,3.3547,2.2032,14.1608,5.0227,7.8791,3.3785,3.4671,3.4781,3.5999,4.1885,5.1397,6.1091,6.9787,9.9394,13.171,13,13,13,13,13,13,13,13,13,13,13,13,13,13,13
01_13_12_01_0177.bmp,1,12,1,13,3.0729,1.9786,15.1066,4.5007,7.7395,3.0527,3.1003,3.3269,3.3885,3.9864,4.7161,5.6746,7.7502,10.1051,13.5427,13,13,13,13,13,13,13,13,13,13,13,13,13,13,13
01_13_12_01_0178.bmp,0,12,1,13,1.137,0.9897,12.5943,1.7302,3.5915,1.097,1.099,1.4244,1.388,1.8876,1.9028,3.4766,3.9895,5.2278,6.09,31,31,1,13,13,31,13,13,13,13,13,13,13,40,40
01_13_12_01_0178.bmp,1,12,1,13,3.3489,2.1469,15.2214,4.9836,7.6526,3.2927,3.4366,3.6108,3.8147,4.1185,4.601,5.8293,7.6008,10.8875,12.721,13,13,13,13,13,13,13,13,13,13,13,13,13,13,13
01_13_12_01_0179.bmp,0,12,1,13,1.5419,1.2432,13.7654,2.3014,4.879,1.6482,1.6248,1.8109,2.0894,1.8329,2.6235,3.1855,3.9822,4.7919,7.1354,13,31,11,13,13,13,13,13,13,13,13,13,13,12,4
01_13_12_01_0179.bmp,1,12,1,13,3.4565,2.2217,14.8101,5.0759,7.9539,3.347,3.6779,3.7234,3.6942,3.989,4.9758,6.2527,6.9553,9.674,11.7959,13,13,13,13,13,13,13,13,13,13,13,13,13,13,13
01_13_12_01_0180.bmp,0,12,1,13,1.1161,0.9289,14.0865,1.5437,3.9787,1.1386,1.3107,1.5736,2.0031,2.1316,2.4806,3.2531,4.1924,4.9134,7.2559,31,31,1,13,13,13,13,13,13,13,13,12,13,13,13
01_13_12_01_0182.bmp,0,12,1,13,1.707,1.4435,12.9878,2.5758,6.2054,1.816,1.8239,1.9008,2.1719,2.5868,2.82,4.4508,4.4899,4.687,7.6126,13,31,42,12,13,13,13,13,13,13,13,13,13,13,13
01_13_12_01_0182.bmp,1,12,1,13,3.456,2.2505,15.27,5.2046,8.0109,3.5096,3.6376,3.5515,3.7197,4.187,4.8173,6.1339,7.2734,10.1488,13.3152,13,13,13,13,13,13,13,13,13,13,13,13,13,13,13
01_13_12_01_0185.bmp,0,12,1,13,1.6255,1.3071,12.457,2.365,5.7221,1.7287,1.7592,1.8555,1.9032,2.2054,2.642,3.6332,4.3645,5.8934,7.6042,31,31,1,13,13,31,31,13,13,13,13,13,13,13,25
01_13_12_01_0193.bmp,1,12,1,13,3.5195,2.3499,15.4403,5.2827,8.2834,3.5894,3.6031,3.5625,3.9582,4.4831,4.6434,6.029,7.543,10.6761,14.0535,13,13,13,13,13,13,13,13,13,13,13,13,13,13,13
01_13_12_01_0196.bmp,0,12,1,13,1.5543,1.2077,12.1392,2.2326,4.7518,1.5217,1.6241,1.9759,1.9696,2.2642,2.329,3.7731,4.1714,6.0934,6.7955,13,31,1,13,13,13,13,13,13,13,13,13,13,13,12
01_13_12_01_0199.bmp,0,12,1,13,1.8607,1.3566,11.1619,2.667,3.7762,1.8841,1.9334,1.8314,2.3645,2.228,3.3245,3.9204,4.445,5.2896,7.8206,13,31,1,13,13,13,13,13,13,13,12,13,12,13,13
01_13_12_01_0206.bmp,0,12,1,13,1.2063,0.9829,13.2453,1.8447,3.943,1.2106,1.4064,1.6537,1.8565,2.1047,2.8933,3.5808,4.039,6.266,8.4182,13,31,13,13,13,13,13,13,13,13,13,13,13,12,38
01_13_12_01_0207.bmp,1,12,1,13,3.1188,2.0477,14.0372,4.8121,7.9236,3.2071,3.2374,3.5159,3.6772,4.1357,4.9317,5.6958,7.5627,9.4665,12.9588,13,13,13,13,13,13,13,13,13,13,13,13,13,13,13
01_13_12_01_0209.bmp,0,12,1,13,1.5557,1.1208,14.785,2.2571,3.8365,1.6081,1.7888,1.948,2.1075,2.7714,2.6775,4.428,5.8071,7.358,9.0454,13,13,13,13,13,13,13,13,13,13,13,12,12,40,40
01_13_12_01_0210.bmp,1,12,1,13,3.5087,2.2471,15.9707,5.257,8.1783,3.6977,3.5823,3.6796,3.8365,4.3091,4.9434,5.9663,7.6064,10.755,12.9666,13,13,13,13,13,13,13,13,13,13,13,13,13,13,13
01_13_12_01_0212.bmp,0,12,1,13,2.0204,1.6629,14.5924,2.9899,4.767,2.0392,2.1256,2.4674,2.4383,2.6549,3.3041,4.2723,5.238,7.0061,9.2898,13,13,13,13,13,13,13,13,13,13,13,12,12,40,40
01_13_12_01_0214.bmp,0,12,1,13,1.5728,1.4188,16.9191,2.3797,5.0396,1.7054,1.9188,1.9758,2.3063,2.4672,3.3561,4.7762,5.533,8.1771,10.0679,13,13,34,41,34,13,13,13,13,13,13,13,12,13,40
01_13_12_01_0215.bmp,1,12,1,13,3.4638,2.1779,16.2794,5.1221,8.0028,3.5237,3.6079,3.8448,3.862,4.1606,4.9657,5.9838,7.093,9.9718,13.4721,13,13,13,13,13,13,13,13,13,13,13,13,13,13,40
01_13_12_01_0216.bmp,0,12,1,13,1.9374,1.694,13.0697,2.9022,3.1496,2.0216,2.1355,2.1962,2.5664,3.1142,3.402,4.6829,6.1238,8.5297,10.7439,13,13,13,13,13,13,13,13,13,13,13,13,13,13,40
01_13_12_01_0216.bmp,1,12,1,13,3.3493,2.1666,15.901,5.1065,8.2161,3.3564,3.4835,3.4334,3.7753,4.2954,5.022,6.2311,7.1319,10.4146,14.4247,13,13,13,13,13,13,13,13,13,13,13,13,13,13,13
01_13_12_01_0219.bmp,1,12,1,13,3.4844,2.1889,15.7876,5.2728,8.1626,3.5105,3.6904,3.638,3.6736,4.3267,5.0191,5.979,7.6183,10.3274,12.0992,13,13,13,13,13,13,13,13,13,13,13,13,13,13,13
01_13_12_01_0220.bmp,0,12,1,13,1.3045,1.0569,12.0604,1.7474,3.7472,1.3658,1.5596,1.8579,1.9596,2.7701,3.3252,5.2122,6.0157,8.7788,10.9819,13,13,13,13,13,13,13,13,13,13,13,13,13,13,13
01_13_12_01_0221.bmp,0,12,1,13,1.2032,0.9398,13.1682,1.8044,1.8204,1.2725,1.3952,1.6224,1.8375,2.6611,3.2536,5.1472,6.0875,8.6656,11.9037,13,13,13,13,13,13,13,13,13,13,13,13,13,13,13
01_13_12_01_0222.bmp,0,12,1,13,1.268,1.1115,12.7468,1.9028,4.9323,1.594,1.6057,2.437,2.6572,3.6576,4.2446,6.2041,7.4272,11.0704,15.8409,13,13,13,13,13,13,13,13,13,13,13,13,13,40,40
01_13_12_01_0223.bmp,1,12,1,13,3.333,2.1384,15.3862,4.981,8.6559,3.2231,3.3276,3.5828,3.3901,4.3935,4.9215,6.0105,7.1105,10.7117,13.4024,13,13,13,13,13,13,13,13,13,13,13,13,13,13,40
01_13_12_01_0226.bmp,0,12,1,13,1.3472,1.0704,12.4182,2.0016,2.174,1.4715,1.5766,2.1929,2.4969,2.8997,3.7604,4.9905,6.3835,9.3205,11.5664,13,13,13,13,13,13,13,13,13,13,13,13,13,13,13
01_13_12_01_0227.bmp,0,12,1,13,1.208,0.9914,10.5077,1.6877,1.7508,1.1776,1.5415,1.9903,2.2038,3.0318,3.4436,5.1936,6.9277,9.1479,12.3785,13,13,13,13,13,13,13,13,13,13,13,13,13,13,13
01_13_12_01_0227.bmp,1,12,1,13,3.3765,2.1904,14.4869,5.1878,8.167,3.4519,3.6335,3.762,3.6367,4.2951,5.112,5.8993,7.4738,10.4322,13.3044,13,13,13,13,13,13,13,13,13,13,13,13,13,13,40
01_13_12_01_0231.bmp,0,12,1,13,1.2785,1.0504,7.433,1.7939,2.04,1.2924,1.5477,1.5736,2.0838,2.8438,3.8895,5.1059,6.4012,9.1092,12.2044,13,13,13,13,13,13,13,13,13,13,13,13,13,13,13
01_13_12_01_0232.bmp,1,12,1,13,3.8627,2.4184,15.2222,5.7831,8.2207,3.8869,3.9437,3.9712,4.1289,4.4453,5.028,5.9078,7.4407,10.7091,12.7706,13,13,13,13,13,13,13,13,13,13,13,13,13,13,13
01_13_12_01_0233.bmp,0,12,1,13,1.2329,1.0138,6.8394,1.8659,1.9261,1.2866,1.5618,1.826,2.1683,3.1054,3.3923,5.161,6.7567,9.0902,12.0435,13,13,13,13,13,13,13,13,13,13,13,13,13,13,13
01_13_12_01_0235.bmp,0,12,1,13,1.2228,0.9926,6.2736,1.9426,2.6677,1.3136,1.6543,1.9539,2.1107,2.9365,3.8548,5.1114,6.4017,10.0122,11.5786,13,13,13,13,13,13,13,13,13,13,13,13,13,13,13
01_13_12_01_0236.bmp,0,12,1,13,1.2329,1.0666,6.3483,1.9333,2.4238,1.2496,1.4723,2.0038,2.2603,3.0515,3.564,5.3528,6.6801,9.7456,12.5144,13,13,13,13,13,13,13,13,13,13,13,13,13,13,13
01_13_12_01_0236.bmp,1,12,1,13,3.732,2.3163,16.796,5.6267,8.4105,3.8023,3.7753,3.9516,3.9608,4.5357,5.3672,6.2291,7.4922,10.3159,13.155,13,13,13,13,13,13,13,13,13,13,13,13,13,13,13
01_13_12_01_0238.bmp,1,12,1,13,3.8805,2.4105,16.957,5.6835,8.7841,3.8663,3.8001,3.9587,4.111,4.687,5.3365,6.2823,7.5674,10.0275,13.9873,13,13,13,13,13,13,13,13,13,13,13,13,13,13,13
01_13_12_01_0240.bmp,0,12,1,13,1.7877,1.1636,11.4221,2.4813,3.7783,1.6282,1.7371,2.0919,2.4013,2.9176,3.6213,5.1269,7.3102,10.0144,13.7596,13,13,13,30,13,13,13,13,13,13,13,13,13,13,13
01_13_12_01_0242.bmp,1,12,1,13,3.5598,2.291,16.2956,5.3543,8.4627,3.5464,3.5733,3.599,3.8598,4.4448,4.7256,6.2202,7.8737,10.0913,14.1695,13,13,13,13,13,13,13,13,13,13,13,13,13,13,13
01_13_12_01_0245.bmp,0,12,1,13,0.7893,0.7476,8.2325,1.3496,10.696,1.0746,1.3215,1.5499,2.03,2.4556,3.7768,5.2044,6.6734,10.8243,13.1405,13,13,13,13,7,13,13,13,13,13,13,13,13,13,13
01_13_12_01_0246.bmp,0,12,1,13,1.0208,0.884,4.1545,1.4124,1.6804,1.0275,1.2649,1.5755,2.0174,2.6396,3.256,4.7713,6.2166,9.243,11.896,13,13,13,14,14,13,13,13,13,13,13,13,13,13,13
01_13_12_01_0246.bmp,1,12,1,13,3.5831,2.2903,14.6578,5.3443,8.7958,3.6605,3.5651,3.7454,3.9488,4.4468,4.884,6.4675,7.3494,11.101,13.526,13,13,13,13,13,13,13,13,13,13,13,13,13,13,13
01_13_12_01_0247.bmp,1,12,1,13,3.6289,2.3052,15.464,5.3594,8.6309,3.6486,3.7097,3.8918,4.0669,4.436,4.7747,6.0012,7.3913,10.4523,12.55,13,13,13,13,13,13,13,13,13,13,13,13,13,13,13
01_13_12_01_0249.bmp,0,12,1,13,1.312,0.8235,12.1415,1.9352,5.3859,1.4255,1.5063,1.8022,2.0465,2.8122,3.7684,4.897,6.6906,9.0796,13.1043,13,13,13,13,13,13,13,13,13,13,13,13,13,13,13
01_13_12_01_0250.bmp,0,12,1,13,1.4039,0.9139,10.6892,1.8886,5.0239,1.575,1.6953,1.9188,2.2793,3.1262,3.9678,5.3471,7.0432,10.4762,13.6028,13,13,13,13,13,13,13,13,13,13,13,13,13,13,13
01_13_12_01_0251.bmp,0,12,1,13,1.4081,1.026,9.3884,2.0435,4.968,1.463,1.6135,2.0734,2.3589,3.013,3.827,5.245,6.9165,10.0451,13.2701,13,13,13,13,13,13,13,13,13,13,13,13,13,13,13
01_13_12_01_0252.bmp,0,12,1,13,1.3163,0.9662,9.5631,1.8617,5.2804,1.4191,1.5201,1.7948,1.9053,2.9282,3.4788,5.0216,6.3074,9.064,12.0925,13,13,13,13,13,13,13,13,13,13,13,13,13,13,13
01_13_12_01_0253.bmp,0,12,1,13,1.4121,0.8846,8.7494,1.9721,5.1644,1.4623,1.6971,1.7707,2.244,2.9468,3.3619,4.8791,6.9239,10.1583,12.8172,13,13,13,13,13,13,13,13,13,13,13,13,13,13,13
01_13_12_01_0258.bmp,1,12,1,13,3.7047,2.3151,16.131,5.4776,8.4918,3.7875,3.7546,3.9422,4.0749,4.3721,4.9847,6.4943,7.7495,10.501,14.2458,13,13,13,13,13,13,13,13,13,13,13,13,13,13,13
01_13_12_01_0259.bmp,1,12,1,13,3.8204,2.3896,16.1424,5.6909,8.4481,3.8694,3.9287,3.997,4.2048,4.4982,5.1529,6.1868,7.7696,10.8869,13.2236,13,13,13,13,13,13,13,13,13,13,13,13,13,13,13
01_13_12_01_0260.bmp,0,12,1,13,1.5522,1.1706,8.0013,2.334,6.6348,1.6646,1.9381,1.9941,2.339,2.9198,3.7647,5.4929,6.8974,9.5735,13.6002,13,13,13,13,13,13,13,13,13,13,13,13,13,13,13
01_13_12_01_0261.bmp,0,12,1,13,1.8108,1.296,7.8697,2.6469,6.5655,1.8537,2.0511,2.2778,2.4119,2.9226,3.6939,5.2406,7.0622,10.4468,13.3354,13,13,13,13,13,13,13,13,13,13,13,13,13,13,13
01_13_12_01_0262.bmp,0,12,1,13,1.5887,1.199,5.108,2.3536,6.5291,1.6467,1.8364,2.0162,2.5645,2.9491,3.7471,5.1105,6.3292,9.6859,12.1368,13,13,13,13,13,13,13,13,13,13,13,13,13,13,13
01_13_12_01_0263.bmp,1,12,1,13,3.6919,2.3115,15.3766,5.4494,8.4393,3.7292,3.9505,4.0288,3.973,4.6451,4.8277,6.2965,7.0138,10.7697,13.4561,13,13,13,13,13,13,13,13,13,13,13,13,13,13,13
01_13_12_01_0264.bmp,0,12,1,13,1.7163,1.264,5.2772,2.6809,5.0151,1.8834,2.2538,2.6361,2.6971,3.9317,4.5281,6.8503,8.2501,12.2882,16.4691,13,13,13,13,7,13,13,13,13,13,13,13,13,13,13
01_13_12_01_0264.bmp,1,12,1,13,3.6109,2.2391,15.3486,5.3561,8.5407,3.5991,3.7195,3.6148,3.9968,4.5311,5.0762,5.9214,8.2625,10.5196,13.3308,13,13,13,13,13,13,13,13,13,13,13,13,13,13,13
01_13_12_01_0265.bmp,0,12,1,13,1.3792,1.0986,5.4382,2.3236,5.6783,1.5831,1.7296,2.1957,2.4139,2.9829,4.3385,5.7426,6.674,10.6984,12.5736,13,13,13,13,13,13,13,13,13,13,13,13,13,13,13
01_13_12_01_0266.bmp,1,12,1,13,3.3119,2.1526,15.1722,4.9487,8.3999,3.2681,3.3351,3.6746,3.8946,4.2845,5.0499,5.9224,7.885,10.7716,12.7134,13,13,13,13,13,13,13,13,13,13,13,13,13,13,13
01_13_12_01_0267.bmp,0,12,1,13,1.538,1.101,7.3338,2.1081,8.7937,1.5468,1.7168,1.9183,2.3012,2.8766,3.6546,4.7231,5.8722,9.1806,11.6642,13,13,13,13,13,13,13,13,13,13,13,13,13,13,13
01_13_12_01_0267.bmp,1,12,1,13,3.5363,2.2048,16.2881,5.2495,8.539,3.6286,3.7583,3.7568,3.7878,4.2829,5.0489,6.0444,7.9128,10.3122,13.6072,13,13,13,13,13,13,13,13,13,13,13,13,13,13,13
01_13_12_01_0269.bmp,0,12,1,13,1.2222,1.0113,6.4046,1.8875,6.5502,1.406,1.6754,1.883,2.193,2.9464,3.4804,5.7563,6.3653,10.4955,13.4195,13,13,13,13,13,13,13,13,13,13,13,13,13,13,13
01_13_12_01_0272.bmp,0,12,1,13,3.5117,2.2736,14.9727,5.1841,8.4195,3.5504,3.51,3.587,3.8353,4.5265,4.8623,5.963,7.248,10.1987,13.2993,13,13,13,13,13,13,13,13,13,13,13,13,13,13,13
01_13_12_01_0275.bmp,0,12,1,13,3.5562,2.3446,14.8135,5.3501,8.5602,3.6368,3.7942,3.7361,3.8456,4.4655,5.1036,6.0473,7.4377,10.1048,12.5414,13,13,13,13,13,13,13,13,13,13,13,13,13,13,13
01_13_12_01_0278.bmp,0,12,1,13,3.5161,2.3227,15.2459,5.3652,8.5135,3.6454,3.7099,3.8763,3.6369,4.278,5.2428,6.0194,7.2366,10.3525,12.7933,13,13,13,13,13,13,13,13,13,13,13,13,13,13,13
01_13_12_01_0287.bmp,0,12,1,13,3.3414,2.2361,15.8094,5.0068,8.5556,3.334,3.3529,3.4763,3.7122,4.1526,4.5077,6.385,7.4229,10.0643,12.9735,13,13,13,13,13,13,13,13,13,13,13,13,13,13,13
01_13_12_01_0289.bmp,0,12,1,13,3.5855,2.2848,15.9778,5.3263,8.7131,3.6458,3.4391,3.7149,3.8895,4.5098,4.5675,6.4909,7.629,9.3407,14.1552,13,13,13,13,13,13,13,13,13,13,13,13,13,13,13
01_13_12_01_0291.bmp,0,12,1,13,3.7267,2.3877,14.1577,5.5805,8.5511,3.7579,3.8914,3.7862,4.0192,4.3421,4.9473,6.4855,7.4627,10.8726,12.3539,13,13,13,13,13,13,13,13,13,13,13,13,13,13,13
01_13_12_01_0299.bmp,0,12,1,13,3.2834,2.0785,16.5465,4.8837,7.9037,3.2554,3.2595,3.3972,3.7167,4.1197,4.7143,6.3315,7.5981,9.6932,13.0767,13,13,13,13,13,13,13,13,13,13,13,13,13,13,13
01_13_12_01_0306.bmp,0,12,1,13,3.5288,2.3959,16.0538,5.2886,8.4941,3.5345,3.5683,3.7446,3.8926,4.5071,4.9143,6.3665,8.0262,10.6463,13.2921,13,13,13,13,13,13,13,13,13,13,13,13,13,13,13
01_13_12_01_0308.bmp,0,12,1,13,3.6764,2.4444,17.2013,5.4516,8.398,3.6408,3.8793,3.795,3.9837,4.3134,4.9764,6.1678,7.5105,10.99,13.4911,13,13,13,13,13,13,13,13,13,13,13,13,13,13,40
01_13_12_01_0311.bmp,0,12,1,13,3.4924,2.4209,16.9574,5.2556,8.1856,3.5561,3.6436,3.752,3.9185,4.4069,4.7782,6.1144,7.4164,10.4754,14.0358,13,13,13,13,13,13,13,13,13,13,13,13,13,13,13
01_13_12_01_0312.bmp,0,12,1,13,3.8428,2.6416,17.3631,5.7177,9.0071,3.8719,3.9989,4.1523,4.3608,4.8863,5.0199,6.0809,7.8219,10.1463,13.2741,13,13,13,13,13,13,13,13,13,13,13,13,13,13,40
01_13_12_01_0314.bmp,0,12,1,13,3.3932,2.242,16.1821,5.1577,7.7317,3.4305,3.494,3.7216,3.8835,4.037,4.6103,6.2112,7.4632,10.8782,13.8191,13,13,13,13,13,13,13,13,13,13,13,13,13,13,13
01_13_12_01_0327.bmp,0,12,1,13,3.529,2.4459,16.5776,5.3233,9.8137,3.529,3.6988,3.7005,4.0265,4.7457,4.7524,6.1933,7.8993,10.7021,13.5113,13,13,13,13,13,13,13,13,13,13,13,13,13,13,13
01_13_12_01_0328.bmp,0,12,1,13,4.066,2.8725,17.9862,6.1564,10.1098,4.0554,4.2363,4.2362,4.5267,4.5314,5.4848,6.3225,8.106,11.515,12.5355,13,13,13,13,13,13,13,13,13,13,13,13,13,13,13
01_13_12_01_0336.bmp,0,12,1,13,5.2055,4.1274,19.4901,7.6707,9.7859,5.2596,5.2612,5.4338,5.4317,6.0847,6.3115,7.1584,8.3095,11.4347,13.7802,13,13,13,13,13,13,13,13,13,13,13,13,13,13,13
01_13_12_01_0337.bmp,0,12,1,13,5.5893,4.1161,22.4559,8.3527,12.0856,5.6026,5.7078,5.8774,5.9643,6.4809,6.3902,7.5548,8.7496,11.6668,14.0993,13,13,13,13,13,13,13,13,13,13,13,13,13,13,13
01_13_12_01_0342.bmp,0,12,1,13,7.7295,5.4054,22.8294,11.6267,17.3957,7.7721,7.8243,7.8124,7.6561,7.686,8.3523,9.5024,9.6471,14.1016,15.7517,13,13,13,13,13,13,13,13,13,13,13,13,13,13,13
01_13_12_01_0351.bmp,0,12,1,13,7.4631,5.7081,19.1705,11.2309,17.0413,7.6435,7.5783,7.7655,7.683,7.9269,8.4684,9.1874,10.3109,13.0058,13.14,13,13,13,13,2,13,13,13,13,13,13,13,13,13,13
01_13_12_01_0352.bmp,0,12,1,13,6.0543,4.6154,17.8088,9.1247,10.755,6.1219,6.1412,6.3336,6.099,6.5972,7.3935,8.354,10.2844,14.2333,16.8219,13,13,13,13,2,13,13,13,13,13,13,13,13,13,13
01_13_12_01_0355.bmp,0,12,1,13,4.7509,3.9113,17.0042,7.093,7.4578,4.8909,4.9271,4.9375,5.0622,5.1994,5.8311,7.6133,9.1347,10.0379,12.8702,13,13,13,13,2,13,13,13,13,13,13,13,13,13,13
01_13_12_01_0361.bmp,0,12,1,13,2.0156,1.6745,10.0765,2.9521,3.2335,2.049,2.1817,2.4015,2.4786,2.9987,3.7355,5.2193,6.5548,9.8347,12.2047,13,13,13,13,15,13,13,13,13,13,13,13,13,13,13
01_13_12_01_0363.bmp,0,12,1,13,1.3984,1.199,8.335,2.0413,2.9633,1.4739,1.7443,1.8504,2.2215,2.8834,3.5619,5.1483,6.3547,9.415,11.9522,13,13,13,13,13,13,13,13,13,13,13,13,13,13,13
01_13_12_01_0366.bmp,0,12,1,13,1.5489,1.2341,8.8953,2.2521,3.1147,1.6875,1.8434,2.06,2.4129,3.1733,3.7445,5.3548,6.7929,9.3098,11.646,13,13,13,13,13,13,13,13,13,13,13,13,13,13,13
01_13_12_01_0369.bmp,0,12,1,13,1.3212,0.9217,8.3436,1.9495,3.3833,1.4435,1.7713,2.0093,2.1227,2.9885,3.9247,5.2418,7.1287,9.919,12.5439,13,13,13,13,13,13,13,13,13,13,13,13,13,13,13
01_13_12_01_0372.bmp,0,12,1,13,1.7099,1.3808,7.9932,2.4498,4.2426,1.6401,1.9552,2.1604,2.261,2.8383,3.6355,5.5047,6.8238,9.1155,12.4318,13,13,13,13,13,13,13,13,13,13,13,13,13,13,13
01_13_12_01_0375.bmp,0,12,1,13,1.5669,1.365,5.4728,2.2164,4.2472,1.6379,1.8493,2.0323,2.4736,3.1418,4.1329,5.2212,7.0161,9.8113,12.4051,13,13,13,13,13,13,13,13,13,13,13,13,13,13,13
01_13_12_01_0376.bmp,0,12,1,13,1.3174,1.1395,4.4679,1.8994,3.6655,1.4118,1.6033,2.0375,2.4706,3.4325,4.3818,6.1722,8.3674,10.9985,15.2851,13,13,13,13,13,13,13,13,13,13,13,13,13,13,13
01_13_12_01_0377.bmp,0,12,1,13,1.3857,1.3032,6.5187,2.0263,4.0412,1.3969,1.6297,1.7704,2.0588,2.8374,3.8876,5.2312,6.0767,8.4684,11.5904,13,13,13,13,13,13,13,13,13,13,13,13,13,13,13
01_13_12_01_0381.bmp,0,12,1,13,1.4422,1.469,7.1437,2.1479,5.0589,1.5692,1.789,2.0976,2.5743,3.5343,4.678,6.6421,8.3359,12.0389,15.699,13,13,13,13,13,13,13,13,13,13,13,13,13,13,13
01_13_12_01_0384.bmp,0,12,1,13,0.9127,0.6912,5.3381,1.4139,4.9988,1.0241,1.2941,1.7281,2.1084,2.6581,3.4223,4.5767,6.5544,10.377,13.6671,13,13,7,15,15,13,13,8,13,13,8,13,25,25,25
01_13_12_01_0389.bmp,0,12,1,13,2.2217,1.7898,14.6901,3.4045,3.9679,2.1693,2.123,2.3422,2.3361,2.659,3.3913,4.2003,3.9464,6.391,7.5493,13,31,42,13,13,13,13,13,13,13,13,13,13,25,23
01_13_12_01_0392.bmp,0,12,1,13,2.8791,2.3717,14.7253,4.186,4.9218,2.9791,3.0023,3.2902,3.164,4.0109,3.6594,3.8825,4.4619,6.651,8.0959,13,31,42,13,13,13,13,13,13,13,13,13,13,13,40
01_13_12_01_0395.bmp,0,12,1,13,2.8971,2.2903,14.5562,4.2261,5.6384,2.9537,3.131,2.9252,2.9945,3.1215,3.6296,4.202,4.049,5.1845,9.2741,13,31,42,13,13,13,13,13,13,13,13,13,13,13,13
01_13_12_01_0398.bmp,0,12,1,13,2.1151,1.9749,15.3908,3.1928,4.0705,2.0007,2.3306,1.9838,2.2616,3.1123,3.2941,3.7405,5.4584,6.0702,8.1981,32,13,42,13,13,32,32,32,13,13,13,13,13,13,1
01_13_12_01_0399.bmp,0,12,1,13,1.9863,1.7971,13.6896,3.1169,4.3728,2.0096,2.252,2.0583,2.1408,2.7992,4.0261,4.1955,4.665,6.6541,8.3482,13,13,42,13,13,13,13,13,13,13,13,13,13,12,13
01_13_12_01_0400.bmp,0,12,1,13,3.403,2.5538,14.0742,5.0571,6.8496,3.3695,3.4911,3.2886,3.6228,3.8299,4.3134,4.3267,5.1127,6.1363,7.6249,13,13,42,13,13,13,13,13,13,13,13,12,13,13,13
01_13_12_01_0405.bmp,0,12,1,13,3.5043,2.6792,15.7061,5.3212,6.8804,3.5057,3.5495,3.7161,3.826,3.9877,3.8187,4.1024,5.8972,5.7576,8.0693,13,31,42,13,13,13,13,13,13,12,12,13,12,13,13
01_13_12_01_0409.bmp,0,12,1,13,3.8584,2.8842,14.6822,5.7193,8.2216,3.751,3.8796,3.8143,3.8045,4.2923,4.5019,4.3073,4.9971,4.7614,8.3692,13,13,13,13,13,13,13,13,13,13,13,13,13,13,13
01_13_12_01_0413.bmp,0,12,1,13,2.4713,2.079,12.2162,3.7181,0.5696,2.4021,2.389,2.6517,2.8876,3.0587,3.0535,4.0344,4.2365,6.5448,6.5082,13,13,13,13,13,13,13,13,13,13,13,13,13,25,12
01_13_12_01_0418.bmp,0,12,1,13,2.2301,1.9497,11.5544,3.3715,0.0,2.2833,2.2115,2.6739,2.5749,2.6427,3.1926,4.1819,5.3599,5.4521,7.182,13,13,13,13,13,13,13,13,13,13,13,13,12,13,13
01_13_12_01_0425.bmp,0,12,1,13,1.5749,1.3868,12.2415,2.3673,0.0,1.6703,1.7616,2.28,1.7817,2.4229,2.0832,3.8509,3.6858,5.7441,5.989,13,13,13,13,13,13,13,13,13,13,13,13,13,13,18
01_13_12_01_0430.bmp,0,12,1,13,1.8412,1.5095,14.7788,2.7131,2.0833,1.9654,2.1032,2.1363,2.1997,2.8504,3.2684,4.4351,5.4182,7.3072,8.121,13,13,13,13,13,13,13,13,13,13,13,13,13,13,13
01_13_12_01_0432.bmp,0,12,1,13,1.8372,1.4943,15.9969,2.724,3.1221,1.8358,1.9362,2.168,2.2311,2.7301,3.5689,4.5771,4.6614,6.973,9.5255,13,13,1,13,13,13,13,13,13,13,13,13,13,13,13
01_13_12_01_0434.bmp,0,12,1,13,1.9754,1.7093,16.314,2.9607,3.6273,2.1365,2.0769,2.5126,2.2118,2.7495,2.9819,3.5201,5.1147,6.6534,10.1834,13,13,25,13,13,13,13,13,13,13,13,13,13,13,13
01_13_12_01_0439.bmp,0,12,1,13,1.8421,1.6171,16.6603,2.749,3.305,1.7999,2.2375,2.0897,2.6044,2.8087,3.47,4.2975,6.0545,8.6116,9.6317,13,13,42,13,13,13,13,13,13,13,13,13,13,13,13
01_13_12_01_0442.bmp,0,12,1,13,1.8329,1.5031,15.7687,2.6317,3.8993,1.8008,1.9492,1.9781,2.1188,2.9633,3.0225,4.3504,4.9389,7.4511,9.8254,13,13,13,13,13,13,13,13,13,13,13,13,13,13,13
01_13_12_01_0443.bmp,0,12,1,13,1.53,1.3187,13.3517,2.3455,2.8309,1.6249,1.7821,1.9789,2.2632,2.2874,3.0192,4.1219,6.1395,6.5917,8.4793,13,13,13,13,13,13,13,13,13,13,13,13,13,13,13
01_13_12_01_0444.bmp,0,12,1,13,1.5289,1.2685,14.0115,2.2159,3.1543,1.613,1.6176,1.7644,2.1854,2.3748,3.3354,4.3288,5.0313,7.1773,9.0258,13,13,13,13,13,13,13,13,13,13,13,13,13,13,13
01_13_12_01_0448.bmp,0,12,1,13,1.683,1.3359,13.3269,2.6177,3.434,1.6545,1.9419,2.0741,2.7878,2.4828,3.2756,5.0581,6.4741,6.6627,10.2856,13,13,13,13,13,13,13,13,13,13,13,13,13,13,13
01_13_12_01_0450.bmp,0,12,1,13,1.9496,1.7483,16.0189,2.9438,4.543,2.0256,2.0514,2.2118,2.4354,2.8754,3.9786,5.0467,6.1943,8.3878,10.6816,13,13,13,13,13,13,13,13,13,13,13,13,13,13,13
01_13_12_01_0452.bmp,0,12,1,13,2.0207,1.5793,15.8619,3.0198,3.9893,2.1245,2.1167,2.2911,2.5058,2.7651,3.7312,4.3572,5.6276,8.776,9.7406,13,13,13,13,13,13,13,13,13,13,13,13,13,13,13
01_13_12_01_0455.bmp,0,12,1,13,1.8075,1.3834,18.5061,2.7523,3.581,1.8308,1.9091,2.2202,2.2791,3.0212,3.788,4.9629,6.9403,9.1312,11.1542,13,13,13,13,13,13,13,13,13,13,13,13,13,13,13
01_13_12_01_0456.bmp,0,12,1,13,1.6625,1.3277,18.8244,2.3838,2.8457,1.7434,1.9078,1.9079,2.6331,2.9061,3.5664,4.6052,5.7493,8.995,10.7972,13,13,13,13,13,13,13,13,13,13,13,13,13,13,13
01_13_12_01_0461.bmp,0,12,1,13,2.2206,1.4762,21.5135,3.326,3.1208,2.312,2.3825,2.3774,2.8043,3.3821,4.5351,4.8482,7.3146,9.5661,12.5649,13,13,13,13,13,13,13,13,13,13,13,13,13,13,13
01_13_12_01_0462.bmp,0,12,1,13,2.5342,1.6524,20.4758,3.798,3.8095,2.6855,2.6957,2.8064,2.7856,3.3537,4.1894,6.2141,8.0638,9.9698,11.8533,13,13,13,13,13,13,13,13,13,13,13,13,13,13,13
01_13_12_01_0463.bmp,0,12,1,13,2.3887,1.4355,18.8275,3.395,3.6951,2.4464,2.3072,2.7766,2.4809,3.2358,3.756,5.421,7.0561,9.5477,11.3176,13,13,13,13,13,13,13,13,13,13,13,13,13,13,13
01_13_12_01_0464.bmp,0,12,1,13,1.6742,1.0336,18.0228,2.4366,4.6989,1.6816,2.0134,2.0898,2.5471,2.9553,3.7033,6.0457,5.852,8.6005,12.9548,13,13,13,13,13,13,13,13,13,13,13,13,13,13,40
01_13_12_01_0465.bmp,0,12,1,13,2.0747,1.6272,16.5987,2.9809,4.0611,2.101,2.1612,2.2383,2.691,3.63,3.8667,5.7474,7.0618,9.6057,12.296,13,13,13,13,13,13,13,13,13,13,13,13,13,13,13
01_13_12_01_0471.bmp,0,12,1,13,1.4953,1.1347,14.8568,2.1765,1.9617,1.5732,1.7187,1.8922,2.5871,3.3885,3.6293,4.9477,6.9267,9.6899,12.1927,13,13,13,13,13,13,13,13,13,13,13,13,13,13,13
01_13_12_01_0473.bmp,0,12,1,13,1.6606,1.0954,13.766,2.3987,2.2875,1.7185,1.9738,2.3114,2.6684,3.5723,4.4099,6.5447,7.9983,11.0882,14.0454,13,13,13,13,13,13,13,13,13,13,13,13,13,13,13
01_13_12_01_0475.bmp,0,12,1,13,1.4363,1.0799,13.6452,2.1188,1.904,1.5291,1.773,1.8832,2.3164,3.099,4.0211,5.2924,6.8386,9.6381,11.4099,13,13,13,13,13,13,13,13,13,13,13,13,13,13,13
01_13_12_01_0476.bmp,0,12,1,13,1.9121,1.416,14.5962,2.7993,2.7079,1.8456,1.9676,2.3728,2.5681,3.3176,4.0241,5.8171,6.8976,9.593,12.8791,13,13,13,13,13,13,13,13,13,13,13,13,13,13,13
01_13_12_01_0480.bmp,0,12,1,13,1.3477,1.0464,11.68,2.0106,2.2271,1.4087,1.6195,1.8956,2.1917,2.7629,3.6469,4.9615,6.5712,10.0799,12.1147,13,13,13,13,13,13,13,13,13,13,13,13,13,13,13
01_13_12_01_0485.bmp,0,12,1,13,0.8955,0.7534,6.1919,1.2988,1.8757,0.962,1.2968,1.5957,2.0385,2.4516,3.4496,4.8468,6.6313,8.638,12.3873,13,13,13,13,13,13,13,13,13,13,13,13,13,13,13
01_13_12_01_0486.bmp,0,12,1,13,1.0618,0.862,7.4738,1.6052,1.7887,1.1293,1.3437,1.596,1.965,2.8743,3.5599,5.1469,6.3071,9.397,12.3899,13,13,13,13,13,13,13,13,13,13,13,13,13,13,13
01_13_12_01_0492.bmp,0,12,1,13,1.0232,0.7347,5.4233,1.5838,2.1781,1.1528,1.4422,1.8305,1.7916,2.8072,3.7308,5.0826,7.0969,10.226,12.8701,13,13,13,13,13,13,13,13,13,13,13,13,13,13,13
01_13_12_01_0495.bmp,0,12,1,13,1.2674,0.8696,10.2986,1.872,5.0877,1.2938,1.703,1.7293,2.3879,3.1816,4.4016,5.8121,7.5832,10.5135,13.4227,13,13,13,13,13,13,13,13,13,13,13,13,13,13,13
01_13_12_01_0497.bmp,0,12,1,13,0.97,0.6812,6.8877,1.2774,4.2531,1.0556,1.4085,1.6752,2.0158,2.9216,3.8592,5.3954,7.0053,10.5693,13.6308,13,13,13,13,13,13,13,13,13,13,13,13,13,13,13
01_13_12_01_0499.bmp,0,12,1,13,1.0615,0.6622,10.6477,1.5785,3.6257,1.3501,1.559,2.0635,2.3971,3.0745,3.9351,5.4492,7.3868,10.5051,13.383,13,13,13,13,13,13,13,13,13,13,13,13,13,13,13
01_13_12_01_0500.bmp,0,12,1,13,0.8835,0.6892,11.8839,1.3401,7.5847,1.1069,1.1871,1.6195,2.1472,3.0846,3.9503,5.3427,6.7987,9.4416,12.7901,13,13,13,13,13,13,13,13,13,13,13,13,13,13,13
01_13_12_01_0501.bmp,0,12,1,13,0.9845,0.6374,7.387,1.4669,4.3503,1.326,1.3204,1.6719,1.914,2.8328,3.7534,4.8643,6.3623,9.9869,12.08,13,13,13,13,13,13,13,13,13,13,13,13,13,13,13
01_13_12_01_0505.bmp,0,12,1,13,0.8051,0.7071,9.1018,1.3015,3.7468,1.034,1.311,1.595,2.0525,3.0173,3.7074,5.6515,7.168,9.9119,13.3329,13,13,13,13,13,13,13,13,13,13,13,13,13,13,13
01_13_12_01_0508.bmp,0,12,1,13,0.7151,0.6546,5.0564,1.1834,4.4591,0.9826,1.2329,1.6117,2.2484,2.8161,3.7598,5.2846,6.8921,10.2029,12.6123,13,13,13,13,13,13,13,13,13,13,13,13,13,13,13
01_13_12_01_0510.bmp,0,12,1,13,0.9255,0.694,10.8363,1.4561,8.4248,1.0298,1.4913,1.6805,2.0329,2.7489,4.1857,4.8378,6.9374,10.7157,12.6686,13,13,13,13,13,13,13,13,13,13,13,13,13,13,13
01_13_12_01_0511.bmp,0,12,1,13,0.8688,0.5566,5.7941,1.1419,5.9997,0.9353,1.2386,1.7243,2.0226,2.4938,3.5325,4.8613,6.6931,8.897,12.5062,13,13,13,13,13,13,13,13,13,13,13,13,13,13,13
01_13_12_01_0514.bmp,0,12,1,13,1.0356,0.7839,6.3865,1.5054,6.9563,1.2063,1.4816,1.8337,2.3107,3.3498,3.7428,4.9556,7.4183,10.0039,13.9796,13,13,13,13,13,13,13,13,13,13,13,13,13,13,13
01_13_12_01_0516.bmp,0,12,1,13,1.98,1.5354,14.9063,2.8171,3.423,1.7842,1.875,2.1347,2.2139,2.6164,2.535,3.7191,3.9909,6.6882,8.1294,32,31,42,32,32,32,32,32,32,32,13,12,13,34,13
01_13_12_01_0521.bmp,0,12,1,13,2.4224,1.9783,13.4621,3.5835,5.6242,2.2902,2.4944,2.3726,2.4182,3.0374,3.5156,3.8153,4.5051,5.8511,7.5509,32,31,42,13,12,32,32,32,13,32,13,13,13,4,25
01_13_12_01_0523.bmp,0,12,1,13,2.1983,2.0429,12.3779,3.2942,6.3318,2.2754,2.3577,2.4366,2.6706,2.8722,3.4289,4.8826,5.3538,8.9219,11.4556,13,13,13,13,13,13,13,13,13,13,13,13,13,13,13
01_13_12_01_0525.bmp,0,12,1,13,1.7812,1.4251,13.685,2.5279,5.073,1.7964,1.7907,2.2467,2.3455,3.0122,3.549,4.1645,4.8371,7.4529,8.9867,13,13,13,13,13,13,13,13,13,13,13,13,13,13,13
01_13_12_01_0526.bmp,0,12,1,13,2.5129,2.0607,17.4115,3.7134,6.0441,2.4095,2.4861,2.5974,2.5472,3.1369,3.2574,4.2262,5.4433,6.0438,7.7083,32,31,42,32,13,32,32,32,32,13,13,13,13,13,7
01_13_12_01_0533.bmp,0,12,1,13,2.2505,1.5625,12.0679,3.2552,3.8092,2.2516,2.332,2.5014,2.6063,2.5501,3.607,4.6756,6.0061,8.7384,10.3977,13,13,13,13,13,13,13,13,13,13,13,13,13,40,40
01_13_12_01_0537.bmp,0,12,1,13,1.6966,1.0877,13.544,2.6471,2.7283,1.8612,2.0884,2.1107,2.3532,2.596,3.3589,4.785,6.1929,9.2616,9.9927,13,13,13,13,13,13,13,13,13,13,13,13,13,40,40
01_13_12_01_0538.bmp,0,12,1,13,2.1737,1.77,17.21,3.3885,8.7307,2.2365,2.3968,2.4178,2.7096,2.9803,2.913,3.6468,4.377,5.0512,6.9358,32,32,42,32,32,32,32,32,32,32,32,12,12,13,13
01_13_12_01_0539.bmp,0,12,1,13,1.7534,1.2678,11.5005,2.554,5.42,1.7223,2.1126,2.0058,2.2283,2.7635,3.9837,4.8227,5.9189,7.8413,10.9484,13,13,13,13,13,13,13,13,13,13,13,13,13,12,40
01_13_12_01_0542.bmp,0,12,1,13,2.4743,1.9972,17.5764,3.678,7.329,2.3497,2.5397,2.575,2.5599,2.7722,2.3892,4.3106,4.7994,6.4002,6.7687,32,13,42,32,13,32,13,13,32,32,13,13,13,13,13
01_13_12_01_0549.bmp,0,12,1,13,1.4721,1.051,11.5175,2.1533,2.0767,1.5863,1.5875,2.1034,1.9627,3.0018,3.9882,5.2919,6.0974,9.7473,9.8969,13,13,13,13,13,13,13,13,13,13,13,13,12,40,40
01_13_12_01_0550.bmp,0,12,1,13,1.9048,1.5745,16.5187,2.8174,5.7148,1.9829,1.8973,2.1318,2.2386,2.4658,2.9385,3.8108,4.525,5.9739,8.0215,13,13,42,13,13,13,13,13,13,13,13,12,13,13,23
01_13_12_01_0554.bmp,0,12,1,13,2.065,1.6159,17.161,3.008,5.7634,2.026,2.3266,1.9783,2.4204,2.9132,2.6948,3.4467,5.4413,4.9599,7.4735,32,13,42,32,32,32,32,32,32,13,13,13,13,13,25
01_13_12_01_0557.bmp,0,12,1,13,1.3007,0.8949,14.8655,1.9677,2.5355,1.2654,1.7127,1.6284,1.8228,2.8378,3.6867,4.6479,5.9399,8.0613,11.1334,13,13,13,13,13,13,13,13,13,13,13,13,13,40,13
01_13_12_01_0559.bmp,0,12,1,13,1.4458,0.953,13.7186,2.1658,0.0,1.5528,1.8047,2.0601,2.6345,3.1935,4.1597,3.9888,6.2937,8.357,11.9818,13,13,13,13,13,13,13,13,13,13,13,13,13,40,40
01_13_12_01_0561.bmp,0,12,1,13,1.003,0.7756,11.0493,1.4697,5.8073,1.1644,1.2476,1.2786,1.7512,2.5607,2.9698,5.1031,6.3604,8.6047,11.2053,13,13,13,13,13,13,13,13,13,13,13,13,13,40,40
01_13_12_01_0565.bmp,0,12,1,13,1.1859,0.8574,13.9142,1.75,1.9308,1.2184,1.5213,1.8199,1.884,2.4508,2.9556,5.1058,5.5426,8.1175,10.9956,13,13,13,13,15,13,13,13,13,13,13,13,13,13,40
01_13_12_01_0566.bmp,0,12,1,13,2.9951,2.3094,19.4209,4.3981,5.4046,3.0004,3.0845,3.1232,3.0167,3.5878,3.5477,4.7594,4.9983,6.923,9.7574,13,13,13,13,13,13,13,13,13,13,13,13,13,13,2
01_13_12_01_0567.bmp,0,12,1,13,2.1787,1.57,15.2039,3.2425,3.9872,2.1933,2.2274,2.6552,2.7251,3.2068,4.1385,5.1365,6.8033,9.3163,11.6479,13,13,13,13,13,13,13,13,13,13,13,13,13,25,40
01_13_12_01_0570.bmp,0,12,1,13,3.2174,2.7026,16.4871,4.8596,5.2702,3.1517,3.3386,3.3751,3.3985,3.707,4.2265,4.6544,4.8755,7.8849,9.1329,13,13,42,13,13,13,13,13,13,13,13,13,13,13,23
01_13_12_01_0571.bmp,0,12,1,13,2.165,1.5639,17.4551,3.2955,5.4975,2.2379,2.2685,2.5989,2.6562,3.1662,3.6858,5.9987,6.9322,9.3933,11.7717,13,13,13,15,15,13,13,13,13,13,13,13,13,13,40
01_13_12_01_0573.bmp,0,12,1,13,3.0803,2.2367,16.1919,4.6271,9.1391,3.1111,3.3242,3.4758,3.7343,3.8033,4.0674,6.3161,6.8804,10.7439,12.6251,13,13,13,15,15,13,13,13,13,13,13,13,13,13,40
01_13_12_01_0581.bmp,0,12,1,13,2.55,1.9399,16.8561,3.7869,3.6905,2.5219,2.691,2.8563,3.2696,3.524,5.042,6.1451,7.5503,9.9831,12.3588,13,13,13,13,15,13,13,13,13,13,13,13,13,13,40
01_13_12_01_0586.bmp,0,12,1,13,2.0178,1.7762,14.016,2.9527,6.4216,2.0387,2.0882,2.2512,2.2586,2.289,2.8646,3.9774,4.9526,6.9494,8.9766,13,13,13,13,13,13,13,13,13,13,13,13,13,13,40
01_13_12_01_0588.bmp,0,12,1,13,0.9685,0.9094,12.0261,1.4825,3.2744,0.9876,1.5532,1.5771,1.9188,2.0128,2.5381,4.0234,5.2202,6.1752,8.5729,13,13,13,13,13,13,13,13,13,13,13,13,13,13,25
01_13_12_01_0589.bmp,0,12,1,13,1.7352,1.4418,14.2995,2.7299,5.8468,1.8805,2.015,2.3999,2.7282,3.491,4.4656,6.0572,7.5963,11.2676,15.7491,13,13,13,15,13,13,13,13,13,13,13,13,13,13,13
01_13_12_01_0590.bmp,0,12,1,13,1.6397,1.4416,12.4589,2.4823,1.0447,1.627,1.7772,1.8192,2.2052,2.1426,3.2558,3.785,5.0756,6.467,8.7172,13,13,42,13,13,13,13,13,13,13,13,13,13,13,40
01_13_12_01_0592.bmp,0,12,1,13,1.7478,1.5074,12.7777,2.6019,4.2257,1.7908,1.9584,1.9408,2.0091,2.7235,3.4193,4.4697,5.1117,6.678,9.6254,13,13,42,13,13,13,13,13,13,13,13,13,13,23,40
01_13_12_01_0595.bmp,0,12,1,13,2.235,1.9378,14.8149,3.2826,5.9924,2.2418,2.4201,2.383,2.684,3.4078,3.6697,4.9576,5.8593,9.0871,11.0842,13,13,13,13,13,13,13,13,13,13,13,13,13,13,13
01_13_12_01_0600.bmp,0,12,1,13,1.7087,1.2692,12.4137,2.6269,2.6559,1.8516,2.0118,2.3193,2.6435,3.364,4.1804,5.5726,6.9662,9.6131,13.3531,13,13,13,13,13,13,13,13,13,13,13,13,13,13,13
01_13_12_01_0601.bmp,0,12,1,13,1.4202,1.0842,11.1536,1.9933,2.1142,1.6719,1.7282,1.9668,2.3295,3.2277,3.5429,5.2871,7.203,10.1768,12.9207,13,13,13,13,15,13,13,13,13,13,13,13,13,13,13
01_13_12_01_0605.bmp,0,12,1,13,1.2718,0.9416,10.6039,1.828,1.8859,1.3347,1.6532,2.1804,2.3221,3.3537,3.5113,5.7662,6.407,10.7647,12.5299,13,13,13,13,13,13,13,13,13,13,13,13,13,13,13
01_13_12_01_0607.bmp,0,12,1,13,1.488,1.1468,9.521,2.3641,2.2784,1.557,1.8407,1.9595,2.5107,3.046,3.8712,5.2897,7.2232,10.04,12.8903,13,13,13,13,13,13,13,13,13,13,13,13,13,13,13
01_13_12_01_0609.bmp,0,12,1,13,1.5799,1.1034,8.2561,2.4459,4.123,1.6537,1.7968,2.1953,2.3094,3.1368,3.7538,5.7011,7.4713,10.237,13.8042,13,13,13,13,13,13,13,13,13,13,13,13,13,13,13
01_13_12_01_0625.bmp,0,12,1,13,0.6378,0.7597,11.8442,0.9908,13.4596,0.9609,1.2678,1.7523,1.9475,2.8245,3.9153,5.825,7.3986,11.0161,14.5204,13,13,13,13,7,13,13,13,13,13,13,13,13,13,13
01_03_12_02_0001.bmp,0,12,2,9,3.4693,2.4385,21.1122,5.1634,8.2148,3.503,3.4467,3.9065,3.8625,3.8256,4.4376,4.9147,6.4065,8.442,10.1894,13,13,41,13,15,13,13,13,13,13,13,13,25,13,25
01_03_12_02_0006.bmp,0,12,2,9,3.5124,2.514,21.4423,5.1771,9.8516,3.4203,3.7113,3.6651,3.5988,4.1952,4.5719,5.5307,5.7667,8.0136,9.3621,13,13,41,13,15,13,13,13,13,13,13,13,13,41,25
01_03_12_02_0012.bmp,0,12,2,9,3.3773,2.2918,19.898,4.9355,9.264,3.3981,3.3606,3.5292,3.7223,4.0311,4.6664,4.7928,6.4879,8.5685,10.672,13,13,41,16,41,13,13,13,13,13,13,13,41,12,25
01_03_12_02_0015.bmp,0,12,2,9,3.8347,2.7608,21.585,5.6589,11.7961,3.8585,3.81,4.0723,4.0313,4.3909,4.4518,6.2081,6.5782,9.4199,11.9008,13,13,16,16,13,13,13,13,13,13,13,13,41,25,40
01_03_12_02_0018.bmp,0,12,2,9,4.1315,2.9604,21.4169,6.239,11.7178,4.1531,4.0188,4.2262,4.4265,4.8129,4.97,5.7525,6.9911,8.5903,11.3388,13,13,16,13,13,13,13,13,13,13,13,13,41,25,13
01_03_12_02_0021.bmp,0,12,2,9,3.7775,2.6647,21.45,5.694,12.0633,3.8432,3.9084,3.9518,4.0394,4.5887,5.0619,6.169,6.6677,9.6512,11.5567,13,13,41,13,13,13,13,13,13,13,13,13,13,41,13
01_03_12_02_0024.bmp,0,12,2,9,4.299,3.1233,19.9707,6.544,6.0812,4.3414,4.4545,4.4139,4.8106,4.6641,5.1523,5.7541,6.8117,9.5228,11.7896,13,13,41,13,15,13,13,13,13,13,13,13,13,13,25
01_03_12_02_0036.bmp,0,12,2,9,3.2098,2.3114,15.6209,4.6232,10.2876,3.2531,3.2128,3.336,3.4553,4.313,4.6634,5.4304,7.4838,9.1485,11.521,13,13,41,15,15,13,13,13,13,13,13,13,25,25,40
01_03_12_02_0042.bmp,0,12,2,9,3.0367,2.2705,15.327,4.4529,7.1569,3.0727,3.0982,3.158,3.515,3.9057,4.5914,5.8761,6.851,9.3045,12.0436,13,13,41,15,15,13,13,13,13,13,13,13,25,24,25
01_03_12_02_0043.bmp,0,12,2,9,2.9734,2.0845,14.8106,4.4208,7.0194,2.9608,2.9765,3.3372,3.3563,3.9747,4.4912,5.7564,7.0328,9.3566,12.6775,13,13,16,15,13,13,13,13,13,13,13,13,25,25,40
01_03_12_02_0044.bmp,0,12,2,9,2.8049,2.0951,15.3484,4.1867,9.1599,2.7653,2.9094,3.1503,3.2813,3.6047,4.2071,5.4064,7.245,9.4927,11.717,13,13,41,15,15,13,13,13,13,13,13,13,25,25,25
01_03_12_02_0046.bmp,0,12,2,9,2.9862,2.1996,15.4916,4.3427,6.3209,2.9871,3.1299,3.4671,3.4327,4.1384,4.2363,5.6807,6.8746,9.3767,12.17,13,13,16,15,13,13,13,13,13,13,13,13,25,25,25
01_03_12_02_0048.bmp,0,12,2,9,2.818,2.0378,15.3978,4.2038,5.8573,2.7762,2.87,2.9093,2.8055,3.6472,4.0491,5.3013,7.1543,9.3534,11.8118,13,13,16,15,15,13,13,13,13,13,13,13,13,13,25
01_03_12_02_0050.bmp,0,12,2,9,2.8527,2.2124,12.4547,4.3455,10.9768,2.9521,3.1166,3.2251,3.4714,3.868,4.7672,6.1406,7.0608,9.7911,12.2349,13,13,16,15,13,13,13,13,13,13,13,13,13,25,25
01_03_12_02_0051.bmp,0,12,2,9,2.797,2.1396,11.6847,4.1552,5.8597,2.8363,2.8121,3.132,3.3735,3.9624,4.3942,5.8808,7.3437,9.9041,11.5947,13,13,16,13,15,13,13,13,13,13,13,13,13,25,25
01_03_12_02_0055.bmp,0,12,2,9,2.6708,1.9561,12.8456,3.8225,5.6148,2.671,2.8166,2.8539,2.9891,3.442,4.2856,5.6734,7.0205,9.2871,11.9573,13,13,16,15,15,13,13,13,13,13,13,13,13,25,25
01_03_12_02_0061.bmp,0,12,2,9,1.7843,1.3982,10.2318,2.5887,8.7902,1.734,1.9527,2.2272,2.5926,3.2067,3.9622,5.5533,6.8242,9.7575,12.8025,13,13,9,15,9,13,13,13,13,13,13,13,25,25,24
01_03_12_02_0066.bmp,0,12,2,9,2.1578,1.7815,11.374,3.2842,5.0709,2.1911,2.4484,2.6479,2.8718,3.2031,3.8636,5.7874,6.7409,9.5887,12.6419,13,13,9,9,15,13,13,13,13,13,13,13,41,25,25
01_03_12_02_0069.bmp,0,12,2,9,2.294,1.7771,11.7285,3.3055,5.1491,2.2421,2.3532,2.5487,2.8436,3.5342,4.2054,5.8493,6.6328,9.8716,13.1978,15,13,9,15,15,15,13,13,13,13,13,13,25,24,25
01_03_12_02_0072.bmp,0,12,2,9,2.3044,1.8416,8.7943,3.3694,5.1725,2.2995,2.4789,2.6403,2.8338,3.362,4.0765,5.4297,6.8499,9.6846,12.2621,9,13,9,9,15,9,9,9,9,9,13,25,25,25,25
01_03_12_02_0075.bmp,0,12,2,9,2.8874,2.2844,11.1609,4.2443,6.3566,2.862,3.0566,3.1105,3.2528,3.6953,4.1759,5.7983,7.1198,9.9405,12.8148,9,13,9,9,15,9,9,9,9,13,13,41,41,25,25
01_03_12_02_0077.bmp,0,12,2,9,2.82,2.2569,10.4403,4.1207,6.3016,2.7724,2.8629,2.9447,3.2067,3.5617,4.0155,5.4552,6.8253,10.1699,12.3837,9,13,9,9,9,9,9,9,9,9,9,41,25,25,24
01_03_12_02_0078.bmp,0,12,2,9,2.9755,2.4378,12.1979,4.3183,6.9854,2.9185,3.0373,3.0973,3.2214,4.015,4.2124,5.8792,7.2682,9.6525,12.7204,9,13,9,9,9,9,9,9,9,9,9,13,41,25,25
01_03_12_02_0082.bmp,0,12,2,9,2.6533,2.2485,10.547,4.0402,8.1289,2.7872,2.8235,3.1406,2.9944,4.0832,4.2259,6.0384,7.5084,11.0033,13.8971,9,13,9,9,8,9,9,9,9,13,9,9,25,25,25
01_03_12_02_0083.bmp,0,12,2,9,2.1522,1.7251,15.4011,3.3783,7.7667,2.2918,2.4858,2.8252,3.2311,3.976,5.143,7.1723,8.7236,12.0889,15.3393,9,13,0,9,14,9,9,9,9,25,25,25,25,25,25
01_06_12_02_0002.bmp,1,12,2,14,2.6731,1.9843,20.4738,3.9651,5.1768,2.701,2.8704,2.7928,3.0936,3.2345,3.8887,4.5631,4.9344,5.8346,7.5257,36,36,25,13,14,36,36,36,36,36,36,25,25,12,23
01_06_12_02_0003.bmp,1,12,2,14,2.5511,1.8132,20.602,3.7394,4.9186,2.6101,2.7129,2.6799,2.7452,3.139,3.7484,4.0093,5.3041,6.3541,7.6145,36,36,13,13,13,36,36,25,25,25,13,25,25,25,25
01_06_12_02_0004.bmp,1,12,2,14,2.6839,1.9567,19.9652,4.0676,5.6069,2.6823,2.7303,2.7685,2.92,3.3277,3.3867,4.4543,4.8052,6.8808,9.662,36,36,13,25,26,36,36,36,25,36,25,25,25,25,13
01_06_12_02_0007.bmp,0,12,2,14,2.9576,2.3893,16.7751,4.436,6.2293,2.9203,3.1672,3.1152,3.3577,3.8033,4.5218,5.5361,7.3722,10.8684,12.5354,25,25,25,14,14,25,25,25,25,25,25,25,25,25,25
01_06_12_02_0007.bmp,1,12,2,14,3.1178,2.3388,21.4909,4.7351,6.114,3.1977,3.3775,3.4064,3.397,4.0518,4.5967,5.8259,6.0694,8.1742,11.831,25,25,25,14,14,25,25,25,25,25,25,25,25,25,23
01_06_12_02_0012.bmp,0,12,2,14,1.6369,1.456,11.64,2.3938,3.581,1.5388,1.9662,2.268,2.5298,3.439,4.3762,5.8395,7.7778,11.1285,14.4689,25,25,25,14,14,25,25,25,25,25,25,25,25,24,25
01_06_12_02_0012.bmp,1,12,2,14,2.9773,2.2549,23.4441,4.4472,9.8314,3.0642,3.1749,3.2319,3.8256,4.147,4.5345,5.4446,7.3371,8.9894,12.3054,25,25,25,25,25,25,25,25,25,25,25,25,25,25,25
01_06_12_02_0013.bmp,1,12,2,14,2.8905,2.2985,20.2618,4.245,4.7589,3.0612,3.1902,3.1496,3.5408,3.7268,4.6447,5.1152,6.0212,8.4888,11.6114,25,25,25,14,14,25,25,25,25,25,25,25,25,25,25
01_06_12_02_0014.bmp,0,12,2,14,1.759,1.5526,10.1031,2.6743,5.5579,1.7942,1.9929,2.4158,2.546,3.369,4.1253,5.8231,7.6304,11.6853,14.045,25,25,25,14,14,25,25,25,25,25,25,25,25,25,25
01_06_12_02_0015.bmp,0,12,2,14,1.2302,1.0617,10.0433,1.8407,2.1892,1.4166,1.6128,1.9029,2.1439,3.0076,3.6876,5.7675,7.4733,10.0677,13.2957,25,25,25,14,14,25,25,25,25,25,25,25,25,25,25
01_06_12_02_0015.bmp,1,12,2,14,2.3404,1.7664,17.246,3.5478,3.9974,2.3198,2.5398,2.4331,2.9318,3.5442,4.396,5.5679,6.3137,8.7903,10.0687,25,25,25,25,14,25,25,25,25,25,25,25,25,25,25
01_06_12_02_0016.bmp,1,12,2,14,3.1188,2.4096,23.2432,4.5918,5.9297,3.0261,3.2729,3.2525,3.3497,3.6273,4.4962,5.4686,6.9566,9.1898,10.4222,25,25,13,14,14,25,25,25,25,25,25,25,25,25,25
01_06_12_02_0017.bmp,1,12,2,14,3.5848,2.7336,17.917,5.4386,7.3692,3.6713,3.7835,3.7475,4.0217,4.3437,4.5731,6.1026,7.1266,9.7797,11.3916,25,25,25,14,14,25,25,25,25,25,25,13,14,25,25
01_06_12_02_0021.bmp,0,12,2,14,1.2577,1.1659,9.8344,1.9095,2.3355,1.4516,1.6385,1.8631,2.378,3.1286,4.3795,5.9181,7.1855,11.9429,14.0303,25,25,25,14,14,25,25,25,25,25,25,25,24,25,25
01_06_12_02_0022.bmp,1,12,2,14,1.8804,1.5642,14.6939,2.8538,3.259,1.9965,2.1366,2.2939,2.5461,3.1472,4.0508,5.4015,6.5299,8.9004,12.5055,25,25,11,13,14,25,25,25,25,25,25,25,25,25,25
01_06_12_02_0024.bmp,0,12,2,14,1.0965,0.8812,6.9371,1.6036,2.0939,1.2051,1.3947,1.7543,2.136,2.8774,3.7687,5.6563,6.6455,10.4233,14.1755,25,25,25,14,14,25,25,25,25,25,25,25,25,24,24
01_06_12_02_0029.bmp,0,12,2,14,1.0106,0.8256,6.4578,1.4754,2.5059,1.1662,1.4254,1.7075,2.1218,3.0324,4.0158,5.3711,7.1874,10.5634,13.0642,25,25,25,14,14,25,25,25,25,25,25,25,25,25,25
01_06_12_02_0029.bmp,1,12,2,14,7.8853,6.0123,25.0244,11.821,21.345,7.9027,7.9599,8.011,8.3009,8.4352,8.9931,9.9235,10.9534,13.8847,16.4261,25,25,25,14,14,25,25,25,25,25,25,25,25,24,13
01_06_12_02_0030.bmp,0,12,2,14,0.81,0.6932,9.2086,1.1308,2.6139,0.9674,1.3271,1.5885,1.923,2.9422,3.8498,5.0786,7.4352,11.2927,13.6831,25,25,25,14,14,25,25,25,25,25,25,25,25,25,24
01_06_12_02_0030.bmp,1,12,2,14,4.6931,3.4327,21.5718,7.0798,12.4563,4.7751,4.8401,4.9346,4.8448,4.966,5.7291,7.1139,7.7935,10.1474,11.6895,25,25,12,3,14,25,25,25,25,25,25,25,25,25,25
01_06_12_02_0031.bmp,0,12,2,14,1.0465,0.8651,9.4547,1.5339,3.5139,1.2671,1.464,1.8942,2.2523,2.8464,4.1037,5.5673,7.3593,11.7618,13.8886,25,25,2,14,14,25,25,25,25,25,25,25,25,24,25
01_06_12_02_0031.bmp,1,12,2,14,1.7254,1.3419,16.3982,2.5372,4.322,1.7275,1.7205,2.136,2.0274,2.7013,3.247,3.5359,4.2174,6.8812,7.7283,12,36,42,12,9,12,12,12,12,12,12,25,12,25,25
01_06_12_02_0035.bmp,0,12,2,14,0.9121,0.6982,4.4706,1.3329,2.4047,1.0985,1.2337,1.6091,1.9966,2.8109,4.0384,4.7662,7.8318,10.1641,13.4605,14,25,2,14,14,25,14,14,25,25,25,25,24,25,24
01_06_12_02_0037.bmp,1,12,2,14,1.5598,1.2374,15.6739,2.34,4.4024,1.5974,1.7851,1.806,2.107,2.6412,3.0532,3.6359,4.187,5.533,8.8428,36,36,16,12,24,36,12,12,12,12,12,12,12,12,0
01_06_12_02_0038.bmp,0,12,2,14,1.1857,0.998,17.3179,1.834,2.3873,1.2893,1.5517,1.783,2.2944,3.0106,4.0243,5.6444,7.1757,10.5893,13.5894,25,25,2,14,14,25,25,25,25,25,25,25,25,25,24
01_06_12_02_0039.bmp,0,12,2,14,0.7524,0.8778,15.4966,1.2356,1.752,0.9584,1.2879,1.4965,1.8365,2.4756,3.2969,4.908,5.954,10.0801,12.8409,24,25,2,14,14,24,24,24,24,24,24,25,24,24,25
01_06_12_02_0040.bmp,1,12,2,14,1.4515,1.12,16.2833,2.2255,2.4545,1.5384,1.6285,1.8793,2.049,2.5894,3.1226,4.2468,4.9307,7.4707,9.6801,13,36,42,13,13,13,13,13,13,13,12,12,25,25,23
01_06_12_02_0041.bmp,1,12,2,14,1.7845,1.3605,19.9366,2.6074,3.5682,1.8242,1.9186,2.0242,2.3749,2.7384,3.3654,4.5289,5.1794,8.0361,9.555,12,36,42,13,3,12,12,12,12,12,12,25,25,25,25
01_06_12_02_0042.bmp,0,12,2,14,0.7305,0.625,12.9179,0.9234,1.3575,0.8561,1.1056,1.4785,1.8097,2.528,3.1938,5.2705,6.6638,9.2306,13.0922,25,25,2,14,14,25,25,25,25,25,25,25,25,25,25
01_06_12_02_0050.bmp,0,12,2,14,1.4035,1.1139,15.7172,2.0803,4.2878,1.4151,1.5379,1.7236,2.0268,2.4912,3.302,4.0506,5.7151,8.1552,9.9427,13,36,16,17,14,13,13,13,13,25,25,25,25,25,25
01_06_12_02_0051.bmp,0,12,2,14,1.5411,1.2083,16.6342,2.174,3.1321,1.5303,1.7502,2.1121,2.5218,3.1583,4.1486,5.5301,7.3239,10.8814,13.5636,13,32,9,17,14,13,13,13,25,25,25,25,25,25,25
01_06_12_02_0059.bmp,0,12,2,14,1.8704,1.445,11.9482,2.8507,4.5393,1.9275,2.0199,2.386,2.2195,3.0056,3.5357,4.3894,6.619,8.3212,10.7154,13,19,25,14,14,13,13,25,25,25,25,25,25,25,13
01_06_12_02_0064.bmp,0,12,2,14,2.1641,1.7191,11.3306,3.2804,4.5165,2.2213,2.4178,2.4625,2.9079,3.4612,3.8497,5.5257,6.6645,9.58,12.7022,12,32,25,14,14,25,12,12,25,25,25,25,25,25,23
01_06_12_02_0066.bmp,0,12,2,14,2.7679,2.2328,13.4292,3.9982,5.7799,2.6491,2.8743,2.9073,3.1362,3.6817,4.6371,5.6214,7.0694,9.4027,12.4952,25,25,25,14,14,25,25,25,25,25,25,25,25,24,13
01_06_12_02_0068.bmp,0,12,2,14,2.336,1.8102,12.0811,3.5754,4.8899,2.4841,2.5264,2.5571,2.8115,3.6875,4.5295,5.8089,7.2074,9.6324,12.8566,25,25,25,14,14,25,25,25,25,25,25,25,25,25,24
01_06_12_02_0070.bmp,0,12,2,14,2.2781,1.9034,11.4995,3.4325,5.5509,2.2491,2.376,2.6772,2.6738,4.0177,4.3453,5.5801,7.0023,10.0634,12.3624,25,25,25,25,14,25,25,25,25,25,25,25,25,24,24
01_06_12_02_0074.bmp,0,12,2,14,2.1821,1.8979,11.0746,3.312,5.3915,2.2925,2.2749,2.7456,2.5328,3.7833,4.1685,5.5994,7.0596,9.9984,12.928,25,25,2,14,14,25,25,25,25,25,25,25,25,25,13
01_06_12_02_0075.bmp,0,12,2,14,1.5618,1.3652,9.3927,2.5068,3.4393,1.7652,2.0666,2.3057,2.5459,3.25,3.9969,5.9573,7.493,10.3503,12.8495,2,25,2,14,14,2,2,2,25,25,25,25,25,24,13
01_06_12_02_0085.bmp,0,12,2,14,0.8595,0.7543,8.7841,1.2012,1.5287,0.9936,1.1625,1.6191,1.811,2.4082,3.5016,4.526,6.0801,8.9167,12.9191,1,1,2,17,8,1,1,1,1,25,25,25,25,23,23
01_06_12_02_0088.bmp,0,12,2,14,2.8295,2.3609,8.1898,4.1554,6.4604,2.8314,3.0419,2.9549,3.4729,3.8506,4.5751,6.3825,7.6777,10.8816,14.1377,25,25,2,25,14,25,25,25,25,25,25,25,25,25,13
01_06_12_02_0089.bmp,0,12,2,14,1.0233,0.7279,7.6035,1.3362,2.6506,0.8917,1.2117,1.5382,1.9299,2.5141,3.7851,5.0032,6.4703,9.3912,12.371,0,0,0,25,14,0,0,0,0,25,0,0,25,25,23
01_11_12_02_0003.bmp,0,12,2,12,2.1917,1.6281,18.3373,3.2724,4.8399,2.1968,2.3591,2.5664,2.7826,2.9221,3.4263,4.4634,5.703,7.0782,9.5715,36,31,11,36,17,36,36,36,36,36,12,12,0,12,25
01_11_12_02_0019.bmp,0,12,2,12,3.1655,2.2967,22.6729,4.6469,7.4536,3.2,3.2332,3.4399,3.5942,3.4375,4.7923,6.1852,6.2691,8.3622,11.7524,11,11,42,18,13,11,11,11,11,11,13,11,12,13,11
01_11_12_02_0020.bmp,0,12,2,12,4.2653,2.978,17.2014,6.3118,11.4274,4.2226,4.1489,4.1851,4.455,4.7857,4.7366,6.25,7.8758,9.957,11.5564,32,13,11,17,32,32,32,32,32,11,18,11,11,12,6
01_11_12_02_0021.bmp,0,12,2,12,2.1255,1.6565,21.1072,3.1606,5.9734,2.2865,2.2305,2.5824,2.3992,3.2543,3.8515,5.2023,5.8594,9.4427,11.9634,11,11,11,11,11,11,11,11,11,11,11,11,11,11,11
01_11_12_02_0022.bmp,0,12,2,12,2.5345,1.9165,19.4595,3.8765,6.9874,2.5192,2.9721,2.8807,3.148,4.1341,4.5895,5.211,6.7645,8.5149,10.1135,11,11,11,11,1,11,11,32,11,11,12,11,11,25,12
01_11_12_02_0024.bmp,0,12,2,12,2.8625,2.1089,20.0655,4.2897,6.9919,2.9697,3.0033,2.9818,3.6572,3.9956,4.5074,5.482,7.3726,9.7069,12.4218,13,13,11,1,1,12,13,12,13,25,12,18,12,11,25
01_11_12_02_0027.bmp,0,12,2,12,4.2846,3.1006,22.263,6.3656,9.8607,4.4768,4.1637,4.0366,4.4009,4.8956,5.5808,6.2865,8.2251,9.3863,11.2421,12,13,11,32,1,12,12,32,32,12,11,11,25,25,25
01_11_12_02_0028.bmp,0,12,2,12,4.2045,3.0069,20.511,6.2362,10.0857,4.3289,4.2407,4.2871,4.166,4.658,5.2083,6.2975,7.978,9.7133,12.5248,13,13,11,13,13,13,13,13,13,13,12,11,12,25,20
01_11_12_02_0031.bmp,0,12,2,12,2.7023,2.1895,22.5763,4.0985,5.8692,2.8112,2.8514,3.1833,3.2225,3.9031,4.5279,6.1332,7.6797,9.364,11.5666,13,13,11,17,1,13,13,13,13,13,13,13,18,36,13
01_11_12_02_0033.bmp,0,12,2,12,2.9465,2.2643,23.1452,4.3838,5.9326,2.9395,2.9518,3.3602,3.3691,4.1123,4.2384,6.5105,7.3255,9.7767,10.5716,36,13,11,1,1,13,13,13,13,18,13,12,13,18,20
01_11_12_02_0038.bmp,0,12,2,12,3.5573,2.7705,21.5964,5.2406,7.7025,3.5381,3.5134,3.5779,3.8046,4.4077,4.9268,5.9143,7.1775,9.7301,12.6569,1,13,11,1,1,1,1,1,1,1,1,18,13,25,13
01_11_12_02_0045.bmp,0,12,2,12,3.3807,2.734,17.9766,5.0923,10.8638,3.4141,3.382,3.6022,3.8478,4.5331,5.1167,6.4175,7.2908,10.6525,12.8712,1,1,18,1,1,1,1,1,1,1,1,1,1,1,13
01_11_12_02_0049.bmp,0,12,2,12,2.9871,2.4173,14.9999,4.4314,8.7416,3.0988,3.2627,3.1066,3.3577,3.7134,4.3617,5.2637,7.6145,10.3901,12.7004,1,1,1,1,1,1,1,1,1,1,1,1,1,11,13
01_11_12_02_0050.bmp,0,12,2,12,3.2092,2.3929,16.6746,4.7499,9.9975,3.2477,3.3115,3.2715,3.6433,4.1091,4.7333,6.1707,7.0274,9.8305,12.5553,1,1,11,1,1,1,1,1,1,1,1,1,1,13,13
01_11_12_02_0052.bmp,0,12,2,12,3.7532,3.0138,16.4961,5.6174,15.1985,3.7678,3.7448,3.9358,4.1858,4.4755,4.9194,6.1096,6.7829,10.5918,13.5715,1,1,11,1,1,1,1,1,1,1,1,1,18,12,13
01_11_12_02_0060.bmp,0,12,2,12,3.9131,2.904,12.965,5.9188,11.2728,3.978,3.9238,4.1968,4.3993,4.5469,5.0908,6.2744,7.9613,11.2077,14.2348,1,13,18,1,1,1,1,1,1,1,1,1,13,13,13
01_11_12_02_0061.bmp,0,12,2,12,4.1753,3.1234,13.5859,6.0888,11.829,4.1584,4.1616,4.3024,4.2729,4.946,5.0652,6.545,7.9473,10.6204,13.3056,1,13,18,1,1,1,1,1,1,1,1,13,18,25,13
01_11_12_02_0062.bmp,0,12,2,12,4.4892,3.4637,13.8495,6.7468,12.6501,4.4398,4.5044,4.7105,4.8549,4.7467,5.6037,6.7604,8.4287,11.1038,12.9864,1,13,11,1,1,1,1,1,1,1,1,13,13,13,13
01_11_12_02_0064.bmp,0,12,2,12,3.6203,2.9997,11.9901,5.3637,9.4817,3.8011,3.7382,3.8004,3.8876,4.4462,5.3711,6.2333,8.0851,11.248,13.8699,1,13,11,1,1,1,1,1,1,1,1,18,13,13,13
01_11_12_02_0069.bmp,0,12,2,12,2.5763,2.0056,10.5192,3.8169,7.4142,2.6138,2.7935,2.9138,3.2456,3.5925,4.629,5.9631,7.0412,10.2519,13.7411,1,25,26,26,1,1,1,1,1,26,1,26,26,24,13
01_11_12_02_0077.bmp,0,12,2,12,2.2804,1.7897,6.4824,3.3864,4.6413,2.2478,2.4216,2.5516,2.8218,3.6643,4.1579,5.4289,7.6744,10.1929,13.5294,26,25,26,26,15,26,26,26,25,25,25,25,25,26,13
01_11_12_02_0078.bmp,0,12,2,12,2.2655,1.8746,10.6982,3.4335,5.0672,2.3986,2.5985,2.5964,2.926,3.4485,4.056,5.7458,6.9301,10.8046,13.8736,26,25,18,26,15,26,26,26,26,26,25,13,25,24,13
01_11_12_02_0080.bmp,0,12,2,12,1.2177,0.9786,5.2013,1.8847,2.583,1.4006,1.5094,1.8294,2.1354,2.7219,3.3126,4.8126,6.5136,9.2072,12.1866,32,32,1,8,17,25,1,1,1,25,25,25,25,25,25
01_12_12_02_0002.bmp,0,12,2,17,1.32,1.1512,15.8535,1.9315,4.959,1.3658,1.4809,1.6185,2.011,2.6838,3.1103,4.0708,5.4339,7.6403,10.4846,17,17,25,17,17,17,17,17,17,17,9,17,9,25,25
01_12_12_02_0005.bmp,0,12,2,17,1.0584,0.9297,15.7088,1.5859,3.3976,1.1671,1.2029,1.5757,1.6465,2.4337,2.7328,3.8812,4.455,7.1973,9.8088,17,17,17,17,13,17,17,17,17,17,17,17,17,9,25
01_12_12_02_0006.bmp,1,12,2,17,0.5654,0.529,15.1301,0.8,1.8426,0.6752,0.7027,1.0088,1.1273,1.0689,1.6365,2.7845,2.8323,4.7253,6.5674,31,31,11,31,25,31,31,31,31,31,12,25,12,24,7
01_12_12_02_0009.bmp,0,12,2,17,1.5309,1.3501,15.0518,2.2644,4.8615,1.5217,1.8085,1.7436,2.0324,2.7486,3.3908,3.9207,5.2673,7.7314,10.4569,17,17,17,17,17,17,17,17,17,17,17,17,25,25,25
01_12_12_02_0012.bmp,0,12,2,17,1.7924,1.5056,13.5863,2.6275,7.1527,1.8261,1.9625,1.9929,2.4062,2.6165,3.5749,4.2918,5.9612,8.1891,10.1017,17,16,17,17,26,17,17,17,17,17,17,17,25,14,25
01_12_12_02_0012.bmp,1,12,2,17,0.3658,0.2688,12.549,0.4544,1.2659,0.5127,0.7849,0.9439,1.2418,1.4062,1.7749,2.0602,3.7735,4.3513,4.9123,31,31,9,31,13,31,31,31,31,36,36,12,12,11,25
01_12_12_02_0015.bmp,0,12,2,17,1.5167,1.3133,17.5716,2.2108,5.3712,1.5113,1.5094,1.9041,2.2252,2.8344,3.3025,4.5289,5.4941,7.4733,9.481,17,17,17,17,18,17,17,17,17,17,17,17,14,25,14
01_12_12_02_0017.bmp,1,12,2,17,0.4801,0.4009,13.1169,0.5144,1.577,0.5492,0.6985,0.8357,1.1853,1.3312,1.4882,2.609,2.739,5.0363,6.5967,36,36,25,36,0,36,36,36,31,36,12,36,36,7,11
01_12_12_02_0018.bmp,1,12,2,17,0.5119,0.4002,13.972,0.7847,1.8974,0.6345,0.7998,0.8244,1.032,1.2713,2.0205,2.3456,3.2801,4.6471,6.2966,36,36,16,36,14,36,36,36,36,36,36,36,12,12,12
01_12_12_02_0021.bmp,1,12,2,17,0.6011,0.4921,13.6745,0.7552,2.1236,0.7032,0.9249,1.1079,1.3267,1.6977,1.4504,2.9661,3.3408,4.2891,7.2271,31,31,12,36,14,31,31,31,31,36,12,31,12,25,11
01_12_12_02_0022.bmp,1,12,2,17,0.5846,0.4262,12.2664,0.7361,1.8177,0.5654,0.7302,1.0205,1.1998,1.661,2.0424,2.498,3.7332,5.0063,6.7851,36,36,25,36,14,36,36,31,36,31,36,12,12,25,25
01_12_12_02_0025.bmp,1,12,2,17,0.6882,0.5122,12.9247,0.938,2.6136,0.7355,0.8943,1.2493,1.1129,1.2076,1.6445,2.8652,3.7631,4.8616,7.0657,36,36,25,36,13,36,31,36,36,36,36,31,12,12,1
01_12_12_02_0028.bmp,1,12,2,17,0.6287,0.5122,12.9241,0.8284,2.579,0.6328,0.8,0.8949,0.9869,1.5464,1.7965,2.2172,3.0713,5.2446,6.4177,36,36,12,36,26,36,36,36,36,36,36,12,25,11,11
01_12_12_02_0032.bmp,0,12,2,17,0.7485,0.6343,5.0433,0.9993,1.5136,0.8272,1.1514,1.5095,1.8935,2.5139,3.1102,4.6991,6.2586,9.5651,10.6549,13,31,13,13,17,13,13,13,13,13,13,25,25,25,25
01_12_12_02_0033.bmp,0,12,2,17,0.7438,0.6162,5.801,1.0197,1.4675,0.8392,1.1486,1.5118,1.8598,2.4412,3.6191,4.7582,6.0622,8.6828,11.7375,13,17,9,17,17,13,13,13,13,13,25,25,25,25,25
01_12_12_02_0033.bmp,1,12,2,17,0.5284,0.4881,14.6623,0.7439,1.989,0.6124,0.7311,0.8748,1.312,1.3776,1.6944,2.8492,3.0843,5.0532,7.0766,31,36,11,13,13,31,31,36,31,36,36,31,12,25,11
01_12_12_02_0034.bmp,0,12,2,17,0.6945,0.5962,3.9638,0.9331,1.379,0.7315,1.0198,1.242,1.7508,2.2236,2.7826,4.0938,5.5974,7.6666,10.2083,13,17,13,17,17,13,13,13,13,13,13,25,25,25,25
01_12_12_02_0035.bmp,1,12,2,17,0.5871,0.4901,12.6015,0.8256,2.727,0.633,0.788,1.065,0.9775,1.4579,2.1701,2.2719,3.5397,4.9839,6.3294,31,31,12,12,13,31,31,31,31,31,12,12,12,25,12
01_12_12_02_0036.bmp,1,12,2,17,0.577,0.4901,15.6365,0.8238,2.2734,0.692,0.7844,1.015,1.054,1.3375,1.5706,2.9225,3.5371,4.5731,6.2396,31,36,12,36,13,31,31,31,31,31,36,36,0,12,12
01_12_12_02_0037.bmp,0,12,2,17,0.5611,0.4921,5.129,0.7418,1.0498,0.7219,1.0026,1.3573,1.8224,2.3218,3.3269,4.6862,6.1066,9.2359,11.943,36,17,9,17,17,36,36,13,36,13,9,9,25,25,25
01_12_12_02_0038.bmp,0,12,2,17,0.4896,0.4708,4.4921,0.6148,0.9415,0.6865,1.0305,1.335,1.7553,2.4212,3.1909,4.9164,6.5219,9.2688,11.9594,36,17,9,17,17,36,36,36,13,13,9,9,25,25,23
01_12_12_02_0040.bmp,0,12,2,17,0.4993,0.4314,3.1372,0.6012,1.2587,0.6622,0.9777,1.3125,1.6472,2.4346,3.123,4.2851,6.1788,8.4991,11.2559,36,17,13,17,17,36,36,36,13,13,13,13,25,25,25
01_12_12_02_0040.bmp,1,12,2,17,0.5754,0.4961,13.4948,0.8025,2.0853,0.6882,0.7782,1.1315,1.2801,1.5518,1.7236,2.5968,3.6498,4.97,6.3298,36,36,12,36,18,36,36,36,36,36,36,17,12,0,28
01_12_12_02_0043.bmp,0,12,2,17,0.4008,0.3278,2.2059,0.6776,1.0076,0.6925,1.0477,1.2448,1.5747,2.3678,3.0943,4.5286,5.9224,8.9371,11.7859,36,17,16,17,17,36,36,36,36,25,9,25,25,25,25
01_12_12_02_0044.bmp,0,12,2,17,0.5888,0.5613,14.789,0.8943,1.5477,0.6368,0.9265,1.0849,1.1412,1.5383,2.0995,3.0848,3.7439,4.7782,6.5299,36,36,12,17,26,36,36,36,36,36,36,36,12,0,28
01_12_12_02_0045.bmp,0,12,2,17,0.6947,0.5728,14.4986,0.9499,3.0902,0.6509,0.8838,1.1215,1.3716,1.5585,2.3535,2.5965,3.479,4.7752,6.844,36,36,16,17,26,36,36,36,36,36,15,17,17,12,12
01_12_12_02_0051.bmp,0,12,2,17,0.7994,0.6427,14.3529,1.1495,1.6438,0.8499,0.9778,1.1844,1.2231,1.5478,2.1809,3.344,3.0234,5.2965,6.9761,36,36,25,17,17,36,36,36,36,17,12,13,12,12,23
01_12_12_02_0052.bmp,0,12,2,17,0.7998,0.6644,13.8885,1.1373,1.5107,0.778,1.0313,1.1686,1.4219,1.4076,2.038,2.5312,3.8763,5.402,6.1748,17,36,26,17,13,17,17,17,17,17,17,13,13,12,28
01_12_12_02_0056.bmp,0,12,2,17,1.2331,0.9863,15.0512,1.7744,6.8512,1.32,1.5573,1.7969,1.8981,2.6817,3.2332,3.7472,5.0791,7.2114,9.6271,17,31,17,17,26,17,17,17,17,17,17,17,17,12,25
01_12_12_02_0060.bmp,0,12,2,17,0.9876,0.8828,16.5421,1.4644,5.681,1.1841,1.2673,1.5986,1.9663,2.5999,2.8418,4.3706,5.2117,6.2801,9.2739,17,17,17,17,17,17,17,17,17,17,17,9,25,25,13
01_12_12_02_0062.bmp,0,12,2,17,1.2657,1.0218,15.1425,1.813,4.012,1.2694,1.4164,1.811,2.0151,2.6203,2.8916,3.9842,5.0804,7.6608,9.591,17,17,13,17,17,17,17,17,17,17,17,13,25,12,12
01_12_12_02_0068.bmp,0,12,2,17,1.1925,0.9153,16.7972,1.7227,4.3478,1.3202,1.4423,1.7225,2.0188,2.581,3.1762,4.495,5.174,7.8001,10.422,17,17,17,17,17,17,17,17,17,17,17,25,12,25,25
01_12_12_02_0072.bmp,0,12,2,17,0.8178,0.6374,11.2817,1.1629,3.5808,0.9587,1.2147,1.3601,1.5229,2.233,3.0121,3.6929,5.7508,7.0023,10.0015,17,36,25,17,26,17,17,17,17,25,25,25,25,25,24
01_12_12_02_0077.bmp,0,12,2,17,1.3858,1.095,15.4226,2.0583,8.342,1.4643,1.6629,1.8797,2.3412,2.6456,3.48,4.8115,6.1671,7.7142,11.2369,17,17,17,17,17,17,17,17,17,17,17,25,25,25,25
01_12_12_02_0078.bmp,0,12,2,17,1.3956,1.0628,15.077,2.0649,4.7962,1.52,1.629,1.8217,2.1704,2.8287,3.2576,4.8011,6.2418,9.4572,11.127,17,17,17,17,17,17,17,17,17,17,17,25,25,25,25
01_12_12_02_0081.bmp,0,12,2,17,1.2868,0.9711,14.9407,1.8114,3.9309,1.3054,1.5523,1.8671,2.2201,2.8034,3.4442,4.4924,6.3678,9.0536,12.2811,17,16,17,17,17,17,17,17,17,17,17,17,17,25,25
01_12_12_02_0082.bmp,0,12,2,17,0.8034,0.6053,9.4842,1.2089,2.4497,0.9084,1.0312,1.45,1.8594,2.7912,3.5531,4.5941,5.6731,9.0749,11.3546,17,17,25,17,17,17,17,17,17,17,17,17,25,25,25
01_12_12_02_0085.bmp,0,12,2,17,0.748,0.5977,9.1049,1.1008,2.2203,0.9158,1.1292,1.3235,1.8991,2.8465,3.2862,4.4343,5.7002,8.6928,11.2275,17,17,17,17,18,17,17,17,17,17,17,17,25,14,25
01_12_12_02_0086.bmp,0,12,2,17,0.7961,0.6326,11.2425,1.1244,2.7373,0.9391,0.9811,1.5425,1.7415,2.7144,3.3783,4.5665,5.4251,9.0068,11.0276,17,17,17,17,17,17,17,17,17,17,17,17,25,26,25
01_12_12_02_0088.bmp,0,12,2,17,0.8447,0.6416,10.6201,1.1297,2.3694,0.9918,1.2425,1.5944,1.7672,2.5953,3.374,4.867,6.4017,8.8953,11.9329,17,17,17,17,17,17,17,17,17,17,17,17,26,26,25
01_12_12_02_0092.bmp,0,12,2,17,1.3326,1.2066,14.2993,2.049,3.7253,1.4429,1.5298,1.9616,2.1241,3.029,3.7923,4.9968,6.6771,7.8807,11.1454,17,16,17,17,17,17,17,9,17,9,9,9,25,25,13
01_12_12_02_0093.bmp,0,12,2,17,1.6112,1.3004,13.8224,2.5454,4.7925,1.6837,1.8171,2.2476,2.4809,2.9831,3.7074,5.0083,6.5537,8.8082,10.5379,9,9,17,17,26,9,9,9,9,9,9,9,25,25,25
01_12_12_02_0097.bmp,0,12,2,17,2.0832,1.8187,13.814,3.0581,5.4329,2.1605,2.2121,2.3709,2.427,3.5237,3.7492,5.9891,7.7592,9.8124,13.0715,17,17,17,17,17,17,17,17,17,17,17,17,25,14,14
01_12_12_02_0098.bmp,0,12,2,17,1.5546,1.3941,12.6607,2.454,4.3474,1.7748,1.8834,2.4153,2.7171,3.3299,3.955,5.5231,6.2509,9.4101,11.7879,17,25,17,17,17,17,17,17,17,17,17,14,26,14,14
01_12_12_02_0101.bmp,0,12,2,17,1.251,1.0774,13.4456,1.9,3.4383,1.3279,1.5243,2.0528,2.3979,2.9125,3.8076,5.4097,6.7428,8.884,11.1956,17,17,17,17,17,17,17,17,17,17,17,17,17,26,25
01_12_12_02_0105.bmp,0,12,2,17,0.9896,0.9577,11.1981,1.4287,1.9612,1.1366,1.2515,1.4664,1.6023,2.245,2.9939,4.4388,5.8905,7.7026,10.8046,17,17,17,17,17,17,17,17,17,17,17,26,26,25,14
01_12_12_02_0107.bmp,0,12,2,17,1.1105,0.9104,11.563,1.5167,2.4927,1.1788,1.5491,1.6633,2.1613,2.9142,3.3977,5.4327,6.5186,8.8027,12.2179,17,9,26,17,17,17,17,17,17,17,17,9,26,26,25
01_12_12_02_0112.bmp,0,12,2,17,0.748,0.7099,7.1086,1.0177,2.0215,0.9357,1.1839,1.4393,1.9591,2.6006,3.3994,5.233,7.2551,9.5352,12.3343,17,17,17,17,17,17,17,17,17,17,17,17,17,17,17
01_12_12_02_0113.bmp,0,12,2,17,0.7092,0.6398,7.5783,0.8048,1.3241,0.7306,1.0837,1.5493,1.7726,2.44,3.2374,5.3043,6.2414,9.2276,11.8117,17,17,9,17,17,17,17,17,17,17,17,17,14,14,14
01_13_12_02_0003.bmp,1,12,2,13,1.0983,0.7079,12.3137,1.5095,4.2517,1.1599,1.3945,1.6716,2.0985,2.9344,3.3813,4.7775,6.3224,8.8793,11.965,13,13,13,13,13,13,13,13,13,13,13,13,13,25,25
01_13_12_02_0005.bmp,1,12,2,13,1.1749,0.7126,13.7248,1.7673,2.9812,1.4443,1.4455,1.9457,2.1421,2.6426,3.3728,4.7702,6.3397,8.3974,11.1912,13,13,13,13,13,13,13,13,13,13,13,13,13,25,25
01_13_12_02_0006.bmp,0,12,2,13,1.7081,1.2648,16.1648,2.6041,3.9384,1.8797,1.7915,2.0576,1.9119,2.3119,2.5785,3.372,4.3225,5.718,8.2184,38,12,12,13,13,12,12,12,12,38,13,13,13,13,40
01_13_12_02_0006.bmp,1,12,2,13,1.4918,0.9674,12.6365,2.2148,3.5509,1.6073,1.8964,2.1133,2.5215,3.2111,3.5997,4.9094,7.3243,9.0426,12.1849,13,13,13,13,13,13,13,13,13,13,13,13,13,25,25
01_13_12_02_0007.bmp,1,12,2,13,1.478,0.8101,13.9292,2.123,5.9511,1.451,1.6173,1.6943,2.2492,2.7304,3.6655,5.3015,6.4203,9.444,11.3827,13,13,13,13,13,13,13,13,13,13,13,13,13,25,25
01_13_12_02_0010.bmp,1,12,2,13,1.439,0.9417,15.7143,2.0927,5.8846,1.5548,1.535,1.7592,2.4047,3.1733,3.8658,5.7491,7.3408,9.108,11.8094,13,13,13,13,13,13,13,13,13,13,13,13,13,13,13
01_13_12_02_0013.bmp,0,12,2,13,1.8876,1.4122,16.5701,2.7306,6.0525,2.0379,1.8836,2.2654,2.2908,2.7175,3.2944,4.0578,4.7503,6.3232,7.415,13,13,42,13,13,13,13,32,13,13,13,13,13,13,13
01_13_12_02_0014.bmp,1,12,2,13,1.5256,0.9562,14.4223,2.1933,2.8185,1.5453,1.8114,2.1449,2.6123,2.7504,3.536,5.3134,6.4177,10.0006,11.8467,13,13,13,13,13,13,13,13,13,13,13,13,13,13,25
01_13_12_02_0016.bmp,1,12,2,13,1.6665,1.0633,12.5489,2.3192,3.0439,1.7629,1.8679,2.0383,2.1439,3.139,4.2566,5.7246,7.5179,10.2668,12.0174,13,13,13,13,13,13,13,13,13,13,13,13,13,13,13
01_13_12_02_0022.bmp,0,12,2,13,1.6315,1.0986,17.3667,2.405,3.7266,1.7439,1.8771,2.0811,2.1995,2.4818,2.7343,3.5145,4.3088,7.2155,7.8125,13,12,42,13,13,13,13,38,13,13,13,13,13,25,25
01_13_12_02_0024.bmp,0,12,2,13,1.7954,1.2325,18.0266,2.629,4.0165,1.8768,1.7669,1.7854,2.3584,2.8714,3.0823,4.0235,5.4033,5.7462,7.8218,13,13,42,13,13,13,13,13,13,13,13,13,13,12,25
01_13_12_02_0024.bmp,1,12,2,13,1.7039,1.0161,12.093,2.5398,3.2792,1.7779,1.7856,2.08,2.2094,3.2322,3.6639,5.6101,6.3964,9.5559,12.6688,13,13,13,13,13,13,13,13,13,13,13,13,13,13,25
01_13_12_02_0025.bmp,1,12,2,13,2.1532,1.2888,12.3543,3.2695,5.7796,2.2729,2.1616,2.6073,2.5703,3.5408,4.1422,6.2015,7.8529,9.6808,12.5696,13,13,13,13,13,13,13,13,13,13,13,13,13,13,13
01_13_12_02_0026.bmp,0,12,2,13,1.7131,1.2626,18.4433,2.5924,3.7799,1.784,1.5773,2.308,2.0094,2.7595,2.8316,3.0156,4.6499,5.3157,8.3935,13,13,42,13,13,13,13,13,13,13,13,13,13,25,34
01_13_12_02_0028.bmp,1,12,2,13,2.1163,1.3186,10.3193,3.0504,4.1325,2.0794,2.3719,2.6018,3.0887,3.7365,4.775,6.8804,9.1061,11.5949,15.3365,13,13,13,13,13,13,13,13,13,13,13,13,13,13,13
01_13_12_02_0029.bmp,1,12,2,13,1.0193,0.7331,8.3907,1.4747,2.243,1.0838,1.187,1.5736,1.9601,2.3779,3.3183,4.0349,5.4605,9.2845,10.9449,13,13,13,13,13,13,13,13,13,13,13,13,13,13,13
01_13_12_02_0030.bmp,0,12,2,13,1.7672,1.1894,17.464,2.528,3.9703,1.6953,2.1641,2.0466,1.9743,2.4674,2.8838,4.4031,4.0537,5.8371,7.9731,13,13,13,13,13,13,13,13,13,13,13,13,13,12,13
01_13_12_02_0031.bmp,1,12,2,13,1.03,0.6497,9.3709,1.4111,2.1657,1.0184,1.3132,1.6027,1.979,2.4878,3.7382,5.0879,6.691,9.4566,11.7037,13,13,13,13,13,13,13,13,13,13,13,13,13,13,25
01_13_12_02_0034.bmp,0,12,2,13,1.1999,0.8748,16.9313,1.8654,3.0607,1.1595,1.4737,1.3596,2.0183,2.4316,2.8316,3.8249,5.0914,6.2351,8.3382,13,13,42,13,13,13,13,13,13,13,13,13,13,13,40
01_13_12_02_0035.bmp,1,12,2,13,0.9431,0.654,8.1304,1.2966,1.623,1.0411,1.1354,1.4497,1.9596,2.5243,3.2553,5.1581,6.5231,8.6961,11.2976,13,13,13,13,13,13,13,13,13,13,13,13,13,13,13
01_13_12_02_0037.bmp,1,12,2,13,1.0704,0.6661,7.5125,1.5625,2.2212,1.1524,1.536,1.5179,2.1499,3.0033,3.8762,5.2633,6.5829,9.5784,13.1797,13,13,13,13,13,13,13,13,13,13,13,13,13,13,13
01_13_12_02_0038.bmp,0,12,2,13,1.0033,0.7856,16.7034,1.6059,1.4441,1.129,1.4416,1.396,1.7909,1.9324,2.7699,4.3262,4.447,5.9376,7.8688,13,31,13,13,13,13,13,13,13,13,13,13,13,13,13
01_13_12_02_0040.bmp,0,12,2,13,1.345,0.8296,19.359,2.053,1.8645,1.4684,1.602,1.607,1.8316,2.4762,2.9653,4.6178,4.9549,6.6546,7.6374,13,13,42,13,13,13,13,13,13,13,13,13,13,13,23
01_13_12_02_0045.bmp,1,12,2,13,1.1714,0.8072,7.9531,1.7177,2.8898,1.2969,1.4278,1.886,2.2869,2.8299,3.9268,5.6373,6.6758,9.6846,12.2411,13,13,13,13,13,13,13,13,13,13,13,13,13,13,13
01_13_12_02_0047.bmp,0,12,2,13,2.056,1.286,17.8192,3.1369,4.1996,2.0351,2.1897,2.3615,2.8956,2.7178,3.5398,5.3692,7.1103,9.5387,11.4925,13,13,13,13,13,13,13,13,13,13,13,13,13,13,13
01_13_12_02_0048.bmp,0,12,2,13,2.7094,1.7955,19.9896,4.0447,5.475,2.7111,2.8772,2.9582,3.1258,3.5443,4.0643,5.4496,6.7917,9.1275,11.9464,13,13,13,13,13,13,13,13,13,13,13,13,13,13,40
01_13_12_02_0052.bmp,0,12,2,13,2.0699,1.3879,20.2527,3.0941,4.2052,2.1592,2.239,2.4205,2.4332,3.4441,4.3028,5.5454,7.072,9.8701,12.2116,13,13,13,13,13,13,13,13,13,13,13,13,13,13,40
01_13_12_02_0054.bmp,0,12,2,13,1.7333,1.3216,17.1341,2.5372,4.2587,1.8272,1.7672,2.2564,2.1596,2.8803,4.1854,5.0703,6.8951,8.863,11.6409,13,13,13,13,13,13,13,13,13,13,13,13,13,13,40
01_13_12_02_0056.bmp,1,12,2,13,0.8949,0.667,7.5939,1.2783,1.9562,1.0027,1.2043,1.5573,1.8977,3.0239,3.2178,5.4843,7.4623,11.1957,13.493,13,13,13,13,13,13,13,13,13,13,13,13,13,13,13
01_13_12_02_0059.bmp,0,12,2,13,1.2519,0.9048,16.0417,1.9225,3.1039,1.2873,1.4497,1.6325,2.0915,2.6361,3.2936,5.332,6.1287,8.7411,12.0975,13,13,13,13,13,13,13,13,13,13,13,13,13,25,40
01_13_12_02_0059.bmp,1,12,2,13,1.4956,1.0023,9.3659,2.2249,3.5216,1.5996,1.7302,2.0794,2.2687,3.1666,3.5994,6.4016,7.2081,11.4773,12.6862,13,13,13,13,13,13,13,13,13,13,13,13,13,13,13
01_13_12_02_0060.bmp,0,12,2,13,0.9448,0.682,14.813,1.4784,0.0,1.1786,1.2327,1.6095,1.9225,2.9814,3.3743,4.7814,6.4114,8.9183,10.9044,13,13,13,13,13,13,13,13,13,13,13,13,13,13,40
01_13_12_02_0061.bmp,0,12,2,13,1.4213,0.9992,14.4055,2.0848,0.7856,1.4119,1.6071,1.8499,1.8688,3.0419,3.6145,4.8387,6.5546,8.2632,11.8929,13,13,13,13,13,13,13,13,13,13,13,13,13,13,13
01_13_12_02_0061.bmp,1,12,2,13,1.2596,0.9857,11.4494,1.944,3.5845,1.4063,1.6614,1.7933,2.2945,3.4173,3.9811,5.9865,7.4103,11.6614,13.4043,13,13,13,13,13,13,13,13,13,13,13,13,13,13,13
01_13_12_02_0062.bmp,0,12,2,13,1.149,0.8028,17.6406,1.7644,0.8446,1.299,1.3507,1.815,2.1161,2.9433,3.9966,5.6185,6.8353,8.6529,12.7271,13,13,13,13,13,13,13,13,13,13,13,13,13,13,40
01_13_12_02_0065.bmp,1,12,2,13,1.0274,0.8281,13.5324,1.4791,4.0623,1.0391,1.263,1.2388,1.4461,1.6255,2.0074,2.8789,3.4747,4.194,6.6139,31,31,11,36,13,31,31,31,31,13,12,12,12,12,11
01_13_12_02_0067.bmp,1,12,2,13,1.2343,0.9693,13.1164,1.8174,4.4078,1.201,1.4572,1.5578,1.5067,1.8931,2.3056,3.1486,4.0958,5.9795,7.161,31,31,13,31,13,31,31,12,12,12,12,13,12,40,34
01_13_12_02_0068.bmp,0,12,2,13,0.9908,0.7107,12.4023,1.5914,0.8064,1.1357,1.4216,1.7485,2.14,2.755,3.386,4.7758,6.4444,9.3537,11.8162,13,13,13,13,13,13,13,13,13,13,13,13,13,13,13
01_13_12_02_0068.bmp,1,12,2,13,1.0704,0.8816,14.562,1.5255,3.9428,1.0588,1.1773,1.3676,1.3546,2.079,2.1909,2.7723,3.9533,5.4862,7.3385,31,31,13,31,13,31,31,31,12,12,12,12,12,25,13
01_13_12_02_0070.bmp,0,12,2,13,1.0077,0.6749,14.7276,1.5177,1.7449,1.1438,1.2801,1.6982,2.2276,3.0569,3.6581,4.9298,6.7754,9.1031,9.877,13,13,13,13,13,13,13,13,13,13,13,13,13,13,13
01_13_12_02_0073.bmp,0,12,2,13,0.8748,0.6413,13.5349,1.3115,2.6984,1.0402,1.222,1.6054,2.0931,2.7422,3.3004,5.521,6.4632,9.6447,12.5335,13,13,13,13,13,13,13,13,13,13,13,13,13,13,13
01_13_12_02_0075.bmp,0,12,2,13,1.2589,0.7029,9.7832,1.8432,4.5596,1.3263,1.3704,1.8262,2.2788,2.9718,3.8123,5.3716,6.5801,10.3532,11.7123,13,13,13,13,13,13,13,13,13,13,13,13,13,13,13
01_13_12_02_0078.bmp,1,12,2,13,1.2026,0.9672,14.1139,1.7391,6.1193,1.2386,1.3242,1.5587,1.4746,1.8378,2.3212,3.1234,4.1001,4.7568,6.5263,31,31,1,13,13,31,31,31,12,12,12,13,13,12,13
01_13_12_02_0080.bmp,1,12,2,13,1.1516,0.8704,15.4274,1.6924,4.548,1.2418,1.3672,1.446,1.4967,2.1365,2.8232,3.4035,3.8177,5.7764,7.201,31,31,12,13,13,31,12,12,12,12,12,12,13,12,23
01_13_12_02_0082.bmp,1,12,2,13,1.5362,1.1941,14.2499,2.2498,3.6045,1.5894,1.5464,1.7203,1.7672,2.4387,3.0329,3.5456,5.0366,5.4713,8.0464,12,31,13,12,13,12,12,12,12,12,12,12,12,12,25
01_13_12_02_0084.bmp,1,12,2,13,1.2408,0.953,15.8021,1.9396,3.3548,1.2749,1.418,1.4953,1.8065,2.035,2.7957,3.0628,4.4226,5.4445,7.6682,31,31,1,12,13,31,12,12,12,12,12,12,12,25,23
01_13_12_02_0085.bmp,0,12,2,13,0.8004,0.5039,6.3613,1.0327,1.591,0.8567,1.1983,1.511,2.0638,3.2568,3.9357,5.0826,6.9433,9.7473,13.1006,13,13,13,13,13,13,13,13,13,13,13,13,13,13,13
01_13_12_02_0085.bmp,1,12,2,13,1.4605,1.0487,15.0881,2.1744,3.8125,1.3658,1.5838,1.758,1.8742,2.1201,2.8913,3.2124,4.9079,7.1343,7.7119,12,31,12,13,13,12,12,12,12,13,12,12,12,12,40
01_13_12_02_0088.bmp,1,12,2,13,1.3291,0.9852,16.7633,1.8693,3.2209,1.395,1.4557,1.7093,1.614,2.1827,2.6218,3.264,4.2725,6.3532,9.2848,31,31,42,13,13,31,12,12,12,12,12,12,13,12,13
01_13_12_02_0090.bmp,0,12,2,13,0.9417,0.54,8.4178,1.2992,2.4042,1.0327,1.311,1.7667,1.8433,2.9755,3.8288,5.8249,7.3579,10.7467,13.8232,13,13,13,13,13,13,13,13,13,13,13,13,13,13,13
01_13_12_02_0090.bmp,1,12,2,13,1.2944,0.9925,13.5139,1.8568,2.7173,1.324,1.4784,1.7088,1.8919,2.0326,2.8558,3.8418,4.5215,6.3284,7.7468,13,31,12,13,13,13,13,12,12,13,12,13,25,12,12
01_13_12_02_0091.bmp,0,12,2,13,0.8765,0.566,7.8496,1.1786,3.2033,1.0313,1.1776,1.5575,1.9972,2.9544,3.9049,5.4767,6.995,10.2581,14.9583,13,13,13,13,13,13,13,13,13,13,13,13,13,13,13
01_13_12_02_0091.bmp,1,12,2,13,1.3262,0.9365,13.7287,1.9198,2.751,1.2629,1.5932,1.5999,1.796,2.3169,2.2791,3.5338,3.5115,5.8793,7.5522,12,31,42,13,15,12,12,13,12,12,13,12,12,12,12
01_13_12_02_0093.bmp,1,12,2,13,1.8027,1.2343,16.1546,2.6647,3.991,1.8346,2.01,2.2621,2.213,2.242,2.9414,3.915,4.4996,6.5964,8.1231,31,31,42,12,13,31,12,12,12,12,12,12,12,12,0
01_13_12_02_0095.bmp,1,12,2,13,1.335,0.9497,14.9036,2.049,2.8854,1.3957,1.6499,1.583,1.7832,2.4006,2.7984,3.9557,4.8342,5.5418,7.0473,31,31,42,12,15,31,12,31,12,12,12,12,12,12,23
01_13_12_02_0096.bmp,1,12,2,13,1.425,1.0115,14.8215,2.0429,3.1234,1.5045,1.6091,1.5031,1.7968,2.2393,2.5192,2.9702,4.1217,5.306,7.496,31,31,42,12,15,31,31,31,12,12,12,12,12,25,12
01_13_12_02_0098.bmp,1,12,2,13,1.4197,1.0107,13.1989,2.1012,3.0262,1.3903,1.6316,1.8807,1.8575,2.1978,2.6563,4.7648,5.0228,6.0459,7.9626,12,31,12,13,15,12,12,12,12,12,12,12,12,12,40
01_13_12_02_0102.bmp,0,12,2,13,1.078,0.6269,6.5722,1.5407,8.1513,1.1983,1.4182,1.8948,2.1529,3.0682,3.8781,5.9428,7.9315,10.931,15.49,13,13,13,13,13,13,13,13,13,13,13,13,13,13,13
01_13_12_02_0104.bmp,1,12,2,13,1.9366,1.3851,16.6257,2.864,3.8571,1.9938,2.2389,2.3872,2.5768,2.8509,3.2125,4.5147,5.4291,7.252,8.9713,13,31,13,13,13,13,12,12,12,13,13,13,25,12,25
01_13_12_02_0105.bmp,0,12,2,13,1.1421,0.7546,13.4863,1.5636,7.2822,1.2351,1.3867,1.8279,2.2306,3.2025,3.8622,5.433,8.1887,12.3884,16.0265,13,13,13,13,13,13,13,13,13,13,13,13,13,13,13
01_13_12_02_0106.bmp,0,12,2,13,0.9809,0.7952,11.6811,1.3811,7.1461,1.0549,1.2118,1.613,2.065,3.1866,3.9089,5.4951,7.4111,10.2283,14.4446,13,13,13,13,13,13,13,13,13,13,13,13,13,13,13
01_13_12_02_0107.bmp,0,12,2,13,0.7429,0.6932,5.9709,1.3667,7.8661,1.0058,1.2843,1.8124,2.1604,2.9418,4.1452,5.3299,8.4215,11.2266,13.6546,13,13,13,13,13,13,13,13,13,13,13,13,13,13,13
01_13_12_02_0110.bmp,1,12,2,13,1.5979,1.219,16.9716,2.3152,3.8634,1.6104,1.874,2.1156,2.1515,2.5458,3.4158,4.7374,6.0068,8.5409,10.2935,13,31,13,13,14,13,13,13,13,13,13,12,13,40,40
01_13_12_02_0112.bmp,0,12,2,13,2.0969,1.2471,4.1001,2.9415,14.3128,2.0607,2.248,2.5778,2.8739,3.3661,3.9681,5.6061,7.3515,10.3309,13.4783,13,13,13,13,13,13,13,13,13,13,13,13,13,13,13
01_13_12_02_0113.bmp,1,12,2,13,2.9872,2.1652,20.858,4.4829,5.3274,3.0495,3.1514,3.2853,3.4301,4.1161,4.3005,5.6097,6.2201,9.1393,10.3242,13,13,13,13,13,13,13,13,13,13,13,13,13,24,20
01_13_12_02_0115.bmp,1,12,2,13,2.0971,1.517,15.9998,3.2067,4.4179,2.2335,2.1104,2.5844,2.8133,3.0224,3.6299,4.9426,5.9034,8.8307,10.9112,13,31,13,13,13,13,13,13,13,13,13,12,25,25,24
01_13_12_02_0116.bmp,0,12,2,13,0.9393,0.8125,13.1035,1.4441,0.0,1.1151,1.1763,1.296,1.715,2.1676,2.1909,3.8949,4.7705,6.3549,8.0294,32,31,13,13,13,32,32,13,13,13,13,12,13,12,12
01_13_12_02_0117.bmp,0,12,2,13,1.1159,0.8919,14.9512,1.6815,0.0,1.1721,1.3252,1.4684,1.9638,2.482,2.7221,4.0674,5.2604,7.2031,8.2213,32,31,25,32,13,32,32,32,32,32,13,12,12,40,4
01_13_12_02_0117.bmp,1,12,2,13,2.2002,1.4852,16.4622,3.2067,4.0246,2.1758,2.3228,2.5976,2.8278,2.9935,3.9958,5.1174,6.4445,8.3663,11.3198,13,31,12,13,13,13,13,13,13,13,13,12,12,25,25
01_13_12_02_0119.bmp,1,12,2,13,1.8632,1.331,17.0404,2.8368,3.6425,1.937,1.9445,2.2027,2.2864,3.0334,3.7082,4.7299,5.8773,7.8908,10.7115,13,31,13,13,15,13,13,13,13,13,13,25,13,25,40
01_13_12_02_0120.bmp,0,12,2,13,1.2897,0.9249,15.1644,1.8076,0.0,1.2379,1.5718,1.5561,1.6439,2.3156,2.7528,3.7941,4.2155,6.2309,8.7474,12,31,2,12,13,12,12,12,12,12,12,12,12,25,25
01_13_12_02_0120.bmp,1,12,2,13,1.9159,1.3977,16.4486,2.8657,3.45,1.9875,1.9989,2.1964,2.6501,2.8991,3.6141,4.5551,6.0627,8.2393,11.3081,13,31,1,13,15,13,13,13,13,13,13,13,12,25,25
01_13_12_02_0121.bmp,0,12,2,13,1.233,1.0218,14.2846,1.8004,0.0,1.1345,1.3879,1.7518,1.8097,2.5518,2.9703,3.9459,4.6803,6.8861,8.1404,12,31,13,13,13,12,12,12,13,12,12,12,12,13,40
01_13_12_02_0121.bmp,1,12,2,13,1.8751,1.3467,16.0636,2.7151,2.9954,1.9051,2.007,2.249,2.157,2.8624,3.4043,4.5445,5.9095,7.656,10.3114,13,31,1,13,15,13,13,13,13,13,12,12,25,25,25
01_13_12_02_0122.bmp,1,12,2,13,2.0798,1.4397,14.0761,3.0535,3.6461,2.0582,2.1856,2.3214,2.6281,2.9091,3.7737,5.0617,6.191,8.5125,11.4257,13,31,13,13,15,13,13,13,13,13,12,12,25,25,40
01_13_12_02_0124.bmp,1,12,2,13,2.3119,1.6513,15.9798,3.5195,4.1902,2.4558,2.4648,2.5274,3.071,3.31,3.8345,5.2522,6.6381,8.6164,12.0072,13,31,13,13,13,13,13,13,13,13,12,25,25,40,25
01_13_12_02_0128.bmp,0,12,2,13,0.8012,0.6124,8.6354,1.1202,2.839,0.8661,1.1202,1.4885,1.661,2.3072,3.1382,4.3154,5.5829,7.5364,10.9455,32,32,13,32,13,32,32,32,32,13,13,12,25,13,40
01_13_12_02_0129.bmp,1,12,2,13,2.1155,1.4531,17.5278,3.0966,4.1789,2.1156,2.2417,2.4691,2.549,3.0985,3.8734,5.0508,6.2303,8.7432,10.8541,13,13,13,13,13,13,13,13,13,13,13,25,12,25,25
01_13_12_02_0130.bmp,0,12,2,13,0.7503,0.6404,9.7163,1.0662,2.1297,0.9484,1.2113,1.5204,1.8264,2.4193,3.1031,4.4913,6.2686,8.3709,10.4095,32,32,13,13,13,32,32,32,32,13,13,13,13,13,40
01_13_12_02_0131.bmp,0,12,2,13,0.6272,0.5347,9.0966,0.9357,2.6946,0.7318,1.084,1.373,1.7225,2.5772,2.6549,4.1698,5.6014,8.2543,10.2917,32,32,13,32,13,32,32,32,32,32,13,13,13,40,40
01_13_12_02_0134.bmp,0,12,2,13,0.7358,0.651,8.7198,1.0858,1.8836,0.9378,1.1079,1.5279,1.8303,2.5552,2.9731,4.2678,5.3299,7.806,10.7868,13,13,13,13,13,13,13,13,13,13,13,13,13,40,40
01_13_12_02_0135.bmp,1,12,2,13,2.1135,1.5735,12.2553,3.2027,5.2125,2.1505,2.2048,2.5805,2.6006,3.236,3.8936,5.0308,5.7589,9.4822,10.5775,13,13,13,13,13,13,13,13,13,13,13,13,13,12,40
01_13_12_02_0137.bmp,1,12,2,13,2.0379,1.415,13.6686,2.9902,4.6124,2.0248,2.1207,2.4023,2.5794,2.9906,3.867,4.9064,5.8556,9.0967,10.8245,13,13,13,13,13,13,13,13,13,13,13,13,13,25,25
01_13_12_02_0138.bmp,0,12,2,13,0.7438,0.6124,7.2134,1.1759,1.7293,0.9396,1.2741,1.7226,2.1343,3.1114,4.0465,5.5608,7.2718,10.7098,13.8509,13,13,13,13,13,13,13,13,13,13,13,13,13,40,13
01_13_12_02_0139.bmp,0,12,2,13,0.5712,0.5566,5.4213,0.9798,1.44,0.8659,1.2799,1.7524,2.1488,3.0121,3.3875,4.9458,6.9329,10.5627,13.9993,13,13,13,13,13,13,13,13,13,13,13,13,13,13,40
01_13_12_02_0140.bmp,1,12,2,13,2.1643,1.5108,13.8578,3.2129,4.9049,2.243,2.3685,2.5467,2.4472,3.1918,3.794,4.838,6.4292,8.2992,11.1826,13,13,13,13,13,13,13,13,13,13,13,13,25,25,40
01_13_12_02_0143.bmp,1,12,2,13,1.8866,1.3055,12.1417,2.8118,4.9303,1.9345,2.057,2.2263,2.5794,2.9297,3.7323,5.0536,6.6486,9.0579,11.1024,13,13,13,13,13,13,13,13,13,13,13,13,13,25,13
01_13_12_02_0144.bmp,0,12,2,13,0.4898,0.498,3.5561,0.7757,1.4169,0.8167,0.9868,1.3306,1.7247,2.4657,3.3004,4.7244,5.9295,8.3728,11.2089,13,13,13,13,13,13,13,13,13,13,13,13,13,13,40
01_13_12_02_0145.bmp,0,12,2,13,0.6145,0.5764,4.7769,0.9112,1.6292,0.8194,1.1625,1.4735,1.9201,2.6859,3.0438,4.4597,5.2308,9.02,11.8979,13,13,13,13,13,13,13,13,13,13,13,13,13,13,40
01_13_12_02_0145.bmp,1,12,2,13,1.8994,1.2708,12.485,2.8428,4.8045,1.8588,2.0176,2.2551,2.2635,2.9484,3.5028,5.1415,6.5154,9.1183,12.2056,13,13,13,13,13,13,13,13,13,13,13,13,13,13,40
01_13_12_02_0147.bmp,1,12,2,13,1.8317,1.332,13.4025,2.8489,4.6988,1.9518,2.1359,2.317,2.5183,3.3078,3.7247,5.2953,6.9733,9.1878,11.7668,13,13,13,13,13,13,13,13,13,13,13,13,13,13,13
01_13_12_02_0152.bmp,1,12,2,13,1.863,1.3257,12.1444,2.7475,4.7287,1.9107,1.9661,2.3818,2.4,2.9705,3.5656,4.9825,6.882,8.8149,11.8254,13,13,13,13,13,13,13,13,13,13,13,13,13,25,25
01_13_12_02_0153.bmp,1,12,2,13,1.8795,1.3083,13.7359,2.8653,5.2218,2.0027,2.1052,2.3302,2.5176,3.182,3.5567,4.8975,6.2948,9.6066,11.5597,13,13,13,13,13,13,13,13,13,13,13,13,13,25,40
01_13_12_02_0154.bmp,0,12,2,13,0.854,0.8504,4.3089,1.1586,2.0266,0.9921,1.2357,1.6049,1.7951,2.6857,3.1088,5.0563,6.3794,9.3245,12.1082,13,13,13,13,13,13,13,13,13,13,13,13,13,13,40
01_13_12_02_0154.bmp,1,12,2,13,1.9988,1.3783,14.0738,2.9165,5.577,1.9757,2.1932,2.2376,2.621,3.0997,3.9884,4.6728,6.5256,9.0936,12.0816,13,13,13,13,13,13,13,13,13,13,13,13,13,25,25
01_13_12_02_0155.bmp,0,12,2,13,0.9245,0.9012,4.8667,1.187,1.9559,0.9665,1.2136,1.5999,2.0,2.8133,3.2835,5.0131,6.3594,8.9911,11.7249,13,13,13,13,13,13,13,13,13,13,13,13,13,13,40
01_13_12_02_0155.bmp,1,12,2,13,2.1619,1.4901,13.9725,3.2511,5.3429,2.2195,2.3093,2.6229,2.6445,3.3605,3.6248,5.6447,6.4661,8.9363,11.6192,13,13,13,13,13,13,13,13,13,13,13,13,13,25,40
01_13_12_02_0156.bmp,1,12,2,13,2.2112,1.4697,12.294,3.2889,5.7818,2.2688,2.253,2.5575,2.7706,3.2047,3.9631,5.2296,6.1971,8.9753,11.7768,13,13,13,13,13,13,13,13,13,13,13,13,13,13,40
01_13_12_02_0158.bmp,1,12,2,13,2.2519,1.5043,12.3974,3.3524,5.9059,2.3896,2.3778,2.5014,2.7674,3.3838,4.0262,5.2023,6.4091,9.5774,12.0629,13,13,13,13,13,13,13,13,13,13,13,13,13,13,24
01_13_12_02_0160.bmp,1,12,2,13,2.2571,1.4971,12.335,3.3767,6.1901,2.2614,2.4413,2.558,2.9322,3.4811,4.148,5.5265,6.8531,9.8907,11.0188,13,13,13,13,13,13,13,13,13,13,13,13,13,13,25
01_13_12_02_0161.bmp,0,12,2,13,0.9102,0.7212,2.8262,1.2611,1.7431,0.9774,1.3266,1.5973,2.0099,2.62,3.5849,5.0444,6.0468,9.514,11.3109,13,13,13,13,13,13,13,13,13,13,13,13,13,13,13
01_13_12_02_0164.bmp,0,12,2,13,1.2398,1.1993,4.7609,1.6704,2.0855,1.3126,1.3529,1.7111,2.2025,2.7964,3.678,4.8383,6.4668,9.4027,12.0416,13,13,13,13,13,13,13,13,13,13,13,13,13,25,13
01_13_12_02_0167.bmp,0,12,2,13,0.9762,0.8938,3.2208,1.3548,1.8161,1.0212,1.3062,1.5734,1.975,3.1267,3.7942,5.4419,5.9541,9.3658,12.2115,13,13,13,13,8,13,13,13,13,13,13,13,13,13,13
01_13_12_02_0169.bmp,0,12,2,13,0.7446,0.6352,12.1043,1.0701,2.8799,0.7731,1.0391,1.0198,1.2648,1.5998,2.1478,2.6987,3.2252,4.8523,6.2142,32,31,1,32,13,32,32,32,32,32,32,12,13,12,12
01_13_12_02_0173.bmp,1,12,2,13,2.4615,1.7052,14.1281,3.7629,5.9673,2.6217,2.5913,2.7087,3.2245,3.7328,4.4724,5.4926,7.3,9.482,12.0008,13,13,13,13,13,13,13,13,13,13,13,13,13,13,25
01_13_12_02_0175.bmp,1,12,2,13,3.191,2.223,12.0249,4.7545,7.4904,3.1977,3.2335,3.4974,3.5289,4.341,4.7175,6.0647,7.4256,10.8036,13.7236,13,13,13,13,13,13,13,13,13,13,13,13,13,25,40
01_13_12_02_0177.bmp,0,12,2,13,0.9015,0.6953,12.0144,1.3273,2.8228,0.981,1.0268,1.0865,1.4803,1.7814,2.1909,2.8943,3.5557,5.7197,5.8833,32,31,1,32,13,32,32,32,32,32,32,12,12,13,12
01_13_12_02_0177.bmp,1,12,2,13,2.0577,1.3031,10.3403,2.9645,6.2493,2.0651,2.1595,2.3109,2.6885,3.0891,4.0056,5.5014,6.9407,10.0721,12.4962,13,13,13,13,13,13,13,13,13,13,13,13,13,13,13
01_13_12_02_0180.bmp,0,12,2,13,0.8972,0.7369,14.3434,1.2697,2.9176,0.9707,0.9552,1.0998,1.1755,1.6964,1.8881,2.8764,4.3957,4.8738,7.2142,31,31,1,31,16,31,31,32,31,13,12,13,12,13,12
01_13_12_02_0181.bmp,1,12,2,13,2.0385,1.3273,11.9145,3.0517,6.4925,2.0932,2.2574,2.4192,2.6233,3.0436,3.7648,5.3796,6.8193,9.6205,12.9724,13,13,13,13,13,13,13,13,13,13,13,13,13,13,40
01_13_12_02_0186.bmp,1,12,2,13,2.1546,1.43,11.1519,3.2726,6.2819,2.2638,2.3359,2.4162,2.7349,3.2399,4.0903,5.2465,6.5533,9.3972,12.5766,13,13,13,13,13,13,13,13,13,13,13,13,13,25,13
01_13_12_02_0187.bmp,0,12,2,13,0.9249,0.676,13.622,1.2691,0.1875,0.8905,1.1517,1.2033,1.1072,1.8537,2.0119,2.875,4.5255,5.2726,6.9038,32,31,42,32,13,32,32,32,32,32,13,13,13,12,25
01_13_12_02_0191.bmp,0,12,2,13,1.1315,0.8277,13.1076,1.6959,0.0,1.2002,1.3266,1.3808,1.4963,1.9145,2.2699,3.0724,3.6385,4.9319,6.8303,31,31,42,13,13,31,12,31,32,13,12,12,12,7,13
01_13_12_02_0192.bmp,1,12,2,13,2.1129,1.4353,11.0724,3.2685,6.6795,2.2284,2.3218,2.635,2.6116,3.5111,3.9269,5.4974,7.0001,10.0933,12.8165,13,13,13,13,13,13,13,13,13,13,13,13,13,13,13
01_13_12_02_0194.bmp,0,12,2,13,0.9756,0.7251,11.074,1.4011,1.5473,0.9531,0.9444,1.1801,1.4721,2.3352,2.5297,2.7059,3.7011,5.2102,6.6992,31,31,11,13,13,31,38,31,12,13,12,12,12,25,12
01_13_12_02_0198.bmp,0,12,2,13,1.0164,0.7786,12.7397,1.4813,3.5679,1.0784,1.1327,1.4167,1.5747,1.7758,2.5984,3.777,4.4456,5.053,7.2216,31,31,13,13,13,31,31,12,12,13,13,12,12,12,12
01_13_12_02_0198.bmp,1,12,2,13,2.277,1.4787,11.5738,3.3766,6.8504,2.321,2.4191,2.6627,2.9376,3.2372,4.0511,5.9824,6.7715,10.3156,13.3621,13,13,13,13,13,13,13,13,13,13,13,13,13,13,13
01_13_12_02_0200.bmp,1,12,2,13,2.1723,1.4255,11.859,3.2706,6.676,2.1412,2.3599,2.384,2.8006,3.4497,4.0214,5.5463,6.7065,9.7327,12.907,13,13,13,13,13,13,13,13,13,13,13,13,13,13,13
01_13_12_02_0203.bmp,1,12,2,13,2.1694,1.4041,12.0495,3.2072,7.01,2.1668,2.4321,2.4459,2.8583,3.2961,3.953,5.7623,7.7279,10.0029,12.9749,13,13,13,13,13,13,13,13,13,13,13,13,13,25,40
01_13_12_02_0204.bmp,1,12,2,13,2.1107,1.3682,11.2372,3.1506,6.4911,2.1696,2.2298,2.6185,2.6728,3.4537,3.8793,5.8807,7.4353,9.5869,13.0641,13,13,13,13,13,13,13,13,13,13,13,13,13,25,13
01_13_12_02_0205.bmp,1,12,2,13,2.2893,1.5258,11.4806,3.465,6.486,2.3819,2.5013,2.6338,2.8095,3.4538,3.9045,5.0712,6.8481,9.9042,13.0601,13,13,13,13,13,13,13,13,13,13,13,13,13,13,40
01_13_12_02_0209.bmp,0,12,2,13,1.1285,0.9333,14.1093,1.6823,3.6815,1.2481,1.4286,1.4763,1.6083,2.0451,2.3148,3.8888,4.2077,6.9943,8.34,12,31,6,13,13,13,13,13,13,13,13,13,13,12,24
01_13_12_02_0211.bmp,1,12,2,13,2.2517,1.4403,11.8,3.2729,6.7772,2.1936,2.4269,2.561,2.8659,3.4643,3.7727,5.5679,6.3056,9.6277,11.7488,13,13,13,13,13,13,13,13,13,13,13,13,13,13,13
01_13_12_02_0212.bmp,0,12,2,13,1.078,0.7961,12.1852,1.5493,3.0902,1.1826,1.4187,1.4174,1.6672,2.2174,2.6709,3.7266,4.7547,7.3706,8.6323,13,31,13,13,12,13,13,13,13,13,13,13,12,40,40
01_13_12_02_0213.bmp,0,12,2,13,1.0228,0.8756,11.0352,1.5664,3.1242,1.1312,1.265,1.4564,1.7457,2.1241,2.8563,3.4738,4.7671,6.5268,7.9412,12,31,42,13,34,13,13,13,13,13,12,13,13,40,40
01_13_12_02_0216.bmp,0,12,2,13,1.069,0.8248,10.4529,1.5391,2.4039,1.2009,1.392,1.6173,2.0353,2.2236,3.2062,4.6956,5.4501,8.5401,11.7967,13,13,13,13,13,13,13,13,13,13,13,13,13,13,40
01_13_12_02_0219.bmp,0,12,2,13,0.9601,0.7978,8.6334,1.3313,3.308,1.0088,1.1369,1.5654,1.7843,2.529,3.0049,4.2275,6.191,8.5772,10.8805,13,13,13,13,13,13,13,13,13,13,13,13,13,13,40
01_13_12_02_0219.bmp,1,12,2,13,2.1383,1.3751,11.7648,3.2299,6.8592,2.1667,2.4502,2.459,2.6918,3.3724,4.1632,6.109,6.8505,9.7105,12.4717,13,13,13,13,13,13,13,13,13,13,13,13,13,25,25
01_13_12_02_0222.bmp,0,12,2,13,0.9527,0.6993,11.2547,1.2413,1.9119,1.0983,1.5509,1.778,2.2413,3.1284,3.7727,5.9076,7.472,11.0843,14.1859,13,13,13,13,13,13,13,13,13,13,13,13,25,13,40
01_13_12_02_0223.bmp,0,12,2,13,1.1133,0.8228,9.5243,1.5364,2.326,1.2036,1.3263,1.577,1.9297,2.4338,3.0494,4.2731,5.2678,7.9142,10.8071,13,13,13,13,13,13,13,13,13,13,13,13,13,13,40
01_13_12_02_0223.bmp,1,12,2,13,2.2705,1.4381,12.4182,3.3075,7.0632,2.249,2.6318,2.589,2.857,3.4612,3.9947,5.5233,6.5588,9.9187,12.1053,13,13,13,13,13,13,13,13,13,13,13,13,13,13,13
01_13_12_02_0224.bmp,0,12,2,13,1.0033,0.7516,9.1283,1.4441,2.1322,1.0466,1.2509,1.553,2.0238,2.2314,3.3015,4.2424,5.563,8.1744,10.2788,13,13,13,13,13,13,13,13,13,13,13,13,13,13,25
01_13_12_02_0225.bmp,0,12,2,13,1.0557,0.8103,8.6582,1.5494,2.2768,1.2802,1.5519,2.051,2.4159,3.2674,4.1953,5.6814,6.82,10.7153,14.0881,13,13,13,13,13,13,13,13,13,13,13,13,25,25,40
01_13_12_02_0227.bmp,0,12,2,13,1.0875,0.8098,7.3176,1.5223,2.2967,1.171,1.4814,1.8175,2.0059,2.9631,3.4314,5.0499,6.9449,9.1229,11.3531,13,13,13,13,13,13,13,13,13,13,13,13,13,13,25
01_13_12_02_0229.bmp,0,12,2,13,1.059,0.8481,7.4355,1.5501,2.0642,1.1418,1.4022,1.7649,1.9904,2.7034,3.3022,5.017,6.3163,9.582,12.1707,13,13,13,13,13,13,13,13,13,13,13,13,13,13,24
01_13_12_02_0231.bmp,1,12,2,13,2.4668,1.5877,10.392,3.6274,7.0362,2.4317,2.5611,2.6674,2.9958,3.5481,4.0274,5.9649,6.9434,10.6977,11.8262,13,13,13,13,13,13,13,13,13,13,13,13,13,13,13
01_13_12_02_0239.bmp,0,12,2,13,1.0115,0.8455,7.0321,1.4607,2.5663,1.1037,1.3135,1.6673,1.9002,2.6162,3.1951,4.7338,6.0357,8.7744,11.1744,13,13,13,13,13,13,13,13,13,13,13,13,13,13,13
01_13_12_02_0239.bmp,1,12,2,13,2.5327,1.646,11.2981,3.7781,6.8957,2.628,2.6403,2.9018,3.0165,3.9093,4.1684,5.4255,7.1163,10.0946,12.6782,13,13,13,13,13,13,13,13,13,13,13,13,13,13,25
01_13_12_02_0240.bmp,1,12,2,13,2.3579,1.4961,11.5196,3.5513,7.3059,2.3784,2.4376,2.7014,2.8772,3.4802,4.1731,5.8582,7.5232,10.0086,12.5497,13,13,13,13,13,13,13,13,13,13,13,13,13,13,13
01_13_12_02_0241.bmp,0,12,2,13,1.1104,0.9098,7.3538,1.7261,8.8175,1.2959,1.4511,1.7032,2.0495,2.9453,3.8534,4.9339,7.0719,9.5566,12.6706,13,13,13,13,7,13,13,13,13,13,13,13,25,13,13
01_13_12_02_0244.bmp,1,12,2,13,2.3453,1.5088,10.8263,3.4489,6.8171,2.3853,2.4807,2.5057,2.9092,3.4425,4.234,5.8797,7.4775,9.6484,13.1849,13,13,13,13,13,13,13,13,13,13,13,13,13,13,13
01_13_12_02_0245.bmp,0,12,2,13,0.8,0.5116,7.3181,0.9989,9.0789,0.8743,1.1644,1.6519,1.8287,2.8013,3.6866,4.4554,6.7832,9.6258,12.4302,13,13,13,13,7,13,13,13,13,13,13,13,13,13,25
01_13_12_02_0248.bmp,0,12,2,13,0.9863,0.8235,12.0902,1.6167,4.7686,1.1856,1.4148,1.8932,2.2902,2.6437,4.0351,5.6414,6.8684,10.1234,12.6266,13,13,13,13,13,13,13,13,13,13,13,13,13,13,13
01_13_12_02_0250.bmp,1,12,2,13,2.4341,1.4973,11.8626,3.5908,6.9729,2.467,2.6291,2.8378,2.9499,3.5946,3.9124,5.6108,6.8812,9.7668,12.9331,13,13,13,13,13,13,13,13,13,13,13,13,13,13,40
01_13_12_02_0253.bmp,0,12,2,13,1.0926,0.9186,5.4427,1.6001,6.1948,1.1673,1.4429,1.7385,2.0351,2.725,3.578,5.12,6.646,10.2228,12.0821,13,13,13,13,13,13,13,13,13,13,13,13,13,13,13
01_13_12_02_0256.bmp,0,12,2,13,1.2375,0.8547,7.3536,1.7289,6.5185,1.3494,1.415,1.8606,2.2476,2.8491,3.4846,5.4723,7.179,9.8314,12.8534,13,13,13,13,13,13,13,13,13,13,13,13,13,13,13
01_13_12_02_0257.bmp,0,12,2,13,1.3338,1.0189,9.5867,2.0144,4.9693,1.4142,1.5851,1.8323,2.1246,2.8653,3.8872,5.5413,6.9578,10.3837,13.1841,13,13,13,13,13,13,13,13,13,13,13,13,13,13,13
01_13_12_02_0257.bmp,1,12,2,13,2.4006,1.5036,11.2448,3.5192,7.2514,2.5533,2.4926,2.6423,2.8908,3.6727,4.0727,5.4507,7.1082,9.9631,12.8416,13,13,13,13,13,13,13,13,13,13,13,13,13,13,25
01_13_12_02_0261.bmp,0,12,2,13,1.2854,0.9427,6.2186,1.9166,5.8922,1.3202,1.5462,1.7677,2.3824,2.9261,3.6952,5.9772,6.2791,9.9033,13.0046,13,13,13,13,13,13,13,13,13,13,13,13,13,13,13
01_13_12_02_0262.bmp,1,12,2,13,2.3999,1.5222,11.4583,3.6332,7.2431,2.4996,2.6178,2.7346,3.0038,3.5079,4.0699,5.6959,6.7802,10.7802,13.0301,13,13,13,13,13,13,13,13,13,13,13,13,13,13,25
01_13_12_02_0266.bmp,1,12,2,13,2.4269,1.5267,10.9,3.6393,6.9547,2.4102,2.6097,2.6063,3.0612,3.4419,3.9815,5.2856,6.7091,9.5081,12.6106,13,13,13,13,13,13,13,13,13,13,13,13,13,13,13
01_13_12_02_0267.bmp,1,12,2,13,2.348,1.4757,10.8777,3.6087,7.076,2.3535,2.4411,2.5144,3.0005,3.4501,3.8298,5.4265,6.7362,10.1365,13.2155,13,13,13,13,13,13,13,13,13,13,13,13,13,13,13
01_13_12_02_0268.bmp,0,12,2,13,1.1536,0.9201,3.6173,1.6435,6.3998,1.1854,1.4508,1.7872,2.1795,2.931,3.551,5.4797,6.563,10.0095,12.8356,13,13,13,13,13,13,13,13,13,13,13,13,13,13,13
01_13_12_02_0269.bmp,0,12,2,13,0.9695,0.7288,5.3389,1.5785,6.4409,1.1057,1.4064,1.6117,2.0129,3.1711,3.4747,5.1212,6.6035,10.668,12.9281,13,13,13,13,13,13,13,13,13,13,13,13,13,13,40
01_13_12_02_0272.bmp,0,12,2,13,2.2861,1.4991,11.0828,3.5433,7.1598,2.3943,2.5065,2.6829,2.9296,3.5623,3.7737,5.4102,6.6536,10.3994,13.9003,13,13,13,13,13,13,13,13,13,13,13,13,13,13,40
01_13_12_02_0276.bmp,0,12,2,13,2.3713,1.4472,12.0269,3.5568,7.1133,2.4163,2.5599,2.6285,2.8233,3.5313,4.6197,5.5207,6.8451,9.5766,12.5994,13,13,13,13,13,13,13,13,13,13,13,13,13,13,13
01_13_12_02_0279.bmp,0,12,2,13,2.3832,1.5043,10.902,3.5134,6.9009,2.2898,2.5312,2.6589,2.7905,3.6711,4.2624,5.5994,6.7525,9.6675,13.0935,13,13,13,13,13,13,13,13,13,13,13,13,13,13,13
01_13_12_02_0281.bmp,0,12,2,13,2.3997,1.4533,11.1619,3.4948,7.3025,2.3716,2.5007,2.5248,2.8658,3.3997,3.9938,5.5222,7.1343,9.8405,13.5318,13,13,13,13,13,13,13,13,13,13,13,13,13,13,25
01_13_12_02_0285.bmp,0,12,2,13,2.3313,1.4777,10.9704,3.4683,6.8569,2.3543,2.3646,2.61,2.7175,3.4432,4.1186,5.5656,6.6998,9.7809,12.4992,13,13,13,13,13,13,13,13,13,13,13,13,13,13,25
01_13_12_02_0286.bmp,0,12,2,13,2.3122,1.4679,11.3649,3.5256,6.9231,2.4624,2.4585,2.6373,2.9732,3.604,3.9487,5.7483,6.7998,9.6717,12.0055,13,13,13,13,13,13,13,13,13,13,13,13,13,13,40
01_13_12_02_0287.bmp,0,12,2,13,2.1365,1.3754,11.4596,3.2806,7.0148,2.324,2.354,2.5,2.7957,3.5994,4.0728,5.5415,7.0608,10.595,12.7539,13,13,13,13,13,13,13,13,13,13,13,13,13,25,13
01_13_12_02_0291.bmp,0,12,2,13,2.2854,1.5474,10.6965,3.4872,7.0804,2.3132,2.4988,2.6112,2.6876,3.4005,4.2998,5.7627,6.7313,9.5386,12.7193,13,13,13,13,13,13,13,13,13,13,13,13,13,13,40
01_13_12_02_0294.bmp,0,12,2,13,2.2807,1.5625,10.8746,3.4761,6.8044,2.4156,2.5352,2.5922,2.8059,3.4209,4.1438,5.3531,6.9041,9.7469,13.2994,13,13,13,13,13,13,13,13,13,13,13,13,13,25,13
01_13_12_02_0296.bmp,0,12,2,13,2.1634,1.4576,11.4435,3.2504,6.6459,2.2019,2.2979,2.3828,2.8914,3.2948,3.7891,5.4882,6.8782,9.9822,12.8781,13,13,13,13,13,13,13,13,13,13,13,13,13,13,25
01_13_12_02_0297.bmp,0,12,2,13,2.1385,1.4645,11.7161,3.3138,6.6746,2.2068,2.3706,2.5479,2.7731,3.6448,4.0315,5.5534,6.4597,9.357,13.8032,13,13,13,13,13,13,13,13,13,13,13,13,13,25,13
01_13_12_02_0302.bmp,0,12,2,13,2.3147,1.5418,11.5514,3.4404,7.0888,2.3039,2.4169,2.5942,2.612,3.3962,4.411,5.3159,6.6398,9.7176,12.5386,13,13,13,13,13,13,13,13,13,13,13,13,13,13,40
01_13_12_02_0304.bmp,0,12,2,13,2.3043,1.606,12.2443,3.4824,7.1829,2.3761,2.5136,2.7609,2.818,3.5237,4.1978,5.7414,7.4458,10.6052,13.8555,13,13,13,13,13,13,13,13,13,13,13,13,13,13,40
01_13_12_02_0305.bmp,0,12,2,13,2.1731,1.4416,10.9795,3.2597,7.1568,2.2341,2.3183,2.351,2.691,3.4449,3.9601,5.6009,6.6675,10.0461,12.2047,13,13,13,13,13,13,13,13,13,13,13,13,13,25,13
01_13_12_02_0306.bmp,0,12,2,13,2.4104,1.5926,11.4379,3.574,6.8608,2.4103,2.5557,2.6834,2.8644,3.4431,4.3084,5.1975,7.3791,10.7194,12.6633,13,13,13,13,13,13,13,13,13,13,13,13,13,13,24
01_13_12_02_0310.bmp,0,12,2,13,2.3848,1.6173,14.2422,3.4615,6.4129,2.3884,2.4567,2.6748,2.9843,3.2742,4.4897,5.7669,7.5681,9.9412,12.459,13,13,13,13,13,13,13,13,13,13,13,13,13,25,25
01_13_12_02_0312.bmp,0,12,2,13,2.4909,1.6038,13.0813,3.6828,8.3804,2.4919,2.4845,2.7214,2.8458,3.5464,4.3487,5.4851,7.1154,9.4603,12.5018,13,13,13,13,13,13,13,13,13,13,13,13,13,13,40
01_13_12_02_0317.bmp,0,12,2,13,2.2963,1.5238,10.5321,3.3266,6.4419,2.283,2.3199,2.5448,2.8221,3.3517,3.9623,5.5557,6.2871,10.1947,13.3436,13,13,13,13,13,13,13,13,13,13,13,13,13,25,24
01_13_12_02_0322.bmp,0,12,2,13,2.7496,1.8225,13.1396,4.0406,8.2883,2.7478,2.8495,3.0518,3.301,3.5816,4.1832,5.4631,6.8529,10.7589,13.8622,13,13,13,13,13,13,13,13,13,13,13,13,13,13,40
01_13_12_02_0326.bmp,0,12,2,13,2.2227,1.5222,10.6089,3.3468,8.1817,2.335,2.4815,2.5484,2.791,3.5471,4.34,5.896,7.3113,10.114,13.0839,13,13,13,13,13,13,13,13,13,13,13,13,13,13,13
01_13_12_02_0330.bmp,0,12,2,13,2.8045,1.9026,12.8995,4.1919,8.8574,2.8384,2.974,3.2439,3.3047,4.0099,4.3271,5.7282,7.4619,10.3223,12.7067,13,13,13,13,13,13,13,13,13,13,13,13,13,13,25
01_13_12_02_0337.bmp,0,12,2,13,3.5033,2.509,15.3371,5.244,9.5704,3.4583,3.5484,3.7396,3.9337,4.46,4.7061,6.5337,7.6477,11.589,14.0422,13,13,13,13,13,13,13,13,13,13,13,13,13,25,13
01_13_12_02_0338.bmp,0,12,2,13,3.6207,2.5255,14.9499,5.478,11.2129,3.7424,3.6479,3.8156,4.0603,4.6446,4.8099,6.236,8.2869,11.2403,14.3044,13,13,13,13,13,13,13,13,13,13,13,13,13,13,13
01_13_12_02_0339.bmp,0,12,2,13,4.7856,3.2973,16.2405,7.2088,11.6436,4.7728,4.8634,5.0051,4.9402,5.8769,6.0888,7.2827,8.5735,11.0498,12.9986,13,13,13,13,13,13,13,13,13,13,13,13,13,13,13
01_13_12_02_0343.bmp,0,12,2,13,6.5342,4.3569,16.5855,9.8872,15.0747,6.5685,6.6416,6.5858,6.8578,6.6913,7.4132,8.3698,9.2082,12.2622,14.743,13,13,13,13,13,13,13,13,13,13,13,13,13,13,13
01_13_12_02_0349.bmp,0,12,2,13,6.8374,4.8445,16.6604,10.2978,16.2255,6.8156,7.107,7.0268,6.958,7.0503,7.8711,8.6103,9.4941,11.6297,15.0718,13,13,13,13,13,13,13,13,13,13,13,13,13,13,13
01_13_12_02_0351.bmp,0,12,2,13,5.2477,3.6241,17.4045,7.8861,15.0222,5.2419,5.0784,5.3408,5.336,5.3554,6.1252,7.6801,8.0985,11.9657,15.2186,13,13,13,13,2,13,13,13,13,13,13,13,13,25,13
01_13_12_02_0353.bmp,0,12,2,13,3.5363,2.6039,16.0639,5.3053,8.0752,3.5376,3.7299,3.6035,4.0864,4.5035,4.9282,6.2868,8.0627,11.4643,13.7082,13,13,13,13,2,13,13,13,13,13,13,13,13,13,13
01_13_12_02_0355.bmp,0,12,2,13,3.2508,2.5166,12.535,4.9548,7.1349,3.3366,3.305,3.6132,3.5015,4.1565,4.6736,6.1844,7.8083,10.2031,14.1269,13,13,13,13,2,13,13,13,13,13,13,13,13,13,13
01_13_12_02_0358.bmp,0,12,2,13,1.7272,1.4564,11.3511,2.5872,3.3989,1.7419,1.9703,2.1868,2.4322,3.2947,3.7715,5.1539,6.397,9.0966,11.9095,13,13,13,13,13,13,13,13,13,13,13,13,13,13,13
01_13_12_02_0367.bmp,0,12,2,13,0.9941,0.7637,4.9503,1.6561,2.3072,1.1431,1.3785,1.7935,2.1666,2.672,3.5679,4.7751,6.4654,9.6045,12.4356,13,13,13,13,13,13,13,13,13,13,13,13,13,13,13
01_13_12_02_0368.bmp,0,12,2,13,1.1958,0.8462,7.0774,1.8329,2.7912,1.3706,1.5561,1.8494,2.0906,2.6556,3.6543,4.8283,6.6486,9.777,12.0899,13,13,13,13,13,13,13,13,13,13,13,13,13,13,13
01_13_12_02_0371.bmp,0,12,2,13,1.1638,0.8593,7.304,1.7477,3.1499,1.2882,1.4127,1.7871,2.1114,2.7245,3.262,4.9814,6.4997,9.5451,12.2535,13,13,13,13,13,13,13,13,13,13,13,13,13,13,13
01_13_12_02_0373.bmp,0,12,2,13,1.1575,1.005,7.2088,1.7179,3.6209,1.2522,1.4737,1.8392,2.1573,2.7677,3.5842,5.0247,6.5619,9.1444,12.0552,13,13,13,13,13,13,13,13,13,13,13,13,13,13,13
01_13_12_02_0376.bmp,0,12,2,13,0.8908,0.8139,4.0925,1.3291,3.5554,1.1299,1.4017,1.8101,2.3588,3.1652,3.8991,5.6595,8.0382,10.8309,15.599,13,13,13,13,13,13,13,13,13,13,13,13,13,13,13
01_13_12_02_0388.bmp,0,12,2,13,1.4831,1.1342,13.7953,2.2761,3.7041,1.5238,1.748,1.6389,1.8419,2.1371,2.4755,2.2855,3.9354,5.248,6.8483,12,31,42,12,13,12,12,12,12,32,12,13,13,13,40
01_13_12_02_0391.bmp,0,12,2,13,1.4182,1.2052,14.7934,2.1264,3.1482,1.5497,1.5069,1.6786,1.9654,2.2364,3.0038,3.3309,3.6317,5.44,6.2311,31,31,42,13,13,31,31,13,13,13,12,13,13,12,13
01_13_12_02_0393.bmp,0,12,2,13,1.7089,1.2321,14.6557,2.4509,3.6736,1.63,1.9127,1.8392,2.0085,2.6098,2.8378,3.5652,3.8791,5.4613,6.7638,31,31,42,13,18,31,31,31,12,12,12,13,12,13,34
01_13_12_02_0394.bmp,0,12,2,13,2.0879,1.5439,14.0029,3.1242,4.7447,1.9254,1.9961,2.2668,2.3903,2.5918,2.9149,4.2968,3.7873,6.5263,6.1187,12,31,42,13,13,12,12,12,13,32,12,13,12,13,25
01_13_12_02_0409.bmp,0,12,2,13,2.4778,1.7228,12.6475,3.6062,7.4212,2.4047,2.4846,2.5022,2.7316,2.6438,2.7517,3.8362,4.224,4.5391,5.6446,12,31,13,13,13,12,12,12,13,13,12,13,12,13,13
01_13_12_02_0410.bmp,0,12,2,13,2.241,1.6505,14.0853,3.3423,7.9975,2.3839,2.2413,2.5752,2.2821,2.8456,2.7619,4.5219,4.0002,5.4138,6.828,13,31,10,13,13,12,12,12,12,12,13,13,13,12,26
01_13_12_02_0412.bmp,0,12,2,13,1.9957,1.42,13.5719,2.9909,6.8022,2.1098,1.9428,2.2234,2.227,2.3699,3.1733,3.8464,3.986,6.0345,7.5231,13,31,42,13,13,13,13,13,13,13,13,13,13,13,7
01_13_12_02_0415.bmp,0,12,2,13,1.25,0.973,12.5561,1.8876,0.0,1.4939,1.5597,1.8531,1.6011,2.245,2.9266,3.5098,4.5939,5.2756,6.4445,13,13,42,13,13,13,13,13,13,13,13,13,13,13,25
01_13_12_02_0422.bmp,0,12,2,13,1.1766,0.9074,11.2291,1.7522,0.0,1.296,1.3682,1.2827,1.6807,1.8975,2.5401,3.1524,4.3894,6.2609,7.5902,13,31,11,13,13,13,13,13,13,13,13,13,12,12,13
01_13_12_02_0425.bmp,0,12,2,13,1.1057,0.8492,9.8698,1.674,0.0,1.1421,1.3546,1.3096,1.7729,1.8691,2.2326,2.6634,4.3805,5.7627,6.6137,13,31,13,13,13,13,13,13,13,13,13,13,13,12,35
01_13_12_02_0427.bmp,0,12,2,13,1.0545,0.7976,12.2122,1.5777,0.0,1.0307,1.1552,1.442,1.5052,2.4141,2.5305,3.5398,4.1697,6.5075,6.8728,13,31,13,13,13,13,13,13,13,13,13,13,13,13,25
01_13_12_02_0431.bmp,0,12,2,13,0.9817,0.8019,13.6544,1.502,0.0,1.0955,1.1095,1.2423,1.5229,1.6843,2.8998,3.8764,4.0457,5.6297,7.513,13,13,11,13,13,13,13,13,13,13,13,13,13,12,13
01_13_12_02_0434.bmp,0,12,2,13,1.2003,0.8926,17.4697,1.7733,2.8679,1.4124,1.5901,1.6243,1.7998,2.228,2.6928,4.1351,4.1425,7.3766,8.622,13,13,11,13,13,13,13,13,13,13,13,13,12,13,13
01_13_12_02_0442.bmp,0,12,2,13,1.2545,0.9392,15.9209,1.8057,0.0,1.4056,1.4232,1.4637,2.0743,2.251,2.9694,3.7896,4.8859,6.9673,8.6765,13,13,13,13,13,13,13,13,13,13,13,13,13,25,13
01_13_12_02_0446.bmp,0,12,2,13,0.9248,0.7491,11.2461,1.2814,2.0113,0.9838,1.1285,1.5228,1.6384,2.4053,2.7073,3.721,5.1422,7.3405,8.3845,13,13,13,13,13,13,13,13,13,13,13,13,12,13,40
01_13_12_02_0449.bmp,0,12,2,13,1.192,0.9345,15.2667,1.8253,3.1251,1.4141,1.4499,1.7653,1.8325,2.698,3.3254,4.3859,5.8861,8.0655,10.107,13,13,13,13,13,13,13,13,13,13,13,13,13,13,40
01_13_12_02_0452.bmp,0,12,2,13,1.3563,1.0631,16.4754,2.0926,0.0,1.47,1.6116,1.7695,2.3735,2.611,3.2331,4.2079,5.4333,7.925,9.5314,13,13,13,13,13,13,13,13,13,13,13,13,13,24,13
01_13_12_02_0454.bmp,0,12,2,13,1.1484,0.9104,14.5237,1.7454,2.7487,1.2634,1.4788,1.7135,2.0768,2.6323,3.2908,4.4034,5.8429,8.1393,10.2833,13,13,13,13,13,13,13,13,13,13,13,13,13,13,13
01_13_12_02_0455.bmp,0,12,2,13,1.1327,0.8915,16.653,1.6584,2.8757,1.231,1.5755,1.6267,2.0413,2.8156,3.3993,4.4913,5.2931,8.0825,10.5187,13,13,13,13,13,13,13,13,13,13,13,13,13,13,24
01_13_12_02_0458.bmp,0,12,2,13,1.6346,1.2789,16.2865,2.3913,1.8186,1.6951,1.7267,2.0743,2.5198,2.4137,3.6122,4.8003,6.1385,9.1512,9.9404,13,13,13,13,13,13,13,13,13,13,13,13,13,13,13
01_13_12_02_0462.bmp,0,12,2,13,1.3962,0.8905,18.75,1.9643,0.5199,1.4837,1.6112,1.9614,2.2152,3.1683,3.2993,5.199,6.1316,8.3404,11.1806,13,13,13,13,13,13,13,13,13,13,13,13,13,40,24
01_13_12_02_0463.bmp,0,12,2,13,1.3835,0.8712,15.8473,2.0045,2.875,1.4025,1.6118,1.9142,1.9668,2.7608,3.1991,4.9493,6.2958,8.9668,11.5182,13,13,13,13,13,13,13,13,13,13,13,13,13,13,25
01_13_12_02_0469.bmp,0,12,2,13,1.1687,0.8202,10.8086,1.6779,0.0,1.2635,1.4916,1.7442,1.9835,2.8595,3.3169,4.6589,6.0082,8.631,11.3618,13,13,13,13,13,13,13,13,13,13,13,13,13,13,13
01_13_12_02_0470.bmp,0,12,2,13,1.018,0.7463,11.4104,1.4728,1.627,1.1023,1.3624,1.4964,1.8532,2.7799,3.3906,4.3821,6.3611,8.5449,10.5574,13,13,13,13,13,13,13,13,13,13,13,13,13,13,40
01_13_12_02_0473.bmp,0,12,2,13,1.0306,0.8487,11.2219,1.5929,1.4719,1.2757,1.6562,1.9979,2.491,3.1533,4.4205,5.83,7.7774,11.1532,13.456,13,13,13,13,13,13,13,13,13,13,13,13,13,13,13
01_13_12_02_0474.bmp,0,12,2,13,1.3298,0.8896,10.6852,1.9929,2.3129,1.3348,1.6678,2.2144,2.514,3.184,4.2897,6.141,7.9283,11.2546,13.2179,13,13,13,13,13,13,13,13,13,13,13,13,13,13,13
01_13_12_02_0477.bmp,0,12,2,13,0.7482,0.6374,8.562,1.1659,2.6626,0.965,1.3107,1.8552,2.1423,2.9521,3.6627,5.1924,7.1904,9.3453,12.4138,13,13,13,13,13,13,13,13,13,13,13,13,13,13,13
01_13_12_02_0478.bmp,0,12,2,13,1.0653,0.7323,8.4748,1.3858,1.6876,1.0538,1.3516,1.5241,1.9807,2.6387,3.9127,5.0273,6.6077,9.2206,12.0957,13,13,13,13,13,13,13,13,13,13,13,13,13,13,13
01_13_12_02_0481.bmp,0,12,2,13,0.6746,0.5303,7.2713,0.9806,1.4083,0.8265,1.0831,1.4709,1.8997,2.5083,3.2733,5.1069,6.3542,9.5623,12.925,13,13,13,13,13,13,13,13,13,13,13,13,13,13,13
01_13_12_02_0486.bmp,0,12,2,13,0.8696,0.6644,4.8557,1.1397,1.548,0.8958,1.1514,1.5692,2.0154,2.6325,3.3031,4.8733,6.8389,8.6906,11.8511,13,13,13,13,13,13,13,13,13,13,13,13,13,13,24
01_13_12_02_0487.bmp,0,12,2,13,0.6708,0.5621,6.8398,1.0796,1.3815,0.8437,1.2043,1.4866,1.8693,2.856,3.5803,4.8554,6.1497,10.1162,13.672,13,13,13,13,13,13,13,13,13,13,13,13,13,13,13
01_13_12_02_0492.bmp,0,12,2,13,0.8326,0.6419,6.814,1.2648,3.2947,1.0385,1.1577,1.8158,1.8294,2.8326,3.5137,4.7008,6.666,10.0187,12.8162,13,13,13,13,13,13,13,13,13,13,13,13,13,13,13
01_13_12_02_0498.bmp,0,12,2,13,0.8298,0.583,7.3279,1.1461,4.1947,0.8555,1.2392,1.6413,2.1894,2.9253,3.7509,5.3862,6.3308,9.3776,12.767,13,13,13,13,13,13,13,13,13,13,13,13,13,13,13
01_13_12_02_0505.bmp,0,12,2,13,0.9344,0.4801,6.8213,1.1368,4.3395,0.8812,1.1834,1.699,2.187,2.8041,3.627,5.1358,6.249,9.4554,13.4961,13,13,13,13,13,13,13,13,13,13,13,13,13,13,13
01_13_12_02_0507.bmp,0,12,2,13,0.9653,0.4921,4.7937,1.0517,4.7008,0.8442,1.0775,1.6779,2.2165,2.8695,3.5216,5.1701,7.1482,10.2188,12.6987,13,13,13,13,13,13,13,13,13,13,13,13,13,13,13
01_13_12_02_0509.bmp,0,12,2,13,0.9705,0.5349,6.774,1.164,5.0735,0.92,1.3195,1.5612,1.9136,2.8597,3.7264,5.5682,7.0607,9.7539,12.889,13,13,13,13,13,13,13,13,13,13,13,13,13,13,13
01_13_12_02_0517.bmp,0,12,2,13,1.3488,1.0187,15.7135,1.9661,2.9176,1.3166,1.465,1.6443,1.8973,2.6187,2.7847,3.136,4.2389,5.932,6.9421,32,31,13,13,13,32,32,32,32,13,13,12,13,25,23
01_13_12_02_0518.bmp,0,12,2,13,1.3024,0.9766,15.71,1.9166,3.3126,1.4684,1.4761,1.7069,1.6208,1.8047,2.4902,3.1637,4.0165,5.7271,7.5471,32,31,42,13,13,32,32,32,13,12,13,12,13,0,40
01_13_12_02_0522.bmp,0,12,2,13,1.4836,1.0774,15.2183,2.2108,4.8139,1.6011,1.5077,1.488,1.9864,2.0413,2.6832,3.3439,4.3024,5.5684,7.5502,32,31,11,13,13,32,32,32,13,32,12,13,12,10,7
01_13_12_02_0524.bmp,0,12,2,13,1.4835,1.1,15.2929,2.1433,5.4562,1.4088,1.6392,1.724,2.1408,2.0852,2.7027,3.5162,4.014,5.7007,6.319,32,31,42,32,13,32,32,32,32,32,13,12,13,12,34
01_13_12_02_0525.bmp,0,12,2,13,1.1041,0.8556,11.519,1.5884,4.0702,1.0437,1.231,1.5875,1.8669,2.2886,3.073,4.6674,4.6642,7.6603,8.2004,13,31,13,13,13,13,13,13,13,13,13,13,13,13,12
01_13_12_02_0528.bmp,0,12,2,13,1.2549,0.9381,15.3542,1.7908,3.8443,1.2303,1.3883,1.4363,1.6022,1.9016,2.6925,3.2698,4.5374,5.5686,6.9013,32,31,42,12,12,32,32,32,12,32,12,12,12,13,12
01_13_12_02_0529.bmp,0,12,2,13,1.6742,1.1858,11.5367,2.3783,3.6886,1.677,1.7608,1.9413,2.1619,3.0691,3.3122,4.4072,5.6457,6.9445,9.0802,13,31,13,13,15,13,13,13,13,13,13,13,13,13,40
01_13_12_02_0531.bmp,0,12,2,13,1.4504,1.1004,9.7471,2.2793,3.3986,1.557,1.6304,1.923,1.7292,2.8447,3.667,4.7177,5.7142,7.4492,9.7286,13,31,13,13,13,13,13,13,13,13,13,13,13,12,40
01_13_12_02_0532.bmp,0,12,2,13,1.3821,1.0566,11.9761,1.9707,5.1325,1.3665,1.3608,1.4967,1.9231,2.1153,2.0377,3.0859,3.612,5.0585,8.1088,32,31,13,32,12,32,32,32,32,32,13,32,12,40,25
01_13_12_02_0535.bmp,0,12,2,13,1.4612,1.0094,12.8462,2.1396,2.9569,1.5117,1.5625,1.7307,2.3102,2.9282,3.3093,4.82,4.9972,6.2893,9.1105,13,12,13,13,13,13,13,13,13,13,13,13,13,13,40
01_13_12_02_0537.bmp,0,12,2,13,1.4148,0.8977,13.3033,2.0263,4.0639,1.4128,1.8978,1.6439,2.1249,2.2213,3.1118,4.0617,5.3194,7.5659,9.8114,13,13,13,13,13,13,13,13,13,13,13,12,12,40,40
01_13_12_02_0539.bmp,0,12,2,13,1.1558,0.8615,14.3019,1.5533,2.1662,1.3315,1.3794,1.4995,2.132,2.4336,3.2514,4.3013,5.1841,6.9514,9.8888,13,31,13,13,13,13,13,13,13,13,13,13,13,25,40
01_13_12_02_0540.bmp,0,12,2,13,1.2961,1.0196,17.012,1.9421,4.923,1.3045,1.4445,1.4699,1.9424,2.0879,2.9934,3.3557,4.6736,5.1206,6.2264,32,31,42,32,13,32,32,32,32,32,32,13,13,25,26
01_13_12_02_0542.bmp,0,12,2,13,1.3694,1.0963,14.9577,2.0118,5.1897,1.468,1.4196,1.6777,1.6869,1.9202,2.4181,3.2834,3.7619,4.9122,6.7996,32,31,13,13,13,32,32,32,32,13,13,13,13,25,25
01_13_12_02_0551.bmp,0,12,2,13,1.0821,0.7987,11.3565,1.544,2.1073,1.1604,1.3312,1.558,1.7949,2.575,3.1986,4.512,5.4021,7.4383,10.9697,13,31,13,13,15,13,13,13,13,13,13,13,12,40,40
01_13_12_02_0553.bmp,0,12,2,13,0.9838,0.7429,13.462,1.3573,1.4887,1.0401,1.2063,1.4962,2.0664,2.2771,3.3042,4.6,6.1089,7.1084,10.0197,13,13,13,13,13,13,13,13,13,13,13,13,13,13,40
01_13_12_02_0556.bmp,0,12,2,13,1.331,1.0155,12.4308,1.945,1.8633,1.2601,1.3709,1.6174,1.6501,2.0103,2.3121,3.1021,3.1696,5.7109,7.1709,32,31,42,32,13,32,32,32,32,32,32,13,12,13,4
01_13_12_02_0559.bmp,0,12,2,13,1.159,0.7289,13.1979,1.5322,2.1991,1.2355,1.2678,1.6449,2.0604,2.6855,2.9286,4.9041,6.2628,9.0018,10.4582,13,31,13,13,15,13,13,13,13,13,13,13,13,13,40
01_13_12_02_0562.bmp,0,12,2,13,0.9419,0.7116,15.863,1.4468,4.4181,0.9773,1.0883,1.1625,1.2503,1.4806,2.1173,3.0605,3.4117,5.7327,7.5637,32,31,42,13,12,32,32,32,32,12,32,12,38,40,13
01_13_12_02_0563.bmp,0,12,2,13,0.9378,0.629,11.853,1.3401,2.1948,1.0301,1.2697,1.5395,2.2079,2.3606,3.142,4.1246,5.9824,8.4435,10.2954,13,31,13,13,13,13,13,13,13,13,13,12,13,40,40
01_13_12_02_0569.bmp,0,12,2,13,1.2539,0.8527,12.0307,1.7994,3.1642,1.4437,1.5286,1.8822,2.067,2.6849,3.6835,4.6179,6.1988,8.4607,11.56,13,13,13,13,13,13,13,13,13,13,13,13,13,40,40
01_13_12_02_0571.bmp,0,12,2,13,1.383,0.8751,12.6959,1.8437,3.631,1.3976,1.4671,1.7937,2.2084,2.7973,3.6099,4.9401,6.4004,8.5397,10.7935,13,13,13,13,13,13,13,13,13,13,13,13,13,25,24
01_13_12_02_0572.bmp,0,12,2,13,1.2684,0.9778,14.1901,1.9745,4.2304,1.2753,1.3424,1.6447,1.6438,1.8258,2.5811,3.3819,4.2591,6.6621,7.4016,32,31,42,32,32,32,32,32,32,32,12,12,12,25,40
01_13_12_02_0574.bmp,0,12,2,13,1.1486,0.9178,14.6628,1.6072,3.7359,1.2339,1.2363,1.4154,1.3134,1.8705,2.6683,3.2754,4.7973,5.6976,6.5671,32,31,13,32,13,32,32,32,32,32,13,32,12,13,13
01_13_12_02_0583.bmp,0,12,2,13,1.6759,1.2923,15.5971,2.5235,4.243,1.6499,1.9028,2.2201,2.4314,3.3229,4.2814,5.2199,6.3675,9.145,12.2237,13,13,13,13,15,13,13,13,13,13,13,13,13,13,25
01_13_12_02_0585.bmp,0,12,2,13,1.2128,0.7831,12.7557,1.7955,5.6714,1.3272,1.4077,1.8323,2.1914,2.9968,3.673,5.8042,6.6412,9.3391,11.6727,13,13,13,13,13,13,13,13,13,13,13,13,25,13,25
01_13_12_02_0587.bmp,0,12,2,13,1.2273,0.9089,11.2713,1.797,4.3521,1.2774,1.5918,1.7287,2.1356,2.8995,3.2635,5.1108,5.8028,9.5966,10.98,13,13,13,13,13,13,13,13,13,13,13,13,13,25,25
01_13_12_02_0593.bmp,0,12,2,13,1.3992,1.0621,10.4561,2.0893,3.044,1.4258,1.6322,1.9751,2.2358,2.9566,3.682,4.6455,6.6436,8.6804,11.5039,13,13,13,13,13,13,13,13,13,13,13,13,13,13,13
01_13_12_02_0594.bmp,0,12,2,13,0.959,0.7961,13.0848,1.4286,2.3093,0.9538,1.2228,1.4621,1.522,1.948,3.0462,3.8402,4.8646,7.8526,8.7129,13,13,13,13,13,13,13,13,13,13,13,13,13,25,40
01_13_12_02_0597.bmp,0,12,2,13,1.0986,0.7655,10.2586,1.6373,2.5486,1.2196,1.4563,1.7306,1.9705,2.9096,3.5715,4.5597,6.5468,8.5995,10.7921,13,13,13,13,13,13,13,13,13,13,13,13,13,25,13
01_13_12_02_0600.bmp,0,12,2,13,1.1303,0.9668,10.3061,1.7212,2.5538,1.2198,1.5047,1.8101,1.9657,2.9519,3.6175,5.1289,6.2256,9.2013,11.5767,13,13,13,13,13,13,13,13,13,13,13,13,13,25,40
01_13_12_02_0601.bmp,0,12,2,13,1.061,0.7898,10.2113,1.5576,2.1855,1.1346,1.5058,1.8346,2.1395,3.0266,3.7463,5.2514,6.7135,9.7198,11.6081,13,13,13,13,13,13,13,13,13,13,13,13,13,13,24
01_13_12_02_0604.bmp,0,12,2,13,1.0388,0.7856,10.02,1.5026,2.391,1.1649,1.3605,1.6913,2.2627,2.7805,3.7123,5.0287,6.9195,9.7039,12.599,13,13,13,13,13,13,13,13,13,13,13,13,13,13,40
01_13_12_02_0608.bmp,0,12,2,13,0.745,0.5566,7.1782,1.1253,1.5933,0.8965,1.2336,1.6429,2.0085,2.9281,3.7415,5.0262,6.7693,9.7599,13.203,13,13,13,13,13,13,13,13,13,13,13,13,13,13,40
01_13_12_02_0613.bmp,0,12,2,13,0.9694,0.75,8.239,1.5011,7.4265,1.098,1.2969,1.8032,2.2821,2.9665,3.5204,4.9782,6.6274,9.3783,12.6332,13,13,13,13,13,13,13,13,13,13,13,13,13,13,13
01_13_12_02_0616.bmp,0,12,2,13,0.8969,0.6352,7.3821,1.2985,2.0651,0.9637,1.3793,1.564,1.6899,2.4475,3.329,4.7499,6.2715,9.1515,11.1502,13,13,13,13,13,13,13,13,13,13,13,13,13,13,13
01_13_12_02_0617.bmp,0,12,2,13,1.0104,0.6281,10.3411,1.3677,9.8784,1.1868,1.3592,1.5278,2.0006,2.831,4.1067,5.1219,6.4521,9.8902,12.9931,13,13,13,13,13,13,13,13,13,13,13,13,13,13,13
01_03_04_01_0005.bmp,0,4,1,9,6.4194,5.4992,24.7137,8.7144,8.3986,6.3444,6.5049,6.6405,6.3001,6.4983,7.2911,7.4272,8.3598,10.1473,11.785,13,13,41,15,41,13,13,13,13,13,41,41,41,23,13
01_03_04_01_0006.bmp,0,4,1,9,6.4672,5.6545,21.3377,9.1827,9.572,6.4879,6.5618,6.4,6.6713,6.9018,6.5278,8.1936,7.82,10.0956,11.9132,15,13,16,15,15,13,15,13,13,13,13,41,13,13,40
01_03_04_01_0012.bmp,0,4,1,9,7.4506,6.6675,22.4432,9.2678,13.1291,7.4713,7.4063,7.521,7.5178,7.5891,8.147,8.3475,8.4938,10.0774,12.6706,41,13,16,15,41,41,41,41,41,41,41,41,13,41,13
01_03_04_01_0013.bmp,0,4,1,9,7.3947,6.5096,23.6626,9.6278,9.2628,7.3802,7.4156,7.4391,7.6645,7.6626,7.8622,8.2573,8.8484,10.7425,11.8579,41,16,16,15,15,41,41,41,41,15,41,41,13,41,40
01_03_04_01_0017.bmp,0,4,1,9,8.1916,7.5208,24.6951,9.7957,10.499,8.2243,8.0924,8.1071,8.4133,8.4452,8.7368,8.8189,10.5806,10.8416,13.5013,15,13,16,15,15,15,15,15,15,16,41,41,13,41,41
01_03_04_01_0018.bmp,0,4,1,9,8.3663,7.1129,22.1111,10.7238,12.3907,8.266,8.4396,8.4142,8.543,8.7203,8.6791,9.7015,9.5258,12.1984,13.1702,15,13,41,15,41,15,15,15,15,15,41,41,41,41,25
01_03_04_01_0019.bmp,0,4,1,9,7.9009,6.8644,24.5387,10.3343,9.3756,7.9432,7.9488,8.1281,7.9405,8.1339,8.4583,9.5603,9.624,12.9635,13.3899,15,13,41,15,15,15,15,15,15,15,41,41,41,13,12
01_03_04_01_0029.bmp,0,4,1,9,7.7917,6.8895,25.2096,9.5892,9.1361,7.6563,7.7198,7.9161,7.8774,7.6934,8.3549,8.7704,9.8509,12.246,12.9582,15,13,16,15,15,15,15,15,15,15,15,13,13,13,4
01_03_04_01_0030.bmp,0,4,1,9,7.6265,6.8503,24.6785,9.1737,10.7499,7.6957,7.7144,7.9491,7.5051,8.4496,8.0068,8.6001,9.8034,11.6064,14.1822,15,13,16,15,15,15,15,15,15,15,15,13,13,41,13
01_03_04_01_0036.bmp,0,4,1,9,6.1405,6.2916,20.224,5.6797,8.0058,6.0378,6.2641,6.3438,6.2747,6.5974,6.7379,7.5666,8.7569,11.058,12.0645,15,15,41,15,15,15,15,15,15,15,15,41,41,41,41
01_03_04_01_0041.bmp,0,4,1,9,6.5098,6.3572,21.4797,6.3603,7.2582,6.6337,6.6849,6.5672,6.7438,7.0086,7.3188,8.4294,9.3042,11.0651,12.9984,15,15,41,15,15,15,15,15,15,15,15,15,13,13,40
01_03_04_01_0042.bmp,0,4,1,9,6.4376,6.5602,20.7304,5.5313,8.2516,6.5142,6.5775,6.5473,6.7217,7.3145,7.2592,8.3141,8.425,11.0125,13.4647,15,15,41,15,15,15,15,15,15,15,15,15,41,41,40
01_03_04_01_0044.bmp,0,4,1,9,5.4983,5.621,21.6513,5.4281,5.7508,5.5604,5.5688,5.6741,5.7933,6.065,6.621,7.5931,8.4825,10.4699,13.1678,15,15,41,15,15,15,15,15,15,15,15,15,41,40,40
01_03_04_01_0050.bmp,0,4,1,9,6.1936,6.0758,19.5877,5.9746,8.6596,6.1894,6.1862,6.3087,6.3457,6.5172,6.9018,7.6677,8.6715,11.4456,12.7186,15,15,22,15,15,15,15,15,15,15,15,15,15,4,13
01_03_04_01_0053.bmp,0,4,1,9,6.1344,6.2347,20.0909,5.3084,6.6057,6.1142,6.1791,6.4739,6.4591,6.861,7.2361,7.8864,8.471,11.3156,13.1218,15,15,41,15,15,15,15,15,15,15,15,15,8,41,40
01_03_04_01_0058.bmp,0,4,1,9,3.7111,4.5501,16.0331,2.9047,6.4683,3.7521,3.6989,3.9525,4.0822,4.2799,5.1137,6.3831,7.4903,9.9874,12.2674,15,9,4,15,9,15,15,15,15,9,9,41,41,41,41
01_03_04_01_0060.bmp,0,4,1,9,4.3016,5.4054,16.0025,3.351,5.0468,4.3711,4.3996,4.4645,4.7049,4.8032,5.4087,6.7676,8.1617,10.359,12.5585,15,9,9,15,15,15,15,15,15,15,41,41,41,41,41
01_03_04_01_0062.bmp,0,4,1,9,4.0134,4.9878,17.4318,2.6004,4.6771,4.0376,4.0126,4.2097,4.2271,4.5818,5.5043,6.4133,7.8988,10.1718,12.2413,15,9,41,41,15,15,15,15,15,41,41,41,41,41,25
01_03_04_01_0067.bmp,0,4,1,9,4.9145,6.0597,17.7069,3.7903,5.4893,4.982,4.9804,5.1246,5.2763,5.4991,6.4604,7.1663,8.1421,10.9886,13.4416,15,9,9,41,15,15,15,15,41,41,41,41,41,41,25
01_03_04_01_0070.bmp,0,4,1,9,4.2849,5.7501,15.9874,3.3809,5.0732,4.2336,4.35,4.5205,4.6223,4.7996,5.7432,6.7647,7.9527,10.9678,12.3909,15,9,8,41,41,15,41,41,41,41,41,41,41,41,4
01_03_04_01_0074.bmp,0,4,1,9,5.2625,6.1751,15.765,4.5048,6.2411,5.2763,5.3818,5.4516,5.5945,6.009,6.3961,7.2194,8.5254,10.8225,13.8981,41,9,8,41,41,41,41,41,41,41,41,41,41,41,8
01_03_04_01_0076.bmp,0,4,1,9,5.4898,6.4157,13.2918,4.5257,6.436,5.4859,5.4405,5.5723,5.6635,6.1349,5.8988,7.0285,7.8211,9.9818,12.238,15,9,9,15,41,15,15,41,41,41,41,41,41,41,4
01_03_04_01_0080.bmp,0,4,1,9,5.4384,7.196,15.0377,4.668,7.3428,5.4426,5.5739,5.62,5.6103,5.8958,6.0359,7.111,7.8804,11.2566,13.1383,41,9,8,41,41,41,41,41,41,41,41,41,41,4,25
01_03_04_01_0084.bmp,0,4,1,9,4.3223,6.2732,15.3844,4.0272,8.2679,4.3581,4.4105,4.4917,4.6245,5.3528,5.6778,7.2772,8.416,10.7037,12.4676,8,9,9,9,8,8,8,8,8,41,8,41,41,8,8
01_06_04_01_0001.bmp,0,4,1,14,8.1883,10.3895,24.8284,7.2285,9.444,8.1678,8.1449,8.0324,7.9597,8.3655,8.3773,8.9254,9.6664,11.7278,14.493,14,14,14,14,14,14,14,14,14,14,14,14,14,14,14
01_06_04_01_0002.bmp,1,4,1,14,6.1787,5.962,24.1795,7.298,6.4777,6.1679,6.1947,6.0809,6.091,6.2647,6.9304,6.8023,6.8026,9.0392,9.8195,14,13,25,14,14,14,14,14,14,14,14,14,1,28,13
01_06_04_01_0003.bmp,0,4,1,14,7.7038,9.8857,20.6176,4.5601,7.8932,7.535,7.6119,7.953,7.969,7.8221,7.9703,8.6789,9.8212,10.9941,13.1514,14,14,14,14,14,14,14,14,14,14,14,14,14,14,14
01_06_04_01_0003.bmp,1,4,1,14,6.5848,5.983,23.9226,6.7109,8.0271,6.4583,6.4941,6.4866,6.4067,6.9704,7.394,6.8107,8.4135,8.4744,9.9931,14,13,13,14,14,14,14,14,14,14,14,14,14,14,14
01_06_04_01_0006.bmp,1,4,1,14,6.1477,6.3686,27.9333,6.681,6.3256,6.2053,6.2459,6.122,6.6102,6.6207,6.9743,6.9128,7.6675,10.5398,11.9031,14,14,25,14,14,14,14,14,14,14,14,14,14,14,14
01_06_04_01_0007.bmp,0,4,1,14,6.9661,10.4405,27.1624,4.5946,6.9952,6.7513,7.0221,6.827,7.0443,7.546,7.4074,8.1015,8.8173,10.3608,12.6982,14,25,25,25,14,14,14,14,14,14,25,14,14,25,25
01_06_04_01_0007.bmp,1,4,1,14,7.0803,7.1368,26.7552,6.0718,7.2794,7.1458,7.0855,7.1527,7.507,7.4388,7.5948,8.5391,9.1136,9.7796,12.3998,14,14,25,14,14,14,14,14,14,14,14,14,14,14,14
01_06_04_01_0008.bmp,1,4,1,14,7.4333,7.6339,27.395,5.3171,7.8126,7.4541,7.4296,7.6601,7.6825,7.6253,7.4188,8.407,9.3704,9.7771,12.0021,14,14,25,14,14,14,14,14,14,14,14,14,14,14,14
01_06_04_01_0009.bmp,0,4,1,14,4.7341,7.81,16.2768,4.0877,4.9105,4.8707,4.9443,4.78,5.2365,5.5975,5.9214,7.1338,8.9762,10.286,12.5969,14,14,14,14,14,14,14,14,14,14,14,14,14,14,14
01_06_04_01_0010.bmp,1,4,1,14,7.5955,8.057,27.416,4.7521,7.9705,7.629,7.5829,7.6477,7.5801,7.4922,7.4578,8.4026,8.6614,9.7523,11.5377,14,25,25,14,14,14,14,14,14,14,14,14,14,14,14
01_06_04_01_0011.bmp,1,4,1,14,6.8192,7.5661,25.903,3.8524,7.0689,6.6536,6.922,7.0142,7.0513,7.085,7.1585,7.7195,7.8922,9.3523,10.8596,14,14,25,14,14,14,14,14,14,14,14,14,14,14,14
01_06_04_01_0012.bmp,1,4,1,14,7.4596,8.2293,26.8603,4.4614,9.7748,7.4047,7.4717,7.177,7.5074,7.6361,8.5396,8.3612,7.8051,10.0563,11.2826,14,25,25,14,14,14,14,14,14,14,14,14,25,14,25
01_06_04_01_0013.bmp,0,4,1,14,4.1793,7.2922,11.6711,2.9576,4.4163,4.1529,4.3793,4.1708,4.5704,4.8415,5.5598,6.9531,8.0327,9.681,11.6521,14,14,14,14,14,14,14,14,14,14,14,14,14,14,14
01_06_04_01_0015.bmp,1,4,1,14,6.8678,7.6421,26.8897,4.0422,7.4078,6.7651,6.9546,6.6205,6.9165,7.2809,7.4479,7.8153,8.7809,9.9939,12.4906,14,25,25,14,14,14,14,14,14,14,14,14,14,14,14
01_06_04_01_0019.bmp,1,4,1,14,6.1094,7.3687,25.271,4.148,6.448,6.1069,6.3305,6.2965,6.2942,6.8002,7.1586,7.7021,9.202,10.6651,12.0369,14,14,25,14,14,14,14,14,14,14,14,14,14,14,25
01_06_04_01_0021.bmp,0,4,1,14,2.5417,4.769,8.8208,2.3563,2.9941,2.6889,2.6972,2.7214,3.3941,3.8126,4.1855,5.8872,6.9974,9.6389,12.745,14,14,14,14,14,14,14,14,14,14,14,14,14,14,14
01_06_04_01_0021.bmp,1,4,1,14,4.3272,5.9285,24.7475,3.0484,4.6628,4.3775,4.3858,4.8008,4.4963,5.3489,6.1097,6.4356,7.4617,8.6967,12.4337,14,25,42,14,14,14,14,14,14,14,14,14,14,14,14
01_06_04_01_0027.bmp,1,4,1,14,12.4359,12.4056,25.8237,12.3783,12.7267,12.5037,12.3934,12.6723,12.3535,12.9327,12.2914,13.1761,13.5496,13.8922,15.0312,1,18,25,13,1,1,1,1,1,1,14,1,13,13,13
01_06_04_01_0028.bmp,0,4,1,14,1.8961,3.8824,6.361,1.8192,1.935,1.9419,2.1386,2.2188,2.3691,3.1481,3.8586,4.7817,6.6049,8.8635,10.3706,14,14,14,14,14,14,14,14,14,14,14,14,14,14,14
01_06_04_01_0029.bmp,0,4,1,14,1.7915,4.8401,6.6355,2.2606,2.2454,1.9983,1.8962,2.2883,2.8108,3.2276,3.3905,5.1741,6.5835,9.0489,11.0063,14,14,14,25,14,14,14,14,14,14,14,14,14,14,25
01_06_04_01_0029.bmp,1,4,1,14,14.8583,14.7135,33.6639,15.2807,15.2533,14.9933,14.7253,14.5977,14.7927,14.9096,15.2238,15.8927,15.8481,18.1765,18.2716,14,14,0,13,14,14,14,14,14,14,14,14,13,13,13
01_06_04_01_0030.bmp,0,4,1,14,1.5272,3.3801,5.7056,1.3676,2.0946,1.604,1.7954,2.0227,2.1017,2.7865,3.4767,4.8221,5.9739,8.8955,10.8461,14,14,14,25,14,14,14,14,14,14,14,14,14,14,25
01_06_04_01_0031.bmp,0,4,1,14,2.2164,5.2883,5.3681,1.8475,2.2677,2.2482,2.3546,2.5778,2.5703,3.4535,3.8655,4.8736,6.9196,8.6268,11.5139,14,14,14,25,14,14,14,14,14,14,14,14,14,14,14
01_06_04_01_0031.bmp,1,4,1,14,4.0933,4.1658,15.9681,3.8267,4.4344,4.0972,4.1667,4.1613,4.2203,4.5227,4.5715,6.1846,6.2213,7.3566,9.0324,17,17,16,3,3,17,3,17,17,17,3,28,1,12,13
01_06_04_01_0033.bmp,1,4,1,14,4.6997,4.9256,19.6731,3.1665,4.9594,4.6953,4.7043,4.8243,4.8571,4.8659,5.1063,5.225,5.86,7.6397,8.5074,14,13,16,14,14,14,14,14,14,14,14,14,14,28,7
01_06_04_01_0034.bmp,0,4,1,14,1.3505,3.1052,3.4073,0.96,1.8021,1.3603,1.6956,1.8161,2.2592,2.9227,3.8622,4.4096,6.0904,8.3275,11.2505,14,14,14,19,14,14,14,14,14,14,14,14,14,14,14
01_06_04_01_0037.bmp,0,4,1,14,1.3149,3.389,3.6997,1.2244,1.7457,1.4792,1.6891,2.0619,2.393,2.9744,3.6246,4.5256,5.6698,8.324,10.3945,14,14,14,19,14,14,14,14,14,14,14,14,14,14,25
01_06_04_01_0038.bmp,1,4,1,14,2.6848,3.1536,16.1657,2.9896,2.7896,2.6592,2.8366,3.0621,2.8893,3.6398,3.8605,4.6981,5.166,7.1104,8.194,3,17,9,14,3,3,3,3,3,3,3,26,9,1,13
01_06_04_01_0040.bmp,0,4,1,14,1.0765,3.115,3.9881,1.0551,1.656,1.2329,1.6133,2.0748,2.5787,3.3992,4.2743,5.8788,6.9138,10.8869,13.0429,14,14,14,19,14,14,14,14,14,14,14,14,14,25,25
01_06_04_01_0043.bmp,0,4,1,14,0.7756,2.3013,2.5421,0.9086,1.4773,0.9121,1.2678,1.6149,1.672,2.5349,2.9251,4.2755,5.8308,7.3415,9.5232,14,14,14,25,14,14,14,14,14,14,14,14,14,14,25
01_06_04_01_0049.bmp,0,4,1,14,3.6781,5.2811,17.6072,1.5195,3.9977,3.8765,3.7345,3.9787,4.0544,4.0459,4.4693,4.8997,5.6284,7.8021,8.7461,17,13,14,25,17,17,17,14,14,14,14,14,14,25,25
01_06_04_01_0052.bmp,0,4,1,14,4.5428,6.0281,15.9553,0.4966,4.8455,4.5126,4.5114,4.5354,4.3499,4.8937,5.3392,5.5333,6.7415,9.2067,9.9523,14,13,25,25,14,14,14,14,14,14,14,14,13,23,23
01_06_04_01_0055.bmp,0,4,1,14,5.6042,6.7391,19.9798,1.9078,5.8279,5.6515,5.6876,5.6738,5.6857,6.0429,6.346,6.9258,7.488,9.4819,10.135,14,14,25,25,14,14,14,14,14,14,14,14,14,23,25
01_06_04_01_0056.bmp,0,4,1,14,4.609,5.9274,17.6468,1.7391,5.1136,4.666,4.8273,4.7545,4.6678,5.2247,5.6476,6.1802,6.6402,7.9842,10.7532,14,14,14,25,14,14,14,14,14,14,14,14,25,23,25
01_06_04_01_0060.bmp,0,4,1,14,4.5741,5.7739,16.6204,1.4153,4.5791,4.6162,4.6685,4.6605,4.7121,5.1444,5.5567,5.9338,6.7327,7.8883,10.4212,14,14,14,25,14,14,14,14,14,14,14,14,14,25,25
01_06_04_01_0061.bmp,0,4,1,14,4.769,7.0157,17.1579,0.8673,4.825,4.855,4.9574,4.9904,4.8082,5.1859,5.3558,6.1904,7.4817,8.7005,10.1077,14,14,14,25,14,14,14,14,14,14,14,14,14,25,25
01_06_04_01_0062.bmp,0,4,1,14,4.5133,7.1911,15.8584,1.0234,5.4167,4.575,4.6749,4.6697,4.8499,5.4847,5.2858,6.5467,7.2131,8.9386,11.777,14,14,14,25,14,14,14,14,14,14,14,14,14,25,25
01_06_04_01_0066.bmp,0,4,1,14,6.8359,8.9602,16.72,1.9764,7.0138,6.8818,6.9621,6.8566,7.0045,6.7201,7.3847,7.5121,7.8759,9.4573,11.4671,14,14,14,25,14,14,14,14,14,14,14,14,14,25,25
01_06_04_01_0071.bmp,0,4,1,14,5.0292,9.2606,13.6898,0.5435,5.3525,5.1858,5.0593,4.8535,5.2302,5.5831,6.1222,6.4004,7.2343,8.9255,11.0624,14,14,14,25,14,14,14,14,14,14,14,25,25,25,25
01_06_04_01_0074.bmp,0,4,1,14,3.921,7.7737,11.3986,0.7332,3.8512,3.816,3.9092,4.4523,4.048,4.511,4.9572,6.5874,7.2675,8.8962,12.2892,14,14,14,19,14,14,14,14,14,14,14,14,25,25,25
01_06_04_01_0076.bmp,0,4,1,14,3.8088,7.593,10.1941,0.9223,3.7025,3.8631,3.9126,3.8315,4.1325,4.6452,4.8184,5.659,6.8506,8.8864,10.5951,14,14,14,19,14,14,14,14,14,14,14,14,14,25,25
01_06_04_01_0079.bmp,0,4,1,14,4.8851,8.6691,11.5166,0.7457,4.9473,4.8784,5.0514,5.4898,5.4425,5.5653,5.868,6.2557,7.2061,8.9346,10.5288,14,14,25,19,14,14,14,14,14,14,14,14,25,25,25
01_06_04_01_0080.bmp,0,4,1,14,2.7908,6.5125,7.8906,0.6119,2.9716,2.8494,2.9454,3.1134,3.2454,3.4573,4.1337,5.0165,6.4751,8.9019,10.5825,14,14,25,13,14,14,14,14,14,14,14,14,14,25,25
01_06_04_01_0083.bmp,0,4,1,14,2.1897,5.0855,6.6762,0.9919,2.1417,2.1811,2.3293,2.3076,2.6943,3.1725,3.8153,4.5723,5.8983,8.4564,10.114,14,14,14,19,14,14,14,14,14,14,14,14,14,25,25
01_11_04_01_0001.bmp,0,4,1,12,3.2171,3.8888,21.4138,2.5925,4.381,3.2878,3.4199,3.3961,3.3546,4.2869,4.304,5.1216,5.8049,7.6525,9.1735,17,16,0,17,17,17,18,17,17,17,18,13,18,13,28
01_11_04_01_0003.bmp,0,4,1,12,5.0787,4.5438,19.6859,6.4857,6.1759,5.1803,4.9454,5.1598,5.682,5.4928,5.6482,6.7223,6.9952,9.6742,12.3924,17,13,11,17,17,17,17,11,13,17,13,13,26,12,13
01_11_04_01_0005.bmp,0,4,1,12,2.9655,3.4648,21.5938,2.1558,3.8256,3.0638,3.0597,3.1678,3.2781,3.8137,4.1317,5.6528,5.9947,7.8796,9.6672,17,13,16,32,17,17,17,17,17,17,13,13,17,12,12
01_11_04_01_0013.bmp,0,4,1,12,6.4406,5.2451,22.9349,9.5186,13.8962,6.4391,6.5287,6.229,6.2722,6.1651,7.0424,6.952,8.3132,8.6134,10.084,17,13,11,18,16,17,10,17,17,13,10,13,13,10,10
01_11_04_01_0014.bmp,0,4,1,12,6.4158,6.8322,23.1718,6.4459,7.8104,6.3584,6.5688,7.301,7.0697,6.2878,8.3248,8.4782,8.778,9.3717,12.094,18,13,42,13,18,18,18,18,18,18,18,18,1,13,37
01_11_04_01_0015.bmp,0,4,1,12,5.8383,6.4752,26.1994,6.0082,10.5385,5.8429,5.763,6.0144,6.2405,6.0465,6.5165,7.4803,8.7352,10.0945,12.2205,18,13,42,1,17,18,18,18,18,18,18,13,18,1,26
01_11_04_01_0016.bmp,0,4,1,12,9.7364,8.1289,21.0434,14.1486,19.177,9.692,9.7732,9.6967,9.412,9.9793,9.9765,10.299,10.6595,12.5089,13.7727,18,11,11,1,18,18,18,18,18,18,18,18,18,13,11
01_11_04_01_0023.bmp,0,4,1,12,6.5547,6.7258,24.1069,5.6042,9.1677,6.6508,6.5741,6.5631,6.839,7.0954,7.1168,8.5873,9.2514,10.5549,12.1542,1,13,1,1,1,1,1,1,1,1,1,1,13,11,13
01_11_04_01_0028.bmp,0,4,1,12,5.6721,6.766,25.7907,3.8941,9.6867,5.9041,6.106,6.008,5.994,7.0163,7.1645,7.7027,8.9862,11.3789,12.3369,18,13,42,1,17,18,18,18,18,18,18,13,18,13,13
01_11_04_01_0031.bmp,0,4,1,12,5.82,6.9682,23.4923,4.0393,11.2204,5.9204,6.05,5.9454,6.0229,6.173,6.7068,6.7416,8.3197,11.2406,11.9461,18,18,13,13,32,18,18,18,18,18,18,18,13,18,13
01_11_04_01_0033.bmp,0,4,1,12,9.0329,9.0421,27.4324,9.0884,10.1525,8.896,9.0072,9.0286,9.0946,8.8733,9.4773,9.3428,10.4885,12.3078,14.2339,32,13,11,15,15,32,32,32,1,32,1,1,13,26,20
01_11_04_01_0036.bmp,0,4,1,12,5.8119,7.5741,29.615,4.0436,7.4874,5.8342,5.809,6.1638,6.2404,6.6969,6.9547,8.4658,10.0467,12.4174,14.0662,1,1,16,1,1,1,1,1,1,1,1,1,1,1,13
01_11_04_01_0044.bmp,0,4,1,12,5.9293,7.1736,24.0221,4.1822,6.4901,5.9532,5.8913,6.0424,5.9344,6.2425,6.8902,6.796,8.217,10.9479,12.3283,1,1,11,32,1,1,1,1,1,1,1,1,1,1,13
01_11_04_01_0046.bmp,0,4,1,12,5.6373,6.2472,22.6172,4.2789,6.4398,5.6705,5.648,5.9145,5.7983,6.1534,6.4367,7.1379,8.5258,9.8041,11.6242,1,1,11,37,37,1,1,1,1,1,1,1,1,37,28
01_11_04_01_0048.bmp,0,4,1,12,4.4126,5.3848,21.8834,2.8947,5.5351,4.3814,4.6233,4.5969,4.6505,5.0731,5.3495,6.6321,7.4091,9.9274,10.6877,32,1,19,7,1,32,32,32,1,32,1,1,37,13,23
01_11_04_01_0049.bmp,0,4,1,12,4.2121,5.2724,21.3953,2.3,4.8068,4.0946,4.2074,4.3835,4.5937,4.7787,5.3358,6.5334,7.9091,9.3622,11.7377,27,1,19,7,37,27,27,27,37,37,37,37,28,13,28
01_11_04_01_0052.bmp,0,4,1,12,4.6971,5.2917,19.815,2.9567,5.536,4.7399,4.8962,4.8494,4.9782,5.1999,5.4535,6.5184,6.8275,8.8873,11.9534,32,4,13,13,32,32,32,32,32,32,32,32,13,19,13
01_11_04_01_0055.bmp,0,4,1,12,4.468,5.7775,19.0908,2.9434,5.7602,4.419,4.4645,4.5718,4.8084,5.1741,5.274,6.4826,7.5528,9.5809,12.0439,32,24,19,13,32,32,32,32,32,32,32,13,23,23,23
01_11_04_01_0058.bmp,0,4,1,12,4.8636,6.4739,23.0321,2.401,5.4832,4.7102,5.0614,4.9899,5.22,5.3654,6.0121,6.4977,7.3423,9.4323,11.3013,13,2,19,13,13,13,13,13,13,13,13,23,23,23,23
01_11_04_01_0068.bmp,0,4,1,12,4.2577,6.4379,14.1312,1.9187,4.9122,4.3424,4.4123,4.435,4.6384,4.7773,5.5414,6.7275,8.3313,9.4809,11.848,32,2,2,13,32,32,32,32,32,13,13,23,23,23,23
01_11_04_01_0071.bmp,0,4,1,12,3.7551,5.4406,11.0814,0.6928,4.7479,3.7821,3.8369,4.073,4.2607,4.8331,5.3791,5.8615,7.1425,9.0199,11.2634,13,32,23,13,13,13,13,13,13,13,13,13,13,23,23
01_11_04_01_0080.bmp,0,4,1,12,1.8302,2.7156,5.4283,0.0,2.8286,1.8169,2.0345,2.1171,2.4639,3.1822,3.7153,4.7724,5.9572,7.7268,9.5499,6,32,6,19,6,6,6,6,6,23,6,6,23,13,13
01_12_04_01_0001.bmp,0,4,1,17,2.6146,4.4635,21.7108,0.2874,2.769,2.7317,2.7701,2.7466,2.7822,3.7525,3.8256,4.9883,6.223,6.9088,7.9784,17,17,16,17,17,17,17,17,17,17,17,17,17,17,17
01_12_04_01_0001.bmp,1,4,1,17,1.2496,1.3489,16.5333,0.7418,1.9796,1.3096,1.5491,1.4925,1.995,2.1198,2.6171,3.3585,4.1099,4.9692,5.6974,29,31,18,29,13,29,29,29,29,13,22,13,7,7,14
01_12_04_01_0002.bmp,0,4,1,17,3.2409,5.1344,19.239,0.0,3.3054,3.241,3.3542,3.548,3.6903,3.6542,4.1935,5.23,6.0527,7.9145,8.7055,17,17,17,17,17,17,17,17,17,17,17,17,17,17,17
01_12_04_01_0004.bmp,1,4,1,17,1.0592,1.0582,15.8794,1.2099,1.8684,1.1321,1.2303,1.1356,1.3645,1.747,2.2009,3.3252,3.0003,5.2176,5.3844,29,31,13,29,14,29,29,29,29,29,12,12,26,13,13
01_12_04_01_0005.bmp,0,4,1,17,2.813,5.2622,17.0336,0.3742,2.9124,2.8606,2.9158,2.8667,3.3733,3.7054,3.6497,4.5252,5.8202,7.5813,8.5786,17,17,14,17,17,17,17,17,17,17,17,17,17,17,17
01_12_04_01_0011.bmp,1,4,1,17,0.8524,0.8624,18.2624,0.8944,1.263,0.8945,0.7482,1.1374,1.4392,2.0635,2.3328,3.0615,3.8345,4.7655,7.3769,29,31,42,29,14,29,29,29,29,14,29,13,12,28,7
01_12_04_01_0015.bmp,1,4,1,17,0.8943,0.9197,17.7433,1.2497,1.1734,0.981,1.0169,1.2336,1.2357,1.9737,2.5044,3.4687,4.3458,4.907,5.9,29,31,25,29,29,29,29,29,29,29,1,3,28,14,14
01_12_04_01_0016.bmp,0,4,1,17,2.5953,5.7366,20.9082,1.5106,2.4902,2.6899,2.5465,2.6496,2.9494,3.2934,4.0887,4.628,5.458,7.4341,9.4159,17,17,17,17,17,17,17,17,17,17,17,17,17,17,17
01_12_04_01_0020.bmp,1,4,1,17,0.8431,0.891,15.8305,1.2356,1.5376,0.8829,1.0637,1.5686,1.3675,1.747,2.2845,3.2068,3.9779,5.3536,5.8687,29,31,0,29,14,29,29,29,29,15,1,12,28,14,28
01_12_04_01_0023.bmp,1,4,1,17,1.2962,1.2848,14.9435,1.6914,2.2502,1.2988,1.4884,1.7694,1.7021,1.9128,2.0549,3.4518,4.2551,5.152,6.1573,29,36,25,29,14,29,29,1,29,29,29,12,14,10,13
01_12_04_01_0025.bmp,0,4,1,17,2.805,6.7339,17.7083,0.5057,2.8561,2.7306,2.94,2.9134,3.2499,3.5643,3.8472,4.5817,5.3451,7.8891,8.9443,17,17,17,17,17,17,17,17,17,17,17,17,17,17,14
01_12_04_01_0026.bmp,0,4,1,17,2.3711,5.2223,17.8967,0.5951,2.5173,2.4042,2.418,2.5992,2.9565,3.2985,3.7736,4.7592,5.7737,7.5149,9.5112,17,17,17,17,17,17,17,17,17,17,17,17,17,17,17
01_12_04_01_0027.bmp,0,4,1,17,1.7358,3.9181,12.4378,0.0,1.9269,1.8566,1.8709,2.5041,2.1596,2.9643,2.8539,4.4971,5.138,6.1602,8.653,17,17,17,17,17,17,17,17,17,17,17,17,17,17,17
01_12_04_01_0028.bmp,0,4,1,17,1.6036,2.245,7.8611,0.0,1.9107,1.6708,1.8116,2.0098,2.186,2.8446,3.5922,4.9827,6.0054,8.2989,10.5756,3,13,2,19,8,17,17,17,13,2,2,2,2,13,9
01_12_04_01_0031.bmp,0,4,1,17,1.031,1.6879,4.476,0.0,1.6297,1.1565,1.4106,1.7411,2.0097,2.6314,3.3974,5.1098,6.1142,7.9853,10.4531,17,17,17,8,17,17,17,17,17,14,14,14,14,13,8
01_12_04_01_0037.bmp,1,4,1,17,1.301,1.38,18.4852,1.7857,1.9782,1.2649,1.3635,1.7111,1.5292,2.0816,2.1281,3.7506,4.2736,4.6814,6.3446,17,36,17,17,13,17,13,17,17,13,17,13,14,12,14
01_12_04_01_0038.bmp,1,4,1,17,1.0776,1.034,14.8832,1.5255,1.7619,1.0955,1.3678,1.4191,1.8504,2.2168,2.1455,2.6434,3.2414,5.9589,7.1852,17,36,17,29,17,17,17,17,17,17,17,13,12,28,13
01_12_04_01_0041.bmp,0,4,1,17,0.4918,1.0429,2.2642,0.6289,1.3908,0.8046,1.183,1.4892,1.8932,2.6135,3.3356,4.4286,5.7564,7.5034,9.8807,17,17,17,9,17,17,17,17,17,17,17,14,14,14,25
01_12_04_01_0046.bmp,0,4,1,17,1.2892,1.2,19.3915,1.607,1.474,1.3563,1.3763,1.354,1.6001,2.3651,2.5381,3.1541,3.5962,5.6543,6.8222,17,17,13,17,17,17,17,17,17,17,17,17,17,13,13
01_12_04_01_0051.bmp,0,4,1,17,1.8542,1.8805,17.5008,2.538,2.0265,1.9857,2.0415,2.0364,2.2718,2.7516,2.8475,3.8108,4.1247,5.969,6.846,17,17,12,17,17,17,17,15,15,17,12,12,12,26,13
01_12_04_01_0053.bmp,0,4,1,17,1.5599,1.5101,14.4269,1.5644,1.7683,1.5266,1.5985,1.6258,1.7178,2.3476,2.1232,2.7899,4.566,6.602,6.4057,15,17,17,17,17,15,15,15,15,17,17,17,15,14,12
01_12_04_01_0054.bmp,0,4,1,17,1.2306,1.1659,12.6494,1.4596,1.415,1.4126,1.5144,1.413,1.6074,2.5545,2.4661,3.4294,4.5718,5.3505,6.5915,15,36,17,29,15,15,15,15,15,17,15,15,13,13,14
01_12_04_01_0055.bmp,0,4,1,17,1.3432,1.3207,13.6246,1.6574,1.8074,1.2303,1.3173,1.7933,1.8752,2.2828,2.5237,2.9299,4.1471,5.5318,8.1166,15,17,26,17,15,15,15,15,17,17,12,12,12,14,7
01_12_04_01_0060.bmp,0,4,1,17,1.8057,1.8459,18.3744,2.0041,2.7683,1.882,2.1978,2.5015,2.785,3.0829,3.5929,4.2345,5.9424,7.7115,9.5671,17,17,17,17,17,17,17,17,17,17,17,17,17,17,17
01_12_04_01_0063.bmp,0,4,1,17,2.2369,2.1452,17.9539,2.9926,2.3311,2.2838,2.3758,2.6873,2.7279,3.4253,4.6074,5.5179,6.5796,8.3981,10.9804,17,17,26,17,17,17,17,17,17,17,17,17,14,14,14
01_12_04_01_0072.bmp,0,4,1,17,2.0284,2.5635,16.3019,2.4324,2.8918,2.0953,2.1973,2.5042,2.7372,3.5656,3.9961,4.9432,6.0139,8.4868,10.0611,17,17,14,17,17,17,17,17,17,17,17,17,14,14,23
01_12_04_01_0073.bmp,0,4,1,17,3.4543,3.9183,20.8979,3.2857,4.3176,3.4087,3.4488,3.8014,3.526,4.096,4.892,5.8504,6.6525,8.6579,10.9348,17,17,17,17,17,17,17,17,17,17,17,14,14,14,14
01_12_04_01_0077.bmp,0,4,1,17,3.9013,4.3365,19.1252,3.5046,5.1547,3.9508,3.8688,3.9688,4.2402,4.5275,5.1066,5.3126,6.8367,8.6292,11.6209,17,17,26,17,17,17,17,17,17,17,17,17,26,17,25
01_12_04_01_0079.bmp,0,4,1,17,2.2607,2.4572,17.1395,2.2919,2.3541,2.2929,2.2944,2.6213,2.532,3.4894,4.2167,5.6193,6.9014,9.724,11.6435,17,17,17,17,17,17,17,17,17,17,17,17,17,14,14
01_12_04_01_0081.bmp,0,4,1,17,2.2447,2.2616,20.602,2.7565,2.6082,2.271,2.2705,2.5927,2.7093,3.59,4.1209,5.4925,6.7295,9.6826,11.593,17,17,14,17,17,17,17,17,17,17,17,17,17,17,14
01_12_04_01_0094.bmp,0,4,1,17,3.1125,5.5666,20.9594,3.2826,3.2368,3.1141,3.2222,3.3061,3.438,3.5576,4.7854,5.5191,6.7976,8.2015,11.0102,17,26,26,17,17,17,17,17,17,17,17,14,14,26,25
01_12_04_01_0096.bmp,0,4,1,17,2.8999,5.1302,18.0761,1.7893,3.2378,2.8993,3.1272,3.2667,3.2262,3.5426,4.5538,5.5659,7.7854,8.2801,10.6681,17,17,17,17,17,17,17,17,17,17,17,17,17,17,14
01_12_04_01_0103.bmp,0,4,1,17,1.4406,3.2604,15.977,1.7699,1.713,1.5397,1.577,2.115,2.4985,3.1698,3.6272,4.9089,5.8644,8.4306,10.7394,17,17,17,17,17,17,17,17,17,17,17,17,17,14,14
01_12_04_01_0104.bmp,0,4,1,17,1.724,3.8543,18.5742,1.7696,1.8216,1.7382,1.9498,1.9358,2.3897,2.7967,3.509,4.4961,5.0738,7.3704,9.4004,17,17,17,17,17,17,17,17,17,17,17,17,17,17,14
01_12_04_01_0106.bmp,0,4,1,17,2.2785,5.0144,19.3046,2.3473,2.4943,2.399,2.6207,2.623,3.3475,4.2724,5.0611,6.4736,7.1743,9.7789,14.4479,17,17,17,17,17,17,17,17,17,17,17,17,17,17,14
01_12_04_01_0107.bmp,0,4,1,17,2.0351,4.9628,19.76,2.5988,2.0353,1.9908,2.2448,2.2584,2.6709,3.1455,3.789,4.8507,5.8162,8.8369,10.9809,17,17,14,17,17,17,17,17,17,17,17,17,17,14,14
01_12_04_01_0110.bmp,0,4,1,17,1.8426,4.3198,13.1984,1.991,1.9078,1.9188,1.9331,2.2677,2.4106,3.1136,3.2811,4.8768,5.9532,7.8181,9.7372,17,17,14,17,17,17,17,17,17,17,17,17,17,17,14
01_13_04_01_0002.bmp,0,4,1,13,4.8452,3.7142,16.0594,7.2562,6.3845,4.8523,4.9129,4.6949,4.8287,5.4297,5.6457,5.9081,6.8678,8.3387,10.4753,13,13,42,13,13,13,13,13,13,13,13,13,13,13,13
01_13_04_01_0002.bmp,1,4,1,13,1.3023,0.8194,12.943,1.8577,1.8977,1.3604,1.4338,1.9266,2.1753,2.8187,3.2242,4.9256,7.0672,9.9941,12.6674,13,13,13,13,13,13,13,13,13,13,13,13,13,13,13
01_13_04_01_0004.bmp,0,4,1,13,5.4918,4.4307,16.3789,8.0403,6.9881,5.5353,5.5516,5.4863,5.6403,5.4523,5.8059,6.2737,7.4476,8.2952,9.0587,32,32,42,32,32,32,32,32,32,13,13,13,13,13,13
01_13_04_01_0006.bmp,0,4,1,13,4.4382,3.5384,16.1069,6.3751,5.7629,4.4128,4.5336,4.4002,4.3715,4.6364,4.9682,5.8312,5.559,7.1522,10.3046,13,12,42,13,13,13,32,13,13,12,13,13,13,13,40
01_13_04_01_0007.bmp,1,4,1,13,2.3966,1.5435,14.8374,3.567,3.8823,2.4333,2.5167,2.7412,3.0474,3.8966,4.1819,5.8814,7.0679,9.7261,12.6748,13,13,13,13,13,13,13,13,13,13,13,13,13,13,13
01_13_04_01_0008.bmp,0,4,1,13,4.8054,3.9815,18.7987,7.1231,6.1739,4.8002,5.0042,5.1147,5.1314,4.9502,5.4576,6.0074,6.3006,8.017,9.9264,32,13,42,32,32,32,32,32,32,32,13,13,13,13,13
01_13_04_01_0009.bmp,1,4,1,13,2.6153,1.7121,19.3464,3.9472,5.9609,2.7122,2.9199,2.9014,3.2428,3.738,4.4201,6.0231,7.4835,11.525,12.6747,13,13,13,13,13,13,13,13,13,13,13,13,13,13,25
01_13_04_01_0014.bmp,0,4,1,13,4.234,3.6452,20.2127,5.8858,5.0686,4.3488,4.5542,4.3571,4.5856,4.8362,5.157,5.9125,6.1096,7.6163,9.1249,13,13,18,13,13,13,13,13,13,13,13,13,13,13,40
01_13_04_01_0016.bmp,0,4,1,13,4.5452,3.7847,16.1988,6.0839,5.6213,4.5288,4.6467,4.5363,4.6581,4.9786,4.5885,4.8359,6.7834,6.8953,8.0807,13,13,42,13,13,13,13,13,13,13,13,13,13,10,13
01_13_04_01_0017.bmp,1,4,1,13,3.0105,1.7911,20.7165,4.4219,3.6979,3.0693,2.9915,3.5041,3.3253,4.395,4.5884,6.5336,8.0357,11.6488,13.8661,13,13,13,13,13,13,13,13,13,13,13,13,13,13,13
01_13_04_01_0018.bmp,0,4,1,13,3.457,3.1576,15.7599,4.8319,4.4551,3.5741,3.2828,3.6965,3.4615,3.9713,4.3955,5.3974,5.6833,6.9414,7.7801,13,13,42,13,13,13,13,13,13,13,13,13,13,12,13
01_13_04_01_0027.bmp,0,4,1,13,4.2738,2.987,19.2748,6.0799,5.2177,4.2442,4.4735,4.4393,4.3454,4.2163,4.591,5.8857,6.5815,7.474,8.3047,13,13,11,13,13,13,13,13,13,13,13,13,13,13,13
01_13_04_01_0028.bmp,1,4,1,13,3.2562,1.9706,13.9423,5.071,7.8056,3.2791,3.3274,3.6278,4.1009,4.6015,5.6409,7.3563,9.6903,13.1764,15.7901,13,13,13,13,13,13,13,13,13,13,13,13,13,13,13
01_13_04_01_0030.bmp,1,4,1,13,1.89,1.2349,14.9117,2.6891,2.6999,1.7683,2.1697,2.3631,2.3782,3.1104,3.7724,5.041,7.5801,9.9943,12.5564,13,13,13,13,13,13,13,13,13,13,13,13,13,13,13
01_13_04_01_0031.bmp,1,4,1,13,1.763,1.1529,15.9485,2.7115,2.2484,1.9132,2.1312,2.1599,2.2516,3.3555,3.8928,5.7385,6.3986,9.3655,11.6862,13,13,13,13,13,13,13,13,13,13,13,13,13,13,13
01_13_04_01_0033.bmp,0,4,1,13,3.0573,1.8332,17.9491,4.5066,3.6763,3.0659,3.1488,3.0925,3.8146,3.3054,4.5241,5.3976,6.3082,6.9054,9.4501,13,13,42,13,13,13,13,13,13,13,13,13,13,13,13
01_13_04_01_0034.bmp,1,4,1,13,1.5415,0.9547,13.1249,2.2374,1.956,1.5886,1.7906,1.8253,2.2134,2.8314,3.8386,5.0664,6.5881,9.4647,12.3533,13,13,13,13,13,13,13,13,13,13,13,13,13,13,13
01_13_04_01_0035.bmp,1,4,1,13,1.4358,0.9351,12.1956,2.0975,1.7459,1.4753,1.626,1.7498,2.2796,2.9158,3.7384,5.2054,6.2696,8.4026,12.1896,13,13,13,13,13,13,13,13,13,13,13,13,13,13,13
01_13_04_01_0036.bmp,0,4,1,13,3.4805,2.1985,19.0361,5.1459,4.483,3.3796,3.4389,3.5277,3.9896,3.8356,3.6663,5.0658,5.357,7.2442,9.6444,13,13,42,13,13,13,13,13,13,13,13,13,13,13,13
01_13_04_01_0036.bmp,1,4,1,13,1.4941,0.9922,13.4576,2.3407,1.9195,1.5569,1.5562,1.9919,2.2264,3.1249,3.5361,4.8564,6.7193,9.2867,12.4861,13,13,13,13,13,13,13,13,13,13,13,13,13,13,13
01_13_04_01_0042.bmp,0,4,1,13,6.0964,4.3399,26.1404,9.2469,7.6303,6.1239,6.0868,6.207,6.5143,6.3352,6.934,8.4545,7.9395,10.2714,12.5963,13,13,13,13,13,13,13,13,13,13,13,13,13,13,40
01_13_04_01_0046.bmp,0,4,1,13,5.3845,3.5207,24.6977,7.9595,6.8611,5.2587,5.3396,5.7175,5.6771,5.7534,6.0329,7.2098,8.2854,10.907,12.4645,13,13,13,13,13,13,13,13,13,13,13,13,13,13,13
01_13_04_01_0048.bmp,0,4,1,13,6.0667,5.1012,26.8159,8.4949,6.8534,6.098,6.3226,6.3351,6.1326,6.4383,6.9084,7.4759,8.3065,10.2778,13.2999,13,13,13,13,13,13,13,13,13,13,13,13,13,13,13
01_13_04_01_0048.bmp,1,4,1,13,2.0732,1.2624,9.2827,3.013,2.1433,2.0495,2.0665,2.2233,2.6312,3.3489,4.108,6.1912,7.8335,11.0678,13.6091,13,13,13,13,13,13,13,13,13,13,13,13,13,13,13
01_13_04_01_0049.bmp,0,4,1,13,5.9872,4.9437,24.8837,8.2834,7.0247,6.0194,6.2022,5.9697,6.2554,6.8411,6.603,7.981,8.5754,10.1858,12.7199,13,13,13,13,13,13,13,13,13,13,13,13,13,13,13
01_13_04_01_0050.bmp,1,4,1,13,1.7425,1.0883,12.3676,2.5969,2.1911,1.8096,1.9883,2.2295,2.4248,2.9973,4.6151,6.2059,6.9665,10.5728,14.3111,13,13,13,13,13,13,13,13,13,13,13,13,13,13,13
01_13_04_01_0051.bmp,1,4,1,13,1.8483,1.1511,10.4439,2.8021,2.2442,1.9557,2.0702,2.3293,2.4227,3.4479,4.613,5.828,7.8555,11.6347,12.5348,13,13,13,13,13,13,13,13,13,13,13,13,13,13,13
01_13_04_01_0053.bmp,0,4,1,13,5.368,4.0731,25.0152,7.8366,6.2588,5.2974,5.2529,5.3354,5.8478,6.131,5.4954,7.2606,7.6503,9.4847,13.7093,13,13,13,13,13,13,13,13,13,13,13,13,13,13,13
01_13_04_01_0053.bmp,1,4,1,13,2.1831,1.4703,10.3074,3.3334,2.4369,2.2766,2.4215,2.5895,2.5853,3.1867,4.1997,5.4881,8.2436,10.4854,14.392,13,13,13,13,13,13,13,13,13,13,13,13,13,13,13
01_13_04_01_0056.bmp,0,4,1,13,4.0424,2.4998,21.4811,5.7719,4.421,3.9455,4.1064,4.0822,4.0418,4.3882,5.2115,6.0194,7.6116,9.4784,12.782,13,13,13,13,13,13,13,13,13,13,13,13,13,13,13
01_13_04_01_0060.bmp,1,4,1,13,1.8081,1.1433,7.6895,2.8131,4.5174,1.9485,2.1473,2.22,2.6372,4.0347,4.9522,6.9981,8.9297,12.3872,15.1815,13,13,13,13,13,13,13,13,13,13,13,13,13,13,13
01_13_04_01_0063.bmp,0,4,1,13,2.8594,2.0033,23.3754,4.1492,5.3746,2.8486,2.9983,3.178,3.4338,4.2522,4.465,5.5461,6.5372,10.1212,12.7362,13,13,13,13,13,13,13,13,13,13,13,13,13,13,13
01_13_04_01_0065.bmp,0,4,1,13,2.7786,1.6919,22.7022,4.171,4.8133,2.8407,2.8831,3.1868,3.0843,4.0467,3.9823,5.4617,7.519,10.117,12.6932,13,13,13,13,13,13,13,13,13,13,13,13,13,13,13
01_13_04_01_0068.bmp,0,4,1,13,1.9464,1.2316,18.3396,2.9693,5.4454,1.9422,2.2307,2.4834,2.8842,3.696,4.4422,5.9399,7.236,10.3985,11.6579,13,13,13,13,13,13,13,13,13,13,13,13,13,13,13
01_13_04_01_0068.bmp,1,4,1,13,2.5663,2.9198,14.7357,0.2713,4.6166,2.6667,2.6152,2.5946,2.4741,2.9021,2.7267,4.2903,4.5281,6.0138,6.6976,13,12,12,13,13,13,13,13,13,13,13,13,13,13,2
01_13_04_01_0069.bmp,0,4,1,13,1.7921,1.0621,20.0428,2.691,4.5032,1.9376,2.1598,2.3045,2.7604,3.3282,4.174,5.7725,7.5064,9.668,11.9716,13,13,13,13,13,13,13,13,13,13,13,13,13,13,13
01_13_04_01_0069.bmp,1,4,1,13,2.9255,3.3451,13.8441,0.6382,4.526,2.9493,2.9318,3.0173,3.2472,3.1253,3.2061,3.9755,3.7589,5.5478,7.2353,13,31,11,13,13,13,13,13,13,13,13,13,13,13,13
01_13_04_01_0072.bmp,0,4,1,13,1.5422,0.9387,19.0862,2.2705,2.1005,1.6019,1.8068,2.1642,2.2964,3.1746,3.6766,5.3421,6.9778,9.9692,12.1864,13,13,13,13,13,13,13,13,13,13,13,13,13,13,13
01_13_04_01_0075.bmp,0,4,1,13,2.3927,1.4474,13.5884,3.3279,4.6585,2.267,2.2789,2.6813,2.9918,3.252,4.2765,5.3678,7.312,10.9929,13.1306,13,13,13,13,13,13,13,13,13,13,13,13,13,13,13
01_13_04_01_0078.bmp,1,4,1,13,2.3688,2.3852,14.6409,2.0961,4.9687,2.3052,2.565,2.4893,2.5397,2.9542,3.1664,3.9903,4.7013,5.7756,8.0626,13,31,13,41,13,13,13,13,13,13,13,13,13,13,13
01_13_04_01_0081.bmp,0,4,1,13,1.4128,0.8911,13.4243,2.1193,1.578,1.5778,1.7029,1.9724,2.329,3.1672,3.8809,5.7965,7.0382,10.6619,14.1242,13,13,13,13,13,13,13,13,13,13,13,13,13,13,13
01_13_04_01_0082.bmp,1,4,1,13,3.6057,3.6821,15.4231,1.3677,4.1709,3.6344,3.7628,3.7634,3.8477,4.0285,3.9867,4.9123,5.2735,6.965,8.7258,13,12,12,13,15,13,13,13,13,13,13,13,38,13,40
01_13_04_01_0085.bmp,1,4,1,13,3.3485,3.4605,15.345,2.4344,3.8296,3.3335,3.3204,3.3743,3.9199,3.8164,3.9067,4.8747,5.3737,6.4628,7.2653,13,12,12,13,13,13,13,13,13,13,13,13,12,12,13
01_13_04_01_0086.bmp,0,4,1,13,1.4253,0.9333,9.7753,2.1647,2.8576,1.5226,1.7525,1.9936,2.401,3.1522,4.1177,6.337,8.0399,11.2849,14.7539,13,13,13,13,13,13,13,13,13,13,13,13,13,13,13
01_13_04_01_0086.bmp,1,4,1,13,2.845,2.8301,18.3844,2.0055,3.4133,2.8891,2.8665,2.9083,2.8523,3.2843,4.2804,4.6521,5.3074,5.5279,8.7455,13,12,42,13,13,13,13,13,13,13,13,13,13,13,28
01_13_04_01_0087.bmp,0,4,1,13,1.658,0.9852,9.3363,2.4316,2.9279,1.6937,2.0457,2.0873,2.1222,3.3521,4.0053,6.036,7.6612,11.325,15.0282,13,13,13,13,13,13,13,13,13,13,13,13,13,13,13
01_13_04_01_0087.bmp,1,4,1,13,3.6907,3.571,13.55,3.2548,4.3825,3.7202,3.7826,3.845,4.0295,4.1363,4.5775,5.1639,5.8871,7.5486,8.8558,13,12,12,13,13,13,13,13,13,13,13,13,13,13,23
01_13_04_01_0089.bmp,0,4,1,13,1.5139,0.8594,8.7351,2.2482,3.0158,1.6809,1.8107,1.8607,2.4288,3.0277,4.402,6.1514,6.9015,10.1331,14.5124,13,13,13,13,13,13,13,13,13,13,13,13,13,13,13
01_13_04_01_0090.bmp,0,4,1,13,1.5953,0.9571,9.0892,2.5046,3.5714,1.7522,1.9899,1.9679,2.4709,3.115,4.0322,5.8185,7.0498,11.4082,15.7555,13,13,13,13,13,13,13,13,13,13,13,13,13,13,13
01_13_04_01_0092.bmp,0,4,1,13,1.2856,0.8296,6.3323,1.8917,3.7556,1.4866,1.6431,2.0256,2.4698,3.0909,3.5076,6.3978,7.5255,9.5578,14.4746,13,13,13,13,13,13,13,13,13,13,13,13,13,13,13
01_13_04_01_0094.bmp,1,4,1,13,3.7521,3.3061,17.0612,5.1964,4.4262,3.8542,3.7804,3.6028,3.8805,4.2223,4.1093,5.2778,5.0928,6.5418,8.9856,13,12,12,13,15,13,13,13,13,13,13,13,12,13,12
01_13_04_01_0096.bmp,1,4,1,13,3.3255,2.8173,15.0083,4.6662,4.2704,3.127,3.2062,3.5369,3.4564,4.1284,4.1935,5.4181,5.2648,6.792,8.0671,32,12,42,15,15,32,32,32,13,13,13,13,13,23,2
01_13_04_01_0097.bmp,0,4,1,13,1.2382,0.8478,10.2354,1.7716,5.1699,1.466,1.6727,2.0793,2.1125,3.1124,4.2195,5.5283,7.543,11.7525,13.7513,13,13,13,13,13,13,13,13,13,13,13,13,13,13,13
01_13_04_01_0099.bmp,1,4,1,13,3.2025,2.7204,18.1108,4.4742,3.7702,3.123,3.2125,3.5495,3.2279,3.9924,4.8276,5.2538,6.1125,8.1875,10.0769,13,13,12,4,15,13,13,13,13,13,13,12,13,40,13
01_13_04_01_0103.bmp,0,4,1,13,1.8028,1.1708,10.6758,2.616,8.8743,1.8244,1.9931,2.3286,2.4662,3.6455,4.5751,5.9721,9.3985,10.8181,14.5906,13,13,13,13,13,13,13,13,13,13,13,13,13,13,13
01_13_04_01_0103.bmp,1,4,1,13,4.2634,3.5364,19.3817,5.1131,4.8542,4.3225,4.3801,4.5619,4.431,4.637,5.0096,5.2636,6.7002,8.4799,10.0843,13,13,1,13,15,13,13,13,13,13,13,12,13,13,40
01_13_04_01_0105.bmp,0,4,1,13,1.5239,0.9079,17.2284,2.1358,7.4726,1.4758,1.7747,2.315,2.4571,3.7373,3.9652,5.6518,7.7861,11.9904,15.0333,13,13,13,13,13,13,13,13,13,13,13,13,13,13,13
01_13_04_01_0107.bmp,1,4,1,13,4.3941,3.991,22.5629,4.7315,6.4258,4.4325,4.2705,4.6723,4.7198,5.3041,5.2289,5.681,7.634,9.714,10.4059,13,13,12,13,13,13,13,13,13,13,13,13,13,13,40
01_13_04_01_0108.bmp,0,4,1,13,1.1324,0.79,6.2377,1.7207,9.9083,1.1862,1.5289,2.0037,2.1812,3.242,4.3245,6.5741,9.259,11.8183,14.3772,13,13,13,13,13,13,13,13,13,13,13,13,13,13,13
01_13_04_01_0108.bmp,1,4,1,13,5.4326,4.8098,26.0951,6.2878,7.9207,5.4005,5.5673,5.5074,5.5738,6.0959,5.7971,7.3474,8.3976,9.9096,12.4518,13,13,13,13,13,13,13,13,13,13,13,13,13,40,40
01_13_04_01_0111.bmp,1,4,1,13,4.234,4.0356,23.631,6.3123,5.3669,4.2381,4.2586,4.3186,4.5822,4.9386,5.2167,6.214,7.4847,9.7422,11.6532,13,13,13,13,13,13,13,13,13,13,13,13,13,40,13
01_13_04_01_0113.bmp,1,4,1,13,6.7815,5.8183,26.0353,7.8176,6.6143,6.739,6.6168,6.814,6.8672,6.8612,7.2539,7.0631,8.7756,10.0917,12.8335,13,13,11,13,13,13,13,13,13,13,13,13,13,23,23
01_13_04_01_0115.bmp,0,4,1,13,2.3247,2.8253,13.3682,0.0,3.267,2.2792,2.1029,2.532,2.5811,2.5839,4.0358,4.4935,5.3113,7.0624,8.1908,13,13,42,13,13,13,12,13,13,13,13,13,13,12,13
01_13_04_01_0115.bmp,1,4,1,13,4.6325,4.0204,21.292,5.2933,5.1552,4.6547,4.8239,4.8181,4.8165,5.3238,5.5371,6.2712,7.1862,9.7828,11.4279,13,13,13,13,13,13,13,13,13,13,13,13,13,40,23
01_13_04_01_0116.bmp,0,4,1,13,2.8213,3.5441,14.7788,0.0,4.8562,2.8352,2.8072,3.1151,2.8394,3.3465,3.3189,4.1106,5.441,7.0186,8.2251,13,13,42,13,13,13,13,13,13,13,13,13,13,13,13
01_13_04_01_0117.bmp,1,4,1,13,4.8421,4.0792,21.653,5.6534,5.6817,4.8823,4.8761,4.8872,4.834,5.5194,6.044,6.9302,7.5437,10.1622,11.6735,13,13,13,13,13,13,13,13,13,13,13,13,13,13,40
01_13_04_01_0119.bmp,0,4,1,13,2.6208,3.3043,14.0667,0.0,3.5468,2.6875,2.7002,2.8205,3.2028,3.0345,3.84,4.4818,4.7875,8.176,7.2544,13,13,13,13,13,13,13,13,13,13,13,13,13,13,40
01_13_04_01_0120.bmp,0,4,1,13,3.0204,2.957,14.6336,1.8579,4.7242,2.9852,3.2172,3.0904,3.1508,2.9341,4.1427,4.7396,5.1314,6.4089,9.4814,12,13,1,13,13,12,12,12,13,12,12,13,13,40,34
01_13_04_01_0121.bmp,1,4,1,13,4.2254,3.7325,21.151,4.697,4.3786,4.2586,4.239,4.2851,4.5187,4.821,5.1542,6.4657,7.1574,9.3664,11.3713,13,13,13,13,13,13,13,13,13,13,13,13,13,13,40
01_13_04_01_0122.bmp,0,4,1,13,3.1124,3.9566,12.29,0.0,4.3981,3.0251,3.3549,3.5136,3.2274,3.4524,3.9877,4.8774,6.4363,6.5593,8.5758,13,13,13,32,13,13,13,13,13,13,13,13,13,12,9
01_13_04_01_0122.bmp,1,4,1,13,4.4094,3.8032,21.0451,4.3799,4.864,4.4306,4.5026,4.5643,4.4409,5.3241,5.0535,5.8808,7.4371,9.6052,11.874,13,13,13,13,13,13,13,13,13,13,13,13,13,13,40
01_13_04_01_0123.bmp,1,4,1,13,4.2555,3.8755,22.7446,4.4216,4.9412,4.318,4.4305,4.3449,4.752,4.7041,5.6418,6.3557,7.3375,10.0082,12.4603,13,13,13,13,15,13,13,13,13,13,13,13,13,13,40
01_13_04_01_0127.bmp,1,4,1,13,4.9259,4.0575,27.6778,5.174,5.5356,4.9474,5.0831,4.8965,5.0005,5.0721,5.7136,6.8165,7.767,9.5994,11.5077,13,13,13,13,13,13,13,13,13,13,13,13,13,13,40
01_13_04_01_0128.bmp,1,4,1,13,4.9995,4.2044,29.331,5.7113,5.9512,5.0511,4.8853,5.1174,5.294,5.3232,5.8654,7.0413,8.0157,9.903,11.6715,13,13,13,13,13,13,13,13,13,13,13,13,13,40,13
01_13_04_01_0130.bmp,0,4,1,13,1.9166,3.3851,12.4607,0.0,2.7565,1.9371,1.8349,2.3433,2.7343,2.8475,3.6551,4.5541,6.131,7.2929,8.8024,13,13,13,13,13,13,13,13,13,13,13,13,13,13,13
01_13_04_01_0131.bmp,0,4,1,13,1.4621,2.5618,11.7728,0.0,2.0435,1.5587,1.767,1.8951,2.194,2.8956,3.2711,4.4013,5.3441,7.4562,8.938,13,13,13,13,13,13,13,13,13,13,13,13,13,13,13
01_13_04_01_0132.bmp,0,4,1,13,1.3234,2.4099,9.7606,0.0,1.2329,1.3881,1.5574,1.7894,2.066,2.9133,3.511,4.4561,5.4655,7.8297,8.6827,13,13,13,13,13,13,13,13,13,13,13,13,13,13,23
01_13_04_01_0133.bmp,0,4,1,13,1.208,2.2447,10.4664,0.0,1.425,1.3422,1.5593,1.6909,1.9423,2.6288,3.3847,4.3107,5.4325,6.7884,8.5438,13,13,13,13,13,13,13,13,13,13,13,13,13,13,13
01_13_04_01_0133.bmp,1,4,1,13,4.4164,4.0733,26.5086,5.1311,5.5268,4.4215,4.5022,4.7494,5.0822,6.1411,6.6655,8.6242,11.1437,15.1442,18.4223,13,13,13,13,13,13,13,13,13,13,13,13,13,13,13
01_13_04_01_0134.bmp,1,4,1,13,4.7154,4.1335,26.7032,5.0028,5.5848,4.7347,4.9842,4.8655,5.0617,5.3695,5.8767,7.58,8.8898,12.1401,13.8421,13,13,13,13,13,13,13,13,13,13,13,13,13,13,13
01_13_04_01_0135.bmp,0,4,1,13,1.0198,1.7445,8.8252,0.0,1.0538,1.0715,1.2961,1.7244,2.1046,2.9169,3.4887,4.6803,5.9531,7.4204,9.2546,13,13,13,13,13,13,13,13,13,13,13,13,13,13,13
01_13_04_01_0136.bmp,0,4,1,13,1.2359,2.3962,10.7291,0.0,1.4225,1.3074,1.5809,1.6918,2.0803,2.7315,3.2364,4.303,5.8464,7.847,9.1671,13,13,13,13,13,13,13,13,13,13,13,13,13,13,13
01_13_04_01_0137.bmp,0,4,1,13,1.3074,2.4097,8.77,0.0,1.593,1.4152,1.5728,1.8646,2.1602,2.7282,3.5154,4.5636,5.7569,7.4283,8.9735,13,13,13,13,13,13,13,13,13,13,13,13,13,13,13
01_13_04_01_0138.bmp,1,4,1,13,4.1488,3.5721,21.6796,5.4645,5.4229,4.1845,4.1456,4.2163,4.5291,4.9875,5.2147,6.2119,7.2491,10.146,12.2381,13,13,13,13,13,13,13,13,13,13,13,13,13,40,13
01_13_04_01_0139.bmp,1,4,1,13,4.1106,3.6285,21.5609,5.488,5.3016,4.1002,4.1509,4.2109,4.3826,4.572,5.1517,6.1569,7.39,9.8475,11.7758,13,13,13,13,13,13,13,13,13,13,13,13,13,13,13
01_13_04_01_0140.bmp,1,4,1,13,4.2429,3.5204,22.091,5.7956,5.5821,4.2757,4.3478,4.4253,4.611,5.0827,5.1154,6.4433,7.2017,9.0634,11.9664,13,13,13,13,13,13,13,13,13,13,13,13,13,13,13
01_13_04_01_0141.bmp,0,4,1,13,1.2674,2.3023,7.4422,0.0,1.6286,1.4571,1.722,2.2712,2.64,3.3919,4.8664,6.5414,7.8106,10.3863,11.6944,13,13,13,13,13,13,13,13,13,13,13,13,13,13,13
01_13_04_01_0145.bmp,0,4,1,13,0.9583,1.7425,4.8204,0.0,1.2961,1.0165,1.3592,1.7549,1.9916,2.6614,3.2643,4.5547,6.1101,7.683,9.2392,13,13,13,13,13,13,13,13,13,13,13,13,13,13,13
01_13_04_01_0145.bmp,1,4,1,13,4.2453,3.4936,23.2863,5.7934,5.92,4.2068,4.3465,4.449,4.7212,4.8037,5.6678,6.4874,7.5062,10.1736,13.3936,13,13,13,13,13,13,13,13,13,13,13,13,13,13,13
01_13_04_01_0149.bmp,0,4,1,13,1.1377,2.2138,4.7015,0.0,1.3267,1.2961,1.4607,1.8236,2.1669,2.8798,3.7462,4.8296,5.8353,7.4133,9.4062,13,13,13,13,13,13,13,13,13,13,13,13,13,13,13
01_13_04_01_0154.bmp,1,4,1,13,4.7337,3.5416,24.2254,6.1844,6.2691,4.6843,4.7277,4.6413,5.1166,5.2496,5.6512,6.2195,7.7572,10.2716,11.7376,13,13,13,13,13,13,13,13,13,13,13,13,13,13,40
01_13_04_01_0155.bmp,1,4,1,13,5.2219,3.8339,26.3489,7.1025,7.1917,5.2405,5.2102,5.3535,5.4786,5.6005,5.7335,6.6583,8.2863,11.0473,12.4258,13,13,13,13,13,13,13,13,13,13,13,13,13,13,13
01_13_04_01_0157.bmp,0,4,1,13,1.2631,2.862,3.0654,0.0,1.8956,1.4762,1.6,2.0754,2.1887,2.7635,3.4974,4.6345,5.7447,7.2283,9.43,13,13,13,19,13,13,13,13,13,13,13,13,13,13,13
01_13_04_01_0157.bmp,1,4,1,13,4.6319,3.325,19.8748,6.6631,7.3251,4.6535,4.7165,4.6456,4.9101,5.282,5.77,6.6142,7.764,10.6317,13.1218,13,13,13,13,13,13,13,13,13,13,13,13,13,13,13
01_13_04_01_0161.bmp,0,4,1,13,1.4166,2.9989,2.4064,0.0,1.7923,1.4973,1.7159,1.9054,2.1953,2.8212,3.3543,4.6477,5.5216,7.4379,9.4487,13,13,13,13,13,13,13,13,13,13,13,13,13,13,13
01_13_04_01_0161.bmp,1,4,1,13,4.6051,3.2439,22.3409,6.6824,7.2198,4.6199,4.6302,4.5143,4.9406,5.1992,5.9619,6.5307,8.2344,10.6869,13.4498,13,13,13,13,13,13,13,13,13,13,13,13,13,13,13
01_13_04_01_0162.bmp,0,4,1,13,1.4,3.0654,2.5209,0.0,1.699,1.6,1.6821,1.9422,2.3497,2.8675,3.4602,4.6453,5.3669,6.8317,9.9292,13,13,13,13,13,13,13,13,13,13,13,13,13,13,13
01_13_04_01_0162.bmp,1,4,1,13,4.6561,3.5534,20.685,7.0972,7.7904,4.8095,4.8168,4.9958,5.1706,5.3291,5.9163,7.5131,7.7987,10.7706,13.5544,13,13,13,13,13,13,13,13,13,13,13,13,13,13,13
01_13_04_01_0163.bmp,0,4,1,13,1.1585,2.727,2.4093,0.0,2.0956,1.3266,1.593,1.8111,2.1229,2.8123,3.2558,4.3349,5.0499,7.7059,8.8814,13,13,13,19,13,13,13,13,13,13,13,13,13,13,13
01_13_04_01_0163.bmp,1,4,1,13,4.9744,3.7158,20.7911,7.222,8.2751,4.8261,5.1013,5.3315,5.0445,5.3848,5.7573,7.577,7.8294,10.5991,13.1531,13,13,13,13,13,13,13,13,13,13,13,13,13,13,13
01_13_04_01_0164.bmp,0,4,1,13,1.6296,3.5952,2.8467,0.0,1.9492,1.7937,2.0591,2.1791,2.4538,3.0677,3.8188,4.6361,5.9254,7.2234,9.8166,13,13,13,13,13,13,13,13,13,13,13,13,13,13,13
01_13_04_01_0164.bmp,1,4,1,13,5.0715,3.8809,22.157,7.6424,8.0018,5.1591,5.1005,5.3242,5.2376,5.866,5.997,6.8824,8.008,11.5563,12.892,13,13,13,13,13,13,13,13,13,13,13,13,13,13,40
01_13_04_01_0166.bmp,1,4,1,13,4.9833,3.8366,22.2245,7.2878,7.8665,4.9415,5.1493,5.1435,5.2384,5.3621,5.9171,6.6018,7.4862,11.4924,13.2238,13,13,13,13,13,13,13,13,13,13,13,13,13,13,13
01_13_04_01_0167.bmp,0,4,1,13,2.0274,4.2708,3.6701,0.0,2.3867,2.1207,2.0559,2.6478,2.6574,3.1577,3.9751,4.7408,5.9408,7.884,10.0749,13,13,13,13,13,13,13,13,13,13,13,13,13,13,40
01_13_04_01_0169.bmp,0,4,1,13,1.9049,2.3216,11.6124,1.0235,5.2136,2.0957,2.1498,2.0005,2.2839,2.2427,2.6348,3.4502,4.2192,5.822,6.0644,13,31,1,13,13,13,13,13,13,13,13,13,13,13,7
01_13_04_01_0169.bmp,1,4,1,13,4.9026,3.6646,21.5661,7.3584,8.3262,4.9965,5.1854,4.9941,5.0599,5.5507,6.1333,7.2955,8.8742,10.688,14.0057,13,13,13,13,13,13,13,13,13,13,13,13,13,13,13
01_13_04_01_0170.bmp,0,4,1,13,2.0825,2.2628,12.5603,1.3659,6.1815,2.0265,2.0649,2.1004,2.414,2.1157,2.4423,3.2888,4.4759,5.4257,6.0206,13,36,1,13,13,13,13,13,13,13,13,13,13,13,13
01_13_04_01_0171.bmp,0,4,1,13,1.5551,1.9225,11.6772,0.765,4.6604,1.6979,1.7499,1.8144,1.7998,2.3833,2.5426,3.389,3.9087,5.9308,7.053,32,31,1,13,13,32,32,13,13,13,13,13,13,23,13
01_13_04_01_0173.bmp,0,4,1,13,2.3198,2.5303,12.2268,2.4662,5.5822,2.3165,2.2996,2.3013,2.3016,2.6538,2.5668,3.5883,4.3736,5.7896,7.1765,13,31,1,13,13,13,13,13,13,13,13,13,13,7,40
01_13_04_01_0174.bmp,0,4,1,13,1.7619,2.0014,12.6171,1.4241,4.7412,1.8227,1.7871,1.8834,1.7686,2.3938,2.6608,3.4896,4.0979,6.1123,6.6932,13,31,42,13,13,13,13,13,13,13,13,13,13,13,26
01_13_04_01_0174.bmp,1,4,1,13,6.0935,6.0633,19.9455,4.4436,7.27,6.154,6.192,6.1481,6.2913,6.6859,6.9049,7.5635,8.532,11.3967,12.4689,13,13,2,13,13,13,13,13,13,13,13,13,13,13,40
01_13_04_01_0178.bmp,0,4,1,13,2.0582,2.0568,13.6545,1.941,3.6355,1.9541,1.9879,2.1183,2.244,2.2853,2.6995,3.0335,3.4954,6.0884,6.7711,13,31,1,13,13,13,13,13,13,13,13,13,13,40,23
01_13_04_01_0179.bmp,1,4,1,13,4.7836,3.4242,20.1078,7.1847,8.6228,4.9527,4.9579,5.0964,5.1985,5.0953,6.0285,7.2376,8.3012,9.793,13.2642,13,13,13,13,13,13,13,13,13,13,13,13,13,13,13
01_13_04_01_0180.bmp,1,4,1,13,4.7344,3.3784,20.7581,7.1356,8.6623,4.6134,4.8475,4.9979,5.0441,5.3682,5.7876,7.3289,8.6599,10.4713,14.6072,13,13,13,13,13,13,13,13,13,13,13,13,13,13,13
01_13_04_01_0181.bmp,0,4,1,13,2.4664,2.4976,10.3875,2.8961,6.1827,2.4602,2.4152,2.6734,2.8776,2.8933,3.5311,3.2509,5.0383,6.0178,7.4817,13,31,42,13,13,13,13,13,13,13,13,13,13,13,13
01_13_04_01_0182.bmp,0,4,1,13,2.5928,2.6104,12.4963,3.2469,4.6407,2.6073,2.5206,2.6306,2.8538,3.1815,3.1997,4.742,4.0199,4.7244,7.3245,13,31,42,13,13,13,32,13,13,13,13,13,13,13,25
01_13_04_01_0182.bmp,1,4,1,13,4.3875,2.9696,19.4929,6.6365,8.4114,4.4326,4.4926,4.3977,4.4056,5.1723,5.8714,6.7269,7.9236,10.9278,13.368,13,13,13,13,13,13,13,13,13,13,13,13,13,13,13
01_13_04_01_0183.bmp,1,4,1,13,4.4571,2.9432,19.7414,6.7938,8.6574,4.502,4.4789,4.8129,4.5995,5.1207,6.0826,6.5277,8.183,10.9264,13.664,13,13,13,13,13,13,13,13,13,13,13,13,13,13,13
01_13_04_01_0186.bmp,1,4,1,13,4.7849,3.2072,20.4743,7.2274,8.4408,4.8299,5.0461,5.2199,5.0665,5.1898,5.9282,7.4352,7.4298,11.0203,13.1737,13,13,13,13,13,13,13,13,13,13,13,13,13,13,13
01_13_04_01_0188.bmp,0,4,1,13,2.3085,2.1688,14.215,2.9964,4.5682,2.3006,2.4199,2.34,2.6845,3.0466,3.1227,4.7005,5.0345,6.4017,7.5544,32,13,42,13,13,32,32,32,32,13,13,12,13,34,13
01_13_04_01_0189.bmp,1,4,1,13,4.8999,3.3446,21.0661,7.3043,8.8297,4.986,5.0198,5.2089,4.9514,4.9425,6.1501,7.5642,7.8276,10.7707,13.3877,13,13,13,13,13,13,13,13,13,13,13,13,13,13,13
01_13_04_01_0190.bmp,1,4,1,13,4.9064,3.3221,21.3547,7.4183,8.6036,4.8445,4.9502,4.9421,5.2333,5.4196,5.8127,7.0739,7.9022,12.1431,13.9582,13,13,13,13,13,13,13,13,13,13,13,13,13,13,13
01_13_04_01_0194.bmp,1,4,1,13,4.7521,3.2734,19.8423,7.1182,8.4574,4.846,4.8785,4.84,5.0599,5.522,5.7882,6.588,8.2979,10.5628,14.0762,13,13,13,13,13,13,13,13,13,13,13,13,13,13,13
01_13_04_01_0198.bmp,1,4,1,13,4.6352,3.142,20.4997,6.9246,8.8367,4.7099,4.6925,4.658,4.8988,5.2362,5.3787,6.987,8.1897,11.147,13.5213,13,13,13,13,13,13,13,13,13,13,13,13,13,13,40
01_13_04_01_0199.bmp,0,4,1,13,2.5907,2.3948,12.2508,2.6644,4.1232,2.6942,2.6428,2.6739,2.7791,3.4413,4.1718,3.8721,4.9968,5.5638,7.6859,13,13,1,13,12,13,13,13,13,13,13,12,13,8,13
01_13_04_01_0200.bmp,0,4,1,13,2.3166,1.7968,9.3456,2.0509,3.7631,2.2609,2.477,2.351,2.8296,3.1079,3.3814,4.0163,4.826,6.8153,7.7427,12,13,13,13,13,12,13,12,12,13,13,13,13,12,13
01_13_04_01_0202.bmp,1,4,1,13,4.6968,3.2292,20.6471,7.0067,8.7123,4.6791,4.7855,4.8013,4.9906,5.0145,5.8961,6.8139,8.5665,10.9908,14.2673,13,13,13,13,13,13,13,13,13,13,13,13,13,13,13
01_13_04_01_0208.bmp,0,4,1,13,2.19,2.0844,13.4976,1.3498,4.3199,2.1984,2.0604,2.5965,2.4971,3.0859,3.5914,4.6819,5.4761,7.1828,8.4796,13,13,13,13,13,13,13,13,13,13,13,13,13,40,40
01_13_04_01_0210.bmp,0,4,1,13,2.2536,2.1196,16.4973,2.0018,2.5645,2.2542,2.4187,2.5653,2.8048,3.4785,3.5026,4.7846,5.7823,8.0925,9.0957,13,13,7,13,13,13,13,13,13,13,13,13,13,13,40
01_13_04_01_0213.bmp,0,4,1,13,2.6294,2.9061,15.1649,2.6847,2.62,2.7394,2.6897,2.6974,3.1199,3.4925,3.6322,4.7358,5.3875,6.6557,8.2167,13,13,37,13,13,13,13,13,13,13,13,13,13,34,40
01_13_04_01_0215.bmp,0,4,1,13,3.1591,3.9031,19.0437,0.0,3.6827,3.1759,3.1208,3.2291,3.5184,3.8596,4.6294,5.4874,6.7062,8.4358,10.1563,13,13,13,13,13,13,13,13,13,13,13,13,13,13,13
01_13_04_01_0215.bmp,1,4,1,13,4.7059,3.4064,21.048,7.042,8.8889,4.6704,4.7335,4.89,5.0973,5.2943,6.0697,7.049,8.7682,11.1363,13.8597,13,13,13,13,13,13,13,13,13,13,13,13,13,13,13
01_13_04_01_0216.bmp,0,4,1,13,2.6861,3.1456,16.1903,0.325,4.3445,2.7339,2.8081,2.947,3.1137,3.4645,4.0255,4.9836,5.9143,8.3556,10.1558,13,13,13,13,13,13,13,13,13,13,13,13,13,13,40
01_13_04_01_0218.bmp,1,4,1,13,4.5787,3.2134,18.858,6.9352,8.6353,4.6575,4.567,4.6286,4.6936,5.3966,5.7738,7.3806,8.3982,10.8451,13.8779,13,13,13,13,13,13,13,13,13,13,13,13,13,13,13
01_13_04_01_0221.bmp,1,4,1,13,4.784,3.3518,22.5522,7.3554,8.6628,4.9387,4.7605,5.2022,5.2416,5.5698,6.0336,7.0484,8.0884,11.0014,13.564,13,13,13,13,13,13,13,13,13,13,13,13,13,13,13
01_13_04_01_0222.bmp,1,4,1,13,4.7235,3.2691,20.6745,7.0573,8.6393,4.8302,4.7898,5.1009,4.9606,5.5183,6.0753,7.5018,8.1904,11.1244,12.8585,13,13,13,13,13,13,13,13,13,13,13,13,13,13,13
01_13_04_01_0223.bmp,0,4,1,13,1.722,1.3706,14.7118,0.955,1.953,1.7949,1.9677,2.099,2.3803,2.6577,3.5104,5.0698,6.0905,8.2496,11.0425,13,13,13,13,13,13,13,13,13,13,13,13,13,13,13
01_13_04_01_0224.bmp,0,4,1,13,1.9576,1.8236,14.7078,1.0181,2.0317,2.0168,1.9626,2.064,2.5506,3.1833,3.5946,4.7836,5.9819,8.5758,10.4451,13,13,13,13,13,13,13,13,13,13,13,13,13,13,13
01_13_04_01_0230.bmp,0,4,1,13,1.6515,1.7467,11.1258,0.5741,2.0227,1.7245,1.9003,2.2101,2.403,2.9553,4.0344,5.2718,6.5526,9.5393,11.2893,13,13,13,13,13,13,13,13,13,13,13,13,13,13,13
01_13_04_01_0231.bmp,1,4,1,13,5.3333,3.556,21.8045,7.9174,8.8461,5.2609,5.2171,5.5615,5.6248,5.594,6.3114,7.7729,8.135,10.6885,14.3295,13,13,13,13,13,13,13,13,13,13,13,13,13,13,13
01_13_04_01_0232.bmp,1,4,1,13,4.9465,3.3432,20.2291,7.602,8.6785,4.9907,5.038,5.1488,5.5274,5.8437,6.3029,6.8656,8.1708,11.4537,14.0471,13,13,13,13,13,13,13,13,13,13,13,13,13,13,13
01_13_04_01_0233.bmp,1,4,1,13,4.998,3.2243,19.8832,7.4978,8.7474,5.0833,4.9963,5.0866,5.2831,5.6172,6.3605,6.7349,8.4411,11.1583,14.0386,13,13,13,13,13,13,13,13,13,13,13,13,13,13,13
01_13_04_01_0237.bmp,1,4,1,13,5.0765,3.428,21.6007,7.5718,8.7602,5.2525,5.3225,5.2574,5.5692,5.3724,5.8282,7.1948,7.7332,11.3253,14.5886,13,13,13,13,13,13,13,13,13,13,13,13,13,13,13
01_13_04_01_0238.bmp,0,4,1,13,1.9988,1.7293,6.3044,0.7721,2.2997,1.9804,2.0702,2.259,2.5942,3.1112,4.4046,5.7177,7.2363,9.9012,11.8582,13,13,13,13,13,13,13,13,13,13,13,13,13,13,13
01_13_04_01_0238.bmp,1,4,1,13,4.965,3.2694,22.0805,7.3558,9.1225,5.0594,5.1066,5.323,4.9421,5.8731,6.1115,7.0886,9.0977,11.0088,13.9617,13,13,13,13,13,13,13,13,13,13,13,13,13,13,13
01_13_04_01_0239.bmp,0,4,1,13,1.8414,1.649,6.0474,0.8907,2.6109,1.8962,1.9387,2.0167,2.325,2.9133,3.9416,4.776,6.4557,9.1827,11.1528,13,13,13,13,13,13,13,13,13,13,13,13,13,13,13
01_13_04_01_0241.bmp,0,4,1,13,2.7238,2.1915,8.0618,1.6919,11.0054,2.8518,2.8891,2.7133,3.0672,4.037,4.2935,6.2884,8.5092,10.8742,12.9535,13,13,13,13,13,13,13,13,13,13,13,13,13,13,13
01_13_04_01_0243.bmp,1,4,1,13,4.7486,3.2547,20.8056,7.1848,9.0675,4.6176,5.0817,4.9571,5.0208,5.6169,5.8319,7.073,8.305,10.6296,13.2659,13,13,13,13,13,13,13,13,13,13,13,13,13,13,13
01_13_04_01_0244.bmp,1,4,1,13,5.1424,3.4306,21.5907,7.6274,8.9128,5.1505,5.0761,5.7078,5.3984,5.8769,6.3436,6.9166,8.3621,11.5462,13.7348,13,13,13,13,13,13,13,13,13,13,13,13,13,13,13
01_13_04_01_0246.bmp,1,4,1,13,4.7525,3.2175,21.2075,7.0193,9.1406,4.8916,4.9553,5.0553,5.0532,5.1905,5.8433,6.7804,8.4039,11.208,14.0748,13,13,13,13,13,13,13,13,13,13,13,13,13,13,13
01_13_04_01_0248.bmp,1,4,1,13,4.8991,3.3051,21.7516,7.3116,8.866,4.9042,5.0209,5.1062,5.1697,5.5293,6.4289,6.8578,8.3618,11.4222,13.8212,13,13,13,13,13,13,13,13,13,13,13,13,13,13,13
01_13_04_01_0252.bmp,0,4,1,13,1.8233,1.4507,8.5463,1.2123,4.6542,1.9226,1.9102,2.1866,2.4056,3.1824,3.8933,4.8067,6.1598,8.7971,11.284,13,13,13,13,13,13,13,13,13,13,13,13,13,13,13
01_13_04_01_0255.bmp,1,4,1,13,4.9174,3.3301,20.475,7.426,8.9563,4.9088,5.0959,5.2489,5.2094,5.4195,6.0899,7.2573,8.7788,11.1887,13.4767,13,13,13,13,13,13,13,13,13,13,13,13,13,13,13
01_13_04_01_0257.bmp,0,4,1,13,1.9962,1.2921,11.5459,1.799,8.2368,2.0137,2.0827,2.428,2.4004,3.3117,4.0693,5.5568,7.3242,9.2569,11.4011,13,13,13,13,13,13,13,13,13,13,13,13,13,13,13
01_13_04_01_0258.bmp,0,4,1,13,1.9701,1.4053,13.777,2.1773,6.6186,1.9885,2.2793,2.3757,2.7561,3.2679,3.8209,6.0031,7.37,10.2701,11.8889,13,13,13,13,13,13,13,13,13,13,13,13,13,13,13
01_13_04_01_0258.bmp,1,4,1,13,4.9229,3.3684,21.1529,7.4754,8.6324,4.9389,4.9423,5.0575,5.1373,5.6552,5.906,7.1454,8.7405,11.0505,13.2278,13,13,13,13,13,13,13,13,13,13,13,13,13,13,13
01_13_04_01_0260.bmp,1,4,1,13,4.9995,3.4342,20.2976,7.4844,9.0933,5.0403,5.0892,5.2389,5.5871,6.03,5.9412,7.2875,8.7765,11.1776,14.1844,13,13,13,13,13,13,13,13,13,13,13,13,13,13,13
01_13_04_01_0261.bmp,1,4,1,13,5.1921,3.4746,20.5653,7.6612,8.9656,5.2382,5.2545,5.4154,5.3274,5.942,6.3346,7.6017,9.0502,11.8943,13.3212,13,13,13,13,13,13,13,13,13,13,13,13,13,13,13
01_13_04_01_0263.bmp,1,4,1,13,5.0581,3.3718,21.0238,7.4926,9.1132,5.113,5.105,5.2343,5.2207,6.0487,6.373,7.1473,8.055,11.0792,14.0511,13,13,13,13,13,13,13,13,13,13,13,13,13,13,13
01_13_04_01_0267.bmp,1,4,1,13,4.9567,3.3443,21.4719,7.5013,9.4549,4.9706,4.7724,5.1211,5.3805,5.7192,6.0455,6.901,8.2508,10.568,14.1287,13,13,13,13,13,13,13,13,13,13,13,13,13,13,13
01_13_04_01_0268.bmp,0,4,1,13,1.8059,1.6055,5.9938,2.5636,6.8263,1.8133,1.9215,2.0438,2.593,2.953,3.9132,5.3715,6.7248,9.9866,12.5873,13,13,13,13,13,13,13,13,13,13,13,13,13,13,13
01_13_04_01_0268.bmp,1,4,1,13,4.795,3.2463,21.7342,7.1706,8.9192,4.7784,4.9202,4.7619,5.3136,6.0027,5.8876,7.03,8.1375,11.7185,14.1237,13,13,13,13,13,13,13,13,13,13,13,13,13,13,13
01_13_04_01_0269.bmp,0,4,1,13,1.6914,1.3896,7.1697,1.6682,6.7739,1.6644,1.8553,2.027,2.4519,3.1326,3.6248,5.4896,7.6064,9.3741,10.9902,13,13,13,13,13,13,13,13,13,13,13,13,13,13,13
01_13_04_01_0271.bmp,0,4,1,13,4.9198,3.2685,18.803,7.4186,8.7907,4.8764,5.0466,4.9559,4.9683,5.621,6.2613,7.6998,8.222,10.963,14.325,13,13,13,13,13,13,13,13,13,13,13,13,13,13,13
01_13_04_01_0272.bmp,0,4,1,13,4.9163,3.2719,19.0159,7.3125,9.0022,4.9363,4.9101,4.8161,5.2105,5.9415,5.755,7.3283,8.2658,11.667,14.5779,13,13,13,13,13,13,13,13,13,13,13,13,13,13,13
01_13_04_01_0273.bmp,0,4,1,13,5.0403,3.3262,19.7669,7.4628,8.9449,5.013,5.0867,5.0948,5.146,5.8034,5.7771,7.1161,8.8467,11.2371,14.0977,13,13,13,13,13,13,13,13,13,13,13,13,13,13,13
01_13_04_01_0275.bmp,0,4,1,13,5.2374,3.486,20.2156,7.781,9.1855,5.2245,5.2996,5.2591,5.3546,5.8376,6.092,6.7785,8.8243,11.4612,14.5181,13,13,13,13,13,13,13,13,13,13,13,13,13,13,13
01_13_04_01_0276.bmp,0,4,1,13,4.7546,3.216,21.3827,7.2383,9.0447,4.8354,4.9818,5.2428,5.2994,5.4279,5.904,7.4784,8.3136,10.5261,14.3071,13,13,13,13,13,13,13,13,13,13,13,13,13,13,13
01_13_04_01_0289.bmp,0,4,1,13,5.0597,3.3125,21.9853,7.5475,8.8273,4.9895,4.9904,5.223,5.4596,5.4082,6.2795,6.9991,8.1778,11.1741,13.3417,13,13,13,13,13,13,13,13,13,13,13,13,13,13,13
01_13_04_01_0297.bmp,0,4,1,13,4.5184,3.131,20.9414,6.6768,8.5739,4.4681,4.7837,4.5857,4.8356,5.0315,5.8417,6.8951,8.2746,11.1812,13.8571,13,13,13,13,13,13,13,13,13,13,13,13,13,13,13
01_13_04_01_0298.bmp,0,4,1,13,4.4819,3.0631,21.72,6.723,8.7721,4.524,4.6428,4.7098,5.0155,5.1898,5.3039,7.2903,8.0776,10.9295,13.0271,13,13,13,13,13,13,13,13,13,13,13,13,13,13,13
01_13_04_01_0301.bmp,0,4,1,13,4.554,3.2297,21.3668,6.758,7.9453,4.5176,4.6319,4.7931,5.062,5.3351,5.6455,6.8157,8.308,10.8765,13.9358,13,13,13,13,13,13,13,13,13,13,13,13,13,13,13
01_13_04_01_0305.bmp,0,4,1,13,4.9419,3.5833,23.5443,7.5116,8.6093,5.0001,4.9648,5.0492,5.1207,5.5369,6.0006,7.3204,8.8055,10.2819,13.6929,13,13,13,13,13,13,13,13,13,13,13,13,13,13,13
01_13_04_01_0306.bmp,0,4,1,13,5.0861,3.7329,23.577,7.6508,8.701,5.2324,5.0888,5.2634,5.3112,5.819,5.8678,7.4359,8.0697,11.6953,14.8771,13,13,13,13,13,13,13,13,13,13,13,13,13,13,13
01_13_04_01_0311.bmp,0,4,1,13,5.5375,4.3154,22.6916,8.3293,8.1297,5.5127,5.5278,5.489,5.8874,5.9681,6.1829,7.0933,8.7886,11.4229,13.4888,13,13,13,13,13,13,13,13,13,13,13,13,13,13,13
01_13_04_01_0316.bmp,0,4,1,13,4.9014,3.7368,20.5591,7.034,8.3344,4.9469,4.9479,5.1986,5.0513,5.7728,6.0543,7.1039,7.895,11.1949,14.1683,13,13,13,13,13,13,13,13,13,13,13,13,13,13,13
01_13_04_01_0318.bmp,0,4,1,13,4.8972,3.4497,21.4704,7.1733,8.0398,4.8917,4.9369,5.1162,5.1926,5.5463,5.8969,7.18,8.6593,10.9146,13.9397,13,13,13,13,13,13,13,13,13,13,13,13,13,13,13
01_13_04_01_0319.bmp,0,4,1,13,4.8596,3.7761,21.9212,7.098,7.7928,4.9586,4.8989,5.0241,5.3124,5.6484,5.7778,7.6205,7.9637,11.1127,14.9414,13,13,13,13,13,13,13,13,13,13,13,13,13,13,13
01_13_04_01_0321.bmp,0,4,1,13,5.8893,4.6101,23.7572,8.773,9.2161,5.8237,6.1189,5.9979,6.2252,6.2342,6.7906,8.2813,9.0256,12.3563,14.758,13,13,13,13,13,13,13,13,13,13,13,13,13,13,13
01_13_04_01_0323.bmp,0,4,1,13,5.6405,4.3447,22.1602,8.4485,10.1808,5.6679,5.7497,5.8623,6.0407,6.4823,6.428,8.0684,9.3233,11.8242,14.3042,13,13,13,13,13,13,13,13,13,13,13,13,13,13,13
01_13_04_01_0324.bmp,0,4,1,13,5.4183,3.9696,18.631,7.7352,10.0382,5.3927,5.5243,5.6917,5.7453,5.7697,6.2885,7.4784,8.5307,11.2537,13.1797,13,13,13,13,13,13,13,13,13,13,13,13,13,13,13
01_13_04_01_0326.bmp,0,4,1,13,5.4596,3.936,19.5788,7.8312,9.9297,5.4349,5.4973,5.5154,5.8289,6.2534,6.1633,7.2129,7.9219,10.2474,14.0023,13,13,13,13,13,13,13,13,13,13,13,13,13,13,13
01_13_04_01_0336.bmp,0,4,1,13,7.7344,6.687,24.1347,8.6201,10.1062,7.7863,7.8265,7.7138,8.0806,8.3205,8.3666,9.1144,10.186,12.3125,14.8145,13,13,13,13,13,13,13,13,13,13,13,13,13,13,13
01_13_04_01_0339.bmp,0,4,1,13,9.9936,7.5784,28.6066,14.841,14.2678,10.0062,10.042,10.2033,10.2495,10.5374,10.3567,11.1811,12.362,13.8066,16.4879,13,13,13,13,13,13,13,13,13,13,13,13,13,13,13
01_13_04_01_0354.bmp,0,4,1,13,6.8398,6.8821,22.4751,8.589,9.0256,6.8041,6.956,6.9447,7.1582,7.4881,7.6656,8.5413,9.7354,12.3378,15.0083,13,13,13,13,2,13,13,13,13,13,13,13,13,13,13
01_13_04_01_0355.bmp,0,4,1,13,6.3444,6.4402,20.8674,7.2157,7.563,6.2468,6.2817,6.5349,6.3935,6.7406,6.7561,8.5216,8.5623,12.0887,13.8296,13,13,13,13,2,13,13,13,13,13,13,13,13,13,13
01_13_04_01_0358.bmp,0,4,1,13,3.7295,4.7398,18.6264,2.1409,4.9805,3.7555,3.933,4.0563,4.1191,4.3178,4.7208,6.272,7.5557,9.7734,12.1117,13,13,13,13,13,13,13,13,13,13,13,13,13,13,13
01_13_04_01_0363.bmp,0,4,1,13,1.8459,1.9601,10.5488,1.4273,2.5122,1.989,2.0838,2.245,2.6557,3.3918,4.2048,5.6252,6.4243,9.2856,10.238,13,13,13,13,13,13,13,13,13,13,13,13,13,13,13
01_13_04_01_0367.bmp,0,4,1,13,1.5629,1.1148,8.488,1.2337,2.875,1.5749,1.792,2.0933,2.3781,3.116,3.9826,5.5717,6.4286,8.5973,11.6557,15,13,8,13,15,15,15,15,13,13,13,13,13,13,13
01_13_04_01_0371.bmp,0,4,1,13,2.0107,2.0282,8.1276,1.3127,3.8541,1.9459,2.1826,2.3404,2.5945,3.2052,3.9749,5.2377,6.8342,8.7045,11.4374,15,13,8,13,13,13,13,13,13,13,13,13,13,13,13
01_13_04_01_0373.bmp,0,4,1,13,2.2947,3.0487,8.1575,0.9183,4.5444,2.4362,2.4275,2.678,2.7281,3.5245,4.3684,5.33,6.9581,8.7747,10.8608,13,13,13,13,13,13,13,13,13,13,13,13,13,13,13
01_13_04_01_0374.bmp,0,4,1,13,2.1729,2.5628,7.5499,1.1634,4.5883,2.1418,2.3526,2.568,2.7594,3.5548,4.4314,5.6554,7.1932,8.942,11.7156,13,13,13,13,13,13,13,13,13,13,13,13,13,13,13
01_13_04_01_0375.bmp,0,4,1,13,1.8495,2.8835,6.4019,0.9979,3.8407,1.8767,2.0112,2.2092,2.612,3.1185,3.7834,5.2705,5.6501,8.8954,11.4872,13,13,13,13,13,13,13,13,13,13,13,13,13,13,13
01_13_04_01_0378.bmp,0,4,1,13,1.9961,3.1468,8.2588,2.2375,5.005,2.0453,2.1415,2.4484,2.751,2.9811,3.5425,5.39,6.309,8.6778,11.6726,13,13,13,13,13,13,13,13,13,13,13,13,13,13,13
01_13_04_01_0381.bmp,0,4,1,13,1.5915,2.384,8.2332,2.0745,5.2848,1.6626,1.9514,2.5001,2.9711,3.6363,4.842,6.3939,8.5832,11.0408,13.9307,13,13,13,13,13,13,13,13,13,13,13,13,13,13,13
01_13_04_01_0383.bmp,0,4,1,13,1.0694,0.9263,6.1604,0.6833,3.4629,1.2001,1.5031,1.7771,2.1198,2.8579,3.6224,4.7995,6.2434,8.8162,10.6644,13,13,13,13,13,13,13,13,13,13,13,13,13,13,13
01_13_04_01_0386.bmp,0,4,1,13,3.745,3.6517,14.9586,4.3507,4.9684,3.7493,3.8453,3.8914,3.3302,4.164,4.1685,4.5572,4.8505,5.7222,7.6555,32,32,42,32,13,32,32,32,32,13,13,13,25,13,40
01_13_04_01_0389.bmp,0,4,1,13,3.1125,3.1195,15.8461,3.3547,4.203,3.2382,2.9546,3.4474,3.2604,3.5343,4.116,4.1231,5.2708,6.8282,7.5372,13,13,42,13,13,13,13,13,13,13,13,13,13,13,13
01_13_04_01_0391.bmp,0,4,1,13,4.039,4.0703,16.7622,3.4752,4.7711,4.0486,4.0969,4.0998,4.1629,4.398,4.5035,5.129,5.6007,6.7789,6.9433,13,13,42,13,13,13,13,13,13,13,13,13,13,13,18
01_13_04_01_0399.bmp,0,4,1,13,3.3691,3.328,13.5044,2.0978,4.021,3.2382,3.6393,3.261,3.8177,3.7645,3.5776,5.1921,4.7822,6.6532,7.7469,13,13,42,13,13,13,13,13,13,13,13,13,13,40,7
01_13_04_01_0401.bmp,0,4,1,13,3.5484,3.9994,17.2215,4.4154,4.5073,3.6654,3.3845,3.902,3.6669,4.0997,4.4306,5.6493,6.134,7.258,8.8138,13,13,42,13,13,13,13,13,13,13,13,13,13,13,13
01_13_04_01_0402.bmp,0,4,1,13,5.4699,4.835,15.4425,7.3555,9.2357,5.4731,5.6174,5.508,5.6262,5.5275,5.4606,5.7429,5.1474,6.7212,9.0257,13,13,11,13,13,13,13,13,13,13,13,13,13,12,40
01_13_04_01_0406.bmp,0,4,1,13,4.7601,4.2037,15.564,6.2079,5.9735,4.7857,4.7283,4.7849,4.9021,5.3029,4.7288,6.3298,5.9013,7.6081,7.9908,32,13,13,32,13,32,32,32,13,13,32,13,13,13,23
01_13_04_01_0407.bmp,0,4,1,13,3.7837,3.498,17.3377,4.9186,4.5257,3.8011,3.7899,3.7181,4.1808,3.7941,4.1598,5.2548,6.0932,7.144,7.0909,13,13,42,32,13,32,13,13,13,13,13,13,13,13,12
01_13_04_01_0409.bmp,0,4,1,13,5.2794,4.5879,14.386,7.4432,7.2645,5.2349,5.3415,5.7589,5.5019,5.6163,5.3614,5.8485,6.7151,6.4702,8.0929,32,13,13,32,13,32,32,32,12,12,32,13,13,13,13
01_13_04_01_0410.bmp,0,4,1,13,5.0275,4.5624,14.1405,6.8469,9.8267,5.0436,5.0641,5.0402,4.9485,5.1678,5.5816,5.7598,6.4881,6.8648,8.3194,13,13,13,13,13,13,13,13,13,13,13,13,13,1,13
01_13_04_01_0411.bmp,0,4,1,13,4.2802,4.3751,14.323,5.3175,5.7002,4.464,4.4981,4.569,4.6024,4.6739,4.8705,4.7496,5.2535,6.5494,8.4448,13,13,42,13,13,13,13,13,13,13,13,13,13,13,1
01_13_04_01_0414.bmp,0,4,1,13,3.4688,3.8783,13.7749,1.9004,4.7566,3.4454,3.7179,3.9344,3.9143,3.7624,4.3547,5.0243,4.555,5.8369,7.7369,13,13,13,13,13,13,13,13,13,13,13,13,13,13,12
01_13_04_01_0423.bmp,0,4,1,13,2.4294,2.2714,11.2598,2.2881,4.7972,2.4861,2.4801,2.5895,2.7682,3.0139,3.8404,3.99,4.3832,6.1223,7.7557,13,13,13,13,13,13,13,13,13,13,13,13,13,13,18
01_13_04_01_0428.bmp,0,4,1,13,2.509,2.3962,11.4698,1.5088,3.3542,2.5447,2.7028,2.5002,3.0403,3.0953,3.3835,4.7559,5.4725,6.4146,6.9213,13,13,13,13,13,13,13,13,13,13,13,13,13,13,13
01_13_04_01_0429.bmp,0,4,1,13,3.4389,3.6809,12.7064,1.5688,4.4693,3.4287,3.5444,3.7239,3.8219,3.868,4.3353,5.3808,6.3042,7.0732,10.6015,13,13,13,13,13,13,13,13,13,13,13,13,13,13,13
01_13_04_01_0431.bmp,0,4,1,13,2.849,2.9621,15.8193,0.0,3.3772,2.8873,2.9534,2.7981,3.1811,3.5812,3.5699,4.3881,5.2087,6.6117,8.2103,13,13,13,13,13,13,13,13,13,13,13,13,13,13,13
01_13_04_01_0432.bmp,0,4,1,13,3.4873,4.121,14.4848,1.3883,4.5122,3.5371,3.6226,3.5923,3.6247,4.1949,4.0655,5.1886,7.338,6.9341,9.4934,13,13,11,13,13,13,13,13,13,13,13,13,13,13,13
01_13_04_01_0438.bmp,0,4,1,13,2.3485,2.7144,15.3127,1.7735,3.2795,2.3382,2.5119,2.8242,2.5108,3.3971,3.6947,5.3132,5.8326,7.4955,9.2168,13,13,13,13,13,13,13,13,13,13,13,13,13,13,40
01_13_04_01_0439.bmp,0,4,1,13,2.7273,2.5817,15.6436,0.7846,3.2503,2.7263,2.8063,3.2297,3.1222,3.3493,3.8483,4.5873,5.584,6.8431,8.3746,13,13,13,13,13,13,13,13,13,13,13,13,13,13,13
01_13_04_01_0441.bmp,0,4,1,13,2.5758,2.7154,14.3043,0.0,3.4402,2.691,2.9641,2.8939,2.8577,3.1761,4.0421,4.7565,5.4794,6.7525,8.5417,13,13,13,13,13,13,13,13,13,13,13,13,13,25,13
01_13_04_01_0442.bmp,0,4,1,13,2.8361,3.3267,16.7987,0.0588,3.4754,2.8067,2.7972,3.1404,3.523,4.034,3.6587,5.0746,5.7782,6.9269,9.9205,13,13,13,13,13,13,13,13,13,13,13,13,13,13,13
01_13_04_01_0443.bmp,0,4,1,13,2.1972,2.4727,15.2661,0.0,3.1928,2.2359,2.2802,2.4314,2.9367,3.3976,3.2172,4.5394,5.6162,7.4307,9.3067,13,13,13,13,13,13,13,13,13,13,13,13,13,13,40
01_13_04_01_0446.bmp,0,4,1,13,2.0683,2.581,13.7013,0.196,3.2944,2.2409,2.0,2.6151,2.6106,3.0324,3.0897,4.288,5.826,7.8338,8.8463,13,13,13,13,13,13,13,13,13,13,13,13,13,13,13
01_13_04_01_0450.bmp,0,4,1,13,2.9751,3.0421,17.2302,2.7832,3.334,3.0924,3.1634,3.0338,3.4288,3.9222,4.0951,6.29,6.834,9.3443,11.3534,13,13,13,13,13,13,13,13,13,13,13,13,13,13,13
01_13_04_01_0453.bmp,0,4,1,13,2.3869,2.8992,18.5252,0.0,2.9969,2.3551,2.3677,2.6217,2.8504,3.1361,3.4848,5.1344,5.6007,8.2716,10.4175,13,13,13,13,13,13,13,13,13,13,13,13,13,13,13
01_13_04_01_0457.bmp,0,4,1,13,3.0644,2.8306,19.4009,2.803,5.6043,3.1908,3.1979,3.5224,3.1531,4.0092,4.6635,5.2025,7.2144,9.1258,10.3931,13,13,13,13,13,13,13,13,13,13,13,13,13,13,13
01_13_04_01_0465.bmp,0,4,1,13,3.2963,2.5569,18.4678,3.3919,6.7923,3.1906,3.4264,3.4977,3.6875,4.0245,4.1453,6.4204,7.0042,8.792,11.8447,13,13,13,13,13,13,13,13,13,13,13,13,13,13,40
01_13_04_01_0466.bmp,0,4,1,13,2.7771,2.7617,16.8258,3.04,3.0903,2.8734,3.0111,3.0989,3.4246,3.7323,4.4222,5.1685,6.8729,9.418,11.5023,13,13,13,13,13,13,13,13,13,13,13,13,13,13,13
01_13_04_01_0467.bmp,0,4,1,13,2.5157,1.8385,18.1923,2.2453,2.7458,2.5553,2.6183,2.9569,2.9327,3.5615,4.2044,5.5292,6.8861,9.3034,12.0231,13,13,13,13,13,13,13,13,13,13,13,13,13,13,40
01_13_04_01_0471.bmp,0,4,1,13,2.1435,2.2633,17.5729,1.1394,2.2615,2.1891,2.3961,2.4671,2.6546,3.2857,3.9036,5.3943,5.8874,7.9947,9.8533,13,13,13,13,13,13,13,13,13,13,13,13,13,13,13
01_13_04_01_0473.bmp,0,4,1,13,2.2742,2.2891,17.6652,2.1118,2.3794,2.4045,2.6146,2.7143,2.9277,3.8277,4.8669,6.8222,8.2721,10.7547,12.6817,13,13,13,13,13,13,13,13,13,13,13,13,13,13,40
01_13_04_01_0475.bmp,0,4,1,13,2.0799,2.0233,16.7303,2.1098,2.2288,2.2289,2.2346,2.6123,3.0407,3.4214,4.4404,5.1874,6.8851,8.9286,11.6692,13,13,13,13,13,13,13,13,13,13,13,13,13,13,13
01_13_04_01_0476.bmp,0,4,1,13,2.759,2.745,16.9255,2.9262,2.9981,2.7759,2.8272,3.2309,3.398,4.1336,4.2665,5.9596,7.4897,9.8395,11.6159,13,13,13,13,13,13,13,13,13,13,13,13,13,13,13
01_13_04_01_0477.bmp,0,4,1,13,1.7817,2.3114,14.8993,2.162,1.9985,1.8636,1.931,2.4685,2.6828,3.3949,4.132,5.8719,6.661,10.329,11.9561,13,13,13,13,13,13,13,13,13,13,13,13,13,13,13
01_13_04_01_0478.bmp,0,4,1,13,2.1344,2.2381,15.8419,2.0432,2.6845,2.1269,2.3546,2.6976,2.9034,3.3142,3.9511,4.9053,6.9916,8.3784,11.8672,13,13,13,13,13,13,13,13,13,13,13,13,13,13,13
01_13_04_01_0480.bmp,0,4,1,13,1.4467,1.449,12.3298,0.5723,1.6137,1.5075,1.8337,1.8156,2.2497,2.7088,3.6924,5.3061,6.2632,8.1436,9.8682,13,13,13,13,13,13,13,13,13,13,13,13,13,13,13
01_13_04_01_0490.bmp,0,4,1,13,1.6512,1.5543,7.8345,1.5963,3.7952,1.7288,1.7987,2.0306,2.6042,3.0665,3.8425,5.479,7.0631,9.7353,11.7395,13,13,13,13,13,13,13,13,13,13,13,13,13,13,13
01_13_04_01_0493.bmp,0,4,1,13,1.8087,1.1971,9.3847,0.9731,3.6128,1.8457,1.9602,2.1555,2.2441,3.5677,3.9049,5.5739,7.2642,9.6854,11.3889,13,13,13,13,13,13,13,13,13,13,13,13,13,13,13
01_13_04_01_0494.bmp,0,4,1,13,1.5944,1.404,8.1235,0.572,3.4804,1.6995,1.8484,2.2916,2.5078,3.2605,4.4741,6.0424,6.8248,9.4925,12.1473,13,13,13,13,13,13,13,13,13,13,13,13,13,13,13
01_13_04_01_0498.bmp,0,4,1,13,0.8166,0.4831,8.888,0.9217,1.2002,1.0982,1.2699,1.6229,2.1911,2.9209,3.7653,5.5715,6.698,9.5925,12.5099,13,13,13,13,13,13,13,13,13,13,13,13,13,13,13
01_13_04_01_0500.bmp,0,4,1,13,1.2495,0.7973,10.7482,0.954,6.8311,1.3172,1.6512,1.8779,2.2925,3.1378,3.5801,5.5956,7.5128,9.5629,12.0892,13,13,13,13,13,13,13,13,13,13,13,13,13,13,13
01_13_04_01_0506.bmp,0,4,1,13,1.5457,1.0876,12.7881,2.1241,11.1501,1.5979,1.9847,2.1339,2.5082,3.2171,4.169,6.5291,7.1703,10.6668,13.7326,13,13,13,13,7,13,13,13,13,13,13,13,13,13,13
01_13_04_01_0510.bmp,0,4,1,13,1.1782,0.9873,12.0569,1.8606,9.8043,1.3269,1.44,1.7885,1.99,3.0854,4.1041,5.312,6.6011,9.45,12.6836,13,13,13,13,13,13,13,13,13,13,13,13,13,13,13
01_13_04_01_0516.bmp,0,4,1,13,3.3525,3.1775,15.7223,4.5914,4.8497,3.4154,3.5524,3.5436,3.7221,3.7446,4.1052,4.8222,6.0118,6.568,8.1925,32,13,42,32,32,32,32,32,32,32,13,13,13,13,12
01_13_04_01_0517.bmp,0,4,1,13,2.8729,2.8103,19.9542,3.5194,3.5178,2.7933,3.2464,3.4503,3.176,2.8752,4.01,4.481,5.0173,6.595,8.7343,32,13,11,32,32,32,32,13,32,13,13,13,13,13,28
01_13_04_01_0519.bmp,0,4,1,13,3.3877,3.2334,17.5274,4.1561,4.7082,3.4384,3.5116,3.3507,3.4149,3.6617,4.1068,5.0761,4.8082,7.133,8.9142,32,13,42,32,32,32,32,32,32,32,13,32,13,13,23
01_13_04_01_0522.bmp,0,4,1,13,4.3692,4.4409,18.4208,5.7288,6.629,4.4466,4.4396,4.4382,4.5186,4.8934,4.7034,4.7584,4.8893,7.6451,7.3957,32,32,42,32,32,32,32,32,32,13,13,13,13,13,37
01_13_04_01_0523.bmp,0,4,1,13,3.1575,3.8698,13.7773,1.1175,5.201,3.2172,3.3762,3.1508,3.5262,3.9192,4.4981,4.8736,6.3258,7.8963,9.088,13,13,13,13,13,13,13,13,13,13,13,13,13,13,40
01_13_04_01_0524.bmp,0,4,1,13,3.9922,4.0094,16.6254,4.7236,6.4348,3.9944,4.0852,3.9033,4.1675,4.0116,4.7069,4.7228,5.568,6.3367,7.7513,13,13,42,13,32,13,32,32,13,13,13,13,13,26,13
01_13_04_01_0531.bmp,0,4,1,13,3.7818,2.8325,14.0587,5.7016,4.6894,3.881,4.0194,4.0001,4.212,4.7006,4.8468,5.5717,5.6232,9.4612,10.2877,13,13,13,32,13,13,13,13,13,13,13,13,13,13,40
01_13_04_01_0536.bmp,0,4,1,13,3.3846,3.6828,15.357,4.2517,5.5011,3.5762,3.6274,3.4466,3.3014,4.2872,3.9721,4.3929,5.7356,6.5901,8.5728,13,13,42,13,32,13,13,13,13,13,13,13,13,13,13
01_13_04_01_0540.bmp,0,4,1,13,3.6368,3.5891,15.7775,3.9047,5.5538,3.6186,3.6191,3.6554,3.5146,4.1636,3.7342,4.1939,5.2631,6.77,6.5937,32,32,42,32,32,32,32,32,32,13,32,13,13,28,40
01_13_04_01_0541.bmp,0,4,1,13,2.4186,1.7478,11.2666,3.5846,6.2979,2.4689,2.6316,2.8352,3.0135,2.9306,3.4806,4.9429,6.9228,7.7364,9.7827,32,13,13,32,32,32,32,32,32,32,32,13,13,13,40
01_13_04_01_0542.bmp,0,4,1,13,3.9256,4.0322,15.3068,4.5177,8.126,3.9469,4.1425,4.2378,4.1341,3.7816,4.369,5.2456,6.6165,7.1996,7.5021,32,32,42,32,32,32,32,32,32,32,32,13,13,13,40
01_13_04_01_0545.bmp,0,4,1,13,2.4443,1.7267,12.6576,3.6166,6.0493,2.392,2.2822,2.5151,2.5968,3.4881,4.1169,4.7469,6.9664,8.5428,9.4497,32,13,13,32,13,32,32,13,13,13,13,13,40,40,40
01_13_04_01_0566.bmp,0,4,1,13,4.4466,4.4229,18.3055,5.8392,6.7591,4.3845,4.4853,4.7026,4.663,4.815,4.9315,5.0136,7.3875,8.5947,9.7649,13,13,42,13,32,13,13,13,13,13,13,13,13,13,13
01_13_04_01_0569.bmp,0,4,1,13,3.4945,2.6712,18.8825,4.3193,4.6392,3.4438,3.4734,3.5983,3.9945,4.2235,4.5,6.1174,6.8946,9.8518,11.7886,15,13,13,15,15,15,15,15,15,13,13,13,13,13,13
01_13_04_01_0570.bmp,0,4,1,13,4.3578,4.6636,16.8904,5.2116,5.6945,4.3727,4.3629,4.6679,4.596,4.5151,5.2346,5.4053,6.2981,7.2306,8.952,13,13,42,13,13,32,13,13,13,13,13,13,13,13,13
01_13_04_01_0572.bmp,0,4,1,13,3.4346,3.7959,14.793,1.8104,6.8826,3.4319,3.4678,3.4434,3.7111,3.4466,3.9651,4.1085,5.3093,6.6927,8.0695,32,32,42,38,13,32,32,32,32,13,13,13,13,13,13
01_13_04_01_0575.bmp,0,4,1,13,4.3648,3.9699,18.3993,4.6509,4.73,4.4007,4.3816,4.9251,4.5569,4.989,5.5923,6.7623,7.9095,9.9957,11.9211,15,13,13,15,15,15,15,15,15,15,15,13,13,40,40
01_13_04_01_0576.bmp,0,4,1,13,3.2082,3.4646,14.1603,2.0428,6.3368,3.2057,3.2724,3.43,3.2331,3.3283,3.951,4.4172,5.7617,7.3681,8.0115,13,13,42,13,13,13,13,13,13,13,13,13,13,13,23
01_13_04_01_0577.bmp,0,4,1,13,4.5355,3.6777,19.893,4.5774,5.4374,4.591,4.4751,4.5246,4.9546,5.457,4.9054,6.4431,7.7551,9.5818,12.8077,15,13,13,15,15,15,15,15,15,15,15,13,13,40,13
01_13_04_01_0584.bmp,0,4,1,13,3.0212,3.3597,14.5524,1.0633,4.2205,3.0344,2.9559,3.0824,3.205,3.2604,4.2235,4.9785,6.0867,6.3835,7.9439,13,13,13,13,13,13,13,13,13,13,13,13,13,13,13
01_13_04_01_0592.bmp,0,4,1,13,2.6557,3.2996,15.4194,0.325,5.7939,2.6186,2.7217,2.8366,3.0552,3.557,3.6355,4.6529,6.0177,7.3251,9.5724,13,13,13,13,13,13,13,13,13,13,13,13,13,13,14
01_13_04_01_0597.bmp,0,4,1,13,2.3572,1.8201,17.1508,2.7658,2.6191,2.2961,2.5385,2.5706,2.8645,3.2241,4.5738,5.2408,7.6474,8.8469,10.8487,13,13,13,13,13,13,13,13,13,13,13,13,13,13,13
01_13_04_01_0601.bmp,0,4,1,13,2.5246,1.8818,19.2489,3.0792,2.7268,2.4977,2.5225,2.92,2.9757,3.6992,4.1394,5.972,7.8445,10.4039,12.1692,13,13,13,13,13,13,13,13,13,13,13,13,13,40,13
01_13_04_01_0604.bmp,0,4,1,13,2.2033,1.6767,15.3714,2.2389,2.2879,2.2236,2.3477,2.9404,2.6439,3.4371,4.1432,5.4525,7.2599,9.8443,12.7474,13,13,13,13,13,13,13,13,13,13,13,13,13,13,13
01_13_04_01_0606.bmp,0,4,1,13,1.8001,1.3382,15.208,2.4526,2.3229,1.8768,1.8711,2.2795,2.5932,3.5388,4.5281,6.5064,8.0746,10.7817,12.9603,13,13,13,13,13,13,13,13,13,13,13,13,13,13,13
01_13_04_01_0607.bmp,0,4,1,13,2.1929,1.6402,15.1784,2.102,2.3484,2.1138,2.3529,2.4427,2.7825,3.0819,4.2442,5.8257,7.371,9.9902,13.0662,13,13,13,13,15,13,13,13,13,13,13,13,13,13,13
01_13_04_01_0611.bmp,0,4,1,13,1.7275,1.2636,12.3247,1.6784,2.548,1.5616,1.9101,1.8819,2.5404,3.1477,3.9731,6.1348,6.8945,10.6298,12.7244,13,13,13,13,13,13,13,13,13,13,13,13,13,13,13
01_13_04_01_0614.bmp,0,4,1,13,1.2801,1.0343,9.478,1.4773,7.1789,1.3114,1.4715,1.624,2.1157,2.9745,3.7202,5.512,6.3774,8.9034,11.6503,13,13,13,13,13,13,13,13,13,13,13,13,13,13,13
01_13_04_01_0616.bmp,0,4,1,13,1.5907,1.1525,8.5103,1.4086,8.6323,1.5892,1.7467,2.0443,2.3117,2.8009,3.505,5.2849,6.7441,9.6916,11.2204,13,13,13,13,13,13,13,13,13,13,13,13,13,13,13
01_13_04_01_0618.bmp,0,4,1,13,1.1762,1.0248,10.3173,1.8871,14.6081,1.3169,1.6546,1.7923,2.4565,3.2925,3.6778,5.5991,6.7785,10.058,13.2966,13,13,13,13,13,13,13,13,13,13,13,13,13,13,13
01_13_04_01_0619.bmp,0,4,1,13,1.539,1.2046,9.6388,1.6819,11.3342,1.767,1.9469,2.1546,2.3093,2.9249,4.5159,5.7389,7.3426,10.9359,13.6962,13,13,13,13,7,13,13,13,13,13,13,13,13,13,13
01_13_04_01_0621.bmp,0,4,1,13,1.6751,1.408,16.5664,1.9586,10.646,1.8151,2.249,2.4874,2.7174,3.3146,4.979,6.8756,8.3288,12.6458,16.7544,13,13,13,13,7,13,13,13,13,13,13,13,13,13,13
01_13_04_01_0623.bmp,0,4,1,13,1.2291,0.9224,13.1707,1.5791,10.6983,1.2808,1.6915,1.7101,2.2763,2.6616,4.0219,5.7961,6.3742,10.0456,12.2576,13,13,13,13,7,13,13,13,13,13,13,13,13,13,13
01_13_04_01_0624.bmp,0,4,1,13,1.791,1.3499,12.8713,1.891,10.4796,1.8303,2.0584,2.2725,2.575,3.0377,4.0755,5.5832,7.629,10.4202,13.2561,13,13,13,13,7,13,13,13,13,13,13,13,13,13,13
01_03_04_02_0003.bmp,0,4,2,9,3.0732,3.6457,19.0339,0.9856,5.4498,3.0333,3.3377,3.2247,3.4356,3.6425,4.1972,4.965,6.467,7.8579,8.6787,15,13,16,41,15,15,15,15,15,15,41,41,13,12,40
01_03_04_02_0008.bmp,0,4,2,9,4.1863,5.1177,22.8793,0.9012,5.9953,4.2799,4.2085,4.1656,4.5087,4.4208,4.7404,5.9327,6.4122,7.9177,8.9463,15,13,41,41,15,15,15,15,15,13,41,41,13,40,13
01_03_04_02_0010.bmp,0,4,2,9,4.0621,5.3642,22.1023,1.0234,6.3173,3.9903,4.2455,4.056,4.4828,4.4251,4.759,6.0516,7.0458,7.7812,10.1491,15,13,41,41,15,15,41,41,41,41,41,41,41,40,40
01_03_04_02_0019.bmp,0,4,2,9,4.3197,4.8687,21.0926,0.8403,8.9884,4.4043,4.4071,4.455,4.4134,4.8262,5.2634,5.8398,7.3682,9.2163,10.571,15,13,41,15,41,15,15,13,15,15,13,41,13,13,40
01_03_04_02_0020.bmp,0,4,2,9,4.5829,5.8443,20.6889,0.9866,6.0043,4.6166,4.7669,4.7711,4.9843,5.1208,5.2236,6.4751,7.4072,8.5262,9.5152,15,13,41,15,15,15,15,15,13,13,13,13,41,40,23
01_03_04_02_0022.bmp,0,4,2,9,4.3551,5.148,19.8792,0.7635,7.8112,4.4873,4.4532,4.4324,4.6164,4.6579,5.3049,6.3051,6.5672,8.4059,9.1461,15,13,13,41,41,15,15,15,15,13,13,41,13,40,40
01_03_04_02_0024.bmp,0,4,2,9,4.3024,5.7409,21.2174,0.6045,5.0707,4.3243,4.4354,4.4888,4.3813,4.7473,4.9446,6.5212,6.505,8.3264,9.7947,15,13,41,41,15,15,15,15,41,41,41,41,13,13,13
01_03_04_02_0026.bmp,0,4,2,9,4.3045,5.1515,23.4647,0.4308,5.0669,4.2585,4.2937,4.5616,4.81,5.2683,5.6883,6.9495,8.0493,10.4916,12.58,15,15,16,8,15,15,15,15,15,15,41,40,13,40,13
01_03_04_02_0027.bmp,0,4,2,9,4.3578,5.2467,22.0558,0.4081,5.6353,4.388,4.4604,4.5542,4.7615,5.0137,5.7367,6.9351,7.9835,9.5215,12.9843,15,15,16,8,15,15,15,15,15,15,41,14,40,40,40
01_03_04_02_0034.bmp,0,4,2,9,3.8821,4.8695,19.8153,0.0,4.6637,3.8006,3.8587,4.0563,4.0249,4.5266,4.7693,5.7178,6.4208,8.0795,9.4699,15,15,41,8,15,15,15,15,15,15,41,4,41,38,40
01_03_04_02_0035.bmp,0,4,2,9,3.499,4.9451,18.4077,0.0,4.7099,3.6322,3.7152,3.7114,3.8965,4.1988,4.8463,5.4987,6.8773,8.135,9.305,15,15,41,8,15,15,15,15,15,15,15,41,41,40,40
01_03_04_02_0037.bmp,0,4,2,9,3.6667,5.1956,17.894,0.0,4.2101,3.6401,3.7017,3.8345,3.8959,4.1765,4.8601,5.5525,6.4645,8.2515,10.0308,15,15,41,6,15,15,15,15,15,15,41,41,4,25,40
01_03_04_02_0038.bmp,0,4,2,9,3.661,4.8246,17.8257,0.0,4.2665,3.5978,3.7925,3.7736,3.9499,4.1886,4.9897,5.674,6.807,7.4788,9.2142,15,15,41,6,15,15,15,15,15,15,41,41,41,40,13
01_03_04_02_0040.bmp,0,4,2,9,3.4966,4.3478,18.5219,0.0,5.2899,3.5617,3.5351,3.4734,3.9215,4.0961,4.6025,5.5292,6.278,7.8785,9.7747,15,15,41,6,15,15,15,15,15,15,41,4,41,23,23
01_03_04_02_0041.bmp,0,4,2,9,3.4832,4.5743,18.2065,0.0,3.9923,3.5657,3.4423,3.5603,3.8013,4.1994,4.2825,5.6762,6.3005,8.447,9.8908,15,15,41,6,15,15,15,15,15,15,13,41,40,23,40
01_03_04_02_0047.bmp,0,4,2,9,3.5612,4.697,16.3015,0.0,4.7691,3.5286,3.6159,3.8622,3.8154,4.2293,4.5315,5.569,6.1004,8.3116,10.1494,15,15,16,6,15,15,15,15,15,15,41,4,41,23,23
01_03_04_02_0048.bmp,0,4,2,9,3.1322,3.6476,16.5091,0.0,3.4256,3.1594,3.0814,3.2469,3.5864,3.9185,4.4524,5.3045,6.6284,8.2243,10.2474,15,15,16,6,15,15,15,15,15,15,15,15,4,24,23
01_03_04_02_0053.bmp,0,4,2,9,3.3303,4.2685,14.9955,0.0,3.5355,3.2489,3.4349,3.4502,3.7621,4.1713,4.5326,5.5163,6.6742,8.0053,10.2185,15,15,16,6,15,15,15,15,15,15,15,4,4,40,40
01_03_04_02_0060.bmp,0,4,2,9,2.5929,4.4506,11.9312,0.0,2.9348,2.6538,2.6577,2.9582,3.0086,3.5193,4.173,5.6837,6.2823,8.4935,10.6405,15,15,8,23,15,15,15,41,15,41,41,41,41,41,13
01_03_04_02_0068.bmp,0,4,2,9,2.5906,4.8067,12.1989,0.196,2.7781,2.6308,2.6781,2.9165,3.0994,3.4779,4.0691,5.5693,6.4498,8.6512,10.424,15,15,41,6,15,15,15,15,15,41,41,41,41,4,13
01_03_04_02_0069.bmp,0,4,2,9,2.4909,4.1718,12.8057,0.196,2.8413,2.5123,2.608,2.7129,3.1507,3.6702,4.0872,5.6735,6.8069,9.1546,10.0189,15,15,9,23,15,15,15,15,15,15,41,41,41,4,13
01_03_04_02_0076.bmp,0,4,2,9,3.1703,5.0122,9.7558,0.196,3.705,3.1972,3.3545,3.3567,3.5176,3.861,4.2284,5.1361,5.8702,7.5938,9.2952,41,9,41,6,41,41,41,41,41,41,41,41,41,41,8
01_03_04_02_0081.bmp,0,4,2,9,3.046,5.1836,8.5878,0.0588,4.3422,3.1158,3.2428,3.2111,3.564,3.8838,4.7736,5.5463,6.8154,9.1972,10.9095,41,9,9,6,41,41,41,41,41,41,41,41,41,25,23
01_06_04_02_0003.bmp,1,4,2,14,3.7444,4.7239,20.0049,1.1264,4.1463,3.7683,3.6936,3.9575,3.7759,4.1077,4.5112,4.2893,5.7182,6.106,7.647,14,13,13,19,14,14,14,14,14,13,14,14,26,25,25
01_06_04_02_0005.bmp,0,4,2,14,3.4908,6.7758,19.7308,0.0,3.533,3.4821,3.5742,3.6367,4.0603,3.7736,4.755,5.5467,6.1158,7.8963,9.9206,25,25,40,19,25,25,25,25,25,25,25,25,25,23,23
01_06_04_02_0005.bmp,1,4,2,14,2.7744,3.6955,18.4394,0.7483,2.9306,2.7971,2.8669,2.744,3.0622,3.1117,4.0813,4.3465,4.8887,6.2855,7.149,14,13,25,19,14,14,14,14,14,14,14,14,13,1,25
01_06_04_02_0006.bmp,0,4,2,14,3.2367,6.156,14.5203,0.0,3.3573,3.3236,3.2857,3.4265,3.5654,4.2935,4.4235,5.3176,5.808,7.8368,9.6551,14,14,25,19,14,14,25,25,25,25,25,25,25,25,25
01_06_04_02_0006.bmp,1,4,2,14,3.2375,4.7427,22.2788,1.2029,3.4196,3.2843,3.3272,3.5278,3.802,4.163,4.2748,5.3968,5.9002,7.7074,9.3002,14,14,25,25,14,14,14,14,14,14,25,25,14,25,23
01_06_04_02_0007.bmp,1,4,2,14,4.1594,5.5679,22.8629,1.2048,4.1788,4.2322,4.0705,4.2123,4.2947,4.4736,4.4116,5.3148,6.148,7.281,9.5635,14,14,25,25,14,14,14,14,14,14,14,14,14,14,23
01_06_04_02_0008.bmp,1,4,2,14,3.7467,5.5061,23.0649,0.8279,3.9009,3.7736,3.9944,4.0134,4.0899,4.159,4.8209,5.4771,5.6505,6.9955,9.81,14,14,25,25,14,14,14,14,14,14,14,14,14,25,25
01_06_04_02_0009.bmp,1,4,2,14,3.7497,5.9068,19.6135,0.8919,4.0362,3.8122,3.7356,3.9067,3.929,4.5675,4.8481,5.3394,5.6697,6.9526,8.4597,14,14,25,25,14,14,14,14,14,14,14,14,14,25,25
01_06_04_02_0013.bmp,1,4,2,14,3.7102,6.026,21.6389,0.8139,3.817,3.8084,3.8217,3.8857,3.9702,4.0149,4.7336,5.2263,5.854,6.475,9.5325,14,14,25,25,14,14,14,14,14,14,14,14,14,25,25
01_06_04_02_0015.bmp,1,4,2,14,3.4426,5.253,21.9465,0.9253,3.8119,3.4107,3.6423,3.6299,3.6033,4.3409,4.2485,5.4371,5.6864,7.7439,10.2459,14,25,25,25,14,14,25,14,25,14,14,25,14,25,23
01_06_04_02_0016.bmp,0,4,2,14,1.4809,3.5685,5.0959,0.0,1.4142,1.4153,1.4989,1.9864,2.2451,3.1161,3.6658,4.236,5.9402,7.3611,9.3856,14,14,14,13,14,14,14,14,14,14,14,25,25,25,25
01_06_04_02_0016.bmp,1,4,2,14,3.1955,5.7218,17.5383,1.1214,3.2285,3.2459,3.4975,3.4932,3.6402,4.1569,4.4261,4.6885,6.3571,8.2187,9.1708,14,14,25,25,14,14,14,14,14,14,14,14,14,25,23
01_06_04_02_0020.bmp,1,4,2,14,2.9004,5.1446,19.9474,0.7207,3.1968,2.9907,3.0624,3.076,3.2724,4.1376,4.6064,5.3872,5.7962,9.1324,8.6468,14,14,25,25,14,14,14,14,14,14,14,14,25,25,23
01_06_04_02_0021.bmp,0,4,2,14,1.4835,4.0391,4.8434,0.0,1.6999,1.5589,1.5598,1.944,2.5131,3.0136,3.7526,5.197,6.1362,7.5507,9.4395,14,14,14,25,14,14,14,14,14,14,14,25,24,25,25
01_06_04_02_0022.bmp,0,4,2,14,1.6737,4.5572,4.7383,0.0,1.8249,1.7125,1.9731,2.0644,2.2648,3.2331,3.8294,4.6702,6.0232,7.995,9.6659,14,14,14,13,14,14,14,14,14,14,25,14,25,25,25
01_06_04_02_0026.bmp,0,4,2,14,1.0618,3.6157,3.1438,0.0,1.0969,1.1972,1.4015,1.6199,1.9799,2.3917,3.0057,4.1613,5.4112,7.3075,9.2551,14,14,14,13,14,14,14,14,14,14,14,14,25,13,25
01_06_04_02_0027.bmp,0,4,2,14,1.1032,3.1819,3.0811,0.0,1.1751,1.1633,1.3154,1.6395,1.8845,2.5796,2.8135,3.6956,5.1167,6.7156,9.2972,14,14,14,19,14,14,14,14,14,14,14,14,25,25,25
01_06_04_02_0028.bmp,0,4,2,14,1.0498,3.9394,2.9065,0.0,1.0323,1.1475,1.3651,1.6289,2.0068,2.4552,3.3651,4.744,5.0543,6.7647,9.6073,14,14,14,19,14,14,14,14,14,14,14,25,25,25,25
01_06_04_02_0030.bmp,0,4,2,14,0.953,3.3079,2.4825,0.0,1.1061,1.0254,1.3068,1.7133,2.0244,2.331,3.3633,4.1861,5.6128,7.6905,9.17,14,14,25,19,14,14,14,14,14,14,14,25,25,25,25
01_06_04_02_0031.bmp,0,4,2,14,1.4579,3.9897,2.707,0.0,1.5845,1.5787,1.7458,1.796,2.1404,2.6017,3.1623,4.7914,5.1016,7.0391,9.1473,14,14,14,8,14,14,14,14,14,14,14,25,25,25,25
01_06_04_02_0032.bmp,1,4,2,14,2.5833,3.5061,16.0928,0.0,3.2666,2.5932,2.5672,2.5965,2.8369,3.1557,3.503,3.9612,4.2557,6.5458,6.6225,17,13,16,19,17,17,17,17,17,17,9,9,7,7,7
01_06_04_02_0033.bmp,0,4,2,14,0.9261,2.916,2.2395,0.0,1.0872,1.1314,1.3277,1.5391,1.943,2.4102,3.2067,4.7653,5.6251,7.4586,8.9882,14,14,25,5,14,14,14,14,14,14,14,25,25,25,25
01_06_04_02_0034.bmp,0,4,2,14,0.744,2.6016,1.8669,0.0,0.8908,0.9997,1.2649,1.5011,1.9863,2.3923,3.1795,4.4937,4.9973,7.3881,9.513,14,14,14,5,14,14,14,14,14,14,25,25,25,25,25
01_06_04_02_0035.bmp,1,4,2,14,1.9938,3.2254,17.0276,0.0,2.0578,2.003,2.1504,2.1751,2.2211,2.8267,3.3707,3.9889,4.5338,5.1943,6.8642,17,17,16,19,17,17,17,17,17,17,25,9,8,25,38
01_06_04_02_0037.bmp,1,4,2,14,2.0539,3.022,15.7288,0.0,2.2106,2.0031,2.153,2.3064,2.2278,2.402,2.8526,3.7447,4.6812,5.6356,6.3418,17,17,42,19,17,17,17,3,17,1,7,7,23,7,23
01_06_04_02_0039.bmp,0,4,2,14,0.9666,3.4243,2.252,0.0,0.9195,1.0984,1.2337,1.5618,1.6957,2.2878,2.7608,3.7182,5.0379,6.6057,9.1893,14,14,25,4,14,14,14,14,14,14,25,25,25,25,25
01_06_04_02_0040.bmp,1,4,2,14,2.4868,4.1079,17.9851,0.0,2.6274,2.5462,2.6516,2.7704,2.8298,3.476,3.2858,4.5535,5.1806,6.4567,7.4747,3,13,42,19,3,3,3,14,14,3,14,7,25,9,9
01_06_04_02_0043.bmp,1,4,2,14,1.6398,2.6127,17.0026,0.0,1.7568,1.63,1.8084,1.8745,2.1361,2.6394,2.898,3.6883,4.0817,5.955,6.8988,8,15,11,19,8,8,8,8,17,17,8,7,2,25,38
01_06_04_02_0044.bmp,1,4,2,14,2.1312,3.6996,21.8084,0.0,2.2,2.1146,2.301,2.1926,2.4013,2.6499,2.7692,3.5757,4.6104,6.2144,6.569,17,17,42,19,17,17,17,17,14,14,3,25,23,23,23
01_06_04_02_0046.bmp,0,4,2,14,1.9032,3.4395,15.048,0.0,2.0203,1.9851,1.9337,2.2599,2.5263,2.5009,2.8725,4.0024,4.6167,5.6471,6.8852,17,17,16,19,17,17,17,17,17,8,25,25,23,23,7
01_06_04_02_0047.bmp,0,4,2,14,1.9221,3.788,21.5089,0.0,2.008,2.066,2.0789,2.1876,2.411,2.6352,2.8298,3.9646,4.7894,5.8168,6.739,17,17,16,19,17,17,17,17,17,17,25,25,23,13,23
01_06_04_02_0048.bmp,0,4,2,14,1.9493,3.822,14.4094,0.0,1.9657,2.0088,2.0983,2.1119,2.2288,2.8936,2.7911,3.7238,4.809,6.163,7.3648,26,41,16,19,41,26,14,26,26,26,26,25,25,8,23
01_06_04_02_0049.bmp,0,4,2,14,2.2487,4.2797,14.5386,0.0,2.4884,2.3554,2.3789,2.5268,2.5641,2.7956,3.4765,3.887,4.6502,6.2787,8.0326,17,13,42,19,17,17,17,17,17,25,25,25,25,23,23
01_06_04_02_0050.bmp,0,4,2,14,1.7244,2.8475,12.3573,0.0,1.8164,1.7195,1.8257,2.0096,2.3413,2.7534,2.9312,4.2816,4.7574,6.0005,7.3865,17,15,16,19,17,17,8,3,17,9,25,25,23,25,23
01_06_04_02_0051.bmp,0,4,2,14,2.2686,4.2141,15.7261,0.0,2.411,2.4148,2.5633,2.7249,3.0406,3.7998,4.4088,5.6084,6.765,8.2827,10.2982,8,14,25,19,8,8,8,8,25,25,8,25,23,23,25
01_06_04_02_0055.bmp,0,4,2,14,2.2968,4.1194,13.167,0.0,2.334,2.369,2.3637,2.7431,2.6221,3.0272,3.5833,4.2664,5.1739,7.6943,7.7073,14,14,25,19,14,14,14,14,14,14,25,25,25,13,25
01_06_04_02_0056.bmp,0,4,2,14,1.8304,3.5113,11.7578,0.0,1.8621,1.7886,2.0444,2.2617,2.308,2.9543,3.396,4.3812,5.1597,6.2379,8.1915,14,14,8,19,14,14,14,14,14,25,25,25,25,25,23
01_06_04_02_0066.bmp,0,4,2,14,3.0728,6.366,9.9749,0.0,3.1756,3.2551,3.2029,3.1857,3.539,3.8495,4.1236,4.789,5.8727,6.8714,9.4302,14,14,25,19,14,14,14,14,14,25,25,25,25,25,13
01_06_04_02_0068.bmp,0,4,2,14,2.8361,5.9358,8.6699,0.0,3.008,2.7644,2.9034,2.9783,3.2068,3.6183,3.9791,5.0217,5.5348,7.7656,9.2895,14,14,25,19,25,25,25,25,25,25,25,25,25,23,23
01_06_04_02_0076.bmp,0,4,2,14,2.0684,5.7008,6.179,0.0,2.1182,2.1033,2.1334,2.5348,2.5066,3.1089,3.1919,4.0578,5.2879,6.7311,8.7512,14,14,25,19,14,14,14,14,14,14,25,25,25,25,13
01_06_04_02_0082.bmp,0,4,2,14,1.2843,4.2473,3.5483,0.0,1.2378,1.2487,1.5209,1.6458,1.9807,2.5053,3.0476,4.4025,5.0622,7.3923,9.1276,14,14,25,19,14,14,14,14,14,25,25,25,25,25,13
01_06_04_02_0085.bmp,0,4,2,14,0.7859,2.1744,3.0185,0.0,1.0837,0.9201,1.2066,1.6383,1.7083,2.2127,2.8964,3.7202,4.8026,6.5711,7.7688,8,17,8,19,8,8,8,8,8,8,8,25,25,25,23
01_06_04_02_0086.bmp,0,4,2,14,3.7885,5.623,14.6781,0.0,3.492,3.8087,3.8139,3.9819,3.8373,4.234,5.1954,5.4956,7.0131,8.1924,10.4843,17,17,16,19,17,17,17,17,17,17,17,10,8,23,23
01_06_04_02_0089.bmp,0,4,2,14,0.5516,2.2819,2.6414,0.0,0.9569,0.7669,1.0592,1.5405,1.6781,2.0022,2.5375,3.6677,4.7826,6.7341,8.4681,8,17,8,23,8,8,8,8,8,8,8,8,38,23,38
01_11_04_02_0007.bmp,0,4,2,12,4.1594,4.6417,20.3906,3.7618,5.2042,4.1894,4.1966,4.3076,4.2661,4.4642,4.3745,4.7267,4.9078,6.9893,7.2771,13,13,11,11,1,13,13,13,13,13,13,13,10,2,7
01_11_04_02_0012.bmp,0,4,2,12,3.5154,3.9512,17.8118,2.0079,5.7396,3.4944,3.6264,3.4891,3.5693,3.8904,3.6102,4.8629,5.562,6.9904,8.22,13,36,11,1,13,13,13,13,13,13,13,13,13,13,40
01_11_04_02_0017.bmp,0,4,2,12,1.9135,2.8862,20.4501,0.0,2.4629,1.7894,2.0531,2.2012,2.2887,3.008,3.3514,4.6643,5.472,7.3446,8.0792,18,18,11,11,18,18,18,18,13,1,18,26,13,13,40
01_11_04_02_0019.bmp,0,4,2,12,3.0816,4.5119,20.9965,0.5455,3.9789,3.1442,3.3125,3.3573,3.2933,3.8049,5.1181,5.9045,5.976,7.7164,9.0358,13,18,11,11,1,13,13,1,13,13,13,13,34,23,13
01_11_04_02_0023.bmp,0,4,2,12,4.2837,5.5245,23.4853,1.0441,5.3273,4.3195,4.3551,4.4528,4.6327,5.2992,5.4473,5.763,6.4005,8.1138,9.711,1,17,11,11,1,1,1,1,1,1,1,11,26,23,2
01_11_04_02_0028.bmp,0,4,2,12,4.7571,6.0588,22.2763,1.3694,5.7811,4.9214,4.8144,4.9582,4.7054,4.814,5.2857,6.2344,6.7891,9.1177,9.6887,1,13,11,11,1,11,11,13,13,11,26,26,13,40,40
01_11_04_02_0031.bmp,0,4,2,12,3.1811,5.1846,25.33,0.2186,4.1126,3.1704,3.296,3.5545,3.3783,4.5426,4.7023,5.8847,6.2194,8.5838,9.5528,1,18,11,11,1,1,1,1,1,1,1,26,37,13,23
01_11_04_02_0032.bmp,0,4,2,12,3.9446,5.4347,26.3398,0.3375,4.4714,3.922,3.968,3.9097,4.2408,4.3637,4.944,6.5874,6.66,7.9092,9.554,1,1,11,11,1,1,1,1,1,1,1,1,13,19,13
01_11_04_02_0033.bmp,0,4,2,12,3.5935,5.4259,25.9494,0.3766,4.2808,3.6697,3.9353,3.8981,4.2643,4.6383,4.836,5.6019,6.6726,8.8899,10.6376,1,18,11,37,1,1,1,13,1,18,18,1,13,13,13
01_11_04_02_0034.bmp,0,4,2,12,3.2927,5.2987,23.9867,0.196,3.731,3.4106,3.53,3.804,3.9403,4.1411,4.411,5.584,6.9949,8.1464,9.8805,1,18,11,13,1,1,18,1,1,13,1,13,13,23,23
01_11_04_02_0036.bmp,0,4,2,12,3.2253,5.7625,22.4696,0.0,3.6251,3.2121,3.3414,3.7284,3.8251,4.5991,5.4471,6.5689,8.5266,9.633,12.3816,1,1,11,26,1,1,1,1,1,1,1,1,13,13,13
01_11_04_02_0038.bmp,0,4,2,12,3.6435,6.2688,22.0046,0.196,3.983,3.6253,3.8329,3.7776,3.9135,4.1659,4.7007,5.2957,6.7743,8.6868,9.184,1,1,42,37,1,1,1,1,1,1,1,1,1,13,13
01_11_04_02_0040.bmp,0,4,2,12,3.5125,5.8495,19.2711,0.0,3.8731,3.4994,3.623,3.7219,3.6772,4.0521,5.1467,5.2113,6.4097,8.0561,9.7427,1,1,11,26,1,1,1,1,1,1,1,1,37,26,23
01_11_04_02_0050.bmp,0,4,2,12,3.2517,6.1533,16.4921,0.0,3.9728,3.3877,3.4788,3.5372,3.7041,4.3658,4.7031,5.5133,5.9515,7.9618,9.8269,26,1,11,26,15,26,26,26,26,26,26,26,26,13,13
01_11_04_02_0051.bmp,0,4,2,12,3.5627,6.0073,16.635,0.0,4.2454,3.6291,3.5754,3.6635,3.7481,4.229,4.799,5.5679,6.1782,8.1554,9.9596,26,1,11,26,26,26,26,26,1,1,26,26,1,13,13
01_11_04_02_0052.bmp,0,4,2,12,3.8415,6.4301,16.085,0.0,4.7418,3.8456,3.8513,3.9206,4.0649,4.357,4.8063,6.0151,6.1288,8.5965,10.6975,1,1,1,26,15,1,1,1,1,15,1,1,1,13,19
01_11_04_02_0053.bmp,0,4,2,12,3.9598,6.6699,17.1811,0.0,5.223,4.0222,4.0067,4.1266,4.2888,4.5686,5.2304,5.5792,6.4882,8.5926,9.7016,1,1,1,26,1,1,1,1,1,1,1,15,1,13,13
01_11_04_02_0055.bmp,0,4,2,12,3.852,6.5236,17.2975,0.0,5.4619,4.0275,4.0019,4.1524,4.2287,4.574,4.755,5.6066,6.5101,8.3361,10.5463,1,1,1,13,1,1,1,1,1,1,1,1,1,28,13
01_11_04_02_0061.bmp,0,4,2,12,4.0956,6.2276,13.6572,0.2186,4.4212,4.0541,4.2741,4.1052,4.3414,4.5253,5.0304,6.0841,6.6077,9.1055,10.303,15,1,1,26,15,15,15,15,15,15,15,15,13,13,13
01_11_04_02_0064.bmp,0,4,2,12,3.6705,6.6459,10.2508,0.0,4.9506,3.6333,3.7394,4.0415,4.0188,4.5744,4.569,5.5524,6.0573,8.6979,10.6998,15,1,1,26,15,15,15,15,15,15,15,13,15,13,13
01_11_04_02_0067.bmp,0,4,2,12,3.5447,5.3062,10.0388,0.196,4.1318,3.5526,3.7936,3.625,3.7667,4.0177,5.0108,5.9691,6.6288,8.4899,11.1798,15,26,26,26,15,15,15,15,15,15,26,15,13,13,13
01_11_04_02_0068.bmp,0,4,2,12,3.5188,5.9222,9.1396,0.2186,4.0493,3.5008,3.4923,3.8484,3.8621,4.3955,4.731,5.6161,7.042,8.2372,11.4506,15,1,15,26,15,15,15,15,15,15,26,15,26,13,13
01_12_04_02_0001.bmp,1,4,2,17,0.9808,1.5546,17.206,0.0,1.6852,1.0096,1.2738,1.2768,1.3274,1.6951,2.1492,2.7992,3.046,4.5315,5.5784,32,31,11,19,20,8,8,8,8,28,14,7,13,7,7
01_12_04_02_0003.bmp,1,4,2,17,0.6981,0.9378,17.9311,0.0,1.0051,0.7496,0.8944,0.7652,1.1714,1.4321,1.8553,2.8677,3.3148,3.939,4.9945,29,31,42,19,17,29,29,32,29,8,25,25,13,7,7
01_12_04_02_0008.bmp,0,4,2,17,1.7468,4.9748,18.3706,0.0,1.8712,1.8369,1.8199,2.2071,2.0513,2.7183,2.7982,3.7505,4.5487,5.7209,7.016,17,17,17,17,17,17,17,17,17,17,17,17,14,23,25
01_12_04_02_0009.bmp,1,4,2,17,0.8986,1.3468,17.6356,0.0,1.306,1.0208,1.0461,1.0199,1.4952,1.236,1.7651,2.3124,3.4993,4.1297,5.9156,29,31,42,19,29,29,29,29,29,5,25,23,25,25,7
01_12_04_02_0010.bmp,0,4,2,17,1.6671,4.6306,15.1358,0.0,1.6545,1.597,1.9396,1.9298,2.0965,2.6405,2.8826,3.8775,4.1807,6.0685,8.0119,17,17,17,17,17,17,17,17,17,17,17,17,17,14,25
01_12_04_02_0010.bmp,1,4,2,17,0.7343,0.9345,15.7169,0.0,1.1154,0.6783,0.8986,1.1314,1.1443,1.726,2.1544,2.6145,3.3395,4.1613,5.252,29,31,1,19,29,29,29,29,29,7,14,25,23,13,7
01_12_04_02_0011.bmp,0,4,2,17,1.8719,4.9581,14.1876,0.0,1.9203,1.791,2.0029,2.2459,2.2011,2.8487,2.871,3.8974,4.4466,6.5471,7.088,17,17,17,17,17,17,17,17,17,17,17,17,14,14,25
01_12_04_02_0012.bmp,0,4,2,17,1.9475,5.0356,14.1952,0.0,1.9859,2.049,1.942,2.0269,2.329,2.9456,2.8388,4.1248,4.1721,6.1595,7.5876,17,17,17,16,17,17,17,17,17,17,17,17,14,23,25
01_12_04_02_0012.bmp,1,4,2,17,0.5851,0.8082,15.1106,0.0,1.1092,0.6765,0.9381,0.9162,1.2329,1.5217,2.0802,2.3839,2.8511,4.6751,5.1028,17,31,9,19,29,17,32,17,17,13,26,28,28,7,13
01_12_04_02_0015.bmp,1,4,2,17,0.5851,0.7938,15.4823,0.0,0.8375,0.6943,0.9157,0.933,1.101,1.4413,1.9137,2.6178,3.332,5.0353,6.6769,29,31,12,19,29,29,29,29,29,14,29,1,14,7,7
01_12_04_02_0017.bmp,0,4,2,17,1.3607,4.7462,17.7756,0.0,1.3665,1.3294,1.5238,1.6918,1.7955,2.2687,3.1026,3.7043,4.5605,6.3696,7.5598,17,17,17,8,17,17,17,17,17,17,17,17,14,14,23
01_12_04_02_0018.bmp,0,4,2,17,1.4827,4.2191,15.8409,0.0,1.5055,1.4455,1.7226,1.7924,1.9161,2.3166,2.7342,3.7793,4.3267,6.2723,8.1751,17,17,17,17,17,17,17,17,17,17,17,17,14,14,23
01_12_04_02_0020.bmp,1,4,2,17,0.7869,0.9706,15.5272,0.0,1.2321,0.8528,0.8434,1.0208,1.354,1.6257,1.7013,2.7977,3.289,4.56,6.1127,29,36,12,19,14,29,29,29,29,14,14,14,25,7,7
01_12_04_02_0021.bmp,1,4,2,17,0.8827,1.1594,17.6388,0.0,1.6817,0.88,1.1433,1.2329,1.2066,1.2337,1.9035,2.8697,3.0335,4.663,5.9378,29,36,11,19,29,29,29,29,29,1,1,1,14,13,23
01_12_04_02_0023.bmp,0,4,2,17,1.7144,5.1841,12.13,0.0,2.0197,1.7384,1.9087,1.9788,2.2999,2.6629,2.916,3.642,4.1939,6.4807,7.8864,17,17,17,19,17,17,17,17,17,17,17,17,17,17,23
01_12_04_02_0024.bmp,0,4,2,17,1.6089,4.6071,11.4533,0.0,1.7214,1.679,1.6369,1.9954,2.0161,2.4639,2.8975,3.8747,4.2232,6.2982,7.8969,17,17,17,19,17,17,17,17,17,17,17,17,17,25,23
01_12_04_02_0025.bmp,1,4,2,17,0.7419,0.938,15.4205,0.0,1.347,0.7781,0.9847,0.9666,1.4142,1.4976,1.9633,2.8334,3.9398,5.5154,5.7231,17,36,25,19,17,17,17,17,17,17,17,26,7,7,28
01_12_04_02_0029.bmp,1,4,2,17,0.9951,1.266,14.074,0.4081,1.6492,0.9529,1.0763,1.2649,1.28,1.7352,2.0723,2.6406,2.8654,4.4967,5.4963,29,36,13,19,14,29,29,29,29,14,14,1,14,14,23
01_12_04_02_0030.bmp,1,4,2,17,0.8644,1.0936,14.2621,0.3666,1.4422,0.8012,0.9946,1.2238,1.1314,1.6879,2.3324,2.9131,3.0175,3.8464,6.4693,29,36,12,19,14,29,29,29,14,17,9,1,13,13,23
01_12_04_02_0031.bmp,0,4,2,17,0.7684,1.6129,2.7656,0.0,0.9432,0.9381,1.1565,1.4667,1.8116,2.421,3.1314,4.0553,5.3777,7.0236,8.4919,17,17,17,19,17,17,17,17,17,14,14,8,23,23,13
01_12_04_02_0031.bmp,1,4,2,17,1.0592,1.4142,15.4087,0.0,1.7562,1.0341,1.1517,1.2649,1.3363,1.6578,2.2441,2.8345,2.9611,5.1215,5.9614,17,15,16,19,17,17,17,17,29,17,17,14,13,28,7
01_12_04_02_0034.bmp,1,4,2,17,0.6382,0.8281,14.0429,0.0,0.9798,0.6645,0.8944,1.0768,0.9847,1.5498,1.8962,2.5626,2.829,4.0836,5.9893,29,15,12,19,17,29,29,29,29,14,14,14,14,14,7
01_12_04_02_0035.bmp,1,4,2,17,0.6273,0.7027,18.1146,0.0,0.9797,0.6524,0.828,0.9504,1.3241,1.3954,1.7024,3.0766,3.363,4.8893,4.858,29,31,16,19,14,29,29,29,29,29,29,28,14,13,28
01_12_04_02_0037.bmp,0,4,2,17,0.3441,0.9524,1.4746,0.0,0.7756,0.6499,0.96,1.3013,1.7441,2.348,2.7847,3.623,4.7687,6.3877,8.0548,17,17,17,19,17,17,17,17,17,17,17,14,23,25,25
01_12_04_02_0042.bmp,1,4,2,17,0.8445,1.0178,14.2636,0.2713,1.208,1.01,1.2008,1.2961,1.3709,1.4843,2.0424,2.921,3.7871,4.607,4.8189,17,15,17,19,17,17,17,17,14,17,14,14,14,14,13
01_12_04_02_0046.bmp,0,4,2,17,0.9659,1.2029,16.635,0.4665,1.1724,1.0789,1.0955,1.2438,1.3539,1.7915,2.4459,2.9712,3.2881,5.5576,4.8432,17,15,26,8,17,17,17,17,17,17,17,14,14,14,13
01_12_04_02_0048.bmp,0,4,2,17,0.9194,1.1899,13.2193,0.325,1.0998,0.9396,1.0786,1.3051,1.5044,2.032,1.9655,3.0746,3.5191,4.2259,5.7278,17,15,17,8,17,17,17,17,17,29,17,13,28,25,13
01_12_04_02_0055.bmp,0,4,2,17,0.7206,0.9803,14.2918,0.0,1.1444,0.8919,1.0874,1.1231,1.5513,1.6884,2.0272,2.6687,3.2899,4.7293,5.7965,17,15,18,19,17,17,17,17,17,17,29,17,14,26,7
01_12_04_02_0062.bmp,0,4,2,17,1.4497,1.8666,13.3251,0.6524,1.4444,1.494,1.7279,1.8068,1.8974,2.6554,3.2543,3.7536,4.396,7.0187,8.6235,17,17,17,17,17,17,17,17,17,17,17,17,14,26,25
01_12_04_02_0064.bmp,0,4,2,17,1.798,2.7815,15.0066,0.4665,1.8904,1.8362,1.9061,2.1594,2.2659,2.8357,3.5421,3.8413,4.6176,6.5418,7.7595,17,17,17,17,17,17,17,17,17,17,17,17,17,23,22
01_12_04_02_0065.bmp,0,4,2,17,1.7974,2.7875,14.0981,0.48,2.4572,1.8609,1.8787,2.0364,2.283,2.7329,3.1138,4.6286,5.0928,6.4366,8.6263,17,17,17,17,17,17,17,17,17,17,17,17,26,26,23
01_12_04_02_0067.bmp,0,4,2,17,1.3892,2.1299,18.0702,0.48,1.7189,1.4615,1.8579,1.9928,2.3158,2.5823,3.3694,4.6852,5.8687,7.415,8.9991,17,17,17,8,17,17,17,17,17,17,17,14,23,14,23
01_12_04_02_0071.bmp,0,4,2,17,1.6124,2.3933,15.238,0.0,2.1572,1.624,1.7364,1.8391,1.8972,2.7887,3.0691,3.9947,4.7935,6.6896,7.7856,17,17,26,17,17,17,17,17,17,17,26,14,14,25,14
01_12_04_02_0080.bmp,0,4,2,17,1.2622,1.7007,13.2928,0.6053,1.4429,1.3023,1.5733,2.0983,2.0632,2.6521,3.3945,4.7293,6.3112,7.7902,8.8157,17,17,17,17,17,17,17,17,17,17,17,17,14,23,23
01_12_04_02_0081.bmp,0,4,2,17,1.4805,1.8644,14.8395,0.4899,1.668,1.603,1.4851,2.174,2.2097,2.7173,3.4367,5.0312,5.3311,7.9829,9.7989,17,17,14,17,17,17,17,17,17,17,17,17,17,14,25
01_12_04_02_0085.bmp,0,4,2,17,1.2329,1.6416,12.85,0.0,1.6733,1.3208,1.5748,1.8042,1.9904,2.4434,3.2169,5.1144,5.2469,7.4009,9.5587,17,17,17,8,17,17,17,17,17,17,17,17,14,23,23
01_12_04_02_0086.bmp,0,4,2,17,1.1662,1.5575,12.6153,0.0,1.5889,1.2862,1.4152,1.7639,2.0219,2.588,3.3819,4.5771,5.7899,7.1568,9.0635,17,17,17,17,17,17,17,17,17,17,17,17,17,23,23
01_12_04_02_0092.bmp,0,4,2,17,1.9759,4.618,14.6283,0.9536,2.1434,2.033,2.11,2.3584,2.5636,2.8827,3.44,4.8081,5.7472,7.4822,9.1445,17,17,17,17,17,17,17,17,17,17,17,17,14,25,23
01_12_04_02_0094.bmp,0,4,2,17,1.7226,3.7093,13.5653,1.1496,1.8663,1.755,1.8715,2.1779,2.3152,2.6922,3.6252,4.3778,5.6585,7.7258,8.2972,17,17,26,17,17,17,17,17,17,17,17,17,26,14,23
01_12_04_02_0095.bmp,0,4,2,17,1.875,3.9421,16.5592,1.0618,2.0519,2.0054,2.1247,2.1204,2.5033,3.1126,3.5257,4.3847,5.2206,6.9622,8.8298,17,17,17,17,17,17,17,17,17,17,17,14,14,23,25
01_12_04_02_0098.bmp,0,4,2,17,2.039,4.1415,13.2341,1.0389,2.3715,2.1515,2.2423,2.7308,2.6554,3.1995,3.7443,5.0839,5.8431,7.7075,10.2502,17,17,17,17,17,17,17,17,17,17,17,14,14,23,14
01_12_04_02_0101.bmp,0,4,2,17,1.4992,5.7905,17.0885,1.3937,1.6233,1.5268,1.7195,1.9722,2.3158,2.6419,3.0306,4.0248,5.3716,7.842,8.3383,17,17,17,17,17,17,17,17,17,17,17,17,17,14,38
01_12_04_02_0110.bmp,0,4,2,17,1.0208,3.2778,6.4395,0.7756,1.0021,1.106,1.3261,1.632,1.926,2.3915,3.1002,4.0252,5.2552,7.2239,8.9338,17,17,17,17,17,17,17,17,17,17,17,17,14,14,14
01_12_04_02_0111.bmp,0,4,2,17,1.0151,3.0811,6.2867,0.7859,0.9666,1.1482,1.299,1.5903,1.8639,2.4335,2.8298,3.6307,4.4569,6.79,9.086,17,17,17,17,17,17,17,17,17,17,17,17,14,14,23
01_12_04_02_0112.bmp,0,4,2,17,0.9452,3.2085,6.7105,0.8145,0.9195,1.0234,1.3565,1.4736,1.7695,2.5095,3.1388,4.012,5.1499,6.8717,9.5886,17,17,17,17,17,17,17,17,17,17,17,17,14,14,25
01_12_04_02_0116.bmp,0,4,2,17,0.6499,2.1872,3.2756,0.0,0.6974,0.8497,1.0245,1.3354,1.5641,2.1386,2.7705,4.0789,4.4698,7.0348,9.1004,17,17,17,19,17,17,17,17,17,17,17,17,14,14,25
01_13_04_02_0002.bmp,1,4,2,13,1.058,0.809,14.4004,1.4703,2.5873,1.1007,1.2986,1.7336,2.1306,2.8656,3.4328,4.5751,6.4327,9.3095,12.1538,15,13,2,15,15,15,13,13,13,13,13,13,13,13,13
01_13_04_02_0003.bmp,0,4,2,13,2.5802,2.8508,18.0858,2.0877,3.6197,2.5491,2.8675,2.7012,2.7486,3.7812,3.1586,4.0747,4.509,7.5159,6.4126,13,13,42,13,13,13,13,13,13,13,13,13,13,13,40
01_13_04_02_0004.bmp,0,4,2,13,2.9552,3.1919,17.6397,2.3621,3.6773,2.9701,3.0197,3.1128,2.8939,3.2797,3.5338,4.7444,4.7042,5.4508,6.2318,32,32,42,13,32,32,13,32,13,13,13,13,13,34,34
01_13_04_02_0005.bmp,1,4,2,13,1.3495,1.0785,16.4501,1.9423,3.2182,1.4392,1.6806,1.7717,2.2315,3.1797,4.2946,5.1182,6.3195,8.9102,10.9241,13,13,13,15,13,13,13,13,13,13,13,13,13,13,40
01_13_04_02_0006.bmp,0,4,2,13,2.3828,2.5675,17.1512,1.2036,3.4135,2.48,2.6457,2.5604,2.564,2.8977,2.9567,3.7411,5.1096,6.755,7.1006,13,13,13,13,13,13,13,13,13,13,12,13,13,23,13
01_13_04_02_0008.bmp,0,4,2,13,2.7765,3.1452,17.6505,0.483,3.4572,2.7721,2.8473,2.8697,2.7655,3.5177,3.2249,3.7712,4.2447,6.7096,8.1805,32,32,42,13,13,13,32,13,13,13,13,13,13,13,23
01_13_04_02_0009.bmp,0,4,2,13,2.4602,2.5874,18.0864,0.8502,4.4454,2.4165,2.4581,2.5459,2.8994,2.9285,3.3492,3.8376,4.8373,6.1658,6.9164,13,32,42,13,32,13,13,13,13,13,13,13,13,13,40
01_13_04_02_0011.bmp,0,4,2,13,2.071,2.3193,16.2849,0.0,2.6351,2.0247,2.0869,2.0531,2.506,2.3518,2.8543,4.0381,4.5192,6.1956,7.1107,13,32,42,13,13,13,13,13,13,13,13,13,13,13,13
01_13_04_02_0011.bmp,1,4,2,13,1.4909,1.2685,19.8124,2.0689,2.0262,1.6701,1.5482,2.2931,2.0425,3.1021,3.8774,5.673,6.4213,9.4705,11.998,13,13,13,13,15,13,13,13,13,13,13,13,13,13,13
01_13_04_02_0012.bmp,1,4,2,13,1.5665,1.3472,18.3668,2.0736,9.6901,1.5623,1.7453,2.0954,2.3961,3.3836,3.8905,5.0684,7.0298,8.9083,11.3811,13,13,13,15,13,13,13,13,13,13,13,13,13,13,13
01_13_04_02_0013.bmp,1,4,2,13,1.673,1.4176,18.3689,2.2194,1.9301,1.6764,1.8151,2.2325,2.5768,3.1339,3.6592,5.3534,6.5149,9.1917,12.285,15,13,13,15,15,15,13,13,13,13,13,13,13,13,13
01_13_04_02_0017.bmp,1,4,2,13,1.507,1.3125,19.0061,2.0294,1.8113,1.6394,1.77,2.0842,2.1538,3.0773,3.6597,5.2223,8.222,9.8215,11.9855,13,13,13,13,13,13,13,13,13,13,13,13,13,13,13
01_13_04_02_0019.bmp,0,4,2,13,2.3447,2.3382,13.587,0.4405,2.909,2.2954,2.3709,2.5478,2.2984,2.5825,3.1455,3.8749,4.7143,5.9991,6.9687,13,32,42,13,32,13,13,13,13,13,13,13,13,13,9
01_13_04_02_0020.bmp,1,4,2,13,1.6956,1.469,17.9273,2.3947,1.9314,1.7261,1.6568,1.9287,2.3555,3.1682,3.8229,5.4958,5.8681,8.4266,11.3994,13,13,13,13,13,13,13,13,13,13,13,13,13,13,13
01_13_04_02_0021.bmp,1,4,2,13,1.8107,1.4964,19.266,2.6987,2.0909,1.8916,1.8917,2.3572,2.4157,3.2114,3.8196,5.5463,6.3618,9.0275,11.0578,13,13,13,13,13,13,13,13,13,13,13,13,13,13,13
01_13_04_02_0022.bmp,0,4,2,13,1.9563,1.9794,15.6709,0.2713,2.3881,2.0992,2.0548,2.0622,1.9526,2.2138,3.1557,3.8982,4.307,5.9494,7.6184,13,13,42,13,13,13,13,13,13,13,13,13,13,13,40
01_13_04_02_0022.bmp,1,4,2,13,1.4505,1.1927,20.327,2.1824,1.7949,1.5442,1.7359,1.9704,2.2995,2.6871,3.673,5.0747,6.513,8.626,12.3283,13,13,13,13,13,13,13,13,13,13,13,13,13,13,13
01_13_04_02_0023.bmp,0,4,2,13,2.0296,2.1248,17.2948,1.2069,2.4823,1.9614,2.2318,2.3703,2.2365,2.9427,2.8725,4.0643,4.176,5.6476,8.0249,13,13,11,13,13,13,13,13,13,13,13,13,13,40,40
01_13_04_02_0024.bmp,0,4,2,13,2.5738,2.4198,14.7361,1.9697,3.1261,2.5733,2.7228,2.7921,2.8473,3.1759,3.0909,4.0627,4.2643,6.2064,7.4324,13,13,42,13,13,13,13,13,13,13,13,13,13,13,38
01_13_04_02_0028.bmp,1,4,2,13,2.1263,1.716,17.24,3.0823,2.5555,2.0655,2.4873,2.8026,3.0953,3.8319,4.9506,6.3563,7.8067,11.8904,14.1589,13,13,13,13,13,13,13,13,13,13,13,13,13,13,13
01_13_04_02_0029.bmp,0,4,2,13,1.9793,1.8744,16.4776,0.9507,2.5087,1.9919,2.1753,2.3013,2.5174,2.5929,3.1325,3.4324,4.9826,5.9386,7.733,13,13,42,13,13,13,13,13,13,13,13,13,13,13,23
01_13_04_02_0030.bmp,0,4,2,13,1.9674,1.8611,17.6761,1.5799,2.4562,1.8994,2.0228,2.0466,2.5665,2.539,3.0711,4.1063,5.0181,6.5919,6.8776,13,13,42,13,13,13,13,13,13,13,13,13,13,34,13
01_13_04_02_0031.bmp,0,4,2,13,1.9725,1.7567,17.7639,1.7299,2.4251,2.1507,2.1781,2.267,2.3388,2.724,3.455,4.7185,4.3682,6.6954,9.1576,13,13,42,13,13,13,13,13,13,13,13,13,13,13,40
01_13_04_02_0033.bmp,0,4,2,13,1.7186,1.4437,18.6088,1.6171,2.0818,1.7664,1.7321,2.1233,2.2949,2.8035,3.1598,3.4232,4.6426,5.9367,6.7691,13,13,42,13,13,13,13,13,13,13,13,13,13,13,13
01_13_04_02_0034.bmp,0,4,2,13,1.6302,1.4301,21.5924,2.0396,1.9141,1.595,1.7165,2.0744,2.4562,3.1643,3.0918,3.5415,4.9174,6.545,7.4517,13,13,42,13,13,13,13,13,13,13,13,13,13,26,40
01_13_04_02_0035.bmp,0,4,2,13,1.9074,1.538,18.1461,2.0075,3.0655,1.8713,1.9719,2.0884,2.2093,3.0143,2.4954,3.894,4.7698,6.6067,7.0328,13,13,11,13,13,13,13,13,13,13,13,13,13,13,34
01_13_04_02_0039.bmp,0,4,2,13,1.1327,0.9153,18.4831,1.556,3.4481,1.1327,1.137,1.8566,1.7046,2.4424,3.0257,3.9464,4.1167,5.9486,8.1366,13,13,13,13,13,13,13,13,13,13,13,13,13,40,7
01_13_04_02_0045.bmp,1,4,2,13,1.1511,1.0362,14.3563,1.7879,1.4793,1.2893,1.4093,1.7536,2.5526,3.222,4.1173,5.3229,7.0819,10.2119,13.3262,13,13,13,13,13,13,13,13,13,13,13,13,13,13,13
01_13_04_02_0046.bmp,0,4,2,13,3.0132,2.6099,22.0853,1.9204,3.6425,2.9685,3.1633,3.112,3.3965,3.6413,4.3056,5.0908,6.5522,9.8387,11.0622,13,13,13,13,13,13,13,13,13,13,13,13,13,40,40
01_13_04_02_0047.bmp,1,4,2,13,1.2079,0.9837,11.6884,1.7404,1.5426,1.251,1.5546,1.9882,2.3876,3.4335,3.2872,6.2071,7.0242,10.2488,12.9446,13,13,13,13,13,13,13,13,13,13,13,13,13,13,13
01_13_04_02_0049.bmp,1,4,2,13,1.345,1.1062,11.5141,1.9461,1.6631,1.267,1.6226,1.9225,2.0415,2.9349,4.1179,5.2206,6.7575,10.914,12.3925,13,13,13,13,13,13,13,13,13,13,13,13,13,13,13
01_13_04_02_0051.bmp,1,4,2,13,1.2013,1.0512,11.632,1.7936,2.9378,1.2987,1.536,1.871,2.2191,3.1634,4.048,6.239,7.1939,10.7329,12.6291,13,13,13,13,13,13,13,13,13,13,13,13,13,13,13
01_13_04_02_0053.bmp,0,4,2,13,2.7988,3.3875,23.6746,0.8485,3.3947,2.7191,2.6433,3.0192,3.0707,3.6865,4.3117,5.6282,6.73,8.4421,10.5125,13,13,13,13,13,13,13,13,13,13,13,13,13,13,13
01_13_04_02_0053.bmp,1,4,2,13,1.3558,1.1905,9.7433,1.9681,2.4384,1.4902,1.7567,1.8804,2.3858,3.2749,3.5917,5.2322,6.8075,9.6059,12.6548,13,13,13,13,13,13,13,13,13,13,13,13,13,13,13
01_13_04_02_0054.bmp,0,4,2,13,2.2754,2.5964,20.6474,1.0175,2.6528,2.3209,2.367,2.399,2.7546,3.4177,3.8793,5.0588,6.2155,8.3546,10.9586,13,13,13,13,13,13,13,13,13,13,13,13,13,13,13
01_13_04_02_0054.bmp,1,4,2,13,1.2767,0.9979,12.595,1.7896,2.4818,1.1878,1.6253,1.9114,2.1809,2.9118,3.9781,5.398,7.8667,9.9595,12.6256,13,13,13,13,13,13,13,13,13,13,13,13,13,13,13
01_13_04_02_0055.bmp,0,4,2,13,2.2822,2.397,20.1844,1.1771,2.5612,2.3768,2.3765,2.6427,2.6725,3.4194,4.1741,5.2158,5.9525,8.4589,11.5677,13,13,13,13,13,13,13,13,13,13,13,13,13,13,13
01_13_04_02_0058.bmp,0,4,2,13,1.5754,1.5113,20.0142,1.1738,1.8668,1.7199,1.8062,2.0775,2.1248,2.8178,3.5959,4.8247,6.4874,9.0872,10.6449,13,13,13,13,13,13,13,13,13,13,13,13,13,13,13
01_13_04_02_0059.bmp,0,4,2,13,1.7214,1.6126,19.3211,1.2548,2.2845,1.7577,1.9652,2.2807,2.6992,3.0377,3.6652,4.6966,5.4006,8.7363,10.1634,13,13,13,13,13,13,13,13,13,13,13,13,13,40,13
01_13_04_02_0059.bmp,1,4,2,13,1.6149,1.2987,8.2325,0.8912,2.6468,1.655,1.7654,1.9218,2.4025,3.1894,3.9962,6.0298,7.3627,10.0108,13.4499,13,13,13,13,13,13,13,13,13,13,13,13,13,13,13
01_13_04_02_0060.bmp,0,4,2,13,1.0551,1.0117,15.5958,1.0551,2.9943,1.1781,1.4125,1.7434,2.053,2.7861,3.2004,5.1953,5.9739,8.8708,10.7857,13,13,13,13,13,13,13,13,13,13,13,13,13,40,13
01_13_04_02_0060.bmp,1,4,2,13,1.1684,0.9225,9.2953,0.9915,3.3129,1.2803,1.4717,1.6792,2.6416,3.1293,4.3446,6.2565,7.3387,10.8003,13.5732,13,13,13,13,13,13,13,13,13,13,13,13,13,13,13
01_13_04_02_0063.bmp,1,4,2,13,1.1662,1.7881,14.0917,0.0,1.6714,1.2076,1.354,1.6213,1.605,1.8823,1.9867,2.8538,3.8919,4.3942,5.6524,13,13,42,19,13,13,13,13,13,13,13,13,7,13,13
01_13_04_02_0070.bmp,1,4,2,13,1.5432,2.3357,13.096,0.0,2.0965,1.627,1.602,1.5942,1.8367,1.9009,2.4463,3.4475,3.4901,4.951,4.702,13,13,13,19,13,13,13,13,13,13,13,13,13,13,23
01_13_04_02_0073.bmp,0,4,2,13,1.1157,0.9939,14.9204,1.5217,1.6987,1.1315,1.3885,1.8387,1.9913,2.486,3.2873,4.6186,6.5145,9.2525,10.41,13,13,13,13,13,13,13,13,13,13,13,13,13,13,13
01_13_04_02_0073.bmp,1,4,2,13,1.3832,2.1295,16.1177,0.0,1.9154,1.3867,1.4936,1.4697,1.8225,1.92,2.3714,3.4618,3.4169,4.5377,5.4099,32,13,42,19,13,32,13,13,13,42,13,13,7,13,23
01_13_04_02_0080.bmp,0,4,2,13,1.3823,1.1422,14.3966,1.9819,1.4935,1.3866,1.6094,1.9136,2.2793,3.1476,3.6939,5.3762,7.4467,10.4334,12.6059,13,13,13,13,13,13,13,13,13,13,13,13,13,13,13
01_13_04_02_0080.bmp,1,4,2,13,1.5147,2.2471,15.1727,0.0,2.2228,1.5944,1.6429,1.7213,2.0238,2.1869,2.1909,3.4525,3.6802,4.664,6.907,13,12,11,19,13,13,13,13,13,6,13,13,13,13,7
01_13_04_02_0082.bmp,0,4,2,13,1.4705,1.1877,12.8944,2.2692,1.6757,1.4118,1.7304,1.9315,2.1444,2.9683,4.0941,5.8336,7.4464,10.4957,13.3305,13,13,13,13,13,13,13,13,13,13,13,13,13,13,13
01_13_04_02_0083.bmp,1,4,2,13,1.6169,2.2077,11.2289,0.0,1.7484,1.8119,1.9508,1.9424,1.7996,2.2935,2.5818,3.2713,3.9532,5.3118,6.5006,13,12,13,19,15,13,13,13,13,13,2,2,13,7,23
01_13_04_02_0086.bmp,0,4,2,13,0.926,0.7453,10.9323,1.3664,1.5311,1.0875,1.3354,1.7105,2.0034,2.9424,3.7626,4.9062,7.8215,10.8518,13.3608,13,13,13,13,13,13,13,13,13,13,13,13,13,13,13
01_13_04_02_0088.bmp,0,4,2,13,0.8943,0.7553,10.0834,1.2554,1.4181,1.0207,1.2027,1.7416,2.0285,2.8584,3.7852,5.4458,7.3175,10.4957,12.9438,13,13,13,13,13,13,13,13,13,13,13,13,13,13,13
01_13_04_02_0090.bmp,1,4,2,13,1.6813,2.062,14.1248,0.0,1.8597,1.697,1.773,1.8873,2.1717,2.3508,2.7769,3.8296,3.8924,5.356,6.3665,13,13,42,19,13,13,13,13,13,13,13,13,40,2,23
01_13_04_02_0091.bmp,0,4,2,13,0.7812,0.5573,6.1096,1.298,2.8115,0.9807,1.3713,1.6273,2.0628,2.779,3.7502,5.0817,7.2981,10.4053,11.9369,13,13,13,13,13,13,13,13,13,13,13,13,13,13,13
01_13_04_02_0091.bmp,1,4,2,13,1.7237,2.1172,14.5606,0.0,2.0136,1.7167,1.8263,1.9455,1.8312,2.4971,2.787,3.6717,3.9289,4.9762,6.2175,13,13,42,19,13,13,13,13,13,13,13,7,7,7,2
01_13_04_02_0092.bmp,0,4,2,13,0.846,0.8006,9.1772,1.2909,2.3257,1.0235,1.3604,1.5483,2.0513,2.6028,4.2048,5.4978,7.6472,10.4896,11.8004,13,13,13,13,13,13,13,13,13,13,13,13,13,13,13
01_13_04_02_0095.bmp,1,4,2,13,1.7792,2.1166,16.3682,0.0,2.7716,1.7417,1.8056,2.0052,1.9754,2.6123,3.0261,3.0565,4.8334,5.4077,6.3712,32,12,12,23,32,32,32,32,32,13,13,12,23,7,23
01_13_04_02_0097.bmp,0,4,2,13,0.9832,0.7145,5.4396,1.2488,4.9799,1.0023,1.4378,1.7391,2.0374,3.0736,3.9445,5.4265,6.8416,10.2888,12.7273,13,13,13,13,13,13,13,13,13,13,13,13,13,13,13
01_13_04_02_0098.bmp,0,4,2,13,0.966,0.627,6.6883,1.3093,4.6621,1.0955,1.4466,1.6756,2.2857,2.8773,3.766,5.3583,7.0776,9.5912,13.2152,13,13,13,13,13,13,13,13,13,13,13,13,13,13,13
01_13_04_02_0099.bmp,0,4,2,13,1.082,0.8284,9.7553,1.502,4.9826,1.1896,1.4861,1.9657,2.1048,3.2487,4.088,6.4366,7.2788,10.1277,11.8918,13,13,13,13,13,13,13,13,13,13,13,13,13,13,13
01_13_04_02_0099.bmp,1,4,2,13,1.6248,1.8962,16.509,0.2713,1.7871,1.7207,1.8464,2.2138,2.1579,3.1156,3.2751,3.7828,4.6205,6.4838,7.7036,13,13,11,20,13,13,13,13,13,13,13,13,4,40,23
01_13_04_02_0100.bmp,1,4,2,13,1.7336,2.169,16.322,0.2713,1.9537,1.7359,1.9083,1.8951,2.1184,2.4082,3.154,3.9459,4.3152,5.888,8.0284,13,13,12,23,13,13,13,13,13,13,13,13,13,40,23
01_13_04_02_0101.bmp,0,4,2,13,1.0052,0.8019,8.4888,1.3678,5.1707,1.1486,1.4727,1.6873,1.8879,3.2586,4.1224,5.2336,6.6597,10.327,12.9013,13,13,13,13,13,13,13,13,13,13,13,13,13,13,13
01_13_04_02_0101.bmp,1,4,2,13,1.6685,1.9668,15.762,0.0,1.8882,1.7672,1.6692,1.8343,2.0896,2.5924,3.1077,3.8238,4.6296,6.3915,7.0223,13,13,12,23,13,13,13,13,13,13,13,13,2,23,23
01_13_04_02_0103.bmp,0,4,2,13,1.0247,0.7708,15.7878,1.1671,4.8087,1.1117,1.432,1.654,2.0271,3.2549,4.2355,5.7953,7.3847,11.6272,13.1668,13,13,13,13,7,13,13,13,13,13,13,13,13,13,13
01_13_04_02_0103.bmp,1,4,2,13,1.9848,2.2072,16.9921,0.2713,2.1744,2.0951,2.0486,1.9752,2.4,3.0737,3.0396,4.0087,5.1277,6.8648,9.0461,13,13,13,23,13,13,13,13,13,13,12,13,40,40,23
01_13_04_02_0108.bmp,0,4,2,13,0.8781,0.8026,8.8864,1.021,4.7901,0.938,1.2949,1.5889,2.0743,2.9657,4.0544,5.4774,7.2028,10.7623,14.0529,13,13,13,13,13,13,13,13,13,13,13,13,13,13,13
01_13_04_02_0111.bmp,1,4,2,13,2.4485,3.1177,22.2475,0.4711,3.0518,2.5208,2.6447,2.7159,2.8844,3.3437,3.9028,5.1125,6.1736,7.0392,9.6019,13,13,13,13,13,13,13,13,13,13,13,6,40,13,40
01_13_04_02_0113.bmp,0,4,2,13,1.2431,1.0551,7.161,1.4863,6.3515,1.2818,1.4795,1.7501,1.9697,2.6419,3.0023,4.8372,5.8004,8.1179,11.226,13,13,13,13,13,13,13,13,13,13,13,13,13,40,40
01_13_04_02_0115.bmp,1,4,2,13,2.4105,2.8099,16.7599,0.325,2.623,2.5046,2.6665,2.8366,2.7829,3.2735,3.8445,4.6382,5.7964,8.2697,9.0917,13,13,12,23,13,13,13,13,13,13,13,40,13,23,23
01_13_04_02_0116.bmp,0,4,2,13,1.4226,2.3486,11.6374,0.0,2.3867,1.4674,1.6276,1.7637,1.9316,2.281,2.7949,2.8716,4.0305,5.2564,5.5491,13,13,13,19,13,13,13,13,13,13,13,13,13,13,23
01_13_04_02_0118.bmp,0,4,2,13,1.1454,1.7794,12.677,0.0,1.3694,1.2294,1.2311,1.6722,1.6045,2.6867,2.2146,3.7453,4.4265,4.4132,5.9623,13,13,42,20,13,13,13,13,13,13,13,13,12,9,40
01_13_04_02_0119.bmp,0,4,2,13,1.3651,2.4727,12.279,0.0,4.2254,1.3775,1.5514,1.6667,1.8792,2.4967,2.725,3.5031,4.0431,4.8695,6.6445,13,13,13,20,13,13,13,13,13,13,12,13,13,13,13
01_13_04_02_0120.bmp,0,4,2,13,1.6979,2.3666,15.4871,0.0,3.3446,1.6862,1.8855,2.1038,2.1223,2.7133,2.6077,3.5355,3.9862,5.7102,6.982,13,13,11,20,13,13,13,13,13,13,13,13,13,40,9
01_13_04_02_0122.bmp,1,4,2,13,2.268,2.7411,15.4711,0.2186,2.4528,2.2331,2.4518,2.5742,2.8171,3.2604,3.9267,4.811,5.9943,8.1754,10.0177,13,13,13,13,13,13,13,13,13,13,13,13,13,23,2
01_13_04_02_0123.bmp,0,4,2,13,1.4664,2.62,10.9592,0.0,1.8274,1.3009,1.5336,2.0396,2.1048,2.5471,2.9105,3.5512,4.7455,5.9985,7.2272,13,32,13,6,13,13,13,13,13,13,13,6,13,13,40
01_13_04_02_0125.bmp,0,4,2,13,1.3979,2.9132,12.3687,0.0,1.5276,1.325,1.5842,1.9183,2.1654,2.6312,3.0072,3.527,4.6204,5.3165,7.6526,13,13,42,6,13,13,13,13,13,13,6,6,13,13,40
01_13_04_02_0126.bmp,1,4,2,13,2.3773,2.8156,20.0154,0.325,2.5871,2.4777,2.4444,2.5791,2.8157,3.3104,3.6613,5.1344,5.6886,8.403,9.3028,13,13,13,23,13,13,13,13,13,13,13,13,40,13,40
01_13_04_02_0128.bmp,0,4,2,13,1.0209,2.1354,8.695,0.0,2.3632,1.0583,1.3491,1.5118,2.0241,2.721,2.9141,3.4766,4.5615,6.3752,7.466,13,13,13,19,13,13,13,13,13,13,6,13,6,40,13
01_13_04_02_0129.bmp,1,4,2,13,2.6164,3.1072,21.2067,0.2713,3.0135,2.6586,2.8636,2.8071,2.9373,3.592,3.9818,4.7774,6.3892,8.0196,9.3772,13,13,13,23,13,13,13,13,13,13,13,13,40,13,40
01_13_04_02_0132.bmp,1,4,2,13,2.4606,3.0647,17.9817,0.0,2.8465,2.5983,2.7498,2.9809,3.2161,3.8305,4.6901,6.2481,7.553,9.847,12.1827,13,13,13,23,13,13,13,13,13,13,13,13,13,13,13
01_13_04_02_0133.bmp,0,4,2,13,0.7958,1.6255,4.8438,0.0,0.8944,0.8657,0.9703,1.4629,1.7192,2.2913,2.909,3.5902,4.3236,6.0113,7.8041,13,13,13,19,13,13,13,13,13,13,13,13,6,13,13
01_13_04_02_0138.bmp,1,4,2,13,2.4669,2.8792,16.2045,0.2713,3.2694,2.5407,2.5738,2.8878,3.0091,3.2565,3.7938,5.0199,6.2985,8.2656,10.2059,13,13,13,13,13,13,13,13,13,13,13,13,13,40,40
01_13_04_02_0139.bmp,0,4,2,13,0.8709,1.4142,3.3068,0.0,0.7496,0.896,1.257,1.6686,1.9291,2.7319,3.7019,4.7247,5.6879,7.9211,9.111,13,13,42,19,13,13,13,13,13,13,6,13,13,23,23
01_13_04_02_0140.bmp,1,4,2,13,2.3718,2.8535,17.8586,0.4308,3.1679,2.4153,2.4346,2.5442,3.0484,3.3356,4.1384,4.622,6.2145,7.9567,9.667,13,13,13,13,13,13,13,13,13,13,13,13,13,13,40
01_13_04_02_0142.bmp,1,4,2,13,2.2359,2.4767,17.4695,1.0554,3.1431,2.1631,2.4518,2.5182,2.7034,3.2369,3.6331,5.2161,6.6374,8.1673,9.9727,13,13,13,13,13,13,13,13,13,13,13,13,13,40,40
01_13_04_02_0144.bmp,1,4,2,13,2.2164,2.5504,17.1337,0.8042,3.1716,2.2944,2.3375,2.4769,2.8217,3.3532,3.8758,5.0182,6.3093,8.6498,10.8255,13,13,13,13,13,13,13,13,13,13,13,13,13,13,40
01_13_04_02_0146.bmp,0,4,2,13,0.7483,1.9501,3.3908,0.0,0.8551,0.8727,1.1426,1.6054,1.7669,2.2964,3.0087,4.0109,4.7002,6.656,8.8009,13,13,13,19,13,13,13,13,13,13,13,13,13,13,13
01_13_04_02_0147.bmp,1,4,2,13,2.2934,2.5986,18.127,0.8776,3.1406,2.3439,2.423,2.4576,2.9183,3.5658,3.9639,5.3454,6.4726,8.6145,10.5178,13,13,13,13,13,13,13,13,13,13,13,13,13,40,13
01_13_04_02_0148.bmp,1,4,2,13,2.2404,2.4512,17.4021,0.9683,3.1804,2.2403,2.3346,2.665,2.749,3.3981,3.8982,5.3974,6.4975,8.7803,10.8616,13,13,13,13,13,13,13,13,13,13,13,13,13,13,13
01_13_04_02_0149.bmp,1,4,2,13,2.2348,2.6708,17.3893,0.7859,3.2195,2.284,2.2497,2.4687,2.6485,3.2289,3.8887,5.0957,6.5356,8.9157,11.1623,13,13,13,13,13,13,13,13,13,13,13,13,13,13,40
01_13_04_02_0150.bmp,0,4,2,13,0.8818,2.6353,4.5713,0.0,0.9798,1.1314,1.266,1.5973,1.9077,2.4898,3.0717,3.8912,4.8637,6.1993,8.3662,13,13,13,19,13,13,13,13,13,13,13,13,13,13,40
01_13_04_02_0151.bmp,1,4,2,13,2.4129,2.9416,18.007,0.7362,3.4213,2.5262,2.5927,2.9397,2.9198,3.696,4.1692,5.3647,6.436,8.8251,10.6205,13,13,13,13,13,13,13,13,13,13,13,13,13,13,13
01_13_04_02_0152.bmp,0,4,2,13,0.7875,2.2551,2.6227,0.0,1.0592,0.9765,1.229,1.4851,1.8696,2.4835,2.7795,4.029,4.6794,6.1475,8.9887,13,13,13,19,13,13,13,13,13,13,13,13,13,13,13
01_13_04_02_0152.bmp,1,4,2,13,2.4417,2.7712,18.238,1.2687,3.5123,2.5036,2.507,2.5836,2.9131,3.261,4.0119,5.2099,6.3733,9.3104,10.499,13,13,13,13,13,13,13,13,13,13,13,13,13,40,40
01_13_04_02_0153.bmp,0,4,2,13,0.6325,1.9188,2.6114,0.0,0.9516,0.8919,1.0924,1.7233,1.8497,2.367,3.21,3.7304,4.7565,6.5674,8.2823,13,13,13,19,13,13,13,13,13,13,13,13,13,13,13
01_13_04_02_0154.bmp,0,4,2,13,0.6499,1.821,2.0986,0.0,1.0151,0.88,1.1314,1.4843,1.884,2.2794,3.0564,3.9852,4.9362,6.4436,8.8002,13,13,13,19,13,13,13,13,13,13,13,13,13,13,13
01_13_04_02_0154.bmp,1,4,2,13,2.6605,2.8317,19.9261,1.4076,3.437,2.6834,2.8414,2.9289,3.2083,3.5027,4.283,5.3706,6.3464,8.8755,10.7201,13,13,13,13,13,13,13,13,13,13,13,13,13,13,13
01_13_04_02_0156.bmp,1,4,2,13,2.7917,2.8613,17.7936,1.5862,4.5673,2.7734,2.9551,3.0136,3.3598,3.8805,4.5913,5.5926,6.6397,9.4224,10.1907,13,13,13,13,13,13,13,13,13,13,13,13,13,40,13
01_13_04_02_0157.bmp,1,4,2,13,2.6526,2.5889,18.6154,2.0133,3.9578,2.7055,2.8374,3.0811,3.4257,3.5508,4.2667,5.6703,6.3528,9.1717,10.8544,13,13,13,13,13,13,13,13,13,13,13,13,13,13,13
01_13_04_02_0160.bmp,0,4,2,13,0.7095,2.3286,2.2908,0.0,1.1762,0.9808,1.1633,1.6092,1.9009,2.2548,2.7847,3.6537,4.5377,6.5689,8.5449,13,13,13,19,13,13,13,13,13,13,13,13,13,13,13
01_13_04_02_0160.bmp,1,4,2,13,2.6216,2.5877,16.2934,2.1936,4.2443,2.5618,2.7397,2.8883,2.963,3.5208,4.2051,5.7911,6.7464,9.0563,11.4139,13,13,13,13,13,13,13,13,13,13,13,13,13,13,40
01_13_04_02_0162.bmp,0,4,2,13,0.7377,2.403,2.2237,0.0,1.2512,1.0592,1.2804,1.5754,1.8111,2.3146,2.8429,3.7736,4.8083,6.4917,7.979,13,13,13,19,13,13,13,13,13,13,13,13,13,13,13
01_13_04_02_0163.bmp,0,4,2,13,0.6382,2.0808,2.1583,0.0,1.0841,0.8907,1.1693,1.3303,1.7651,2.3348,2.7152,3.7393,4.4895,6.1271,7.623,13,13,13,19,13,13,13,13,13,13,13,13,13,13,13
01_13_04_02_0165.bmp,0,4,2,13,1.0988,3.4392,2.7742,0.0,1.3362,1.3006,1.436,1.9142,1.9556,2.5681,2.8364,3.3705,4.3438,6.0362,8.2553,13,13,13,19,13,13,13,13,13,13,13,13,13,13,13
01_13_04_02_0167.bmp,1,4,2,13,2.9898,2.8246,18.9795,2.5929,4.3999,2.9207,2.8996,3.1139,3.1846,3.8227,4.0921,5.7332,6.6979,9.6858,11.0613,13,13,13,13,13,13,13,13,13,13,13,13,13,13,13
01_13_04_02_0171.bmp,1,4,2,13,2.4177,2.3363,16.9378,3.059,4.4618,2.5392,2.6119,2.7784,2.9822,3.8107,4.0117,5.654,6.9871,9.4824,11.1675,13,13,13,13,13,13,13,13,13,13,13,13,13,13,13
01_13_04_02_0173.bmp,1,4,2,13,3.3054,3.6788,19.0504,0.3919,3.9602,3.3161,3.43,3.5584,3.6752,4.1635,4.46,5.9194,7.4886,9.1974,11.5925,13,13,13,13,13,13,13,13,13,13,13,13,13,40,13
01_13_04_02_0177.bmp,0,4,2,13,1.2027,1.6965,12.6577,0.0,2.0765,1.2676,1.3659,1.4232,1.7502,1.5873,2.014,2.592,3.4995,4.5638,6.0607,13,31,1,19,13,13,13,13,13,13,13,13,13,38,13
01_13_04_02_0178.bmp,0,4,2,13,1.1384,1.5631,12.4095,0.0,3.2221,1.2158,1.2741,1.2831,1.2697,1.8994,2.0085,3.0886,3.5244,4.3463,6.0977,13,13,1,19,13,13,13,13,13,13,13,13,38,7,13
01_13_04_02_0181.bmp,0,4,2,13,1.4277,1.8744,12.0335,0.0,2.5754,1.3896,1.5769,1.5275,1.5238,2.0638,2.4347,3.1534,3.5649,4.628,5.859,13,13,1,19,13,13,13,13,13,13,13,13,13,12,23
01_13_04_02_0186.bmp,1,4,2,13,2.5218,2.4928,14.7586,3.4334,4.688,2.6427,2.7648,2.9093,3.1544,3.6754,4.3354,5.6605,6.4738,9.4162,12.4312,13,13,13,13,13,13,13,13,13,13,13,13,13,13,13
01_13_04_02_0187.bmp,1,4,2,13,2.672,2.5329,15.0511,3.52,4.5272,2.6404,2.8074,2.7277,3.242,3.6471,4.0721,5.8677,6.9015,9.9789,12.3353,13,13,13,13,13,13,13,13,13,13,13,13,13,13,13
01_13_04_02_0188.bmp,0,4,2,13,1.3321,1.8881,13.3697,0.0,2.3819,1.4432,1.5203,1.4399,1.6044,2.0466,2.2765,3.062,3.7753,4.7288,5.275,32,13,1,19,13,32,32,13,13,13,13,13,7,13,13
01_13_04_02_0189.bmp,0,4,2,13,1.1415,1.4291,10.7015,0.0,2.8123,1.2126,1.314,1.2849,1.3905,1.9251,2.4303,3.6478,3.843,4.1591,6.2644,32,32,13,13,32,32,32,32,32,32,13,13,12,38,7
01_13_04_02_0193.bmp,1,4,2,13,2.5586,2.5499,15.1527,3.3698,4.7661,2.5511,2.6932,2.8207,3.1505,3.6542,4.2326,5.4839,6.7989,10.2271,11.2407,13,13,13,13,13,13,13,13,13,13,13,13,13,40,40
01_13_04_02_0196.bmp,0,4,2,13,1.091,1.2233,12.0557,0.0,1.6886,1.1926,1.2142,1.4775,1.4684,1.8328,2.4178,3.1541,3.431,4.3249,6.3304,13,13,13,20,13,13,13,13,13,13,13,13,13,13,13
01_13_04_02_0197.bmp,0,4,2,13,1.0618,1.2926,11.2588,0.0,1.4794,1.1595,1.5461,1.258,1.4558,2.1918,2.8458,2.8506,3.2115,5.1909,6.9003,13,12,11,20,12,13,13,13,13,13,13,13,13,13,40
01_13_04_02_0198.bmp,1,4,2,13,2.6869,2.4851,15.6351,3.4695,4.8231,2.6344,2.885,2.7207,2.9157,3.691,4.4808,5.6556,7.432,9.5706,11.7115,13,13,13,13,13,13,13,13,13,13,13,13,13,13,13
01_13_04_02_0199.bmp,1,4,2,13,2.5929,2.519,14.7495,3.3041,4.8579,2.6559,2.8296,2.8776,3.1739,3.6423,4.4188,5.5051,6.9832,9.4675,11.9401,13,13,13,13,13,13,13,13,13,13,13,13,13,13,13
01_13_04_02_0200.bmp,1,4,2,13,2.6446,2.6469,17.2252,3.6175,4.8253,2.7298,2.8914,2.948,3.2912,3.9613,4.3398,5.5289,7.2216,9.4931,11.5201,13,13,13,13,13,13,13,13,13,13,13,13,13,13,13
01_13_04_02_0205.bmp,0,4,2,13,0.9621,1.0915,11.5935,0.0,1.3731,1.1326,1.0841,1.4422,1.6057,1.9245,2.5223,3.1018,4.0163,5.7075,5.8086,13,13,13,20,13,13,13,13,13,13,13,12,13,13,9
01_13_04_02_0205.bmp,1,4,2,13,2.7845,2.5334,15.3323,3.5688,4.7307,2.764,2.8141,2.8679,3.2122,3.8444,4.1821,5.5059,7.5027,9.9302,11.5791,13,13,13,13,13,13,13,13,13,13,13,13,13,40,13
01_13_04_02_0211.bmp,0,4,2,13,1.657,2.1498,13.7886,0.0,2.1643,1.668,1.7133,1.7227,1.8927,2.8591,2.8474,3.9069,4.7231,6.2304,7.9807,13,13,42,8,13,13,13,13,13,13,13,13,40,40,40
01_13_04_02_0211.bmp,1,4,2,13,2.4877,2.4714,15.5146,3.4276,4.5668,2.5606,2.7378,2.7374,2.9603,3.5848,4.2122,5.2975,7.207,9.8643,12.0503,13,13,13,13,13,13,13,13,13,13,13,13,13,2,13
01_13_04_02_0212.bmp,0,4,2,13,1.5618,2.2127,14.7564,0.0,2.1485,1.5957,1.6501,1.8842,2.0999,2.5535,2.9394,4.0066,5.0152,5.5935,7.3472,13,13,13,4,13,13,13,13,13,13,13,13,40,40,40
01_13_04_02_0213.bmp,0,4,2,13,1.3565,2.1016,13.7155,0.0,1.3793,1.3975,1.6,1.6971,1.7987,2.1979,2.8314,3.6546,4.4309,6.2103,7.756,13,13,13,8,13,13,13,13,13,13,13,40,40,40,40
01_13_04_02_0217.bmp,1,4,2,13,2.5227,2.4673,15.4222,3.3023,4.7931,2.5657,2.5853,2.8146,3.0865,3.6163,4.1548,5.8171,7.1092,10.4793,12.4255,13,13,13,13,13,13,13,13,13,13,13,13,13,13,13
01_13_04_02_0218.bmp,1,4,2,13,2.4819,2.4237,14.7633,3.3777,4.6059,2.5295,2.5756,2.7726,3.0623,3.4894,4.4337,5.3918,6.8011,9.7201,12.244,13,13,13,13,13,13,13,13,13,13,13,13,13,13,13
01_13_04_02_0221.bmp,1,4,2,13,2.6089,2.5246,16.3062,3.4339,4.5989,2.7173,2.6976,2.8558,3.0843,3.6326,3.869,6.0428,7.2296,9.8894,12.1816,13,13,13,13,13,13,13,13,13,13,13,13,13,13,13
01_13_04_02_0224.bmp,1,4,2,13,2.5164,2.3941,15.3901,3.4157,4.6627,2.6573,2.6651,2.9212,3.2735,3.6397,4.0399,5.6214,6.5693,10.0239,12.4074,13,13,13,13,13,13,13,13,13,13,13,13,13,13,13
01_13_04_02_0225.bmp,0,4,2,13,1.6398,1.7485,14.3801,0.0,1.8604,1.721,1.9053,2.2236,2.7014,3.3295,3.9648,6.0101,7.1593,9.6509,11.1161,13,13,13,13,13,13,13,13,13,13,13,13,13,40,13
01_13_04_02_0225.bmp,1,4,2,13,2.5073,2.3611,15.3884,3.4382,4.798,2.5081,2.6064,2.7838,3.1086,3.5006,4.2647,5.7728,6.9944,9.5701,12.6736,13,13,13,13,13,13,13,13,13,13,13,13,13,13,40
01_13_04_02_0226.bmp,0,4,2,13,1.2294,1.4039,11.651,0.0,1.4837,1.2571,1.4952,1.7032,2.2542,2.7944,3.6069,4.6024,5.8392,6.8783,9.0111,13,13,13,13,13,13,13,13,13,13,13,13,13,40,40
01_13_04_02_0227.bmp,1,4,2,13,2.5964,2.4616,14.6114,3.5592,4.8555,2.5828,2.7358,2.7861,3.0835,3.6409,4.1865,5.7015,6.3708,9.8765,12.5729,13,13,13,13,13,13,13,13,13,13,13,13,13,13,40
01_13_04_02_0228.bmp,1,4,2,13,2.3583,2.3426,15.5616,3.3922,4.6453,2.428,2.6255,2.8167,3.0882,3.4848,4.5882,5.4695,6.8674,10.0636,12.01,13,13,13,13,13,13,13,13,13,13,13,13,13,13,13
01_13_04_02_0229.bmp,1,4,2,13,2.6009,2.4641,15.1308,3.59,4.8594,2.6787,2.6868,2.8663,3.1251,3.5746,4.6177,5.8018,6.9394,9.4347,12.8644,13,13,13,13,13,13,13,13,13,13,13,13,13,13,40
01_13_04_02_0230.bmp,1,4,2,13,2.6691,2.4789,15.737,3.8135,4.6665,2.7296,2.75,2.8398,3.1749,3.5217,4.591,5.5395,7.1324,10.226,12.2446,13,13,13,13,13,13,13,13,13,13,13,13,13,13,13
01_13_04_02_0234.bmp,0,4,2,13,1.0494,1.3455,4.9023,0.0,1.2244,1.11,1.3414,1.8017,2.1129,2.7195,3.2608,4.1659,5.2811,7.0987,8.8503,13,13,13,13,13,13,13,13,13,13,13,13,13,13,13
01_13_04_02_0235.bmp,1,4,2,13,2.8563,2.4416,16.2062,3.8843,4.8683,2.7427,2.982,3.3444,3.3428,4.0161,4.5254,5.5909,6.8708,9.3691,11.9042,13,13,13,13,13,13,13,13,13,13,13,13,13,13,40
01_13_04_02_0237.bmp,1,4,2,13,2.748,2.5437,16.0671,3.8777,4.8053,2.8498,2.8666,2.9206,3.3028,3.7986,4.5016,5.845,6.9529,9.6443,12.0433,13,13,13,13,13,13,13,13,13,13,13,13,13,13,40
01_13_04_02_0240.bmp,0,4,2,13,1.1452,1.3338,5.2939,0.0,1.8,1.3132,1.547,1.7356,2.4321,2.9368,3.7992,4.9279,6.177,8.2713,10.5811,13,13,13,13,13,13,13,13,13,13,13,13,13,23,13
01_13_04_02_0240.bmp,1,4,2,13,2.6877,2.5124,16.4517,3.7926,4.8991,2.811,2.9092,3.2159,3.4496,3.8832,4.2407,6.0419,6.9051,9.797,12.652,13,13,13,13,13,13,13,13,13,13,13,13,13,40,13
01_13_04_02_0242.bmp,1,4,2,13,2.676,2.3698,15.7646,3.625,4.7833,2.6543,2.7279,2.8695,3.2429,3.8454,4.4651,5.374,7.3567,9.8853,12.845,13,13,13,13,13,13,13,13,13,13,13,13,13,13,13
01_13_04_02_0246.bmp,0,4,2,13,0.6981,1.2969,2.3981,0.0,0.8375,0.9358,1.0835,1.44,1.8407,2.5174,2.8005,4.0841,5.2556,6.0412,8.195,17,13,7,19,8,17,17,7,13,7,7,13,7,7,13
01_13_04_02_0247.bmp,0,4,2,13,0.79,0.8147,6.1649,0.0,2.2243,0.9248,1.3154,1.5923,1.9083,2.5126,3.3762,4.4169,5.5831,7.6664,9.651,13,13,13,13,13,13,13,13,13,13,13,13,13,13,13
01_13_04_02_0249.bmp,0,4,2,13,0.8658,0.8493,5.3243,0.0,3.4138,1.0561,1.3278,1.622,1.8448,2.7483,3.0368,4.4869,6.0571,7.4542,9.8937,13,13,13,13,13,13,13,13,13,13,13,13,13,13,13
01_13_04_02_0249.bmp,1,4,2,13,2.7956,2.6419,16.2377,3.8063,4.9211,2.8418,2.8704,3.0007,3.3408,3.5565,4.2533,5.9233,7.1495,9.8204,12.4723,13,13,13,13,13,13,13,13,13,13,13,13,13,13,40
01_13_04_02_0250.bmp,0,4,2,13,1.1807,1.0056,4.0918,0.0,3.1295,1.1693,1.5602,1.7102,2.2081,2.8321,3.5052,4.8233,5.9593,7.6163,9.819,13,13,13,13,13,13,13,13,13,13,13,13,13,13,13
01_13_04_02_0250.bmp,1,4,2,13,2.6732,2.4742,16.0916,3.7368,4.9424,2.674,2.7164,2.7779,3.2457,3.6588,4.3295,5.5513,6.5474,10.0362,12.2936,13,13,13,13,13,13,13,13,13,13,13,13,13,40,13
01_13_04_02_0252.bmp,1,4,2,13,2.8164,2.5294,16.0953,3.9446,4.9048,2.8489,2.9367,3.1643,3.3351,3.9962,4.1817,5.8685,7.3362,9.576,12.2664,13,13,13,13,13,13,13,13,13,13,13,13,13,13,40
01_13_04_02_0253.bmp,0,4,2,13,1.1487,1.2216,3.8621,0.0,3.1647,1.2625,1.4944,1.8219,2.126,2.7133,3.2734,4.411,5.6213,7.5013,9.4529,13,13,13,13,13,13,13,13,13,13,13,13,13,13,13
01_13_04_02_0254.bmp,0,4,2,13,1.1859,1.1801,4.5873,0.0,3.7253,1.2867,1.443,1.7948,1.9899,2.6629,3.4181,4.6624,6.0498,8.2667,9.8462,13,13,13,13,13,13,13,13,13,13,13,13,13,13,13
01_13_04_02_0256.bmp,0,4,2,13,0.9997,0.97,7.5035,0.0,4.497,1.1671,1.4127,1.6351,2.0216,2.9102,3.7533,5.0387,6.3021,8.2569,9.9263,13,13,13,13,13,13,13,13,13,13,13,13,13,13,13
01_13_04_02_0257.bmp,1,4,2,13,2.6831,2.5164,15.91,3.6793,4.7112,2.7453,2.7702,3.0843,3.3123,3.9034,4.0993,5.6417,7.3545,9.8883,11.2242,13,13,13,13,13,13,13,13,13,13,13,13,13,40,13
01_13_04_02_0258.bmp,1,4,2,13,2.6235,2.4679,16.2743,3.6997,4.7763,2.6503,2.7174,2.9563,3.0954,3.8626,4.3581,5.8225,6.9623,9.8245,12.2394,13,13,13,13,13,13,13,13,13,13,13,13,13,13,40
01_13_04_02_0259.bmp,0,4,2,13,1.2273,1.1493,9.189,0.0,4.0984,1.4077,1.3564,1.7164,1.9087,2.7213,3.1415,4.8106,5.3042,7.3888,9.8593,13,13,13,13,13,13,13,13,13,13,13,13,13,13,13
01_13_04_02_0263.bmp,1,4,2,13,2.8278,2.5346,16.3403,3.7689,4.926,2.8024,2.864,3.0701,3.1172,3.9428,4.4225,5.5281,7.1272,9.3223,12.0904,13,13,13,13,13,13,13,13,13,13,13,13,13,13,13
01_13_04_02_0264.bmp,0,4,2,13,1.2889,1.3035,4.8989,0.0,2.8195,1.3826,1.7193,2.0549,2.5847,3.6326,4.4714,5.8172,7.4502,9.9725,11.1933,13,13,13,13,7,13,13,13,13,13,13,13,13,13,13
01_13_04_02_0264.bmp,1,4,2,13,2.7928,2.5503,14.9019,3.6735,4.9203,2.7308,3.0029,3.0391,3.1296,3.9343,4.2886,5.7141,7.2081,10.1494,12.6851,13,13,13,13,13,13,13,13,13,13,13,13,13,13,40
01_13_04_02_0266.bmp,0,4,2,13,1.1831,1.5426,6.9979,0.0,3.8731,1.1113,1.4118,1.5979,2.1348,2.807,3.8107,5.3025,6.7507,8.6469,10.3264,13,13,13,13,13,13,13,13,13,13,13,13,13,13,13
01_13_04_02_0267.bmp,1,4,2,13,2.7186,2.5547,16.427,3.7473,4.7132,2.8324,2.9591,3.0896,3.0087,3.7593,4.3656,5.7982,7.5556,9.5948,12.2612,13,13,13,13,13,13,13,13,13,13,13,13,13,13,13
01_13_04_02_0268.bmp,0,4,2,13,1.0615,1.1878,4.394,0.0,4.0668,1.1552,1.3559,1.8188,2.0401,2.9518,3.5515,4.8539,6.8035,8.9823,10.0371,13,13,13,13,13,13,13,13,13,13,13,13,13,13,13
01_13_04_02_0268.bmp,1,4,2,13,2.706,2.5948,16.8804,3.5386,4.8166,2.7152,2.8607,2.9915,3.2569,3.7313,4.3349,5.6596,6.9146,10.319,12.3741,13,13,13,13,13,13,13,13,13,13,13,13,13,13,40
01_13_04_02_0272.bmp,0,4,2,13,2.76,2.4277,15.5751,3.5644,4.8345,2.6816,2.7686,3.0823,3.3821,3.8771,4.5276,5.799,7.4208,10.3619,12.142,13,13,13,13,13,13,13,13,13,13,13,13,13,13,13
01_13_04_02_0283.bmp,0,4,2,13,2.5789,2.4036,15.8333,3.4964,4.7327,2.6321,2.7373,2.6969,3.122,3.8888,4.2762,5.7749,6.6648,10.0788,11.7777,13,13,13,13,13,13,13,13,13,13,13,13,13,13,40
01_13_04_02_0288.bmp,0,4,2,13,2.5384,2.3269,15.7518,3.5419,4.7639,2.5663,2.6135,2.9699,3.0314,3.4637,4.5177,6.2053,7.1534,9.7573,11.4224,13,13,13,13,13,13,13,13,13,13,13,13,13,13,13
01_13_04_02_0290.bmp,0,4,2,13,2.6698,2.4589,16.6193,3.5361,4.7437,2.7035,2.7505,2.8728,3.2645,3.7567,4.3041,5.749,7.4418,9.9549,11.9001,13,13,13,13,13,13,13,13,13,13,13,13,13,40,40
01_13_04_02_0293.bmp,0,4,2,13,2.5619,2.4504,15.3427,3.5499,4.4884,2.5834,2.7825,3.0113,2.9873,3.7066,4.3775,5.4884,7.2553,9.6429,11.9985,13,13,13,13,13,13,13,13,13,13,13,13,13,13,13
01_13_04_02_0301.bmp,0,4,2,13,2.4486,2.3457,16.0064,3.0252,4.1858,2.4246,2.5585,2.8147,2.9803,3.3856,3.8717,5.7816,7.2155,9.8581,11.0872,13,13,13,13,13,13,13,13,13,13,13,13,13,13,13
01_13_04_02_0302.bmp,0,4,2,13,2.6199,2.4288,16.0372,3.2002,4.6596,2.5682,2.7682,3.1318,3.0325,3.7255,4.033,5.5671,7.0365,9.3243,11.9551,13,13,13,13,13,13,13,13,13,13,13,13,13,13,13
01_13_04_02_0303.bmp,0,4,2,13,2.8569,2.7671,18.1467,3.1985,4.629,2.871,2.9999,3.0201,3.4985,3.6629,4.4788,5.6831,6.8642,9.6824,11.9562,13,13,13,13,13,13,13,13,13,13,13,13,13,13,13
01_13_04_02_0305.bmp,0,4,2,13,2.6523,2.5818,16.8695,3.0007,4.7463,2.6635,2.9113,2.8933,3.2614,3.3925,4.1481,5.3716,7.0115,9.7933,11.6275,13,13,13,13,13,13,13,13,13,13,13,13,13,13,40
01_13_04_02_0307.bmp,0,4,2,13,2.9302,2.9438,18.2326,3.1523,4.7693,2.9731,3.0993,3.1866,3.2612,3.6554,4.4059,5.4841,7.0652,10.1246,11.934,13,13,13,13,13,13,13,13,13,13,13,13,13,13,13
01_13_04_02_0309.bmp,0,4,2,13,2.9704,2.9855,19.2586,3.0466,4.6726,3.0676,3.0668,3.1069,3.5398,3.8996,4.3173,5.4338,7.1431,9.138,12.3147,13,13,13,13,13,13,13,13,13,13,13,13,13,40,13
01_13_04_02_0310.bmp,0,4,2,13,3.0379,3.1035,18.2452,3.2929,4.3993,3.1088,3.1003,3.1615,3.5367,3.92,4.5515,5.853,6.8966,9.4941,11.4678,13,13,13,13,13,13,13,13,13,13,13,13,13,13,40
01_13_04_02_0311.bmp,0,4,2,13,2.9192,3.0621,16.7241,3.2782,4.4611,2.9903,3.0279,3.0727,3.0968,3.7173,4.2605,5.5453,7.1324,10.1011,11.9081,13,13,13,13,13,13,13,13,13,13,13,13,13,13,40
01_13_04_02_0313.bmp,0,4,2,13,2.8849,2.7848,15.0662,2.7342,4.6893,2.8738,2.9369,3.217,3.4748,3.9584,4.2841,5.6654,6.8326,9.7469,12.1053,13,13,13,13,13,13,13,13,13,13,13,13,13,13,40
01_13_04_02_0319.bmp,0,4,2,13,2.7414,2.8437,17.4217,3.2162,4.2893,2.7073,2.8305,3.004,3.4477,3.7773,4.09,5.7753,7.8128,9.3981,10.8007,13,13,13,13,13,13,13,13,13,13,13,13,13,13,13
01_13_04_02_0320.bmp,0,4,2,13,2.9634,3.0939,18.5163,3.0961,4.5334,2.9826,2.9569,3.2625,3.3065,4.0133,4.3263,5.6078,7.442,9.7348,11.8563,13,13,13,13,13,13,13,13,13,13,13,13,13,13,13
01_13_04_02_0321.bmp,0,4,2,13,3.1957,3.3862,18.4283,3.7282,4.9493,3.2355,3.4201,3.436,3.6501,4.2486,4.8537,6.1521,7.5548,10.1891,11.4605,13,13,13,13,13,13,13,13,13,13,13,13,13,40,40
01_13_04_02_0322.bmp,0,4,2,13,3.4515,3.5599,18.6814,3.9248,5.1914,3.4656,3.6594,3.7142,3.7938,4.2156,4.6241,6.4497,7.4313,9.6731,12.0632,13,13,13,13,13,13,13,13,13,13,13,13,13,40,13
01_13_04_02_0324.bmp,0,4,2,13,3.0514,3.1478,15.9734,3.3492,5.6773,3.0767,3.2627,3.2916,3.4435,4.0656,4.9223,5.885,7.2943,10.0558,11.35,13,13,13,13,13,13,13,13,13,13,13,13,13,13,40
01_13_04_02_0329.bmp,0,4,2,13,3.3931,3.5207,15.3563,2.9811,5.397,3.4056,3.4681,3.4613,3.6355,4.2489,4.842,5.9238,7.2223,9.5826,11.4049,13,13,13,13,13,13,13,13,13,13,13,13,13,13,40
01_13_04_02_0332.bmp,0,4,2,13,2.9605,2.8193,16.2933,2.8005,5.2579,2.9694,3.0105,3.2435,3.4925,3.7899,4.7592,5.7673,7.1459,9.6241,12.6049,13,13,13,13,13,13,13,13,13,13,13,13,13,40,40
01_13_04_02_0334.bmp,0,4,2,13,3.1717,3.5743,16.5807,3.3794,5.7751,3.1867,3.2636,3.3662,3.7383,4.1887,4.6355,6.2606,7.1559,9.7415,12.6988,13,13,13,13,13,13,13,13,13,13,13,13,13,40,40
01_13_04_02_0335.bmp,0,4,2,13,3.6878,4.0408,15.4687,3.6459,6.3311,3.6431,3.7585,3.9009,4.0023,4.6014,4.6403,6.2518,7.1395,9.6899,12.5711,13,13,13,13,13,13,13,13,13,13,13,13,13,13,40
01_13_04_02_0337.bmp,0,4,2,13,4.4466,5.196,19.4878,4.3016,6.2326,4.4625,4.5376,4.5396,4.6977,5.1284,5.3574,6.9684,7.334,10.4909,11.9879,13,13,13,13,13,13,13,13,13,13,13,13,13,13,40
01_13_04_02_0338.bmp,0,4,2,13,4.5008,5.0228,18.3045,4.2392,6.5613,4.5449,4.6017,4.7645,4.7754,5.2122,5.8461,6.3701,7.7114,10.3466,12.2201,13,13,13,13,13,13,13,13,13,13,13,13,13,13,13
01_13_04_02_0341.bmp,0,4,2,13,5.4759,5.9732,18.8731,6.5636,8.5464,5.3609,5.4292,5.6218,5.8746,5.8074,6.6037,7.2664,8.3913,10.9127,13.3045,13,13,13,13,13,13,13,13,13,13,13,13,13,13,40
01_13_04_02_0344.bmp,0,4,2,13,6.0714,6.6969,17.2045,7.0046,9.6396,6.1479,6.2082,6.2923,6.2312,6.7939,6.7262,7.54,9.3408,11.7232,13.0502,13,13,13,13,13,13,13,13,13,13,13,13,13,13,13
01_13_04_02_0345.bmp,0,4,2,13,6.3108,6.9275,16.3186,6.5674,8.9769,6.4041,6.3319,6.3658,6.5068,6.6229,6.8909,8.5568,8.9923,10.729,13.7913,13,13,13,13,13,13,13,13,13,13,13,13,13,40,13
01_13_04_02_0352.bmp,0,4,2,13,4.1358,5.4189,12.022,1.5317,5.5429,4.1981,4.269,4.1139,4.6632,5.4285,5.9232,7.7474,9.2034,12.5822,13.6861,13,13,13,8,2,13,13,13,13,13,13,13,13,40,13
01_13_04_02_0353.bmp,0,4,2,13,3.645,4.9726,13.9456,0.3919,3.7927,3.6517,3.8495,3.9451,3.8862,4.3124,5.0048,6.1882,7.2846,9.5133,12.5294,13,13,13,13,13,13,13,13,13,13,13,13,13,13,13
01_13_04_02_0354.bmp,0,4,2,13,3.6348,5.1787,12.2331,0.0588,4.2207,3.6905,3.6588,3.9303,3.9129,4.4793,5.1511,6.2526,7.4,9.1496,11.4062,13,13,13,13,2,13,13,13,13,13,13,13,13,13,13
01_13_04_02_0357.bmp,0,4,2,13,1.5037,2.35,9.9031,0.0,2.1349,1.58,1.7046,1.9955,2.5599,2.7368,3.4917,4.7277,5.9439,7.6085,9.5135,15,13,21,13,15,15,4,4,4,4,13,13,13,13,13
01_13_04_02_0360.bmp,0,4,2,13,1.3832,2.0075,8.1913,0.0,1.9805,1.3912,1.6158,1.9643,2.1905,2.7387,3.374,4.6804,5.822,7.6566,9.6433,13,13,30,13,13,13,13,13,13,13,13,13,13,13,13
01_13_04_02_0361.bmp,0,4,2,13,1.2961,1.9373,7.6884,0.0,1.8646,1.4184,1.4992,1.7039,2.0861,2.6647,3.6138,4.4556,5.9344,7.8982,9.3701,15,13,8,13,15,15,15,8,8,13,13,13,13,13,40
01_13_04_02_0364.bmp,0,4,2,13,0.9021,1.2339,6.2069,0.0,1.8092,1.0616,1.3273,1.5692,1.8654,2.8269,3.2784,4.8027,5.8332,7.8506,9.0235,13,13,30,13,13,13,13,13,13,13,13,13,13,13,13
01_13_04_02_0366.bmp,0,4,2,13,1.3717,1.3323,6.9507,0.0,1.9816,1.4329,1.6022,1.8583,2.1726,2.858,3.5469,4.7282,5.7721,7.9822,9.7655,13,13,7,13,13,13,13,13,13,13,13,13,13,13,13
01_13_04_02_0369.bmp,0,4,2,13,1.1763,1.1469,7.1333,0.0,2.2033,1.2304,1.3607,1.8435,2.059,2.8503,3.4592,4.8024,6.1197,8.0266,9.9439,13,13,30,13,13,13,13,13,13,13,13,13,13,13,13
01_13_04_02_0370.bmp,0,4,2,13,1.0743,1.0427,6.6859,0.0,2.2558,1.1513,1.4151,1.7019,1.9989,2.7092,3.4881,4.5338,5.8419,7.7871,9.8849,13,13,8,13,13,13,13,13,13,13,13,13,13,13,13
01_13_04_02_0377.bmp,0,4,2,13,1.116,2.459,4.2002,0.0,2.6695,1.167,1.4686,1.6352,2.0648,2.7142,3.2863,4.5633,5.2289,6.7318,8.7222,13,13,7,13,13,13,13,13,13,13,13,13,13,13,13
01_13_04_02_0379.bmp,0,4,2,13,1.0687,2.152,2.6865,0.0,1.946,1.174,1.3644,1.6472,2.0195,2.5304,3.2882,4.4661,5.6406,7.8675,8.8685,13,13,13,13,13,13,13,13,13,13,13,13,13,13,13
01_13_04_02_0381.bmp,0,4,2,13,1.002,2.1848,3.8119,0.0,2.5927,1.1972,1.4976,2.1614,2.4879,3.4675,4.304,6.185,7.285,10.484,12.3069,13,13,13,13,13,13,13,13,13,13,13,13,13,13,40
01_13_04_02_0385.bmp,0,4,2,13,0.8556,1.5039,3.2929,0.0,1.5909,0.9847,1.2681,1.4976,1.8443,2.4027,2.8154,3.9393,4.4634,6.4977,8.0747,8,8,8,7,8,8,8,8,8,8,8,8,8,40,40
01_13_04_02_0392.bmp,0,4,2,13,2.3515,3.3569,15.1845,0.0,2.8913,2.269,2.5024,2.4652,2.5731,2.7369,3.2125,4.4104,3.6996,5.709,5.8366,13,13,42,13,13,13,13,13,13,13,13,13,13,13,33
01_13_04_02_0393.bmp,0,4,2,13,2.4673,3.3379,15.6489,0.0,2.9188,2.5433,2.4657,2.5109,2.5439,3.3185,3.3574,3.6043,4.2192,5.1838,6.1716,13,13,42,13,13,13,13,13,13,13,13,13,13,13,13
01_13_04_02_0403.bmp,0,4,2,13,2.7143,3.1392,15.9191,1.2229,3.6854,2.6099,2.6452,2.8464,2.8971,3.0894,2.8401,4.13,4.3074,5.2421,5.62,13,13,42,13,13,13,13,13,13,13,13,13,13,13,12
01_13_04_02_0410.bmp,0,4,2,13,2.6006,3.19,12.9011,0.3375,3.4136,2.5733,2.7485,2.9496,2.6091,3.0022,2.8675,3.1496,4.0774,5.1954,4.9354,32,13,42,13,13,32,13,32,13,13,13,13,12,13,7
01_13_04_02_0428.bmp,0,4,2,13,1.3267,1.5348,11.3985,0.0,2.0004,1.4118,1.3423,1.5554,1.8688,2.4672,2.5514,2.9664,3.2607,4.9019,6.1032,13,13,13,13,13,13,13,13,13,13,13,13,13,13,13
01_13_04_02_0431.bmp,0,4,2,13,1.5987,2.2634,16.282,0.0,1.8535,1.7353,1.8195,1.952,1.767,2.602,2.987,3.6964,4.3785,4.5747,7.6283,13,13,13,13,13,13,13,13,13,13,13,13,13,12,13
01_13_04_02_0433.bmp,0,4,2,13,1.6756,2.099,16.8559,0.0,2.1085,1.7127,1.7133,1.8568,2.23,2.1173,2.7788,4.0873,4.935,5.3524,6.813,13,13,13,13,13,13,13,13,13,13,13,13,13,40,9
01_13_04_02_0442.bmp,0,4,2,13,1.5412,2.309,13.6983,0.0,1.9653,1.6796,1.7233,1.9208,2.2091,2.5746,2.6538,3.6474,4.1999,6.6381,6.8849,13,13,13,13,13,13,13,13,13,13,13,13,13,13,13
01_13_04_02_0457.bmp,0,4,2,13,1.3864,1.8369,17.0787,0.0,3.0461,1.4524,1.803,2.0061,2.0555,2.8354,3.4816,4.62,5.4926,7.0754,8.3854,13,13,13,13,13,13,13,13,13,13,13,13,13,23,40
01_13_04_02_0459.bmp,0,4,2,13,2.0399,1.8872,18.5587,0.7222,2.0527,2.0622,2.056,2.0241,2.4224,2.9828,4.373,5.2408,6.0835,7.1702,9.7909,13,13,13,13,13,13,13,13,13,13,13,13,13,13,40
01_13_04_02_0463.bmp,0,4,2,13,1.5666,1.4527,17.6651,1.0292,4.6342,1.7683,1.855,2.2759,2.1441,3.0097,3.8647,4.7068,6.2055,8.3867,10.0164,13,13,13,13,13,13,13,13,13,13,13,13,13,13,13
01_13_04_02_0464.bmp,0,4,2,13,1.4558,1.3245,16.8646,0.8106,2.0187,1.5464,1.7724,1.8625,2.3569,3.0016,3.8369,5.4087,6.5464,8.2722,8.9438,13,13,13,13,13,13,13,13,13,13,13,13,13,13,40
01_13_04_02_0467.bmp,0,4,2,13,1.3176,1.3726,14.3211,0.0,1.4529,1.297,1.4422,1.8369,2.3512,2.4986,3.5683,4.6733,5.5042,7.3487,9.6223,13,13,13,13,13,13,13,13,13,13,13,13,13,40,40
01_13_04_02_0468.bmp,0,4,2,13,1.3968,1.7823,13.7772,0.0,3.0408,1.513,1.682,1.9188,2.1913,2.6994,3.3743,4.3538,5.4413,7.1865,9.5984,13,13,13,13,13,13,13,13,13,13,13,13,13,40,13
01_13_04_02_0473.bmp,0,4,2,13,1.5318,1.7465,12.5891,0.0,1.6342,1.7125,1.7056,2.096,2.5736,3.407,4.3795,5.7241,6.6605,9.3625,10.8757,13,13,13,13,13,13,13,13,13,13,13,13,13,13,40
01_13_04_02_0479.bmp,0,4,2,13,1.0323,1.6901,7.9167,0.0,1.1922,1.1109,1.2904,1.7307,2.0305,2.6152,3.264,4.1852,5.3478,7.4531,9.261,13,13,13,13,13,13,13,13,13,13,13,13,13,13,13
01_13_04_02_0480.bmp,0,4,2,13,1.0265,1.2353,6.0049,0.0,1.1466,1.1411,1.3618,1.7684,1.8624,2.4386,3.2162,4.5035,5.2238,7.0462,8.5535,13,13,13,13,13,13,13,13,13,13,13,13,13,13,13
01_13_04_02_0482.bmp,0,4,2,13,0.8907,1.4866,5.3206,0.0,1.1231,1.0335,1.2928,1.5666,1.806,2.4011,3.3227,4.5053,5.4948,6.9444,8.7191,13,13,13,13,13,13,13,13,13,13,13,13,13,13,40
01_13_04_02_0493.bmp,0,4,2,13,0.9208,0.9496,6.3542,0.0,2.256,1.0584,1.4119,1.6404,1.9866,2.7931,3.337,5.0505,6.0133,8.9322,9.8279,13,13,13,13,13,13,13,13,13,13,13,13,13,13,40
01_13_04_02_0501.bmp,0,4,2,13,0.5802,0.5825,4.913,0.0,2.4335,0.8908,1.1663,1.6248,2.0188,2.8012,3.4147,4.4302,5.8052,8.0066,10.1635,13,13,13,13,13,13,13,13,13,13,13,13,13,13,13
01_13_04_02_0505.bmp,0,4,2,13,0.8643,0.8778,5.002,0.0,3.2806,0.9668,1.3045,1.7185,1.8605,2.6757,3.4493,4.9117,6.2047,8.4228,9.884,13,13,13,13,13,13,13,13,13,13,13,13,13,13,13
01_13_04_02_0506.bmp,0,4,2,13,0.8434,0.85,7.4839,0.6013,5.7002,0.9777,1.2569,1.6534,2.3105,3.0769,3.8505,4.6619,6.5858,8.9028,10.7388,13,13,13,13,7,13,13,13,13,13,13,13,13,13,13
01_13_04_02_0507.bmp,0,4,2,13,0.9659,1.0356,5.4987,0.0,4.0035,1.1666,1.4121,1.7191,1.8882,2.9312,4.0931,5.0048,6.2027,8.8195,10.4037,13,13,13,13,13,13,13,13,13,13,13,13,13,13,13
01_13_04_02_0508.bmp,0,4,2,13,0.6998,0.7031,3.1035,0.0,2.8656,0.7958,1.2157,1.443,1.8535,2.833,3.3567,4.4745,5.436,7.0484,8.7849,13,13,13,13,13,13,13,13,13,13,13,13,13,13,13
01_13_04_02_0509.bmp,0,4,2,13,0.8919,0.9463,6.7616,0.0,4.614,0.9707,1.3139,1.8111,1.9379,2.8135,3.6421,5.1101,6.289,8.3902,11.2454,13,13,13,13,13,13,13,13,13,13,13,13,13,13,13
01_13_04_02_0513.bmp,0,4,2,13,0.7223,0.725,6.159,0.6622,3.8332,0.953,1.2804,1.7895,2.2531,2.8921,3.6627,5.1682,6.7975,9.3437,11.3661,13,13,13,13,7,13,13,13,13,13,13,13,13,13,13
01_13_04_02_0518.bmp,0,4,2,13,1.6272,2.0965,17.1755,0.0,2.1392,1.7205,1.8049,1.6458,1.4973,2.0942,2.9541,3.4702,4.1583,5.4266,7.3799,32,32,42,13,32,32,32,32,32,13,13,13,7,40,23
01_13_04_02_0519.bmp,0,4,2,13,1.7763,2.3655,16.6949,0.0,2.2715,1.7333,1.5269,1.9665,1.9668,2.2695,2.5354,3.3892,3.755,5.6878,6.3774,32,32,42,13,32,32,32,32,32,13,13,13,13,23,7
01_13_04_02_0522.bmp,0,4,2,13,2.0607,2.9846,14.8732,0.0,2.9112,2.0196,2.2389,1.9255,2.2634,2.7008,2.8259,3.1521,3.5999,5.4361,6.3854,32,32,42,13,32,32,13,32,13,13,13,13,23,13,23
01_13_04_02_0528.bmp,0,4,2,13,1.7144,2.1496,16.0677,0.0,2.4294,1.71,1.9037,1.7663,2.1143,2.6405,2.8138,3.077,4.3306,5.0462,7.088,32,32,42,19,32,32,32,32,13,13,13,13,13,13,9
01_13_04_02_0531.bmp,0,4,2,13,2.1059,2.2278,12.4372,0.7547,2.4567,2.2259,2.2075,2.523,2.5985,3.472,3.4325,4.4627,4.7173,6.6528,8.0769,13,13,13,13,13,13,13,13,13,13,13,13,40,40,13
01_13_04_02_0533.bmp,0,4,2,13,1.9045,1.9549,11.9017,0.8619,2.5136,1.9445,2.0296,2.2633,2.0182,2.8774,2.9826,4.2684,5.9944,6.5762,8.5259,13,13,13,13,13,13,13,13,13,13,13,13,13,40,40
01_13_04_02_0534.bmp,0,4,2,13,1.8919,2.4213,18.0075,0.0,2.8751,1.8295,1.9316,2.0029,2.1173,2.339,2.7161,3.7218,3.7254,5.3463,7.0392,32,32,42,13,32,32,32,13,13,13,13,13,13,38,7
01_13_04_02_0543.bmp,0,4,2,13,1.5812,1.6222,12.4671,1.2228,5.1417,1.5924,1.8536,2.2286,2.0415,3.1199,3.3106,4.3806,5.2635,7.0524,7.9605,13,13,13,13,13,13,13,13,13,13,13,13,13,40,34
01_13_04_02_0544.bmp,0,4,2,13,1.7013,2.2428,16.2537,0.0,2.2769,1.7224,1.8257,1.8071,2.0413,2.5946,2.8642,3.6808,3.9041,5.0037,6.662,32,32,42,13,13,32,32,32,13,13,13,13,9,13,23
01_13_04_02_0546.bmp,0,4,2,13,1.7444,2.4931,19.0217,0.0,2.9152,1.7905,1.7086,1.8949,1.8749,2.3221,2.6537,3.4525,3.7381,5.1138,6.414,32,32,42,13,13,32,32,13,32,13,13,13,13,7,13
01_13_04_02_0547.bmp,0,4,2,13,1.184,1.1839,11.0403,1.0984,1.8694,1.2319,1.5041,1.6302,1.9544,2.3531,3.153,4.3818,5.4674,5.8916,8.5253,13,13,13,13,13,13,32,13,13,13,13,40,40,40,13
01_13_04_02_0548.bmp,0,4,2,13,1.8994,2.6394,16.1934,0.0,2.9278,1.9256,1.9006,2.0531,2.1545,2.339,2.2264,2.7383,4.073,5.8241,6.4676,32,32,42,13,32,32,32,32,13,13,13,13,13,13,13
01_13_04_02_0552.bmp,0,4,2,13,1.6871,2.4453,16.1718,0.0,4.098,1.5951,1.8261,1.9498,1.9938,2.3266,2.6042,2.9394,3.7939,4.8597,6.0233,13,13,42,13,13,13,13,13,13,13,13,13,13,33,13
01_13_04_02_0553.bmp,0,4,2,13,1.3879,1.4366,13.5686,0.8919,1.5512,1.559,1.6395,1.7591,2.0725,2.5347,3.2542,4.8882,5.625,8.0631,8.9904,13,13,13,13,13,13,13,13,13,13,13,13,40,40,40
01_13_04_02_0558.bmp,0,4,2,13,1.6053,2.0217,15.6889,0.0,4.1927,1.6613,1.712,1.841,1.898,2.6973,2.6272,3.7619,4.5081,5.3081,6.0404,13,13,42,13,15,32,13,13,13,13,13,13,13,13,34
01_13_04_02_0563.bmp,0,4,2,13,1.0998,1.0683,10.6801,0.6248,1.3103,1.1671,1.4408,1.6,2.1662,2.8863,3.5612,4.6798,5.3648,8.0856,9.2386,13,13,13,13,13,13,13,13,13,13,13,13,40,40,40
01_13_04_02_0564.bmp,0,4,2,13,2.1927,2.7901,15.0085,0.0,4.1101,2.3698,2.418,2.2764,2.529,2.3518,3.3145,3.7521,3.6251,4.2195,6.7773,13,13,42,23,13,13,13,13,13,13,13,13,13,13,23
01_13_04_02_0568.bmp,0,4,2,13,2.4113,2.8818,17.1452,0.0,3.2877,2.4457,2.3421,2.5497,2.49,2.7009,3.3651,4.1323,4.7522,5.3944,7.1147,13,13,42,13,13,32,13,13,32,13,13,13,13,40,40
01_13_04_02_0569.bmp,0,4,2,13,1.7003,1.8593,15.538,0.2955,2.4806,1.7538,1.8528,2.1037,2.2557,2.9399,3.5468,5.1362,5.829,8.4092,9.8912,13,13,13,13,15,13,13,13,13,13,13,13,40,40,40
01_13_04_02_0570.bmp,0,4,2,13,2.5073,3.476,15.4822,0.0,3.2483,2.6156,2.6545,2.6187,2.4489,2.8439,3.4694,4.0787,4.7267,5.8804,7.5738,32,32,13,13,32,32,32,13,32,13,13,13,13,23,13
01_13_04_02_0571.bmp,0,4,2,13,1.697,1.8046,15.0434,0.325,2.735,1.8633,1.8536,2.199,2.3427,3.4187,3.5826,5.5742,6.0309,8.0525,10.076,13,13,13,13,15,13,13,13,13,13,13,13,13,13,40
01_13_04_02_0573.bmp,0,4,2,13,2.429,3.0055,14.1417,0.3919,3.1489,2.33,2.5094,2.8481,2.9535,3.4136,3.9731,5.1278,6.683,8.5746,9.5783,15,13,13,13,15,13,13,13,13,13,13,13,40,40,23
01_13_04_02_0574.bmp,0,4,2,13,1.6381,2.282,16.6821,0.0,2.5438,1.7587,1.8586,1.7463,1.7353,2.3901,3.0893,2.8059,4.6885,5.6782,7.3541,32,32,13,20,32,32,32,32,13,13,13,13,13,23,9
01_13_04_02_0580.bmp,0,4,2,13,1.5922,2.6,11.8103,0.0,2.6215,1.681,1.7587,1.7609,2.0058,2.3399,3.2818,3.4643,4.6481,5.5027,7.3735,13,13,13,13,13,13,13,13,13,13,13,13,13,40,40
01_13_04_02_0583.bmp,0,4,2,13,1.964,2.5494,18.8944,0.463,4.3945,1.9914,2.1437,2.4722,2.7541,3.509,4.1482,5.2078,6.7495,8.7827,9.6396,15,13,13,13,15,15,15,15,13,13,13,13,4,40,40
01_13_04_02_0587.bmp,0,4,2,13,1.5031,1.5132,16.3447,0.0,3.7001,1.7436,1.794,1.8099,2.1029,3.0878,3.8643,5.0062,6.1164,8.3109,8.8611,15,13,25,13,15,15,13,13,13,13,13,13,13,40,40
01_13_04_02_0599.bmp,0,4,2,13,1.3277,1.3645,15.0313,0.0,1.4432,1.3999,1.3891,1.6868,1.958,2.7847,3.4335,5.2062,5.9654,7.9552,9.0911,13,13,13,13,13,13,13,13,13,13,13,13,13,13,40
01_13_04_02_0601.bmp,0,4,2,13,1.2586,1.3459,13.782,0.0,1.4466,1.3387,1.4046,2.0895,2.2156,2.9405,3.8952,5.3516,6.285,8.7227,10.1776,13,13,13,13,13,13,13,13,13,13,13,13,13,13,13
01_13_04_02_0602.bmp,0,4,2,13,1.165,1.1339,14.5292,0.0,1.2524,1.1958,1.4176,1.7411,2.3018,2.9168,3.3128,5.0175,6.4559,8.5552,10.8869,13,13,13,13,13,13,13,13,13,13,13,13,13,40,40
01_13_04_02_0606.bmp,0,4,2,13,0.9764,1.0333,11.7197,0.196,1.2214,1.1454,1.3948,1.7052,2.2149,3.0285,3.7999,4.8868,6.3156,8.5647,11.2539,13,13,13,13,13,13,13,13,13,13,13,13,13,13,13
01_13_04_02_0618.bmp,0,4,2,13,0.9832,0.9836,6.3853,0.5617,7.6023,0.9952,1.3414,1.5465,1.7378,2.7113,3.9212,5.302,6.589,9.2076,11.5702,13,13,13,13,13,13,13,13,13,13,13,13,13,13,40
01_13_04_02_0619.bmp,0,4,2,13,1.1846,1.1409,8.2568,0.6894,5.8644,1.19,1.5179,1.7533,2.2058,2.791,3.5836,5.3107,6.7388,8.6651,11.4752,13,13,13,13,13,13,13,13,13,13,13,13,13,13,40
01_13_04_02_0623.bmp,0,4,2,13,1.0465,1.0333,8.8916,0.4705,5.5609,0.9964,1.2624,1.6005,1.8547,2.7064,3.4166,5.0628,6.4742,9.3505,11.0589,13,13,13,13,7,13,13,13,13,13,13,13,13,13,13
