{
  "CompactCNN": {
    "baseline": {
      "clean": {
        "top1_acc": 0.9391923990498813,
        "macro_f1": 0.9032314414086614,
        "n_samples": 12630
      },
      "lowlight": {
        "top1_acc": 0.5411718131433095,
        "macro_f1": 0.5709725305946965,
        "n_samples": 12630
      },
      "foggy": {
        "top1_acc": 0.6726840855106888,
        "macro_f1": 0.6061854822277849,
        "n_samples": 12630
      },
      "lowcontrast": {
        "top1_acc": 0.6649247822644497,
        "macro_f1": 0.5959683882477589,
        "n_samples": 12630
      },
      "noisy": {
        "top1_acc": 0.6867775138558987,
        "macro_f1": 0.6763422588390506,
        "n_samples": 12630
      },
      "mixed": {
        "top1_acc": 0.5870942201108472,
        "macro_f1": 0.5561157177038878,
        "n_samples": 12630
      }
    },
    "va_adaptive": {
      "clean": {
        "top1_acc": 0.9166270783847981,
        "macro_f1": 0.8679223887870486,
        "n_samples": 12630
      },
      "lowlight": {
        "top1_acc": 0.7524148851939826,
        "macro_f1": 0.7369135640646142,
        "n_samples": 12630
      },
      "foggy": {
        "top1_acc": 0.7302454473475851,
        "macro_f1": 0.6707811757153662,
        "n_samples": 12630
      },
      "lowcontrast": {
        "top1_acc": 0.6509897070467142,
        "macro_f1": 0.5866729590254507,
        "n_samples": 12630
      },
      "noisy": {
        "top1_acc": 0.6735550277117973,
        "macro_f1": 0.6678978939133668,
        "n_samples": 12630
      },
      "mixed": {
        "top1_acc": 0.6347585114806017,
        "macro_f1": 0.5999735125779975,
        "n_samples": 12630
      }
    }
  },
  "ShuffleNetV2": {
    "baseline": {
      "clean": {
        "top1_acc": 0.8737133808392715,
        "macro_f1": 0.8285324500796687,
        "n_samples": 12630
      },
      "lowlight": {
        "top1_acc": 0.47933491686460805,
        "macro_f1": 0.438473409495769,
        "n_samples": 12630
      },
      "foggy": {
        "top1_acc": 0.44243863816310375,
        "macro_f1": 0.35140754476398767,
        "n_samples": 12630
      },
      "lowcontrast": {
        "top1_acc": 0.5768804433887569,
        "macro_f1": 0.5088244656238268,
        "n_samples": 12630
      },
      "noisy": {
        "top1_acc": 0.5842438638163103,
        "macro_f1": 0.580459656224455,
        "n_samples": 12630
      },
      "mixed": {
        "top1_acc": 0.49572446555819477,
        "macro_f1": 0.45990951482209164,
        "n_samples": 12630
      }
    },
    "va_adaptive": {
      "clean": {
        "top1_acc": 0.8493269992082344,
        "macro_f1": 0.8033322137657879,
        "n_samples": 12630
      },
      "lowlight": {
        "top1_acc": 0.6505938242280285,
        "macro_f1": 0.606476213539582,
        "n_samples": 12630
      },
      "foggy": {
        "top1_acc": 0.5311163895486936,
        "macro_f1": 0.44241447324225175,
        "n_samples": 12630
      },
      "lowcontrast": {
        "top1_acc": 0.5417260490894695,
        "macro_f1": 0.4730084569190403,
        "n_samples": 12630
      },
      "noisy": {
        "top1_acc": 0.5847980997624703,
        "macro_f1": 0.5770628588282278,
        "n_samples": 12630
      },
      "mixed": {
        "top1_acc": 0.5512272367379256,
        "macro_f1": 0.5137393512730158,
        "n_samples": 12630
      }
    }
  },
  "MobileNetV2": {
    "baseline": {
      "clean": {
        "top1_acc": 0.8336500395882819,
        "macro_f1": 0.8015375576414532,
        "n_samples": 12630
      },
      "lowlight": {
        "top1_acc": 0.46310372129849564,
        "macro_f1": 0.43813059774406593,
        "n_samples": 12630
      },
      "foggy": {
        "top1_acc": 0.5152019002375297,
        "macro_f1": 0.44339448689950367,
        "n_samples": 12630
      },
      "lowcontrast": {
        "top1_acc": 0.5348376880443388,
        "macro_f1": 0.45603725044116655,
        "n_samples": 12630
      },
      "noisy": {
        "top1_acc": 0.6477434679334917,
        "macro_f1": 0.6286668588240742,
        "n_samples": 12630
      },
      "mixed": {
        "top1_acc": 0.49564528899445764,
        "macro_f1": 0.4598183587769608,
        "n_samples": 12630
      }
    },
    "va_adaptive": {
      "clean": {
        "top1_acc": 0.8062549485352336,
        "macro_f1": 0.7685350059428472,
        "n_samples": 12630
      },
      "lowlight": {
        "top1_acc": 0.6212984956452889,
        "macro_f1": 0.5986595456795872,
        "n_samples": 12630
      },
      "foggy": {
        "top1_acc": 0.5720506730007918,
        "macro_f1": 0.5041225347073474,
        "n_samples": 12630
      },
      "lowcontrast": {
        "top1_acc": 0.5015835312747426,
        "macro_f1": 0.42385187358037346,
        "n_samples": 12630
      },
      "noisy": {
        "top1_acc": 0.6365795724465558,
        "macro_f1": 0.6095080460894362,
        "n_samples": 12630
      },
      "mixed": {
        "top1_acc": 0.5464766429136976,
        "macro_f1": 0.501537778441031,
        "n_samples": 12630
      }
    }
  }
}