{
  "baseline": {
    "clean": {
      "top1_acc": 0.9391923990498813,
      "macro_f1": 0.9032314414086614,
      "n_samples": 12630,
      "total_time_s": 168.94977140426636,
      "time_per_img_ms": 13.376862343964083
    },
    "lowlight": {
      "top1_acc": 0.5411718131433095,
      "macro_f1": 0.5709725305946965,
      "n_samples": 12630,
      "total_time_s": 142.27144813537598,
      "time_per_img_ms": 11.264564381264924
    },
    "foggy": {
      "top1_acc": 0.6726840855106888,
      "macro_f1": 0.6061854822277849,
      "n_samples": 12630,
      "total_time_s": 138.92934203147888,
      "time_per_img_ms": 10.99994790431345
    },
    "lowcontrast": {
      "top1_acc": 0.6649247822644497,
      "macro_f1": 0.5959683882477589,
      "n_samples": 12630,
      "total_time_s": 139.32864093780518,
      "time_per_img_ms": 11.031563019620362
    },
    "noisy": {
      "top1_acc": 0.6867775138558987,
      "macro_f1": 0.6763422588390506,
      "n_samples": 12630,
      "total_time_s": 145.09014105796814,
      "time_per_img_ms": 11.48773880110595
    },
    "mixed": {
      "top1_acc": 0.5870942201108472,
      "macro_f1": 0.5561157177038878,
      "n_samples": 12630,
      "total_time_s": 140.53550386428833,
      "time_per_img_ms": 11.12711827904104
    }
  },
  "va_adaptive": {
    "clean": {
      "top1_acc": 0.9166270783847981,
      "macro_f1": 0.8679223887870486,
      "n_samples": 12630,
      "total_time_s": 19.21625566482544,
      "time_per_img_ms": 1.52147709143511
    },
    "lowlight": {
      "top1_acc": 0.7524148851939826,
      "macro_f1": 0.7369135640646142,
      "n_samples": 12630,
      "total_time_s": 20.74308705329895,
      "time_per_img_ms": 1.6423663541804394
    },
    "foggy": {
      "top1_acc": 0.7302454473475851,
      "macro_f1": 0.6707811757153662,
      "n_samples": 12630,
      "total_time_s": 20.67696213722229,
      "time_per_img_ms": 1.637130810548083
    },
    "lowcontrast": {
      "top1_acc": 0.6509897070467142,
      "macro_f1": 0.5866729590254507,
      "n_samples": 12630,
      "total_time_s": 21.17993474006653,
      "time_per_img_ms": 1.676954452895212
    },
    "noisy": {
      "top1_acc": 0.6735550277117973,
      "macro_f1": 0.6678978939133668,
      "n_samples": 12630,
      "total_time_s": 20.23402214050293,
      "time_per_img_ms": 1.602060343666107
    },
    "mixed": {
      "top1_acc": 0.6347585114806017,
      "macro_f1": 0.5999735125779975,
      "n_samples": 12630,
      "total_time_s": 20.74177622795105,
      "time_per_img_ms": 1.6422625675337332
    }
  },
  "zero_dce": {
    "clean": {
      "top1_acc": 0.8941409342834521,
      "macro_f1": 0.8596433045594006,
      "n_samples": 12630,
      "total_time_s": 925.2452070713043,
      "time_per_img_ms": 73.25773611015869
    },
    "lowlight": {
      "top1_acc": 0.7692794932699921,
      "macro_f1": 0.7562902390181542,
      "n_samples": 12630,
      "total_time_s": 1387.6179819107056,
      "time_per_img_ms": 109.86682358754597
    },
    "foggy": {
      "top1_acc": 0.4387173396674584,
      "macro_f1": 0.3555806513948852,
      "n_samples": 12630,
      "total_time_s": 1093.7054455280304,
      "time_per_img_ms": 86.59583891750043
    },
    "lowcontrast": {
      "top1_acc": 0.5014251781472684,
      "macro_f1": 0.36532061135293187,
      "n_samples": 12630,
      "total_time_s": 851.2549290657043,
      "time_per_img_ms": 67.39944014772006
    },
    "noisy": {
      "top1_acc": 0.6110847189231987,
      "macro_f1": 0.6095884114029738,
      "n_samples": 12630,
      "total_time_s": 811.0410249233246,
      "time_per_img_ms": 64.21544140327194
    },
    "mixed": {
      "top1_acc": 0.5155977830562154,
      "macro_f1": 0.4928741346161869,
      "n_samples": 12630,
      "total_time_s": 783.2947998046875,
      "time_per_img_ms": 62.01859064170131
    }
  },
  "ffa_net": {
    "clean": {
      "top1_acc": 0.9280285035629454,
      "macro_f1": 0.8914388705822084,
      "n_samples": 12630,
      "total_time_s": 2052.898124933243,
      "time_per_img_ms": 162.54141923461938
    },
    "lowlight": {
      "top1_acc": 0.5062549485352336,
      "macro_f1": 0.5202596322632754,
      "n_samples": 12630,
      "total_time_s": 2056.5978167057037,
      "time_per_img_ms": 162.83434811604937
    },
    "foggy": {
      "top1_acc": 0.9306413301662708,
      "macro_f1": 0.8949596283384804,
      "n_samples": 12630,
      "total_time_s": 2047.475337266922,
      "time_per_img_ms": 162.11206154132398
    },
    "lowcontrast": {
      "top1_acc": 0.7959619952494061,
      "macro_f1": 0.7646728632569505,
      "n_samples": 12630,
      "total_time_s": 2043.7301259040833,
      "time_per_img_ms": 161.81552857514515
    },
    "noisy": {
      "top1_acc": 0.6130641330166271,
      "macro_f1": 0.5963436008939428,
      "n_samples": 12630,
      "total_time_s": 2049.648189306259,
      "time_per_img_ms": 162.28410049930795
    },
    "mixed": {
      "top1_acc": 0.6528107680126682,
      "macro_f1": 0.6475310073513129,
      "n_samples": 12630,
      "total_time_s": 2088.135129928589,
      "time_per_img_ms": 165.3313642065391
    }
  }
}