{
  "baseline": {
    "clean": {
      "top1_acc": 0.9391923990498813,
      "macro_f1": 0.9032314414086614,
      "n_samples": 12630,
      "total_time_s": 15.182580709457397,
      "time_per_img_ms": 1.202104569236532
    },
    "lowlight": {
      "top1_acc": 0.5411718131433095,
      "macro_f1": 0.5709725305946965,
      "n_samples": 12630,
      "total_time_s": 15.199584007263184,
      "time_per_img_ms": 1.2034508319289932
    },
    "foggy": {
      "top1_acc": 0.6726840855106888,
      "macro_f1": 0.6061854822277849,
      "n_samples": 12630,
      "total_time_s": 32.8585467338562,
      "time_per_img_ms": 2.6016268197827555
    },
    "lowcontrast": {
      "top1_acc": 0.6649247822644497,
      "macro_f1": 0.5959683882477589,
      "n_samples": 12630,
      "total_time_s": 29.80233407020569,
      "time_per_img_ms": 2.3596464030249953
    },
    "noisy": {
      "top1_acc": 0.6867775138558987,
      "macro_f1": 0.6763422588390506,
      "n_samples": 12630,
      "total_time_s": 34.10234308242798,
      "time_per_img_ms": 2.700106340651463
    },
    "mixed": {
      "top1_acc": 0.5870942201108472,
      "macro_f1": 0.5561157177038878,
      "n_samples": 12630,
      "total_time_s": 33.93522357940674,
      "time_per_img_ms": 2.6868743926687837
    }
  },
  "fixed_clahe": {
    "clean": {
      "top1_acc": 0.7977830562153603,
      "macro_f1": 0.7667396142409462,
      "n_samples": 12630,
      "total_time_s": 30.460806846618652,
      "time_per_img_ms": 2.4117820147758238
    },
    "lowlight": {
      "top1_acc": 0.6061757719714964,
      "macro_f1": 0.5651660224977695,
      "n_samples": 12630,
      "total_time_s": 30.235793828964233,
      "time_per_img_ms": 2.3939662572418237
    },
    "foggy": {
      "top1_acc": 0.6884402216943785,
      "macro_f1": 0.6369201015559756,
      "n_samples": 12630,
      "total_time_s": 29.245240688323975,
      "time_per_img_ms": 2.3155376633669023
    },
    "lowcontrast": {
      "top1_acc": 0.7111638954869358,
      "macro_f1": 0.634807206939237,
      "n_samples": 12630,
      "total_time_s": 20.039326667785645,
      "time_per_img_ms": 1.5866450251611752
    },
    "noisy": {
      "top1_acc": 0.41781472684085513,
      "macro_f1": 0.4284581239019449,
      "n_samples": 12630,
      "total_time_s": 17.9946072101593,
      "time_per_img_ms": 1.4247511646998654
    },
    "mixed": {
      "top1_acc": 0.5134600158353128,
      "macro_f1": 0.4915740519356118,
      "n_samples": 12630,
      "total_time_s": 18.750685691833496,
      "time_per_img_ms": 1.4846148607944176
    }
  },
  "fixed_gamma": {
    "clean": {
      "top1_acc": 0.879255740300871,
      "macro_f1": 0.8105273197043894,
      "n_samples": 12630,
      "total_time_s": 14.981386423110962,
      "time_per_img_ms": 1.1861746970000762
    },
    "lowlight": {
      "top1_acc": 0.8038796516231196,
      "macro_f1": 0.7913614177283554,
      "n_samples": 12630,
      "total_time_s": 15.737831115722656,
      "time_per_img_ms": 1.2460673884182627
    },
    "foggy": {
      "top1_acc": 0.40918448139350755,
      "macro_f1": 0.2728910695188769,
      "n_samples": 12630,
      "total_time_s": 16.220070600509644,
      "time_per_img_ms": 1.284249453722062
    },
    "lowcontrast": {
      "top1_acc": 0.4327790973871734,
      "macro_f1": 0.2522349894253455,
      "n_samples": 12630,
      "total_time_s": 16.247275829315186,
      "time_per_img_ms": 1.2864034702545672
    },
    "noisy": {
      "top1_acc": 0.6216943784639747,
      "macro_f1": 0.6099861233009094,
      "n_samples": 12630,
      "total_time_s": 16.314910888671875,
      "time_per_img_ms": 1.2917585818425872
    },
    "mixed": {
      "top1_acc": 0.4916864608076009,
      "macro_f1": 0.4458116535074202,
      "n_samples": 12630,
      "total_time_s": 15.922889232635498,
      "time_per_img_ms": 1.260719654207086
    }
  },
  "va_adaptive": {
    "clean": {
      "top1_acc": 0.9166270783847981,
      "macro_f1": 0.8679223887870486,
      "n_samples": 12630,
      "total_time_s": 18.299434423446655,
      "time_per_img_ms": 1.4488863359815247
    },
    "lowlight": {
      "top1_acc": 0.7524148851939826,
      "macro_f1": 0.7369135640646142,
      "n_samples": 12630,
      "total_time_s": 20.163678646087646,
      "time_per_img_ms": 1.5964907874970424
    },
    "foggy": {
      "top1_acc": 0.7302454473475851,
      "macro_f1": 0.6707811757153662,
      "n_samples": 12630,
      "total_time_s": 20.552558660507202,
      "time_per_img_ms": 1.62728097074483
    },
    "lowcontrast": {
      "top1_acc": 0.6509897070467142,
      "macro_f1": 0.5866729590254507,
      "n_samples": 12630,
      "total_time_s": 20.866822957992554,
      "time_per_img_ms": 1.6521633379249845
    },
    "noisy": {
      "top1_acc": 0.6735550277117973,
      "macro_f1": 0.6678978939133668,
      "n_samples": 12630,
      "total_time_s": 20.453784704208374,
      "time_per_img_ms": 1.619460388298367
    },
    "mixed": {
      "top1_acc": 0.6347585114806017,
      "macro_f1": 0.5999735125779975,
      "n_samples": 12630,
      "total_time_s": 20.34980273246765,
      "time_per_img_ms": 1.6112274530853248
    }
  }
}